0.01,6.31E-07,7.20E-06,-6.87E-05,0.000123602,-7.67E-05,0.001337484,0.000105249,0.001200792,-0.011442486,0.020600265,-0.012787632,0.222913668,-2.42E-12,3.55E-13,2.13E-13,1.07E-13,1.07E-13,-3.55E-14,-2.42E-12,3.55E-13,2.13E-13,1.07E-13,1.07E-13,-3.55E-14,-2.42E-12,3.55E-13,2.13E-13,1.07E-13,1.07E-13,-3.55E-14
0.020000001,3.51E-06,0.000387617,-0.000932033,0.000222246,-0.000172496,0.003495636,0.000339082,0.047184121,-0.104817219,0.006957484,-0.008599347,0.2118029,0.958437145,0.052301034,0.167810127,-0.071590997,0.075961553,-0.925660253,0.958437145,0.052301034,0.167810127,-0.071590997,0.075961553,-0.925660253,0.958437145,0.052301034,0.167810127,-0.071590997,0.075961553,-0.925660253
0.030000001,9.54E-06,0.000968604,-0.002239148,0.000155265,-0.000203641,0.005171823,0.000673987,0.058690567,-0.133185461,-0.010281295,-0.00161208,0.154226676,1.838022232,-1.169005275,1.844531775,-0.076914236,0.136488289,-1.927835584,1.838022232,-1.169005275,1.844531775,-0.076914236,0.136488289,-1.927835584,1.838022232,-1.169005275,1.844531775,-0.076914236,0.136488289,-1.927835584
0.040000002,1.97E-05,0.001288539,-0.00312956,-7.17E-05,-0.000162861,0.006142037,0.00110155,0.022898151,-0.073502213,-0.025645217,0.00547402,0.082420327,2.634818554,-2.520276308,3.735367537,0.060618654,0.134170562,-2.092620134,2.634818554,-2.520276308,3.735367537,0.060618654,0.134170562,-2.092620134,2.634818554,-2.520276308,3.735367537,0.060618654,0.134170562,-2.092620134
0.050000002,3.47E-05,0.001112776,-0.003146867,-0.000397907,-6.56E-05,0.006484809,0.001603204,-0.028036661,0.017016323,-0.033959389,0.010672374,0.023096781,3.338593245,-2.455988884,4.20803833,0.269491702,0.099169888,-1.747751355,3.338593245,-2.455988884,4.20803833,0.269491702,0.099169888,-1.747751355,3.338593245,-2.455988884,4.20803833,0.269491702,0.099169888,-1.747751355
0.060000003,5.51E-05,0.000649825,-0.002624768,-0.000733093,6.40E-05,0.006414028,0.002158438,-0.048895396,0.057693012,-0.032924082,0.013406728,-0.013413125,3.945034266,-0.873280048,3.078546524,0.476391464,0.058614049,-1.22050786,3.945034266,-0.873280048,3.078546524,0.476391464,0.058614049,-1.22050786,3.945034266,-0.873280048,3.078546524,0.476391464,0.058614049,-1.22050786
0.070000003,8.15E-05,0.000337733,-0.002312007,-0.00099391,0.000204883,0.006157252,0.002754175,-0.024446743,0.020641167,-0.02399897,0.014171613,-0.027654799,4.454892159,0.886084974,1.63200891,0.621566653,0.029738329,-0.73753047,4.454892159,0.886084974,1.63200891,0.621566653,0.029738329,-0.73753047,4.454892159,0.886084974,1.63200891,0.621566653,0.029738329,-0.73753047
0.080000004,0.000114048,0.00043512,-0.002649019,-0.00113555,0.00034529,0.005894917,0.003386974,0.018880477,-0.048270863,-0.011579678,0.013970446,-0.025102314,4.870164394,1.382090569,1.303674698,0.676224589,0.018384399,-0.408451408,4.870164394,1.382090569,1.303674698,0.676224589,0.018384399,-0.408451408,4.870164394,1.382090569,1.303674698,0.676224589,0.018384399,-0.408451408
0.090000004,0.00015326,0.000810313,-0.003392267,-0.001161824,0.000483144,0.005740198,0.004056628,0.040685829,-0.078153722,-0.000504918,0.013747134,-0.012639032,5.190668106,0.403739274,2.344274521,0.650221586,0.021467119,-0.255491495,5.190668106,0.403739274,2.344274521,0.650221586,0.021467119,-0.255491495,5.190668106,0.403739274,2.344274521,0.650221586,0.021467119,-0.255491495
0.100000005,0.000199423,0.001105251,-0.003901782,-0.001108895,0.000622665,0.005737307,0.004757687,0.024707846,-0.04060762,0.006517812,0.014032885,0.002883362,5.413756847,-0.945901215,3.694895983,0.581330657,0.031609263,-0.250113457,5.413756847,-0.945901215,3.694895983,0.581330657,0.031609263,-0.250113457,5.413756847,-0.945901215,3.694895983,0.581330657,0.031609263,-0.250113457
0.110000005,0.000252746,0.001089885,-0.003768186,-0.001016106,0.000769744,0.005869629,0.005476577,-0.008689953,0.027901497,0.009791544,0.014905793,0.015624546,5.537395,-1.377563,4.079726696,0.510948539,0.041713938,-0.339116931,5.537395,-1.377563,4.079726696,0.510948539,0.041713938,-0.339116931,5.537395,-1.377563,4.079726696,0.510948539,0.041713938,-0.339116931
0.120000006,0.000315131,0.000876869,-0.003178115,-0.000888974,0.000941617,0.006087559,0.006444493,-0.023121605,0.06452778,0.013516722,0.017881991,0.023049684,8.709205627,-0.356352806,3.287330866,0.540670335,0.09964487,-0.436715782,8.709205627,-0.356352806,3.287330866,0.540670335,0.09964487,-0.436715782,8.709205627,-0.356352806,3.287330866,0.540670335,0.09964487,-0.436715782
0.130000006,0.000389545,0.000790591,-0.002691801,-0.000706656,0.001159554,0.006336289,0.007705055,-0.003189588,0.041490451,0.019535715,0.022866432,0.025062665,11.71472073,0.933517396,2.114694357,0.578427315,0.143684521,-0.520047128,11.71472073,0.933517396,2.114694357,0.578427315,0.143684521,-0.520047128,11.71472073,0.933517396,2.114694357,0.578427315,0.143684521,-0.520047128
0.140000007,0.000478757,0.001047928,-0.002690996,-0.000451072,0.00143736,0.006578954,0.009238749,0.033562638,-0.011343973,0.027131274,0.029060924,0.023939736,14.47112942,1.332374454,1.702923417,0.598232687,0.166418687,-0.564138293,14.47112942,1.332374454,1.702923417,0.598232687,0.166418687,-0.564138293,14.47112942,1.332374454,1.702923417,0.598232687,0.166418687,-0.564138293
0.150000007,0.000585326,0.00156967,-0.003042559,-0.000120949,0.001780664,0.006808283,0.011023683,0.055769105,-0.039286472,0.034448165,0.035659753,0.022707798,16.93218422,0.560334623,2.366971254,0.589654744,0.169071019,-0.568812728,16.93218422,0.560334623,2.366971254,0.589654744,0.169071019,-0.568812728,16.93218422,0.560334623,2.366971254,0.589654744,0.169071019,-0.568812728
0.160000008,0.000711537,0.002078913,-0.003268051,0.000269912,0.002188185,0.007037731,0.013031413,0.04811126,-0.015593029,0.04015344,0.042006373,0.023098651,19.06801987,-0.605087578,3.378145695,0.560043514,0.157089159,-0.552702129,19.06801987,-0.605087578,3.378145695,0.560043514,0.157089159,-0.552702129,19.06801987,-0.605087578,3.378145695,0.560043514,0.157089159,-0.552702129
0.170000008,0.000859333,0.002370589,-0.003017853,0.000705356,0.002653779,0.007281887,0.015225443,0.023788881,0.036241423,0.044319279,0.047659446,0.024803642,20.85914803,-1.132250667,3.731108904,0.524320483,0.137091428,-0.537183344,20.85914803,-1.132250667,3.731108904,0.524320483,0.137091428,-0.537183344,20.85914803,-1.132250667,3.731108904,0.524320483,0.137091428,-0.537183344
0.180000009,0.001030247,0.002489291,-0.002385813,0.001177475,0.003168928,0.00754306,0.017565183,0.009689403,0.068452999,0.047917873,0.052433226,0.026426397,22.29483604,-0.697363555,3.099158049,0.491892278,0.115075611,-0.532118499,22.29483604,-0.697363555,3.099158049,0.491892278,0.115075611,-0.532118499,22.29483604,-0.697363555,3.099158049,0.491892278,0.115075611,-0.532118499
0.190000009,0.001225434,0.002660707,-0.001789075,0.0016861,0.003725255,0.007813023,0.020012274,0.020354077,0.054998066,0.051608909,0.056393128,0.027082469,23.37289619,0.091718987,2.080367327,0.461714327,0.095319308,-0.533552587,23.37289619,0.091718987,2.080367327,0.461714327,0.095319308,-0.533552587,23.37289619,0.091718987,2.080367327,0.461714327,0.095319308,-0.533552587
0.200000009,0.001445703,0.00306198,-0.001561594,0.002229858,0.004316403,0.008084672,0.022533771,0.045649249,0.013556132,0.055049576,0.059769686,0.027168095,24.09642601,0.347725511,1.571537614,0.428073376,0.079805091,-0.532692909,24.09642601,0.347725511,1.571537614,0.428073376,0.079805091,-0.532692909,24.09642601,0.347725511,1.571537614,0.428073376,0.079805091,-0.532692909
0.21000001,0.001691553,0.003656894,-0.001660005,0.002798978,0.004938527,0.00836079,0.025100065,0.062265232,-0.014577205,0.057308398,0.062810116,0.027763767,24.4718132,-0.24577859,1.922255516,0.389739186,0.068322763,-0.526445031,24.4718132,-0.24577859,1.922255516,0.389739186,0.068322763,-0.526445031,24.4718132,-0.24577859,1.922255516,0.389739186,0.068322763,-0.526445031
0.22000001,0.001965649,0.004267044,-0.001764835,0.003394324,0.005602165,0.008658307,0.028007783,0.059671778,-0.00754009,0.060143873,0.067349277,0.03036378,28.6613121,-0.82420969,2.720814228,0.439420611,0.113005951,-0.494759709,28.6613121,-0.82420969,2.720814228,0.439420611,0.113005951,-0.494759709,28.6613121,-0.82420969,2.720814228,0.439420611,0.113005951,-0.494759709
0.230000011,0.00227189,0.004748963,-0.00160087,0.004027207,0.00632432,0.008994626,0.031297144,0.04481189,0.023394886,0.064134799,0.073511086,0.034516733,32.42534256,-1.041960359,3.179092884,0.486007482,0.149885118,-0.475153297,32.42534256,-1.041960359,3.179092884,0.486007482,0.149885118,-0.475153297,32.42534256,-1.041960359,3.179092884,0.486007482,0.149885118,-0.475153297
0.240000011,0.002613671,0.005115576,-0.001169876,0.004709844,0.007115661,0.00937389,0.034914453,0.035071604,0.047335364,0.069359817,0.080577672,0.038768783,35.66159058,-0.634743154,2.974043846,0.519021928,0.169959009,-0.47361809,35.66159058,-0.634743154,2.974043846,0.519021928,0.169959009,-0.47361809,35.66159058,-0.634743154,2.974043846,0.519021928,0.169959009,-0.47361809
0.250000012,0.002993807,0.005513452,-0.000714735,0.005452473,0.007979199,0.009788292,0.038801424,0.041888364,0.04349491,0.075530663,0.08780098,0.042048614,38.32177734,0.049779817,2.410433531,0.532264948,0.173261955,-0.484157115,38.32177734,0.049779817,2.410433531,0.532264948,0.173261955,-0.484157115,38.32177734,0.049779817,2.410433531,0.532264948,0.173261955,-0.484157115
0.260000012,0.003414534,0.006078593,-0.000467076,0.006257985,0.00891231,0.010227429,0.04290051,0.060690068,0.019195551,0.081799597,0.094669864,0.044325553,40.38519669,0.408341348,2.075118542,0.52343452,0.164572835,-0.496291637,40.38519669,0.408341348,2.075118542,0.52343452,0.164572835,-0.496291637,40.38519669,0.408341348,2.075118542,0.52343452,0.164572835,-0.496291637
0.270000013,0.003877513,0.006813698,-0.000430103,0.007118915,0.009909496,0.010686534,0.047155458,0.076393969,0.000387458,0.087106749,0.100949399,0.046294238,41.84627151,0.152773276,2.268504381,0.496337295,0.149498105,-0.5036937,41.84627151,0.152773276,2.268504381,0.496337295,0.149498105,-0.5036937,41.84627151,0.152773276,2.268504381,0.496337295,0.149498105,-0.5036937
0.280000013,0.004383856,0.007597364,-0.000393505,0.008020479,0.010964349,0.011167245,0.051509347,0.078062437,0.005853837,0.09083686,0.106589071,0.048529215,42.70926285,-0.453467637,2.753756046,0.46049577,0.132333025,-0.507270992,42.70926285,-0.453467637,2.753756046,0.46049577,0.132333025,-0.507270992,42.70926285,-0.453467637,2.753756046,0.46049577,0.132333025,-0.507270992
0.290000014,0.004934082,0.008305057,-0.000145979,0.008948255,0.01207076,0.011671709,0.055903398,0.068440765,0.030321382,0.093192741,0.111621507,0.050931852,42.98550415,-0.882307231,3.025399923,0.426461041,0.115648173,-0.5116027,42.98550415,-0.882307231,3.025399923,0.426461041,0.115648173,-0.5116027,42.98550415,-0.882307231,3.025399923,0.426461041,0.115648173,-0.5116027
0.300000014,0.005528131,0.008920862,0.000328196,0.00989427,0.013223097,0.012197183,0.060278628,0.060073156,0.051260505,0.094933435,0.116108887,0.052925169,42.6949501,-0.843082726,2.80317235,0.399857938,0.100552313,-0.518917978,42.6949501,-0.843082726,2.80317235,0.399857938,0.100552313,-0.518917978,42.6949501,-0.843082726,2.80317235,0.399857938,0.100552313,-0.518917978
0.310000015,0.00616538,0.009538098,0.000848629,0.010857839,0.01441662,0.012736278,0.064579226,0.062775865,0.051023301,0.096720368,0.120140456,0.054107685,41.86442184,-0.520340919,2.275661469,0.379411578,0.087446615,-0.526780427,41.86442184,-0.520340919,2.275661469,0.379411578,0.087446615,-0.526780427,41.86442184,-0.520340919,2.275661469,0.379411578,0.087446615,-0.526780427
0.320000015,0.006847167,0.010297253,0.001169739,0.011853028,0.015658636,0.01328765,0.069094732,0.079942159,0.026146863,0.100325577,0.125290543,0.055412572,44.8419342,0.068788677,1.852309227,0.426749617,0.123090938,-0.508842707,44.8419342,0.068788677,1.852309227,0.426749617,0.123090938,-0.508842707,44.8419342,0.068788677,1.852309227,0.426749617,0.123090938,-0.508842707
0.330000016,0.007576132,0.011253252,0.001209257,0.012896169,0.016962845,0.013858812,0.073858052,0.099478759,-0.001459359,0.105376743,0.131766498,0.057598375,47.25236511,0.113341302,1.943990827,0.460829854,0.152384162,-0.489229739,47.25236511,0.113341302,1.943990827,0.460829854,0.152384162,-0.489229739,47.25236511,0.113341302,1.943990827,0.460829854,0.152384162,-0.489229739
0.340000016,0.008354271,0.012316807,0.001137828,0.013992209,0.01833852,0.014461236,0.07880947,0.107355736,-0.007233839,0.110657625,0.139052749,0.060965918,49.01071548,-0.329943806,2.474524498,0.472650021,0.167376116,-0.4748981,49.01071548,-0.329943806,2.474524498,0.472650021,0.167376116,-0.4748981,49.01071548,-0.329943806,2.474524498,0.472650021,0.167376116,-0.4748981
0.350000017,0.009182924,0.013348772,0.001210863,0.015136827,0.019788701,0.015103625,0.08388301,0.101478003,0.012179992,0.115378335,0.146507755,0.065091863,50.09004211,-0.776191175,2.954778194,0.465934038,0.167357713,-0.471747041,50.09004211,-0.776191175,2.954778194,0.465934038,0.167357713,-0.471747041,50.09004211,-0.776191175,2.954778194,0.465934038,0.167357713,-0.471747041
0.360000017,0.010062749,0.014292105,0.001534013,0.016323645,0.021310706,0.015786005,0.089009568,0.092526779,0.037401199,0.119481482,0.153588086,0.069003187,50.49128723,-0.810384333,2.963195324,0.449039698,0.155902341,-0.480764449,50.49128723,-0.810384333,2.963195324,0.449039698,0.155902341,-0.480764449,50.49128723,-0.810384333,2.963195324,0.449039698,0.155902341,-0.480764449
0.370000018,0.010993743,0.015215619,0.001984268,0.017548818,0.022897977,0.016499413,0.094121113,0.092898466,0.045872126,0.123262033,0.159980625,0.071860872,50.23225784,-0.468434513,2.526893616,0.427417547,0.138204157,-0.496736974,50.23225784,-0.468434513,2.526893616,0.427417547,0.138204157,-0.496736974,50.23225784,-0.468434513,2.526893616,0.427417547,0.138204157,-0.496736974
0.380000018,0.011975253,0.016236883,0.002345934,0.018809933,0.024543364,0.017232014,0.099154301,0.105016842,0.032649532,0.12681374,0.165630966,0.073556595,49.34117126,-0.162632734,2.058945179,0.401917249,0.119092673,-0.511339188,49.34117126,-0.162632734,2.058945179,0.401917249,0.119092673,-0.511339188,49.34117126,-0.162632734,2.058945179,0.401917249,0.119092673,-0.511339188
0.390000019,0.013006026,0.017405611,0.002517699,0.020102579,0.02624001,0.017976774,0.104051642,0.119860932,0.013189462,0.12985833,0.17064862,0.074692525,47.85509872,-0.263411492,1.947514892,0.372179955,0.101181366,-0.518823147,47.85509872,-0.263411492,1.947514892,0.372179955,0.101181366,-0.518823147,47.85509872,-0.263411492,1.947514892,0.372179955,0.101181366,-0.518823147
0.400000019,0.014084274,0.018659215,0.002594195,0.021418948,0.027983148,0.018733991,0.1087602,0.126198679,0.00713033,0.132036492,0.175195098,0.075987875,45.81698227,-0.753368735,2.20526123,0.339978546,0.085632108,-0.519661903,45.81698227,-0.753368735,2.20526123,0.339978546,0.085632108,-0.519661903,45.81698227,-0.753368735,2.20526123,0.339978546,0.085632108,-0.519661903
0.410000019,0.015207732,0.019884866,0.002758554,0.022749741,0.029768664,0.019507242,0.11322993,0.121075787,0.019710088,0.133300677,0.179370984,0.077678263,43.27406693,-1.269590735,2.496143103,0.309295386,0.071792163,-0.51878798,43.27406693,-1.269590735,2.496143103,0.309295386,0.071792163,-0.51878798,43.27406693,-1.269590735,2.496143103,0.309295386,0.071792163,-0.51878798
0.42000002,0.016375888,0.021075647,0.003023095,0.024092693,0.031601146,0.020301117,0.117716163,0.118906036,0.027611103,0.134564251,0.184260041,0.079836987,44.12591934,-1.016944528,2.310865641,0.311947227,0.093082353,-0.504409492,44.12591934,-1.016944528,2.310865641,0.311947227,0.093082353,-0.504409492,44.12591934,-1.016944528,2.310865641,0.311947227,0.093082353,-0.504409492
0.43000002,0.01758926,0.02232812,0.003227345,0.025451738,0.033488944,0.021117939,0.122245938,0.127416536,0.017644381,0.13626112,0.189944163,0.082140267,44.48998642,-0.596313536,1.950366378,0.316711873,0.109618813,-0.495108604,44.48998642,-0.596313536,1.950366378,0.316711873,0.109618813,-0.495108604,44.48998642,-0.596313536,1.950366378,0.316711873,0.109618813,-0.495108604
0.440000021,0.018847931,0.023719352,0.003243237,0.026830155,0.035437062,0.021958245,0.126768276,0.142293692,-0.002835267,0.13825193,0.196046188,0.084504284,44.31602097,-0.421239287,1.797111392,0.317627788,0.116244011,-0.490547001,44.31602097,-0.421239287,1.797111392,0.317627788,0.116244011,-0.490547001,44.31602097,-0.421239287,1.797111392,0.317627788,0.116244011,-0.490547001
0.450000021,0.020151366,0.025232833,0.003104395,0.028227825,0.037446454,0.022823943,0.13123183,0.153311297,-0.016092166,0.140135646,0.202163979,0.087097943,43.59790421,-0.644722402,1.998508573,0.312422961,0.112852395,-0.489468396,43.59790421,-0.644722402,1.998508573,0.312422961,0.112852395,-0.489468396,43.59790421,-0.644722402,1.998508573,0.312422961,0.112852395,-0.489468396
0.460000022,0.02149855,0.02677862,0.002971373,0.029641408,0.039514735,0.023717536,0.135586008,0.154357612,-0.011636773,0.141642362,0.207973436,0.089937814,42.35731125,-1.051379681,2.347109079,0.302565157,0.101954021,-0.492372751,42.35731125,-1.051379681,2.347109079,0.302565157,0.101954021,-0.492372751,42.35731125,-1.051379681,2.347109079,0.302565157,0.101954021,-0.492372751
0.470000022,0.022887934,0.028279286,0.002979665,0.031067748,0.041637018,0.024638964,0.139781162,0.148710802,0.004429401,0.142863899,0.213262483,0.092682488,40.62558365,-1.29449904,2.5022645,0.291248918,0.086784624,-0.499977112,40.62558365,-1.29449904,2.5022645,0.291248918,0.086784624,-0.499977112,40.62558365,-1.29449904,2.5022645,0.291248918,0.086784624,-0.499977112
0.480000023,0.02431779,0.029736381,0.003121591,0.032506246,0.043807462,0.025583399,0.143770322,0.145159379,0.016246017,0.144114465,0.217948601,0.09484791,38.44367981,-1.227159619,2.317374229,0.279981673,0.07044968,-0.510903418,38.44367981,-1.227159619,2.317374229,0.279981673,0.07044968,-0.510903418,38.44367981,-1.227159619,2.317374229,0.279981673,0.07044968,-0.510903418
0.490000023,0.025785495,0.031218272,0.003268308,0.03395905,0.046020105,0.026543213,0.147510737,0.149387598,0.0134622,0.145592839,0.222067893,0.096224137,35.846035,-1.016640663,1.960446715,0.267659515,0.055056252,-0.521271944,35.846035,-1.016640663,1.960446715,0.267659515,0.055056252,-0.521271944,35.846035,-1.016640663,1.960446715,0.267659515,0.055056252,-0.521271944
0.500000024,0.027288366,0.032787178,0.003300063,0.03542747,0.048270181,0.027512385,0.150966987,0.158980504,0.000149309,0.147160694,0.225743234,0.097065397,32.89427567,-0.959010661,1.734832764,0.251703203,0.041792896,-0.52734381,32.89427567,-0.959010661,1.734832764,0.251703203,0.041792896,-0.52734381,32.89427567,-0.959010661,1.734832764,0.251703203,0.041792896,-0.52734381
0.510000024,0.028823305,0.034437511,0.003215513,0.036909599,0.050554827,0.028489364,0.154109448,0.166346401,-0.01031411,0.148462832,0.22911261,0.097869895,29.63399506,-1.190209627,1.790834904,0.231522009,0.030590832,-0.528370023,29.63399506,-1.190209627,1.790834904,0.231522009,0.030590832,-0.528370023,29.63399506,-1.190209627,1.790834904,0.231522009,0.030590832,-0.528370023
0.520000025,0.030388702,0.036170099,0.003011241,0.038393278,0.052875116,0.029477013,0.157146275,0.175140411,-0.023179686,0.148264855,0.232760683,0.099003941,29.09403419,-1.132717848,1.686836243,0.185873434,0.036941011,-0.518170953,29.09403419,-1.132717848,1.686836243,0.185873434,0.036941011,-0.518170953,29.09403419,-1.132717848,1.686836243,0.185873434,0.036941011,-0.518170953
0.530000025,0.031983882,0.03799269,0.002678289,0.039862175,0.055234507,0.030479444,0.16011028,0.184018239,-0.035749249,0.146472394,0.236751825,0.10057196,28.28403854,-1.184826255,1.69853723,0.1476226,0.041232958,-0.509415746,28.28403854,-1.184826255,1.69853723,0.1476226,0.041232958,-0.509415746,28.28403854,-1.184826255,1.69853723,0.1476226,0.041232958,-0.509415746
0.540000026,0.03360799,0.039878581,0.002267353,0.041304845,0.057635024,0.031500652,0.162973151,0.189526618,-0.042056784,0.143682018,0.24088794,0.102524243,27.17256165,-1.356510401,1.82334125,0.125299394,0.040595971,-0.504689574,27.17256165,-1.356510401,1.82334125,0.125299394,0.040595971,-0.504689574,27.17256165,-1.356510401,1.82334125,0.125299394,0.040595971,-0.504689574
0.550000026,0.035259634,0.041786049,0.001853151,0.042718071,0.060076311,0.032542899,0.165705457,0.190844506,-0.04088651,0.14070721,0.244926453,0.10464967,25.75954819,-1.537826777,1.946874738,0.120260552,0.034730189,-0.505143404,25.75954819,-1.537826777,1.946874738,0.120260552,0.034730189,-0.505143404,25.75954819,-1.537826777,1.946874738,0.120260552,0.034730189,-0.505143404
0.560000027,0.036937386,0.043691728,0.00147569,0.044105429,0.062555626,0.033605292,0.168279216,0.190462917,-0.036876984,0.138280943,0.248668,0.106633291,24.07243729,-1.617946386,1.957495928,0.127766311,0.025065707,-0.51023078,24.07243729,-1.617946386,1.957495928,0.127766311,0.025065707,-0.51023078,24.07243729,-1.617946386,1.957495928,0.127766311,0.025065707,-0.51023078
0.570000027,0.038639337,0.045605157,0.001115324,0.045476336,0.065069512,0.034684733,0.170668617,0.191680312,-0.036046442,0.136848003,0.252012253,0.108226575,22.13372612,-1.591395497,1.849514246,0.14085646,0.013823141,-0.517654479,22.13372612,-1.591395497,1.849514246,0.14085646,0.013823141,-0.517654479,22.13372612,-1.591395497,1.849514246,0.14085646,0.013823141,-0.517654479
0.580000028,0.04036358,0.047551844,0.000722549,0.046841044,0.067613199,0.035776332,0.172851756,0.195541665,-0.04035135,0.136433303,0.254948765,0.109375961,19.9816246,-1.555007219,1.720488191,0.151648939,0.002495422,-0.524924576,19.9816246,-1.555007219,1.720488191,0.151648939,0.002495422,-0.524924576,19.9816246,-1.555007219,1.720488191,0.151648939,0.002495422,-0.524924576
0.590000028,0.04210785,0.049543951,0.000270793,0.048207421,0.070183828,0.036877111,0.17481038,0.200134352,-0.04642598,0.136720419,0.257554859,0.110245049,17.64499283,-1.6073066,1.673606396,0.15524663,-0.007261675,-0.529648244,17.64499283,-1.6073066,1.673606396,0.15524663,-0.007261675,-0.529648244,17.64499283,-1.6073066,1.673606396,0.15524663,-0.007261675,-0.529648244
0.600000028,0.043869764,0.051566694,-0.000218114,0.049578924,0.072778299,0.037985995,0.176530093,0.20268178,-0.049295556,0.137262449,0.259906113,0.111045018,15.16326427,-1.756308317,1.723462701,0.150421888,-0.015886847,-0.531960368,15.16326427,-1.756308317,1.723462701,0.150421888,-0.015886847,-0.531960368,15.16326427,-1.756308317,1.723462701,0.150421888,-0.015886847,-0.531960368
0.610000029,0.045646936,0.053591225,-0.000696297,0.050955195,0.075394705,0.039103106,0.177999765,0.202235252,-0.047190975,0.137711152,0.262067318,0.111877084,12.57313824,-1.919842005,1.791933298,0.139310122,-0.02324675,-0.533085704,12.57313824,-1.919842005,1.791933298,0.139310122,-0.02324675,-0.533085704,12.57313824,-1.919842005,1.791933298,0.139310122,-0.02324675,-0.533085704
0.620000029,0.047437936,0.055677745,-0.001272648,0.052314062,0.078030661,0.040225819,0.179358587,0.210870087,-0.061325733,0.135249466,0.263976783,0.112361081,11.8026619,-1.60360682,1.332310677,0.044695806,-0.032765146,-0.533249319,11.8026619,-1.60360682,1.332310677,0.044695806,-0.032765146,-0.533249319,11.8026619,-1.60360682,1.332310677,0.044695806,-0.032765146,-0.533249319
0.63000003,0.049241811,0.057915304,-0.002106004,0.053623218,0.080683783,0.041351393,0.180636227,0.22729972,-0.089442708,0.129685342,0.265653878,0.112602159,10.94745922,-1.466442704,1.056286812,-0.033618484,-0.041457076,-0.532053888,10.94745922,-1.466442704,1.056286812,-0.033618484,-0.041457076,-0.532053888,10.94745922,-1.466442704,1.056286812,-0.033618484,-0.041457076,-0.532053888
0.64000003,0.051057845,0.060295675,-0.003185407,0.054860849,0.08335264,0.04248102,0.181825787,0.240436792,-0.112071387,0.122193485,0.267163187,0.113075249,9.995890617,-1.743340254,1.203632951,-0.077278167,-0.049135648,-0.528716505,9.995890617,-1.743340254,1.203632951,-0.077278167,-0.049135648,-0.528716505,9.995890617,-1.743340254,1.203632951,-0.077278167,-0.049135648,-0.528716505
0.650000031,0.052884847,0.062718429,-0.004337057,0.056019325,0.086035326,0.043619588,0.182918951,0.242091894,-0.114819638,0.114254206,0.268529385,0.114077307,8.940923691,-2.245459318,1.598408818,-0.083688498,-0.056269996,-0.525536478,8.940923691,-2.245459318,1.598408818,-0.083688498,-0.056269996,-0.525536478,8.940923691,-2.245459318,1.598408818,-0.083688498,-0.056269996,-0.525536478
0.660000031,0.054721981,0.065081872,-0.005385369,0.057105679,0.088730648,0.044770792,0.183906734,0.234485716,-0.101617232,0.10728924,0.26973626,0.115396842,7.804020882,-2.576887131,1.850873828,-0.060670834,-0.062643886,-0.526063323,7.804020882,-2.576887131,1.850873828,-0.060670834,-0.062643886,-0.526063323,7.804020882,-2.576887131,1.850873828,-0.060670834,-0.062643886,-0.526063323
0.670000032,0.056568056,0.067369498,-0.006304756,0.058137674,0.091435984,0.045933798,0.184779316,0.227455005,-0.08978343,0.102291688,0.270734996,0.11649929,6.588052273,-2.517709017,1.737749815,-0.022223352,-0.068573698,-0.531113863,6.588052273,-2.517709017,1.737749815,-0.022223352,-0.068573698,-0.531113863,6.588052273,-2.517709017,1.737749815,-0.022223352,-0.068573698,-0.531113863
0.680000032,0.05842188,0.069651403,-0.007221997,0.059137601,0.094149664,0.047103122,0.185529023,0.228859484,-0.093087174,0.099536955,0.271532446,0.117008515,5.314472198,-2.213322163,1.394622564,0.016646869,-0.073136978,-0.538036823,5.314472198,-2.213322163,1.394622564,0.016646869,-0.073136978,-0.538036823,5.314472198,-2.213322163,1.394622564,0.016646869,-0.073136978,-0.538036823
0.690000033,0.060282141,0.072007932,-0.00827946,0.060124297,0.09687002,0.048273638,0.186151847,0.237669379,-0.109515607,0.098545074,0.27218765,0.117037892,4.000370502,-2.008334637,1.159625649,0.044253167,-0.076504581,-0.542497218,4.000370502,-2.008334637,1.159625649,0.044253167,-0.076504581,-0.542497218,4.000370502,-2.008334637,1.159625649,0.044253167,-0.076504581,-0.542497218
0.700000033,0.062147647,0.074450769,-0.009497182,0.061108369,0.099596336,0.049444154,0.186647162,0.245835572,-0.124606147,0.098415181,0.272793323,0.117043614,2.665879011,-2.115089655,1.24344337,0.056121945,-0.078661591,-0.542755246,2.665879011,-2.115089655,1.24344337,0.056121945,-0.078661591,-0.542755246,2.665879011,-2.115089655,1.24344337,0.056121945,-0.078661591,-0.542755246
0.710000034,0.064017087,0.076917686,-0.010760503,0.062091846,0.10232909,0.050617173,0.187015414,0.246482924,-0.125966042,0.098323457,0.273412943,0.117390193,1.323705196,-2.429069042,1.545600891,0.05487626,-0.080179065,-0.54060632,1.323705196,-2.429069042,1.545600891,0.05487626,-0.080179065,-0.54060632,1.323705196,-2.429069042,1.545600891,0.05487626,-0.080179065,-0.54060632
0.720000034,0.065889627,0.079420365,-0.012091653,0.063038617,0.105062798,0.051791266,0.187317595,0.251623482,-0.135616824,0.093498506,0.27333498,0.117384285,0.786613524,-2.306056499,1.199647665,-0.090114534,-0.104352914,-0.545359671,0.786613524,-2.306056499,1.199647665,-0.090114534,-0.104352914,-0.545359671,0.786613524,-2.306056499,1.199647665,-0.090114534,-0.104352914,-0.545359671
0.730000035,0.067764789,0.082031287,-0.013624446,0.063897163,0.107789591,0.052961305,0.187569842,0.263802707,-0.158332288,0.08373975,0.272486508,0.116888821,0.258082122,-2.206490517,0.890375376,-0.208278254,-0.125200078,-0.549566448,0.258082122,-2.206490517,0.890375376,-0.208278254,-0.125200078,-0.549566448,0.258082122,-2.206490517,0.890375376,-0.208278254,-0.125200078,-0.549566448
0.740000035,0.069642097,0.08476571,-0.015393453,0.064635068,0.110503748,0.054125383,0.187773809,0.275739461,-0.181404948,0.071196713,0.271134406,0.116306901,-0.270850182,-2.387315035,0.887993157,-0.269758701,-0.13936609,-0.550029218,-0.270850182,-2.387315035,0.887993157,-0.269758701,-0.13936609,-0.550029218,-0.270850182,-2.387315035,0.887993157,-0.269758701,-0.13936609,-0.550029218
0.750000036,0.071521074,0.087558068,-0.017291622,0.065243989,0.113202646,0.055286363,0.187931105,0.279626757,-0.191121519,0.058335636,0.269569933,0.116065279,-0.800182819,-2.795972109,1.155450106,-0.272116184,-0.146640942,-0.547474623,-0.800182819,-2.795972109,1.155450106,-0.272116184,-0.146640942,-0.547474623,-0.800182819,-2.795972109,1.155450106,-0.272116184,-0.146640942,-0.547474623
0.760000036,0.073401242,0.090318002,-0.019167202,0.065737516,0.115885571,0.056448057,0.188042074,0.274657756,-0.185940921,0.047203489,0.267983049,0.116215661,-1.326423168,-3.143151045,1.415803552,-0.229947537,-0.14880313,-0.545420647,-1.326423168,-3.143151045,1.415803552,-0.229947537,-0.14880313,-0.545420647,-1.326423168,-3.143151045,1.415803552,-0.229947537,-0.14880313,-0.545420647
0.770000037,0.075282365,0.093006648,-0.020956354,0.066142827,0.118553236,0.057612017,0.188105986,0.267378539,-0.177119553,0.039007537,0.266451389,0.116442889,-1.84471786,-3.190771818,1.432214856,-0.165696323,-0.147734269,-0.546062946,-1.84471786,-3.190771818,1.432214856,-0.165696323,-0.147734269,-0.546062946,-1.84471786,-3.190771818,1.432214856,-0.165696323,-0.147734269,-0.546062946
0.780000037,0.077163488,0.095660724,-0.022724943,0.066491395,0.121205881,0.058776215,0.188121721,0.265226573,-0.17737478,0.033980496,0.264985651,0.11639601,-2.35916543,-2.968137503,1.223694324,-0.100779213,-0.145120218,-0.548880637,-2.35916543,-2.968137503,1.223694324,-0.100779213,-0.145120218,-0.548880637,-2.35916543,-2.968137503,1.223694324,-0.100779213,-0.145120218,-0.548880637
0.790000038,0.07904461,0.098347224,-0.024588304,0.066810399,0.123844698,0.059937313,0.188091695,0.269844323,-0.189155027,0.031504255,0.263613582,0.116020866,-2.841170788,-2.723040342,1.024131536,-0.050336815,-0.141323611,-0.551250994,-2.841170788,-2.723040342,1.024131536,-0.050336815,-0.141323611,-0.551250994,-2.841170788,-2.723040342,1.024131536,-0.050336815,-0.141323611,-0.551250994
0.800000038,0.080924779,0.101097383,-0.026593523,0.067116767,0.126470208,0.06109412,0.18801865,0.276328415,-0.203377232,0.030484393,0.262373179,0.115586184,-3.310534477,-2.678646088,1.045714617,-0.020632869,-0.137155756,-0.551122606,-3.310534477,-2.678646088,1.045714617,-0.020632869,-0.137155756,-0.551122606,-3.310534477,-2.678646088,1.045714617,-0.020632869,-0.137155756,-0.551122606
0.810000038,0.082803994,0.103880204,-0.028675335,0.067416698,0.12908566,0.062248424,0.187907532,0.278502375,-0.2088321,0.029871499,0.261312306,0.115402475,-3.737044334,-2.839731455,1.28296113,-0.009118275,-0.132528082,-0.549015403,-3.737044334,-2.839731455,1.28296113,-0.009118275,-0.132528082,-0.549015403,-3.737044334,-2.839731455,1.28296113,-0.009118275,-0.132528082,-0.549015403
0.820000039,0.084681779,0.106726207,-0.03088768,0.067664653,0.131682038,0.063396402,0.187744573,0.286556154,-0.225146458,0.023104727,0.259140074,0.114603475,-4.322213173,-2.720910072,0.882149398,-0.195910469,-0.169316471,-0.559151232,-4.322213173,-2.720910072,0.882149398,-0.195910469,-0.169316471,-0.559151232,-4.322213173,-2.720910072,0.882149398,-0.195910469,-0.169316471,-0.559151232
0.830000039,0.086557418,0.109697379,-0.033350188,0.067791253,0.134247422,0.064531274,0.187529534,0.300017834,-0.25199911,0.009744208,0.255753964,0.113178864,-4.872204304,-2.731822491,0.626411974,-0.34913379,-0.199941054,-0.566568375,-4.872204304,-2.731822491,0.626411974,-0.34913379,-0.199941054,-0.566568375,-4.872204304,-2.731822491,0.626411974,-0.34913379,-0.199941054,-0.566568375
0.84000004,0.088430434,0.112781085,-0.036051113,0.067753106,0.136772275,0.065651126,0.187269121,0.310207546,-0.274225116,-0.007352752,0.25161919,0.111698471,-5.369565487,-3.04517436,0.717144191,-0.426710993,-0.219003037,-0.567830384,-5.369565487,-3.04517436,0.717144191,-0.426710993,-0.219003037,-0.567830384,-5.369565487,-3.04517436,0.717144191,-0.426710993,-0.219003037,-0.567830384
0.85000004,0.09030059,0.115891255,-0.038850386,0.067539722,0.139253259,0.066759296,0.186969995,0.310655564,-0.280461729,-0.024812803,0.247255787,0.110632129,-5.811738968,-3.509285688,1.022577286,-0.42483592,-0.225462586,-0.564633071,-5.811738968,-3.509285688,1.022577286,-0.42483592,-0.225462586,-0.564633071,-5.811738968,-3.509285688,1.022577286,-0.42483592,-0.225462586,-0.564633071
0.860000041,0.092167646,0.118940629,-0.041605551,0.067169935,0.141691804,0.067860551,0.186636731,0.303156286,-0.27368021,-0.039852928,0.243020758,0.109991528,-6.203717232,-3.804631233,1.236721873,-0.363390267,-0.222728163,-0.561210752,-6.203717232,-3.804631233,1.236721873,-0.363390267,-0.222728163,-0.561210752,-6.203717232,-3.804631233,1.236721873,-0.363390267,-0.222728163,-0.561210752
0.870000041,0.094031125,0.121911563,-0.044290978,0.066681176,0.144090295,0.068956085,0.186272517,0.295670927,-0.267448157,-0.050901942,0.239052624,0.109423734,-6.54570055,-3.75007081,1.180741191,-0.272604167,-0.215256765,-0.5603984,-6.54570055,-3.75007081,1.180741191,-0.272604167,-0.215256765,-0.5603984,-6.54570055,-3.75007081,1.180741191,-0.272604167,-0.215256765,-0.5603984
0.880000042,0.09589079,0.124857463,-0.047001917,0.066115648,0.146450639,0.070044227,0.185881779,0.294739693,-0.272664845,-0.057763267,0.235386997,0.108633496,-6.826538563,-3.46134305,0.95589304,-0.181625918,-0.205513299,-0.561058223,-6.826538563,-3.46134305,0.95589304,-0.181625918,-0.205513299,-0.561058223,-6.826538563,-3.46134305,0.95589304,-0.181625918,-0.205513299,-0.561058223
0.890000042,0.097746402,0.127843902,-0.049846489,0.06550768,0.148778081,0.071122833,0.185470581,0.299929917,-0.28787151,-0.061355159,0.232066095,0.107663736,-7.047874928,-3.217283249,0.825759649,-0.110246658,-0.194245458,-0.56080848,-7.047874928,-3.217283249,0.825759649,-0.110246658,-0.194245458,-0.56080848,-7.047874928,-3.217283249,0.825759649,-0.110246658,-0.194245458,-0.56080848
0.900000043,0.099597722,0.130885646,-0.052837688,0.064879686,0.151074529,0.072192617,0.185046256,0.305157065,-0.301741034,-0.063084908,0.229070008,0.106826484,-7.208605289,-3.201007605,0.954408824,-0.064953893,-0.184142008,-0.558295608,-7.208605289,-3.201007605,0.954408824,-0.064953893,-0.184142008,-0.558295608,-7.208605289,-3.201007605,0.954408824,-0.064953893,-0.184142008,-0.558295608
0.910000043,0.101444751,0.133938357,-0.055881102,0.064239532,0.153343797,0.073257156,0.184616193,0.30500564,-0.304325938,-0.064245768,0.226401672,0.106371701,-7.30655241,-3.349051952,1.262641311,-0.042806439,-0.174202502,-0.554877937,-7.30655241,-3.349051952,1.262641311,-0.042806439,-0.174202502,-0.554877937,-7.30655241,-3.349051952,1.262641311,-0.042806439,-0.174202502,-0.554877937
0.920000044,0.103286773,0.137032554,-0.059028346,0.063532859,0.155575871,0.074311204,0.184110627,0.310995221,-0.318192422,-0.0727382,0.22231856,0.105134025,-8.272098541,-3.228219748,0.83425653,-0.261152714,-0.21985203,-0.56939137,-8.272098541,-3.228219748,0.83425653,-0.261152714,-0.21985203,-0.56939137,-8.272098541,-3.228219748,0.83425653,-0.261152714,-0.21985203,-0.56939137
0.930000044,0.105123073,0.140242621,-0.062422592,0.062678128,0.157755017,0.075345941,0.183518678,0.323856026,-0.345360309,-0.089042425,0.216661572,0.103022203,-9.15598774,-3.197749615,0.510502338,-0.439011157,-0.257723033,-0.58059305,-9.15598774,-3.197749615,0.510502338,-0.439011157,-0.257723033,-0.58059305,-9.15598774,-3.197749615,0.510502338,-0.439011157,-0.257723033,-0.58059305
0.940000045,0.106952935,0.143569991,-0.066079222,0.061623614,0.159868836,0.076357789,0.182851553,0.334739357,-0.370468855,-0.109718442,0.210057884,0.100698888,-9.942940712,-3.48380065,0.552899957,-0.526898921,-0.27988407,-0.58374995,-9.942940712,-3.48380065,0.552899957,-0.526898921,-0.27988407,-0.58374995,-9.942940712,-3.48380065,0.552899957,-0.526898921,-0.27988407,-0.58374995
0.950000045,0.108775645,0.146929786,-0.069865786,0.060358088,0.161914945,0.077349611,0.182121366,0.335797757,-0.379786313,-0.130738676,0.203231499,0.098797627,-10.621768,-3.968831301,0.869188607,-0.519740224,-0.284780562,-0.580206692,-10.621768,-3.968831301,0.869188607,-0.519740224,-0.284780562,-0.580206692,-10.621768,-3.968831301,0.869188607,-0.519740224,-0.284780562,-0.580206692
0.960000046,0.110590726,0.150225684,-0.073623501,0.05890445,0.163894296,0.078327127,0.181339338,0.327611506,-0.374040484,-0.148850009,0.196653873,0.097461283,-11.18286991,-4.310898781,1.141483068,-0.442059964,-0.27811408,-0.574799061,-11.18286991,-4.310898781,1.141483068,-0.442059964,-0.27811408,-0.574799061,-11.18286991,-4.310898781,1.141483068,-0.442059964,-0.27811408,-0.574799061
0.970000046,0.112397462,0.153425261,-0.077303492,0.057306807,0.165811181,0.07929296,0.18051523,0.318085819,-0.366540879,-0.162228644,0.190558136,0.09636341,-11.62674809,-4.285573483,1.142843008,-0.329698682,-0.264294207,-0.571572304,-11.62674809,-4.285573483,1.142843008,-0.329698682,-0.264294207,-0.571572304,-11.62674809,-4.285573483,1.142843008,-0.329698682,-0.264294207,-0.571572304
0.980000047,0.114195853,0.156578109,-0.08099135,0.055615228,0.167672276,0.080246635,0.179659829,0.314933091,-0.370028496,-0.170635864,0.185010433,0.095145747,-11.94062424,-3.966506243,0.936060786,-0.216603115,-0.247389972,-0.57024616,-11.94062424,-3.966506243,0.936060786,-0.216603115,-0.247389972,-0.57024616,-11.94062424,-3.966506243,0.936060786,-0.216603115,-0.247389972,-0.57024616
0.990000047,0.115985423,0.159757182,-0.084807955,0.053871553,0.169481874,0.081187196,0.1787844,0.319003731,-0.385149151,-0.175111458,0.179972798,0.093775041,-12.14272785,-3.644850969,0.787072361,-0.126215041,-0.230842382,-0.568684995,-12.14272785,-3.644850969,0.787072361,-0.126215041,-0.230842382,-0.568684995,-12.14272785,-3.644850969,0.787072361,-0.126215041,-0.230842382,-0.568684995
1.000000047,0.117766172,0.162991092,-0.088787161,0.052101891,0.171245217,0.082114644,0.177902341,0.324534744,-0.40102303,-0.177323058,0.175427139,0.092524432,-12.22119713,-3.544733524,0.90062952,-0.067115076,-0.214672312,-0.565696478,-12.22119713,-3.544733524,0.90062952,-0.067115076,-0.214672312,-0.565696478,-12.22119713,-3.544733524,0.90062952,-0.067115076,-0.214672312,-0.565696478
1.010000048,0.119538099,0.166244552,-0.092843615,0.050316613,0.172966599,0.083033033,0.17702654,0.325266212,-0.406155527,-0.178804934,0.171340838,0.09169361,-12.18688107,-3.645406008,1.234036207,-0.035003215,-0.199755803,-0.561431408,-12.18688107,-3.645406008,1.234036207,-0.035003215,-0.199755803,-0.561431408,-12.18688107,-3.645406008,1.234036207,-0.035003215,-0.199755803,-0.561431408
1.020000048,0.121300727,0.169533297,-0.097002827,0.048455637,0.17463553,0.083937831,0.176058173,0.330151498,-0.418966413,-0.188430831,0.165668756,0.090097785,-13.40471745,-3.613585949,0.893147111,-0.27213487,-0.25033927,-0.577451825,-13.40471745,-3.613585949,0.893147111,-0.27213487,-0.25033927,-0.577451825,-13.40471745,-3.613585949,0.893147111,-0.27213487,-0.25033927,-0.577451825
1.030000049,0.123052865,0.172911689,-0.101370655,0.046427887,0.176233411,0.084819026,0.17498222,0.33996141,-0.441669583,-0.206757247,0.158211455,0.087605365,-14.49668026,-3.644061327,0.631129444,-0.464810342,-0.292096645,-0.590433717,-14.49668026,-3.644061327,0.631129444,-0.464810342,-0.292096645,-0.590433717,-14.49668026,-3.644061327,0.631129444,-0.464810342,-0.292096645,-0.590433717
1.040000049,0.124793321,0.176376864,-0.105958067,0.044176977,0.177747846,0.085673042,0.173815697,0.347983241,-0.462793916,-0.229887933,0.149705604,0.084847473,-15.42408371,-3.907417536,0.651925147,-0.557120323,-0.315015793,-0.59447217,-15.42408371,-3.907417536,0.651925147,-0.557120323,-0.315015793,-0.59447217,-15.42408371,-3.907417536,0.651925147,-0.557120323,-0.315015793,-0.59447217
1.05000005,0.126521856,0.179862544,-0.110665642,0.041690629,0.179175019,0.086502023,0.172578052,0.348278284,-0.472041309,-0.253311485,0.140960544,0.082433894,-16.16312218,-4.306386471,0.890390158,-0.544272363,-0.31856662,-0.591224551,-16.16312218,-4.306386471,0.890390158,-0.544272363,-0.31856662,-0.591224551,-16.16312218,-4.306386471,0.890390158,-0.544272363,-0.31856662,-0.591224551
1.06000005,0.128237516,0.183291003,-0.115372263,0.038995188,0.180517316,0.087311454,0.171286181,0.34121567,-0.469777316,-0.273415387,0.132560208,0.080556244,-16.73371696,-4.583072186,1.110295534,-0.453258008,-0.30786252,-0.585147619,-16.73371696,-4.583072186,1.110295534,-0.453258008,-0.30786252,-0.585147619,-16.73371696,-4.583072186,1.110295534,-0.453258008,-0.30786252,-0.585147619
1.070000051,0.129939824,0.186636016,-0.120038353,0.036140125,0.181780457,0.088104434,0.169956952,0.332827836,-0.465865523,-0.288248539,0.124799386,0.078982167,-17.11343575,-4.557146072,1.138369322,-0.324394375,-0.288988978,-0.580433428,-17.11343575,-4.557146072,1.138369322,-0.324394375,-0.288988978,-0.580433428,-17.11343575,-4.557146072,1.138369322,-0.324394375,-0.288988978,-0.580433428
1.080000051,0.131628305,0.189931914,-0.12472447,0.033180635,0.182972074,0.088881679,0.168607518,0.329073519,-0.469803721,-0.297614872,0.117766812,0.07742054,-17.30552292,-4.288125992,1.01792872,-0.195347801,-0.266737968,-0.5773471,-17.30552292,-4.288125992,1.01792872,-0.195347801,-0.266737968,-0.5773471,-17.30552292,-4.288125992,1.01792872,-0.195347801,-0.266737968,-0.5773471
1.090000052,0.13330391,0.193235442,-0.129519075,0.030162327,0.18409884,0.089642949,0.1672564,0.33090353,-0.482250601,-0.302688241,0.111426473,0.075818062,-17.30774307,-3.991601467,0.944339514,-0.091471098,-0.244572878,-0.574492276,-17.30774307,-3.991601467,0.944339514,-0.091471098,-0.244572878,-0.574492276,-17.30774307,-3.991601467,0.944339514,-0.091471098,-0.244572878,-0.574492276
1.100000052,0.134965688,0.196570918,-0.134445757,0.027113967,0.185166955,0.090389676,0.165919319,0.334220618,-0.495199233,-0.305262268,0.105717443,0.074376002,-17.17263031,-3.849657536,1.070886493,-0.021613432,-0.223557368,-0.570696354,-17.17263031,-3.849657536,1.070886493,-0.021613432,-0.223557368,-0.570696354,-17.17263031,-3.849657536,1.070886493,-0.021613432,-0.223557368,-0.570696354
1.110000053,0.136614591,0.199916407,-0.139440149,0.024047486,0.186183095,0.091124721,0.164614856,0.334413677,-0.500059545,-0.306974977,0.100575835,0.073301867,-16.85177994,-3.856293917,1.365247369,0.018857433,-0.204102725,-0.56665808,-16.85177994,-3.856293917,1.365247369,0.018857433,-0.204102725,-0.56665808,-16.85177994,-3.856293917,1.365247369,0.018857433,-0.204102725,-0.56665808
1.120000053,0.138250142,0.203289077,-0.144528955,0.020901076,0.187135339,0.091843314,0.163239554,0.338322043,-0.511683464,-0.317102373,0.093781948,0.07145983,-17.86323929,-3.846100092,1.069566011,-0.221779108,-0.255940974,-0.582917809,-17.86323929,-3.846100092,1.069566011,-0.221779108,-0.255940974,-0.582917809,-17.86323929,-3.846100092,1.069566011,-0.221779108,-0.255940974,-0.582917809
1.130000054,0.139870912,0.206732318,-0.149798959,0.017580263,0.188004613,0.092536636,0.161780059,0.346057594,-0.531211317,-0.336257696,0.085132934,0.068758816,-18.70855141,-3.901837587,0.854059577,-0.416916937,-0.29792878,-0.595628977,-18.70855141,-3.901837587,0.854059577,-0.416916937,-0.29792878,-0.595628977,-18.70855141,-3.901837587,0.854059577,-0.416916937,-0.29792878,-0.595628977
1.140000054,0.141476423,0.210240886,-0.15525493,0.014026128,0.18877852,0.093200631,0.160258383,0.351893187,-0.548988223,-0.360400021,0.075411454,0.065794565,-19.33444405,-4.14918232,0.880600512,-0.508013427,-0.319791228,-0.599875748,-19.33444405,-4.14918232,0.880600512,-0.508013427,-0.319791228,-0.599875748,-19.33444405,-4.14918232,0.880600512,-0.508013427,-0.319791228,-0.599875748
1.150000055,0.143066674,0.213755652,-0.160812944,0.0102266,0.189453244,0.093837209,0.15869689,0.351047069,-0.556857944,-0.384808242,0.06546852,0.063150868,-19.74761009,-4.496211529,1.085523367,-0.489535481,-0.321201771,-0.596597493,-19.74761009,-4.496211529,1.085523367,-0.489535481,-0.321201771,-0.596597493,-19.74761009,-4.496211529,1.085523367,-0.489535481,-0.321201771,-0.596597493
1.160000055,0.144641191,0.217213199,-0.166374773,0.0062095,0.190031648,0.094451614,0.157114923,0.344120562,-0.555583775,-0.405725598,0.055931184,0.061023992,-19.9661274,-4.718474865,1.273090005,-0.390098751,-0.307353079,-0.590111971,-19.9661274,-4.718474865,1.273090005,-0.390098751,-0.307353079,-0.590111971,-19.9661274,-4.718474865,1.273090005,-0.390098751,-0.307353079,-0.590111971
1.170000056,0.146199495,0.220591113,-0.171912283,0.002026698,0.190519929,0.09504766,0.155531272,0.336213112,-0.553353012,-0.421127081,0.047137935,0.059218537,-19.97807884,-4.677657127,1.306270003,-0.25170508,-0.284690708,-0.584544003,-19.97807884,-4.677657127,1.306270003,-0.25170508,-0.284690708,-0.584544003,-19.97807884,-4.677657127,1.306270003,-0.25170508,-0.284690708,-0.584544003
1.180000056,0.147742063,0.223919436,-0.177476972,-0.002264575,0.190927148,0.095625825,0.153965607,0.332244396,-0.557699621,-0.430845559,0.039205909,0.0574628,-19.77532578,-4.422277927,1.229277968,-0.113604404,-0.258170277,-0.580787182,-19.77532578,-4.422277927,1.229277968,-0.113604404,-0.258170277,-0.580787182,-19.77532578,-4.422277927,1.229277968,-0.113604404,-0.258170277,-0.580787182
1.190000057,0.149269372,0.227245852,-0.183140844,-0.006616876,0.191261888,0.096186109,0.152436614,0.332952321,-0.56882292,-0.436120242,0.032090489,0.055714451,-19.38913536,-4.138070107,1.20253253,-0.001768703,-0.2320005,-0.577061653,-19.38913536,-4.138070107,1.20253253,-0.001768703,-0.2320005,-0.577061653,-19.38913536,-4.138070107,1.20253253,-0.001768703,-0.2320005,-0.577061653
1.200000057,0.1507819,0.230591342,-0.18891868,-0.011000575,0.191530824,0.096730657,0.150962099,0.334977925,-0.579984009,-0.438826382,0.025679853,0.05416055,-18.83517838,-3.976459026,1.347948194,0.07462953,-0.207934529,-0.572366059,-18.83517838,-3.976459026,1.347948194,0.07462953,-0.207934529,-0.572366059,-18.83517838,-3.976459026,1.347948194,0.07462953,-0.207934529,-0.572366059
1.210000057,0.152280122,0.233939692,-0.19475612,-0.015403659,0.191741109,0.09726233,0.149558946,0.334646255,-0.584268987,-0.440653652,0.019879485,0.052969746,-18.12306023,-3.933656931,1.629477859,0.120656908,-0.185757905,-0.567812979,-18.12306023,-3.933656931,1.629477859,0.120656908,-0.185757905,-0.567812979,-18.12306023,-3.933656931,1.629477859,0.120656908,-0.185757905,-0.567812979
1.220000058,0.153764516,0.237296149,-0.20065555,-0.019886464,0.191881776,0.097777791,0.14814125,0.336052299,-0.59170419,-0.450711787,0.012512493,0.051146779,-18.51976013,-3.990274668,1.445041418,-0.108443782,-0.234020501,-0.582459331,-18.51976013,-3.990274668,1.445041418,-0.108443782,-0.234020501,-0.582459331,-18.51976013,-3.990274668,1.445041418,-0.108443782,-0.234020501,-0.582459331
1.230000058,0.155234605,0.240685031,-0.206670374,-0.02454111,0.191934228,0.098268934,0.146698132,0.339704335,-0.604176402,-0.469569802,0.003374584,0.048555974,-18.77184105,-4.067524433,1.289339185,-0.293197483,-0.272807121,-0.59452647,-18.77184105,-4.067524433,1.289339185,-0.293197483,-0.272807121,-0.59452647,-18.77184105,-4.067524433,1.289339185,-0.293197483,-0.272807121,-0.59452647
1.240000059,0.156689912,0.244103953,-0.212812513,-0.029424459,0.191887498,0.098731466,0.145247251,0.342443883,-0.616591454,-0.493223876,-0.00677041,0.045654472,-18.84732628,-4.241450787,1.276775241,-0.3762905,-0.291664094,-0.599020898,-18.84732628,-4.241450787,1.276775241,-0.3762905,-0.291664094,-0.599020898,-18.84732628,-4.241450787,1.276775241,-0.3762905,-0.291664094,-0.599020898
1.250000059,0.158130914,0.247520968,-0.21903953,-0.034547705,0.191736817,0.099166341,0.143808141,0.341276348,-0.62393266,-0.517052054,-0.017111994,0.042943005,-18.73026276,-4.464633465,1.391269803,-0.352716655,-0.290876865,-0.596223176,-18.73026276,-4.464633465,1.391269803,-0.352716655,-0.290876865,-0.596223176,-18.73026276,-4.464633465,1.391269803,-0.352716655,-0.290876865,-0.596223176
1.26000006,0.159557611,0.250894099,-0.22529611,-0.039882679,0.191486478,0.099577136,0.142397523,0.336085707,-0.625807464,-0.537399352,-0.026996154,0.040660039,-18.44887161,-4.615399837,1.525242925,-0.250590265,-0.274300456,-0.589680254,-18.44887161,-4.615399837,1.525242925,-0.250590265,-0.274300456,-0.589680254,-18.44887161,-4.615399837,1.525242925,-0.250590265,-0.274300456,-0.589680254
1.27000006,0.160970956,0.254204303,-0.231557935,-0.045378823,0.191143632,0.099968143,0.141031265,0.329632521,-0.626272738,-0.552377045,-0.036085505,0.038752623,-17.9986763,-4.592327595,1.595152497,-0.111399002,-0.249458641,-0.582663476,-17.9986763,-4.592327595,1.595152497,-0.111399002,-0.249458641,-0.582663476,-17.9986763,-4.592327595,1.595152497,-0.111399002,-0.249458641,-0.582663476
1.280000061,0.162370473,0.257463008,-0.237846941,-0.050980825,0.190716386,0.100341983,0.139722228,0.325077504,-0.629752815,-0.561874211,-0.044282183,0.037034933,-17.41586113,-4.40919733,1.606878757,0.027112599,-0.221467748,-0.577144802,-17.41586113,-4.40919733,1.606878757,0.027112599,-0.221467748,-0.577144802,-17.41586113,-4.40919733,1.606878757,0.027112599,-0.221467748,-0.577144802
1.290000061,0.163758069,0.260699779,-0.244201273,-0.056642909,0.190214753,0.100699134,0.138486102,0.323532522,-0.637031615,-0.567098081,-0.051621914,0.035396982,-16.66461945,-4.16462326,1.642811894,0.140210778,-0.193329021,-0.572959542,-16.66461945,-4.16462326,1.642811894,0.140210778,-0.193329021,-0.572959542,-16.66461945,-4.16462326,1.642811894,0.140210778,-0.193329021,-0.572959542
1.300000062,0.165133744,0.263934642,-0.250633568,-0.062336463,0.18964541,0.101041026,0.137333885,0.323586732,-0.644772112,-0.569820821,-0.058244858,0.033899851,-15.82232285,-3.966415644,1.774745464,0.219233796,-0.167924419,-0.568684936,-15.82232285,-3.966415644,1.774745464,0.219233796,-0.167924419,-0.568684936,-15.82232285,-3.966415644,1.774745464,0.219233796,-0.167924419,-0.568684936
1.310000062,0.166498452,0.267166644,-0.257115692,-0.068049192,0.1890136,0.101370044,0.13627775,0.32308948,-0.648762345,-0.571637452,-0.064264238,0.032646582,-14.85723782,-3.841808319,1.995673299,0.269129097,-0.144561633,-0.564460576,-14.85723782,-3.841808319,1.995673299,0.269129097,-0.144561633,-0.564460576,-14.85723782,-3.841808319,1.995673299,0.269129097,-0.144561633,-0.564460576
1.320000063,0.16785267,0.270391971,-0.263633102,-0.073836803,0.188313127,0.101683088,0.135265127,0.32244435,-0.652537048,-0.58099252,-0.071585454,0.030924167,-14.58048058,-3.965291977,1.933225513,0.066234089,-0.183852181,-0.576528132,-14.58048058,-3.965291977,1.933225513,0.066234089,-0.183852181,-0.576528132,-14.58048058,-3.965291977,1.933225513,0.066234089,-0.183852181,-0.576528132
1.330000063,0.169197351,0.273611575,-0.270196289,-0.079782963,0.187527299,0.101973958,0.13428998,0.321835756,-0.657423377,-0.598396719,-0.080438003,0.028641272,-14.20447636,-4.08334446,1.868588567,-0.095986649,-0.216246098,-0.586049438,-14.20447636,-4.08334446,1.868588567,-0.095986649,-0.216246098,-0.586049438,-14.20447636,-4.08334446,1.868588567,-0.095986649,-0.216246098,-0.586049438
1.340000064,0.170532972,0.276821643,-0.276813835,-0.085939169,0.18664515,0.102240033,0.13336049,0.320679635,-0.662816644,-0.62010324,-0.09016417,0.026089568,-13.75089455,-4.198487759,1.839458585,-0.165419474,-0.231078684,-0.58935982,-13.75089455,-4.198487759,1.839458585,-0.165419474,-0.231078684,-0.58935982,-13.75089455,-4.198487759,1.839458585,-0.165419474,-0.231078684,-0.58935982
1.350000064,0.171859533,0.280009776,-0.283480018,-0.092314482,0.185664773,0.102480836,0.132484794,0.318263501,-0.66767633,-0.641818941,-0.100003831,0.023582265,-13.21620083,-4.295877934,1.860532165,-0.137611642,-0.227329612,-0.587195396,-13.21620083,-4.295877934,1.860532165,-0.137611642,-0.227329612,-0.587195396,-13.21620083,-4.295877934,1.860532165,-0.137611642,-0.227329612,-0.587195396
1.360000065,0.173177987,0.283163577,-0.290190071,-0.098881721,0.184589505,0.102698512,0.131672204,0.314586937,-0.671776831,-0.660238028,-0.109397233,0.021331731,-12.58354473,-4.337863922,1.912842393,-0.038931381,-0.21032019,-0.581201613,-12.58354473,-4.337863922,1.912842393,-0.038931381,-0.21032019,-0.581201613,-12.58354473,-4.337863922,1.912842393,-0.038931381,-0.21032019,-0.581201613
1.370000065,0.174488813,0.286274463,-0.296937317,-0.105594397,0.183426023,0.1028964,0.130929828,0.310254425,-0.675441265,-0.673774481,-0.118041113,0.019411182,-11.88428974,-4.3022089,1.988785863,0.092086203,-0.185651764,-0.573830247,-11.88428974,-4.3022089,1.988785863,0.092086203,-0.185651764,-0.573830247,-11.88428974,-4.3022089,1.988785863,0.092086203,-0.185651764,-0.573830247
1.380000066,0.175792485,0.289343387,-0.303721756,-0.112403631,0.182182908,0.103077121,0.130264029,0.306182116,-0.679233611,-0.682461917,-0.125839919,0.017778054,-11.11867714,-4.185808659,2.079710007,0.22145851,-0.157974198,-0.566989362,-11.11867714,-4.185808659,2.079710007,0.22145851,-0.157974198,-0.566989362,-11.11867714,-4.185808659,2.079710007,0.22145851,-0.157974198,-0.566989362
1.390000066,0.177089959,0.292378932,-0.310546249,-0.119269133,0.180868268,0.103243537,0.129680932,0.303002208,-0.683200777,-0.687397003,-0.132845595,0.016364595,-10.29029369,-4.015033722,2.192624092,0.328336716,-0.130742028,-0.561104953,-10.29029369,-4.015033722,2.192624092,0.328336716,-0.130742028,-0.561104953,-10.29029369,-4.015033722,2.192624092,0.328336716,-0.130742028,-0.561104953
1.400000066,0.178382665,0.295390636,-0.317405075,-0.126165599,0.179489255,0.103397317,0.129184917,0.300763637,-0.686597645,-0.690084696,-0.139168948,0.015105668,-9.422992706,-3.826997995,2.335724115,0.405585885,-0.105391279,-0.556653857,-9.422992706,-3.826997995,2.335724115,0.405585885,-0.105391279,-0.556653857,-9.422992706,-3.826997995,2.335724115,0.405585885,-0.105391279,-0.556653857
1.410000067,0.179671079,0.298386127,-0.324287742,-0.133080691,0.178051114,0.103539176,0.128777087,0.299256623,-0.68862915,-0.691832244,-0.14491573,0.013959938,-8.552018166,-3.644683361,2.49638629,0.457654774,-0.082218945,-0.553144395,-8.552018166,-3.644683361,2.49638629,0.457654774,-0.082218945,-0.553144395,-8.552018166,-3.644683361,2.49638629,0.457654774,-0.082218945,-0.553144395
1.420000067,0.180956155,0.3013511,-0.331163734,-0.140060157,0.176549077,0.103667684,0.128449485,0.295665234,-0.687177837,-0.699942052,-0.151639938,0.012546586,-7.787171841,-3.834845304,2.555798531,0.294554263,-0.110546194,-0.561743677,-7.787171841,-3.834845304,2.555798531,0.294554263,-0.110546194,-0.561743677,-7.787171841,-3.834845304,2.555798531,0.294554263,-0.110546194,-0.561743677
1.430000068,0.182238847,0.304266483,-0.338009208,-0.147176474,0.174970269,0.103779264,0.128199667,0.290357232,-0.683782756,-0.714879155,-0.159521192,0.01077358,-7.022045612,-3.971312523,2.566102505,0.164551362,-0.133211553,-0.568754017,-7.022045612,-3.971312523,2.566102505,0.164551362,-0.133211553,-0.568754017,-7.022045612,-3.971312523,2.566102505,0.164551362,-0.133211553,-0.568754017
1.440000068,0.183519155,0.307128459,-0.344832748,-0.154472083,0.173307538,0.103870578,0.128025815,0.285355866,-0.682180345,-0.733307004,-0.168016538,0.008696387,-6.270291328,-4.002592087,2.508549452,0.114035927,-0.141663015,-0.571907163,-6.270291328,-4.002592087,2.508549452,0.114035927,-0.141663015,-0.571907163,-6.270291328,-4.002592087,2.508549452,0.114035927,-0.141663015,-0.571907163
1.450000069,0.184799463,0.30995515,-0.351674408,-0.161951274,0.171559453,0.103939719,0.127928153,0.282117307,-0.684918523,-0.751473546,-0.176534995,0.006460199,-5.506285667,-3.949489117,2.429512978,0.145588502,-0.135889664,-0.570289791,-5.506285667,-3.949489117,2.429512978,0.145588502,-0.135889664,-0.570289791,-5.506285667,-3.949489117,2.429512978,0.145588502,-0.135889664,-0.570289791
1.460000069,0.186077386,0.31276086,-0.358570427,-0.169588774,0.169729352,0.103986926,0.127901405,0.280152559,-0.690992713,-0.766688466,-0.184632957,0.004308064,-4.814864635,-3.893266439,2.411711454,0.234483004,-0.119488187,-0.564364612,-4.814864635,-3.893266439,2.411711454,0.234483004,-0.119488187,-0.564364612,-4.814864635,-3.893266439,2.411711454,0.234483004,-0.119488187,-0.564364612
1.47000007,0.187357694,0.315545589,-0.365529388,-0.177346915,0.167823434,0.104015537,0.127950072,0.27784121,-0.697110593,-0.777857959,-0.192081153,0.002481682,-4.056906223,-3.863521099,2.495685101,0.34765172,-0.097082026,-0.555709779,-4.056906223,-3.863521099,2.495685101,0.34765172,-0.097082026,-0.555709779,-4.056906223,-3.863521099,2.495685101,0.34765172,-0.097082026,-0.555709779
1.48000007,0.188638002,0.318294078,-0.372529358,-0.185185641,0.165848374,0.104028888,0.128064394,0.274040401,-0.700485885,-0.785177648,-0.198833421,0.00107543,-3.44519949,-3.831287146,2.657921314,0.459078133,-0.072610795,-0.547124147,-3.44519949,-3.831287146,2.657921314,0.459078133,-0.072610795,-0.547124147,-3.44519949,-3.831287146,2.657921314,0.459078133,-0.072610795,-0.547124147
1.490000071,0.189920217,0.320997745,-0.379538864,-0.193073481,0.163809896,0.104031034,0.128243089,0.269227833,-0.700912118,-0.789598823,-0.204939157,1.56E-05,-2.813123226,-3.732767582,2.833563089,0.552094281,-0.048241459,-0.539881527,-2.813123226,-3.732767582,2.833563089,0.552094281,-0.048241459,-0.539881527,-2.813123226,-3.732767582,2.833563089,0.552094281,-0.048241459,-0.539881527
1.500000071,0.191204339,0.323655635,-0.386543602,-0.200991362,0.161716104,0.104023881,0.128480643,0.264928728,-0.70025748,-0.792200565,-0.210439563,-0.000894147,-2.248965502,-3.556762934,2.970371962,0.62227124,-0.024486013,-0.535162687,-2.248965502,-3.556762934,2.970371962,0.62227124,-0.024486013,-0.535162687,-2.248965502,-3.556762934,2.970371962,0.62227124,-0.024486013,-0.535162687
1.510000072,0.192491323,0.326285869,-0.39354834,-0.208926886,0.159571767,0.10400743,0.12877202,0.262625217,-0.700556219,-0.793855608,-0.215440348,-0.001832701,-1.725242853,-3.3199265,3.069048882,0.674087822,-0.003469235,-0.532147408,-1.725242853,-3.3199265,3.069048882,0.674087822,-0.003469235,-0.532147408,-1.725242853,-3.3199265,3.069048882,0.674087822,-0.003469235,-0.532147408
1.520000072,0.193782121,0.328861743,-0.400502533,-0.216914862,0.157373071,0.103981204,0.129162431,0.255999625,-0.693693101,-0.800401628,-0.221051812,-0.002811603,-0.64052856,-3.591401577,3.266726971,0.560881317,-0.018886032,-0.537281156,-0.64052856,-3.591401577,3.266726971,0.560881317,-0.018886032,-0.537281156,-0.64052856,-3.591401577,3.266726971,0.560881317,-0.018886032,-0.537281156
1.530000073,0.195077688,0.331339389,-0.407344192,-0.225010604,0.155112386,0.103944249,0.129655808,0.245612532,-0.681455791,-0.812149107,-0.227364704,-0.003920421,0.358941466,-3.758277655,3.362479687,0.472762048,-0.029847566,-0.541629791,0.358941466,-3.758277655,3.362479687,0.472762048,-0.029847566,-0.541629791,0.358941466,-3.758277655,3.362479687,0.472762048,-0.029847566,-0.541629791
1.540000073,0.196378976,0.333720714,-0.414082855,-0.233244151,0.152785897,0.103893705,0.130240768,0.2363621,-0.672164142,-0.826263189,-0.233967543,-0.005374009,1.259328008,-3.700248957,3.276498079,0.445643395,-0.031151975,-0.544467628,1.259328008,-3.700248957,3.276498079,0.445643395,-0.031151975,-0.544467628,1.259328008,-3.700248957,3.276498079,0.445643395,-0.031151975,-0.544467628
1.550000074,0.197686464,0.336046726,-0.420797676,-0.241615027,0.150394559,0.103825279,0.130905271,0.231828004,-0.671852291,-0.839675009,-0.240429506,-0.007244073,2.048253536,-3.501194715,3.092835903,0.479792148,-0.023033207,-0.544123828,2.048253536,-3.501194715,3.092835903,0.479792148,-0.023033207,-0.544123828,2.048253536,-3.501194715,3.092835903,0.479792148,-0.023033207,-0.544123828
1.560000074,0.19900158,0.338360339,-0.427573532,-0.250098914,0.147941232,0.103736825,0.131639153,0.231454015,-0.67942363,-0.85047096,-0.246491715,-0.009277825,2.732874632,-3.329523087,2.983502388,0.554249704,-0.008687957,-0.538788199,2.732874632,-3.329523087,2.983502388,0.554249704,-0.008687957,-0.538788199,2.732874632,-3.329523087,2.983502388,0.554249704,-0.008687957,-0.538788199
1.570000075,0.20032385,0.340677768,-0.43443808,-0.258667678,0.145431638,0.103629537,0.132430509,0.231594414,-0.688276649,-0.858305752,-0.252069861,-0.011043268,3.274559021,-3.282448292,3.05783534,0.641471088,0.009274867,-0.529022455,3.274559021,-3.282448292,3.05783534,0.641471088,0.009274867,-0.529022455,3.274559021,-3.282448292,3.05783534,0.641471088,0.009274867,-0.529022455
1.580000075,0.201655179,0.342972308,-0.441353172,-0.267294616,0.142869592,0.103509612,0.133270636,0.228796914,-0.692031324,-0.863724828,-0.257215321,-0.012215296,3.723632574,-3.332150221,3.280900002,0.724663377,0.027723903,-0.517265201,3.723632574,-3.332150221,3.280900002,0.724663377,0.027723903,-0.517265201,3.723632574,-3.332150221,3.280900002,0.724663377,0.027723903,-0.517265201
1.590000076,0.202994615,0.345214397,-0.448255867,-0.275962561,0.140258908,0.103382058,0.134144902,0.222864702,-0.689514756,-0.867512047,-0.26197648,-0.012858218,4.008377075,-3.329996586,3.522677422,0.795008063,0.046476308,-0.5080387,4.008377075,-3.329996586,3.522677422,0.795008063,0.046476308,-0.5080387,4.008377075,-3.329996586,3.522677422,0.795008063,0.046476308,-0.5080387
1.600000076,0.20434311,0.347391635,-0.455112785,-0.284660071,0.137604356,0.103249975,0.135041773,0.216480702,-0.684563518,-0.870137334,-0.266344011,-0.013304307,4.200662136,-3.191927195,3.669856787,0.853537381,0.065274574,-0.502610624,4.200662136,-3.191927195,3.669856787,0.853537381,0.065274574,-0.502610624,4.200662136,-3.191927195,3.669856787,0.853537381,0.065274574,-0.502610624
1.610000076,0.205700666,0.349525958,-0.461938232,-0.293374747,0.134909272,0.103112169,0.135947675,0.212852657,-0.682127893,-0.871800184,-0.270311803,-0.013913368,4.25962019,-2.926218033,3.711223841,0.903194785,0.083173744,-0.500414193,4.25962019,-2.926218033,3.711223841,0.903194785,0.083173744,-0.500414193,4.25962019,-2.926218033,3.711223841,0.903194785,0.083173744,-0.500414193
1.620000077,0.207068235,0.351576358,-0.468661636,-0.302129477,0.132173657,0.102969594,0.13696146,0.202729911,-0.669232666,-0.876624942,-0.274404496,-0.014351605,5.563634396,-3.28261137,4.035596848,0.847281516,0.084008403,-0.502548039,5.563634396,-3.28261137,4.035596848,0.847281516,0.084008403,-0.502548039,5.563634396,-3.28261137,4.035596848,0.847281516,0.084008403,-0.502548039
1.630000077,0.208446294,0.353481799,-0.47519049,-0.310958594,0.129395604,0.102822967,0.138095185,0.187262878,-0.648478389,-0.884666443,-0.278638035,-0.014748039,6.717265129,-3.466299057,4.195805073,0.808155298,0.086622342,-0.505103886,6.717265129,-3.466299057,4.195805073,0.808155298,0.086622342,-0.505103886,6.717265129,-3.466299057,4.195805073,0.808155298,0.086622342,-0.505103886
1.640000078,0.209836274,0.355247051,-0.481542915,-0.319876403,0.126576543,0.102669187,0.139330998,0.173949808,-0.632198393,-0.89359045,-0.282749534,-0.015575632,7.719993114,-3.321424484,4.068583488,0.808280528,0.093225338,-0.508063138,7.719993114,-3.321424484,4.068583488,0.808280528,0.093225338,-0.508063138,7.719993114,-3.321424484,4.068583488,0.808280528,0.093225338,-0.508063138
1.650000078,0.21124056,0.356936961,-0.487834305,-0.32887432,0.123718441,0.102501817,0.140648648,0.168211475,-0.629142702,-0.901182711,-0.286542684,-0.017087072,8.53019619,-2.976457834,3.785493851,0.84437263,0.102467321,-0.508786321,8.53019619,-2.976457834,3.785493851,0.84437263,0.102467321,-0.508786321,8.53019619,-2.976457834,3.785493851,0.84437263,0.102467321,-0.508786321
1.660000079,0.212658197,0.358624965,-0.494190544,-0.337929457,0.120825469,0.102315851,0.142024338,0.169323847,-0.637860775,-0.906582773,-0.289972901,-0.019002263,9.083249092,-2.691131115,3.594171762,0.898350894,0.113382049,-0.503736973,9.083249092,-2.691131115,3.594171762,0.898350894,0.113382049,-0.503736973,9.083249092,-2.691131115,3.594171762,0.898350894,0.113382049,-0.503736973
1.670000079,0.214089662,0.36033681,-0.500656962,-0.347026557,0.117900074,0.10211248,0.143442109,0.171679363,-0.648798108,-0.91039741,-0.293171585,-0.020678358,9.469257355,-2.635769367,3.657099009,0.950530171,0.123974532,-0.492185354,9.469257355,-2.635769367,3.657099009,0.950530171,0.123974532,-0.492185354,9.469257355,-2.635769367,3.657099009,0.950530171,0.123974532,-0.492185354
1.68000008,0.215535432,0.362041026,-0.507178187,-0.356156081,0.114943445,0.101897903,0.144886494,0.169873372,-0.652635634,-0.913623452,-0.29629153,-0.021618202,9.673424721,-2.75746417,3.931061745,0.996628463,0.134456933,-0.477913409,9.673424721,-2.75746417,3.931061745,0.996628463,0.134456933,-0.477913409,9.673424721,-2.75746417,3.931061745,0.996628463,0.134456933,-0.477913409
1.69000008,0.216995984,0.363687068,-0.513666987,-0.36531803,0.111955822,0.10167975,0.146339193,0.163035706,-0.647443652,-0.916770995,-0.299366683,-0.021831896,9.686491013,-2.854398727,4.22217083,1.037751317,0.14565672,-0.465966731,9.686491013,-2.854398727,4.22217083,1.037751317,0.14565672,-0.465966731,9.686491013,-2.854398727,4.22217083,1.037751317,0.14565672,-0.465966731
1.700000081,0.218470842,0.365252048,-0.520071864,-0.374507636,0.108938634,0.101461597,0.14777939,0.154791087,-0.638647139,-0.919537246,-0.302290559,-0.021785127,9.501358032,-2.763086557,4.372196198,1.080893636,0.158496454,-0.459653765,9.501358032,-2.763086557,4.372196198,1.080893636,0.158496454,-0.459653765,9.501358032,-2.763086557,4.372196198,1.080893636,0.158496454,-0.459653765
1.710000081,0.219960004,0.366758853,-0.526415706,-0.383717269,0.105894744,0.101242013,0.149188176,0.149848521,-0.633663356,-0.92135644,-0.30491063,-0.022003664,9.149694443,-2.484149218,4.354847431,1.124916792,0.172501042,-0.457844168,9.149694443,-2.484149218,4.354847431,1.124916792,0.172501042,-0.457844168,9.149694443,-2.484149218,4.354847431,1.124916792,0.172501042,-0.457844168
1.720000082,0.221463948,0.368154079,-0.532612681,-0.392954558,0.102827251,0.101022907,0.150709316,0.136374906,-0.615393877,-0.924451768,-0.30717653,-0.021865081,10.601717,-2.928585768,4.79156065,1.131053329,0.189519718,-0.457708091,10.601717,-2.928585768,4.79156065,1.131053329,0.189519718,-0.457708091,10.601717,-2.928585768,4.79156065,1.131053329,0.189519718,-0.457708091
1.730000082,0.222984105,0.369355708,-0.538542628,-0.402231902,0.099740922,0.100806899,0.152362645,0.11601904,-0.587001324,-0.92857945,-0.309022009,-0.021543147,11.86389351,-3.136653662,5.012697697,1.144857168,0.205672294,-0.459122628,11.86389351,-3.136653662,5.012697697,1.144857168,0.205672294,-0.459122628,11.86389351,-3.136653662,5.012697697,1.144857168,0.205672294,-0.459122628
1.740000083,0.224521428,0.37037614,-0.544226527,-0.411544532,0.09664005,0.100589938,0.154121414,0.09877371,-0.564289272,-0.931898057,-0.310347229,-0.021772286,12.8869381,-2.90226984,4.853265285,1.175071001,0.219348088,-0.463004291,12.8869381,-2.90226984,4.853265285,1.175071001,0.219348088,-0.463004291,12.8869381,-2.90226984,4.853265285,1.175071001,0.219348088,-0.463004291
1.750000083,0.226077348,0.371301204,-0.549815059,-0.420873374,0.09352988,0.100362964,0.155958325,0.091746144,-0.558448195,-0.933083177,-0.311125219,-0.022963349,13.66013336,-2.419986248,4.477343559,1.212704539,0.230015799,-0.465178996,13.66013336,-2.419986248,4.477343559,1.212704539,0.230015799,-0.465178996,13.66013336,-2.419986248,4.477343559,1.212704539,0.230015799,-0.465178996
1.760000084,0.227651864,0.372233897,-0.55546844,-0.430200309,0.090414941,0.100119062,0.157846719,0.094064578,-0.567719698,-0.932496488,-0.311560094,-0.024787011,14.15335369,-2.025887012,4.209554195,1.24208045,0.236600548,-0.460291147,14.15335369,-2.025887012,4.209554195,1.24208045,0.236600548,-0.460291147,14.15335369,-2.025887012,4.209554195,1.24208045,0.236600548,-0.460291147
1.770000084,0.229245454,0.373208553,-0.561243892,-0.439519614,0.087295711,0.099857993,0.159764647,0.098363146,-0.580118597,-0.931761801,-0.312025636,-0.026411258,14.40127563,-1.962392211,4.25433445,1.255534649,0.238921136,-0.447259039,14.40127563,-1.962392211,4.25433445,1.255534649,0.238921136,-0.447259039,14.40127563,-1.962392211,4.25433445,1.255534649,0.238921136,-0.447259039
1.780000085,0.230858594,0.37418893,-0.567080379,-0.44884178,0.08416909,0.099587388,0.16169028,0.097586386,-0.584104359,-0.932445526,-0.312821299,-0.027157418,14.39844704,-2.150527239,4.554894924,1.25791502,0.239483774,-0.429956585,14.39844704,-2.150527239,4.554894924,1.25791502,0.239483774,-0.429956585,14.39844704,-2.150527239,4.554894924,1.25791502,0.239483774,-0.429956585
1.790000085,0.232490808,0.375107318,-0.572869182,-0.458184928,0.081031501,0.099316783,0.163599119,0.090173572,-0.576882362,-0.934862375,-0.31397447,-0.026994163,14.13925171,-2.337609768,4.883108139,1.263549924,0.241710618,-0.415390372,14.13925171,-2.337609768,4.883108139,1.263549924,0.241710618,-0.415390372,14.13925171,-2.337609768,4.883108139,1.263549924,0.241710618,-0.415390372
1.800000085,0.234141618,0.375931293,-0.578543544,-0.467557639,0.077881515,0.099050708,0.165466636,0.080431283,-0.564954996,-0.93792063,-0.315265954,-0.026497941,13.65593529,-2.294757605,5.034557819,1.285485387,0.247415677,-0.408045471,13.65593529,-2.294757605,5.034557819,1.285485387,0.247415677,-0.408045471,13.65593529,-2.294757605,5.034557819,1.285485387,0.247415677,-0.408045471
1.810000086,0.235811025,0.376684695,-0.584133983,-0.476954192,0.074719846,0.098787256,0.167269632,0.074275874,-0.557653069,-0.940072358,-0.316403419,-0.026342016,12.96455765,-2.012888908,4.968771935,1.323288918,0.255999088,-0.406686902,12.96455765,-2.012888908,4.968771935,1.323288918,0.255999088,-0.406686902,12.96455765,-2.012888908,4.968771935,1.323288918,0.255999088,-0.406686902
1.820000086,0.237499028,0.377299815,-0.589535594,-0.486366957,0.071552694,0.09852881,0.169179395,0.057666969,-0.534549356,-0.941621184,-0.31675145,-0.025684275,14.41731071,-2.546283007,5.505527496,1.391652465,0.288462758,-0.405312091,14.41731071,-2.546283007,5.505527496,1.391652465,0.288462758,-0.405312091,14.41731071,-2.546283007,5.505527496,1.391652465,0.288462758,-0.405312091
1.830000087,0.239207059,0.377681285,-0.594605327,-0.495785445,0.068389595,0.098279424,0.171219721,0.032895539,-0.499580413,-0.941958666,-0.316130459,-0.024747508,15.64919662,-2.776812553,5.772871017,1.458752751,0.317698032,-0.40623644,15.64919662,-2.776812553,5.772871017,1.458752751,0.317698032,-0.40623644,15.64919662,-2.776812553,5.772871017,1.458752751,0.317698032,-0.40623644
1.840000087,0.240936548,0.377840549,-0.599371791,-0.50518769,0.065241277,0.098034568,0.173359215,0.012029193,-0.471381903,-0.939657629,-0.314518183,-0.024470715,16.6019249,-2.476735353,5.576272964,1.518839002,0.339359492,-0.411170304,16.6019249,-2.476735353,5.576272964,1.518839002,0.339359492,-0.411170304,16.6019249,-2.476735353,5.576272964,1.518839002,0.339359492,-0.411170304
1.850000088,0.24268797,0.377889186,-0.604010463,-0.514541328,0.062114894,0.097783037,0.175564036,0.003739085,-0.463083535,-0.934250176,-0.312121361,-0.0254084,17.24230194,-1.866678596,5.118908882,1.559092164,0.350465298,-0.414991647,17.24230194,-1.866678596,5.118908882,1.559092164,0.350465298,-0.414991647,17.24230194,-1.866678596,5.118908882,1.559092164,0.350465298,-0.414991647
1.860000088,0.244461805,0.377948314,-0.60871017,-0.523828208,0.059015334,0.097515054,0.177804887,0.006947271,-0.47268489,-0.927346051,-0.309402853,-0.027191216,17.5848484,-1.384199858,4.776878834,1.56340754,0.351798534,-0.410780579,17.5848484,-1.384199858,4.776878834,1.56340754,0.351798534,-0.410780579,17.5848484,-1.384199858,4.776878834,1.56340754,0.351798534,-0.410780579
1.870000089,0.246257573,0.378065616,-0.613545299,-0.533059776,0.055940807,0.097229905,0.180055976,0.013018229,-0.486517847,-0.921803653,-0.306992173,-0.028818669,17.63172722,-1.300719261,4.791971207,1.533078551,0.344878674,-0.396226943,17.63172722,-1.300719261,4.791971207,1.533078551,0.344878674,-0.396226943,17.63172722,-1.300719261,4.791971207,1.533078551,0.344878674,-0.396226943
1.880000089,0.24807623,0.378200084,-0.618450999,-0.542258918,0.052884281,0.096936174,0.182294369,0.013332736,-0.490986615,-0.919739306,-0.305355012,-0.029452128,17.41821671,-1.543212056,5.111238956,1.490374804,0.334667712,-0.376238644,17.41821671,-1.543212056,5.111238956,1.490374804,0.334667712,-0.376238644,17.41821671,-1.543212056,5.111238956,1.490374804,0.334667712,-0.376238644
1.89000009,0.249916822,0.378276378,-0.623295665,-0.551469505,0.049837649,0.096645065,0.184492096,0.005600067,-0.482303888,-0.921463132,-0.304534644,-0.029014515,16.9046669,-1.807106853,5.474287033,1.454644203,0.32680738,-0.359200776,16.9046669,-1.807106853,5.474287033,1.454644203,0.32680738,-0.359200776,16.9046669,-1.807106853,5.474287033,1.454644203,0.32680738,-0.359200776
1.90000009,0.251778275,0.378242999,-0.628003001,-0.560712516,0.046795428,0.096361585,0.186621919,-0.005575134,-0.467696279,-0.924961269,-0.304176658,-0.028144782,16.14449501,-1.830545783,5.625658512,1.45322156,0.324580103,-0.350688875,16.14449501,-1.830545783,5.625658512,1.45322156,0.324580103,-0.350688875,16.14449501,-1.830545783,5.625658512,1.45322156,0.324580103,-0.350688875
1.910000091,0.253660828,0.378125697,-0.632599711,-0.569984138,0.043756545,0.096084543,0.188659221,-0.013085409,-0.458128035,-0.92765367,-0.303818107,-0.027632395,15.17024422,-1.54755795,5.522323608,1.483565927,0.327850282,-0.349149734,15.17024422,-1.54755795,5.522323608,1.483565927,0.327850282,-0.349149734,15.17024422,-1.54755795,5.522323608,1.483565927,0.327850282,-0.349149734
1.920000091,0.255563408,0.377847224,-0.636977077,-0.579263389,0.040730298,0.095816322,0.190780804,-0.032267865,-0.431485206,-0.9279055,-0.3022587,-0.026557628,16.39953232,-2.145064592,6.115283012,1.610232472,0.374397874,-0.34786287,16.39953232,-2.145064592,6.115283012,1.610232472,0.374397874,-0.34786287,16.39953232,-2.145064592,6.115283012,1.610232472,0.374397874,-0.34786287
1.930000092,0.25748983,0.377302676,-0.640982509,-0.588517845,0.037731469,0.095561691,0.193012685,-0.06035699,-0.392146736,-0.924706757,-0.299218386,-0.025195049,17.42121506,-2.387432098,6.407987595,1.728550911,0.415402859,-0.349496037,17.42121506,-2.387432098,6.407987595,1.728550911,0.415402859,-0.349496037,17.42121506,-2.387432098,6.407987595,1.728550911,0.415402859,-0.349496037
1.940000092,0.259440094,0.376508266,-0.644644618,-0.597705543,0.034774244,0.095314927,0.195315063,-0.083931431,-0.360180527,-0.91706419,-0.294789076,-0.024607448,18.06361008,-2.032034397,6.193149567,1.818272471,0.443426579,-0.356091082,18.06361008,-2.032034397,6.193149567,1.818272471,0.443426579,-0.356091082,18.06361008,-2.032034397,6.193149567,1.818272471,0.443426579,-0.356091082
1.950000093,0.261413246,0.375586063,-0.64815414,-0.606784523,0.031869709,0.095063157,0.197650939,-0.093404911,-0.349774361,-0.905405104,-0.2893399,-0.02540477,18.3835907,-1.337107658,5.683813572,1.8598212,0.455260187,-0.361358702,18.3835907,-1.337107658,5.683813572,1.8598212,0.455260187,-0.361358702,18.3835907,-1.337107658,5.683813572,1.8598212,0.455260187,-0.361358702
1.960000093,0.263406426,0.374676257,-0.651717067,-0.61573571,0.029022153,0.094795175,0.199993506,-0.089768901,-0.35903278,-0.892502129,-0.283602208,-0.027187461,18.44124985,-0.777466118,5.289720058,1.840446711,0.45110029,-0.357524663,18.44124985,-0.777466118,5.289720058,1.840446711,0.45110029,-0.357524663,18.44124985,-0.777466118,5.289720058,1.840446711,0.45110029,-0.357524663
1.970000094,0.265423447,0.37383607,-0.655421138,-0.624576271,0.026227769,0.094509788,0.202329025,-0.082529858,-0.373375982,-0.882337034,-0.27843979,-0.028854128,18.34284019,-0.674987316,5.275495529,1.768605709,0.435175598,-0.342021286,18.34284019,-0.674987316,5.275495529,1.768605709,0.435175598,-0.342021286,18.34284019,-0.674987316,5.275495529,1.768605709,0.435175598,-0.342021286
1.980000094,0.26746431,0.373022586,-0.659195781,-0.633361518,0.023475703,0.094216056,0.204629719,-0.08143834,-0.377886146,-0.87784332,-0.27446577,-0.029466419,17.8852253,-0.955129862,5.596661568,1.674631596,0.414512813,-0.320245385,17.8852253,-0.955129862,5.596661568,1.674631596,0.414512813,-0.320245385,17.8852253,-0.955129862,5.596661568,1.674631596,0.414512813,-0.320245385
1.990000095,0.269529015,0.372149974,-0.662903666,-0.642146766,0.02075344,0.093925662,0.206864789,-0.089311942,-0.368314743,-0.878908992,-0.271731406,-0.028905157,17.11302185,-1.279168844,5.964308739,1.603351593,0.396898985,-0.301414281,17.11302185,-1.279168844,5.964308739,1.603351593,0.396898985,-0.301414281,17.11302185,-1.279168844,5.964308739,1.603351593,0.396898985,-0.301414281
2.000000095,0.271614701,0.371161968,-0.666458964,-0.650968254,0.018052038,0.093645282,0.209002554,-0.10129828,-0.352187872,-0.882785499,-0.269773841,-0.027825337,16.04361534,-1.341236472,6.110005379,1.578984976,0.387047857,-0.291454017,16.04361534,-1.341236472,6.110005379,1.578984976,0.387047857,-0.291454017,16.04361534,-1.341236472,6.110005379,1.578984976,0.387047857,-0.291454017
2.010000095,0.273721367,0.370079547,-0.669892192,-0.659822166,0.015368637,0.093373485,0.211020291,-0.109711125,-0.341288954,-0.885949075,-0.267976642,-0.027086215,14.79756737,-1.07150197,5.975926876,1.60226512,0.384938478,-0.289808959,14.79756737,-1.07150197,5.975926876,1.60226512,0.384938478,-0.289808959,14.79756737,-1.07150197,5.975926876,1.60226512,0.384938478,-0.289808959
2.020000096,0.275848061,0.368821651,-0.673087001,-0.668676078,0.012714531,0.093112655,0.213077083,-0.13068606,-0.312502712,-0.885053515,-0.264675409,-0.025784176,15.51357555,-1.715973139,6.605806351,1.779683709,0.442387789,-0.289727777,15.51357555,-1.715973139,6.605806351,1.779683709,0.442387789,-0.289727777,15.51357555,-1.715973139,6.605806351,1.779683709,0.442387789,-0.289727777
2.030000096,0.277995735,0.367274791,-0.675879359,-0.677478492,0.010108557,0.092867322,0.215194464,-0.161137253,-0.27049318,-0.878714085,-0.259485096,-0.024230316,16.0271492,-1.974166989,6.912247658,1.942538977,0.492708892,-0.292874277,16.0271492,-1.974166989,6.912247658,1.942538977,0.492708892,-0.292874277,16.0271492,-1.974166989,6.912247658,1.942538977,0.492708892,-0.292874277
2.040000097,0.280165344,0.365458041,-0.678307414,-0.686166465,0.007568423,0.092631049,0.217341512,-0.186602175,-0.236456901,-0.866255999,-0.252558887,-0.023538442,16.27723312,-1.584193826,6.671674252,2.057988167,0.525819421,-0.301053464,16.27723312,-1.584193826,6.671674252,2.057988167,0.525819421,-0.301053464,16.27723312,-1.584193826,6.671674252,2.057988167,0.525819421,-0.301053464
2.050000097,0.282354981,0.363503009,-0.680571437,-0.694694221,0.005107481,0.092390008,0.219485506,-0.19693315,-0.224974886,-0.849048555,-0.244422927,-0.024332182,16.2330513,-0.830928147,6.127381802,2.097673893,0.537647665,-0.307536662,16.2330513,-0.830928147,6.127381802,2.097673893,0.537647665,-0.307536662,16.2330513,-0.830928147,6.127381802,2.097673893,0.537647665,-0.307536662
2.060000098,0.284567505,0.361557513,-0.682885051,-0.703038871,0.002730366,0.092132278,0.221605197,-0.193229914,-0.233942345,-0.830874205,-0.236031294,-0.026183734,15.98941326,-0.224284008,5.704416752,2.056773901,0.528751194,-0.304172158,15.98941326,-0.224284008,5.704416752,2.056773901,0.528751194,-0.304172158,15.98941326,-0.224284008,5.704416752,2.056773901,0.528751194,-0.304172158
2.070000098,0.286799103,0.359686404,-0.685337901,-0.711232841,0.000431014,0.091855712,0.223673642,-0.185429245,-0.248359352,-0.816741586,-0.228463396,-0.02795469,15.40759087,-0.099072702,5.673482418,1.946368098,0.504713118,-0.288359791,15.40759087,-0.099072702,5.673482418,1.946368098,0.504713118,-0.288359791,15.40759087,-0.099072702,5.673482418,1.946368098,0.504713118,-0.288359791
2.080000099,0.289051682,0.357848674,-0.687863231,-0.71934098,-0.001804838,0.091570325,0.225676417,-0.183829322,-0.252926528,-0.809972644,-0.222449511,-0.028647767,14.67806721,-0.390449107,5.98445034,1.812802553,0.474867761,-0.265277445,14.67806721,-0.390449107,5.98445034,1.812802553,0.474867761,-0.265277445,14.67806721,-0.390449107,5.98445034,1.812802553,0.474867761,-0.265277445
2.090000099,0.291323334,0.355950862,-0.690317988,-0.72744149,-0.003993437,0.091287561,0.227590203,-0.191708937,-0.242927134,-0.810459852,-0.218042821,-0.028117631,13.67543983,-0.748431504,6.350943089,1.704369545,0.4488087,-0.245340556,13.67543983,-0.748431504,6.350943089,1.704369545,0.4488087,-0.245340556,13.67543983,-0.748431504,6.350943089,1.704369545,0.4488087,-0.245340556
2.1000001,0.29361406,0.353934795,-0.692612529,-0.735576332,-0.006146654,0.091015048,0.229393199,-0.204089165,-0.226025775,-0.814751804,-0.214688808,-0.027005849,12.48858547,-0.831110537,6.488379955,1.658622146,0.432340831,-0.234159514,12.48858547,-0.831110537,6.488379955,1.658622146,0.432340831,-0.234159514,12.48858547,-0.831110537,6.488379955,1.658622146,0.432340831,-0.234159514
2.1100001,0.295921952,0.351820499,-0.694777369,-0.743755043,-0.008269145,0.090751596,0.231062084,-0.212986916,-0.214372277,-0.818641961,-0.211646199,-0.026183881,11.09024906,-0.569646597,6.33423996,1.670372844,0.425498545,-0.231877491,11.09024906,-0.569646597,6.33423996,1.670372844,0.425498545,-0.231877491,11.09024906,-0.569646597,6.33423996,1.670372844,0.425498545,-0.231877491
2.120000101,0.298246056,0.349523097,-0.696696162,-0.751931846,-0.010348394,0.090500064,0.232710987,-0.234696388,-0.185076177,-0.816944122,-0.20688805,-0.024863252,11.09187317,-1.237518787,6.957985401,1.892580748,0.49027738,-0.234072685,11.09187317,-1.237518787,6.957985401,1.892580748,0.49027738,-0.234072685,11.09187317,-1.237518787,6.957985401,1.892580748,0.49027738,-0.234072685
2.130000101,0.300585419,0.346930057,-0.698214412,-0.760032356,-0.012362584,0.090263076,0.234354869,-0.265919983,-0.142956853,-0.807834983,-0.199943781,-0.023405179,10.9487133,-1.499824524,7.252087116,2.096423864,0.54695648,-0.240014538,10.9487133,-1.499824524,7.252087116,2.096423864,0.54695648,-0.240014538,10.9487133,-1.499824524,7.252087116,2.096423864,0.54695648,-0.240014538
2.140000102,0.302942902,0.34405759,-0.699364543,-0.767980278,-0.014291539,0.090033956,0.235974044,-0.292171448,-0.108685933,-0.791248322,-0.19103919,-0.022866847,10.66832352,-1.105072498,7.012286186,2.232599735,0.583307505,-0.249907866,10.66832352,-1.105072498,7.012286186,2.232599735,0.583307505,-0.249907866,10.66832352,-1.105072498,7.012286186,2.232599735,0.583307505,-0.249907866
2.150000102,0.305315644,0.341042072,-0.70034492,-0.775720298,-0.016120644,0.08979816,0.23753947,-0.303086817,-0.096792519,-0.769380033,-0.180819049,-0.023838162,10.1089201,-0.329643309,6.463150024,2.271271467,0.594632328,-0.257464528,10.1089201,-0.329643309,6.463150024,2.271271467,0.594632328,-0.257464528,10.1089201,-0.329643309,6.463150024,2.271271467,0.594632328,-0.257464528
2.160000103,0.30770269,0.338032275,-0.701372981,-0.783235252,-0.017845305,0.089543767,0.23903577,-0.299708784,-0.105320118,-0.746958792,-0.170379192,-0.0258686,9.421870232,0.295349419,6.02783823,2.208501101,0.5819543,-0.254357487,9.421870232,0.295349419,6.02783823,2.208501101,0.5819543,-0.254357487,9.421870232,0.295349419,6.02783823,2.208501101,0.5819543,-0.254357487
2.170000103,0.310104996,0.335095912,-0.702536464,-0.790563285,-0.019473167,0.089269347,0.240454331,-0.292021692,-0.119343042,-0.729669213,-0.160947964,-0.027824929,8.611251831,0.437051207,5.986780167,2.066914082,0.551875651,-0.238379806,8.611251831,0.437051207,5.986780167,2.066914082,0.551875651,-0.238379806,8.611251831,0.437051207,5.986780167,2.066914082,0.551875651,-0.238379806
2.180000104,0.312520653,0.332191974,-0.703770518,-0.797788322,-0.021020981,0.088983245,0.241781443,-0.290400088,-0.123682417,-0.7211954,-0.153337494,-0.028737118,7.609784126,0.15392369,6.283836842,1.898054123,0.515196025,-0.215363577,7.609784126,0.15392369,6.283836842,1.898054123,0.515196025,-0.215363577,7.609784126,0.15392369,6.283836842,1.898054123,0.515196025,-0.215363577
2.190000104,0.314948708,0.329230815,-0.704932094,-0.8049981,-0.022507818,0.088698097,0.243005857,-0.298171729,-0.113650963,-0.721159935,-0.147606358,-0.028418062,6.498050213,-0.198439166,6.637094021,1.763756275,0.482780248,-0.194348678,6.498050213,-0.198439166,6.637094021,1.763756275,0.482780248,-0.194348678,6.498050213,-0.198439166,6.637094021,1.763756275,0.482780248,-0.194348678
2.200000104,0.317387253,0.326151401,-0.705935359,-0.812246025,-0.023947628,0.088421293,0.244115517,-0.310519606,-0.096777,-0.725618899,-0.143132851,-0.027474005,5.283490658,-0.289068878,6.760694981,1.701450825,0.461284578,-0.182321504,5.283490658,-0.289068878,6.760694981,1.701450825,0.461284578,-0.182321504,5.283490658,-0.289068878,6.760694981,1.701450825,0.461284578,-0.182321504
2.210000105,0.319836289,0.322971851,-0.70680511,-0.819535911,-0.025346668,0.088152833,0.245101348,-0.319513887,-0.085026078,-0.729774237,-0.139104724,-0.026740365,4.013917923,-0.03274386,6.599161625,1.708612204,0.450695276,-0.179025084,4.013917923,-0.03274386,6.599161625,1.708612204,0.450695276,-0.179025084,4.013917923,-0.03274386,6.599161625,1.708612204,0.450695276,-0.179025084
2.220000105,0.322294861,0.319613963,-0.707440257,-0.826816261,-0.026691886,0.087893911,0.246004805,-0.340672702,-0.057056308,-0.727228701,-0.133259624,-0.025670586,3.19280982,-0.677792847,7.17301321,1.957342029,0.518488944,-0.184974447,3.19280982,-0.677792847,7.17301321,1.957342029,0.518488944,-0.184974447,3.19280982,-0.677792847,7.17301321,1.957342029,0.518488944,-0.184974447
2.230000106,0.324762017,0.315968066,-0.707695842,-0.83400315,-0.027959974,0.087645717,0.246827468,-0.370964438,-0.01719128,-0.716069221,-0.125085667,-0.024611229,2.294505596,-0.936100245,7.442611694,2.183029413,0.57772547,-0.193721324,2.294505596,-0.936100245,7.442611694,2.183029413,0.57772547,-0.193721324,2.294505596,-0.936100245,7.442611694,2.183029413,0.57772547,-0.193721324
2.240000106,0.327235848,0.312050372,-0.707604289,-0.841012657,-0.029129894,0.0874011,0.247557431,-0.396572739,0.015237297,-0.696660519,-0.114867002,-0.024488667,1.334201574,-0.557441235,7.211446762,2.330567598,0.614910901,-0.204916999,1.334201574,-0.557441235,7.211446762,2.330567598,0.614910901,-0.204916999,1.334201574,-0.557441235,7.211446762,2.330567598,0.614910901,-0.204916999
2.250000107,0.329716355,0.307989627,-0.707350612,-0.847781837,-0.030186685,0.087146468,0.248188689,-0.407635987,0.026684277,-0.671765924,-0.10332834,-0.025792414,0.362731487,0.189409509,6.69238615,2.368239164,0.625212908,-0.212646991,0.362731487,0.189409509,6.69238615,2.368239164,0.625212908,-0.212646991,0.362731487,0.189409509,6.69238615,2.368239164,0.625212908,-0.212646991
2.260000107,0.332202584,0.303928882,-0.707138896,-0.854299247,-0.031126412,0.086870618,0.248716936,-0.40503028,0.018935313,-0.646740496,-0.091637112,-0.028083893,-0.661982894,0.802557766,6.278029442,2.290442705,0.609918177,-0.209705502,-0.661982894,0.802557766,6.278029442,2.290442705,0.609918177,-0.209705502,-0.661982894,0.802557766,6.278029442,2.290442705,0.609918177,-0.209705502
2.270000108,0.334692627,0.299932986,-0.707053065,-0.860608757,-0.031957615,0.08657188,0.249141961,-0.398146868,0.005928711,-0.62754941,-0.081065081,-0.030304495,-1.718409896,0.958627164,6.23169899,2.129042864,0.576409876,-0.194207922,-1.718409896,0.958627164,6.23169899,2.129042864,0.576409876,-0.194207922,-1.718409896,0.958627164,6.23169899,2.129042864,0.576409876,-0.194207922
2.280000108,0.337186486,0.295965701,-0.707030177,-0.866803825,-0.032698501,0.086258359,0.249468356,-0.396778136,0.00191363,-0.61792177,-0.072447233,-0.031538866,-2.753246784,0.713419318,6.503837109,1.939881921,0.535984218,-0.171483323,-2.753246784,0.713419318,6.503837109,1.939881921,0.535984218,-0.171483323,-2.753246784,0.713419318,6.503837109,1.939881921,0.535984218,-0.171483323
2.290000109,0.339683205,0.291943103,-0.706942439,-0.872974098,-0.033369172,0.085941978,0.24969621,-0.404091299,0.011223447,-0.617276311,-0.065831877,-0.031592757,-3.807609797,0.396982342,6.82450819,1.790259957,0.500132263,-0.150362477,-3.807609797,0.396982342,6.82450819,1.790259957,0.500132263,-0.150362477,-3.807609797,0.396982342,6.82450819,1.790259957,0.500132263,-0.150362477
2.300000109,0.342181832,0.287810832,-0.706705928,-0.879182518,-0.033985127,0.085630603,0.249823824,-0.415668309,0.02702722,-0.621605873,-0.060595147,-0.030999508,-4.859592438,0.324138284,6.939362526,1.714718223,0.475530744,-0.13740328,-4.859592438,0.324138284,6.939362526,1.714718223,0.475530744,-0.13740328,-4.859592438,0.324138284,6.939362526,1.714718223,0.475530744,-0.13740328
2.31000011,0.344680458,0.283584148,-0.706343532,-0.885432899,-0.034553278,0.085324712,0.249850303,-0.424183846,0.038169548,-0.625864208,-0.055901341,-0.030517062,-5.893673897,0.567042768,6.784945965,1.716020823,0.462583065,-0.132977322,-5.893673897,0.567042768,6.784945965,1.716020823,0.462583065,-0.132977322,-5.893673897,0.567042768,6.784945965,1.716020823,0.462583065,-0.132977322
2.32000011,0.347179085,0.279191524,-0.705767512,-0.891669929,-0.035061467,0.085024305,0.249726802,-0.443758786,0.063534759,-0.622615218,-0.049435936,-0.029900009,-7.626524925,-0.028341696,7.284017563,1.97996366,0.528486669,-0.143341392,-7.626524925,-0.028341696,7.284017563,1.97996366,0.528486669,-0.143341392,-7.626524925,-0.028341696,7.284017563,1.97996366,0.528486669,-0.143341392
2.330000111,0.349673897,0.274533778,-0.704850078,-0.89779824,-0.035486449,0.084728904,0.24944064,-0.471621692,0.099197745,-0.609850287,-0.04067212,-0.029488446,-9.332543373,-0.266393483,7.510798454,2.218893051,0.586250484,-0.155539632,-9.332543373,-0.266393483,7.510798454,2.218893051,0.586250484,-0.155539632,-9.332543373,-0.266393483,7.510798454,2.218893051,0.586250484,-0.155539632
2.340000111,0.352164894,0.269625217,-0.703623652,-0.903730094,-0.035807956,0.084430166,0.24900043,-0.495274454,0.127907529,-0.588512361,-0.029919859,-0.030037204,-10.87639332,0.077393569,7.291610718,2.369165659,0.621867239,-0.168419853,-10.87639332,0.077393569,7.291610718,2.369165659,0.621867239,-0.168419853,-10.87639332,0.077393569,7.291610718,2.369165659,0.621867239,-0.168419853
2.350000112,0.35465017,0.264582187,-0.702257991,-0.909404457,-0.036011804,0.084115691,0.248413146,-0.505833626,0.137711689,-0.561953545,-0.017922768,-0.031884376,-12.32911396,0.76048553,6.821509361,2.400523901,0.630801201,-0.175996751,-12.32911396,0.76048553,6.821509361,2.400523901,0.630801201,-0.175996751,-12.32911396,0.76048553,6.821509361,2.400523901,0.630801201,-0.175996751
2.360000112,0.357127815,0.259532481,-0.700932384,-0.914813697,-0.036094416,0.083775707,0.247691855,-0.50414294,0.13052687,-0.535820305,-0.005845091,-0.034578878,-13.64253044,1.328478694,6.456545353,2.312105417,0.614492476,-0.172641158,-13.64253044,1.328478694,6.456545353,2.312105417,0.614492476,-0.172641158,-13.64253044,1.328478694,6.456545353,2.312105417,0.614492476,-0.172641158
2.370000113,0.359597832,0.254535228,-0.69971931,-0.920011222,-0.036064971,0.083409257,0.24685578,-0.498563886,0.118879579,-0.516024113,0.00506947,-0.037164163,-14.78389931,1.493914485,6.421123028,2.139400959,0.580133915,-0.157315314,-14.78389931,1.493914485,6.421123028,2.139400959,0.580133915,-0.157315314,-14.78389931,1.493914485,6.421123028,2.139400959,0.580133915,-0.157315314
2.380000113,0.362059265,0.249558732,-0.698561549,-0.925088584,-0.035941828,0.083023973,0.245921105,-0.497779191,0.115396716,-0.505925655,0.014023992,-0.038827471,-15.802351,1.303083897,6.666717529,1.944767237,0.539159119,-0.135255903,-15.802351,1.303083897,6.666717529,1.944767237,0.539159119,-0.135255903,-15.802351,1.303083897,6.666717529,1.944767237,0.539159119,-0.135255903
2.390000114,0.364510208,0.244530007,-0.697344661,-0.930133522,-0.035745133,0.082630821,0.244902506,-0.504547417,0.123827361,-0.504815817,0.020985968,-0.039391186,-16.67910004,1.050489664,6.952475548,1.789933801,0.502808213,-0.114462152,-16.67910004,1.050489664,6.952475548,1.789933801,0.502808213,-0.114462152,-16.67910004,1.050489664,6.952475548,1.789933801,0.502808213,-0.114462152
2.400000114,0.366950661,0.239403054,-0.695994258,-0.935214698,-0.035490025,0.082237191,0.243816957,-0.514915466,0.137994185,-0.508826792,0.026565488,-0.039308056,-17.36191368,1.012329936,7.05224514,1.707038403,0.477591842,-0.100807749,-17.36191368,1.012329936,7.05224514,1.707038403,0.477591842,-0.100807749,-17.36191368,1.012329936,7.05224514,1.707038403,0.477591842,-0.100807749
2.410000114,0.369378716,0.234192654,-0.694533229,-0.940335929,-0.035184372,0.081844993,0.2426783,-0.522427678,0.147915572,-0.512957454,0.031554181,-0.039219972,-17.89232635,1.24790597,6.911309242,1.703858018,0.46357429,-0.094679274,-17.89232635,1.24790597,6.911309242,1.703858018,0.46357429,-0.094679274,-17.89232635,1.24790597,6.911309242,1.703858018,0.46357429,-0.094679274
2.420000115,0.371795326,0.228839681,-0.692892909,-0.945438087,-0.034816969,0.081452794,0.241327554,-0.539101481,0.169088513,-0.509084105,0.038145442,-0.039254941,-20.53025818,0.74728179,7.305271149,1.96973455,0.523027539,-0.110120535,-20.53025818,0.74728179,7.305271149,1.96973455,0.523027539,-0.110120535,-20.53025818,0.74728179,7.305271149,1.96973455,0.523027539,-0.110120535
2.430000115,0.374195725,0.223262116,-0.690970302,-0.950421989,-0.034366835,0.08105702,0.23973304,-0.562738657,0.19835569,-0.495336801,0.046823356,-0.03974022,-23.0326786,0.546170175,7.477557659,2.207618952,0.574982584,-0.126291528,-23.0326786,0.546170175,7.477557659,2.207618952,0.574982584,-0.126291528,-23.0326786,0.546170175,7.477557659,2.207618952,0.574982584,-0.126291528
2.440000116,0.376578957,0.217470452,-0.688797832,-0.955199897,-0.03381573,0.080648609,0.23791945,-0.583010077,0.221603483,-0.473264217,0.057271808,-0.041176517,-25.20883942,0.83103174,7.286436558,2.351896286,0.606516838,-0.140242279,-25.20883942,0.83103174,7.286436558,2.351896286,0.606516838,-0.140242279,-25.20883942,0.83103174,7.286436558,2.351896286,0.606516838,-0.140242279
2.450000116,0.378942162,0.211559102,-0.686512828,-0.959722221,-0.033151377,0.080217071,0.235913023,-0.59259069,0.229271412,-0.446705788,0.068775229,-0.043705367,-27.1012001,1.406233191,6.900857449,2.374165773,0.613463342,-0.146786422,-27.1012001,1.406233191,6.900857449,2.374165773,0.613463342,-0.146786422,-27.1012001,1.406233191,6.900857449,2.374165773,0.613463342,-0.146786422
2.460000117,0.381283432,0.2056344,-0.684264064,-0.963983238,-0.032371629,0.079754777,0.233747274,-0.592045486,0.222986668,-0.421067804,0.080271482,-0.046875805,-28.64346313,1.900330901,6.603500843,2.283562899,0.597422421,-0.142403543,-28.64346313,1.900330901,6.603500843,2.283562899,0.597422421,-0.142403543,-28.64346313,1.900330901,6.603500843,2.283562899,0.597422421,-0.142403543
2.470000117,0.383600861,0.199744031,-0.682110667,-0.968036354,-0.031485308,0.079262204,0.231459811,-0.588190913,0.213172361,-0.401775628,0.090664119,-0.049870405,-29.82677269,2.069939137,6.58128643,2.113142729,0.565413356,-0.127149314,-29.82677269,2.069939137,6.58128643,2.113142729,0.565413356,-0.127149314,-29.82677269,2.069939137,6.58128643,2.113142729,0.565413356,-0.127149314
2.480000118,0.385894448,0.193865106,-0.680006862,-0.971971214,-0.030509103,0.07874579,0.22908996,-0.588052511,0.21025537,-0.391790062,0.099260442,-0.052034296,-30.63370514,1.957159042,6.792211056,1.923000336,0.527637482,-0.106303453,-30.63370514,1.957159042,6.792211056,1.923000336,0.527637482,-0.106303453,-30.63370514,1.957159042,6.792211056,1.923000336,0.527637482,-0.106303453
2.490000118,0.388164192,0.187940404,-0.677851558,-0.975871742,-0.029461551,0.078215785,0.226671487,-0.593919814,0.217427552,-0.390323281,0.106026165,-0.053207278,-31.11935806,1.792155027,7.040683746,1.772438049,0.493932188,-0.086123779,-31.11935806,1.792155027,7.040683746,1.772438049,0.493932188,-0.086123779,-31.11935806,1.792155027,7.040683746,1.772438049,0.493932188,-0.086123779
2.500000119,0.390410095,0.181932732,-0.675581813,-0.97980088,-0.028357018,0.077679105,0.224233553,-0.602536857,0.229378909,-0.393724531,0.11150454,-0.053749535,-31.30520248,1.796732664,7.125948906,1.690869927,0.470221102,-0.072073929,-31.30520248,1.796732664,7.125948906,1.690869927,0.470221102,-0.072073929,-31.30520248,1.796732664,7.125948906,1.690869927,0.470221102,-0.072073929
2.510000119,0.392632157,0.175858304,-0.673218608,-0.983766258,-0.027202595,0.077138133,0.221803516,-0.608543694,0.237578809,-0.397432297,0.116409302,-0.054184046,-31.19960403,2.023324013,7.004754543,1.682999849,0.456837207,-0.064508379,-31.19960403,2.023324013,7.004754543,1.682999849,0.456837207,-0.064508379,-31.19960403,2.023324013,7.004754543,1.682999849,0.456837207,-0.064508379
2.52000012,0.394828469,0.16967611,-0.670723796,-0.987708747,-0.025989581,0.076589771,0.219096005,-0.621098459,0.25304231,-0.392958224,0.122620635,-0.055034768,-34.8116684,1.656426787,7.261701584,1.937503338,0.504905224,-0.085098028,-34.8116684,1.656426787,7.261701584,1.937503338,0.504905224,-0.085098028,-34.8116684,1.656426787,7.261701584,1.937503338,0.504905224,-0.085098028
2.53000012,0.396995217,0.163324162,-0.668026805,-0.991527259,-0.024700809,0.076027103,0.216065779,-0.638915956,0.273845434,-0.378684372,0.130528361,-0.056580558,-38.06096268,1.503098845,7.370964527,2.163476944,0.546921611,-0.104773566,-38.06096268,1.503098845,7.370964527,2.163476944,0.546921611,-0.104773566,-38.06096268,1.503098845,7.370964527,2.163476944,0.546921611,-0.104773566
2.540000121,0.39912954,0.156808659,-0.665156245,-0.995141685,-0.023321677,0.075442024,0.212755576,-0.654552639,0.290106028,-0.356864601,0.139824823,-0.059022926,-40.82860184,1.7120893,7.228877068,2.293622732,0.571868658,-0.118844688,-40.82860184,1.7120893,7.228877068,2.293622732,0.571868658,-0.118844688,-40.82860184,1.7120893,7.228877068,2.293622732,0.571868658,-0.118844688
2.550000121,0.401228577,0.150194451,-0.662209392,-0.998510063,-0.021843243,0.074825712,0.209214151,-0.662700117,0.295304209,-0.331649691,0.149880409,-0.062318079,-43.07824326,2.144536257,6.961384773,2.306379557,0.576384366,-0.124269091,-43.07824326,2.144536257,6.961384773,2.306379557,0.576384366,-0.124269091,-43.07824326,2.144536257,6.961384773,2.306379557,0.576384366,-0.124269091
2.560000122,0.403291374,0.143557832,-0.659287333,-1.001639962,-0.020264674,0.074172921,0.205495626,-0.663557231,0.290735453,-0.308080345,0.159838006,-0.066031903,-44.77477646,2.540708065,6.762414455,2.21447897,0.562354505,-0.118915103,-44.77477646,2.540708065,6.762414455,2.21447897,0.562354505,-0.118915103,-44.77477646,2.540708065,6.762414455,2.21447897,0.562354505,-0.118915103
2.570000122,0.405316025,0.136936471,-0.656437755,-1.004577279,-0.018593658,0.073484607,0.201652989,-0.661719799,0.283662528,-0.290508538,0.168854713,-0.069511361,-45.95942307,2.72043395,6.753613949,2.057896614,0.535673618,-0.103972137,-45.95942307,2.72043395,6.753613949,2.057896614,0.535673618,-0.103972137,-45.95942307,2.72043395,6.753613949,2.057896614,0.535673618,-0.103972137
2.580000123,0.407301575,0.130317017,-0.653618693,-1.00740397,-0.016844202,0.072767444,0.197740883,-0.662207365,0.281725556,-0.281264812,0.176397741,-0.072241627,-46.60332489,2.699861526,6.919255733,1.884191155,0.504481673,-0.083956853,-46.60332489,2.699861526,6.919255733,1.884191155,0.504481673,-0.083956853,-46.60332489,2.699861526,6.919255733,1.884191155,0.504481673,-0.083956853
2.590000123,0.409247071,0.123661563,-0.650763392,-1.010203958,-0.015031129,0.072029777,0.193812415,-0.666601002,0.286954612,-0.279478401,0.182462648,-0.07410305,-46.71920395,2.637874603,7.098315239,1.746717691,0.476687759,-0.064688988,-46.71920395,2.637874603,7.098315239,1.746717691,0.476687759,-0.064688988,-46.71920395,2.637874603,7.098315239,1.746717691,0.476687759,-0.064688988
2.600000123,0.411154419,0.116947457,-0.647826076,-1.013015389,-0.013166189,0.071278758,0.189919457,-0.672668576,0.295517355,-0.281764418,0.187451243,-0.075341336,-46.30502701,2.689042568,7.164442062,1.67786479,0.456620723,-0.04997177,-46.30502701,2.689042568,7.164442062,1.67786479,0.456620723,-0.04997177,-46.30502701,2.689042568,7.164442062,1.67786479,0.456620723,-0.04997177
2.610000124,0.413022667,0.11018686,-0.644822001,-1.015857339,-0.01125589,0.070517249,0.186104998,-0.676777959,0.301397532,-0.284635633,0.191899866,-0.076348387,-45.46680069,2.884221792,7.083065033,1.663403153,0.444569558,-0.04091068,-45.46680069,2.884221792,7.083065033,1.663403153,0.444569558,-0.04091068,-45.46680069,2.884221792,7.083065033,1.663403153,0.444569558,-0.04091068
2.620000124,0.414850861,0.10335879,-0.641737819,-1.018668771,-0.009294957,0.069740243,0.181965381,-0.684561729,0.310458362,-0.279631138,0.197201744,-0.078084774,-49.85025024,2.682137489,7.204492092,1.893876791,0.476807684,-0.066622332,-49.85025024,2.682137489,7.204492092,1.893876791,0.476807684,-0.066622332,-49.85025024,2.682137489,7.204492092,1.893876791,0.476807684,-0.066622332
2.630000125,0.416634232,0.09642677,-0.638544917,-1.021358132,-0.007271871,0.068937965,0.177437708,-0.695504725,0.321765244,-0.265517175,0.203641295,-0.080785535,-53.72135925,2.600141048,7.247928619,2.093441725,0.505170465,-0.089605071,-53.72135925,2.600141048,7.247928619,2.093441725,0.505170465,-0.089605071,-53.72135925,2.600141048,7.247928619,2.093441725,0.505170465,-0.089605071
2.640000125,0.418369919,0.089390799,-0.635258555,-1.023852944,-0.005177259,0.068101831,0.172584862,-0.70552361,0.330335647,-0.24509728,0.210957706,-0.084343776,-56.909832,2.731652975,7.170960903,2.203049183,0.521599054,-0.10382726,-56.909832,2.731652975,7.170960903,2.203049183,0.521599054,-0.10382726,-56.909832,2.731652975,7.170960903,2.203049183,0.521599054,-0.10382726
2.650000126,0.420055062,0.082285687,-0.631934047,-1.026122689,-0.003005899,0.067225643,0.167475507,-0.711506486,0.332816184,-0.222633302,0.218695819,-0.08848656,-59.3902359,3.009805918,7.031710625,2.203969717,0.523872256,-0.107236527,-59.3902359,3.009805918,7.031710625,2.203969717,0.523872256,-0.107236527,-59.3902359,3.009805918,7.031710625,2.203969717,0.523872256,-0.107236527
2.660000126,0.421687752,0.075154111,-0.628626704,-1.028182626,-0.000758123,0.0663063,0.162182122,-0.713352561,0.330097288,-0.202535659,0.2262844,-0.092782147,-61.13171387,3.28875351,6.937050343,2.114061594,0.513531387,-0.100231402,-61.13171387,3.28875351,6.937050343,2.114061594,0.513531387,-0.100231402,-61.13171387,3.28875351,6.937050343,2.114061594,0.513531387,-0.100231402
2.670000127,0.423267037,0.068019435,-0.625355601,-1.030089974,0.001560265,0.065346904,0.156778261,-0.713420868,0.326276541,-0.188058257,0.233187452,-0.096733131,-62.13920975,3.463344097,6.950639725,1.973652363,0.494757593,-0.084797338,-62.13920975,3.463344097,6.950639725,1.973652363,0.494757593,-0.084797338,-62.13920975,3.463344097,6.950639725,1.973652363,0.494757593,-0.084797338
2.680000127,0.424791008,0.060878679,-0.622103572,-1.03190577,0.003939718,0.064353175,0.151335433,-0.714280665,0.325245291,-0.180184364,0.239081815,-0.100005083,-62.43861389,3.533015728,7.04899931,1.834321976,0.47297439,-0.065879032,-62.43861389,3.533015728,7.04899931,1.834321976,0.47297439,-0.065879032,-62.43861389,3.533015728,7.04899931,1.834321976,0.47297439,-0.065879032
2.690000128,0.426261574,0.05371587,-0.618828654,-1.033687234,0.006369874,0.063332744,0.145926878,-0.716878772,0.328189731,-0.177941009,0.2439484,-0.102516815,-61.9950943,3.573952436,7.160678864,1.726244926,0.453159362,-0.047410231,-61.9950943,3.573952436,7.160678864,1.726244926,0.453159362,-0.047410231,-61.9950943,3.573952436,7.160678864,1.726244926,0.453159362,-0.047410231
2.700000128,0.427678734,0.046521232,-0.615509868,-1.035476327,0.008842318,0.062292047,0.140616,-0.72012502,0.332927376,-0.178997576,0.248032287,-0.104426347,-60.932827,3.662374973,7.203111172,1.665538549,0.438284725,-0.032573853,-60.932827,3.662374973,7.203111172,1.665538549,0.438284725,-0.032573853,-60.932827,3.662374973,7.203111172,1.665538549,0.438284725,-0.032573853
2.710000129,0.429043442,0.039302513,-0.612152934,-1.037280679,0.011351733,0.061235256,0.135464594,-0.722234249,0.336233377,-0.180700138,0.251649708,-0.105987035,-59.23831177,3.816401243,7.16875267,1.653102994,0.428667933,-0.022194376,-59.23831177,3.816401243,7.16875267,1.653102994,0.428667933,-0.022194376,-59.23831177,3.816401243,7.16875267,1.653102994,0.428667933,-0.022194376
2.720000129,0.430354744,0.032060668,-0.608773112,-1.039046884,0.013899385,0.060154863,0.129955694,-0.724707603,0.338178486,-0.175145328,0.25557363,-0.108622827,-64.22659302,3.813299656,7.149163246,1.847890854,0.441901803,-0.053017452,-64.22659302,3.813299656,7.149163246,1.847890854,0.441901803,-0.053017452,-64.22659302,3.813299656,7.149163246,1.847890854,0.441901803,-0.053017452
2.73000013,0.431607872,0.02478908,-0.605385661,-1.040691018,0.016490001,0.059037872,0.124008939,-0.727809429,0.338936567,-0.161619544,0.259953797,-0.112520173,-68.5591507,3.828753471,7.129386425,2.011365891,0.453881085,-0.079078399,-68.5591507,3.828753471,7.129386425,2.011365891,0.453881085,-0.079078399,-68.5591507,3.828753471,7.129386425,2.011365891,0.453881085,-0.079078399
2.74000013,0.432798058,0.017483994,-0.602000117,-1.042159677,0.019126672,0.057875223,0.117703557,-0.731191337,0.338996202,-0.143560246,0.264603823,-0.117236145,-72.05541229,3.888321161,7.129414082,2.089976311,0.460240334,-0.092887104,-72.05541229,3.888321161,7.129414082,2.089976311,0.460240334,-0.092887104,-72.05541229,3.888321161,7.129414082,2.089976311,0.460240334,-0.092887104
2.750000131,0.43392244,0.010145865,-0.598612666,-1.043449044,0.021810014,0.056662865,0.111130662,-0.734463394,0.339028686,-0.125154838,0.269270331,-0.12223696,-74.61008453,3.996153831,7.152071953,2.07734108,0.460178643,-0.093566276,-74.61008453,3.996153831,7.152071953,2.07734108,0.460178643,-0.093566276,-74.61008453,3.996153831,7.152071953,2.07734108,0.460178643,-0.093566276
2.760000131,0.434980065,0.002779402,-0.595217586,-1.04457438,0.024538595,0.055401631,0.104383402,-0.737157464,0.339153379,-0.109428108,0.273742944,-0.127062529,-76.2230835,4.141674519,7.17634964,2.004639626,0.454941243,-0.083782859,-76.2230835,4.141674519,7.17634964,2.004639626,0.454941243,-0.083782859,-76.2230835,4.141674519,7.17634964,2.004639626,0.454941243,-0.083782859
2.770000132,0.435969025,-0.004606393,-0.591822505,-1.045577645,0.027309317,0.054096051,0.097550504,-0.738883018,0.339064926,-0.098063886,0.27789107,-0.131409317,-76.94927216,4.30584383,7.18911171,1.899011731,0.446395814,-0.067776375,-76.94927216,4.30584383,7.18911171,1.899011731,0.446395814,-0.067776375,-76.94927216,4.30584383,7.18911171,1.899011731,0.446395814,-0.067776375
2.780000132,0.436889321,-0.012002214,-0.588436961,-1.046500802,0.030118246,0.052751966,0.090721697,-0.739715636,0.338918298,-0.091339551,0.281628639,-0.135139585,-76.7651062,4.463589191,7.209289551,1.794533968,0.436492115,-0.049832731,-76.7651062,4.463589191,7.209289551,1.794533968,0.436492115,-0.049832731,-76.7651062,4.463589191,7.209289551,1.794533968,0.436492115,-0.049832731
2.790000133,0.437742859,-0.019402906,-0.585043788,-1.047389627,0.03296097,0.051375695,0.08398322,-0.740145266,0.33941105,-0.088644549,0.284903377,-0.138238072,-75.72332001,4.598609924,7.250950336,1.709606647,0.426717281,-0.032789174,-75.72332001,4.598609924,7.250950336,1.709606647,0.426717281,-0.032789174,-75.72332001,4.598609924,7.250950336,1.709606647,0.426717281,-0.032789174
2.800000133,0.438530594,-0.026805863,-0.581642985,-1.048267007,0.03583296,0.04997272,0.077412322,-0.740320802,0.340195626,-0.08846724,0.287751764,-0.140776113,-73.92029572,4.713154316,7.2709198,1.659613132,0.418172061,-0.018406069,-73.92029572,4.713154316,7.2709198,1.659613132,0.418172061,-0.018406069,-73.92029572,4.713154316,7.2709198,1.659613132,0.418172061,-0.018406069
2.810000133,0.439253479,-0.034209058,-0.578236461,-1.049163461,0.03873058,0.04854805,0.07108321,-0.740302444,0.340866804,-0.089404166,0.290251523,-0.142868191,-71.36963654,4.813720226,7.279565811,1.637588263,0.411583006,-0.007132018,-71.36963654,4.813720226,7.279565811,1.637588263,0.411583006,-0.007132018,-71.36963654,4.813720226,7.279565811,1.637588263,0.411583006,-0.007132018
2.820000134,0.439911515,-0.041587874,-0.574868083,-1.050014138,0.041650612,0.047091909,0.064385466,-0.737087607,0.335432559,-0.083726875,0.292424619,-0.146363601,-76.69116211,5.034887314,7.126315594,1.799601912,0.403404862,-0.041923936,-76.69116211,5.034887314,7.126315594,1.799601912,0.403404862,-0.041923936,-76.69116211,5.034887314,7.126315594,1.799601912,0.403404862,-0.041923936
2.830000134,0.440498024,-0.048916742,-0.571593165,-1.050754189,0.044589717,0.04558868,0.057223771,-0.731745899,0.325364918,-0.07132832,0.294260591,-0.151390418,-81.25117493,5.167184353,7.055484772,1.924731851,0.396915466,-0.069944985,-81.25117493,5.167184353,7.055484772,1.924731851,0.396915466,-0.069944985,-81.25117493,5.167184353,7.055484772,1.924731851,0.396915466,-0.069944985
2.840000135,0.441010147,-0.05620186,-0.568407893,-1.051345468,0.047543842,0.044028707,0.049696501,-0.727808952,0.316784173,-0.056050815,0.295689315,-0.157176435,-84.7740097,5.161976337,7.140608311,1.977351546,0.392294109,-0.08266218,-84.7740097,5.161976337,7.140608311,1.977351546,0.392294109,-0.08266218,-84.7740097,5.161976337,7.140608311,1.977351546,0.392294109,-0.08266218
2.850000135,0.441445023,-0.063477084,-0.565264583,-1.051787972,0.050509293,0.042410918,0.041907433,-0.727648616,0.314179748,-0.041827422,0.296734005,-0.162924051,-87.25505066,5.094035625,7.316774845,1.957300901,0.390267342,-0.080067068,-87.25505066,5.094035625,7.316774845,1.957300901,0.390267342,-0.080067068,-87.25505066,5.094035625,7.316774845,1.957300901,0.390267342,-0.080067068
2.860000136,0.441800743,-0.070776984,-0.562098384,-1.052112222,0.053483326,0.040739484,0.03396143,-0.730726898,0.317475796,-0.030997012,0.297571212,-0.168167979,-88.67154694,5.091455936,7.472198009,1.890773058,0.391069353,-0.067637004,-88.67154694,5.091455936,7.472198009,1.890773058,0.391069353,-0.067637004,-88.67154694,5.091455936,7.472198009,1.890773058,0.391069353,-0.067637004
2.870000136,0.442076355,-0.078111693,-0.558884501,-1.052363992,0.0564663,0.039020486,0.025962429,-0.734129012,0.322404832,-0.023789566,0.298484713,-0.172796369,-89.03160858,5.227276325,7.511021137,1.812703967,0.394313425,-0.051120799,-89.03160858,5.227276325,7.511021137,1.812703967,0.394313425,-0.051120799,-89.03160858,5.227276325,7.511021137,1.812703967,0.394313425,-0.051120799
2.880000137,0.442271858,-0.085461423,-0.555643916,-1.052562356,0.059460241,0.037259765,0.018012119,-0.735036194,0.32442537,-0.019003097,0.299654633,-0.17687282,-88.36235046,5.466957569,7.448217392,1.752796888,0.397843122,-0.03432351,-88.36235046,5.466957569,7.448217392,1.752796888,0.397843122,-0.03432351,-88.36235046,5.466957569,7.448217392,1.752796888,0.397843122,-0.03432351
2.890000137,0.44238916,-0.092795655,-0.552416682,-1.052726388,0.062467892,0.035462208,0.010208926,-0.732834518,0.322211117,-0.015778054,0.301053822,-0.180456102,-86.70529175,5.70025444,7.368353367,1.706575513,0.399648577,-0.01889481,-86.70529175,5.70025444,7.368353367,1.706575513,0.399648577,-0.01889481,-86.70529175,5.70025444,7.368353367,1.706575513,0.399648577,-0.01889481
2.900000138,0.442431122,-0.100095555,-0.54923141,-1.052867532,0.065489851,0.033632942,0.002643744,-0.729214966,0.317963213,-0.013766696,0.302463472,-0.183527768,-84.15245819,5.83520937,7.349227428,1.674623728,0.398353845,-0.00513048,-84.15245819,5.83520937,7.349227428,1.674623728,0.398353845,-0.00513048,-84.15245819,5.83520937,7.349227428,1.674623728,0.398353845,-0.00513048
2.910000138,0.442397743,-0.107366845,-0.546072841,-1.053001046,0.068523727,0.031777211,-0.0046011,-0.726692915,0.315324754,-0.01295263,0.303633511,-0.186062947,-80.79161072,5.85756731,7.414562225,1.653315067,0.394767672,0.006418774,-80.79161072,5.85756731,7.414562225,1.653315067,0.394767672,0.006418774,-80.79161072,5.85756731,7.414562225,1.653315067,0.394767672,0.006418774
2.920000139,0.442290932,-0.114565417,-0.543017268,-1.05308497,0.071561895,0.02988375,-0.012200906,-0.717750371,0.302504718,-0.007000284,0.303789735,-0.190286055,-86.12046051,6.296716213,7.149742126,1.761004686,0.364051849,-0.031057537,-86.12046051,6.296716213,7.149742126,1.761004686,0.364051849,-0.031057537,-86.12046051,6.296716213,7.149742126,1.761004686,0.364051849,-0.031057537
2.930000139,0.442104965,-0.12163572,-0.540152431,-1.053069711,0.074591957,0.027933605,-0.020262845,-0.704149008,0.282318801,0.003755193,0.302742928,-0.196279451,-90.63566589,6.549025536,7.054066658,1.839105368,0.338041663,-0.060279626,-90.63566589,6.549025536,7.054066658,1.839105368,0.338041663,-0.060279626,-90.63566589,6.549025536,7.054066658,1.839105368,0.338041663,-0.060279626
2.94000014,0.441835076,-0.128587157,-0.537463069,-1.052940011,0.077601992,0.025917597,-0.028683001,-0.693056107,0.266247988,0.015343977,0.300579131,-0.202950805,-94.06842804,6.492975712,7.23868227,1.859437227,0.322214156,-0.070938431,-94.06842804,6.492975712,7.23868227,1.859437227,0.322214156,-0.070938431,-94.06842804,6.492975712,7.23868227,1.859437227,0.322214156,-0.070938431
2.95000014,0.441479355,-0.13548556,-0.53483665,-1.052711129,0.080584608,0.023837276,-0.037344169,-0.689436734,0.262433738,0.024410754,0.297643512,-0.209273458,-96.31003571,6.270840168,7.580491066,1.832787156,0.31897974,-0.064821683,-96.31003571,6.270840168,7.580491066,1.832787156,0.31897974,-0.064821683,-96.31003571,6.270840168,7.580491066,1.832787156,0.31897974,-0.064821683
2.960000141,0.441035897,-0.142400652,-0.532158732,-1.052421212,0.08353623,0.021700092,-0.046131592,-0.692306936,0.269456267,0.030027268,0.294555634,-0.214782327,-97.39697266,6.137995243,7.836224556,1.7862252,0.326732486,-0.049635578,-97.39697266,6.137995243,7.836224556,1.7862252,0.326732486,-0.049635578,-97.39697266,6.137995243,7.836224556,1.7862252,0.326732486,-0.049635578
2.970000141,0.440503746,-0.149355322,-0.529393077,-1.052089334,0.086461626,0.019513793,-0.054932438,-0.696254253,0.278673708,0.033633508,0.292028904,-0.219545648,-97.32949829,6.247514725,7.863162041,1.750709534,0.342574149,-0.032600667,-97.32949829,6.247514725,7.863162041,1.750709534,0.342574149,-0.032600667,-97.32949829,6.247514725,7.863162041,1.750709534,0.342574149,-0.032600667
2.980000142,0.439884812,-0.156320006,-0.526575923,-1.051726937,0.089368902,0.017283984,-0.063635677,-0.696253419,0.281932533,0.036918562,0.290467024,-0.22381407,-96.13166046,6.540426254,7.712193966,1.727503657,0.359789282,-0.017148489,-96.13166046,6.540426254,7.712193966,1.727503657,0.359789282,-0.017148489,-96.13166046,6.540426254,7.712193966,1.727503657,0.359789282,-0.017148489
2.990000142,0.439180046,-0.163243681,-0.523793101,-1.051326394,0.092268072,0.015014586,-0.072139055,-0.691137731,0.276860625,0.040673561,0.289821863,-0.22770299,-93.91964722,6.827215195,7.528507233,1.713245869,0.37322408,-0.003539059,-93.91964722,6.827215195,7.528507233,1.713245869,0.37322408,-0.003539059,-93.91964722,6.827215195,7.528507233,1.713245869,0.37322408,-0.003539059
3.000000142,0.438393265,-0.170099169,-0.521094203,-1.050895333,0.095164619,0.012710002,-0.080343127,-0.684111714,0.26818198,0.044117581,0.289619863,-0.231119812,-90.7147522,6.942146301,7.478916168,1.69256711,0.379157841,0.008994535,-90.7147522,6.942146301,7.478916168,1.69256711,0.379157841,0.008994535,-90.7147522,6.942146301,7.478916168,1.69256711,0.379157841,0.008994535
3.010000143,0.437527329,-0.176903635,-0.51845634,-1.05043757,0.098058544,0.010376063,-0.088158756,-0.67965281,0.262891531,0.046206795,0.289313018,-0.233926758,-86.64606476,6.871546745,7.591235638,1.670912385,0.378778994,0.020200998,-86.64606476,6.871546745,7.591235638,1.670912385,0.378778994,0.020200998,-86.64606476,6.871546745,7.591235638,1.670912385,0.378778994,0.020200998
3.020000143,0.43658033,-0.183592707,-0.515972972,-1.049930215,0.100936256,0.007999805,-0.096301444,-0.665566504,0.243780196,0.051981818,0.287279993,-0.238680452,-91.77855682,7.54714632,7.245137215,1.728895307,0.325597852,-0.018709254,-91.77855682,7.54714632,7.245137215,1.728895307,0.325597852,-0.018709254,-91.77855682,7.54714632,7.245137215,1.728895307,0.325597852,-0.018709254
3.030000144,0.435548455,-0.190077692,-0.513768077,-1.049338937,0.103777252,0.005559823,-0.104875475,-0.643939734,0.214456454,0.060801703,0.283203185,-0.245418608,-95.93457031,7.948706627,7.128899097,1.764676213,0.28101778,-0.047967423,-95.93457031,7.948706627,7.128899097,1.764676213,0.28101778,-0.047967423,-95.93457031,7.948706627,7.128899097,1.764676213,0.28101778,-0.047967423
3.040000144,0.434428841,-0.196366698,-0.511811137,-1.04866755,0.106563173,0.003047026,-0.113769554,-0.625463784,0.191502213,0.068671763,0.277343094,-0.252759278,-98.9646759,7.867835522,7.409351349,1.757931709,0.254735529,-0.05615012,-98.9646759,7.867835522,7.409351349,1.757931709,0.254735529,-0.05615012,-98.9646759,7.867835522,7.409351349,1.757931709,0.254735529,-0.05615012
3.050000145,0.433217674,-0.202554613,-0.509943843,-1.047946572,0.109281145,0.000465569,-0.122866504,-0.61774677,0.186505467,0.072809123,0.270349115,-0.259448349,-100.8206253,7.502314091,7.898501396,1.727463484,0.250049382,-0.046251707,-100.8206253,7.502314091,7.898501396,1.727463484,0.250049382,-0.046251707,-100.8206253,7.502314091,7.898501396,1.727463484,0.250049382,-0.046251707
3.060000145,0.431915909,-0.208744913,-0.507998347,-1.047202706,0.111928068,-0.002173906,-0.132044196,-0.619805157,0.19743745,0.073529169,0.263280034,-0.265013099,-101.4247437,7.232813358,8.262499809,1.702701926,0.265355378,-0.028219596,-101.4247437,7.232813358,8.262499809,1.702701926,0.265355378,-0.028219596,-101.4247437,7.232813358,8.262499809,1.702701926,0.265355378,-0.028219596
3.070000146,0.430522591,-0.214976698,-0.505909801,-1.046474099,0.114512049,-0.00486183,-0.141191155,-0.624045908,0.211733177,0.073283613,0.257265747,-0.269696921,-100.9084549,7.295119286,8.29014492,1.695749044,0.293908954,-0.010698527,-100.9084549,7.295119286,8.29014492,1.695749044,0.293908954,-0.010698527,-100.9084549,7.295119286,8.29014492,1.695749044,0.293908954,-0.010698527
3.080000146,0.429038674,-0.221211344,-0.503746867,-1.045726418,0.117049538,-0.007592885,-0.150197029,-0.622953713,0.216721639,0.075269811,0.252968073,-0.273939192,-99.25411224,7.622731686,8.032364845,1.723853469,0.325497687,0.003108327,-99.25411224,7.622731686,8.032364845,1.723853469,0.325497687,0.003108327,-99.25411224,7.622731686,8.032364845,1.723853469,0.325497687,0.003108327
3.090000147,0.427467018,-0.227379233,-0.501635432,-1.044940591,0.119556509,-0.010364287,-0.158954725,-0.614851832,0.209197134,0.079837158,0.250274003,-0.277926862,-96.52370453,7.946125031,7.741786957,1.739660263,0.349985689,0.014405114,-96.52370453,7.946125031,7.741786957,1.739660263,0.349985689,0.014405114,-96.52370453,7.946125031,7.741786957,1.739660263,0.349985689,0.014405114
3.100000147,0.42581144,-0.233444601,-0.49964416,-1.044097543,0.122044407,-0.013172351,-0.167365223,-0.604381859,0.196367785,0.085106678,0.248459652,-0.281502634,-92.82421875,8.030039787,7.653950214,1.732890844,0.362949371,0.025143003,-92.82421875,8.030039787,7.653950214,1.732890844,0.362949371,0.025143003,-92.82421875,8.030039787,7.653950214,1.732890844,0.362949371,0.025143003
3.110000148,0.424073845,-0.23943463,-0.497746348,-1.043220162,0.124514423,-0.016011031,-0.175339133,-0.5978899,0.188452423,0.088465795,0.246684164,-0.284428209,-88.25624847,7.856821537,7.79830122,1.697211981,0.365012258,0.035299115,-88.25624847,7.856821537,7.79830122,1.697211981,0.365012258,0.035299115,-88.25624847,7.856821537,7.79830122,1.697211981,0.365012258,0.035299115
3.120000148,0.422254235,-0.245269686,-0.496048808,-1.042293191,0.126948684,-0.018894525,-0.183580786,-0.579038084,0.163899064,0.093970701,0.242506951,-0.289473116,-92.74701691,8.747204781,7.401221275,1.710529208,0.291271538,-0.00312345,-92.74701691,8.747204781,7.401221275,1.710529208,0.291271538,-0.00312345,-92.74701691,8.747204781,7.401221275,1.710529208,0.291271538,-0.00312345
3.130000149,0.420349747,-0.250831991,-0.494700313,-1.041297555,0.129318565,-0.02184573,-0.192194209,-0.550139844,0.12710835,0.10077621,0.235466689,-0.296628386,-96.29528046,9.290587425,7.287220001,1.707406759,0.229130089,-0.030875042,-96.29528046,9.290587425,7.287220001,1.707406759,0.229130089,-0.030875042,-96.29528046,9.290587425,7.287220001,1.707406759,0.229130089,-0.030875042
3.140000149,0.418357521,-0.256129652,-0.493659854,-1.040256143,0.1315988,-0.024873229,-0.201071769,-0.524848521,0.098841533,0.104981393,0.226014882,-0.304286659,-98.76180267,9.198852539,7.658502102,1.676368952,0.193015277,-0.035970941,-98.76180267,9.198852539,7.658502102,1.676368952,0.193015277,-0.035970941,-98.76180267,9.198852539,7.658502102,1.676368952,0.193015277,-0.035970941
3.15000015,0.416274697,-0.261276633,-0.492725253,-1.039207101,0.133772224,-0.027970465,-0.210098296,-0.513010681,0.0935608,0.104448579,0.215126753,-0.311029911,-100.0713959,8.721063614,8.281578064,1.644619107,0.187626913,-0.022508351,-100.0713959,8.721063614,8.281578064,1.644619107,0.187626913,-0.022508351,-100.0713959,8.721063614,8.281578064,1.644619107,0.187626913,-0.022508351
3.16000015,0.414101273,-0.266409308,-0.491676211,-1.038192391,0.135836929,-0.031124147,-0.21915558,-0.513796329,0.108630501,0.10052748,0.204283819,-0.316386729,-100.1737823,8.323512077,8.735598564,1.63791585,0.210439026,-0.002215152,-100.1737823,8.323512077,8.735598564,1.63791585,0.210439026,-0.002215152,-100.1737823,8.323512077,8.735598564,1.63791585,0.210439026,-0.002215152
3.170000151,0.411838204,-0.271576315,-0.490439296,-1.037212014,0.137804359,-0.03432313,-0.228132427,-0.517581105,0.127480909,0.097305261,0.19498384,-0.320755839,-99.14222717,8.334575653,8.741163254,1.674044251,0.250771791,0.015261591,-99.14222717,8.334575653,8.741163254,1.674044251,0.250771791,0.015261591,-99.14222717,8.334575653,8.741163254,1.674044251,0.250771791,0.015261591
3.180000151,0.409485489,-0.276735693,-0.489105105,-1.036235452,0.139698356,-0.037562642,-0.236924335,-0.515045941,0.134160608,0.098146893,0.188105106,-0.324743599,-97.04318237,8.663508415,8.387303352,1.731053233,0.295339793,0.026936738,-97.04318237,8.663508415,8.387303352,1.731053233,0.295339793,0.026936738,-97.04318237,8.663508415,8.387303352,1.731053233,0.295339793,0.026936738
3.190000152,0.407047898,-0.281801611,-0.48783195,-1.035213113,0.141541809,-0.040840898,-0.245426029,-0.504092932,0.124747373,0.103375867,0.183464617,-0.328597307,-93.87161255,8.992852211,7.996842861,1.775659919,0.329848766,0.035497569,-93.87161255,8.992852211,7.996842861,1.775659919,0.329848766,0.035497569,-93.87161255,8.992852211,7.996842861,1.775659919,0.329848766,0.035497569
3.200000152,0.40452829,-0.286734015,-0.48671329,-1.034125924,0.143349022,-0.044155035,-0.253545165,-0.490549117,0.108444102,0.110079691,0.180092514,-0.332108378,-89.81519318,9.022325516,7.861389637,1.77571404,0.34822309,0.043820169,-89.81519318,9.022325516,7.861389637,1.77571404,0.34822309,0.043820169,-89.81519318,9.022325516,7.861389637,1.77571404,0.34822309,0.043820169
3.210000152,0.401931435,-0.291571051,-0.485712886,-1.03298533,0.145124286,-0.047499333,-0.261194915,-0.482383132,0.09839692,0.114717618,0.176909029,-0.334956884,-84.90612793,8.740067482,8.030283928,1.737363815,0.352902919,0.052174423,-84.90612793,8.740067482,8.030283928,1.737363815,0.352902919,0.052174423,-84.90612793,8.740067482,8.030283928,1.737363815,0.352902919,0.052174423
3.220000153,0.399256378,-0.296221167,-0.484947085,-1.031798959,0.146845669,-0.050888095,-0.269035697,-0.459595799,0.069847539,0.11995741,0.170735523,-0.340002745,-88.50183868,9.826393127,7.614928246,1.707242608,0.261798382,0.016415533,-88.50183868,9.826393127,7.614928246,1.707242608,0.261798382,0.016415533,-88.50183868,9.826393127,7.614928246,1.707242608,0.261798382,0.016415533
3.230000153,0.396501213,-0.300540358,-0.484580874,-1.030562997,0.148476452,-0.054345045,-0.27716434,-0.424493253,0.027714908,0.124867871,0.160983309,-0.347206384,-91.20423126,10.51151562,7.520796776,1.671482444,0.184851781,-0.008456911,-91.20423126,10.51151562,7.520796776,1.671482444,0.184851781,-0.008456911,-91.20423126,10.51151562,7.520796776,1.671482444,0.184851781,-0.008456911
3.240000154,0.393663079,-0.304530531,-0.484565616,-1.029304147,0.149985641,-0.057877932,-0.285480797,-0.393084288,-0.004128432,0.125926793,0.148318574,-0.354803383,-92.90991211,10.43064785,7.973053455,1.624845982,0.141399711,-0.010030949,-92.90991211,10.43064785,7.973053455,1.624845982,0.141399711,-0.010030949,-92.90991211,10.43064785,7.973053455,1.624845982,0.141399711,-0.010030949
3.250000154,0.39074102,-0.308327109,-0.484657168,-1.028079629,0.151355118,-0.061478171,-0.293876737,-0.377281964,-0.008829099,0.121352382,0.134036794,-0.361254752,-93.52671814,9.855892181,8.70688343,1.589556456,0.136819512,0.006645731,-93.52671814,9.855892181,8.70688343,1.589556456,0.136819512,0.006645731,-93.52671814,9.855892181,8.70688343,1.589556456,0.136819512,0.006645731
3.260000155,0.387735993,-0.312085539,-0.484603763,-1.02692759,0.152582496,-0.065130383,-0.302246451,-0.376220375,0.009991023,0.113620669,0.119939178,-0.36611402,-93.07362366,9.353908539,9.219016075,1.602262378,0.165832028,0.028594168,-93.07362366,9.353908539,9.219016075,1.602262378,0.165832028,0.028594168,-93.07362366,9.353908539,9.219016075,1.602262378,0.165832028,0.028594168
3.270000155,0.384647042,-0.315868765,-0.484320521,-1.025836587,0.15368399,-0.068822294,-0.310492992,-0.37897256,0.032919157,0.107837915,0.107828625,-0.369903684,-91.62689972,9.297077179,9.201913834,1.668773055,0.216402009,0.045524135,-91.62689972,9.297077179,9.201913834,1.668773055,0.216402009,0.045524135,-91.62689972,9.297077179,9.201913834,1.668773055,0.216402009,0.045524135
3.280000156,0.381477982,-0.319627196,-0.483916163,-1.024760842,0.154687732,-0.072549254,-0.318517625,-0.374724776,0.041249357,0.107848085,0.098719873,-0.373372883,-89.1473999,9.607029915,8.759757996,1.755823135,0.271118224,0.054759484,-89.1473999,9.607029915,8.759757996,1.755823135,0.271118224,0.054759484,-89.1473999,9.607029915,8.759757996,1.755823135,0.271118224,0.054759484
3.290000156,0.378230721,-0.323269278,-0.483582377,-1.023639321,0.155623287,-0.076310545,-0.326232493,-0.361168861,0.030527007,0.113742754,0.092405349,-0.376825511,-85.80250549,9.904376984,8.27402401,1.821232796,0.314175099,0.059918709,-85.80250549,9.904376984,8.27402401,1.821232796,0.314175099,0.059918709,-85.80250549,9.904376984,8.27402401,1.821232796,0.314175099,0.059918709
3.300000157,0.374910027,-0.326752096,-0.483425021,-1.022437692,0.15650925,-0.0801045,-0.333552122,-0.345061481,0.011698502,0.121883832,0.087698467,-0.380031317,-81.60955048,9.866612434,8.095855713,1.830613375,0.337052554,0.064913884,-81.60955048,9.866612434,8.095855713,1.830613375,0.337052554,0.064913884,-81.60955048,9.866612434,8.095855713,1.830613375,0.337052554,0.064913884
3.310000157,0.371519715,-0.330123335,-0.483405948,-1.021171212,0.157350868,-0.083925635,-0.340401232,-0.33549276,-2.00E-06,0.127736598,0.083285943,-0.382612228,-76.70301819,9.479570389,8.269900322,1.784753084,0.342558354,0.070562206,-76.70301819,9.479570389,8.269900322,1.784753084,0.342558354,0.070562206,-76.70301819,9.479570389,8.269900322,1.784753084,0.342558354,0.070562206
3.320000158,0.368059784,-0.333280951,-0.483642459,-1.019851327,0.158122391,-0.087789208,-0.347346276,-0.309659898,-0.030930597,0.132840067,0.075388685,-0.387383074,-79.09025574,10.7295742,7.874330044,1.721899867,0.238171712,0.039122492,-79.09025574,10.7295742,7.874330044,1.721899867,0.238171712,0.039122492,-79.09025574,10.7295742,7.874330044,1.721899867,0.238171712,0.039122492
3.330000158,0.364531189,-0.336063772,-0.484306216,-1.018497109,0.158781856,-0.091717154,-0.354469687,-0.269816607,-0.075733051,0.135925174,0.063362911,-0.394235373,-80.7088089,11.53334332,7.819347382,1.653024316,0.150620952,0.019163953,-80.7088089,11.53334332,7.819347382,1.653024316,0.150620952,0.019163953,-80.7088089,11.53334332,7.819347382,1.653024316,0.150620952,0.019163953
3.340000159,0.360929161,-0.338468939,-0.485335231,-1.017150521,0.159294456,-0.095716625,-0.361691892,-0.233506069,-0.108773895,0.133924037,0.04806184,-0.4013502,-81.55587006,11.47820091,8.340291023,1.590738893,0.1020208,0.021371938,-81.55587006,11.47820091,8.340291023,1.590738893,0.1020208,0.021371938,-81.55587006,11.47820091,8.340291023,1.590738893,0.1020208,0.021371938
3.350000159,0.357252747,-0.340639502,-0.486463428,-1.015872598,0.159639686,-0.099777132,-0.36891669,-0.213874415,-0.112293556,0.125928521,0.031036675,-0.407145977,-81.40977478,10.84977913,9.139614105,1.560833812,0.098099671,0.040762611,-81.40977478,10.84977913,9.139614105,1.560833812,0.098099671,0.040762611,-81.40977478,10.84977913,9.139614105,1.560833812,0.098099671,0.040762611
3.36000016,0.353504807,-0.342743307,-0.48742187,-1.014697671,0.159816116,-0.103881747,-0.376049012,-0.210323632,-0.090530969,0.115302689,0.014373245,-0.41121015,-80.30091858,10.25976372,9.679250717,1.593936563,0.132913962,0.063430801,-80.30091858,10.25976372,9.679250717,1.593936563,0.132913962,0.063430801,-80.30091858,10.25976372,9.679250717,1.593936563,0.132913962,0.063430801
3.37000016,0.349689156,-0.344853789,-0.488118052,-1.013602853,0.159844249,-0.108017832,-0.383009017,-0.21141088,-0.064450532,0.107810527,8.91E-05,-0.414160758,-78.38589478,10.11914539,9.638578415,1.687793374,0.191981673,0.078873657,-78.38589478,10.11914539,9.638578415,1.687793374,0.191981673,0.078873657,-78.38589478,10.11914539,9.638578415,1.687793374,0.191981673,0.078873657
3.380000161,0.34580484,-0.346924216,-0.488674998,-1.012530923,0.159756988,-0.112180859,-0.389729679,-0.205537125,-0.054375481,0.107526943,-0.010730204,-0.416844428,-75.78458405,10.36560535,9.128142357,1.799349189,0.254587293,0.08507432,-75.78458405,10.36560535,9.128142357,1.799349189,0.254587293,0.08507432,-75.78458405,10.36560535,9.128142357,1.799349189,0.254587293,0.08507432
3.390000161,0.341856629,-0.348861128,-0.489296794,-1.011405587,0.159587711,-0.116371542,-0.396135092,-0.190126657,-0.065142147,0.114300869,-0.018366758,-0.419630051,-72.38201141,10.60615349,8.571530342,1.881212354,0.303099066,0.086229883,-72.38201141,10.60615349,8.571530342,1.881212354,0.303099066,0.086229883,-72.38201141,10.60615349,8.571530342,1.881212354,0.303099066,0.086229883
3.400000161,0.337847382,-0.350619704,-0.490107417,-1.010184884,0.159356922,-0.120589167,-0.402158737,-0.172208443,-0.085247613,0.123823039,-0.024135215,-0.42228511,-68.3539505,10.49832249,8.337890625,1.892475367,0.328710824,0.087400392,-68.3539505,10.49832249,8.337890625,1.892475367,0.328710824,0.087400392,-68.3539505,10.49832249,8.337890625,1.892475367,0.328710824,0.087400392
3.410000162,0.333781868,-0.352252394,-0.491066813,-1.008887887,0.159072727,-0.124828964,-0.407738894,-0.161567345,-0.098103374,0.130754933,-0.02947451,-0.424399018,-63.72797394,10.01900101,8.495224953,1.835705996,0.335249215,0.089594997,-63.72797394,10.01900101,8.495224953,1.835705996,0.335249215,0.089594997,-63.72797394,10.01900101,8.495224953,1.835705996,0.335249215,0.089594997
3.420000162,0.329660088,-0.353654295,-0.492291331,-1.007537484,0.158706993,-0.129106149,-0.413309962,-0.133745372,-0.129829332,0.135679781,-0.038610816,-0.428580552,-64.7151947,11.38126659,8.148184776,1.746489406,0.223125964,0.064428292,-64.7151947,11.38126659,8.148184776,1.746489406,0.223125964,0.064428292,-64.7151947,11.38126659,8.148184776,1.746489406,0.223125964,0.064428292
3.430000163,0.325482041,-0.3546547,-0.493944049,-1.006164193,0.158213466,-0.133439645,-0.418933809,-0.090841636,-0.174719706,0.13731876,-0.052254483,-0.434660792,-65.09923553,12.27720356,8.150342941,1.657663703,0.129125684,0.050565459,-65.09923553,12.27720356,8.150342941,1.657663703,0.129125684,0.050565459,-65.09923553,12.27720356,8.150342941,1.657663703,0.129125684,0.050565459
3.440000163,0.321247727,-0.355241209,-0.495956302,-1.00482142,0.157555431,-0.137836084,-0.424544275,-0.050968591,-0.206953019,0.133090585,-0.069377907,-0.440868258,-64.83613586,12.26310635,8.718917847,1.587200761,0.07809893,0.056414541,-64.83613586,12.26310635,8.718917847,1.587200761,0.07809893,0.056414541,-64.83613586,12.26310635,8.718917847,1.587200761,0.07809893,0.056414541
3.450000164,0.3169581,-0.35556069,-0.498054385,-1.003570199,0.156711429,-0.142283544,-0.430074066,-0.028051734,-0.208672151,0.122790299,-0.088235319,-0.445638835,-63.9087677,11.60668945,9.549675941,1.564375877,0.075403824,0.077681765,-63.9087677,11.60668945,9.549675941,1.564375877,0.075403824,0.077681765,-63.9087677,11.60668945,9.549675941,1.564375877,0.075403824,0.077681765
3.460000164,0.312615067,-0.355785757,-0.499956965,-1.002437234,0.155681938,-0.146764383,-0.435461015,-0.021871218,-0.184413373,0.110344306,-0.106568784,-0.448610574,-62.34839249,10.9527874,10.09726715,1.613298059,0.114387229,0.100065619,-62.34839249,10.9527874,10.09726715,1.613298059,0.114387229,0.100065619,-62.34839249,10.9527874,10.09726715,1.613298059,0.114387229,0.100065619
3.470000165,0.308218628,-0.355995566,-0.501572609,-1.001403451,0.154489845,-0.151265725,-0.440650314,-0.020901468,-0.155974135,0.101810522,-0.12225543,-0.450469434,-60.21209335,10.73091602,10.02562904,1.722991347,0.178362161,0.113331154,-60.21209335,10.73091602,10.02562904,1.722991347,0.178362161,0.113331154,-60.21209335,10.73091602,10.02562904,1.722991347,0.178362161,0.113331154
3.480000165,0.303773552,-0.356148154,-0.503029823,-1.000392556,0.153170437,-0.155783758,-0.445585251,-0.013349407,-0.144356832,0.101622574,-0.134191483,-0.452128232,-57.4602356,10.89216709,9.460669518,1.855343938,0.245331645,0.115860552,-57.4602356,10.89216709,9.460669518,1.855343938,0.245331645,0.115860552,-57.4602356,10.89216709,9.460669518,1.855343938,0.245331645,0.115860552
3.490000166,0.299281746,-0.356151015,-0.504546165,-0.99931848,0.151759475,-0.160319909,-0.450220138,0.003498781,-0.154675215,0.109346889,-0.142683625,-0.453999549,-54.26700974,11.04898739,8.840751648,1.946808934,0.297048062,0.112661213,-54.26700974,11.04898739,8.840751648,1.946808934,0.297048062,0.112661213,-54.26700974,11.04898739,8.840751648,1.946808934,0.297048062,0.112661213
3.500000166,0.294745117,-0.355965048,-0.506253242,-0.998139739,0.150280803,-0.164875135,-0.454509497,0.022434825,-0.17502439,0.120055988,-0.14911516,-0.455870003,-50.62142944,10.850811,8.558587074,1.955390573,0.324348986,0.109148197,-50.62142944,10.850811,8.558587074,1.955390573,0.324348986,0.109148197,-50.62142944,10.850811,8.558587074,1.955390573,0.324348986,0.109148197
3.510000167,0.290168434,-0.355647475,-0.508114815,-0.99687326,0.148743004,-0.169445619,-0.458407223,0.033555802,-0.188379779,0.127976075,-0.15504761,-0.457321078,-46.53319168,10.28836155,8.6852808,1.890346408,0.330147445,0.107176185,-46.53319168,10.28836155,8.6852808,1.890346408,0.330147445,0.107176185,-46.53319168,10.28836155,8.6852808,1.890346408,0.330147445,0.107176185
3.520000167,0.285553604,-0.355094343,-0.510233879,-0.995553374,0.147115082,-0.174044237,-0.462177813,0.061984818,-0.218889967,0.132852867,-0.16493386,-0.460613966,-45.8972435,11.71698284,8.42732048,1.784767985,0.216231108,0.089961223,-45.8972435,11.71698284,8.42732048,1.784767985,0.216231108,0.089961223,-45.8972435,11.71698284,8.42732048,1.784767985,0.216231108,0.089961223
3.530000168,0.280902535,-0.354127318,-0.512755394,-0.99421823,0.145350784,-0.178689584,-0.465861201,0.106046684,-0.260958105,0.133501202,-0.179438978,-0.465568304,-44.92256165,12.68406105,8.500270844,1.685487866,0.12231306,0.082202233,-44.92256165,12.68406105,8.500270844,1.685487866,0.12231306,0.082202233,-44.92256165,12.68406105,8.500270844,1.685487866,0.12231306,0.082202233
3.540000168,0.276216179,-0.352730185,-0.515603065,-0.992925048,0.143413872,-0.183384046,-0.469421595,0.147812307,-0.290007144,0.127880961,-0.197407946,-0.470462441,-43.61234665,12.71380234,9.09389782,1.613054872,0.072518349,0.092697211,-43.61234665,12.71380234,9.09389782,1.613054872,0.072518349,0.092697211,-43.61234665,12.71380234,9.09389782,1.613054872,0.072518349,0.092697211
3.550000169,0.271494538,-0.351040274,-0.518509865,-0.99173677,0.141283363,-0.188116655,-0.472822666,0.173413977,-0.289407253,0.116331786,-0.216994807,-0.473869443,-41.94389343,12.06989193,9.906526566,1.595588565,0.071593232,0.114541695,-41.94389343,12.06989193,9.906526566,1.595588565,0.071593232,0.114541695,-41.94389343,12.06989193,9.906526566,1.595588565,0.071593232,0.114541695
3.560000169,0.266740471,-0.349227339,-0.521208763,-0.990678191,0.13896212,-0.192868337,-0.47602725,0.182562098,-0.263878733,0.103171453,-0.235895902,-0.475475073,-39.87741852,11.37357235,10.41850948,1.655667424,0.112622879,0.135825709,-39.87741852,11.37357235,10.41850948,1.655667424,0.112622879,0.135825709,-39.87741852,11.37357235,10.41850948,1.655667424,0.112622879,0.135825709
3.57000017,0.261955887,-0.347372442,-0.523612022,-0.989716887,0.13647303,-0.197628126,-0.479007244,0.185969338,-0.234403968,0.094595179,-0.252046257,-0.4760198,-37.51119232,11.06232071,10.32117176,1.778860927,0.177478313,0.14562887,-37.51119232,11.06232071,10.32117176,1.778860927,0.177478313,0.14562887,-37.51119232,11.06232071,10.32117176,1.778860927,0.177478313,0.14562887
3.58000017,0.2571446,-0.345444113,-0.52584362,-0.988774657,0.133851856,-0.202391729,-0.481738299,0.194835156,-0.221210808,0.094746038,-0.264371663,-0.476420641,-34.866539,11.10499382,9.735906601,1.916204691,0.245130166,0.144325301,-34.866539,11.10499382,9.735906601,1.916204691,0.245130166,0.144325301,-34.866539,11.10499382,9.735906601,1.916204691,0.245130166,0.144325301
3.590000171,0.252309471,-0.343361288,-0.528113365,-0.987763762,0.131136268,-0.207161531,-0.484202176,0.211966768,-0.229563564,0.102986708,-0.273172766,-0.477142811,-32.04159546,11.15166283,9.084879875,2.007566929,0.297378689,0.136133611,-32.04159546,11.15166283,9.084879875,2.007566929,0.297378689,0.136133611,-32.04159546,11.15166283,9.084879875,2.007566929,0.297378689,0.136133611
3.600000171,0.247450501,-0.341091543,-0.530558586,-0.986644149,0.128350586,-0.211939916,-0.486382544,0.230843142,-0.24862808,0.114319488,-0.279837906,-0.478035867,-29.06460571,10.87610531,8.746529579,2.012242556,0.324069262,0.127137199,-29.06460571,10.87610531,8.746529579,2.012242556,0.324069262,0.127137199,-29.06460571,10.87610531,8.746529579,2.012242556,0.324069262,0.127137199
3.610000171,0.24257198,-0.338688284,-0.533156395,-0.985429168,0.125503868,-0.216725454,-0.488256007,0.24219802,-0.262231559,0.122932993,-0.285941571,-0.478716791,-25.85375404,10.26910877,8.809811592,1.942300439,0.328622699,0.119837433,-25.85375404,10.26910877,8.809811592,1.942300439,0.328622699,0.119837433,-25.85375404,10.26910877,8.809811592,1.942300439,0.328622699,0.119837433
3.620000172,0.237676293,-0.336050421,-0.535998344,-0.984160781,0.12256635,-0.221529588,-0.489891738,0.270415574,-0.290623039,0.127912983,-0.295921683,-0.480919302,-23.60069847,11.70756245,8.659104347,1.833379149,0.219826773,0.111943074,-23.60069847,11.70756245,8.659104347,1.833379149,0.219826773,0.111943074,-23.60069847,11.70756245,8.659104347,1.833379149,0.219826773,0.111943074
3.630000172,0.232765824,-0.333003432,-0.53920269,-0.982877135,0.119492657,-0.226366147,-0.491300017,0.313898504,-0.3278054,0.128106266,-0.310448587,-0.484373689,-21.26222992,12.69347954,8.822108269,1.734534621,0.130094305,0.112507299,-21.26222992,12.69347954,8.822108269,1.734534621,0.130094305,0.112507299,-21.26222992,12.69347954,8.822108269,1.734534621,0.130094305,0.112507299
3.640000173,0.22784248,-0.329527289,-0.542675972,-0.981643081,0.116246589,-0.231235132,-0.492472053,0.355601639,-0.351345927,0.121822402,-0.328315973,-0.487548947,-18.85957146,12.7592783,9.441013336,1.664009571,0.083547115,0.127073511,-18.85957146,12.7592783,9.441013336,1.664009571,0.083547115,0.127073511,-18.85957146,12.7592783,9.441013336,1.664009571,0.083547115,0.127073511
3.650000173,0.222910553,-0.325749785,-0.54616642,-0.980517745,0.112809785,-0.236125097,-0.493401498,0.382488608,-0.347125441,0.110033758,-0.347586364,-0.489218265,-16.39949608,12.14791679,10.20365429,1.655207157,0.085468449,0.148876861,-16.39949608,12.14791679,10.20365429,1.655207157,0.085468449,0.148876861,-16.39949608,12.14791679,10.20365429,1.655207157,0.085468449,0.148876861
3.660000174,0.217970997,-0.321825415,-0.549433708,-0.979520202,0.109186061,-0.241017446,-0.494093269,0.394188941,-0.320588857,0.09732648,-0.365987211,-0.489189714,-13.99342632,11.4505415,10.64274025,1.724422812,0.127366126,0.167266637,-13.99342632,11.4505415,10.64274025,1.724422812,0.127366126,0.167266637,-13.99342632,11.4505415,10.64274025,1.724422812,0.127366126,0.167266637
3.670000174,0.213026196,-0.317833334,-0.55240345,-0.978610396,0.105399974,-0.245902643,-0.494551927,0.400227815,-0.291300625,0.089694053,-0.38156268,-0.488234311,-11.58346653,11.0673914,10.49805355,1.852766037,0.191520631,0.172454789,-11.58346653,11.0673914,10.49805355,1.852766037,0.191520631,0.172454789,-11.58346653,11.0673914,10.49805355,1.852766037,0.191520631,0.172454789
3.680000175,0.20807901,-0.313751608,-0.555197716,-0.97770822,0.101488478,-0.250776976,-0.494784027,0.41064626,-0.277763069,0.090827301,-0.393375307,-0.487257808,-9.210933685,10.98944473,9.894292831,1.987290859,0.256521791,0.165950805,-9.210933685,10.98944473,9.894292831,1.987290859,0.256521791,0.165950805,-9.210933685,10.98944473,9.894292831,1.987290859,0.256521791,0.165950805
3.690000175,0.203131825,-0.309509665,-0.558024406,-0.976731658,0.097485669,-0.255645484,-0.494799107,0.427956194,-0.284681678,0.099757515,-0.401830435,-0.486749887,-6.928350925,10.91361332,9.230729103,2.070019007,0.304269224,0.151899427,-6.928350925,10.91361332,9.230729103,2.070019007,0.304269224,0.151899427,-6.928350925,10.91361332,9.230729103,2.070019007,0.304269224,0.151899427
3.700000176,0.198185116,-0.30508557,-0.561003685,-0.975642562,0.093415149,-0.26051113,-0.494607121,0.445975155,-0.301600963,0.111453049,-0.408274531,-0.486558914,-4.75817728,10.54102898,8.876574516,2.06703496,0.327880502,0.137837723,-4.75817728,10.54102898,8.876574516,2.06703496,0.327880502,0.137837723,-4.75817728,10.54102898,8.876574516,2.06703496,0.327880502,0.137837723
3.710000176,0.193241745,-0.300539404,-0.564120293,-0.974456191,0.089285024,-0.265374869,-0.494213581,0.456399024,-0.313927293,0.120298259,-0.414182544,-0.486332387,-2.650769234,9.879540443,8.886530876,1.990659595,0.330251157,0.125528708,-2.650769234,9.879540443,8.886530876,1.990659595,0.330251157,0.125528708,-2.650769234,9.879540443,8.886530876,1.990659595,0.330251157,0.125528708
3.720000177,0.188305527,-0.295776755,-0.567442894,-0.9732126,0.085069068,-0.27024433,-0.49347803,0.482341051,-0.337536007,0.125154451,-0.423664331,-0.487180561,1.196793079,11.26868439,8.866427422,1.889532447,0.233738169,0.128391251,1.196793079,11.26868439,8.866427422,1.889532447,0.233738169,0.128391251,1.196793079,11.26868439,8.866427422,1.889532447,0.233738169,0.128391251
3.730000177,0.183379799,-0.290634543,-0.571053505,-0.971959472,0.080724604,-0.27512905,-0.492382377,0.522902191,-0.367120266,0.124999173,-0.437319815,-0.488819838,4.812968731,12.25179386,9.104969025,1.79731071,0.154123008,0.136957332,4.812968731,12.25179386,9.104969025,1.79731071,0.154123008,0.136957332,4.812968731,12.25179386,9.104969025,1.79731071,0.154123008,0.136957332
3.740000178,0.178467423,-0.285082251,-0.574868202,-0.970755935,0.076219685,-0.280027121,-0.490951687,0.563095868,-0.384257555,0.118908241,-0.453919888,-0.489998072,8.153847694,12.38334751,9.691004753,1.740214229,0.114744648,0.154739127,8.153847694,12.38334751,9.691004753,1.740214229,0.114744648,0.154739127,8.153847694,12.38334751,9.691004753,1.740214229,0.114744648,0.154739127
3.750000178,0.173572212,-0.279222876,-0.578665733,-0.96965158,0.071539529,-0.284926146,-0.489215016,0.590883791,-0.377234608,0.108211048,-0.471617848,-0.489720762,11.19683743,11.84640026,10.36685944,1.743554235,0.119374678,0.175614297,11.19683743,11.84640026,10.36685944,1.743554235,0.119374678,0.175614297,11.19683743,11.84640026,10.36685944,1.743554235,0.119374678,0.175614297
3.760000179,0.168695599,-0.273195654,-0.582234383,-0.968657851,0.066688903,-0.289808959,-0.487209409,0.60502708,-0.350852281,0.097184487,-0.488358051,-0.487915516,13.87425327,11.15312481,10.73071098,1.816682935,0.159192204,0.189745605,13.87425327,11.15312481,10.73071098,1.816682935,0.159192204,0.189745605,13.87425327,11.15312481,10.73071098,1.816682935,0.159192204,0.189745605
3.770000179,0.163841397,-0.26707688,-0.585515022,-0.967732787,0.061691649,-0.294667929,-0.484971642,0.613333762,-0.322318494,0.091163695,-0.50241667,-0.485365421,16.22660065,10.69067192,10.55608463,1.938386202,0.217985496,0.189279363,16.22660065,10.69067192,10.55608463,1.938386202,0.217985496,0.189279363,16.22660065,10.69067192,10.55608463,1.938386202,0.217985496,0.189279363
3.78000018,0.159011036,-0.26085797,-0.588616371,-0.966807723,0.056581266,-0.299503058,-0.482544541,0.624387562,-0.307840198,0.093232758,-0.513022363,-0.482944846,18.16436577,10.47827244,9.966452599,2.058517694,0.276037455,0.176891312,18.16436577,10.47827244,9.966452599,2.058517694,0.276037455,0.176891312,18.16436577,10.47827244,9.966452599,2.058517694,0.276037455,0.176891312
3.79000018,0.154205948,-0.254486471,-0.591719627,-0.965804458,0.051389463,-0.304317206,-0.479968369,0.640599132,-0.311916769,0.10248246,-0.520574689,-0.48108536,19.71955109,10.27789307,9.311098099,2.130777121,0.317835122,0.158548132,19.71955109,10.27789307,9.311098099,2.130777121,0.317835122,0.158548132,19.71955109,10.27789307,9.311098099,2.130777121,0.317835122,0.158548132
3.80000018,0.149427563,-0.24794808,-0.594948769,-0.964686751,0.04613734,-0.309118003,-0.477280438,0.657075346,-0.326207727,0.114309572,-0.526288629,-0.479735702,20.89414787,9.840575218,8.908738136,2.121012926,0.33693248,0.138578519,20.89414787,9.840575218,8.908738136,2.121012926,0.33693248,0.138578519,20.89414787,9.840575218,8.908738136,2.121012926,0.33693248,0.138578519
3.810000181,0.144676834,-0.241296202,-0.59830761,-0.963469863,0.040832765,-0.313906401,-0.474517584,0.666739821,-0.33792749,0.123389356,-0.531502247,-0.478544086,21.67845535,9.168572426,8.843809128,2.040374994,0.336593747,0.122165829,21.67845535,9.168572426,8.843809128,2.040374994,0.336593747,0.122165829,21.67845535,9.168572426,8.843809128,2.040374994,0.336593747,0.122165829
3.820000181,0.1399571,-0.234454066,-0.601830482,-0.962195754,0.035452731,-0.318686217,-0.47132647,0.68952477,-0.356261611,0.128223777,-0.539818048,-0.477871805,26.94929886,10.42312431,8.983714104,1.954053521,0.25761947,0.136261538,26.94929886,10.42312431,8.983714104,1.954053521,0.25761947,0.136261538,26.94929886,10.42312431,8.983714104,1.954053521,0.25761947,0.136261538
3.830000182,0.135273129,-0.227279097,-0.605553627,-0.960912108,0.029960807,-0.323461264,-0.467654705,0.725084066,-0.376459748,0.128050491,-0.551721275,-0.477428883,31.73459053,11.34050465,9.317133904,1.878241897,0.193169296,0.15286234,31.73459053,11.34050465,9.317133904,1.878241897,0.193169296,0.15286234,31.73459053,11.34050465,9.317133904,1.878241897,0.193169296,0.15286234
3.840000182,0.130629212,-0.21973744,-0.60939312,-0.959672332,0.024329957,-0.328226775,-0.463559508,0.76128757,-0.385098845,0.122679137,-0.566037238,-0.476341844,35.9140358,11.51973152,9.865497589,1.838180542,0.163211867,0.172639415,35.9140358,11.51973152,9.865497589,1.838180542,0.163211867,0.172639415,35.9140358,11.51973152,9.865497589,1.838180542,0.163211867,0.172639415
3.850000183,0.126029164,-0.211904913,-0.613165855,-0.958518386,0.018549498,-0.332971305,-0.459106416,0.788173378,-0.374304593,0.113856658,-0.581068516,-0.473972648,39.42480087,11.09168053,10.41623211,1.854162455,0.170823604,0.190052733,39.42480087,11.09168053,10.41623211,1.854162455,0.170823604,0.190052733,39.42480087,11.09168053,10.41623211,1.854162455,0.170823604,0.190052733
3.860000183,0.121475607,-0.203890711,-0.616711617,-0.957446456,0.012626392,-0.337682456,-0.454367012,0.804238856,-0.348949552,0.105602339,-0.595042706,-0.470398754,42.22993088,10.46410561,10.65909863,1.931340456,0.207231119,0.198006392,42.22993088,10.46410561,10.65909863,1.931340456,0.207231119,0.198006392,42.22993088,10.46410561,10.65909863,1.931340456,0.207231119,0.198006392
3.870000184,0.116971403,-0.195761114,-0.619992256,-0.956418395,0.006582496,-0.342353553,-0.449414432,0.815031469,-0.322887421,0.102166712,-0.606594563,-0.466304243,44.33450699,9.957036018,10.44434738,2.039750099,0.257359535,0.192438856,44.33450699,9.957036018,10.44434738,2.039750099,0.257359535,0.192438856,44.33450699,9.957036018,10.44434738,2.039750099,0.257359535,0.192438856
3.880000184,0.112517983,-0.187517077,-0.623105049,-0.955369353,0.000446526,-0.346985549,-0.44432345,0.826912224,-0.308860272,0.105784453,-0.615196526,-0.462465763,45.71181107,9.614133835,9.88631916,2.139428854,0.304710001,0.175093889,45.71181107,9.614133835,9.88631916,2.139428854,0.304710001,0.175093889,45.71181107,9.614133835,9.88631916,2.139428854,0.304710001,0.175093889
3.890000185,0.10811606,-0.179131895,-0.626194954,-0.954238296,-0.005754924,-0.351584166,-0.439165622,0.841562569,-0.310216814,0.115224168,-0.621261537,-0.459296167,46.38736725,9.268053055,9.276450157,2.188510418,0.337051809,0.151627392,46.38736725,9.268053055,9.276450157,2.188510418,0.337051809,0.151627392,46.38736725,9.268053055,9.276450157,2.188510418,0.337051809,0.151627392
3.900000185,0.103765637,-0.170604616,-0.629378319,-0.952996612,-0.012004491,-0.356157035,-0.434007943,0.855463803,-0.320784003,0.126502573,-0.625817299,-0.456760556,46.38909912,8.758992195,8.858412743,2.165855885,0.349683106,0.127635121,46.38909912,8.758992195,8.858412743,2.165855885,0.349683106,0.127635121,46.38909912,8.758992195,8.858412743,2.165855885,0.349683106,0.127635121
3.910000186,0.099466234,-0.161984354,-0.63266468,-0.951661468,-0.018296119,-0.360706061,-0.428912878,0.863346636,-0.330409229,0.13504003,-0.629987121,-0.454582185,45.75108719,8.096996307,8.729401588,2.082053185,0.345844179,0.106947646,45.75108719,8.096996307,8.729401588,2.082053185,0.345844179,0.106947646,45.75108719,8.096996307,8.729401588,2.082053185,0.345844179,0.106947646
3.920000186,0.095221668,-0.153211504,-0.636059761,-0.950274825,-0.024647292,-0.36523506,-0.423321545,0.88155216,-0.342025131,0.139424294,-0.636555254,-0.452338457,52.24228287,9.169199944,9.014681816,2.020138502,0.290109873,0.131612986,52.24228287,9.169199944,9.014681816,2.020138502,0.290109873,0.131612986,52.24228287,9.169199944,9.014681816,2.020138502,0.290109873,0.131612986
3.930000187,0.091037661,-0.144169241,-0.639559746,-0.948878646,-0.031086203,-0.369736403,-0.417151302,0.910399973,-0.351842433,0.139364839,-0.645859003,-0.449633986,57.97136307,9.988375664,9.417690277,1.971692324,0.245284975,0.158111423,57.97136307,9.988375664,9.417690277,1.971692324,0.245284975,0.158111423,57.97136307,9.988375664,9.417690277,1.971692324,0.245284975,0.158111423
3.940000187,0.086919457,-0.134820372,-0.643080711,-0.947514892,-0.037632454,-0.374205321,-0.410490781,0.941007257,-0.351616442,0.135352775,-0.656878948,-0.446096867,62.77428055,10.21378994,9.904524803,1.956211329,0.22708115,0.17888087,62.77428055,10.21378994,9.904524803,1.956211329,0.22708115,0.17888087,62.77428055,10.21378994,9.904524803,1.956211329,0.22708115,0.17888087
3.950000188,0.082871109,-0.125209242,-0.646489143,-0.946208358,-0.044291962,-0.37863037,-0.40343985,0.965841949,-0.337474078,0.129365951,-0.668203235,-0.441480786,66.56417847,9.915410042,10.30342293,1.986414552,0.237066895,0.192559302,66.56417847,9.915410042,10.30342293,1.986414552,0.237066895,0.192559302,66.56417847,9.915410042,10.30342293,1.986414552,0.237066895,0.192559302
3.960000188,0.078895241,-0.115409523,-0.64967823,-0.944951415,-0.051056612,-0.383001059,-0.396103412,0.983094811,-0.313942015,0.124649867,-0.678466916,-0.436040163,69.31619263,9.378403664,10.41668034,2.058470011,0.267361999,0.193678766,69.31619263,9.378403664,10.41668034,2.058470011,0.267361999,0.193678766,69.31619263,9.378403664,10.41668034,2.058470011,0.267361999,0.193678766
3.970000189,0.074994236,-0.105475098,-0.652634621,-0.943711638,-0.057908166,-0.387316436,-0.388586074,0.995819569,-0.291125983,0.124284558,-0.686723828,-0.430446625,71.04784393,8.841875076,10.16524506,2.147635937,0.305499703,0.180147901,71.04784393,8.841875076,10.16524506,2.147635937,0.305499703,0.180147901,71.04784393,8.841875076,10.16524506,2.147635937,0.305499703,0.180147901
3.980000189,0.071169049,-0.095420271,-0.655434608,-0.942427993,-0.064824209,-0.39157936,-0.380991817,1.007894158,-0.277908593,0.12965472,-0.692697108,-0.425303251,71.75624084,8.375859261,9.656723976,2.223247528,0.339236021,0.157254487,71.75624084,8.375859261,9.656723976,2.223247528,0.339236021,0.157254487,71.75624084,8.375859261,9.656723976,2.223247528,0.339236021,0.157254487
3.99000019,0.067419678,-0.085241228,-0.658200264,-0.941054702,-0.071784362,-0.395797461,-0.373420268,1.020453572,-0.276760101,0.13927719,-0.696771204,-0.420929313,71.47969055,7.904331207,9.101002693,2.246213675,0.360026568,0.129678145,71.47969055,7.904331207,9.101002693,2.246213675,0.360026568,0.129678145,71.47969055,7.904331207,9.101002693,2.246213675,0.360026568,0.129678145
4.00000019,0.063745409,-0.074949652,-0.661017418,-0.939578414,-0.078776464,-0.399978369,-0.365965009,1.031212926,-0.283155859,0.149655029,-0.699773312,-0.417288661,70.26403809,7.344042301,8.698841095,2.206216812,0.364854157,0.102739014,70.26403809,7.344042301,8.698841095,2.206216812,0.364854157,0.102739014,70.26403809,7.344042301,8.698841095,2.206216812,0.364854157,0.102739014
4.01000019,0.060144059,-0.064589888,-0.663905144,-0.93802011,-0.085796222,-0.404125899,-0.358714074,1.036935925,-0.290127844,0.157269359,-0.702543795,-0.414174229,68.15562439,6.71355629,8.506560326,2.119923353,0.357218802,0.078929201,68.15562439,6.71355629,8.506560326,2.119923353,0.357218802,0.078929201,68.15562439,6.71355629,8.506560326,2.119923353,0.357218802,0.078929201
4.020000191,0.056618921,-0.05412367,-0.666840553,-0.93641603,-0.092855319,-0.408237189,-0.35092634,1.049522877,-0.294321269,0.161021873,-0.706833839,-0.410296261,75.52946472,7.539618492,8.925494194,2.088007212,0.328476369,0.115036756,75.52946472,7.539618492,8.925494194,2.088007212,0.328476369,0.115036756,75.52946472,7.539618492,8.925494194,2.088007212,0.328476369,0.115036756
4.030000191,0.053176992,-0.04346779,-0.669775963,-0.93480432,-0.099970683,-0.412300795,-0.342490107,1.069966674,-0.293062627,0.161096022,-0.712795436,-0.405319899,81.92221069,8.214419365,9.380908966,2.070142031,0.306710303,0.148027182,81.92221069,8.214419365,9.380908966,2.070142031,0.306710303,0.148027182,81.92221069,8.214419365,9.380908966,2.070142031,0.306710303,0.148027182
4.040000192,0.049823634,-0.032582551,-0.672635078,-0.933209777,-0.107153282,-0.416306227,-0.333522409,1.093249321,-0.283827662,0.158795938,-0.719667017,-0.399330497,87.09624481,8.478959084,9.776990891,2.083076239,0.301269352,0.16979757,87.09624481,8.478959084,9.776990891,2.083076239,0.301269352,0.16979757,87.09624481,8.478959084,9.776990891,2.083076239,0.301269352,0.16979757
4.050000192,0.04656326,-0.021477431,-0.675341606,-0.931643844,-0.114404306,-0.420244902,-0.324152082,1.114692807,-0.266840398,0.156223282,-0.72644794,-0.392582029,90.97263336,8.331266403,10.00120258,2.127173424,0.312508106,0.177229822,90.97263336,8.331266403,10.00120258,2.127173424,0.312508106,0.177229822,90.97263336,8.331266403,10.00120258,2.127173424,0.312508106,0.177229822
4.060000193,0.04339873,-0.010188431,-0.67784214,-0.930089355,-0.121715888,-0.424112052,-0.314512551,1.132244825,-0.245984837,0.155772075,-0.732272685,-0.385516077,93.51924896,7.915571213,9.978503227,2.194782495,0.334352136,0.169868469,93.51924896,7.915571213,9.978503227,2.194782495,0.334352136,0.169868469,93.51924896,7.915571213,9.978503227,2.194782495,0.334352136,0.169868469
4.070000193,0.040331714,0.001248991,-0.680151939,-0.928506255,-0.129074261,-0.427912444,-0.304736793,1.146463513,-0.227448478,0.159128025,-0.736626446,-0.37867412,94.75289917,7.385136127,9.692614555,2.261135101,0.358238161,0.149736136,94.75289917,7.385136127,9.692614555,2.261135101,0.358238161,0.149736136,94.75289917,7.385136127,9.692614555,2.261135101,0.358238161,0.149736136
4.080000194,0.037362568,0.012810633,-0.682330132,-0.926860213,-0.136463806,-0.43164894,-0.294954091,1.158495069,-0.21582979,0.166209385,-0.739463866,-0.372397006,94.70659637,6.819789886,9.249017715,2.295937777,0.376371741,0.124037981,94.70659637,6.819789886,9.249017715,2.295937777,0.376371741,0.124037981,94.70659637,6.819789886,9.249017715,2.295937777,0.376371741,0.124037981
4.090000194,0.034490459,0.02447696,-0.684454918,-0.925124526,-0.143872425,-0.435328215,-0.285287768,1.168570876,-0.212180763,0.175452769,-0.741152823,-0.366898984,93.43312836,6.233538628,8.779426575,2.287133217,0.383767813,0.094507731,93.43312836,6.233538628,8.779426575,2.287133217,0.383767813,0.094507731,93.43312836,6.233538628,8.779426575,2.287133217,0.383767813,0.094507731
4.100000195,0.031713001,0.036221638,-0.686591148,-0.923297286,-0.151292965,-0.438959807,-0.275853992,1.175788879,-0.21418196,0.184367597,-0.742257595,-0.362223774,90.99786377,5.63054657,8.39581871,2.232015371,0.380149037,0.064649679,90.99786377,5.63054657,8.39581871,2.232015371,0.380149037,0.064649679,90.99786377,5.63054657,8.39581871,2.232015371,0.380149037,0.064649679
4.110000195,0.029027445,0.048007265,-0.688765526,-0.921401381,-0.158724472,-0.442550391,-0.266759276,1.179049134,-0.218102008,0.19063732,-0.743326485,-0.358242035,87.4940033,5.04776907,8.147605896,2.146362305,0.368231863,0.038199697,87.4940033,5.04776907,8.147605896,2.146362305,0.368231863,0.038199697,87.4940033,5.04776907,8.147605896,2.146362305,0.368231863,0.038199697
4.120000196,0.02643667,0.059843674,-0.69092083,-0.919471145,-0.166169807,-0.446089476,-0.257116199,1.185005307,-0.2142912,0.193408966,-0.744889557,-0.352749079,95.36027527,5.566084862,8.685874939,2.145072222,0.369239748,0.085353784,95.36027527,5.566084862,8.685874939,2.145072222,0.369239748,0.085353784,95.36027527,5.566084862,8.685874939,2.145072222,0.369239748,0.085353784
4.130000196,0.023947878,0.071776032,-0.692961693,-0.917535186,-0.17363517,-0.449559897,-0.246791676,1.195512295,-0.201641902,0.193519935,-0.746941626,-0.345494688,102.0491867,6.060153008,9.167676926,2.1614573,0.371468514,0.124227032,102.0491867,6.060153008,9.167676926,2.1614573,0.371468514,0.124227032,102.0491867,6.060153008,9.167676926,2.1614573,0.371468514,0.124227032
4.140000197,0.021566672,0.083845258,-0.694840431,-0.915601134,-0.181121036,-0.452948302,-0.235925004,1.210015774,-0.183925718,0.19315815,-0.749031842,-0.337124825,107.2986832,6.358347893,9.432655334,2.203722954,0.379127502,0.145022616,107.2986832,6.358347893,9.432655334,2.203722954,0.379127502,0.145022616,107.2986832,6.358347893,9.432655334,2.203722954,0.379127502,0.145022616
4.150000197,0.019297225,0.096079469,-0.696528435,-0.913659453,-0.188625023,-0.456249923,-0.224668145,1.226873279,-0.164966837,0.194388881,-0.750695109,-0.328386486,111.01754,6.380841732,9.473648071,2.261557102,0.390209496,0.145651728,111.01754,6.380841732,9.473648071,2.261557102,0.390209496,0.145651728,111.01754,6.380841732,9.473648071,2.261557102,0.390209496,0.145651728
4.160000198,0.017142398,0.108484864,-0.69804287,-0.911685348,-0.1961395,-0.459464759,-0.213176399,1.243962049,-0.147971004,0.19848974,-0.751594901,-0.319862753,113.186058,6.115604877,9.304409981,2.317962408,0.401980549,0.130578086,113.186058,6.115604877,9.304409981,2.317962408,0.401980549,0.130578086,113.186058,6.115604877,9.304409981,2.317962408,0.401980549,0.130578086
4.170000198,0.015103213,0.121046424,-0.699412346,-0.909646392,-0.203656837,-0.462599486,-0.201603651,1.25906992,-0.134469107,0.205439106,-0.751677454,-0.311942428,113.818161,5.616220474,9.007369995,2.352787018,0.409637958,0.104618602,113.818161,5.616220474,9.007369995,2.352787018,0.409637958,0.104618602,113.818161,5.616220474,9.007369995,2.352787018,0.409637958,0.104618602
4.180000199,0.013179265,0.133730769,-0.700678825,-0.907523513,-0.211169407,-0.465660781,-0.19009836,1.270579457,-0.12488687,0.214049697,-0.751091778,-0.30478844,112.9714279,4.972808361,8.64283371,2.348969221,0.410937816,0.074325465,112.9714279,4.972808361,8.64283371,2.348969221,0.410937816,0.074325465,112.9714279,4.972808361,8.64283371,2.348969221,0.410937816,0.074325465
4.190000199,0.011368774,0.14649713,-0.701880455,-0.905314803,-0.218672439,-0.468658179,-0.178801507,1.277837396,-0.118959434,0.222654969,-0.750132918,-0.298469931,110.7176285,4.292828083,8.271845818,2.306721926,0.404633224,0.042618543,110.7176285,4.292828083,8.271845818,2.306721926,0.404633224,0.042618543,110.7176285,4.292828083,8.271845818,2.306721926,0.404633224,0.042618543
4.200000199,0.009668551,0.159304023,-0.703047752,-0.903029799,-0.226165935,-0.471598357,-0.167845413,1.281191826,-0.116307519,0.229812428,-0.749124825,-0.292958915,107.1422958,3.663960934,7.927859783,2.237709999,0.391840816,0.013005963,107.1422958,3.663960934,7.927859783,2.237709999,0.391840816,0.013005963,107.1422958,3.663960934,7.927859783,2.237709999,0.391840816,0.013005963
4.2100002,0.008074246,0.172121882,-0.704213142,-0.900693297,-0.233650848,-0.474488944,-0.157352343,1.281828284,-0.116800912,0.234595925,-0.748282433,-0.288244605,102.3478622,3.147716761,7.625034332,2.155520201,0.376054734,-0.014625113,102.3478622,3.147716761,7.625034332,2.155520201,0.376054734,-0.014625113,102.3478622,3.147716761,7.625034332,2.155520201,0.376054734,-0.014625113
4.2200002,0.006588601,0.18493259,-0.705296516,-0.898332,-0.241121933,-0.477316588,-0.146331817,1.280772805,-0.105326116,0.236507267,-0.746815801,-0.28134653,110.2615891,3.316088915,8.235136032,2.184372902,0.407142907,0.040641494,110.2615891,3.316088915,8.235136032,2.184372902,0.407142907,0.040641494,110.2615891,3.316088915,8.235136032,2.184372902,0.407142907,0.040641494
4.230000201,0.005218588,0.197738051,-0.706168175,-0.895966887,-0.248572513,-0.480057448,-0.134635791,1.280514121,-0.082132436,0.236859575,-0.744565368,-0.272039086,116.8581543,3.587229252,8.710015297,2.230777264,0.433811575,0.084991634,116.8581543,3.587229252,8.710015297,2.230777264,0.433811575,0.084991634,116.8581543,3.587229252,8.710015297,2.230777264,0.433811575,0.084991634
4.240000201,0.003969781,0.210575938,-0.706784248,-0.893584609,-0.255994022,-0.482693404,-0.122418791,1.284910321,-0.056509789,0.238528073,-0.741518021,-0.261507958,121.8683014,3.896215677,8.843742371,2.297995806,0.453474432,0.104933202,121.8683014,3.896215677,8.843742371,2.297995806,0.453474432,0.104933202,121.8683014,3.896215677,8.843742371,2.297995806,0.453474432,0.104933202
4.250000202,0.002846032,0.223510623,-0.707184792,-0.891160369,-0.263379276,-0.485225409,-0.109848656,1.295963526,-0.036583867,0.243557304,-0.737757027,-0.251069218,125.1917343,4.093514442,8.67232132,2.362039804,0.463491291,0.097906582,125.1917343,4.093514442,8.67232132,2.362039804,0.463491291,0.097906582,125.1917343,4.093514442,8.67232132,2.362039804,0.463491291,0.097906582
4.260000202,0.001849512,0.236594558,-0.70745182,-0.888659835,-0.270722568,-0.487657279,-0.097094856,1.311718225,-0.024687899,0.252098173,-0.733530104,-0.24143438,126.8170013,4.005972385,8.354628563,2.402658463,0.463371724,0.075276963,126.8170013,4.005972385,8.354628563,2.402658463,0.463371724,0.075276963,126.8170013,4.005972385,8.354628563,2.402658463,0.463371724,0.075276963
4.270000203,0.000980744,0.249836326,-0.707638741,-0.886058211,-0.278022945,-0.490002364,-0.084322982,1.327233076,-0.017557228,0.262381792,-0.72921735,-0.232825756,126.7783203,3.567852736,8.049166679,2.401206493,0.4535923,0.043528996,126.7783203,3.567852736,8.049166679,2.401206493,0.4535923,0.043528996,126.7783203,3.567852736,8.049166679,2.401206493,0.4535923,0.043528996
4.280000203,0.000238627,0.263197303,-0.707760811,-0.883359313,-0.285282314,-0.492268294,-0.071692303,1.337855101,-0.010781605,0.271964759,-0.725137889,-0.225075275,125.1385651,2.872496367,7.794029236,2.353955269,0.437341601,0.012077981,125.1385651,2.872496367,7.794029236,2.353955269,0.437341601,0.012077981,125.1385651,2.872496367,7.794029236,2.353955269,0.437341601,0.012077981
4.290000204,-0.000379462,0.276611686,-0.707802773,-0.880580306,-0.292504489,-0.494461745,-0.059354216,1.341831803,-0.002553216,0.279264212,-0.721463621,-0.218065992,121.9831009,2.113491297,7.551783562,2.279609442,0.417790562,-0.018681269,121.9831009,2.113491297,7.551783562,2.279609442,0.417790562,-0.018681269,121.9831009,2.113491297,7.551783562,2.279609442,0.417790562,-0.018681269
4.300000204,-0.000877591,0.290025115,-0.707766533,-0.877747893,-0.299693286,-0.496592253,-0.047450811,1.341021895,0.005014251,0.284015447,-0.718206227,-0.211869359,117.4137421,1.483380198,7.255440235,2.196742058,0.397584647,-0.048843719,117.4137421,1.483380198,7.255440235,2.196742058,0.397584647,-0.048843719,117.4137421,1.483380198,7.255440235,2.196742058,0.397584647,-0.048843719
4.310000205,-0.001261162,0.303419471,-0.707688332,-0.874884963,-0.30685252,-0.498667449,-0.036113031,1.338940978,0.008352938,0.286857188,-0.715319216,-0.206548542,111.5468292,1.057968616,6.90749836,2.122413874,0.377940953,-0.076075993,111.5468292,1.057968616,6.90749836,2.122413874,0.377940953,-0.076075993,111.5468292,1.057968616,6.90749836,2.122413874,0.377940953,-0.076075993
4.320000205,-0.001528097,0.316747069,-0.70745945,-0.872008681,-0.313969791,-0.500669241,-0.024301441,1.330662012,0.027351327,0.287676066,-0.710687935,-0.198399782,119.0284653,0.848362923,7.548456192,2.178615093,0.437691033,-0.013649604,119.0284653,0.848362923,7.548456192,2.178615093,0.437691033,-0.013649604,119.0284653,0.848362923,7.548456192,2.178615093,0.437691033,-0.013649604
4.330000206,-0.001671827,0.329964995,-0.706931114,-0.869128585,-0.321022213,-0.502565145,-0.011860801,1.319363356,0.05993478,0.28827104,-0.703980148,-0.187295154,125.1327972,0.870100737,7.96330452,2.250984907,0.487915367,0.034248959,125.1327972,0.870100737,7.96330452,2.250984907,0.487915367,0.034248959,125.1327972,0.870100737,7.96330452,2.250984907,0.487915367,0.034248959
4.340000206,-0.001687346,0.343107581,-0.706074715,-0.866219878,-0.327996433,-0.504340887,0.001047126,1.313278079,0.091698639,0.291957498,-0.695742428,-0.175050527,129.5848694,1.170415521,7.935727596,2.335753202,0.516578436,0.049704343,129.5848694,1.170415521,7.935727596,2.335753202,0.516578436,0.049704343,129.5848694,1.170415521,7.935727596,2.335753202,0.516578436,0.049704343
4.350000207,-0.00157137,0.356273055,-0.704997063,-0.863234878,-0.334881961,-0.505998373,0.014248235,1.317837238,0.11105182,0.300730169,-0.686614871,-0.163359419,132.2917633,1.528068781,7.557032585,2.404794455,0.524456441,0.036703866,132.2917633,1.528068781,7.557032585,2.404794455,0.524456441,0.036703866,132.2917633,1.528068781,7.557032585,2.404794455,0.524456441,0.036703866
4.360000207,-0.001322353,0.369554877,-0.70383358,-0.860127807,-0.34167403,-0.507549047,0.027568579,1.331224918,0.117025949,0.313423932,-0.67735666,-0.15303801,133.2489471,1.616008639,7.114460945,2.42557478,0.51317507,0.007350423,133.2489471,1.616008639,7.114460945,2.42557478,0.51317507,0.007350423,133.2489471,1.616008639,7.114460945,2.42557478,0.51317507,0.007350423
4.370000208,-0.000940464,0.382986426,-0.702660561,-0.856889129,-0.34837836,-0.509008169,0.040839661,1.346169949,0.117385089,0.326436162,-0.668731213,-0.144060805,132.4997711,1.263252854,6.816841602,2.381142616,0.486805677,-0.026856232,132.4997711,1.263252854,6.816841602,2.381142616,0.486805677,-0.026856232,132.4997711,1.263252854,6.816841602,2.381142616,0.486805677,-0.026856232
4.380000208,-0.000427484,0.396524787,-0.701458931,-0.853543639,-0.355006397,-0.510385275,0.053900238,1.355267763,0.121099159,0.336267382,-0.661195874,-0.135977522,130.1179962,0.552895546,6.684326172,2.28867054,0.453943789,-0.058134884,130.1179962,0.552895546,6.684326172,2.28867054,0.453943789,-0.058134884,130.1179962,0.552895546,6.684326172,2.28867054,0.453943789,-0.058134884
4.390000209,0.000213251,0.410086036,-0.700171471,-0.850139022,-0.361566722,-0.511684179,0.066596985,1.355914235,0.13110663,0.341591775,-0.654776454,-0.128511369,126.1977768,-0.240502313,6.570455074,2.181507349,0.422168374,-0.086622693,126.1977768,-0.240502313,6.570455074,2.181507349,0.422168374,-0.086622693,126.1977768,-0.240502313,6.570455074,2.181507349,0.422168374,-0.086622693
4.400000209,0.000976946,0.423610091,-0.698763847,-0.846705794,-0.368069828,-0.512914419,0.078785956,1.351190329,0.143175796,0.343624622,-0.649296522,-0.121812016,120.850647,-0.842639089,6.338089943,2.094221115,0.393016338,-0.11585661,120.850647,-0.842639089,6.338089943,2.094221115,0.393016338,-0.11585661,120.850647,-0.842639089,6.338089943,2.094221115,0.393016338,-0.11585661
4.410000209,0.001857467,0.437083602,-0.697272301,-0.84326303,-0.374524295,-0.514087439,0.0903349,1.346520424,0.150301561,0.344462842,-0.644453645,-0.116075903,114.2024384,-1.177456617,5.956697941,2.032191992,0.368822306,-0.14299795,114.2024384,-1.177456617,5.956697941,2.032191992,0.368822306,-0.14299795,114.2024384,-1.177456617,5.956697941,2.032191992,0.368822306,-0.14299795
4.42000021,0.002856069,0.450433135,-0.69557476,-0.839820266,-0.380908191,-0.515174627,0.102273464,1.331289172,0.175921306,0.344316959,-0.636783421,-0.106983319,120.7845383,-1.777245283,6.573812962,2.108316898,0.45511952,-0.075149275,120.7845383,-1.777245283,6.573812962,2.108316898,0.45511952,-0.075149275,120.7845383,-1.777245283,6.573812962,2.108316898,0.45511952,-0.075149275
4.43000021,0.003978446,0.463570952,-0.69349575,-0.836369872,-0.38718909,-0.516147375,0.114755414,1.309151053,0.216450483,0.345314711,-0.625846982,-0.09463805,126.0076981,-2.026137829,6.900054932,2.19950223,0.525872648,-0.028509559,126.0076981,-2.026137829,6.900054932,2.19950223,0.525872648,-0.028509559,126.0076981,-2.026137829,6.900054932,2.19950223,0.525872648,-0.028509559
4.440000211,0.005228788,0.476527572,-0.691039085,-0.832873702,-0.393343151,-0.516986609,0.127620846,1.292597294,0.252491593,0.35097006,-0.612625837,-0.08123327,129.6099854,-1.760693789,6.683066845,2.290373564,0.56473881,-0.014885726,129.6099854,-1.760693789,6.683066845,2.290373564,0.56473881,-0.014885726,129.6099854,-1.760693789,6.683066845,2.290373564,0.56473881,-0.014885726
4.450000211,0.006609529,0.489427924,-0.68836689,-0.829272628,-0.399356067,-0.517699957,0.140699267,1.290177226,0.269771665,0.362816513,-0.598387241,-0.068853714,131.5075836,-1.270636201,6.10548687,2.349279642,0.569691896,-0.033771101,131.5075836,-1.270636201,6.10548687,2.349279642,0.569691896,-0.033771101,131.5075836,-1.270636201,6.10548687,2.349279642,0.569691896,-0.033771101
4.460000212,0.008121505,0.502405584,-0.685667992,-0.825520873,-0.405228794,-0.518302679,0.153822392,1.300422549,0.268666357,0.37853542,-0.584464788,-0.058342472,131.7068329,-1.012396216,5.547417164,2.342228413,0.545361757,-0.0673149,131.7068329,-1.012396216,5.547417164,2.342228413,0.545361757,-0.0673149,131.7068329,-1.012396216,5.547417164,2.342228413,0.545361757,-0.0673149
4.470000212,0.009763852,0.515518606,-0.683037758,-0.821620345,-0.410972774,-0.518813848,0.166828707,1.313946128,0.261373401,0.393206179,-0.571894705,-0.04943506,130.2560425,-1.269820452,5.272462368,2.259576321,0.503387868,-0.102799125,130.2560425,-1.269820452,5.272462368,2.259576321,0.503387868,-0.102799125,130.2560425,-1.269820452,5.272462368,2.259576321,0.503387868,-0.102799125
4.480000213,0.01153411,0.528717458,-0.680426598,-0.817611098,-0.416606128,-0.519243002,0.179564387,1.320742249,0.261379123,0.40256232,-0.561199784,-0.041359622,127.2355194,-1.975150228,5.276952744,2.130618095,0.455594122,-0.131758302,127.2355194,-1.975150228,5.276952744,2.130618095,0.455594122,-0.131758302,127.2355194,-1.975150228,5.276952744,2.130618095,0.455594122,-0.131758302
4.490000213,0.013428494,0.541904867,-0.677727699,-0.813557982,-0.422146022,-0.519595861,0.191883191,1.317472458,0.272892386,0.40548569,-0.552313864,-0.033701107,122.7462616,-2.767172813,5.316575527,1.997913361,0.411755085,-0.156525016,122.7462616,-2.767172813,5.316575527,1.997913361,0.411755085,-0.156525016,122.7462616,-2.767172813,5.316575527,1.997913361,0.411755085,-0.156525016
4.500000214,0.015441701,0.555008352,-0.674866676,-0.809510589,-0.427609622,-0.519874334,0.20364733,1.308431745,0.289519876,0.404291838,-0.544807434,-0.026586825,116.8983994,-3.310604811,5.167300224,1.903027892,0.375905961,-0.180155888,116.8983994,-3.310604811,5.167300224,1.903027892,0.375905961,-0.180155888,116.8983994,-3.310604811,5.167300224,1.903027892,0.375905961,-0.180155888
4.510000214,0.017567143,0.568035543,-0.671881676,-0.805480361,-0.433003604,-0.520089865,0.214730814,1.301296115,0.300303996,0.402742624,-0.538075984,-0.020489566,109.8229904,-3.500759363,4.763555527,1.857709765,0.350457251,-0.206199244,109.8229904,-3.500759363,4.763555527,1.857709765,0.350457251,-0.206199244,109.8229904,-3.500759363,4.763555527,1.857709765,0.350457251,-0.206199244
4.520000215,0.019805118,0.580885351,-0.668642998,-0.801461577,-0.438302219,-0.520219564,0.226093158,1.279958963,0.331225336,0.401581466,-0.527579427,-0.010851786,115.0764389,-4.473644257,5.304475784,1.949360132,0.457939833,-0.139657691,115.0764389,-4.473644257,5.304475784,1.949360132,0.457939833,-0.139657691,115.0764389,-4.473644257,5.304475784,1.949360132,0.457939833,-0.139657691
4.530000215,0.022160158,0.593435705,-0.664967537,-0.797435164,-0.443460643,-0.520225286,0.237877727,1.248342156,0.377300829,0.403013408,-0.51277113,0.002283745,119.0725861,-4.988709927,5.502168655,2.049880981,0.546170831,-0.091438562,119.0725861,-4.988709927,5.502168655,2.049880981,0.546170831,-0.091438562,119.0725861,-4.988709927,5.502168655,2.049880981,0.546170831,-0.091438562
4.540000216,0.0246353,0.605709493,-0.660883904,-0.793347716,-0.44844836,-0.520091772,0.249935925,1.222248077,0.415452212,0.410437822,-0.495121092,0.01629903,121.5744553,-4.797030926,5.101293087,2.139799356,0.591300905,-0.081789479,121.5744553,-4.797030926,5.101293087,2.139799356,0.591300905,-0.081789479,121.5744553,-4.797030926,5.101293087,2.139799356,0.591300905,-0.081789479
4.550000216,0.027232036,0.617849767,-0.656607628,-0.789130569,-0.45325011,-0.519826651,0.262111038,1.212855697,0.429317296,0.424729466,-0.476459026,0.028862134,122.5157852,-4.225958347,4.343826294,2.181378365,0.591723621,-0.104666136,122.5157852,-4.225958347,4.343826294,2.181378365,0.591723621,-0.104666136,122.5157852,-4.225958347,4.343826294,2.181378365,0.591723621,-0.104666136
4.560000217,0.029950306,0.630020559,-0.652375221,-0.784743667,-0.457870662,-0.519454718,0.274250358,1.219101548,0.420742124,0.44238174,-0.458548397,0.039080076,121.9101334,-3.830542326,3.698898315,2.141029358,0.555856705,-0.142521963,121.9101334,-3.830542326,3.698898315,2.141029358,0.555856705,-0.142521963,121.9101334,-3.830542326,3.698898315,2.141029358,0.555856705,-0.142521963
4.570000217,0.032788679,0.642298162,-0.648283958,-0.78019464,-0.462328136,-0.518995047,0.286209106,1.229958415,0.406120598,0.457406223,-0.44264549,0.047566146,119.8134842,-3.98657608,3.475134373,2.020466328,0.500060797,-0.176078573,119.8134842,-3.98657608,3.475134373,2.020466328,0.500060797,-0.176078573,119.8134842,-3.98657608,3.475134373,2.020466328,0.500060797,-0.176078573
4.580000218,0.035743997,0.654631078,-0.644257545,-0.775555968,-0.466646373,-0.518457174,0.297849804,1.233662367,0.402487993,0.464982957,-0.429265887,0.055374894,116.3026199,-4.638669014,3.616409063,1.854107976,0.440160692,-0.200469241,116.3026199,-4.638669014,3.616409063,1.854107976,0.440160692,-0.200469241,116.3026199,-4.638669014,3.616409063,1.854107976,0.440160692,-0.200469241
4.590000218,0.038812205,0.666914403,-0.640141487,-0.770905852,-0.47085017,-0.517843008,0.309042275,1.226468682,0.414846629,0.4647744,-0.41823563,0.063040033,111.4866943,-5.372024059,3.803751945,1.708847523,0.387157679,-0.219428837,111.4866943,-5.372024059,3.803751945,1.708847523,0.387157679,-0.219428837,111.4866943,-5.372024059,3.803751945,1.708847523,0.387157679,-0.219428837
4.600000218,0.041987821,0.679079473,-0.635836601,-0.766290069,-0.474957645,-0.517154455,0.319663644,1.213794708,0.434585333,0.460470587,-0.408896059,0.070308797,105.4669113,-5.809790611,3.732668638,1.624234796,0.347161025,-0.239232004,105.4669113,-5.809790611,3.732668638,1.624234796,0.347161025,-0.239232004,105.4669113,-5.809790611,3.732668638,1.624234796,0.347161025,-0.239232004
4.610000219,0.045264289,0.691141546,-0.631381035,-0.761716247,-0.478978336,-0.516401052,0.329601973,1.204582572,0.447967082,0.456814259,-0.400510609,0.076572478,98.36930084,-5.865811348,3.332025766,1.598951697,0.319153398,-0.262218952,98.36930084,-5.865811348,3.332025766,1.598951697,0.319153398,-0.262218952,98.36930084,-5.865811348,3.332025766,1.598951697,0.319153398,-0.262218952
4.620000219,0.048640892,0.702984273,-0.626635551,-0.757163405,-0.482883632,-0.515558004,0.339687526,1.178077936,0.482577056,0.454874545,-0.387644559,0.08643879,101.9291382,-7.178837776,3.769861937,1.695843101,0.442199558,-0.198269263,101.9291382,-7.178837776,3.769861937,1.695843101,0.442199558,-0.198269263,101.9291382,-7.178837776,3.769861937,1.695843101,0.442199558,-0.198269263
4.63000022,0.052120611,0.714451253,-0.621418953,-0.752601027,-0.486617267,-0.514587164,0.350044221,1.138279319,0.532090247,0.456772327,-0.369623661,0.099700443,104.4101944,-7.962979794,3.819457054,1.793905497,0.543810666,-0.154720157,104.4101944,-7.962979794,3.819457054,1.793905497,0.543810666,-0.154720157,104.4101944,-7.962979794,3.819457054,1.793905497,0.543810666,-0.154720157
4.64000022,0.055704996,0.72555393,-0.615784645,-0.74796617,-0.490144908,-0.513480902,0.360543936,1.10371089,0.570419133,0.465485841,-0.348350525,0.113482751,105.6189728,-7.868924618,3.241680622,1.870255709,0.592591822,-0.150760442,105.6189728,-7.868924618,3.241680622,1.870255709,0.592591822,-0.150760442,105.6189728,-7.868924618,3.241680622,1.870255709,0.592591822,-0.150760442
4.650000221,0.059394524,0.736456335,-0.609995842,-0.743188262,-0.493450344,-0.512248755,0.371053815,1.087854743,0.579549789,0.481137335,-0.326107204,0.125471547,105.5151291,-7.24271965,2.330335617,1.885976672,0.588704526,-0.174590021,105.5151291,-7.24271965,2.330335617,1.885976672,0.588704526,-0.174590021,105.5151291,-7.24271965,2.330335617,1.885976672,0.588704526,-0.174590021
4.660000221,0.06318824,0.747341573,-0.604323387,-0.738231063,-0.496542156,-0.510915518,0.381446391,1.089721441,0.563113093,0.499285877,-0.304999501,0.134958878,104.1142731,-6.751300812,1.62956965,1.812038183,0.543044269,-0.210007846,104.1142731,-6.751300812,1.62956965,1.812038183,0.543044269,-0.210007846,104.1142731,-6.751300812,1.62956965,1.812038183,0.543044269,-0.210007846
4.670000222,0.067084,0.758295476,-0.598866463,-0.733125091,-0.499442279,-0.509502172,0.391602725,1.096989512,0.54124552,0.513177395,-0.286432475,0.142764062,101.4758682,-6.820299625,1.470345855,1.656334639,0.476182282,-0.239490822,101.4758682,-6.820299625,1.470345855,1.656334639,0.476182282,-0.239490822,101.4758682,-6.820299625,1.470345855,1.656334639,0.476182282,-0.239490822
4.680000222,0.071078703,0.769266546,-0.593520164,-0.727950454,-0.502180278,-0.508016348,0.401410878,1.096736312,0.533968806,0.518152595,-0.270950466,0.150155976,97.67749023,-7.392569065,1.756134272,1.471614242,0.405770391,-0.257520407,97.67749023,-7.392569065,1.756134272,1.471614242,0.405770391,-0.257520407,97.67749023,-7.392569065,1.756134272,1.471614242,0.405770391,-0.257520407
4.690000223,0.07516782,0.78014797,-0.588086128,-0.72279489,-0.504785717,-0.506454229,0.410763651,1.085139275,0.546794951,0.514467597,-0.258284599,0.157711118,92.80301666,-8.025627136,2.093963623,1.322342038,0.345024765,-0.270144314,92.80301666,-8.025627136,2.093963623,1.322342038,0.345024765,-0.270144314,92.80301666,-8.025627136,2.093963623,1.322342038,0.345024765,-0.270144314
4.700000223,0.079346105,0.790869176,-0.582440376,-0.717709899,-0.507282436,-0.504821539,0.419561058,1.06864965,0.568992317,0.506782889,-0.247618571,0.164963856,86.96472168,-8.32527256,2.109529495,1.249598265,0.300538778,-0.287314713,86.96472168,-8.32527256,2.109529495,1.249598265,0.300538778,-0.287314713,86.96472168,-8.32527256,2.109529495,1.249598265,0.300538778,-0.287314713
4.710000224,0.083607122,0.801464498,-0.576628685,-0.712691665,-0.509685695,-0.503120184,0.427712619,1.05764246,0.58385396,0.500852585,-0.238007411,0.171218127,80.26796722,-8.197423935,1.724221468,1.25073421,0.272374898,-0.306440204,80.26796722,-8.197423935,1.724221468,1.25073421,0.272374898,-0.306440204,80.26796722,-8.197423935,1.724221468,1.25073421,0.272374898,-0.306440204
4.720000224,0.08794944,0.811811864,-0.570513725,-0.707705855,-0.511949718,-0.501332998,0.435866266,1.027624369,0.619592667,0.498059511,-0.223217666,0.180795655,81.8682251,-9.777791977,2.02491641,1.345853329,0.409707785,-0.250819206,81.8682251,-9.777791977,2.02491641,1.345853329,0.409707785,-0.250819206,81.8682251,-9.777791977,2.02491641,1.345853329,0.409707785,-0.250819206
4.730000225,0.09237425,0.821730077,-0.563923836,-0.702710509,-0.514021099,-0.499424696,0.4441185,0.982064009,0.669424951,0.500219345,-0.20279792,0.193502694,82.63439178,-10.80426598,1.926579595,1.434670448,0.515390456,-0.212278992,82.63439178,-10.80426598,1.926579595,1.434670448,0.515390456,-0.212278992,82.63439178,-10.80426598,1.926579595,1.434670448,0.515390456,-0.212278992
4.740000225,0.096881554,0.831219137,-0.556931496,-0.697636962,-0.515859783,-0.497384787,0.452369869,0.940960586,0.705729842,0.509551704,-0.17892231,0.206524521,82.43267059,-10.84000492,1.20976615,1.490986705,0.565073669,-0.209821329,82.43267059,-10.84000492,1.20976615,1.490986705,0.565073669,-0.209821329,82.43267059,-10.84000492,1.20976615,1.490986705,0.565073669,-0.209821329
4.750000226,0.101470396,0.840444982,-0.549828529,-0.692418456,-0.517450511,-0.495230436,0.460519671,0.919221699,0.709692478,0.525314391,-0.154198006,0.2174858,81.24962616,-10.22776318,0.198485315,1.477833033,0.555878878,-0.23542349,81.24962616,-10.22776318,0.198485315,1.477833033,0.555878878,-0.23542349,81.24962616,-10.22776318,0.198485315,1.477833033,0.555878878,-0.23542349
4.760000226,0.106139347,0.849605978,-0.542912483,-0.687028289,-0.518806636,-0.492987394,0.468474656,0.916327238,0.686057031,0.542459428,-0.130957499,0.225889459,79.11794281,-9.672156334,-0.524826944,1.373967767,0.501846015,-0.267166585,79.11794281,-9.672156334,-0.524826944,1.373967767,0.501846015,-0.267166585,79.11794281,-9.672156334,-0.524826944,1.373967767,0.501846015,-0.267166585
4.770000227,0.110885546,0.858791769,-0.536276817,-0.681506515,-0.519951046,-0.490672827,0.476148933,0.919184327,0.657932281,0.554007471,-0.110645354,0.232832536,76.0763092,-9.660610199,-0.606251538,1.19542253,0.427451491,-0.289555699,76.0763092,-9.660610199,-0.606251538,1.19542253,0.427451491,-0.289555699,76.0763092,-9.660610199,-0.606251538,1.19542253,0.427451491,-0.289555699
4.780000227,0.115705654,0.867948949,-0.529789925,-0.675948501,-0.520921886,-0.488288641,0.483463317,0.914302111,0.647526443,0.555529475,-0.093826227,0.239662126,72.20715332,-10.12998486,-0.185882911,0.99928081,0.34946844,-0.301149696,72.20715332,-10.12998486,-0.185882911,0.99928081,0.34946844,-0.301149696,72.20715332,-10.12998486,-0.185882911,0.99928081,0.34946844,-0.301149696
4.790000228,0.120595619,0.876968801,-0.523222923,-0.670447707,-0.521747768,-0.48583293,0.49034217,0.898230433,0.660254419,0.548056364,-0.080059521,0.246797904,67.58254242,-10.61810017,0.283533037,0.857497215,0.286083937,-0.311130404,67.58254242,-10.61810017,0.283533037,0.857497215,0.286083937,-0.311130404,67.58254242,-10.61810017,0.283533037,0.857497215,0.286083937,-0.311130404
4.800000228,0.12555033,0.885794103,-0.516438484,-0.665053725,-0.522453487,-0.483310461,0.496714383,0.878548384,0.68337971,0.537123322,-0.068463281,0.253669649,62.28342056,-10.72191715,0.386458755,0.808205664,0.239663839,-0.325642437,62.28342056,-10.72191715,0.386458755,0.808205664,0.239663839,-0.325642437,62.28342056,-10.72191715,0.386458755,0.808205664,0.239663839,-0.325642437
4.810000228,0.130563796,0.894478261,-0.509480476,-0.659749389,-0.523054302,-0.480726004,0.5025177,0.866312385,0.698334754,0.529066622,-0.058075227,0.259512722,56.41311264,-10.39525318,0.049435597,0.842124879,0.20989351,-0.342509598,56.41311264,-10.39525318,0.049435597,0.842124879,0.20989351,-0.342509598,56.41311264,-10.39525318,0.049435597,0.842124879,0.20989351,-0.342509598
4.820000229,0.135634005,0.902897298,-0.502234459,-0.654487014,-0.523512065,-0.478060484,0.508172929,0.834438086,0.732693553,0.525528729,-0.042376865,0.268368572,55.89482498,-12.17662907,0.18851769,0.92938745,0.346867651,-0.293291688,55.89482498,-12.17662907,0.18851769,0.92938745,0.346867651,-0.293291688,55.89482498,-12.17662907,0.18851769,0.92938745,0.346867651,-0.293291688
4.830000229,0.140760005,0.910854757,-0.494532585,-0.64921701,-0.523765743,-0.475285292,0.513742387,0.785501897,0.780092061,0.527702093,-0.020705558,0.279977351,54.84754181,-13.40519142,-0.037306659,1.001247406,0.456731677,-0.261321992,54.84754181,-13.40519142,-0.037306659,1.001247406,0.456731677,-0.261321992,54.84754181,-13.40519142,-0.037306659,1.001247406,0.456731677,-0.261321992
4.84000023,0.14594084,0.918343008,-0.4864645,-0.643870711,-0.523771465,-0.47239089,0.519163311,0.740051091,0.812411547,0.536882758,0.004612457,0.291679263,53.21646118,-13.58045197,-0.854839563,1.032042146,0.506912231,-0.260562897,53.21646118,-13.58045197,-0.854839563,1.032042146,0.506912231,-0.260562897,53.21646118,-13.58045197,-0.854839563,1.032042146,0.506912231,-0.260562897
4.85000023,0.151174128,0.925522268,-0.478338242,-0.638387084,-0.52351588,-0.469396353,0.524372876,0.713531375,0.810839891,0.551538408,0.030697336,0.301259249,50.98722076,-13.03730774,-1.914793611,0.990262449,0.493587017,-0.284668654,50.98722076,-13.03730774,-1.914793611,0.990262449,0.493587017,-0.284668654,50.98722076,-13.03730774,-1.914793611,0.990262449,0.493587017,-0.284668654
4.860000231,0.156457484,0.932588995,-0.470457077,-0.632750869,-0.523010433,-0.466325521,0.529317617,0.705644071,0.781237364,0.566256225,0.055073138,0.308403075,48.21809006,-12.47921753,-2.619740486,0.861431241,0.434192121,-0.311653644,48.21809006,-12.47921753,-2.619740486,0.861431241,0.434192121,-0.311653644,48.21809006,-12.47921753,-2.619740486,0.861431241,0.434192121,-0.311653644
4.870000231,0.161788046,0.939625204,-0.462909698,-0.627021194,-0.522289455,-0.463193655,0.533951879,0.703325152,0.748344183,0.574282408,0.076152548,0.314307958,44.94924927,-12.40279293,-2.623725653,0.669551134,0.351987094,-0.32856366,44.94924927,-12.40279293,-2.623725653,0.669551134,0.351987094,-0.32856366,44.94924927,-12.40279293,-2.623725653,0.669551134,0.351987094,-0.32856366
4.880000232,0.167162001,0.946585119,-0.455540657,-0.621289611,-0.521385372,-0.460002661,0.538234353,0.69348979,0.735275269,0.572002292,0.093548387,0.320329368,41.23276901,-12.72761631,-2.087864876,0.482390821,0.272394687,-0.335052401,41.23276901,-12.72761631,-2.087864876,0.482390821,0.272394687,-0.335052401,41.23276901,-12.72761631,-2.087864876,0.482390821,0.272394687,-0.335052401
4.890000232,0.172575533,0.953361928,-0.448103905,-0.615653396,-0.52033633,-0.456746817,0.542126954,0.673267603,0.747008622,0.561052263,0.107678026,0.326876432,37.14782715,-13.03263283,-1.512252092,0.3598499,0.205680788,-0.339497298,37.14782715,-13.03263283,-1.512252092,0.3598499,0.205680788,-0.339497298,37.14782715,-13.03263283,-1.512252092,0.3598499,0.205680788,-0.339497298
4.900000233,0.178024828,0.959917486,-0.440458298,-0.610150695,-0.519163311,-0.453426123,0.54559499,0.65106976,0.769285619,0.547446251,0.119600557,0.33326,32.7532196,-12.9157896,-1.327194452,0.341081351,0.161378965,-0.350401044,32.7532196,-12.9157896,-1.327194452,0.341081351,0.161378965,-0.350401044,32.7532196,-12.9157896,-1.327194452,0.341081351,0.161378965,-0.350401044
4.910000233,0.183505118,0.966320455,-0.432653427,-0.60475862,-0.517881572,-0.450050116,0.548608482,0.638047636,0.782700419,0.53751123,0.130303308,0.338537663,28.09978676,-12.39152908,-1.592896938,0.405302137,0.133216232,-0.367383808,28.09978676,-12.39152908,-1.592896938,0.405302137,0.133216232,-0.367383808,28.09978676,-12.39152908,-1.592896938,0.405302137,0.133216232,-0.367383808
4.920000234,0.189013064,0.972452581,-0.424590111,-0.599421859,-0.516454875,-0.446603537,0.551324189,0.60580802,0.81332016,0.533007264,0.146302626,0.346230835,25.38408661,-14.28552723,-1.608554721,0.476566881,0.265167564,-0.32968232,25.38408661,-14.28552723,-1.608554721,0.476566881,0.265167564,-0.32968232,25.38408661,-14.28552723,-1.608554721,0.476566881,0.265167564,-0.32968232
4.930000234,0.194546759,0.978117406,-0.416124344,-0.594081283,-0.51481837,-0.443062544,0.553766429,0.555980384,0.855343878,0.534651279,0.168270618,0.356152982,22.50666237,-15.65703201,-1.948670864,0.528237402,0.370989114,-0.305414081,22.50666237,-15.65703201,-1.948670864,0.528237402,0.370989114,-0.305414081,22.50666237,-15.65703201,-1.948670864,0.528237402,0.370989114,-0.305414081
4.940000235,0.200101435,0.983292043,-0.407347679,-0.588673949,-0.512932003,-0.439423323,0.555911362,0.508266628,0.882076919,0.542634547,0.193734691,0.365965724,19.43951797,-15.9835577,-2.805648327,0.531111181,0.414782614,-0.306954175,19.43951797,-15.9835577,-2.805648327,0.531111181,0.414782614,-0.306954175,19.43951797,-15.9835577,-2.805648327,0.531111181,0.414782614,-0.306954175
4.950000235,0.205675185,0.988125265,-0.3985672,-0.583152175,-0.510786235,-0.435699224,0.557745576,0.478043348,0.875369012,0.554734826,0.21977596,0.37381795,16.2994976,-15.53891659,-3.850200176,0.46350041,0.396510839,-0.326408595,16.2994976,-15.53891659,-3.850200176,0.46350041,0.396510839,-0.326408595,16.2994976,-15.53891659,-3.850200176,0.46350041,0.396510839,-0.326408595
4.960000236,0.21126467,0.992798269,-0.390073776,-0.57751596,-0.508392513,-0.431915045,0.55926013,0.465315759,0.841650784,0.565663755,0.243993595,0.379478753,13.05327225,-15.00658321,-4.497000694,0.321635634,0.335270941,-0.348888665,13.05327225,-15.00658321,-4.497000694,0.321635634,0.335270941,-0.348888665,13.05327225,-15.00658321,-4.497000694,0.321635634,0.335270941,-0.348888665
4.970000236,0.216867507,0.997391164,-0.381946564,-0.571824431,-0.505785167,-0.428081274,0.560452878,0.457854092,0.805716574,0.569523513,0.264839977,0.384181321,9.75871563,-14.85526657,-4.427471638,0.136867449,0.252522647,-0.359844834,9.75871563,-14.85526657,-4.427471638,0.136867449,0.252522647,-0.359844834,9.75871563,-14.85526657,-4.427471638,0.136867449,0.252522647,-0.359844834
4.980000237,0.222478926,1.001856327,-0.374020576,-0.566174865,-0.502998531,-0.42419982,0.561323106,0.443377733,0.790537953,0.563451409,0.281937212,0.389186889,6.424897194,-15.03031349,-3.812618017,-0.030674553,0.172987312,-0.362264037,6.424897194,-15.03031349,-3.812618017,-0.030674553,0.172987312,-0.362264037,6.424897194,-15.03031349,-3.812618017,-0.030674553,0.172987312,-0.362264037
4.990000237,0.228096545,1.0061059,-0.366046906,-0.560647368,-0.500066936,-0.420263052,0.561875939,0.419904232,0.800314069,0.549703002,0.295742482,0.394842476,3.167633295,-15.11974621,-3.16038537,-0.119430572,0.107974254,-0.362744957,3.167633295,-15.11974621,-3.16038537,-0.119430572,0.107974254,-0.362744957,3.167633295,-15.11974621,-3.16038537,-0.119430572,0.107974254,-0.362744957
5.000000237,0.233717501,1.010115147,-0.357886314,-0.555274367,-0.497017086,-0.416270018,0.562115014,0.395992219,0.820364535,0.534130335,0.307241827,0.400422841,-0.027843328,-14.79551125,-2.89504838,-0.10744945,0.063566618,-0.370433092,-0.027843328,-14.79551125,-2.89504838,-0.10744945,0.063566618,-0.370433092,-0.027843328,-14.79551125,-2.89504838,-0.10744945,0.063566618,-0.370433092
5.010000238,0.239338458,1.013964176,-0.349589348,-0.550027251,-0.493862331,-0.412228346,0.56204617,0.38242358,0.831406057,0.522676349,0.317512244,0.404986382,-3.130860567,-14.09337616,-3.06648922,-0.015038949,0.038544241,-0.384635836,-3.130860567,-14.09337616,-3.06648922,-0.015038949,0.038544241,-0.384635836,-3.130860567,-14.09337616,-3.06648922,-0.015038949,0.038544241,-0.384635836
5.020000238,0.244955122,1.017549992,-0.341085434,-0.5448488,-0.490567386,-0.408129454,0.561542213,0.351193905,0.85630554,0.517066061,0.332876414,0.411259502,-7.964620113,-16.00803566,-3.242708206,0.032130755,0.159956336,-0.360609204,-7.964620113,-16.00803566,-3.242708206,0.032130755,0.159956336,-0.360609204,-7.964620113,-16.00803566,-3.242708206,0.032130755,0.159956336,-0.360609204
5.030000239,0.250562727,1.020681858,-0.332249641,-0.53967607,-0.48707217,-0.403954268,0.560586274,0.302705288,0.890565574,0.517522573,0.353949547,0.419138759,-12.57146358,-17.46334839,-3.670796156,0.058825739,0.256171972,-0.34537676,-12.57146358,-17.46334839,-3.670796156,0.058825739,0.256171972,-0.34537676,-12.57146358,-17.46334839,-3.670796156,0.058825739,0.256171972,-0.34537676
5.040000239,0.256157935,1.023325443,-0.323181152,-0.534457564,-0.483339489,-0.39970088,0.559202552,0.255011827,0.909989357,0.523333073,0.378342807,0.426699907,-16.86881638,-17.92263412,-4.528786182,0.034919489,0.294247836,-0.350072145,-16.86881638,-17.92263412,-4.528786182,0.034919489,0.294247836,-0.350072145,-16.86881638,-17.92263412,-4.528786182,0.034919489,0.294247836,-0.350072145
5.05000024,0.261735976,1.025614262,-0.314161301,-0.529155135,-0.479356945,-0.395387411,0.557419062,0.222507805,0.89831841,0.531834483,0.403235018,0.432440311,-20.84646797,-17.59859657,-5.496190071,-0.049736779,0.274214268,-0.368059278,-20.84646797,-17.59859657,-5.496190071,-0.049736779,0.274214268,-0.368059278,-20.84646797,-17.59859657,-5.496190071,-0.049736779,0.274214268,-0.368059278
5.06000024,0.267292082,1.027697086,-0.305458069,-0.523784041,-0.475139797,-0.391030073,0.555274785,0.205355287,0.862255037,0.538131714,0.426209807,0.436433315,-24.41910172,-17.13077927,-6.053210258,-0.19456476,0.211384296,-0.382831335,-24.41910172,-17.13077927,-6.053210258,-0.19456476,0.211384296,-0.382831335,-24.41910172,-17.13077927,-6.053210258,-0.19456476,0.211384296,-0.382831335
5.070000241,0.272824347,1.029650211,-0.297132492,-0.518407226,-0.470719516,-0.386638403,0.552818,0.192914978,0.825219035,0.537391543,0.445795387,0.439803064,-27.51855087,-16.90239143,-5.911044598,-0.360718876,0.13021189,-0.388296664,-27.51855087,-16.90239143,-5.911044598,-0.360718876,0.13021189,-0.388296664,-27.51855087,-16.90239143,-5.911044598,-0.360718876,0.13021189,-0.388296664
5.080000241,0.278330863,1.03143549,-0.289024353,-0.513106704,-0.46613425,-0.382210493,0.550094008,0.174466878,0.808537483,0.527831793,0.461612612,0.443670452,-30.19711304,-16.90412903,-5.252367973,-0.49255991,0.052162971,-0.385866344,-30.19711304,-16.90412903,-5.252367973,-0.49255991,0.052162971,-0.385866344,-30.19711304,-16.90412903,-5.252367973,-0.49255991,0.052162971,-0.385866344
5.090000242,0.283807814,1.032980442,-0.280889511,-0.507954955,-0.461417377,-0.377737761,0.547143579,0.148664355,0.815818131,0.511864722,0.474211216,0.448256612,-32.4611969,-16.78509903,-4.552391529,-0.545268238,-0.008252897,-0.383581042,-32.4611969,-16.78509903,-4.552391529,-0.545268238,-0.008252897,-0.383581042,-32.4611969,-16.78509903,-4.552391529,-0.545268238,-0.008252897,-0.383581042
5.100000242,0.289255202,1.03426981,-0.272600174,-0.502969146,-0.456590831,-0.373218298,0.544012606,0.123923324,0.83250165,0.495019585,0.484627724,0.452804029,-34.22346878,-16.26714134,-4.221295834,-0.499095798,-0.046811078,-0.389353991,-34.22346878,-16.26714134,-4.221295834,-0.499095798,-0.046811078,-0.389353991,-34.22346878,-16.26714134,-4.221295834,-0.499095798,-0.046811078,-0.389353991
5.110000243,0.294669211,1.035395145,-0.26420784,-0.498121619,-0.451670825,-0.368660688,0.540741444,0.110453069,0.840180099,0.482476205,0.493839115,0.456396252,-35.57368088,-15.39454365,-4.2885499,-0.38232258,-0.068135917,-0.40206483,-35.57368088,-15.39454365,-4.2885499,-0.38232258,-0.068135917,-0.40206483,-35.57368088,-15.39454365,-4.2885499,-0.38232258,-0.068135917,-0.40206483
5.120000243,0.300046027,1.036280155,-0.255677223,-0.493353248,-0.446623981,-0.36405921,0.536918163,0.082138248,0.857104361,0.475693673,0.507739544,0.460925579,-42.32394791,-17.22196388,-4.620195866,-0.362948686,0.03766356,-0.392214656,-42.32394791,-17.22196388,-4.620195866,-0.362948686,0.03766356,-0.392214656,-42.32394791,-17.22196388,-4.620195866,-0.362948686,0.03766356,-0.392214656
5.130000244,0.305380881,1.036756992,-0.246918321,-0.488608718,-0.441394985,-0.359407187,0.532483757,0.03776741,0.88088733,0.474366218,0.526900232,0.466341466,-48.47198105,-18.69485283,-5.108348846,-0.36472863,0.120748237,-0.388178647,-48.47198105,-18.69485283,-5.108348846,-0.36472863,0.120748237,-0.388178647,-48.47198105,-18.69485283,-5.108348846,-0.36472863,0.120748237,-0.388178647
5.140000244,0.310666144,1.036768436,-0.238010526,-0.483844161,-0.435950458,-0.354702711,0.527501643,-0.007982568,0.89245683,0.477154732,0.549053788,0.471409798,-53.92329788,-19.30529404,-5.892287731,-0.409911454,0.150603876,-0.393493205,-53.92329788,-19.30529404,-5.892287731,-0.409911454,0.150603876,-0.393493205,-53.92329788,-19.30529404,-5.892287731,-0.409911454,0.150603876,-0.393493205
5.150000245,0.315898001,1.036409855,-0.229192376,-0.479040504,-0.430279911,-0.349959135,0.522052646,-0.042068098,0.877722383,0.481239796,0.571537971,0.475071907,-58.49237823,-19.13363266,-6.729530811,-0.504645169,0.127781749,-0.40656355,-58.49237823,-19.13363266,-6.729530811,-0.504645169,0.127781749,-0.40656355,-58.49237823,-19.13363266,-6.729530811,-0.504645169,0.127781749,-0.40656355
5.160000245,0.321072638,1.035818577,-0.220694661,-0.474216819,-0.424399555,-0.34518981,0.516221821,-0.06308008,0.841835558,0.482598186,0.592090487,0.477413833,-62.20276642,-18.70136261,-7.182890415,-0.63658762,0.066667467,-0.41618672,-62.20276642,-18.70136261,-7.182890415,-0.63658762,0.066667467,-0.41618672,-62.20276642,-18.70136261,-7.182890415,-0.63658762,0.066667467,-0.41618672
5.170000246,0.32618624,1.035051823,-0.212568402,-0.469427466,-0.418338954,-0.340399504,0.5100981,-0.079829112,0.805522621,0.477635294,0.609393716,0.479408145,-65.03569794,-18.41429901,-7.00176096,-0.772345781,-0.009211626,-0.417263955,-65.03569794,-18.41429901,-7.00176096,-0.772345781,-0.009211626,-0.417263955,-65.03569794,-18.41429901,-7.00176096,-0.772345781,-0.009211626,-0.417263955
5.180000246,0.331235945,1.034086704,-0.204666257,-0.464747787,-0.412134349,-0.335585356,0.503772736,-0.101050802,0.787569404,0.465235561,0.623125613,0.481927395,-66.95591736,-18.23871231,-6.345810413,-0.867985845,-0.080679215,-0.413086087,-66.95591736,-18.23871231,-6.345810413,-0.867985845,-0.080679215,-0.413086087,-66.95591736,-18.23871231,-6.345810413,-0.867985845,-0.080679215,-0.413086087
5.190000247,0.336221755,1.032866001,-0.196771264,-0.460232139,-0.405816257,-0.33074069,0.497336447,-0.127525836,0.791019022,0.447899163,0.633826494,0.485093683,-67.95967865,-17.92069435,-5.641228676,-0.882751524,-0.134211019,-0.410016686,-67.95967865,-17.92069435,-5.641228676,-0.882751524,-0.134211019,-0.410016686,-67.95967865,-17.92069435,-5.641228676,-0.882751524,-0.134211019,-0.410016686
5.200000247,0.341143668,1.031397343,-0.18876946,-0.455893874,-0.399408519,-0.325864553,0.490871042,-0.151579469,0.802801013,0.430398345,0.642456889,0.488266528,-68.13835144,-17.22919273,-5.246387959,-0.808566451,-0.166717798,-0.413364142,-68.13835144,-17.22919273,-5.246387959,-0.808566451,-0.166717798,-0.413364142,-68.13835144,-17.22919273,-5.246387959,-0.808566451,-0.166717798,-0.413364142
5.210000247,0.346000731,1.029776096,-0.180703282,-0.451697707,-0.392923534,-0.320962667,0.484453887,-0.164658874,0.807101905,0.41720432,0.650019586,0.490744382,-67.52753448,-16.26242065,-5.186012745,-0.668878615,-0.180114239,-0.421556234,-67.52753448,-16.26242065,-5.186012745,-0.668878615,-0.180114239,-0.421556234,-67.52753448,-16.26242065,-5.186012745,-0.668878615,-0.180114239,-0.421556234
5.220000248,0.350788176,1.027941227,-0.172563195,-0.447592139,-0.386331737,-0.316033125,0.477393806,-0.189770192,0.816199183,0.40917632,0.661728501,0.493504852,-75.92466736,-17.96935081,-5.654159546,-0.681745946,-0.094030663,-0.424692839,-75.92466736,-17.96935081,-5.654159546,-0.681745946,-0.094030663,-0.424692839,-75.92466736,-17.96935081,-5.654159546,-0.681745946,-0.094030663,-0.424692839
5.230000248,0.355499327,1.025736332,-0.164301515,-0.443529487,-0.379585445,-0.311074018,0.469591111,-0.228959918,0.828815699,0.405689806,0.678062916,0.496501744,-83.34018707,-19.40022278,-6.201218128,-0.711757839,-0.027596969,-0.430427343,-83.34018707,-19.40022278,-6.201218128,-0.711757839,-0.027596969,-0.430427343,-83.34018707,-19.40022278,-6.201218128,-0.711757839,-0.027596969,-0.430427343
5.240000249,0.360128462,1.023115635,-0.155991197,-0.439480186,-0.37265414,-0.30609107,0.461154282,-0.270443201,0.830834508,0.404966921,0.696958721,0.498963147,-89.5978241,-20.05490875,-6.903805733,-0.776030958,-0.006953286,-0.440029114,-89.5978241,-20.05490875,-6.903805733,-0.776030958,-0.006953286,-0.440029114,-89.5978241,-20.05490875,-6.903805733,-0.776030958,-0.006953286,-0.440029114
5.250000249,0.364668906,1.020140171,-0.147822499,-0.435434699,-0.3655321,-0.301090002,0.452201962,-0.303899974,0.812327325,0.404346019,0.715959787,0.500412107,-94.61793518,-20.02377129,-7.57368803,-0.872372627,-0.032763217,-0.44875443,-94.61793518,-20.02377129,-7.57368803,-0.872372627,-0.032763217,-0.44875443,-94.61793518,-20.02377129,-7.57368803,-0.872372627,-0.032763217,-0.44875443
5.26000025,0.369117796,1.016905308,-0.13996613,-0.43141973,-0.358236492,-0.296081305,0.442865193,-0.327863216,0.778267324,0.400612086,0.733069003,0.501000583,-98.28964233,-19.68165779,-7.878736019,-0.987308383,-0.089658111,-0.454440475,-98.28964233,-19.68165779,-7.878736019,-0.987308383,-0.089658111,-0.454440475,-98.28964233,-19.68165779,-7.878736019,-0.987308383,-0.089658111,-0.454440475
5.27000025,0.37347132,1.013460636,-0.132451177,-0.427483916,-0.350791156,-0.291067839,0.433273882,-0.348351777,0.744997859,0.391432166,0.747203469,0.501474917,-100.672554,-19.33003426,-7.651445389,-1.087385416,-0.156128183,-0.452590704,-100.672554,-19.33003426,-7.651445389,-1.087385416,-0.156128183,-0.452590704,-100.672554,-19.33003426,-7.651445389,-1.087385416,-0.156128183,-0.452590704
5.280000251,0.377725661,1.009794712,-0.125151753,-0.423686385,-0.34323138,-0.28604579,0.423559666,-0.371486932,0.727080762,0.376613766,0.758073211,0.502493083,-101.7310257,-18.98704338,-7.033481598,-1.138534665,-0.218345225,-0.446219951,-101.7310257,-18.98704338,-7.033481598,-1.138534665,-0.218345225,-0.446219951,-101.7310257,-18.98704338,-7.033481598,-1.138534665,-0.218345225,-0.446219951
5.290000251,0.381883681,1.005873203,-0.117892861,-0.420063376,-0.335584819,-0.281008482,0.413857013,-0.39727971,0.726440132,0.358620405,0.766221285,0.504115999,-101.423233,-18.47998047,-6.36878109,-1.113042831,-0.261856496,-0.441021055,-101.423233,-18.47998047,-6.36878109,-1.113042831,-0.261856496,-0.441021055,-101.423233,-18.47998047,-6.36878109,-1.113042831,-0.261856496,-0.441021055
5.300000252,0.385946333,1.001722813,-0.110581994,-0.416615844,-0.327870548,-0.275953054,0.40428251,-0.419366807,0.732450604,0.341325402,0.772558212,0.505823612,-99.97041321,-17.65579605,-5.93573761,-1.011440635,-0.2845743,-0.441425502,-99.97041321,-17.65579605,-5.93573761,-1.011440635,-0.2845743,-0.441425502,-99.97041321,-17.65579605,-5.93573761,-1.011440635,-0.2845743,-0.441425502
5.310000252,0.389913619,0.997431278,-0.103249669,-0.413310409,-0.320100963,-0.270885229,0.394946396,-0.431374848,0.733075202,0.328143716,0.777965128,0.507051528,-97.40390015,-16.64394188,-5.751540184,-0.858104944,-0.290259928,-0.446855217,-97.40390015,-16.64394188,-5.751540184,-0.858104944,-0.290259928,-0.446855217,-97.40390015,-16.64394188,-5.751540184,-0.858104944,-0.290259928,-0.446855217
5.320000253,0.393783629,0.992958546,-0.095917821,-0.410102248,-0.312252223,-0.265808821,0.384910315,-0.451747477,0.733288169,0.319033712,0.786780357,0.507884562,-107.0315933,-18.13310814,-6.337462902,-0.904156864,-0.227338225,-0.463353038,-107.0315933,-18.13310814,-6.337462902,-0.904156864,-0.227338225,-0.463353038,-107.0315933,-18.13310814,-6.337462902,-0.904156864,-0.227338225,-0.463353038
5.330000253,0.397545874,0.988190174,-0.088585019,-0.406961799,-0.304284275,-0.260725737,0.374030322,-0.483320475,0.733238578,0.313017845,0.799425066,0.508365989,-115.4436798,-19.43301392,-6.909523964,-0.963522851,-0.17894347,-0.477449656,-115.4436798,-19.43301392,-6.909523964,-0.963522851,-0.17894347,-0.477449656,-115.4436798,-19.43301392,-6.909523964,-0.963522851,-0.17894347,-0.477449656
5.340000254,0.401193678,0.983072758,-0.081307054,-0.403869033,-0.296173275,-0.255642653,0.362456083,-0.518893301,0.726017773,0.308400184,0.814120054,0.508268833,-122.2524414,-20.15474892,-7.47911644,-1.040159464,-0.167725265,-0.489746273,-122.2524414,-20.15474892,-7.47911644,-1.040159464,-0.167725265,-0.489746273,-122.2524414,-20.15474892,-7.47911644,-1.040159464,-0.167725265,-0.489746273
5.350000254,0.404722273,0.977623463,-0.074198365,-0.400827765,-0.287914455,-0.250566244,0.350350887,-0.551230967,0.706382334,0.30294022,0.828768134,0.507512987,-127.3816757,-20.28696251,-7.938426971,-1.131489277,-0.193272918,-0.49703294,-127.3816757,-20.28696251,-7.938426971,-1.131489277,-0.193272918,-0.49703294,-127.3816757,-20.28696251,-7.938426971,-1.131489277,-0.193272918,-0.49703294
5.360000255,0.408125937,0.971895695,-0.067364812,-0.397864699,-0.279523075,-0.245500103,0.337880671,-0.577867627,0.677209556,0.29455784,0.841663063,0.506367266,-130.8286438,-20.03550339,-8.107807159,-1.219632506,-0.243423373,-0.497692168,-130.8286438,-20.03550339,-8.107807159,-1.219632506,-0.243423373,-0.497692168,-130.8286438,-20.03550339,-8.107807159,-1.219632506,-0.243423373,-0.497692168
5.370000255,0.411403716,0.965929508,-0.06082356,-0.395017028,-0.271023929,-0.240445152,0.325218141,-0.601170003,0.648499191,0.282142639,0.851895332,0.50530988,-132.5194397,-19.61577034,-7.887616634,-1.278609514,-0.299844444,-0.492887169,-132.5194397,-19.61577034,-7.887616634,-1.278609514,-0.299844444,-0.492887169,-132.5194397,-19.61577034,-7.887616634,-1.278609514,-0.299844444,-0.492887169
5.380000256,0.414553702,0.959732533,-0.054493427,-0.392322898,-0.262444675,-0.235396877,0.312528312,-0.624261737,0.629743397,0.266094208,0.859349728,0.504745841,-132.5729828,-19.09834671,-7.368966103,-1.286536455,-0.348064154,-0.484742016,-132.5729828,-19.09834671,-7.368966103,-1.286536455,-0.348064154,-0.484742016,-132.5729828,-19.09834671,-7.368966103,-1.286536455,-0.348064154,-0.484742016
5.390000256,0.417578757,0.953308582,-0.048255086,-0.389804244,-0.253809154,-0.230349556,0.29997319,-0.647031605,0.622951865,0.248395592,0.864508927,0.504704058,-130.9907227,-18.42359543,-6.771139622,-1.22957325,-0.37925759,-0.477842689,-130.9907227,-18.42359543,-6.771139622,-1.22957325,-0.37925759,-0.477842689,-130.9907227,-18.42359543,-6.771139622,-1.22957325,-0.37925759,-0.477842689
5.400000256,0.420479834,0.946684361,-0.042031169,-0.387452483,-0.245135009,-0.225301281,0.287700534,-0.665969014,0.622488022,0.231901333,0.868159235,0.504872978,-127.9488602,-17.55980873,-6.285489559,-1.110808015,-0.391269088,-0.475069463,-127.9488602,-17.55980873,-6.285489559,-1.110808015,-0.391269088,-0.475069463,-127.9488602,-17.55980873,-6.285489559,-1.110808015,-0.391269088,-0.475069463
5.410000257,0.423261702,0.939932346,-0.035817862,-0.385239959,-0.236429393,-0.220251575,0.275853306,-0.677181602,0.620927334,0.218994617,0.8711133,0.504922867,-123.461174,-16.57572556,-5.952415466,-0.953496218,-0.386373788,-0.475187421,-123.461174,-16.57572556,-5.952415466,-0.953496218,-0.386373788,-0.475187421,-123.461174,-16.57572556,-5.952415466,-0.953496218,-0.386373788,-0.475187421
5.420000257,0.425919592,0.933037281,-0.029662948,-0.383132339,-0.227675617,-0.215209022,0.263279974,-0.6928671,0.613833189,0.208696365,0.87658906,0.503982902,-133.9259949,-17.78229141,-6.631868839,-1.030956984,-0.348976582,-0.504558742,-133.9259949,-17.78229141,-6.631868839,-1.030956984,-0.348976582,-0.504558742,-133.9259949,-17.78229141,-6.631868839,-1.030956984,-0.348976582,-0.504558742
5.430000258,0.428444922,0.925926685,-0.023620527,-0.381116271,-0.218844116,-0.210184112,0.249809712,-0.716009676,0.601604342,0.199992031,0.884904921,0.502054751,-142.8286133,-18.88964844,-7.233402252,-1.114184022,-0.320881069,-0.528587162,-142.8286133,-18.88964844,-7.233402252,-1.114184022,-0.320881069,-0.528587162,-142.8286133,-18.88964844,-7.233402252,-1.114184022,-0.320881069,-0.528587162
5.440000258,0.430829108,0.918545246,-0.017737072,-0.379184127,-0.209917247,-0.205183998,0.23562029,-0.744103312,0.584805131,0.19151336,0.894667923,0.499489993,-149.8731537,-19.62160873,-7.674030781,-1.197671652,-0.319170713,-0.54279387,-149.8731537,-19.62160873,-7.674030781,-1.197671652,-0.319170713,-0.54279387,-149.8731537,-19.62160873,-7.674030781,-1.197671652,-0.319170713,-0.54279387
5.450000259,0.433067381,0.910868168,-0.012055354,-0.37734735,-0.200894058,-0.200212017,0.220908985,-0.773512244,0.563805938,0.181643128,0.904201865,0.496646971,-154.8814087,-19.88539505,-7.914383888,-1.276267648,-0.343716323,-0.547195077,-154.8814087,-19.88539505,-7.914383888,-1.276267648,-0.343716323,-0.547195077,-154.8814087,-19.88539505,-7.914383888,-1.276267648,-0.343716323,-0.547195077
5.460000259,0.435155928,0.902910709,-0.006605883,-0.375628829,-0.191787422,-0.195268169,0.205875039,-0.801231086,0.5401178,0.1692902,0.912198365,0.493833005,-157.8728333,-19.71611404,-7.92671299,-1.333439589,-0.383807749,-0.544075847,-157.8728333,-19.71611404,-7.92671299,-1.333439589,-0.383807749,-0.544075847,-157.8728333,-19.71611404,-7.92671299,-1.333439589,-0.383807749,-0.544075847
5.47000026,0.437093794,0.894699574,-0.001388539,-0.374054313,-0.18261832,-0.190349594,0.190716937,-0.826124072,0.517216742,0.154333457,0.918005884,0.491298974,-158.8580017,-19.2501545,-7.706014633,-1.352074981,-0.425772011,-0.536480784,-158.8580017,-19.2501545,-7.706014633,-1.352074981,-0.425772011,-0.536480784,-158.8580017,-19.2501545,-7.706014633,-1.352074981,-0.425772011,-0.536480784
5.48000026,0.438880026,0.886261463,0.003634591,-0.372642875,-0.17340821,-0.185453907,0.175626084,-0.848147988,0.49884966,0.137626022,0.921617568,0.489183307,-157.9268646,-18.58935738,-7.297194958,-1.320393324,-0.458056599,-0.527599931,-157.9268646,-18.58935738,-7.297194958,-1.320393324,-0.458056599,-0.527599931,-157.9268646,-18.58935738,-7.297194958,-1.320393324,-0.458056599,-0.527599931
5.490000261,0.440517485,0.877628803,0.008523515,-0.371403098,-0.164176643,-0.180575386,0.160790011,-0.867005527,0.486727566,0.120722942,0.923457861,0.4875274,-155.1074829,-17.78970718,-6.791127205,-1.236070752,-0.474806368,-0.518499672,-155.1074829,-17.78970718,-6.791127205,-1.236070752,-0.474806368,-0.518499672,-155.1074829,-17.78970718,-6.791127205,-1.236070752,-0.474806368,-0.518499672
5.500000261,0.442009985,0.868835926,0.0133351,-0.370317817,-0.154936016,-0.175711647,0.146383375,-0.881838024,0.480023563,0.105545752,0.924196959,0.48621124,-150.555542,-16.9090023,-6.281375408,-1.104374409,-0.474008769,-0.51206392,-150.555542,-16.9090023,-6.281375408,-1.104374409,-0.474008769,-0.51206392,-150.555542,-16.9090023,-6.281375408,-1.104374409,-0.474008769,-0.51206392
5.510000262,0.443362296,0.859938145,0.018105755,-0.369360328,-0.145691574,-0.170858398,0.132568315,-0.891543686,0.476455867,0.093545847,0.924498379,0.485093504,-144.3905792,-15.99612522,-5.822629452,-0.947174191,-0.458862692,-0.507393301,-144.3905792,-15.99612522,-5.822629452,-0.947174191,-0.458862692,-0.507393301,-144.3905792,-15.99612522,-5.822629452,-0.947174191,-0.458862692,-0.507393301
5.520000262,0.444572508,0.850941181,0.022763262,-0.368512511,-0.136432827,-0.166027561,0.118043773,-0.901744306,0.462375462,0.082536869,0.926338732,0.482518971,-155.0881042,-16.87598038,-6.565280437,-1.052505374,-0.446819246,-0.547070742,-155.0881042,-16.87598038,-6.565280437,-1.052505374,-0.446819246,-0.547070742,-155.0881042,-16.87598038,-6.565280437,-1.052505374,-0.446819246,-0.547070742
5.530000263,0.445630133,0.841814518,0.027199099,-0.367775321,-0.127141178,-0.161234394,0.10261108,-0.91543889,0.438439012,0.07152202,0.929914474,0.478455633,-164.0982819,-17.74268532,-7.168122292,-1.154131055,-0.438786805,-0.578945935,-164.0982819,-17.74268532,-7.168122292,-1.154131055,-0.438786805,-0.578945935,-164.0982819,-17.74268532,-7.168122292,-1.154131055,-0.438786805,-0.578945935
5.540000263,0.446527541,0.832506657,0.031378645,-0.367155433,-0.117807567,-0.15648748,0.086471818,-0.934852481,0.412843198,0.059590228,0.934255898,0.473672599,-170.993042,-18.43870926,-7.455996513,-1.240152597,-0.44585377,-0.59586364,-170.993042,-18.43870926,-7.455996513,-1.240152597,-0.44585377,-0.59586364,-170.993042,-18.43870926,-7.455996513,-1.240152597,-0.44585377,-0.59586364
5.550000264,0.447258055,0.822958469,0.035336394,-0.366669059,-0.108433187,-0.15178825,0.069845587,-0.960160792,0.391786993,0.04593423,0.938221633,0.468883991,-175.6425018,-18.81184006,-7.462088108,-1.301180363,-0.466665298,-0.598872542,-175.6425018,-18.81184006,-7.462088108,-1.301180363,-0.466665298,-0.598872542,-175.6425018,-18.81184006,-7.462088108,-1.301180363,-0.466665298,-0.598872542
5.560000264,0.447820723,0.813135624,0.039121289,-0.366332412,-0.099028528,-0.147135273,0.052959185,-0.988094151,0.375382066,0.030509001,0.940961003,0.464458942,-177.9781189,-18.74507904,-7.319197655,-1.325012565,-0.49405846,-0.59291929,-177.9781189,-18.74507904,-7.319197655,-1.325012565,-0.49405846,-0.59291929,-177.9781189,-18.74507904,-7.319197655,-1.325012565,-0.49405846,-0.59291929
5.570000265,0.448215544,0.803049564,0.042749424,-0.36616075,-0.089609087,-0.142522827,0.036028422,-1.013603091,0.35964337,0.014009639,0.942106962,0.460497409,-178.1518707,-18.24208069,-7.119676113,-1.304915786,-0.518764973,-0.58185631,-178.1518707,-18.24208069,-7.119676113,-1.304915786,-0.518764973,-0.58185631,-178.1518707,-18.24208069,-7.119676113,-1.304915786,-0.518764973,-0.58185631
5.580000265,0.448439658,0.792755604,0.04620399,-0.366151214,-0.080190361,-0.137946621,0.019259317,-1.033084154,0.341773659,-0.00239308,0.941738963,0.456945628,-176.2539063,-17.44084549,-6.854383945,-1.237059951,-0.533204675,-0.570268989,-176.2539063,-17.44084549,-6.854383945,-1.237059951,-0.533204675,-0.570268989,-176.2539063,-17.44084549,-6.854383945,-1.237059951,-0.533204675,-0.570268989
5.590000266,0.448501647,0.782314777,0.049478073,-0.366298079,-0.070784748,-0.133402839,0.002863086,-1.046515703,0.32382527,-0.017710583,0.940230072,0.45380035,-172.2055511,-16.55310249,-6.46236515,-1.132773161,-0.533667266,-0.559256434,-172.2055511,-16.55310249,-6.46236515,-1.132773161,-0.533667266,-0.559256434,-172.2055511,-16.55310249,-6.46236515,-1.132773161,-0.533667266,-0.559256434
5.600000266,0.448403418,0.771767139,0.052610774,-0.366583228,-0.061399329,-0.128886715,-0.012978977,-1.05634129,0.310927749,-0.031074569,0.938076615,0.451125979,-166.4103699,-15.71480179,-5.933327198,-0.999137342,-0.520089924,-0.549148798,-166.4103699,-15.71480179,-5.933327198,-0.999137342,-0.520089924,-0.549148798,-166.4103699,-15.71480179,-5.933327198,-0.999137342,-0.520089924,-0.549148798
5.610000266,0.448152602,0.761137486,0.055681009,-0.36698091,-0.052037228,-0.124393478,-0.028090036,-1.064593077,0.306509346,-0.041802507,0.935756087,0.44891566,-158.8229523,-14.94397259,-5.350997925,-0.849656761,-0.495512664,-0.540952146,-158.8229523,-14.94397259,-5.350997925,-0.849656761,-0.495512664,-0.540952146,-158.8229523,-14.94397259,-5.350997925,-0.849656761,-0.495512664,-0.540952146
5.620000267,0.447745383,0.750446796,0.058601994,-0.367490172,-0.042694796,-0.119935289,-0.043859493,-1.069653869,0.287464619,-0.0531753,0.933861017,0.444910616,-169.2390594,-15.4568243,-6.114547253,-0.975359738,-0.509108067,-0.588011622,-169.2390594,-15.4568243,-6.114547253,-0.975359738,-0.509108067,-0.588011622,-169.2390594,-15.4568243,-6.114547253,-0.975359738,-0.509108067,-0.588011622
5.630000267,0.447173178,0.73971796,0.061209578,-0.368124366,-0.033367742,-0.115532652,-0.060493588,-1.073640823,0.253404289,-0.066052333,0.932447195,0.438990474,-177.7747498,-16.00991249,-6.706304073,-1.08724606,-0.521188438,-0.626297653,-177.7747498,-16.00991249,-6.706304073,-1.08724606,-0.521188438,-0.626297653,-177.7747498,-16.00991249,-6.706304073,-1.08724606,-0.521188438,-0.626297653
5.640000268,0.446430266,0.728907108,0.06347312,-0.36890161,-0.024053987,-0.111196056,-0.077777945,-1.083427787,0.219776273,-0.080752306,0.931102633,0.432271004,-184.0908661,-16.62019348,-6.845880985,-1.169309139,-0.534680784,-0.644880056,-184.0908661,-16.62019348,-6.845880985,-1.169309139,-0.534680784,-0.644880056,-184.0908661,-16.62019348,-6.845880985,-1.169309139,-0.534680784,-0.644880056
5.650000268,0.445510924,0.717916965,0.065498963,-0.36984098,-0.014757198,-0.106925264,-0.095485903,-1.103335261,0.199029177,-0.097294904,0.929282427,0.425805122,-188.1061554,-17.07851028,-6.620583057,-1.209817886,-0.549407423,-0.645386457,-188.1061554,-17.07851028,-6.620583057,-1.209817886,-0.549407423,-0.645386457,-188.1061554,-17.07851028,-6.620583057,-1.209817886,-0.549407423,-0.645386457
5.660000269,0.444413245,0.706673145,0.067414179,-0.370953918,-0.005485264,-0.1027136,-0.113384925,-1.129970193,0.190176398,-0.11487361,0.926625133,0.420037568,-189.7470703,-17.09279633,-6.318360329,-1.201216578,-0.561434448,-0.635388553,-189.7470703,-17.09279633,-6.318360329,-1.201216578,-0.561434448,-0.635388553,-189.7470703,-17.09279633,-6.318360329,-1.201216578,-0.561434448,-0.635388553
5.670000269,0.443136275,0.695171833,0.06925334,-0.372241378,0.003753006,-0.098554626,-0.131248429,-1.154793978,0.182239041,-0.132066026,0.923082829,0.414857954,-189.0947418,-16.56864166,-6.132583141,-1.144415379,-0.566135526,-0.622358203,-189.0947418,-16.56864166,-6.132583141,-1.144415379,-0.566135526,-0.622358203,-189.0947418,-16.56864166,-6.132583141,-1.144415379,-0.566135526,-0.622358203
5.68000027,0.441682875,0.683489323,0.070950165,-0.373686194,0.012950059,-0.09444429,-0.148855597,-1.170919895,0.166058868,-0.147534028,0.918827116,0.410031676,-186.2047424,-15.6667223,-6.008356094,-1.046872377,-0.56068629,-0.609406531,-186.2047424,-15.6667223,-6.008356094,-1.046872377,-0.56068629,-0.609406531,-186.2047424,-15.6667223,-6.008356094,-1.046872377,-0.56068629,-0.609406531
5.69000027,0.44005686,0.671717167,0.072432891,-0.375267386,0.022100905,-0.090379968,-0.165998548,-1.178397179,0.143545568,-0.160726443,0.914133191,0.40555945,-181.243454,-14.72299862,-5.742446423,-0.926060915,-0.544424057,-0.596429825,-181.243454,-14.72299862,-5.742446423,-0.926060915,-0.544424057,-0.596429825,-181.243454,-14.72299862,-5.742446423,-0.926060915,-0.544424057,-0.596429825
5.700000271,0.438263953,0.659897327,0.073720589,-0.376963019,0.031203607,-0.086355701,-0.182481453,-1.182863712,0.125424817,-0.171688944,0.909298897,0.401678532,-174.3345947,-13.96745872,-5.220273495,-0.793975949,-0.518491626,-0.582608402,-174.3345947,-13.96745872,-5.220273495,-0.793975949,-0.518491626,-0.582608402,-174.3345947,-13.96745872,-5.220273495,-0.793975949,-0.518491626,-0.582608402
5.710000271,0.436313689,0.648016453,0.074930325,-0.378752112,0.0402591,-0.082364574,-0.198123097,-1.189364791,0.120606586,-0.180552915,0.904610574,0.398522675,-165.6301727,-13.37493801,-4.546836853,-0.658625543,-0.485197753,-0.570104539,-165.6301727,-13.37493801,-4.546836853,-0.658625543,-0.485197753,-0.570104539,-165.6301727,-13.37493801,-4.546836853,-0.658625543,-0.485197753,-0.570104539
5.720000272,0.434203207,0.636122227,0.075962439,-0.380645156,0.049261786,-0.0784197,-0.214332074,-1.189067245,0.097571068,-0.191526502,0.899148047,0.393339545,-175.1517944,-13.47708988,-5.29062891,-0.794267416,-0.523834348,-0.62170738,-175.1517944,-13.47708988,-5.29062891,-0.794267416,-0.523834348,-0.62170738,-175.1517944,-13.47708988,-5.29062891,-0.794267416,-0.523834348,-0.62170738
5.730000272,0.431923926,0.624273777,0.076607123,-0.382671714,0.058203317,-0.074544206,-0.23132053,-1.183472633,0.055363644,-0.205382645,0.892856777,0.385949224,-182.8059998,-13.7015934,-5.836053848,-0.910685658,-0.554518402,-0.663535774,-182.8059998,-13.7015934,-5.836053848,-0.910685658,-0.554518402,-0.663535774,-182.8059998,-13.7015934,-5.836053848,-0.910685658,-0.554518402,-0.663535774
5.740000273,0.429470122,0.612444401,0.076838866,-0.384855628,0.067076065,-0.070750967,-0.248872131,-1.183366299,0.015508282,-0.221836716,0.885872483,0.377692848,-188.2177734,-14.16910458,-5.817121029,-0.982967436,-0.573763311,-0.682818294,-188.2177734,-14.16910458,-5.817121029,-0.982967436,-0.573763311,-0.682818294,-188.2177734,-14.16910458,-5.817121029,-0.982967436,-0.573763311,-0.682818294
5.750000273,0.426838934,0.600506306,0.076828137,-0.38722074,0.075874664,-0.067036644,-0.266756207,-1.196885586,-0.004018557,-0.240215853,0.878331959,0.369893193,-191.2918701,-14.66734982,-5.369503021,-1.002433181,-0.580297947,-0.680487931,-191.2918701,-14.66734982,-5.369503021,-1.002433181,-0.580297947,-0.680487931,-191.2918701,-14.66734982,-5.369503021,-1.002433181,-0.580297947,-0.680487931
5.760000274,0.424026549,0.588348866,0.076773062,-0.389771819,0.084594823,-0.063393131,-0.284745336,-1.220817804,-0.005045788,-0.258912563,0.870421529,0.363026619,-192.0630646,-14.74943447,-4.917239666,-0.96279037,-0.574818075,-0.667555213,-192.0630646,-14.74943447,-4.917239666,-0.96279037,-0.574818075,-0.667555213,-192.0630646,-14.74943447,-4.917239666,-0.96279037,-0.574818075,-0.667555213
5.770000274,0.421035826,0.575956821,0.076725379,-0.392499328,0.093235113,-0.059812441,-0.302610815,-1.243667722,-0.004821142,-0.275900006,0.862425148,0.356867552,-190.4860229,-14.22229862,-4.745594978,-0.874132872,-0.55807364,-0.651833355,-190.4860229,-14.22229862,-4.745594978,-0.874132872,-0.55807364,-0.651833355,-190.4860229,-14.22229862,-4.745594978,-0.874132872,-0.55807364,-0.651833355
5.780000275,0.417869627,0.563416004,0.076576844,-0.395368934,0.101796724,-0.056290284,-0.320140451,-1.255809546,-0.018182971,-0.289649487,0.854608476,0.351056755,-186.7806549,-13.27138615,-4.758779526,-0.751403749,-0.532122254,-0.636728644,-186.7806549,-13.27138615,-4.758779526,-0.751403749,-0.532122254,-0.636728644,-186.7806549,-13.27138615,-4.758779526,-0.751403749,-0.532122254,-0.636728644
5.790000275,0.414531767,0.550844669,0.076194182,-0.39835012,0.110282995,-0.052823678,-0.33713299,-1.257106304,-0.043840937,-0.300127655,0.84712249,0.345573425,-181.0535889,-12.3075304,-4.629844189,-0.621682584,-0.499506414,-0.621419013,-181.0535889,-12.3075304,-4.629844189,-0.621682584,-0.499506414,-0.621419013,-181.0535889,-12.3075304,-4.629844189,-0.621682584,-0.499506414,-0.621419013
5.800000275,0.411029875,0.538282871,0.075573578,-0.401417136,0.118697263,-0.049406901,-0.353395522,-1.255916476,-0.066313632,-0.30820924,0.840020239,0.340746909,-173.4052582,-11.65478992,-4.141834736,-0.496620953,-0.462756306,-0.604901552,-173.4052582,-11.65478992,-4.141834736,-0.496620953,-0.462756306,-0.604901552,-173.4052582,-11.65478992,-4.141834736,-0.496620953,-0.462756306,-0.604901552
5.810000276,0.407372534,0.52569437,0.0748588,-0.404552817,0.127044246,-0.046031132,-0.368754596,-1.259911656,-0.071800806,-0.314815342,0.833352029,0.336827934,-164.0544434,-11.24249363,-3.411004066,-0.380620271,-0.423020869,-0.588869393,-164.0544434,-11.24249363,-3.411004066,-0.380620271,-0.423020869,-0.588869393,-164.0544434,-11.24249363,-3.411004066,-0.380620271,-0.423020869,-0.588869393
5.820000276,0.403559744,0.51313448,0.073948517,-0.407778144,0.135309264,-0.042710438,-0.384556234,-1.254371047,-0.09736456,-0.324747086,0.824705958,0.330725342,-172.0972443,-10.94966602,-4.076999187,-0.516211212,-0.484806001,-0.642421305,-172.0972443,-10.94966602,-4.076999187,-0.516211212,-0.484806001,-0.642421305,-172.0972443,-10.94966602,-4.076999187,-0.516211212,-0.484806001,-0.642421305
5.830000277,0.399582922,0.500704288,0.072603598,-0.411136031,0.143470809,-0.03947033,-0.401007652,-1.239846468,-0.144761607,-0.338703781,0.813904464,0.322209537,-178.4079132,-10.82107353,-4.534147739,-0.62913239,-0.532618642,-0.685283601,-178.4079132,-10.82107353,-4.534147739,-0.62913239,-0.532618642,-0.685283601,-178.4079132,-10.82107353,-4.534147739,-0.62913239,-0.532618642,-0.685283601
5.840000277,0.395438254,0.488385677,0.070806161,-0.414658904,0.151512191,-0.036323205,-0.417901754,-1.230296493,-0.187972352,-0.355852157,0.801664352,0.3128106,-182.5637512,-11.12182331,-4.357450485,-0.687501311,-0.556135595,-0.703089178,-182.5637512,-11.12182331,-4.357450485,-0.687501311,-0.556135595,-0.703089178,-182.5637512,-11.12182331,-4.357450485,-0.687501311,-0.556135595,-0.703089178
5.850000278,0.391122878,0.476038456,0.068776742,-0.418368697,0.15942578,-0.033266082,-0.435020506,-1.236755252,-0.205218315,-0.374819279,0.78880626,0.304006517,-184.5268707,-11.60667515,-3.720703125,-0.682156742,-0.553611934,-0.69802177,-184.5268707,-11.60667515,-3.720703125,-0.682156742,-0.553611934,-0.69802177,-184.5268707,-11.60667515,-3.720703125,-0.682156742,-0.553611934,-0.69802177
5.860000278,0.38663584,0.463517666,0.066766635,-0.422266364,0.167212054,-0.030287638,-0.452147722,-1.25653708,-0.198857993,-0.39336127,0.776105881,0.296354413,-184.2924347,-11.74892139,-3.148807526,-0.614071667,-0.529807091,-0.681021333,-184.2924347,-11.74892139,-3.148807526,-0.614071667,-0.529807091,-0.681021333,-184.2924347,-11.74892139,-3.148807526,-0.614071667,-0.529807091,-0.681021333
5.870000279,0.381978095,0.45079565,0.064843073,-0.426326156,0.174877211,-0.027378991,-0.469073802,-1.276046753,-0.190923691,-0.408980101,0.764172852,0.289528936,-181.9135132,-11.24135303,-2.992257833,-0.497949332,-0.491799325,-0.662358284,-181.9135132,-11.24135303,-2.992257833,-0.497949332,-0.491799325,-0.662358284,-181.9135132,-11.24135303,-2.992257833,-0.497949332,-0.491799325,-0.662358284
5.880000279,0.377155364,0.437968731,0.062862769,-0.430508018,0.182432219,-0.024535552,-0.485597312,-1.283473015,-0.200877443,-0.420230657,0.753351808,0.283055425,-177.4796448,-10.27946472,-3.128593922,-0.361041009,-0.446320087,-0.644945383,-177.4796448,-10.27946472,-3.128593922,-0.361041009,-0.446320087,-0.644945383,-177.4796448,-10.27946472,-3.128593922,-0.361041009,-0.446320087,-0.644945383
5.89000028,0.372171462,0.425167561,0.060644303,-0.434769034,0.189887568,-0.021754399,-0.501534641,-1.278695941,-0.227878049,-0.427440464,0.743636847,0.276893646,-171.2223206,-9.349205017,-3.128505707,-0.228700548,-0.399586827,-0.627399862,-171.2223206,-9.349205017,-3.128505707,-0.228700548,-0.399586827,-0.627399862,-171.2223206,-9.349205017,-3.128505707,-0.228700548,-0.399586827,-0.627399862
5.90000028,0.367034018,0.412434101,0.058161411,-0.439083457,0.197253272,-0.019029334,-0.51670897,-1.272013426,-0.25308007,-0.432290554,0.734825909,0.271441728,-163.1978302,-8.816867828,-2.696254492,-0.118015133,-0.354228616,-0.608266234,-163.1978302,-8.816867828,-2.696254492,-0.118015133,-0.354228616,-0.608266234,-163.1978302,-8.816867828,-2.696254492,-0.118015133,-0.354228616,-0.608266234
5.910000281,0.361751616,0.399708271,0.055575762,-0.443438888,0.204536006,-0.016350701,-0.530960143,-1.273240209,-0.258798748,-0.436399877,0.726691306,0.26703161,-153.6077271,-8.59970665,-1.948464274,-0.02697116,-0.311452925,-0.58943367,-153.6077271,-8.59970665,-1.948464274,-0.02697116,-0.311452925,-0.58943367,-153.6077271,-8.59970665,-1.948464274,-0.02697116,-0.311452925,-0.58943367
5.920000281,0.356325209,0.387052059,0.052788291,-0.447866797,0.211714789,-0.013732676,-0.545500159,-1.262721777,-0.285315126,-0.444649339,0.715456545,0.260333508,-159.6628571,-7.919315338,-2.497327805,-0.151026756,-0.393463105,-0.641990602,-159.6628571,-7.919315338,-2.497327805,-0.151026756,-0.393463105,-0.641990602,-159.6628571,-7.919315338,-2.497327805,-0.151026756,-0.393463105,-0.641990602
5.930000282,0.350750983,0.374600887,0.049546275,-0.45241487,0.218752906,-0.011202459,-0.560515285,-1.240109921,-0.334961593,-0.457533121,0.700788856,0.251071721,-164.1513367,-7.44029808,-2.836845636,-0.248930916,-0.457420528,-0.683549523,-164.1513367,-7.44029808,-2.836845636,-0.248930916,-0.457420528,-0.683549523,-164.1513367,-7.44029808,-2.836845636,-0.248930916,-0.457420528,-0.683549523
5.940000282,0.345023215,0.362350941,0.045839582,-0.457120299,0.22562699,-0.008772765,-0.575828195,-1.221587181,-0.378982604,-0.473923028,0.683994472,0.240916163,-166.822937,-7.54827261,-2.512784481,-0.28915754,-0.483921081,-0.698444307,-166.822937,-7.54827261,-2.512784481,-0.28915754,-0.483921081,-0.698444307,-166.822937,-7.54827261,-2.512784481,-0.28915754,-0.483921081,-0.698444307
5.950000283,0.339141905,0.350151539,0.041923318,-0.462004066,0.232327506,-0.006439378,-0.591240823,-1.220504165,-0.393065333,-0.492040157,0.666541576,0.231497809,-167.4763794,-7.996992111,-1.724207163,-0.262102276,-0.472828001,-0.689220786,-167.4763794,-7.996992111,-1.724207163,-0.262102276,-0.472828001,-0.689220786,-167.4763794,-7.996992111,-1.724207163,-0.262102276,-0.472828001,-0.689220786
5.960000283,0.333107054,0.337837696,0.038087402,-0.467063308,0.238857791,-0.004189585,-0.606562734,-1.234780669,-0.379949033,-0.509225607,0.649748385,0.22342059,-166.2188568,-8.182756424,-1.06148982,-0.172620162,-0.432493359,-0.668030798,-166.2188568,-8.182756424,-1.06148982,-0.172620162,-0.432493359,-0.668030798,-166.2188568,-8.182756424,-1.06148982,-0.172620162,-0.432493359,-0.668030798
5.970000284,0.326920569,0.325368404,0.034410391,-0.472263694,0.24523358,-0.002012675,-0.62161231,-1.24971509,-0.364815801,-0.522628427,0.634592831,0.216301903,-163.0921478,-7.729132175,-0.922407985,-0.039361902,-0.374593794,-0.645789683,-163.0921478,-7.729132175,-0.922407985,-0.039361902,-0.374593794,-0.645789683,-163.0921478,-7.729132175,-0.922407985,-0.039361902,-0.374593794,-0.645789683
5.980000284,0.320588171,0.312845707,0.030727539,-0.477556586,0.251473844,9.63E-05,-0.636216521,-1.252109647,-0.370396256,-0.530770898,0.621476471,0.209559426,-158.1884308,-6.815392971,-1.1652174,0.104553409,-0.312400907,-0.626050353,-158.1884308,-6.815392971,-1.1652174,0.104553409,-0.312400907,-0.626050353,-158.1884308,-6.815392971,-1.1652174,0.104553409,-0.312400907,-0.626050353
5.990000285,0.314113677,0.300403118,0.026822183,-0.482894301,0.257597387,0.00214021,-0.650216937,-1.241801381,-0.396548331,-0.534330845,0.610256076,0.203113809,-151.7092438,-5.978654861,-1.294057608,0.230437696,-0.254086703,-0.606747091,-151.7092438,-5.978654861,-1.294057608,0.230437696,-0.254086703,-0.606747091,-151.7092438,-5.978654861,-1.294057608,0.230437696,-0.254086703,-0.606747091
6.000000285,0.307505667,0.288078785,0.022645805,-0.488248229,0.26361984,0.004125293,-0.663460195,-1.230206609,-0.422668844,-0.535620332,0.600440264,0.197398841,-143.6992035,-5.598795414,-0.952178001,0.321948081,-0.203648493,-0.585889518,-143.6992035,-5.598795414,-0.952178001,0.321948081,-0.203648493,-0.585889518,-143.6992035,-5.598795414,-0.952178001,0.321948081,-0.203648493,-0.585889518
6.010000285,0.300772727,0.27579546,0.018361542,-0.493614554,0.269552648,0.006062027,-0.675811827,-1.228427529,-0.428677857,-0.536963344,0.591498256,0.192802548,-134.39328,-5.577135086,-0.243798777,0.382351726,-0.161371037,-0.565224886,-134.39328,-5.577135086,-0.243798777,0.382351726,-0.161371037,-0.565224886,-134.39328,-5.577135086,-0.243798777,0.382351726,-0.161371037,-0.565224886
6.020000286,0.293914855,0.263625622,0.013875848,-0.49902761,0.275365293,0.00793555,-0.688286066,-1.213224053,-0.45512554,-0.5427652,0.57840544,0.185824767,-138.1589508,-4.538731098,-0.644075155,0.281029791,-0.262535006,-0.614676595,-138.1589508,-4.538731098,-0.644075155,0.281029791,-0.262535006,-0.614676595,-138.1589508,-4.538731098,-0.644075155,0.281029791,-0.262535006,-0.614676595
6.030000286,0.286930144,0.251722813,0.008941358,-0.50453794,0.281010091,0.009717699,-0.701035559,-1.183823228,-0.504039228,-0.553371191,0.560751021,0.176184639,-140.5648499,-3.753708124,-0.836749852,0.203885525,-0.340648562,-0.65269345,-140.5648499,-3.753708124,-0.836749852,0.203885525,-0.340648562,-0.65269345,-140.5648499,-3.753708124,-0.836749852,0.203885525,-0.340648562,-0.65269345
6.040000287,0.279816687,0.240097523,0.003560743,-0.510183692,0.286454618,0.01139557,-0.713909805,-1.157520413,-0.545873344,-0.567610919,0.540325105,0.165663585,-141.4500122,-3.665074587,-0.377206922,0.182824925,-0.370995134,-0.663058639,-141.4500122,-3.665074587,-0.377206922,0.182824925,-0.370995134,-0.663058639,-141.4500122,-3.665074587,-0.377206922,0.182824925,-0.370995134,-0.663058639
6.050000287,0.272575438,0.228600025,-0.001991884,-0.515987754,0.29169029,0.012974586,-0.726749063,-1.14888978,-0.555789948,-0.583572805,0.519223154,0.156016886,-140.7377777,-4.046876431,0.514944494,0.226404071,-0.352149159,-0.648592293,-140.7377777,-4.046876431,0.514944494,0.226404071,-0.352149159,-0.648592293,-140.7377777,-4.046876431,0.514944494,0.226404071,-0.352149159,-0.648592293
6.060000288,0.265206397,0.217055798,-0.007409364,-0.521938682,0.296722829,0.014469143,-0.739401281,-1.156552553,-0.536892295,-0.598282695,0.499236375,0.147896707,-138.4980927,-4.266105652,1.223922491,0.330248624,-0.2984308,-0.622520745,-138.4980927,-4.266105652,1.223922491,0.330248624,-0.2984308,-0.622520745,-138.4980927,-4.266105652,1.223922491,0.330248624,-0.2984308,-0.622520745
6.070000288,0.257714331,0.205415726,-0.012606746,-0.52800405,0.301573217,0.015891548,-0.751719296,-1.165764451,-0.51563549,-0.608769,0.481670886,0.140875041,-134.7272491,-3.899389982,1.337683558,0.467627198,-0.224876419,-0.596578002,-134.7272491,-3.899389982,1.337683558,0.467627198,-0.224876419,-0.596578002,-134.7272491,-3.899389982,1.337683558,0.467627198,-0.224876419,-0.596578002
6.080000289,0.250103056,0.193774223,-0.017757215,-0.534130454,0.30627197,0.017247494,-0.763571203,-1.163020849,-0.51621449,-0.613398433,0.467073798,0.134284616,-129.6134644,-3.106813669,1.006459951,0.609725118,-0.148158237,-0.574666083,-129.6134644,-3.106813669,1.006459951,0.609725118,-0.148158237,-0.574666083,-129.6134644,-3.106813669,1.006459951,0.609725118,-0.148158237,-0.574666083
6.090000289,0.242376864,0.18225956,-0.023096539,-0.540264487,0.310845792,0.018539723,-0.774831533,-1.14794445,-0.53945446,-0.613010883,0.455108464,0.127984226,-123.2270584,-2.414709806,0.755562961,0.724354684,-0.082380757,-0.554347992,-123.2270584,-2.414709806,0.755562961,0.724354684,-0.082380757,-0.554347992,-123.2270584,-2.414709806,0.755562961,0.724354684,-0.082380757,-0.554347992
6.10000029,0.23454386,0.170907974,-0.028694786,-0.546375632,0.315313756,0.019774612,-0.785378575,-1.132085204,-0.564773738,-0.610476255,0.444933981,0.122403055,-115.642334,-2.202302933,0.977262497,0.79245466,-0.031896621,-0.53292048,-115.642334,-2.202302933,0.977262497,0.79245466,-0.031896621,-0.53292048,-115.642334,-2.202302933,0.977262497,0.79245466,-0.031896621,-0.53292048
6.11000029,0.226611674,0.159632206,-0.034401707,-0.552465796,0.319689214,0.020962533,-0.795108378,-1.127169847,-0.571028113,-0.608776033,0.43572849,0.117953785,-107.0714035,-2.378943443,1.593624711,0.81862551,0.005561159,-0.512027204,-107.0714035,-2.378943443,1.593624711,0.81862551,0.005561159,-0.512027204,-107.0714035,-2.378943443,1.593624711,0.81862551,0.005561159,-0.512027204
6.120000291,0.218583643,0.148506165,-0.040300064,-0.558573127,0.32393688,0.022088166,-0.804775834,-1.107947946,-0.596012533,-0.61141336,0.42158699,0.111046687,-108.2123947,-1.050744414,1.364455581,0.746496677,-0.109681562,-0.556700706,-108.2123947,-1.050744414,1.364455581,0.746496677,-0.109681562,-0.556700706,-108.2123947,-1.050744414,1.364455581,0.746496677,-0.109681562,-0.556700706
6.130000291,0.210458338,0.13769865,-0.046614699,-0.5647434,0.327997625,0.023122545,-0.814500749,-1.073229432,-0.641217828,-0.61854881,0.401994467,0.101407424,-108.4233704,-0.004010671,1.333098292,0.695865989,-0.199603528,-0.589750171,-108.4233704,-0.004010671,1.333098292,0.695865989,-0.199603528,-0.589750171,-108.4233704,-0.004010671,1.333098292,0.695865989,-0.199603528,-0.589750171
6.140000292,0.202235281,0.127230644,-0.053327732,-0.571012855,0.331836164,0.024052914,-0.824172556,-1.040490508,-0.678084731,-0.629226148,0.379157275,0.090912983,-107.5131073,0.260760814,1.901617765,0.692802012,-0.232601017,-0.594561458,-107.5131073,0.260760814,1.901617765,0.692802012,-0.232601017,-0.594561458,-107.5131073,0.260760814,1.901617765,0.692802012,-0.232601017,-0.594561458
6.150000292,0.193916857,0.116960302,-0.060162358,-0.577406287,0.335440099,0.024885532,-0.833672583,-1.02458334,-0.683012247,-0.641697407,0.35559243,0.081414305,-105.4345169,-0.04578007,2.83922267,0.745322645,-0.209931225,-0.574423671,-105.4345169,-0.04578007,2.83922267,0.745322645,-0.209931225,-0.574423671,-105.4345169,-0.04578007,2.83922267,0.745322645,-0.209931225,-0.574423671
6.160000293,0.185506403,0.106718794,-0.066814832,-0.583914161,0.338818967,0.02563655,-0.84289217,-1.024809241,-0.659490943,-0.652912438,0.333535403,0.073614597,-102.2795563,-0.294017971,3.543926954,0.851702154,-0.14616172,-0.543233871,-102.2795563,-0.294017971,3.543926954,0.851702154,-0.14616172,-0.543233871,-102.2795563,-0.294017971,3.543926954,0.851702154,-0.14616172,-0.543233871
6.170000293,0.177006781,0.096448675,-0.073199444,-0.590498328,0.342001379,0.026319977,-0.851736188,-1.027508855,-0.63337028,-0.659647107,0.314580023,0.067077234,-98.1394577,-0.059174869,3.619562149,0.986474037,-0.061505791,-0.513680518,-98.1394577,-0.059174869,3.619562149,0.986474037,-0.061505791,-0.513680518,-98.1394577,-0.059174869,3.619562149,0.986474037,-0.061505791,-0.513680518
6.180000294,0.168421328,0.086230293,-0.079484634,-0.597101569,0.345024526,0.026942547,-0.860114992,-1.019785166,-0.628629923,-0.660269737,0.299304456,0.061070554,-93.05522919,0.543992937,3.215461731,1.115366936,0.022527376,-0.490092278,-93.05522919,0.543992937,3.215461731,1.115366936,0.022527376,-0.490092278,-93.05522919,0.543992937,3.215461731,1.115366936,0.022527376,-0.490092278
6.190000294,0.159757674,0.076178327,-0.085909776,-0.603672385,0.347918928,0.027507599,-0.867941439,-1.001007676,-0.647118151,-0.655910552,0.287219942,0.055374123,-87.08279419,1.031641722,2.848438978,1.204913974,0.090234324,-0.469832569,-87.08279419,1.031641722,2.848438978,1.204913974,0.090234324,-0.469832569,-87.08279419,1.031641722,2.848438978,1.204913974,0.090234324,-0.469832569
6.200000294,0.151019633,0.066320673,-0.092562608,-0.610182166,0.350711286,0.028020855,-0.87514317,-0.982045352,-0.669814706,-0.649837673,0.277268797,0.05035165,-80.43904877,1.048047781,2.921973705,1.239726663,0.138288498,-0.449864596,-80.43904877,1.048047781,2.921973705,1.239726663,0.138288498,-0.449864596,-80.43904877,1.048047781,2.921973705,1.239726663,0.138288498,-0.449864596
6.210000295,0.142215788,0.056567334,-0.099320106,-0.616644263,0.353412092,0.028492268,-0.881649733,-0.974290848,-0.676201701,-0.645481348,0.268282175,0.046395786,-73.11267853,0.683262169,3.391520262,1.22606957,0.166536987,-0.430858195,-73.11267853,0.683262169,3.391520262,1.22606957,0.166536987,-0.430858195,-73.11267853,0.683262169,3.391520262,1.22606957,0.166536987,-0.430858195
6.220000295,0.133349478,0.046995781,-0.106253795,-0.623091102,0.355982244,0.028905686,-0.887914717,-0.951784909,-0.698898673,-0.644759059,0.253846258,0.039896764,-71.6229248,2.237360954,3.339354277,1.193079472,0.042597838,-0.470276326,-71.6229248,2.237360954,3.339354277,1.193079472,0.042597838,-0.470276326,-71.6229248,2.237360954,3.339354277,1.193079472,0.042597838,-0.470276326
6.230000296,0.124420702,0.03777983,-0.113551073,-0.629560828,0.358360708,0.029231545,-0.894012153,-0.91330713,-0.73815316,-0.647680819,0.233432099,0.030621888,-69.60105133,3.477776289,3.475823164,1.174497128,-0.053766001,-0.497837305,-69.60105133,3.477776289,3.475823164,1.174497128,-0.053766001,-0.497837305,-69.60105133,3.477776289,3.475823164,1.174497128,-0.053766001,-0.497837305
6.240000296,0.115433753,0.028949402,-0.121176176,-0.636083961,0.360503614,0.029457148,-0.899874687,-0.875714064,-0.767801225,-0.653716266,0.209395796,0.020524137,-66.9143219,3.886851788,4.128344536,1.190578341,-0.090870447,-0.496887535,-66.9143219,3.886851788,4.128344536,1.190578341,-0.090870447,-0.496887535,-66.9143219,3.886851788,4.128344536,1.190578341,-0.090870447,-0.496887535
6.250000297,0.106390297,0.020378433,-0.128861114,-0.642683387,0.362399518,0.029589828,-0.905441701,-0.85332942,-0.76693666,-0.661519945,0.184632435,0.011527973,-63.68170166,3.65197897,5.060697556,1.247690082,-0.06523972,-0.471127182,-63.68170166,3.65197897,5.060697556,1.247690082,-0.06523972,-0.471127182,-63.68170166,3.65197897,5.060697556,1.247690082,-0.06523972,-0.471127182
6.260000297,0.097293913,0.011908494,-0.136320755,-0.649353385,0.364061773,0.029647168,-0.91065675,-0.846136093,-0.739497483,-0.668263137,0.161692783,0.004385824,-59.87666702,3.364715099,5.713513851,1.345856071,0.004238358,-0.435326546,-59.87666702,3.364715099,5.713513851,1.345856071,0.004238358,-0.435326546,-59.87666702,3.364715099,5.713513851,1.345856071,0.004238358,-0.435326546
6.270000298,0.088148177,0.003479524,-0.143476173,-0.656057715,0.365521848,0.029644784,-0.915473104,-0.842105746,-0.709691226,-0.670691252,0.142327577,-0.00132289,-55.57697296,3.44388938,5.729413986,1.464695573,0.093645401,-0.402823538,-55.57697296,3.44388938,5.729413986,1.464695573,0.093645401,-0.402823538,-55.57697296,3.44388938,5.729413986,1.464695573,0.093645401,-0.402823538
6.280000298,0.078958333,-0.004846367,-0.15048568,-0.662742972,0.366823614,0.02959108,-0.919850707,-0.829684138,-0.699985921,-0.667130113,0.127172887,-0.00635959,-50.83909988,3.8108778,5.256915092,1.570838928,0.180500627,-0.378403813,-50.83909988,3.8108778,5.256915092,1.570838928,0.180500627,-0.378403813,-50.83909988,3.8108778,5.256915092,1.570838928,0.180500627,-0.378403813
6.290000299,0.069728434,-0.01297459,-0.157579586,-0.669351935,0.368001401,0.02948999,-0.923757017,-0.808171928,-0.712929189,-0.658735633,0.11559812,-0.011036191,-45.77762604,4.051270485,4.782243729,1.632949233,0.245948836,-0.359738976,-45.77762604,4.051270485,4.782243729,1.632949233,0.245948836,-0.359738976,-45.77762604,4.051270485,4.782243729,1.632949233,0.245948836,-0.359738976
6.300000299,0.060463265,-0.020887822,-0.164859936,-0.675865531,0.369081914,0.02934676,-0.927161098,-0.787249207,-0.731933773,-0.649190724,0.106323443,-0.015099274,-40.42821121,3.853904963,4.695300102,1.629205227,0.28708446,-0.343252659,-40.42821121,3.853904963,4.695300102,1.629205227,0.28708446,-0.343252659,-40.42821121,3.853904963,4.695300102,1.629205227,0.28708446,-0.343252659
6.3100003,0.051168397,-0.028676301,-0.172235653,-0.682299018,0.370078504,0.029170271,-0.930037439,-0.777402341,-0.738134563,-0.642206609,0.09801089,-0.018228138,-34.86346436,3.305702925,4.988534451,1.5750314,0.306365877,-0.328685731,-34.86346436,3.305702925,4.988534451,1.5750314,0.306365877,-0.328685731,-34.86346436,3.305702925,4.988534451,1.5750314,0.306365877,-0.328685731
6.3200003,0.041848019,-0.036263615,-0.179761574,-0.688686728,0.370950162,0.028943297,-0.932503462,-0.752982795,-0.757257223,-0.637983263,0.084024489,-0.02397747,-30.80327606,5.005035877,5.11730957,1.580201745,0.179195613,-0.363283515,-30.80327606,5.005035877,5.11730957,1.580201745,0.179195613,-0.363283515,-30.80327606,5.005035877,5.11730957,1.580201745,0.179195613,-0.363283515
6.330000301,0.032506183,-0.043476015,-0.187580273,-0.695051551,0.37163204,0.028636154,-0.934580803,-0.712589622,-0.788528204,-0.636238456,0.06377767,-0.032529283,-26.64511681,6.381869316,5.411935806,1.596038938,0.079373486,-0.385803491,-26.64511681,6.381869316,5.411935806,1.596038938,0.079373486,-0.385803491,-26.64511681,6.381869316,5.411935806,1.596038938,0.079373486,-0.385803491
6.340000301,0.023146784,-0.050273806,-0.195638821,-0.701418281,0.372078359,0.028236028,-0.936258376,-0.671728671,-0.80941391,-0.636986494,0.039754134,-0.041898284,-22.42313194,6.912330627,6.114524841,1.628992081,0.041076276,-0.380055845,-22.42313194,6.912330627,6.114524841,1.628992081,0.041076276,-0.380055845,-22.42313194,6.912330627,6.114524841,1.628992081,0.041076276,-0.380055845
6.350000302,0.013773924,-0.056760818,-0.203690693,-0.707805991,0.372278631,0.027750727,-0.937528968,-0.643695295,-0.802601337,-0.639394581,0.015042511,-0.050116092,-18.17401695,6.747559547,6.992177963,1.685913444,0.067620605,-0.349914879,-18.17401695,6.747559547,6.992177963,1.685913444,0.067620605,-0.349914879,-18.17401695,6.747559547,6.992177963,1.685913444,0.067620605,-0.349914879
6.360000302,0.004391569,-0.063077293,-0.211482689,-0.714214683,0.372247159,0.027198728,-0.938393652,-0.629298687,-0.77224344,-0.641050875,-0.007655454,-0.056359939,-13.94881821,6.416151524,7.5551548,1.767863035,0.138174698,-0.310629547,-13.94881821,6.416151524,7.5551548,1.767863035,0.138174698,-0.310629547,-13.94881821,6.416151524,7.5551548,1.767863035,0.138174698,-0.310629547
6.370000303,-0.004996278,-0.069285713,-0.218944237,-0.720610023,0.372018278,0.026597556,-0.938862145,-0.618795693,-0.739791155,-0.638851702,-0.026487056,-0.06097598,-9.792116165,6.312754154,7.501685143,1.86212647,0.228016123,-0.276042789,-9.792116165,6.312754154,7.501685143,1.86212647,0.228016123,-0.276042789,-9.792116165,6.312754154,7.501685143,1.86212647,0.228016123,-0.276042789
6.380000303,-0.014385761,-0.075345598,-0.226218864,-0.726940513,0.371636808,0.025957521,-0.938949108,-0.602417648,-0.725398004,-0.631232798,-0.040808745,-0.064726502,-5.75170517,6.409136772,6.968397141,1.935928226,0.312987506,-0.251895696,-5.75170517,6.409136772,6.968397141,1.935928226,0.312987506,-0.251895696,-5.75170517,6.409136772,6.968397141,1.935928226,0.312987506,-0.251895696
6.390000304,-0.023773175,-0.081188284,-0.233518764,-0.733160377,0.371143758,0.025283631,-0.93867147,-0.579396009,-0.732216001,-0.619524717,-0.051285312,-0.068029158,-1.869812369,6.378112793,6.395343304,1.958395958,0.374757349,-0.236337036,-1.869812369,6.378112793,6.395343304,1.958395958,0.374757349,-0.236337036,-1.869812369,6.378112793,6.395343304,1.958395958,0.374757349,-0.236337036
6.400000304,-0.033155125,-0.08680781,-0.240955517,-0.739256263,0.370564878,0.024580952,-0.938046694,-0.557774901,-0.746810377,-0.607366562,-0.059419967,-0.070797831,1.815000772,5.970487595,6.142397404,1.915850401,0.406627476,-0.225496665,1.815000772,5.970487595,6.142397404,1.915850401,0.406627476,-0.225496665,1.815000772,5.970487595,6.142397404,1.915850401,0.406627476,-0.225496665
6.410000304,-0.042528074,-0.092291437,-0.248476192,-0.745258689,0.369911611,0.023856338,-0.93709439,-0.546631634,-0.752822936,-0.598475099,-0.066717014,-0.072847746,5.272825718,5.263038635,6.237410545,1.823648572,0.41451928,-0.218183339,5.272825718,5.263038635,6.237410545,1.823648572,0.41451928,-0.218183339,5.272825718,5.263038635,6.237410545,1.823648572,0.41451928,-0.218183339
6.420000305,-0.051887076,-0.097565494,-0.256118953,-0.751181006,0.369143903,0.023091372,-0.935584247,-0.52158308,-0.767862737,-0.590737462,-0.079644717,-0.077580489,11.68483829,7.029379845,6.54441452,1.882824898,0.29131794,-0.249102935,11.68483829,7.029379845,6.54441452,1.882824898,0.29131794,-0.249102935,11.68483829,7.029379845,6.54441452,1.882824898,0.29131794,-0.249102935
6.430000305,-0.061226409,-0.102463566,-0.263971508,-0.757032752,0.368195951,0.022256371,-0.93348527,-0.481164098,-0.789881766,-0.583880305,-0.098786294,-0.085108653,17.72932053,8.477664948,6.994476795,1.937611461,0.194313541,-0.267708838,17.72932053,8.477664948,6.994476795,1.937611461,0.194313541,-0.267708838,17.72932053,8.477664948,6.994476795,1.937611461,0.194313541,-0.267708838
6.440000306,-0.070540309,-0.106936775,-0.271963298,-0.762831092,0.367026746,0.021338698,-0.930838704,-0.438951701,-0.80084163,-0.578628063,-0.121615134,-0.093457542,23.30086899,9.101409912,7.723697662,1.988636851,0.158531636,-0.258511752,23.30086899,9.101409912,7.723697662,1.988636851,0.158531636,-0.258511752,23.30086899,9.101409912,7.723697662,1.988636851,0.158531636,-0.258511752
6.450000306,-0.079823852,-0.111063801,-0.279877841,-0.768585563,0.365622938,0.020345803,-0.927695513,-0.40672943,-0.787786543,-0.574742198,-0.145081624,-0.100660942,28.31487656,9.006185532,8.509322166,2.043492556,0.183715969,-0.225784212,28.31487656,9.006185532,8.509322166,2.043492556,0.183715969,-0.225784212,28.31487656,9.006185532,8.509322166,2.043492556,0.183715969,-0.225784212
6.460000307,-0.089072108,-0.114960991,-0.287502468,-0.774298072,0.363999784,0.019297,-0.924114823,-0.386035383,-0.755172014,-0.570546448,-0.166421488,-0.105820529,32.72949982,8.642256737,8.95131588,2.101049662,0.252676636,-0.184564516,32.72949982,8.642256737,8.95131588,2.101049662,0.252676636,-0.184564516,32.72949982,8.642256737,8.95131588,2.101049662,0.252676636,-0.184564516
6.470000307,-0.098281741,-0.118689142,-0.294781864,-0.779949546,0.362195432,0.018211242,-0.920163989,-0.369655967,-0.721236706,-0.563544393,-0.183755785,-0.109179802,36.4922142,8.362730026,8.814715385,2.155849695,0.339616507,-0.14942871,36.4922142,8.362730026,8.814715385,2.155849695,0.339616507,-0.14942871,36.4922142,8.362730026,8.814715385,2.155849695,0.339616507,-0.14942871
6.480000308,-0.107449412,-0.122230612,-0.301841915,-0.785498023,0.360254705,0.017100748,-0.915911317,-0.350019932,-0.703118443,-0.552262425,-0.196552768,-0.11146377,39.60971832,8.185037613,8.22884655,2.188997746,0.417937845,-0.126866847,39.60971832,8.185037613,8.22884655,2.188997746,0.417937845,-0.126866847,39.60971832,8.185037613,8.22884655,2.188997746,0.417937845,-0.126866847
6.490000308,-0.116572738,-0.125543669,-0.308875263,-0.790905356,0.358214796,0.015972074,-0.911424577,-0.326442868,-0.704277813,-0.537885368,-0.205570608,-0.113188513,42.06018066,7.883139133,7.573104858,2.172254801,0.470805377,-0.115732029,42.06018066,7.883139133,7.573104858,2.172254801,0.470805377,-0.115732029,42.06018066,7.883139133,7.573104858,2.172254801,0.470805377,-0.115732029
6.500000309,-0.12564972,-0.128638342,-0.315995395,-0.796169639,0.356104314,0.014829796,-0.90676868,-0.305329084,-0.714301646,-0.523874044,-0.212285772,-0.114465602,43.84857559,7.27529335,7.173585892,2.092586994,0.494737417,-0.112282909,43.84857559,7.27529335,7.173585892,2.092586994,0.494737417,-0.112282909,43.84857559,7.27529335,7.173585892,2.092586994,0.494737417,-0.112282909
6.510000309,-0.134678632,-0.13159664,-0.323185146,-0.801327109,0.353933752,0.013678413,-0.902007282,-0.293974072,-0.719810247,-0.513671875,-0.218291909,-0.115284808,44.97477722,6.443334103,7.079332829,1.969624996,0.492486447,-0.114033803,44.97477722,6.443334103,7.079332829,1.969624996,0.492486447,-0.114033803,44.97477722,6.443334103,7.079332829,1.969624996,0.492486447,-0.114033803
6.52000031,-0.143655568,-0.134351328,-0.330461681,-0.806377769,0.351662099,0.012498867,-0.896569371,-0.269866765,-0.729954898,-0.503019333,-0.229673311,-0.118794665,53.41804123,8.204586029,7.562131405,2.081823349,0.379245937,-0.142206207,53.41804123,8.204586029,7.562131405,2.081823349,0.379245937,-0.142206207,53.41804123,8.204586029,7.562131405,2.081823349,0.379245937,-0.142206207
6.53000031,-0.15257147,-0.136746958,-0.337857425,-0.811315894,0.349229276,0.011261862,-0.890368223,-0.231308505,-0.74185282,-0.491494477,-0.246917278,-0.125052318,61.09437561,9.67523098,8.152224541,2.179048538,0.291793734,-0.15825744,61.09437561,9.67523098,8.152224541,2.179048538,0.291793734,-0.15825744,61.09437561,9.67523098,8.152224541,2.179048538,0.291793734,-0.15825744
6.540000311,-0.161420614,-0.138726309,-0.345286548,-0.816141486,0.346597135,0.009954643,-0.883499026,-0.189574659,-0.742431939,-0.480353117,-0.267588198,-0.132155493,67.73087311,10.37341213,8.883914948,2.252764225,0.260802716,-0.1475216,67.73087311,10.37341213,8.883914948,2.252764225,0.260802716,-0.1475216,67.73087311,10.37341213,8.883914948,2.252764225,0.260802716,-0.1475216
6.550000311,-0.170195848,-0.140339449,-0.352565944,-0.820862174,0.343751371,0.008584332,-0.876067281,-0.15469113,-0.72329551,-0.470130324,-0.288728714,-0.138179809,73.28759766,10.35453129,9.551405907,2.30358243,0.286016285,-0.114258535,73.28759766,10.35453129,9.551405907,2.30358243,0.286016285,-0.114258535,73.28759766,10.35453129,9.551405907,2.30358243,0.286016285,-0.114258535
6.560000312,-0.178893358,-0.1416765,-0.359532535,-0.825481772,0.340712011,0.00716976,-0.868190527,-0.128868699,-0.689271808,-0.45987469,-0.307614744,-0.142166167,77.65018463,9.974469185,9.849841118,2.337924004,0.352738082,-0.073348925,77.65018463,9.974469185,9.849841118,2.337924004,0.352738082,-0.073348925,77.65018463,9.974469185,9.849841118,2.337924004,0.352738082,-0.073348925
6.570000312,-0.187509805,-0.142793253,-0.366151035,-0.829985023,0.337514341,0.005730889,-0.859988391,-0.107532829,-0.655139744,-0.447780281,-0.322569817,-0.144223198,80.85443115,9.540298462,9.625811577,2.356131315,0.432239115,-0.0391821,80.85443115,9.540298462,9.625811577,2.356131315,0.432239115,-0.0391821,80.85443115,9.540298462,9.625811577,2.356131315,0.432239115,-0.0391821
6.580000313,-0.196042806,-0.143693045,-0.37253207,-0.834345222,0.334201276,0.004281975,-0.851579368,-0.085518353,-0.634551466,-0.432940751,-0.333173782,-0.145002052,82.90530396,9.108530045,9.002309799,2.343346834,0.501813173,-0.019190907,82.90530396,9.108530045,9.002309799,2.343346834,0.501813173,-0.019190907,82.90530396,9.108530045,9.002309799,2.343346834,0.501813173,-0.019190907
6.590000313,-0.204490453,-0.144363955,-0.378840625,-0.838543296,0.330812871,0.002830907,-0.843078852,-0.062466376,-0.630707741,-0.416557759,-0.340211064,-0.145106196,83.81822968,8.554726601,8.29585743,2.282645464,0.545622706,-0.013372801,83.81822968,8.554726601,8.29585743,2.282645464,0.545622706,-0.013372801,83.81822968,8.554726601,8.29585743,2.282645464,0.545622706,-0.013372801
6.600000313,-0.2128537,-0.144830778,-0.385187328,-0.842586875,0.327370107,0.001381736,-0.83459872,-0.043032113,-0.636241198,-0.401521891,-0.345258653,-0.144855961,83.60071564,7.779926777,7.778366566,2.170354843,0.557376206,-0.018051498,83.60071564,7.779926777,7.778366566,2.170354843,0.557376206,-0.018051498,83.60071564,7.779926777,7.778366566,2.170354843,0.557376206,-0.018051498
6.610000314,-0.221132547,-0.145173147,-0.39158839,-0.846516013,0.323879659,-6.35E-05,-0.826241553,-0.03254056,-0.640981078,-0.390706182,-0.34981516,-0.14442867,82.3555069,6.864648819,7.515580177,2.024353981,0.545833468,-0.02953806,82.3555069,6.864648819,7.515580177,2.024353981,0.545833468,-0.02953806,82.3555069,6.864648819,7.515580177,2.024353981,0.545833468,-0.02953806
6.620000314,-0.229322225,-0.145330504,-0.398036182,-0.850321174,0.320309103,-0.001523972,-0.817116976,-0.010836077,-0.645841777,-0.377895623,-0.359190792,-0.146621689,92.49333954,8.56062603,8.165966988,2.189480066,0.451568693,-0.055497587,92.49333954,8.56062603,8.165966988,2.189480066,0.451568693,-0.055497587,92.49333954,8.56062603,8.165966988,2.189480066,0.451568693,-0.055497587
6.630000315,-0.237413675,-0.145164087,-0.40450877,-0.853977561,0.31660217,-0.003027775,-0.807092071,0.024090789,-0.647491693,-0.362354577,-0.373863101,-0.151442394,101.4264603,10.00915813,8.877443314,2.333088875,0.377717644,-0.069808342,101.4264603,10.00915813,8.877443314,2.333088875,0.377717644,-0.069808342,101.4264603,10.00915813,8.877443314,2.333088875,0.377717644,-0.069808342
6.640000315,-0.245398313,-0.144608572,-0.410912693,-0.857469916,0.312723577,-0.004587554,-0.796307504,0.063591465,-0.638083518,-0.345731556,-0.3915371,-0.157135472,108.8767624,10.77082825,9.588846207,2.433087111,0.354575634,-0.059144929,108.8767624,10.77082825,9.588846207,2.433087111,0.354575634,-0.059144929,108.8767624,10.77082825,9.588846207,2.433087111,0.354575634,-0.059144929
6.650000316,-0.253269941,-0.143683031,-0.417103946,-0.860796332,0.308664739,-0.006197401,-0.784923255,0.099508509,-0.61357832,-0.329237938,-0.409376055,-0.161880389,114.6884918,10.84243202,10.12728405,2.485566378,0.382211059,-0.027488785,114.6884918,10.84243202,10.12728405,2.485566378,0.382211059,-0.027488785,114.6884918,10.84243202,10.12728405,2.485566378,0.382211059,-0.027488785
6.660000316,-0.261023313,-0.14244993,-0.422965229,-0.863958716,0.304445684,-0.007839358,-0.773106873,0.128917098,-0.578805447,-0.312894076,-0.424928635,-0.164668545,118.8328934,10.47329998,10.28853226,2.497961044,0.443939447,0.01128471,118.8328934,10.47329998,10.28853226,2.497961044,0.443939447,0.01128471,118.8328934,10.47329998,10.28853226,2.497961044,0.443939447,0.01128471
6.670000317,-0.268657476,-0.140959337,-0.428483188,-0.866951346,0.30009979,-0.009493268,-0.761029363,0.153868347,-0.545208633,-0.295930803,-0.436781019,-0.165471405,121.2913132,9.921556473,9.986494064,2.476026058,0.513927817,0.04300547,121.2913132,9.921556473,9.986494064,2.476026058,0.513927817,0.04300547,121.2913132,9.921556473,9.986494064,2.476026058,0.513927817,0.04300547
6.680000317,-0.276170522,-0.139233664,-0.433752239,-0.8697685,0.295665205,-0.011143512,-0.748851836,0.177246213,-0.52309233,-0.278093219,-0.44468829,-0.164852157,122.1887207,9.283241272,9.342191696,2.416054249,0.57191515,0.059624143,122.1887207,9.283241272,9.342191696,2.416054249,0.57191515,0.059624143,122.1887207,9.283241272,9.342191696,2.416054249,0.57191515,0.059624143
6.690000318,-0.283561498,-0.137285307,-0.438916385,-0.872406363,0.291179121,-0.012781299,-0.736730993,0.19914256,-0.515398085,-0.260407627,-0.449436992,-0.163478225,121.528923,8.531160355,8.606079102,2.31590271,0.605085015,0.060076889,121.528923,8.531160355,8.606079102,2.31590271,0.605085015,0.060076889,121.528923,8.531160355,8.606079102,2.31590271,0.605085015,0.060076889
6.700000318,-0.290833265,-0.135154322,-0.444080532,-0.874885917,0.286659658,-0.014403052,-0.724818945,0.216359764,-0.517121434,-0.245158076,-0.452536076,-0.161842242,119.3373337,7.633935928,8.009314537,2.175583363,0.607239068,0.047871888,119.3373337,7.633935928,8.009314537,2.175583363,0.607239068,0.047871888,119.3373337,7.633935928,8.009314537,2.175583363,0.607239068,0.047871888
6.710000319,-0.297988683,-0.132915094,-0.449280918,-0.877251029,0.282111585,-0.016009003,-0.713254213,0.225420266,-0.520867884,-0.23449336,-0.455405235,-0.160291433,115.7686081,6.682083607,7.623446465,2.014728308,0.587313175,0.027545759,115.7686081,6.682083607,7.623446465,2.014728308,0.587313175,0.027545759,115.7686081,6.682083607,7.623446465,2.014728308,0.587313175,0.027545759
6.720000319,-0.305022985,-0.130521849,-0.454485118,-0.879486442,0.277502477,-0.017617613,-0.700867832,0.243484259,-0.519991398,-0.220465943,-0.462523758,-0.16115135,127.1467133,8.237112045,8.427535057,2.230576992,0.513396621,0.004225848,127.1467133,8.237112045,8.427535057,2.230576992,0.513396621,0.004225848,127.1467133,8.237112045,8.427535057,2.230576992,0.513396621,0.004225848
6.73000032,-0.311924726,-0.127855375,-0.459618747,-0.881546378,0.272785604,-0.019254297,-0.687482953,0.273043841,-0.511295974,-0.201838732,-0.474143684,-0.164405391,136.9780579,9.616564751,9.238232613,2.423295021,0.459261119,-0.008546314,136.9780579,9.616564751,9.238232613,2.423295021,0.459261119,-0.008546314,136.9780579,9.616564751,9.238232613,2.423295021,0.459261119,-0.008546314
6.74000032,-0.318686277,-0.124844149,-0.464583576,-0.883394599,0.267931402,-0.020931214,-0.673285365,0.308375329,-0.492287129,-0.180426672,-0.488113075,-0.168536052,144.8644867,10.42335701,9.906638145,2.554073811,0.448073238,0.000736642,144.8644867,10.42335701,9.906638145,2.554073811,0.448073238,0.000736642,144.8644867,10.42335701,9.906638145,2.554073811,0.448073238,0.000736642
6.750000321,-0.325300962,-0.121479347,-0.469277561,-0.885021567,0.262940824,-0.022644013,-0.658477306,0.343432337,-0.463234067,-0.158138752,-0.501830637,-0.171911925,150.71875,10.5941,10.29832458,2.609930515,0.47929132,0.028671393,150.71875,10.5941,10.29832458,2.609930515,0.47929132,0.028671393,150.71875,10.5941,10.29832458,2.609930515,0.47929132,0.028671393
6.760000321,-0.331764013,-0.117791489,-0.47363776,-0.886425376,0.25782913,-0.024376839,-0.643267751,0.374915987,-0.42908445,-0.136000395,-0.513320267,-0.173536032,154.4889069,10.27622414,10.312994,2.603021622,0.533080399,0.063036777,154.4889069,10.27622414,10.312994,2.603021622,0.533080399,0.063036777,154.4889069,10.27622414,10.312994,2.603021622,0.533080399,0.063036777
6.770000322,-0.338073522,-0.113821104,-0.477675617,-0.887613654,0.252629697,-0.026110619,-0.627867043,0.40238741,-0.397682667,-0.114457875,-0.521476209,-0.17324321,156.1816559,9.657175064,9.945609093,2.543101788,0.591789603,0.090775184,156.1816559,9.657175064,9.945609093,2.543101788,0.591789603,0.090775184,156.1816559,9.657175064,9.945609093,2.543101788,0.591789603,0.090775184
6.780000322,-0.344228536,-0.109604433,-0.481471241,-0.888594031,0.247375429,-0.027829379,-0.612477899,0.426315695,-0.375574946,-0.093956038,-0.526311696,-0.171467215,155.8785095,8.863078117,9.312789917,2.441467524,0.635287225,0.103673518,155.8785095,8.863078117,9.312789917,2.441467524,0.635287225,0.103673518,155.8785095,8.863078117,9.312789917,2.441467524,0.635287225,0.103673518
6.790000323,-0.350231916,-0.105180338,-0.485136211,-0.889385581,0.24209255,-0.029523581,-0.597295761,0.446223408,-0.36478281,-0.075559787,-0.52866894,-0.168875724,153.6351471,7.953048229,8.597435951,2.303452015,0.654428124,0.099654391,153.6351471,7.953048229,8.597435951,2.303452015,0.654428124,0.099654391,153.6351471,7.953048229,8.597435951,2.303452015,0.654428124,0.099654391
6.800000323,-0.356086522,-0.100601509,-0.488764942,-0.890024543,0.236796319,-0.031190187,-0.582499564,0.460461557,-0.362712383,-0.060753129,-0.529783547,-0.166098565,149.6180115,6.981264114,7.963968277,2.141337872,0.648650765,0.081539162,149.6180115,6.981264114,7.963968277,2.141337872,0.648650765,0.081539162,149.6180115,6.981264114,7.963968277,2.141337872,0.648650765,0.081539162
6.810000323,-0.361798078,-0.095937327,-0.492408931,-0.890549064,0.231489599,-0.032831114,-0.568257213,0.467521489,-0.364938051,-0.050659176,-0.530843794,-0.163625598,143.9129028,6.040145397,7.488295078,1.976150155,0.624026954,0.05445338,143.9129028,6.040145397,7.488295078,1.976150155,0.624026954,0.05445338,143.9129028,6.040145397,7.488295078,1.976150155,0.624026954,0.05445338
6.820000324,-0.36736086,-0.091157988,-0.496010005,-0.890943885,0.226147115,-0.034463089,-0.553179264,0.481015235,-0.358289719,-0.036208704,-0.535335362,-0.163213849,155.9897766,7.396520138,8.41133213,2.231961489,0.575936794,0.034565512,155.9897766,7.396520138,8.41133213,2.231961489,0.575936794,0.034565512,155.9897766,7.396520138,8.41133213,2.231961489,0.575936794,0.034565512
6.830000324,-0.372763425,-0.086168602,-0.499451816,-0.891144156,0.220730245,-0.036107462,-0.537058353,0.503896296,-0.340133309,-0.015646933,-0.543406367,-0.164837644,166.1991425,8.659132004,9.278980255,2.465759039,0.542428195,0.023552179,166.1991425,8.659132004,9.278980255,2.465759039,0.542428195,0.023552179,166.1991425,8.659132004,9.278980255,2.465759039,0.542428195,0.023552179
6.840000325,-0.377999097,-0.080895498,-0.502637863,-0.891102195,0.215218961,-0.037775438,-0.520114064,0.533474982,-0.312993258,0.00923283,-0.553134561,-0.167309225,174.1360779,9.488371849,9.878322601,2.622596502,0.543011129,0.030457161,174.1360779,9.488371849,9.878322601,2.622596502,0.543011129,0.030457161,174.1360779,9.488371849,9.878322601,2.622596502,0.543011129,0.030457161
6.850000325,-0.383060247,-0.075301483,-0.505514145,-0.890793204,0.20961374,-0.039464634,-0.502579451,0.565985858,-0.281005263,0.036196701,-0.562317193,-0.169280648,179.7485809,9.76701355,10.11886883,2.687057018,0.574335873,0.052872997,179.7485809,9.76701355,10.11886883,2.687057018,0.574335873,0.052872997,179.7485809,9.76701355,10.11886883,2.687057018,0.574335873,0.052872997
6.860000326,-0.387943059,-0.06938608,-0.508066177,-0.890215278,0.203933656,-0.041162413,-0.484697372,0.597843289,-0.248729497,0.063180782,-0.569326878,-0.169820413,182.9295807,9.529950142,10.00831795,2.665860415,0.621920288,0.080959626,182.9295807,9.529950142,10.00831795,2.665860415,0.621920288,0.080959626,182.9295807,9.529950142,10.00831795,2.665860415,0.621920288,0.080959626
6.870000326,-0.392645627,-0.063177422,-0.510324478,-0.889379859,0.198206842,-0.042851847,-0.466708183,0.626396477,-0.220494255,0.08859165,-0.573489726,-0.168637961,183.7332001,8.894430161,9.603293419,2.5771451,0.667259932,0.103571907,183.7332001,8.894430161,9.603293419,2.5771451,0.667259932,0.103571907,183.7332001,8.894430161,9.603293419,2.5771451,0.667259932,0.103571907
6.880000327,-0.397169858,-0.056722835,-0.512355804,-0.888311744,0.19245857,-0.044517796,-0.448844552,0.649960756,-0.199383929,0.111134484,-0.575046301,-0.166013032,182.2284393,8.004308701,9.006658554,2.438565731,0.695958674,0.112667382,182.2284393,8.004308701,9.006658554,2.438565731,0.695958674,0.112667382,182.2284393,8.004308701,9.006658554,2.438565731,0.695958674,0.112667382
6.890000327,-0.401518613,-0.050080016,-0.51424408,-0.887049079,0.186709821,-0.046150368,-0.431323409,0.66755712,-0.186494648,0.129720584,-0.574792027,-0.162560001,178.5799255,6.998859882,8.340921402,2.269217491,0.703008294,0.105434678,178.5799255,6.998859882,8.340921402,2.269217491,0.703008294,0.105434678,178.5799255,6.998859882,8.340921402,2.269217491,0.703008294,0.105434678
6.900000328,-0.405695707,-0.043312505,-0.516061783,-0.885639548,0.180969656,-0.047747176,-0.414347947,0.678738892,-0.180987254,0.143601939,-0.573790491,-0.158978403,172.9037018,5.996929646,7.714328766,2.090387106,0.68818593,0.083620094,172.9037018,5.996929646,7.714328766,2.090387106,0.68818593,0.083620094,172.9037018,5.996929646,7.714328766,2.090387106,0.68818593,0.083620094
6.910000328,-0.409708768,-0.036481813,-0.517871857,-0.884128928,0.17523855,-0.049311798,-0.398109704,0.683849156,-0.181327611,0.152621076,-0.572971404,-0.155848593,165.3038635,5.100143909,7.18121624,1.922753692,0.658609748,0.052620284,165.3038635,5.100143909,7.18121624,1.922753692,0.658609748,0.052620284,165.3038635,5.100143909,7.18121624,1.922753692,0.658609748,0.052620284
6.920000329,-0.413553983,-0.029578535,-0.519594193,-0.882492423,0.169495046,-0.05085675,-0.381070226,0.692227721,-0.169007137,0.166771322,-0.574731469,-0.154242218,177.4170837,6.182768345,8.17605114,2.210763931,0.635906875,0.037762955,177.4170837,6.182768345,8.17605114,2.210763931,0.635906875,0.037762955,177.4170837,6.182768345,8.17605114,2.210763931,0.635906875,0.037762955
6.930000329,-0.417220861,-0.022539346,-0.521076202,-0.880655646,0.163713872,-0.052398007,-0.36299631,0.707169056,-0.142189249,0.1882108,-0.579000056,-0.154168606,187.513443,7.263262272,9.056221008,2.47551012,0.625042915,0.028719554,187.513443,7.263262272,9.056221008,2.47551012,0.625042915,0.028719554,187.513443,7.263262272,9.056221008,2.47551012,0.625042915,0.028719554
6.94000033,-0.420701772,-0.015293678,-0.522230148,-0.878557563,0.157882631,-0.053945225,-0.344124407,0.729286075,-0.108270012,0.215427205,-0.584179401,-0.154887587,195.1773987,8.080695152,9.555175781,2.655546427,0.636844039,0.032048404,195.1773987,8.080695152,9.555175781,2.655546427,0.636844039,0.032048404,195.1773987,8.080695152,9.555175781,2.655546427,0.636844039,0.032048404
6.95000033,-0.423988134,-0.00777789,-0.523046494,-0.876161933,0.152005613,-0.05549876,-0.324710041,0.757440627,-0.074953586,0.245991811,-0.588519573,-0.155449808,200.2839661,8.469828606,9.635282516,2.72866869,0.667874813,0.046757679,200.2839661,8.469828606,9.635282516,2.72866869,0.667874813,0.046757679,200.2839661,8.469828606,9.635282516,2.72866869,0.667874813,0.046757679
6.960000331,-0.427078038,4.19E-05,-0.523565292,-0.873455405,0.146100938,-0.057050508,-0.305021852,0.788204968,-0.046487134,0.277014703,-0.590873778,-0.155049533,202.6906281,8.34703064,9.397740364,2.698867321,0.705880702,0.06647934,202.6906281,8.34703064,9.397740364,2.698867321,0.705880702,0.06647934,202.6906281,8.34703064,9.397740364,2.698867321,0.705880702,0.06647934
6.970000331,-0.429970533,0.008154567,-0.523843765,-0.870455146,0.140190542,-0.058587115,-0.285318285,0.816879749,-0.023405572,0.305528879,-0.590976059,-0.15326494,202.5444946,7.743299007,8.972949028,2.581820488,0.736330867,0.082824074,202.5444946,7.743299007,8.972949028,2.581820488,0.736330867,0.082824074,202.5444946,7.743299007,8.972949028,2.581820488,0.736330867,0.082824074
6.980000332,-0.432668477,0.01650637,-0.523925781,-0.867208838,0.134293497,-0.06009547,-0.265847176,0.839409947,-0.004543436,0.329193592,-0.589257658,-0.150163054,199.9268494,6.80488205,8.460189819,2.406737328,0.750044942,0.088404201,199.9268494,6.80488205,8.460189819,2.406737328,0.750044942,0.088404201,199.9268494,6.80488205,8.460189819,2.406737328,0.750044942,0.088404201
6.990000332,-0.435175687,0.02502143,-0.523849487,-0.863773704,0.128423154,-0.061565798,-0.246839687,0.854129553,0.010260591,0.347062528,-0.586479783,-0.146221817,195.0140839,5.742264271,7.894912243,2.211824417,0.744349897,0.079774588,195.0140839,5.742264271,7.894912243,2.211824417,0.744349897,0.079774588,195.0140839,5.742264271,7.894912243,2.211824417,0.744349897,0.079774588
7.000000332,-0.43749693,0.033628184,-0.523672104,-0.86020124,0.122582637,-0.062995508,-0.228512853,0.86198473,0.019484976,0.359440804,-0.58345145,-0.14214766,187.9338074,4.746413708,7.298298359,2.025518179,0.721222937,0.057210144,187.9338074,4.746413708,7.298298359,2.025518179,0.721222937,0.057210144,187.9338074,4.746413708,7.298298359,2.025518179,0.721222937,0.057210144
7.010000333,-0.439641744,0.042274792,-0.523456573,-0.856542945,0.116769515,-0.06438835,-0.211071372,0.865110576,0.02178112,0.36707899,-0.580806017,-0.138590053,178.8016357,3.923211098,6.732569218,1.861246943,0.687844455,0.025313718,178.8016357,3.923211098,6.732569218,1.861246943,0.687844455,0.025313718,178.8016357,3.923211098,6.732569218,1.861246943,0.687844455,0.025313718
7.020000333,-0.44160822,0.050950009,-0.523105621,-0.852768302,0.110970221,-0.065752581,-0.192902282,0.868162394,0.039436985,0.380306482,-0.579776287,-0.135920107,190.3637085,4.6764431,7.726440907,2.163804293,0.689855456,0.01565301,190.3637085,4.6764431,7.726440907,2.163804293,0.689855456,0.01565301,190.3637085,4.6764431,7.726440907,2.163804293,0.689855456,0.01565301
7.030000334,-0.443384916,0.059682328,-0.522447586,-0.848797202,0.105169497,-0.0670975,-0.173757538,0.874689877,0.073071286,0.401653111,-0.580158949,-0.134198144,199.8632355,5.517965794,8.544979095,2.444229603,0.69842428,0.008487545,199.8632355,5.517965794,8.544979095,2.444229603,0.69842428,0.008487545,199.8632355,5.517965794,8.544979095,2.444229603,0.69842428,0.008487545
7.040000334,-0.4449642,0.068536431,-0.52141571,-0.844557166,0.099363528,-0.068431213,-0.153885871,0.888521016,0.111088358,0.429967284,-0.580716848,-0.133199856,206.7977905,6.278382301,8.901396751,2.6369133,0.719407022,0.007234782,206.7977905,6.278382301,8.901396751,2.6369133,0.719407022,0.007234782,206.7977905,6.278382301,8.901396751,2.6369133,0.719407022,0.007234782
7.050000335,-0.446341306,0.077598006,-0.520044327,-0.839998603,0.093559705,-0.069757059,-0.133556366,0.91102773,0.143249482,0.462641716,-0.580225408,-0.132432759,211.0394745,6.74974966,8.821025848,2.712693691,0.747930288,0.012902266,211.0394745,6.74974966,8.821025848,2.712693691,0.747930288,0.012902266,211.0394745,6.74974966,8.821025848,2.712693691,0.747930288,0.012902266
7.060000335,-0.447512418,0.086931139,-0.518424988,-0.835106254,0.087774001,-0.071072176,-0.113038406,0.939073801,0.166225567,0.495930463,-0.578050554,-0.131256267,212.5963593,6.739269257,8.482461929,2.66990757,0.77454561,0.022988401,212.5963593,6.739269257,8.482461929,2.66990757,0.77454561,0.022988401,212.5963593,6.739269257,8.482461929,2.66990757,0.77454561,0.022988401
7.070000336,-0.448479444,0.096539885,-0.516622543,-0.829908729,0.082022868,-0.072367981,-0.092598461,0.966205299,0.183447391,0.525796115,-0.574311733,-0.129123539,211.4746094,6.193860054,8.078914642,2.529673815,0.789285183,0.032360446,211.4746094,6.193860054,8.078914642,2.529673815,0.789285183,0.032360446,211.4746094,6.193860054,8.078914642,2.529673815,0.789285183,0.032360446
7.080000336,-0.449244291,0.106368214,-0.514659882,-0.824459434,0.076317273,-0.073633745,-0.072485536,0.986596763,0.199535087,0.549448013,-0.569593906,-0.125864282,207.8762512,5.260318756,7.669168472,2.333908081,0.787155867,0.034853838,207.8762512,5.260318756,7.669168472,2.333908081,0.787155867,0.034853838,207.8762512,5.260318756,7.669168472,2.333908081,0.787155867,0.034853838
7.090000337,-0.449811727,0.116330057,-0.512535095,-0.818830848,0.070661746,-0.07486017,-0.052937094,0.998124182,0.215637609,0.565994203,-0.564551294,-0.121788621,201.8939514,4.200134277,7.220928669,2.122528315,0.769194245,0.026092255,201.8939514,4.200134277,7.220928669,2.122528315,0.769194245,0.026092255,201.8939514,4.200134277,7.220928669,2.122528315,0.769194245,0.026092255
7.100000337,-0.450190336,0.126351103,-0.510276794,-0.813082099,0.065055333,-0.076043919,-0.034175977,1.002810478,0.228369251,0.576508641,-0.559680641,-0.117563836,193.6915894,3.252776146,6.683737278,1.933063984,0.739712775,0.004782916,193.6915894,3.252776146,6.683737278,1.933063984,0.739712775,0.004782916,193.6915894,3.252776146,6.683737278,1.933063984,0.739712775,0.004782916
7.110000338,-0.450389653,0.136392817,-0.507949829,-0.807264686,0.059493538,-0.07718952,-0.016401634,1.004368901,0.233407855,0.582721293,-0.55531615,-0.113881186,183.5196838,2.523627043,6.098346233,1.778167367,0.703956068,-0.025914347,183.5196838,2.523627043,6.098346233,1.778167367,0.703956068,-0.025914347,183.5196838,2.523627043,6.098346233,1.778167367,0.703956068,-0.025914347
7.120000338,-0.45040682,0.146421656,-0.505447388,-0.801342368,0.05397081,-0.078300312,0.001995956,1.002336025,0.255606622,0.594787002,-0.551550329,-0.110381402,194.0067444,2.890537739,7.019629478,2.076534986,0.727609992,-0.029895538,194.0067444,2.890537739,7.019629478,2.076534986,0.727609992,-0.029895538,194.0067444,2.890537739,7.019629478,2.076534986,0.727609992,-0.029895538
7.130000339,-0.450233251,0.156427607,-0.502586365,-0.79523313,0.04848313,-0.079378441,0.021258801,1.000277758,0.294418216,0.615359008,-0.5480932,-0.107175671,202.3767242,3.430990934,7.718781471,2.352948904,0.752239466,-0.034737222,202.3767242,3.430990934,7.718781471,2.352948904,0.752239466,-0.034737222,202.3767242,3.430990934,7.718781471,2.352948904,0.752239466,-0.034737222
7.140000339,-0.449861318,0.166465983,-0.499320984,-0.788856864,0.043033358,-0.08042939,0.041141711,1.005187511,0.334511042,0.643588543,-0.54417038,-0.104587205,208.2463226,4.081385136,7.898387909,2.541541815,0.778116465,-0.040323522,208.2463226,4.081385136,7.898387909,2.541541815,0.778116465,-0.040323522,208.2463226,4.081385136,7.898387909,2.541541815,0.778116465,-0.040323522
7.15000034,-0.44928816,0.176640257,-0.495739937,-0.782156348,0.037631627,-0.081459358,0.061378479,1.021090388,0.363327652,0.676771939,-0.539107203,-0.10263776,211.4412384,4.598236561,7.638626575,2.608182192,0.800793171,-0.044153787,211.4412384,4.598236561,7.638626575,2.608182192,0.800793171,-0.044153787,211.4412384,4.598236561,7.638626575,2.608182192,0.800793171,-0.044153787
7.16000034,-0.448511869,0.187041506,-0.491975784,-0.775118232,0.032290455,-0.082471445,0.081707507,1.045216322,0.379055142,0.710477889,-0.532797158,-0.100887887,212.0273285,4.687171459,7.213170052,2.548339128,0.813376904,-0.044451468,212.0273285,4.687171459,7.213170052,2.548339128,0.813376904,-0.044451468,212.0273285,4.687171459,7.213170052,2.548339128,0.813376904,-0.044451468
7.170000341,-0.447533399,0.197689757,-0.488103867,-0.76777494,0.027019022,-0.083463028,0.101874746,1.069655538,0.389107764,0.739959478,-0.525690079,-0.098664261,210.0471954,4.212995529,6.847870827,2.388810635,0.811041057,-0.042354468,210.0471954,4.212995529,6.847870827,2.388810635,0.811041057,-0.042354468,210.0471954,4.212995529,6.847870827,2.388810635,0.811041057,-0.042354468
7.180000341,-0.446356565,0.208528265,-0.484111786,-0.760197043,0.021820126,-0.084425047,0.121637329,1.086915016,0.401821375,0.762013435,-0.518434286,-0.09551724,205.6172943,3.3119452,6.571594238,2.175503492,0.793596745,-0.0421433,205.6172943,3.3119452,6.571594238,2.175503492,0.793596745,-0.0421433,205.6172943,3.3119452,6.571594238,2.175503492,0.793596745,-0.0421433
7.190000342,-0.444988042,0.219462618,-0.479958534,-0.75245893,0.016691444,-0.085348919,0.140767112,1.094620109,0.418942928,0.776258171,-0.511505783,-0.091583088,198.9037476,2.289078712,6.255661488,1.961176038,0.764928818,-0.050138269,198.9037476,2.289078712,6.255661488,1.961176038,0.764928818,-0.050138269,198.9037476,2.289078712,6.255661488,1.961176038,0.764928818,-0.050138269
7.200000342,-0.443433553,0.23042129,-0.475639343,-0.744627357,0.011627791,-0.08623226,0.159054458,1.095950127,0.4350169,0.784501135,-0.505109549,-0.087491855,190.1130066,1.42753458,5.791174412,1.778091788,0.729949057,-0.06896586,190.1130066,1.42753458,5.791174412,1.778091788,0.729949057,-0.06896586,190.1130066,1.42753458,5.791174412,1.778091788,0.729949057,-0.06896586
7.210000342,-0.441704541,0.241381869,-0.471224785,-0.73674047,0.006623475,-0.087078407,0.176301017,1.096109509,0.442589223,0.78941071,-0.499292642,-0.083921507,179.3365173,0.816498935,5.191405773,1.641720414,0.692661405,-0.09577968,179.3365173,0.816498935,5.191405773,1.641720414,0.692661405,-0.09577968,179.3365173,0.816498935,5.191405773,1.641720414,0.692661405,-0.09577968
7.220000343,-0.439801008,0.252294272,-0.46660614,-0.728762031,0.001680187,-0.087885454,0.194030732,1.08952558,0.467975527,0.800307214,-0.493053496,-0.079870045,188.1659241,0.775844753,5.9692626,1.914098144,0.733405352,-0.094267383,188.1659241,0.775844753,5.9692626,1.914098144,0.733405352,-0.094267383,188.1659241,0.775844753,5.9692626,1.914098144,0.733405352,-0.094267383
7.230000343,-0.437713414,0.263108939,-0.461598396,-0.720606208,-0.003194585,-0.088649586,0.212478533,1.079394221,0.509784818,0.819695592,-0.486043125,-0.075520143,195.0622253,0.968684494,6.496576786,2.165049791,0.770027399,-0.097303182,195.0622253,0.968684494,6.496576786,2.165049791,0.770027399,-0.097303182,195.0622253,0.968684494,6.496576786,2.165049791,0.770027399,-0.097303182
7.240000344,-0.435438901,0.273867339,-0.456178665,-0.7121948,-0.007991224,-0.089373901,0.231409848,1.075466275,0.54974997,0.846729815,-0.478012651,-0.071702115,199.5477753,1.452468991,6.477495193,2.326925278,0.796894789,-0.106930584,199.5477753,1.452468991,6.477495193,2.326925278,0.796894789,-0.106930584,199.5477753,1.452468991,6.477495193,2.326925278,0.796894789,-0.106930584
7.250000344,-0.432971746,0.284686774,-0.450483322,-0.703474402,-0.012698888,-0.090068176,0.250582486,1.084281683,0.573505104,0.878626347,-0.468901396,-0.068914294,201.6321106,1.966563106,6.040722847,2.369068623,0.809976339,-0.119313188,201.6321106,1.966563106,6.040722847,2.369068623,0.809976339,-0.119313188,201.6321106,1.966563106,6.040722847,2.369068623,0.809976339,-0.119313188
7.260000345,-0.430310994,0.295678824,-0.444684029,-0.694429755,-0.01730972,-0.090740755,0.269747913,1.103559971,0.580785334,0.910744667,-0.459092051,-0.066867746,201.1841888,2.123131752,5.536650181,2.290081739,0.806387126,-0.128110558,201.1841888,2.123131752,5.536650181,2.290081739,0.806387126,-0.128110558,201.1841888,2.123131752,5.536650181,2.290081739,0.806387126,-0.128110558
7.270000345,-0.427462369,0.306880683,-0.438857079,-0.68510282,-0.02182203,-0.091392592,0.28866607,1.124228716,0.582943082,0.937933803,-0.449276984,-0.064753942,198.300705,1.719148636,5.223473072,2.113812447,0.786532879,-0.13131699,198.300705,1.719148636,5.223473072,2.113812447,0.786532879,-0.13131699,198.300705,1.719148636,5.223473072,2.113812447,0.786532879,-0.13131699
7.280000346,-0.424427778,0.318231314,-0.43296051,-0.675566077,-0.026240999,-0.092017725,0.307122767,1.137388349,0.591732323,0.957042396,-0.44008249,-0.061903693,193.277832,0.863391101,5.084169865,1.894058824,0.754446447,-0.132868707,193.277832,0.863391101,5.084169865,1.894058824,0.754446447,-0.132868707,193.277832,0.863391101,5.084169865,1.894058824,0.754446447,-0.132868707
7.290000346,-0.421213895,0.329635352,-0.426903725,-0.665905356,-0.030575031,-0.092608288,0.324908465,1.140605688,0.609498799,0.968031645,-0.431777894,-0.058298215,186.12117,-0.086415917,4.913630486,1.681635499,0.716359735,-0.139089406,186.12117,-0.086415917,4.913630486,1.681635499,0.716359735,-0.139089406,186.12117,-0.086415917,4.913630486,1.681635499,0.716359735,-0.139089406
7.300000347,-0.417828351,0.341024131,-0.420657158,-0.656177878,-0.034832474,-0.093160942,0.341827899,1.138260603,0.628386319,0.973623097,-0.424279749,-0.054524865,177.0365295,-0.83547914,4.52244997,1.516009688,0.677179158,-0.154106349,177.0365295,-0.83547914,4.52244997,1.516009688,0.677179158,-0.154106349,177.0365295,-0.83547914,4.52244997,1.516009688,0.677179158,-0.154106349
7.310000347,-0.41428259,0.352394789,-0.414291382,-0.646412253,-0.039020058,-0.093680218,0.357702851,1.136940002,0.637969196,0.977039814,-0.417395324,-0.051303193,166.190918,-1.302616835,3.921231747,1.399853349,0.639186978,-0.176787481,166.190918,-1.302616835,3.921231747,1.399853349,0.639186978,-0.176787481,166.190918,-1.302616835,3.921231747,1.399853349,0.639186978,-0.176787481
7.320000348,-0.410576612,0.36368534,-0.407707214,-0.636570334,-0.043128487,-0.094160393,0.373902798,1.126519203,0.664707839,0.986539721,-0.409107268,-0.047114652,172.9727478,-1.741020203,4.490464211,1.62798965,0.691998899,-0.170450181,172.9727478,-1.741020203,4.490464211,1.62798965,0.691998899,-0.170450181,172.9727478,-1.741020203,4.490464211,1.62798965,0.691998899,-0.170450181
7.330000348,-0.406704694,0.37481758,-0.400730133,-0.626566291,-0.047139879,-0.094592169,0.390637189,1.10961318,0.706656158,1.004248619,-0.399061978,-0.042154703,178.0012207,-1.904766798,4.803459167,1.833927274,0.735516191,-0.170692652,178.0012207,-1.904766798,4.803459167,1.833927274,0.735516191,-0.170692652,178.0012207,-1.904766798,4.803459167,1.833927274,0.735516191,-0.170692652
7.340000349,-0.402662069,0.385815352,-0.393362045,-0.616325736,-0.051039096,-0.094977215,0.407701194,1.097792983,0.743945956,1.029083014,-0.387574852,-0.037627403,180.9454346,-1.643478632,4.582272053,1.952349901,0.75920254,-0.182158813,180.9454346,-1.643478632,4.582272053,1.952349901,0.75920254,-0.182158813,180.9454346,-1.643478632,4.582272053,1.952349901,0.75920254,-0.182158813
7.350000349,-0.398447782,0.39680168,-0.385773659,-0.605804801,-0.054816242,-0.095326498,0.424874604,1.099470615,0.761396289,1.058015108,-0.375201315,-0.034379505,181.6725311,-1.201996326,3.994970322,1.956602812,0.759972095,-0.199488163,181.6725311,-1.201996326,3.994970322,1.956602812,0.759972095,-0.199488163,181.6725311,-1.201996326,3.994970322,1.956602812,0.759972095,-0.199488163
7.36000035,-0.394061834,0.407899588,-0.378162384,-0.594997764,-0.058468577,-0.095652893,0.441944093,1.112895846,0.760243595,1.086408854,-0.362734228,-0.032266557,180.2474976,-1.031597733,3.43612504,1.851949096,0.739504218,-0.213988289,180.2474976,-1.031597733,3.43612504,1.851949096,0.739504218,-0.213988289,180.2474976,-1.031597733,3.43612504,1.851949096,0.739504218,-0.213988289
7.37000035,-0.389508039,0.419151992,-0.370602608,-0.583946586,-0.062001821,-0.095960453,0.458705425,1.128368139,0.754964292,1.109396338,-0.351007611,-0.030386833,176.726593,-1.383214355,3.178444862,1.665996552,0.702907801,-0.220333844,176.726593,-1.383214355,3.178444862,1.665996552,0.702907801,-0.220333844,176.726593,-1.383214355,3.178444862,1.665996552,0.702907801,-0.220333844
7.380000351,-0.384790212,0.430502623,-0.363019943,-0.572729468,-0.065427899,-0.096244887,0.474969149,1.136396527,0.759812593,1.124132037,-0.340557545,-0.027922139,171.2834625,-2.154028416,3.167214394,1.447444201,0.657882631,-0.221920609,171.2834625,-2.154028416,3.167214394,1.447444201,0.657882631,-0.221920609,171.2834625,-2.154028416,3.167214394,1.447444201,0.657882631,-0.221920609
7.390000351,-0.379915982,0.44185707,-0.355287552,-0.561428428,-0.068759799,-0.096499041,0.490554184,1.1347543,0.777235568,1.131168485,-0.331437886,-0.024761762,164.0137024,-2.988847971,3.122622013,1.249756932,0.611990333,-0.225693181,164.0137024,-2.988847971,3.122622013,1.249756932,0.611990333,-0.225693181,164.0137024,-2.988847971,3.122622013,1.249756932,0.611990333,-0.225693181
7.400000351,-0.374892026,0.453159064,-0.347354889,-0.550094962,-0.072008967,-0.096720532,0.505295992,1.128872871,0.797328174,1.13374722,-0.323344916,-0.021481987,155.1342316,-3.583649397,2.806026697,1.106404781,0.569492579,-0.236597061,155.1342316,-3.583649397,2.806026697,1.106404781,0.569492579,-0.236597061,155.1342316,-3.583649397,2.806026697,1.106404781,0.569492579,-0.236597061
7.410000352,-0.369728833,0.464423865,-0.339295387,-0.538742423,-0.075182557,-0.096913412,0.519042313,1.126196384,0.807435989,1.135421991,-0.315897048,-0.01877928,144.7475128,-3.893619299,2.22396183,1.015711784,0.531621933,-0.253612727,144.7475128,-3.893619299,2.22396183,1.015711784,0.531621933,-0.253612727,144.7475128,-3.893619299,2.22396183,1.015711784,0.531621933,-0.253612727
7.420000352,-0.364426404,0.475583762,-0.331022263,-0.527326941,-0.078265071,-0.09707053,0.532940209,1.112700701,0.833446801,1.143156052,-0.306204945,-0.014850684,149.1381378,-4.705886364,2.558585167,1.184848666,0.590949178,-0.243425012,149.1381378,-4.705886364,2.558585167,1.184848666,0.590949178,-0.243425012,149.1381378,-4.705886364,2.558585167,1.184848666,0.590949178,-0.243425012
7.430000353,-0.358983785,0.486532897,-0.32237339,-0.515776038,-0.081230044,-0.097179487,0.547161639,1.09019208,0.873300016,1.158355713,-0.293920696,-0.009871705,152.0154114,-5.227174759,2.650918484,1.326777577,0.63694036,-0.24033913,152.0154114,-5.227174759,2.650918484,1.326777577,0.63694036,-0.24033913,152.0154114,-5.227174759,2.650918484,1.326777577,0.63694036,-0.24033913
7.440000353,-0.353395253,0.497282714,-0.313374519,-0.504022956,-0.084057689,-0.097240999,0.561541617,1.071593523,0.906092763,1.179735661,-0.279885352,-0.005240663,153.2452698,-5.206758976,2.240690947,1.391688704,0.655018568,-0.250667691,153.2452698,-5.206758976,2.240690947,1.391688704,0.655018568,-0.250667691,153.2452698,-5.206758976,2.240690947,1.391688704,0.655018568,-0.250667691
7.450000354,-0.347663671,0.507951498,-0.304221153,-0.492031455,-0.086739421,-0.097266987,0.575894713,1.066576123,0.916424751,1.204186201,-0.265218675,-0.001977221,152.5788727,-4.886008739,1.530463696,1.355962276,0.64282006,-0.268367857,152.5788727,-4.886008739,1.530463696,1.355962276,0.64282006,-0.268367857,152.5788727,-4.886008739,1.530463696,1.355962276,0.64282006,-0.268367857
7.460000354,-0.341790944,0.518670797,-0.295125008,-0.479804397,-0.089278102,-0.097270563,0.590050936,1.073907733,0.906906486,1.227218509,-0.251059949,5.93E-07,150.218689,-4.733640671,0.939888179,1.226975441,0.606193304,-0.283197999,150.218689,-4.733640671,0.939888179,1.226975441,0.606193304,-0.283197999,150.218689,-4.733640671,0.939888179,1.226975441,0.606193304,-0.283197999
7.470000355,-0.335779935,0.529485464,-0.286155701,-0.467391372,-0.09168613,-0.097257689,0.603852332,1.083503127,0.894584537,1.244474411,-0.238295138,0.001601402,146.2266388,-5.050128937,0.741210103,1.03486371,0.554898381,-0.28967756,146.2266388,-5.050128937,0.741210103,1.03486371,0.554898381,-0.28967756,146.2266388,-5.050128937,0.741210103,1.03486371,0.554898381,-0.28967756
7.480000355,-0.329634458,0.540338278,-0.277208328,-0.454867721,-0.09398067,-0.097225264,0.617147446,1.085563898,0.895645201,1.253847837,-0.227326646,0.003690426,140.6787567,-5.734496593,0.848355055,0.829586387,0.49946177,-0.289959997,140.6787567,-5.734496593,0.848355055,0.829586387,0.49946177,-0.289959997,140.6787567,-5.734496593,0.848355055,0.829586387,0.49946177,-0.289959997
7.490000356,-0.323361188,0.5511415,-0.268127441,-0.442305923,-0.096178889,-0.09716709,0.629790425,1.078476071,0.91211623,1.256484985,-0.218021676,0.006390376,133.6635437,-6.423503399,0.917241454,0.657529533,0.447882295,-0.290901959,133.6635437,-6.423503399,0.917241454,0.657529533,0.447882295,-0.290901959,133.6635437,-6.423503399,0.917241454,0.657529533,0.447882295,-0.290901959
7.500000356,-0.316966802,0.561851263,-0.258846283,-0.429745078,-0.098293662,-0.097081259,0.641648114,1.068702817,0.932169139,1.255851388,-0.209898353,0.009123261,125.3572159,-6.835662365,0.675918698,0.543646276,0.404115021,-0.297516137,125.3572159,-6.835662365,0.675918698,0.543646276,0.404115021,-0.297516137,125.3572159,-6.835662365,0.675918698,0.543646276,0.404115021,-0.297516137
7.510000357,-0.310461789,0.572501898,-0.249446869,-0.417189956,-0.100332856,-0.096973017,0.652600527,1.064430118,0.941293478,1.255403638,-0.202455387,0.011206828,115.877327,-6.958708286,0.130433157,0.479459256,0.367576599,-0.309090763,115.877327,-6.958708286,0.130433157,0.479459256,0.367576599,-0.309090763,115.877327,-6.958708286,0.130433157,0.479459256,0.367576599,-0.309090763
7.520000357,-0.303848058,0.583030462,-0.239861012,-0.404596686,-0.102276206,-0.096835449,0.663526714,1.048778176,0.963948905,1.260754824,-0.19212766,0.01449214,117.717247,-8.073843956,0.218499407,0.580951929,0.428558826,-0.295893401,117.717247,-8.073843956,0.218499407,0.580951929,0.428558826,-0.295893401,117.717247,-8.073843956,0.218499407,0.580951929,0.428558826,-0.295893401
7.530000358,-0.297124654,0.593311071,-0.22994709,-0.391896605,-0.104090333,-0.09665592,0.674563468,1.022342205,0.998745084,1.272720456,-0.178585216,0.018890321,118.4615173,-8.91619873,0.105686672,0.656690955,0.47348702,-0.288683087,118.4615173,-8.91619873,0.105686672,0.656690955,0.47348702,-0.288683087,118.4615173,-8.91619873,0.105686672,0.656690955,0.47348702,-0.288683087
7.540000358,-0.290290624,0.603339911,-0.219741821,-0.379037261,-0.105753303,-0.096433476,0.68558526,0.998339713,1.025292397,1.289487243,-0.163132057,0.023052923,117.944664,-9.144539833,-0.442115337,0.662096739,0.484437257,-0.294266194,117.944664,-9.144539833,-0.442115337,0.662096739,0.484437257,-0.294266194,117.944664,-9.144539833,-0.442115337,0.662096739,0.484437257,-0.294266194
7.550000359,-0.283347875,0.613229513,-0.209453106,-0.365995765,-0.107258201,-0.096179083,0.696459174,0.98719418,1.028416872,1.30785656,-0.147330359,0.02594227,116.0952148,-8.969161034,-1.222441077,0.584554195,0.460695744,-0.307807267,116.0952148,-8.969161034,-1.222441077,0.584554195,0.460695744,-0.307807267,116.0952148,-8.969161034,-1.222441077,0.584554195,0.460695744,-0.307807267
7.560000359,-0.276298314,0.623103857,-0.199294567,-0.352788329,-0.108612657,-0.095905855,0.707061231,0.988021612,1.011851192,1.323838949,-0.132549107,0.027608279,112.9921341,-8.870070457,-1.807990789,0.436701775,0.411282539,-0.319125801,112.9921341,-8.870070457,-1.807990789,0.436701775,0.411282539,-0.319125801,112.9921341,-8.870070457,-1.807990789,0.436701775,0.411282539,-0.319125801
7.57000036,-0.269146711,0.633006811,-0.189319611,-0.339465499,-0.109834552,-0.095619276,0.717274785,0.990970194,0.994021475,1.334066153,-0.119671278,0.028922508,108.6801529,-9.142375946,-1.938863993,0.252355039,0.349414796,-0.322149664,108.6801529,-9.142375946,-1.938863993,0.252355039,0.349414796,-0.322149664,108.6801529,-9.142375946,-1.938863993,0.252355039,0.349414796,-0.322149664
7.58000036,-0.261894017,0.642886877,-0.179406643,-0.326094985,-0.110944629,-0.095316246,0.726994634,0.986733139,0.991534114,1.337381721,-0.108945943,0.030683536,103.3044586,-9.70105648,-1.740468264,0.074490413,0.287692517,-0.319135666,103.3044586,-9.70105648,-1.740468264,0.074490413,0.287692517,-0.319135666,103.3044586,-9.70105648,-1.740468264,0.074490413,0.287692517,-0.319135666
7.590000361,-0.254550725,0.652658224,-0.169382572,-0.312734962,-0.111962438,-0.094991043,0.736110628,0.974344909,1.005850554,1.335394144,-0.100091606,0.032962982,96.80483246,-10.21156406,-1.579412818,-0.060065597,0.23387371,-0.316672981,96.80483246,-10.21156406,-1.579412818,-0.060065597,0.23387371,-0.316672981,96.80483246,-10.21156406,-1.579412818,-0.060065597,0.23387371,-0.316672981
7.600000361,-0.247122109,0.662296057,-0.159182549,-0.299411178,-0.112902522,-0.094643906,0.744538128,0.961274028,1.023552299,1.331424475,-0.092541084,0.035158351,89.54406738,-10.39395618,-1.745176315,-0.136425808,0.191171139,-0.319336146,89.54406738,-10.39395618,-1.745176315,-0.136425808,0.191171139,-0.319336146,89.54406738,-10.39395618,-1.745176315,-0.136425808,0.191171139,-0.319336146
7.610000361,-0.239615262,0.671863317,-0.148891449,-0.286121726,-0.113773465,-0.094279841,0.752200484,0.955839813,1.029687881,1.328476548,-0.085731104,0.036678676,81.53295898,-10.29681015,-2.207479239,-0.167963237,0.158334911,-0.325047672,81.53295898,-10.29681015,-2.207479239,-0.167963237,0.158334911,-0.325047672,81.53295898,-10.29681015,-2.207479239,-0.167963237,0.158334911,-0.325047672
7.620000362,-0.232033074,0.681293249,-0.138463497,-0.272821784,-0.114551663,-0.093893841,0.759667516,0.938946664,1.04694736,1.330723524,-0.075623266,0.039159998,80.82519531,-11.65803623,-2.337509394,-0.134863481,0.217834711,-0.310268134,80.82519531,-11.65803623,-2.337509394,-0.134863481,0.217834711,-0.310268134,80.82519531,-11.65803623,-2.337509394,-0.134863481,0.217834711,-0.310268134
7.630000362,-0.224377453,0.690456152,-0.127773285,-0.259456038,-0.115199685,-0.093475416,0.767027557,0.909992218,1.075011849,1.338301659,-0.061911244,0.042595375,79.41191101,-12.75666046,-2.605215311,-0.125967234,0.259992272,-0.299490929,79.41191101,-12.75666046,-2.605215311,-0.125967234,0.259992272,-0.299490929,79.41191101,-12.75666046,-2.605215311,-0.125967234,0.259992272,-0.299490929
7.640000363,-0.216650307,0.69932723,-0.116858244,-0.245986581,-0.115694165,-0.093022898,0.774203539,0.881640553,1.094990134,1.349169254,-0.046218075,0.045881528,77.24777222,-13.2227993,-3.230862856,-0.172605067,0.265023232,-0.298824966,77.24777222,-13.2227993,-3.230862856,-0.172605067,0.265023232,-0.298824966,77.24777222,-13.2227993,-3.230862856,-0.172605067,0.265023232,-0.298824966
7.650000363,-0.208853066,0.708005667,-0.105921745,-0.232405305,-0.11602962,-0.092545584,0.781118393,0.864721894,1.092029929,1.360319972,-0.03042114,0.048129309,74.3290863,-13.19417477,-4.030225754,-0.279633641,0.233101428,-0.305048913,74.3290863,-13.19417477,-4.030225754,-0.279633641,0.233101428,-0.305048913,74.3290863,-13.19417477,-4.030225754,-0.279633641,0.233101428,-0.305048913
7.660000364,-0.200989544,0.716602087,-0.095171452,-0.21873486,-0.116218209,-0.092053726,0.787697494,0.859064162,1.069923639,1.368578315,-0.016035523,0.049398467,70.64941406,-13.13596916,-4.592684269,-0.429422826,0.175498039,-0.309318393,70.64941406,-13.13596916,-4.592684269,-0.429422826,0.175498039,-0.309318393,70.64941406,-13.13596916,-4.592684269,-0.429422826,0.175498039,-0.309318393
7.670000364,-0.193062603,0.725166082,-0.084656,-0.205022454,-0.116280437,-0.091551378,0.793876112,0.855664611,1.047125101,1.371608496,-0.003891654,0.050433464,66.31154633,-13.32936478,-4.669267178,-0.591169596,0.108516864,-0.307008475,66.31154633,-13.32936478,-4.669267178,-0.591169596,0.108516864,-0.307008475,66.31154633,-13.32936478,-4.669267178,-0.591169596,0.108516864,-0.307008475
7.680000365,-0.185077965,0.733646154,-0.074244738,-0.191325307,-0.116240144,-0.091035679,0.799592912,0.845612466,1.040634871,1.369040132,0.005874432,0.051904246,61.34554672,-13.74140167,-4.389681339,-0.730206847,0.044865202,-0.300095141,61.34554672,-13.74140167,-4.389681339,-0.730206847,0.044865202,-0.300095141,61.34554672,-13.74140167,-4.389681339,-0.730206847,0.044865202,-0.300095141
7.690000365,-0.177039921,0.741967916,-0.063757181,-0.177684903,-0.116118789,-0.090501383,0.804796398,0.828524172,1.05162406,1.362664819,0.013641342,0.053828079,55.89787292,-14.04162025,-4.132671833,-0.819149196,-0.007200004,-0.293967962,55.89787292,-14.04162025,-4.132671833,-0.819149196,-0.007200004,-0.293967962,55.89787292,-14.04162025,-4.132671833,-0.819149196,-0.007200004,-0.293967962
7.700000366,-0.16895467,0.750123739,-0.053125024,-0.164116502,-0.115930676,-0.089948252,0.809439838,0.812294662,1.06613028,1.355389714,0.020043543,0.055639613,50.01060104,-13.99105549,-4.192894459,-0.853092194,-0.044943105,-0.292553931,50.01060104,-13.99105549,-4.192894459,-0.853092194,-0.044943105,-0.292553931,50.01060104,-13.99105549,-4.192894459,-0.853092194,-0.044943105,-0.292553931
7.710000366,-0.160827935,0.758182287,-0.042432785,-0.150609136,-0.115684867,-0.089382246,0.813487709,0.805070221,1.069272161,1.349760294,0.025675273,0.05680839,43.80742264,-13.68092632,-4.537502766,-0.846312761,-0.071188107,-0.294164926,43.80742264,-13.68092632,-4.537502766,-0.846312761,-0.071188107,-0.294164926,43.80742264,-13.68092632,-4.537502766,-0.846312761,-0.071188107,-0.294164926
7.720000367,-0.152663529,0.766101599,-0.031662226,-0.137126088,-0.115357518,-0.088801697,0.817186832,0.787757754,1.079639196,1.348159075,0.034744609,0.05846379,40.7221489,-15.14619637,-4.868541241,-0.880271852,-0.015676664,-0.280310422,40.7221489,-15.14619637,-4.868541241,-0.880271852,-0.015676664,-0.280310422,40.7221489,-15.14619637,-4.868541241,-0.880271852,-0.015676664,-0.280310422
7.730000367,-0.144464314,0.773746252,-0.020717621,-0.123628609,-0.114908814,-0.08819969,0.820579827,0.758184314,1.09854579,1.350323915,0.047585879,0.060702141,37.39073181,-16.42089081,-5.262839317,-0.930388391,0.023471421,-0.267567813,37.39073181,-16.42089081,-5.262839317,-0.930388391,0.023471421,-0.267567813,37.39073181,-16.42089081,-5.262839317,-0.930388391,0.023471421,-0.267567813
7.740000368,-0.136233628,0.781080008,-0.009633422,-0.110094063,-0.114315152,-0.08757551,0.823638082,0.727403045,1.110348821,1.354310989,0.062395196,0.062818937,33.80128479,-17.07031059,-5.903448105,-1.015233278,0.024775555,-0.260899603,33.80128479,-17.07031059,-5.903448105,-1.015233278,0.024775555,-0.260899603,33.80128479,-17.07031059,-5.903448105,-1.015233278,0.024775555,-0.260899603
7.750000368,-0.127975762,0.788175344,0.001412308,-0.096524231,-0.113573194,-0.086935356,0.826336443,0.70557797,1.101999044,1.357601404,0.077120602,0.064249314,29.98910332,-17.1837368,-6.643634319,-1.13371408,-0.010886413,-0.258277923,29.98910332,-17.1837368,-6.643634319,-1.13371408,-0.010886413,-0.258277923,29.98910332,-17.1837368,-6.643634319,-1.13371408,-0.010886413,-0.258277923
7.760000369,-0.119693577,0.795129538,0.012236123,-0.082944386,-0.112696528,-0.086285904,0.828658283,0.69344008,1.076694489,1.357900739,0.090204589,0.065088071,26.03030777,-17.14798164,-7.131765842,-1.268383265,-0.070334792,-0.25410971,26.03030777,-17.14798164,-7.131765842,-1.268383265,-0.070334792,-0.25410971,26.03030777,-17.14798164,-7.131765842,-1.268383265,-0.070334792,-0.25410971
7.770000369,-0.111391604,0.801986456,0.022797994,-0.069395773,-0.111708283,-0.085628346,0.83059001,0.683485925,1.051245093,1.353895426,0.100868508,0.065908723,21.92909813,-17.24333763,-7.149539471,-1.393188357,-0.136911094,-0.245541036,21.92909813,-17.24333763,-7.149539471,-1.393188357,-0.136911094,-0.245541036,21.92909813,-17.24333763,-7.149539471,-1.393188357,-0.136911094,-0.245541036
7.78000037,-0.103073418,0.80870223,0.033222966,-0.055919584,-0.110633016,-0.084959343,0.83212477,0.668161035,1.041223407,1.345875025,0.109076202,0.067169629,17.77444458,-17.4546032,-6.817917347,-1.481948614,-0.196877003,-0.23493357,17.77444458,-17.4546032,-6.817917347,-1.481948614,-0.196877003,-0.23493357,17.77444458,-17.4546032,-6.817917347,-1.481948614,-0.196877003,-0.23493357
7.79000037,-0.094742835,0.815223455,0.043678455,-0.042542633,-0.109491944,-0.084274605,0.833258331,0.647720754,1.047404766,1.335544944,0.115260996,0.068812743,13.59626007,-17.50069809,-6.488280773,-1.519472718,-0.242762491,-0.226314589,13.59626007,-17.50069809,-6.488280773,-1.519472718,-0.242762491,-0.226314589,13.59626007,-17.50069809,-6.488280773,-1.519472718,-0.242762491,-0.226314589
7.80000037,-0.086404145,0.821553946,0.054228954,-0.029269438,-0.108300567,-0.083573893,0.833989978,0.629546821,1.056983352,1.325279474,0.120063677,0.070371054,9.441877365,-17.2124958,-6.428108215,-1.506462693,-0.272761971,-0.222104609,9.441877365,-17.2124958,-6.428108215,-1.506462693,-0.272761971,-0.222104609,9.441877365,-17.2124958,-6.428108215,-1.506462693,-0.272761971,-0.222104609
7.810000371,-0.078061402,0.827775717,0.064801268,-0.016083341,-0.107067466,-0.082861498,0.83432591,0.62092936,1.056677103,1.317067862,0.124116287,0.071433701,5.376644611,-16.68841934,-6.60701561,-1.457985997,-0.289085984,-0.220643967,5.376644611,-16.68841934,-6.60701561,-1.457985997,-0.289085984,-0.220643967,5.376644611,-16.68841934,-6.60701561,-1.457985997,-0.289085984,-0.220643967
7.820000371,-0.069719136,0.83385253,0.075392775,-0.002959655,-0.105768323,-0.08213909,0.834187448,0.603616118,1.060153246,1.31131649,0.131547943,0.072439991,0.209292099,-18.1975975,-7.088718414,-1.551217556,-0.238457471,-0.21069552,0.209292099,-18.1975975,-7.088718414,-1.551217556,-0.238457471,-0.21069552,0.209292099,-18.1975975,-7.088718414,-1.551217556,-0.238457471,-0.21069552
7.830000372,-0.061382033,0.839662313,0.086066537,0.010122343,-0.10436523,-0.081406429,0.833569467,0.574614942,1.06946075,1.307510972,0.142658979,0.073483139,-4.754374981,-19.5445137,-7.569672585,-1.648761868,-0.203226194,-0.19980821,-4.754374981,-19.5445137,-7.569672585,-1.648761868,-0.203226194,-0.19980821,-4.754374981,-19.5445137,-7.569672585,-1.648761868,-0.203226194,-0.19980821
7.840000372,-0.053054668,0.84515357,0.09679275,0.023170993,-0.102835298,-0.080664471,0.832494676,0.542768717,1.072992921,1.304215908,0.155647621,0.074333735,-9.448800087,-20.31963921,-8.182986259,-1.757160187,-0.203389019,-0.189272091,-9.448800087,-20.31963921,-8.182986259,-1.757160187,-0.203389019,-0.189272091,-9.448800087,-20.31963921,-8.182986259,-1.757160187,-0.203389019,-0.189272091
7.850000373,-0.044741608,0.850370169,0.107426934,0.036177374,-0.101176143,-0.079917029,0.830991805,0.517134368,1.060084105,1.299660563,0.168452784,0.074837439,-13.8185606,-20.53175735,-8.822587013,-1.871457934,-0.238219738,-0.178768054,-13.8185606,-20.53175735,-8.822587013,-1.871457934,-0.238219738,-0.178768054,-13.8185606,-20.53175735,-8.822587013,-1.871457934,-0.238219738,-0.178768054
7.860000373,-0.036446668,0.855396032,0.117816024,0.049117543,-0.099402308,-0.079165772,0.829095721,0.499413878,1.032970905,1.292452931,0.179532543,0.075194389,-17.80885124,-20.48105431,-9.210728645,-1.976755381,-0.294398248,-0.166115716,-17.80885124,-20.48105431,-9.210728645,-1.976755381,-0.294398248,-0.166115716,-17.80885124,-20.48105431,-9.210728645,-1.976755381,-0.294398248,-0.166115716
7.870000374,-0.028173484,0.860265493,0.127928659,0.061960913,-0.097536683,-0.078409031,0.826845348,0.483879149,1.00600791,1.282146454,0.18817465,0.075807407,-21.39479256,-20.44911575,-9.164753914,-2.053982496,-0.355164796,-0.151758656,-21.39479256,-20.44911575,-9.164753914,-2.053982496,-0.355164796,-0.151758656,-21.39479256,-20.44911575,-9.164753914,-2.053982496,-0.355164796,-0.151758656
7.880000374,-0.019925393,0.864951849,0.137874529,0.07468126,-0.0956043,-0.077642515,0.824282467,0.464687347,0.992566705,1.269396067,0.194381475,0.076927312,-24.54586411,-20.42622375,-8.789417267,-2.087405205,-0.40751797,-0.138115704,-24.54586411,-20.42622375,-8.789417267,-2.087405205,-0.40751797,-0.138115704,-24.54586411,-20.42622375,-8.789417267,-2.087405205,-0.40751797,-0.138115704
7.890000375,-0.01170512,0.869420767,0.147802755,0.087266184,-0.093625665,-0.076861456,0.821451008,0.442310601,0.993580341,1.255738854,0.19862999,0.078439593,-27.23539734,-20.21950531,-8.386734009,-2.070691109,-0.44379276,-0.128057748,-27.23539734,-20.21950531,-8.386734009,-2.070691109,-0.44379276,-0.128057748,-27.23539734,-20.21950531,-8.386734009,-2.070691109,-0.44379276,-0.128057748
7.900000375,-0.00351498,0.873687506,0.157776281,0.099721409,-0.091615319,-0.0760649,0.818396091,0.423104495,0.998318851,1.243052483,0.201585904,0.079948634,-29.45295715,-19.71125221,-8.193519592,-2.009377241,-0.462907314,-0.123273171,-29.45295715,-19.71125221,-8.193519592,-2.009377241,-0.462907314,-0.123273171,-29.45295715,-19.71125221,-8.193519592,-2.009377241,-0.462907314,-0.123273171
7.910000376,0.004643195,0.877835989,0.167742178,0.112069108,-0.089580894,-0.075255945,0.815164447,0.413179368,0.995661438,1.232859015,0.203900486,0.081113942,-31.19079208,-19.00530052,-8.193005562,-1.91879046,-0.467553586,-0.122010194,-31.19079208,-19.00530052,-8.193005562,-1.91879046,-0.467553586,-0.122010194,-31.19079208,-19.00530052,-8.193005562,-1.91879046,-0.467553586,-0.122010194
7.920000376,0.01276473,0.881841421,0.177672789,0.124321438,-0.087499738,-0.074440315,0.811366856,0.396662712,0.992536187,1.223296523,0.209342971,0.081633635,-38.05321884,-20.46609688,-8.805933952,-2.063919544,-0.423581839,-0.119167015,-38.05321884,-20.46609688,-8.805933952,-2.063919544,-0.423581839,-0.119167015,-38.05321884,-20.46609688,-8.805933952,-2.063919544,-0.423581839,-0.119167015
7.930000377,0.020843282,0.885598898,0.187589094,0.136476427,-0.085337043,-0.073624209,0.806950867,0.369957715,0.991494954,1.213603616,0.21818386,0.081588462,-44.30838013,-21.80382538,-9.356085777,-2.202163935,-0.392776042,-0.113018066,-44.30838013,-21.80382538,-9.356085777,-2.202163935,-0.392776042,-0.113018066,-44.30838013,-21.80382538,-9.356085777,-2.202163935,-0.392776042,-0.113018066
7.940000377,0.02887322,0.889053106,0.197463438,0.148528963,-0.083071351,-0.07281144,0.801986516,0.339053512,0.986123323,1.203153014,0.228736565,0.081203274,-49.80634308,-22.64527702,-9.9088974,-2.324484348,-0.393412352,-0.101606376,-49.80634308,-22.64527702,-9.9088974,-2.324484348,-0.393412352,-0.101606376,-49.80634308,-22.64527702,-9.9088974,-2.324484348,-0.393412352,-0.101606376
7.950000378,0.036849692,0.89221549,0.207198545,0.160465151,-0.080701232,-0.072003201,0.796552539,0.310876071,0.969702482,1.191202521,0.23905316,0.080757305,-54.47042084,-22.95165825,-10.40190125,-2.424575567,-0.425094754,-0.085498609,-54.47042084,-22.95165825,-10.40190125,-2.424575567,-0.425094754,-0.085498609,-54.47042084,-22.95165825,-10.40190125,-2.424575567,-0.425094754,-0.085498609
7.960000378,0.044768885,0.895137548,0.216689512,0.172266871,-0.078240752,-0.071197584,0.790732622,0.287908942,0.943464279,1.17733562,0.247684911,0.080577604,-58.26060486,-22.90383148,-10.66294384,-2.492238998,-0.474891216,-0.066542745,-58.26060486,-22.90383148,-10.66294384,-2.492238998,-0.474891216,-0.066542745,-58.26060486,-22.90383148,-10.66294384,-2.492238998,-0.474891216,-0.066542745
7.970000379,0.0526274,0.897851706,0.22591202,0.183916003,-0.0757128,-0.070388868,0.784612954,0.267421514,0.917061269,1.161737323,0.253968596,0.080944635,-61.16697311,-22.71709633,-10.57083988,-2.51838088,-0.52713412,-0.047564048,-61.16697311,-22.71709633,-10.57083988,-2.51838088,-0.52713412,-0.047564048,-61.16697311,-22.71709633,-10.57083988,-2.51838088,-0.52713412,-0.047564048
7.980000379,0.060422972,0.900354147,0.234944269,0.195401102,-0.073140264,-0.069571808,0.778281152,0.245883271,0.900341868,1.145237923,0.257958382,0.081919491,-63.17430878,-22.44113922,-10.19328403,-2.497246265,-0.568941772,-0.032439765,-63.17430878,-22.44113922,-10.19328403,-2.497246265,-0.568941772,-0.032439765,-63.17430878,-22.44113922,-10.19328403,-2.497246265,-0.568941772,-0.032439765
7.99000038,0.068154208,0.902635336,0.243900701,0.206724554,-0.070542693,-0.068741396,0.771824062,0.223570496,0.895011127,1.1291399,0.26014483,0.083338015,-64.29683685,-21.99039841,-9.7460289,-2.429789782,-0.594177067,-0.022661069,-64.29683685,-21.99039841,-9.7460289,-2.429789782,-0.594177067,-0.022661069,-64.29683685,-21.99039841,-9.7460289,-2.429789782,-0.594177067,-0.022661069
8.00000038,0.075820558,0.904718161,0.252844542,0.217900664,-0.067932248,-0.067895725,0.765326977,0.204748318,0.894364953,1.114814043,0.261212111,0.084880799,-64.55819702,-21.30951118,-9.414057732,-2.326192856,-0.601635337,-0.018930169,-64.55819702,-21.30951118,-9.414057732,-2.326192856,-0.601635337,-0.018930169,-64.55819702,-21.30951118,-9.414057732,-2.326192856,-0.601635337,-0.018930169
8.01000038,0.083422057,0.906673193,0.261761397,0.228956133,-0.065315366,-0.067035511,0.758872449,0.193740189,0.890622973,1.10334897,0.261803657,0.086259879,-63.99085617,-20.48267555,-9.215058327,-2.200373173,-0.594994843,-0.019625053,-63.99085617,-20.48267555,-9.215058327,-2.200373173,-0.594994843,-0.019625053,-63.99085617,-20.48267555,-9.215058327,-2.200373173,-0.594994843,-0.019625053
8.020000381,0.090954654,0.908492804,0.270602912,0.239887625,-0.062672257,-0.066170529,0.7517941,0.178508937,0.882306039,1.090476751,0.265108377,0.086479746,-72.13404846,-21.81747246,-9.927117348,-2.39207387,-0.560021937,-0.025852222,-72.13404846,-21.81747246,-9.927117348,-2.39207387,-0.560021937,-0.025852222,-72.13404846,-21.81747246,-9.927117348,-2.39207387,-0.560021937,-0.025852222
8.030000381,0.09841048,0.910094976,0.279340476,0.250671446,-0.059972167,-0.06531246,0.743995845,0.15542464,0.871469676,1.075325727,0.271360338,0.085568398,-79.33065033,-23.07331657,-10.53742409,-2.564392567,-0.535396993,-0.026835756,-79.33065033,-23.07331657,-10.53742409,-2.564392567,-0.535396993,-0.026835756,-79.33065033,-23.07331657,-10.53742409,-2.564392567,-0.535396993,-0.026835756
8.040000382,0.105783336,0.911426306,0.287943572,0.261288702,-0.057197332,-0.064468458,0.735588849,0.127293512,0.857351363,1.058257222,0.279069394,0.084099621,-85.3408432,-23.93349648,-11.02074909,-2.694826126,-0.53731674,-0.017856263,-85.3408432,-23.93349648,-11.02074909,-2.694826126,-0.53731674,-0.017856263,-85.3408432,-23.93349648,-11.02074909,-2.694826126,-0.53731674,-0.017856263
8.050000382,0.113068216,0.912465811,0.29636547,0.271722853,-0.0543468,-0.063638523,0.72669524,0.098271772,0.838179708,1.039704084,0.286526799,0.082719378,-90.0799408,-24.32300186,-11.35140514,-2.775601625,-0.56462419,0.000394447,-90.0799408,-24.32300186,-11.35140514,-2.775601625,-0.56462419,0.000394447,-90.0799408,-24.32300186,-11.35140514,-2.775601625,-0.56462419,0.000394447
8.060000383,0.120261304,0.913230658,0.304559439,0.281964362,-0.051433444,-0.062817886,0.71744138,0.071330816,0.814496815,1.020215988,0.292450547,0.081914365,-93.51693726,-24.29159355,-11.47454166,-2.803291798,-0.60613215,0.02303048,-93.51693726,-24.29159355,-11.47454166,-2.803291798,-0.60613215,0.02303048,-93.51693726,-24.29159355,-11.47454166,-2.803291798,-0.60613215,0.02303048
8.070000383,0.127359822,0.913745642,0.312513083,0.29200846,-0.04847765,-0.061999045,0.707954764,0.046960622,0.790511966,1.000491261,0.2962569,0.081922956,-95.65050507,-23.97713661,-11.3493433,-2.780217648,-0.647981703,0.044808518,-95.65050507,-23.97713661,-11.3493433,-2.780217648,-0.647981703,0.044808518,-95.65050507,-23.97713661,-11.3493433,-2.780217648,-0.647981703,0.044808518
8.080000384,0.134362176,0.914035559,0.320262641,0.301859915,-0.045500278,-0.06117364,0.698362231,0.024461504,0.771392465,0.981412888,0.298008859,0.082730748,-96.49336243,-23.47008133,-11.00770664,-2.709982872,-0.678959489,0.061508533,-96.49336243,-23.47008133,-11.00770664,-2.709982872,-0.678959489,0.061508533,-96.49336243,-23.47008133,-11.00770664,-2.709982872,-0.678959489,0.061508533
8.090000384,0.141269162,0.91411376,0.327880591,0.311533988,-0.04251802,-0.060335599,0.688788652,0.003713693,0.759827197,0.963962018,0.298200458,0.084108703,-96.07723236,-22.8208065,-10.55152416,-2.601138115,-0.693371475,0.070473954,-96.07723236,-22.8208065,-10.55152416,-2.601138115,-0.693371475,0.070473954,-96.07723236,-22.8208065,-10.55152416,-2.601138115,-0.693371475,0.070473954
8.100000385,0.148081258,0.914010763,0.335428923,0.321051657,-0.039541364,-0.059481584,0.679350674,-0.013518141,0.753919959,0.948988199,0.297489047,0.085736342,-94.49790955,-22.02469635,-10.10549164,-2.46609807,-0.690860748,0.071812332,-94.49790955,-22.02469635,-10.10549164,-2.46609807,-0.690860748,0.071812332,-94.49790955,-22.02469635,-10.10549164,-2.46609807,-0.690860748,0.071812332
8.110000385,0.154801324,0.913781881,0.342935294,0.330445349,-0.036574364,-0.058611594,0.670161784,-0.025036799,0.749857843,0.937182844,0.296503276,0.087308139,-91.78582764,-21.14717102,-9.726761818,-2.316199303,-0.674752533,0.067146994,-91.78582764,-21.14717102,-9.726761818,-2.316199303,-0.674752533,0.067146994,-91.78582764,-21.14717102,-9.726761818,-2.316199303,-0.674752533,0.067146994
8.120000386,0.161424592,0.9134233,0.350342482,0.339697897,-0.033600688,-0.057737432,0.660323083,-0.038720608,0.737955391,0.921970129,0.297725201,0.087332226,-100.7937775,-22.33539391,-10.50641823,-2.550854445,-0.651370525,0.051717445,-100.7937775,-22.33539391,-10.50641823,-2.550854445,-0.651370525,0.051717445,-100.7937775,-22.33539391,-10.50641823,-2.550854445,-0.651370525,0.051717445
8.130000386,0.167942956,0.912889242,0.357569426,0.348761618,-0.030595535,-0.056876026,0.649703681,-0.057357576,0.718526602,0.902264357,0.301316381,0.085766137,-108.5395889,-23.4523735,-11.17245483,-2.757008791,-0.635529995,0.042422146,-108.5395889,-23.4523735,-11.17245483,-2.757008791,-0.635529995,0.042422146,-108.5395889,-23.4523735,-11.17245483,-2.757008791,-0.635529995,0.042422146
8.140000387,0.17434974,0.912124395,0.364577979,0.357603133,-0.02754491,-0.056037031,0.638448358,-0.081357419,0.696321905,0.879478514,0.306052327,0.083415911,-114.7622604,-24.30490112,-11.59335232,-2.896188259,-0.640075207,0.047143079,-114.7622604,-24.30490112,-11.59335232,-2.896188259,-0.640075207,0.047143079,-114.7622604,-24.30490112,-11.59335232,-2.896188259,-0.640075207,0.047143079
8.150000387,0.180640653,0.91108489,0.37136814,0.366204321,-0.024448508,-0.055220805,0.62671411,-0.109437883,0.674703538,0.855242193,0.310505688,0.081186667,-119.3575897,-24.75692749,-11.76946449,-2.959172487,-0.663762808,0.064788684,-119.3575897,-24.75692749,-11.76946449,-2.959172487,-0.663762808,0.064788684,-119.3575897,-24.75692749,-11.76946449,-2.959172487,-0.663762808,0.064788684
8.160000388,0.186811402,0.909757376,0.377949446,0.374563277,-0.021318013,-0.054420911,0.614660025,-0.138610661,0.65414536,0.831073165,0.313608259,0.079727493,-122.3309174,-24.76106644,-11.7590704,-2.950659037,-0.697339296,0.088952072,-122.3309174,-24.76106644,-11.7590704,-2.950659037,-0.697339296,0.088952072,-122.3309174,-24.76106644,-11.7590704,-2.950659037,-0.697339296,0.088952072
8.170000388,0.192860559,0.908153296,0.384329528,0.382690489,-0.018170828,-0.053627215,0.602447391,-0.165718928,0.634047925,0.808221817,0.314903021,0.079314098,-123.6528931,-24.37709999,-11.6022644,-2.883404016,-0.728939414,0.112397596,-123.6528931,-24.37709999,-11.6022644,-2.883404016,-0.728939414,0.112397596,-123.6528931,-24.37709999,-11.6022644,-2.883404016,-0.728939414,0.112397596
8.180000389,0.198787168,0.906310797,0.390514106,0.39060694,-0.015024506,-0.052829824,0.590233207,-0.188597292,0.614556491,0.787591279,0.31448707,0.07988774,-123.3944168,-23.70550346,-11.31419754,-2.772191525,-0.749419034,0.129364118,-123.3944168,-23.70550346,-11.31419754,-2.772191525,-0.749419034,0.129364118,-123.3944168,-23.70550346,-11.31419754,-2.772191525,-0.749419034,0.129364118
8.190000389,0.20459266,0.904275656,0.396523207,0.398339331,-0.011892491,-0.05202087,0.578170538,-0.206832111,0.597699702,0.769748211,0.312823802,0.081177309,-121.5916214,-22.88430786,-10.9000473,-2.632564068,-0.754263043,0.137217119,-121.5916214,-22.88430786,-10.9000473,-2.632564068,-0.754263043,0.137217119,-121.5916214,-22.88430786,-10.9000473,-2.632564068,-0.754263043,0.137217119
8.200000389,0.210279897,0.902091742,0.402405471,0.405916274,-0.008782529,-0.05119618,0.566404521,-0.221142069,0.586270928,0.755008042,0.310514718,0.0828197,-118.3464127,-22.01683426,-10.39240074,-2.477775335,-0.743692338,0.135805801,-118.3464127,-22.01683426,-10.39240074,-2.477775335,-0.743692338,0.135805801,-118.3464127,-22.01683426,-10.39240074,-2.477775335,-0.743692338,0.135805801
8.21000039,0.21585317,0.899791479,0.408227652,0.413373053,-0.005696454,-0.050354801,0.555070102,-0.232128531,0.581536412,0.743602216,0.308133245,0.084466465,-113.7658615,-21.16472054,-9.868382454,-2.317795038,-0.721068025,0.127227336,-113.7658615,-21.16472054,-9.868382454,-2.317795038,-0.721068025,0.127227336,-113.7658615,-21.16472054,-9.868382454,-2.317795038,-0.721068025,0.127227336
8.22000039,0.221308663,0.897376776,0.413932532,0.420679152,-0.002621801,-0.049510203,0.543096423,-0.243712574,0.567023695,0.726979375,0.307398021,0.08433909,-123.1206818,-22.18902016,-10.67079258,-2.589104891,-0.711094856,0.103948966,-123.1206818,-22.18902016,-10.67079258,-2.589104891,-0.711094856,0.103948966,-123.1206818,-22.18902016,-10.67079258,-2.589104891,-0.711094856,0.103948966
8.230000391,0.226637796,0.894830465,0.419401854,0.42776686,0.00045952,-0.048682056,0.530324697,-0.257793188,0.541354537,0.70392704,0.308398247,0.082349554,-131.0153656,-23.15930367,-11.35920429,-2.823976517,-0.70581758,0.087502576,-131.0153656,-23.15930367,-11.35920429,-2.823976517,-0.70581758,0.087502576,-131.0153656,-23.15930367,-11.35920429,-2.823976517,-0.70581758,0.087502576
8.240000391,0.23183389,0.892099142,0.42459175,0.434590399,0.003557643,-0.047881924,0.516923547,-0.277274638,0.513394833,0.676764071,0.310194731,0.079396129,-137.1371307,-23.97961426,-11.72109222,-2.971387863,-0.714300096,0.087316878,-137.1371307,-23.97961426,-11.72109222,-2.971387863,-0.714300096,0.087316878,-137.1371307,-23.97961426,-11.72109222,-2.971387863,-0.714300096,0.087316878
8.250000392,0.236892179,0.889119864,0.42954132,0.44112879,0.00667158,-0.047111116,0.503075421,-0.303281218,0.490591675,0.648162305,0.311665684,0.076512903,-141.3770599,-24.47737503,-11.77260303,-3.020966291,-0.735466063,0.102469221,-141.3770599,-24.47737503,-11.77260303,-3.020966291,-0.735466063,0.102469221,-141.3770599,-24.47737503,-11.77260303,-3.020966291,-0.735466063,0.102469221
8.260000392,0.241810277,0.885852575,0.434305876,0.447388709,0.009791424,-0.04636272,0.488966227,-0.332876116,0.473259598,0.620541036,0.311996371,0.074468628,-143.7197266,-24.51992035,-11.66346931,-2.983175039,-0.761712253,0.12605539,-143.7197266,-24.51992035,-11.66346931,-2.983175039,-0.761712253,0.12605539,-143.7197266,-24.51992035,-11.66346931,-2.983175039,-0.761712253,0.12605539
8.270000393,0.246585801,0.882299185,0.438907355,0.453393996,0.012903084,-0.045625411,0.474778205,-0.360723019,0.45671317,0.59562093,0.310877472,0.073614389,-144.2189484,-24.09591103,-11.49774742,-2.881941557,-0.78387177,0.149696514,-144.2189484,-24.09591103,-11.49774742,-2.881941557,-0.78387177,0.149696514,-144.2189484,-24.09591103,-11.49774742,-2.881941557,-0.78387177,0.149696514
8.280000393,0.251220673,0.878516912,0.443319052,0.45917803,0.015992928,-0.044887267,0.460692763,-0.382450998,0.437074661,0.574310541,0.308447719,0.073915593,-142.8782959,-23.32088089,-11.27236938,-2.741314173,-0.794999599,0.166658878,-142.8782959,-23.32088089,-11.27236938,-2.741314173,-0.794999599,0.166658878,-142.8782959,-23.32088089,-11.27236938,-2.741314173,-0.794999599,0.166658878
8.290000394,0.255716294,0.874568701,0.447528571,0.464780867,0.019051183,-0.044139348,0.446879625,-0.397874326,0.416760683,0.556869507,0.305132151,0.075058535,-139.8529205,-22.43137169,-10.90022469,-2.581302643,-0.792018116,0.173279077,-139.8529205,-22.43137169,-10.90022469,-2.581302643,-0.792018116,0.173279077,-139.8529205,-22.43137169,-10.90022469,-2.581302643,-0.792018116,0.173279077
8.300000394,0.2600784,0.870492697,0.451575965,0.470236838,0.022073139,-0.043376409,0.433501631,-0.409644812,0.402100265,0.543047607,0.301448852,0.076620065,-135.1966553,-21.57416344,-10.36573982,-2.419187307,-0.775726616,0.169561967,-135.1966553,-21.57416344,-10.36573982,-2.419187307,-0.775726616,0.169561967,-135.1966553,-21.57416344,-10.36573982,-2.419187307,-0.775726616,0.169561967
8.310000395,0.264310807,0.866315603,0.45555374,0.475582182,0.025058854,-0.042597495,0.420704693,-0.419793248,0.397267342,0.532498121,0.297862232,0.07820417,-129.1131592,-20.75954056,-9.760944366,-2.261954784,-0.749455035,0.157606453,-129.1131592,-20.75954056,-9.760944366,-2.261954784,-0.749455035,0.157606453,-129.1131592,-20.75954056,-9.760944366,-2.261954784,-0.749455035,0.157606453
8.320000395,0.268411607,0.862046957,0.459398001,0.480774939,0.028017033,-0.041816555,0.407315463,-0.428531408,0.380367279,0.515269816,0.295359552,0.077962026,-138.2709808,-21.58052635,-10.57105064,-2.560163736,-0.753068209,0.129094005,-138.2709808,-21.58052635,-10.57105064,-2.560163736,-0.753068209,0.129094005,-138.2709808,-21.58052635,-10.57105064,-2.560163736,-0.753068209,0.129094005
8.330000396,0.272374123,0.857688665,0.462959975,0.485729277,0.030959118,-0.041053616,0.39315778,-0.43735835,0.349392503,0.490093619,0.293961644,0.075782597,-145.8644104,-22.38451576,-11.25537777,-2.816064358,-0.758729577,0.107639417,-145.8644104,-22.38451576,-11.25537777,-2.816064358,-0.758729577,0.107639417,-145.8644104,-22.38451576,-11.25537777,-2.816064358,-0.758729577,0.107639417
8.340000396,0.276187867,0.853204489,0.466193885,0.490392745,0.033891071,-0.040321313,0.378407538,-0.451357782,0.316886306,0.459994018,0.292988837,0.072552629,-151.6188354,-23.13256645,-11.54161072,-2.967300892,-0.771744668,0.102849483,-151.6188354,-23.13256645,-11.54161072,-2.967300892,-0.771744668,0.102849483,-151.6188354,-23.13256645,-11.54161072,-2.967300892,-0.771744668,0.102849483
8.350000397,0.27985093,0.848510504,0.469177932,0.494740546,0.036810506,-0.039621793,0.363269836,-0.474237531,0.294318646,0.4284693,0.291642338,0.069308847,-155.2266846,-23.67939186,-11.46678257,-3.006146669,-0.790954232,0.114391521,-155.2266846,-23.67939186,-11.46678257,-3.006146669,-0.790954232,0.114391521,-155.2266846,-23.67939186,-11.46678257,-3.006146669,-0.790954232,0.114391521
8.360000397,0.283361405,0.843538046,0.472016066,0.498786032,0.039709318,-0.038948737,0.347944349,-0.503245473,0.281754881,0.398714632,0.289384216,0.066864856,-156.8326111,-23.78216743,-11.26813126,-2.945599556,-0.810436845,0.135483131,-156.8326111,-23.78216743,-11.26813126,-2.945599556,-0.810436845,0.135483131,-156.8326111,-23.78216743,-11.26813126,-2.945599556,-0.810436845,0.135483131
8.370000398,0.286718339,0.8382833,0.474738806,0.502564073,0.042577017,-0.038290344,0.332624733,-0.530785263,0.270014375,0.372907192,0.286072463,0.06564375,-156.4790344,-23.34755898,-11.11785698,-2.818609476,-0.823818684,0.157671824,-156.4790344,-23.34755898,-11.11785698,-2.818609476,-0.823818684,0.157671824,-156.4790344,-23.34755898,-11.11785698,-2.818609476,-0.823818684,0.157671824
8.380000398,0.289923638,0.832814932,0.4772937,0.506123185,0.045404542,-0.037634335,0.317501098,-0.550511837,0.251349181,0.352006167,0.281894684,0.065650083,-154.2063904,-22.52046204,-10.9805851,-2.657081604,-0.826574385,0.173476487,-154.2063904,-22.52046204,-10.9805851,-2.657081604,-0.826574385,0.173476487,-154.2063904,-22.52046204,-10.9805851,-2.657081604,-0.826574385,0.173476487
8.390000399,0.292980164,0.827214956,0.479620665,0.509512544,0.048186291,-0.036970817,0.302753687,-0.562187612,0.227940664,0.335854113,0.277214855,0.066569641,-150.1372986,-21.60443687,-10.69362068,-2.48876524,-0.817415893,0.178999826,-150.1372986,-21.60443687,-10.69362068,-2.48876524,-0.817415893,0.178999826,-150.1372986,-21.60443687,-10.69362068,-2.48876524,-0.817415893,0.178999826
8.400000399,0.295893639,0.821525335,0.481754035,0.512772202,0.050919998,-0.036294304,0.288552731,-0.57059747,0.210073486,0.323567241,0.272418141,0.067941986,-144.3713837,-20.8056221,-10.159132,-2.330927372,-0.797785461,0.173718497,-144.3713837,-20.8056221,-10.159132,-2.330927372,-0.797785461,0.173718497,-144.3713837,-20.8056221,-10.159132,-2.330927372,-0.797785461,0.173718497
8.410000399,0.298670739,0.815746069,0.483812064,0.515932679,0.053607572,-0.035603724,0.275053024,-0.579741299,0.205486894,0.314245254,0.267862797,0.06933666,-137.0822449,-20.11655998,-9.500471115,-2.188908339,-0.770275772,0.159974054,-137.0822449,-20.11655998,-9.500471115,-2.188908339,-0.770275772,0.159974054,-137.0822449,-20.11655998,-9.500471115,-2.188908339,-0.770275772,0.159974054
8.4200004,0.301308602,0.809896231,0.485733718,0.51894629,0.056254018,-0.034911953,0.261043221,-0.586036563,0.187963679,0.297223568,0.263857007,0.069031134,-145.5255585,-20.71579933,-10.27057743,-2.499595642,-0.786192298,0.129454508,-145.5255585,-20.71579933,-10.27057743,-2.499595642,-0.786192298,0.129454508,-145.5255585,-20.71579933,-10.27057743,-2.499595642,-0.786192298,0.129454508
8.4300004,0.303801507,0.804002523,0.487349242,0.521713853,0.058864344,-0.034238063,0.24634397,-0.590079486,0.154254749,0.271238089,0.260361582,0.066898137,-152.3201752,-21.32130623,-10.92421532,-2.765404701,-0.801715374,0.105322935,-152.3201752,-21.32130623,-10.92421532,-2.765404701,-0.801715374,0.105322935,-152.3201752,-21.32130623,-10.92421532,-2.765404701,-0.801715374,0.105322935
8.440000401,0.306143731,0.798032522,0.48861286,0.524178147,0.061440695,-0.033594094,0.231137067,-0.598732054,0.119499601,0.239852458,0.256963789,0.063724272,-157.2250366,-21.97807884,-11.14060497,-2.915427685,-0.818533301,0.096972935,-157.2250366,-21.97807884,-11.14060497,-2.915427685,-0.818533301,0.096972935,-157.2250366,-21.97807884,-11.14060497,-2.915427685,-0.818533301,0.096972935
8.450000401,0.30833146,0.791900396,0.48962757,0.526314378,0.063980214,-0.032983147,0.215619132,-0.617418468,0.09765435,0.20712392,0.253166437,0.060457073,-160.104248,-22.51646423,-10.97102165,-2.943931103,-0.835573494,0.104186818,-160.104248,-22.51646423,-10.97102165,-2.943931103,-0.835573494,0.104186818,-160.104248,-22.51646423,-10.97102165,-2.943931103,-0.835573494,0.104186818
8.460000402,0.310362786,0.7855165,0.490529746,0.528141618,0.066476218,-0.032399617,0.199990973,-0.64399004,0.089037262,0.176759481,0.248682454,0.057881206,-160.938858,-22.66678238,-10.7067194,-2.867970943,-0.84906888,0.121279597,-160.938858,-22.66678238,-10.7067194,-2.867970943,-0.84906888,0.121279597,-160.938858,-22.66678238,-10.7067194,-2.867970943,-0.84906888,0.121279597
8.470000402,0.31223771,0.77886939,0.491363257,0.529703736,0.068922155,-0.031832777,0.184450895,-0.669715583,0.081780232,0.151194483,0.243526652,0.056445781,-159.7693787,-22.25843239,-10.56568336,-2.726715088,-0.854770958,0.140111774,-159.7693787,-22.25843239,-10.56568336,-2.726715088,-0.854770958,0.140111774,-159.7693787,-22.25843239,-10.56568336,-2.726715088,-0.854770958,0.140111774
8.480000403,0.313960046,0.772031546,0.49205181,0.531056046,0.071312539,-0.031270705,0.169190645,-0.686847746,0.065094508,0.131345004,0.237919316,0.056201451,-156.6734619,-21.4393425,-10.50614738,-2.557847261,-0.850787878,0.153613999,-156.6734619,-21.4393425,-10.50614738,-2.557847261,-0.850787878,0.153613999,-156.6734619,-21.4393425,-10.50614738,-2.557847261,-0.850787878,0.153613999
8.490000403,0.315533608,0.765094519,0.492511481,0.532250047,0.073645942,-0.030703736,0.154386371,-0.695076525,0.04085426,0.116750374,0.232162103,0.056863111,-151.8331146,-20.54898071,-10.29580116,-2.390679598,-0.836800694,0.157607406,-151.8331146,-20.54898071,-10.29580116,-2.390679598,-0.836800694,0.157607406,-151.8331146,-20.54898071,-10.29580116,-2.390679598,-0.836800694,0.157607406
8.500000404,0.31696412,0.758104086,0.49276039,0.533329606,0.075922363,-0.030126406,0.140203074,-0.700324476,0.021301301,0.106214866,0.22651428,0.057976067,-145.347168,-19.82949829,-9.800755501,-2.240294933,-0.815215349,0.151388571,-145.347168,-19.82949829,-9.800755501,-2.240294933,-0.815215349,0.151388571,-145.347168,-19.82949829,-9.800755501,-2.240294933,-0.815215349,0.151388571
8.510000404,0.318258256,0.751041174,0.492931098,0.534329057,0.078144901,-0.029537572,0.126792744,-0.708070874,0.016812373,0.098494224,0.221222907,0.059110399,-137.3579407,-19.27360153,-9.135603905,-2.112673759,-0.787886977,0.13709408,-137.3579407,-19.27360153,-9.135603905,-2.112673759,-0.787886977,0.13709408,-137.3579407,-19.27360153,-9.135603905,-2.112673759,-0.787886977,0.13709408
8.520000405,0.319416016,0.743928671,0.492966384,0.535191178,0.080315702,-0.028948141,0.112981237,-0.711754978,-0.000788365,0.082637541,0.216029406,0.058804963,-144.613678,-19.63688087,-9.825900078,-2.418725491,-0.812721908,0.107284211,-144.613678,-19.63688087,-9.825900078,-2.418725491,-0.812721908,0.107284211,-144.613678,-19.63688087,-9.825900078,-2.418725491,-0.812721908,0.107284211
8.530000405,0.320431679,0.736812353,0.492687911,0.535820603,0.082434528,-0.028374506,0.098589391,-0.711212933,-0.03543473,0.057454284,0.21083656,0.056933928,-150.3375549,-20.02124977,-10.40732956,-2.677484274,-0.83528477,0.082721934,-150.3375549,-20.02124977,-10.40732956,-2.677484274,-0.83528477,0.082721934,-150.3375549,-20.02124977,-10.40732956,-2.677484274,-0.83528477,0.082721934
8.540000406,0.321298569,0.729678869,0.49205181,0.536150575,0.084500425,-0.027827276,0.083791479,-0.714452863,-0.070479117,0.026526826,0.205462694,0.054128993,-154.2381134,-20.54110146,-10.53782177,-2.823771477,-0.854271591,0.071651153,-154.2381134,-20.54110146,-10.53782177,-2.823771477,-0.854271591,0.071651153,-154.2381134,-20.54110146,-10.53782177,-2.823771477,-0.854271591,0.071651153
8.550000406,0.322016686,0.722423315,0.49118492,0.536158204,0.086509101,-0.027309788,0.068782315,-0.728674769,-0.089870282,-0.005693383,0.199694201,0.051160399,-156.1219635,-21.06546974,-10.27770233,-2.843732119,-0.868668854,0.074135453,-156.1219635,-21.06546974,-10.27770233,-2.843732119,-0.868668854,0.074135453,-156.1219635,-21.06546974,-10.27770233,-2.843732119,-0.868668854,0.074135453
8.560000407,0.322584122,0.714954138,0.490246505,0.535862565,0.088456742,-0.026817931,0.05374923,-0.751772881,-0.093979925,-0.035243522,0.193482161,0.048727535,-156.1303711,-21.22010994,-9.965547562,-2.759367228,-0.875730693,0.085689709,-156.1303711,-21.22010994,-9.965547562,-2.759367228,-0.875730693,0.085689709,-156.1303711,-21.22010994,-9.965547562,-2.759367228,-0.875730693,0.085689709
8.570000407,0.323002785,0.707254171,0.489285201,0.535313249,0.090339057,-0.026342763,0.038878769,-0.774349391,-0.09681455,-0.05943653,0.186959416,0.047261443,-154.2425079,-20.84111023,-9.845370293,-2.610459328,-0.874506831,0.099531658,-154.2425079,-20.84111023,-9.845370293,-2.610459328,-0.874506831,0.099531658,-154.2425079,-20.84111023,-9.845370293,-2.610459328,-0.874506831,0.099531658
8.580000408,0.323274583,0.699397802,0.488207549,0.53457129,0.092155807,-0.025873912,0.024347963,-0.787982523,-0.111119911,-0.077348419,0.180383384,0.046842698,-150.5880127,-20.06471443,-9.859420776,-2.439567804,-0.864111662,0.109411381,-150.5880127,-20.06471443,-9.859420776,-2.439567804,-0.864111662,0.109411381,-150.5880127,-20.06471443,-9.859420776,-2.439567804,-0.864111662,0.109411381
8.590000408,0.323405236,0.691478491,0.486907691,0.533697724,0.093908183,-0.025402678,0.010326367,-0.792507231,-0.135156259,-0.089689218,0.173960656,0.047235504,-145.2313385,-19.24860191,-9.728489876,-2.278603315,-0.846788466,0.111400567,-145.2313385,-19.24860191,-9.728489876,-2.278603315,-0.846788466,0.111400567,-145.2313385,-19.24860191,-9.728489876,-2.278603315,-0.846788466,0.111400567
8.600000408,0.323401421,0.683536291,0.485393256,0.532730699,0.095598571,-0.024924053,-0.003032738,-0.794720054,-0.15517804,-0.098202571,0.167835742,0.048035447,-138.363327,-18.64318085,-9.284520149,-2.147450924,-0.824387252,0.10456764,-138.363327,-18.64318085,-9.284520149,-2.147450924,-0.824387252,0.10456764,-138.363327,-18.64318085,-9.284520149,-2.147450924,-0.824387252,0.10456764
8.610000409,0.323269814,0.675542593,0.483801574,0.531696916,0.097231023,-0.024437023,-0.015591905,-0.800867796,-0.159318492,-0.104431413,0.162140325,0.048861817,-130.1381378,-18.21928596,-8.642391205,-2.042761803,-0.798510075,0.090659656,-130.1381378,-18.21928596,-8.642391205,-2.042761803,-0.798510075,0.090659656,-130.1381378,-18.21928596,-8.642391205,-2.042761803,-0.798510075,0.090659656
8.620000409,0.323011369,0.667522192,0.48208496,0.53054297,0.098804824,-0.023949934,-0.028427174,-0.80213052,-0.175806701,-0.118661337,0.15614669,0.048603214,-135.8695221,-18.33914757,-9.209266663,-2.322594881,-0.828756154,0.063808285,-135.8695221,-18.33914757,-9.209266663,-2.322594881,-0.828756154,0.063808285,-135.8695221,-18.33914757,-9.209266663,-2.322594881,-0.828756154,0.063808285
8.63000041,0.322621316,0.659534216,0.480066985,0.529173493,0.100315206,-0.023475124,-0.041704182,-0.797685742,-0.209020048,-0.141977414,0.149728835,0.047144439,-140.2165222,-18.49666214,-9.685526848,-2.559006691,-0.855062723,0.040830381,-140.2165222,-18.49666214,-9.685526848,-2.559006691,-0.855062723,0.040830381,-140.2165222,-18.49666214,-9.685526848,-2.559006691,-0.855062723,0.040830381
8.64000041,0.322095841,0.651571035,0.477710456,0.527525544,0.101758353,-0.023021115,-0.055264696,-0.796102703,-0.242014572,-0.170777619,0.142926812,0.04492737,-142.9054413,-18.85603142,-9.725939751,-2.686550856,-0.873678744,0.027999436,-142.9054413,-18.85603142,-9.725939751,-2.686550856,-0.873678744,0.027999436,-142.9054413,-18.85603142,-9.725939751,-2.686550856,-0.873678744,0.027999436
8.650000411,0.321433991,0.643543005,0.47514984,0.525578141,0.103130452,-0.022591008,-0.068937324,-0.805200577,-0.258519858,-0.200643063,0.135789484,0.042524505,-143.8326721,-19.28758812,-9.399902344,-2.694359303,-0.883567989,0.025766151,-143.8326721,-19.28758812,-9.399902344,-2.694359303,-0.883567989,0.025766151,-143.8326721,-19.28758812,-9.399902344,-2.694359303,-0.883567989,0.025766151
8.660000411,0.320635766,0.635345221,0.472558707,0.523354173,0.104429834,-0.022182418,-0.08255218,-0.823791087,-0.25854829,-0.227592066,0.128467143,0.040471967,-143.0436859,-19.45390701,-9.054154396,-2.60451746,-0.884140432,0.030975685,-143.0436859,-19.45390701,-9.054154396,-2.60451746,-0.884140432,0.030975685,-143.0436859,-19.45390701,-9.054154396,-2.60451746,-0.884140432,0.030975685
8.670000412,0.319703072,0.626958609,0.469983786,0.520905137,0.10565602,-0.02178867,-0.095943891,-0.842340589,-0.257282019,-0.249077141,0.12116915,0.039143171,-140.5871124,-19.11627769,-8.952217102,-2.458618641,-0.876461327,0.038728576,-140.5871124,-19.11627769,-8.952217102,-2.458618641,-0.876461327,0.038728576,-140.5871124,-19.11627769,-8.952217102,-2.458618641,-0.876461327,0.038728576
8.680000412,0.318639725,0.618451834,0.467327803,0.518292069,0.106811158,-0.021401657,-0.108955346,-0.852265418,-0.268426567,-0.264393061,0.114112809,0.038633909,-136.557785,-18.41303635,-9.017923355,-2.298847914,-0.861687064,0.043979205,-136.557785,-18.41303635,-9.017923355,-2.298847914,-0.861687064,0.043979205,-136.557785,-18.41303635,-9.017923355,-2.298847914,-0.861687064,0.043979205
8.690000413,0.317450494,0.609916449,0.464468688,0.515564561,0.107898347,-0.021014465,-0.12144132,-0.853296757,-0.290858686,-0.274460405,0.107435465,0.038773615,-131.082489,-17.68837929,-8.96072197,-2.15565753,-0.842055559,0.043392945,-131.082489,-17.68837929,-8.96072197,-2.15565753,-0.842055559,0.043392945,-131.082489,-17.68837929,-8.96072197,-2.15565753,-0.842055559,0.043392945
8.700000413,0.316141099,0.6013906,0.461400717,0.51276648,0.108922832,-0.020623041,-0.133268237,-0.852589428,-0.31040296,-0.280914485,0.101203561,0.039247341,-124.2764664,-17.19710159,-8.582314491,-2.039090395,-0.819201946,0.036060009,-124.2764664,-17.19710159,-8.582314491,-2.039090395,-0.819201946,0.036060009,-124.2764664,-17.19710159,-8.582314491,-2.039090395,-0.819201946,0.036060009
8.710000414,0.31471917,0.592832327,0.458258361,0.509920716,0.109888665,-0.020226492,-0.144313931,-0.857016087,-0.314083427,-0.285464495,0.095442779,0.039756354,-116.2574921,-16.91057968,-7.984945774,-1.954476714,-0.79539603,0.023249781,-116.2574921,-16.91057968,-7.984945774,-1.954476714,-0.79539603,0.023249781,-116.2574921,-16.91057968,-7.984945774,-1.954476714,-0.79539603,0.023249781
8.720000414,0.313186616,0.584266424,0.455010146,0.506973863,0.110792272,-0.019830061,-0.155499861,-0.856169939,-0.328379601,-0.297467321,0.089072809,0.039579403,-120.1945572,-16.7812233,-8.3864851,-2.192174196,-0.826494336,0.000886862,-120.1945572,-16.7812233,-8.3864851,-2.192174196,-0.826494336,0.000886862,-120.1945572,-16.7812233,-8.3864851,-2.192174196,-0.826494336,0.000886862
8.730000415,0.311540574,0.575763464,0.451493949,0.503840089,0.111626737,-0.019441677,-0.166970551,-0.848477066,-0.358151287,-0.317790717,0.081970058,0.03861605,-122.9744034,-16.69449425,-8.726670265,-2.389496326,-0.852012753,-0.019250425,-122.9744034,-16.69449425,-8.726670265,-2.389496326,-0.852012753,-0.019250425,-122.9744034,-16.69449425,-8.726670265,-2.389496326,-0.852012753,-0.019250425
8.740000415,0.30977723,0.567329168,0.447674483,0.500462174,0.1123861,-0.01906736,-0.178594664,-0.842433691,-0.387454659,-0.343002826,0.074357197,0.037113264,-124.379303,-16.86258125,-8.678336143,-2.489194155,-0.867545426,-0.032962043,-124.379303,-16.86258125,-8.678336143,-2.489194155,-0.867545426,-0.032962043,-124.379303,-16.86258125,-8.678336143,-2.489194155,-0.867545426,-0.032962043
8.750000416,0.307898492,0.558875799,0.443690032,0.496824265,0.113067023,-0.018709673,-0.190225571,-0.846389055,-0.400222123,-0.36890915,0.066506572,0.035424899,-124.2655487,-17.1880703,-8.29943943,-2.481666327,-0.871696293,-0.039511733,-124.2655487,-17.1880703,-8.29943943,-2.481666327,-0.871696293,-0.039511733,-124.2655487,-17.1880703,-8.29943943,-2.481666327,-0.871696293,-0.039511733
8.760000416,0.305904359,0.550309896,0.439710349,0.492950439,0.113670222,-0.018367661,-0.201725125,-0.859575987,-0.396739155,-0.391856492,0.058715954,0.033917073,-122.7767563,-17.3148613,-7.937134266,-2.389707804,-0.865440905,-0.04070304,-122.7767563,-17.3148613,-7.937134266,-2.389707804,-0.865440905,-0.04070304,-122.7767563,-17.3148613,-7.937134266,-2.389707804,-0.865440905,-0.04070304
8.770000417,0.303796738,0.54160285,0.435784072,0.488887787,0.114197366,-0.018037153,-0.212957323,-0.873292148,-0.391777486,-0.409583777,0.051238008,0.032855682,-119.9070053,-17.03095818,-7.841770649,-2.252625704,-0.851794302,-0.03956081,-119.9070053,-17.03095818,-7.841770649,-2.252625704,-0.851794302,-0.03956081,-119.9070053,-17.03095818,-7.841770649,-2.252625704,-0.851794302,-0.03956081
8.780000417,0.301580399,0.53281951,0.431812972,0.484693527,0.114653699,-0.017713023,-0.223791882,-0.879211247,-0.399312645,-0.421548337,0.0442583,0.032325253,-115.7298508,-16.41987991,-7.941931248,-2.10732007,-0.832624793,-0.039570242,-115.7298508,-16.41987991,-7.941931248,-2.10732007,-0.832624793,-0.039570242,-115.7298508,-16.41987991,-7.941931248,-2.10732007,-0.832624793,-0.039570242
8.790000418,0.29926011,0.524041891,0.427669257,0.480419159,0.115044706,-0.017390741,-0.234112352,-0.877112389,-0.418703943,-0.428713918,0.037836391,0.03222587,-110.4017105,-15.81834316,-7.944016933,-1.982128501,-0.811210573,-0.042986464,-110.4017105,-15.81834316,-7.944016933,-1.982128501,-0.811210573,-0.042986464,-110.4017105,-15.81834316,-7.944016933,-1.982128501,-0.811210573,-0.042986464
8.800000418,0.296842545,0.515296698,0.423339576,0.476098061,0.115375631,-0.017067505,-0.243812963,-0.874037981,-0.436218172,-0.432905465,0.031945296,0.032364547,-104.0184402,-15.45620346,-7.638806343,-1.890440464,-0.789249778,-0.050552353,-104.0184402,-15.45620346,-7.638806343,-1.890440464,-0.789249778,-0.050552353,-104.0184402,-15.45620346,-7.638806343,-1.890440464,-0.789249778,-0.050552353
8.810000418,0.294332474,0.50654006,0.418946952,0.471744537,0.115651719,-0.016742243,-0.252801538,-0.87659806,-0.439295501,-0.435822338,0.02654901,0.032562561,-96.72818756,-15.28273392,-7.118254662,-1.829077005,-0.767507255,-0.061595652,-96.72818756,-15.28273392,-7.118254662,-1.829077005,-0.767507255,-0.061595652,-96.72818756,-15.28273392,-7.118254662,-1.829077005,-0.767507255,-0.061595652
8.820000419,0.291732758,0.497794867,0.414464682,0.46731472,0.115867965,-0.016417278,-0.261796832,-0.873598218,-0.451256603,-0.445187151,0.020325493,0.03245791,-98.74519348,-14.91636753,-7.345432281,-2.008470297,-0.795480669,-0.078645028,-98.74519348,-14.91636753,-7.345432281,-2.008470297,-0.795480669,-0.078645028,-98.74519348,-14.91636753,-7.345432281,-2.008470297,-0.795480669,-0.078645028
8.830000419,0.289042443,0.489140272,0.409756392,0.462733269,0.116013877,-0.016096426,-0.270911366,-0.863220513,-0.476374239,-0.461704463,0.013120524,0.031968493,-99.85702515,-14.59931469,-7.521680355,-2.155255556,-0.817621231,-0.095018931,-99.85702515,-14.59931469,-7.521680355,-2.155255556,-0.817621231,-0.095018931,-99.85702515,-14.59931469,-7.521680355,-2.155255556,-0.817621231,-0.095018931
8.84000042,0.286260575,0.48058486,0.404800147,0.457953453,0.116083018,-0.015783025,-0.280044854,-0.853657246,-0.500117719,-0.482254207,0.005345985,0.031173678,-99.92165375,-14.58086205,-7.371097565,-2.218970299,-0.827324986,-0.108441666,-99.92165375,-14.58086205,-7.371097565,-2.218970299,-0.827324986,-0.108441666,-99.92165375,-14.58086205,-7.371097565,-2.218970299,-0.827324986,-0.108441666
8.85000042,0.283388108,0.472059965,0.399726599,0.452963829,0.116073482,-0.015478726,-0.289089382,-0.852808774,-0.508294523,-0.503097236,-0.002536789,0.030235631,-98.87674713,-14.76359653,-6.957427502,-2.193938971,-0.824304521,-0.118150897,-98.87674713,-14.76359653,-6.957427502,-2.193938971,-0.824304521,-0.118150897,-98.87674713,-14.76359653,-6.957427502,-2.193938971,-0.824304521,-0.118150897
8.860000421,0.280425996,0.463472128,0.39469406,0.447788239,0.115987174,-0.015183624,-0.297939181,-0.860520959,-0.501317561,-0.521013856,-0.010127147,0.029333213,-96.76689148,-14.84895992,-6.594575405,-2.100839138,-0.81126076,-0.124846794,-96.76689148,-14.84895992,-6.594575405,-2.100839138,-0.81126076,-0.124846794,-96.76689148,-14.84895992,-6.594575405,-2.100839138,-0.81126076,-0.124846794
8.870000421,0.277378052,0.454799414,0.38974449,0.442471504,0.115829341,-0.014896151,-0.306491464,-0.868900239,-0.493317932,-0.534171104,-0.017158702,0.028612962,-93.61643219,-14.59337997,-6.509830475,-1.974925041,-0.791786313,-0.129803255,-93.61643219,-14.59337997,-6.509830475,-1.974925041,-0.791786313,-0.129803255,-93.61643219,-14.59337997,-6.509830475,-1.974925041,-0.791786313,-0.129803255
8.880000422,0.274248093,0.446092367,0.384785384,0.437064171,0.115606658,-0.014614012,-0.314654142,-0.870594084,-0.497283995,-0.542315245,-0.023518203,0.028127544,-89.55563354,-14.09104633,-6.627641678,-1.849845409,-0.769678593,-0.134673864,-89.55563354,-14.09104633,-6.627641678,-1.849845409,-0.769678593,-0.134673864,-89.55563354,-14.09104633,-6.627641678,-1.849845409,-0.769678593,-0.134673864
8.890000422,0.271039933,0.437425375,0.379690856,0.431605339,0.115325801,-0.014335092,-0.322344095,-0.865415812,-0.51299715,-0.546508312,-0.029224407,0.027844133,-84.66320038,-13.61470127,-6.674334526,-1.748820186,-0.747660935,-0.140699059,-84.66320038,-13.61470127,-6.674334526,-1.748820186,-0.747660935,-0.140699059,-84.66320038,-13.61470127,-6.674334526,-1.748820186,-0.747660935,-0.140699059
8.900000423,0.267759293,0.428813696,0.374440879,0.426124573,0.114992253,-0.014057931,-0.329484165,-0.860059738,-0.527754605,-0.54834193,-0.034364268,0.027690232,-78.99772644,-13.38351822,-6.443011761,-1.677793622,-0.727120459,-0.148363009,-78.99772644,-13.38351822,-6.443011761,-1.677793622,-0.727120459,-0.148363009,-78.99772644,-13.38351822,-6.443011761,-1.677793622,-0.727120459,-0.148363009
8.910000423,0.264411896,0.420211554,0.36914131,0.420632362,0.114611261,-0.013781723,-0.33600837,-0.860683441,-0.529883802,-0.549396753,-0.039025571,0.027605664,-72.68585205,-13.32482433,-6.010430813,-1.636126757,-0.708100617,-0.157511443,-72.68585205,-13.32482433,-6.010430813,-1.636126757,-0.708100617,-0.157511443,-72.68585205,-13.32482433,-6.010430813,-1.636126757,-0.708100617,-0.157511443
8.920000424,0.261000603,0.411638021,0.363779753,0.415091515,0.114176624,-0.0135062,-0.342410654,-0.856073737,-0.538279176,-0.555660307,-0.044633333,0.027540728,-72.76391602,-12.75915146,-6.046926498,-1.75016284,-0.729392648,-0.169027507,-72.76391602,-12.75915146,-6.046926498,-1.75016284,-0.729392648,-0.169027507,-72.76391602,-12.75915146,-6.046926498,-1.75016284,-0.729392648,-0.169027507
8.930000424,0.257526368,0.403170347,0.358251303,0.409441948,0.113677137,-0.013231631,-0.348771155,-0.844057798,-0.556949854,-0.567612231,-0.051331859,0.027434349,-72.25050354,-12.24289799,-6.061052799,-1.839389682,-0.744728088,-0.181086391,-72.25050354,-12.24289799,-6.061052799,-1.839389682,-0.744728088,-0.181086391,-72.25050354,-12.24289799,-6.061052799,-1.839389682,-0.744728088,-0.181086391
8.940000425,0.253988236,0.394830465,0.352542609,0.403647423,0.113105647,-0.012958791,-0.355026305,-0.831663907,-0.574190319,-0.582612932,-0.058604967,0.027241809,-71.0765686,-12.0291996,-5.833014011,-1.864325881,-0.747387469,-0.193131268,-71.0765686,-12.0291996,-5.833014011,-1.864325881,-0.747387469,-0.193131268,-71.0765686,-12.0291996,-5.833014011,-1.864325881,-0.747387469,-0.193131268
8.950000425,0.250389069,0.386561155,0.346763343,0.397702217,0.112461917,-0.012688633,-0.361103445,-0.826193988,-0.578041315,-0.597475529,-0.065847985,0.026958238,-69.14632416,-12.07348919,-5.416006565,-1.821573138,-0.737003386,-0.204575673,-69.14632416,-12.07348919,-5.416006565,-1.821573138,-0.737003386,-0.204575673,-69.14632416,-12.07348919,-5.416006565,-1.821573138,-0.737003386,-0.204575673
8.960000426,0.246731728,0.378287077,0.341050833,0.391629219,0.111749046,-0.012421783,-0.366936684,-0.828082502,-0.568741441,-0.609618008,-0.072611563,0.026612381,-66.56719208,-12.09938717,-5.065699577,-1.730113029,-0.717856467,-0.21502322,-66.56719208,-12.09938717,-5.065699577,-1.730113029,-0.717856467,-0.21502322,-66.56719208,-12.09938717,-5.065699577,-1.730113029,-0.717856467,-0.21502322
8.970000426,0.243018121,0.369982481,0.335447043,0.385468483,0.110974424,-0.012158718,-0.372467339,-0.831127048,-0.558228552,-0.617692113,-0.078631565,0.026226951,-63.40195847,-11.90191936,-4.978759289,-1.619827628,-0.69390744,-0.224496707,-63.40195847,-11.90191936,-4.978759289,-1.619827628,-0.69390744,-0.224496707,-63.40195847,-11.90191936,-4.978759289,-1.619827628,-0.69390744,-0.224496707
8.980000427,0.239252061,0.361685514,0.329869956,0.379258156,0.110146157,-0.011899766,-0.377638638,-0.82904762,-0.558235586,-0.621727467,-0.083852835,0.025811512,-59.65813828,-11.5258913,-5.100409508,-1.519064903,-0.669813454,-0.233074978,-59.65813828,-11.5258913,-5.100409508,-1.519064903,-0.669813454,-0.233074978,-59.65813828,-11.5258913,-5.100409508,-1.519064903,-0.669813454,-0.233074978
8.990000427,0.235437363,0.353452444,0.324204177,0.373031616,0.109271161,-0.011645015,-0.382401228,-0.821581066,-0.569217563,-0.622704327,-0.088366769,0.025386076,-55.42847061,-11.19293594,-5.185225487,-1.442214727,-0.648243964,-0.240866914,-55.42847061,-11.19293594,-5.185225487,-1.442214727,-0.648243964,-0.240866914,-55.42847061,-11.19293594,-5.185225487,-1.442214727,-0.648243964,-0.240866914
9.000000427,0.231578797,0.34529376,0.318419188,0.366808891,0.108355872,-0.011394288,-0.386712492,-0.814362109,-0.58065635,-0.62210691,-0.092312276,0.024993917,-50.77703857,-11.07505608,-5.041302681,-1.39567697,-0.629812002,-0.248063922,-50.77703857,-11.07505608,-5.041302681,-1.39567697,-0.629812002,-0.248063922,-50.77703857,-11.07505608,-5.041302681,-1.39567697,-0.629812002,-0.248063922
9.010000428,0.227680653,0.337163687,0.312596053,0.360593796,0.107404344,-0.01114687,-0.390538245,-0.812899709,-0.582148194,-0.621343136,-0.095846973,0.024684105,-45.79467773,-11.11608219,-4.71424818,-1.375200391,-0.61476475,-0.254923522,-45.79467773,-11.11608219,-4.71424818,-1.375200391,-0.61476475,-0.254923522,-45.79467773,-11.11608219,-4.71424818,-1.375200391,-0.61476475,-0.254923522
9.020000428,0.223746747,0.329080343,0.306738585,0.354358673,0.106410138,-0.010900553,-0.39413026,-0.80685699,-0.586961091,-0.624375403,-0.100380152,0.024635993,-44.05358124,-10.3923378,-4.561931133,-1.420139432,-0.627637386,-0.261271149,-44.05358124,-10.3923378,-4.561931133,-1.420139432,-0.627637386,-0.261271149,-44.05358124,-10.3923378,-4.561931133,-1.420139432,-0.627637386,-0.261271149
9.030000429,0.219778031,0.321112394,0.300780982,0.348060608,0.105361573,-0.010652926,-0.397533834,-0.794061124,-0.598356664,-0.631402552,-0.106033362,0.024803409,-42.06539154,-9.728845596,-4.414687634,-1.448941708,-0.63513422,-0.269039452,-42.06539154,-9.728845596,-4.414687634,-1.448941708,-0.63513422,-0.269039452,-42.06539154,-9.728845596,-4.414687634,-1.448941708,-0.63513422,-0.269039452
9.040000429,0.215777367,0.313284636,0.294718474,0.341675758,0.104251973,-0.010402944,-0.400718927,-0.779986382,-0.608112276,-0.640358925,-0.112221003,0.02505194,-39.75691605,-9.353652,-4.124551773,-1.434235215,-0.630387664,-0.278991312,-39.75691605,-9.353652,-4.124551773,-1.434235215,-0.630387664,-0.278991312,-39.75691605,-9.353652,-4.124551773,-1.434235215,-0.630387664,-0.278991312
9.05000043,0.211746663,0.305562735,0.288637847,0.335204124,0.103081338,-0.010150697,-0.403658241,-0.770553231,-0.607553303,-0.648815572,-0.118274048,0.025266817,-37.18247604,-9.246557236,-3.72829771,-1.375572085,-0.613607585,-0.290596604,-37.18247604,-9.246557236,-3.72829771,-1.375572085,-0.613607585,-0.290596604,-37.18247604,-9.246557236,-3.72829771,-1.375572085,-0.613607585,-0.290596604
9.06000043,0.207688779,0.297890425,0.28264305,0.328666687,0.101854675,-0.009897258,-0.406325877,-0.766706228,-0.596891522,-0.654887736,-0.123690605,0.025355296,-34.34627151,-9.211344719,-3.417453527,-1.289186954,-0.589158297,-0.302912891,-34.34627151,-9.211344719,-3.417453527,-1.289186954,-0.589158297,-0.302912891,-34.34627151,-9.211344719,-3.417453527,-1.289186954,-0.589158297,-0.302912891
9.070000431,0.203607053,0.290241957,0.276767462,0.322093964,0.100581042,-0.009644534,-0.408700645,-0.764289379,-0.585109651,-0.657738328,-0.128225386,0.025246525,-31.30182648,-9.075116158,-3.334409952,-1.198407769,-0.56219691,-0.314879239,-31.30182648,-9.075116158,-3.334409952,-1.198407769,-0.56219691,-0.314879239,-31.30182648,-9.075116158,-3.334409952,-1.198407769,-0.56219691,-0.314879239
9.080000431,0.199502915,0.282642126,0.270949095,0.315516472,0.099269263,-0.009394642,-0.410767138,-0.758695841,-0.581452847,-0.657579303,-0.131893709,0.024918504,-28.1099205,-8.841180801,-3.438515186,-1.122613549,-0.537775278,-0.325438917,-28.1099205,-8.841180801,-3.438515186,-1.122613549,-0.537775278,-0.325438917,-28.1099205,-8.841180801,-3.438515186,-1.122613549,-0.537775278,-0.325438917
9.090000432,0.195381135,0.275127172,0.265093535,0.308958054,0.09792649,-0.009149399,-0.412508965,-0.749705613,-0.586813092,-0.655359507,-0.134848759,0.024422519,-24.74283028,-8.669054985,-3.542012215,-1.07308054,-0.518139839,-0.3339293,-24.74283028,-8.669054985,-3.542012215,-1.07308054,-0.518139839,-0.3339293,-24.74283028,-8.669054985,-3.542012215,-1.07308054,-0.518139839,-0.3339293
9.100000432,0.191244572,0.267696142,0.259171218,0.302428246,0.096557967,-0.00890949,-0.413919419,-0.741572499,-0.593544841,-0.652393043,-0.137281924,0.02387928,-21.33297348,-8.675413132,-3.484864712,-1.052518487,-0.503444433,-0.340184659,-21.33297348,-8.675413132,-3.484864712,-1.052518487,-0.503444433,-0.340184659,-21.33297348,-8.675413132,-3.484864712,-1.052518487,-0.503444433,-0.340184659
9.110000433,0.187096566,0.260308981,0.253227919,0.295924187,0.095168225,-0.008674528,-0.414995164,-0.738356888,-0.594034672,-0.649830937,-0.139378235,0.023408156,-17.89101791,-8.799839973,-3.294238329,-1.053301573,-0.492781579,-0.344833702,-17.89101791,-8.799839973,-3.294238329,-1.053301573,-0.492781579,-0.344833702,-17.89101791,-8.799839973,-3.294238329,-1.053301573,-0.492781579,-0.344833702
9.120000433,0.182940453,0.252980947,0.247275412,0.289429665,0.09375035,-0.008441236,-0.415750831,-0.73103106,-0.595809519,-0.64952153,-0.142445102,0.023332424,-14.61365986,-7.967619896,-2.996353388,-1.032248616,-0.497074813,-0.347013205,-14.61365986,-7.967619896,-2.996353388,-1.032248616,-0.497074813,-0.347013205,-14.61365986,-7.967619896,-2.996353388,-1.032248616,-0.497074813,-0.347013205
9.130000434,0.178779095,0.245775938,0.241278231,0.282920837,0.092293136,-0.008205678,-0.416194797,-0.717662036,-0.600909531,-0.651462853,-0.14658682,0.023631062,-11.38990021,-7.198860168,-2.716576815,-1.004899621,-0.496899813,-0.350964457,-11.38990021,-7.198860168,-2.716576815,-1.004899621,-0.496899813,-0.350964457,-11.38990021,-7.198860168,-2.716576815,-1.004899621,-0.496899813,-0.350964457
9.140000434,0.174616307,0.238720179,0.235245764,0.2763834,0.090790622,-0.007965472,-0.416334122,-0.702559173,-0.603658617,-0.654326022,-0.151204616,0.02412938,-8.241437912,-6.710805893,-2.369539976,-0.956941485,-0.485874325,-0.358269542,-8.241437912,-6.710805893,-2.369539976,-0.956941485,-0.485874325,-0.358269542,-8.241437912,-6.710805893,-2.369539976,-0.956941485,-0.485874325,-0.358269542
9.150000435,0.170453995,0.231793642,0.22924763,0.269822121,0.089243047,-0.007720079,-0.416181147,-0.690345407,-0.598405182,-0.656456053,-0.155615717,0.024642818,-5.235612392,-6.497471809,-1.99653852,-0.887614608,-0.464585274,-0.36867559,-5.235612392,-6.497471809,-1.99653852,-0.887614608,-0.464585274,-0.36867559,-5.235612392,-6.497471809,-1.99653852,-0.887614608,-0.464585274,-0.36867559
9.160000435,0.166295499,0.224958181,0.223360121,0.263256073,0.087657325,-0.007470693,-0.415748239,-0.681996882,-0.585981905,-0.656655073,-0.159307897,0.025001338,-2.350746155,-6.413357258,-1.735392332,-0.810332656,-0.43724966,-0.380921066,-2.350746155,-6.413357258,-1.735392332,-0.810332656,-0.43724966,-0.380921066,-2.350746155,-6.413357258,-1.735392332,-0.810332656,-0.43724966,-0.380921066
9.170000436,0.162143677,0.218196154,0.217601836,0.25670433,0.086041562,-0.007219981,-0.415052474,-0.674839139,-0.573325038,-0.654561043,-0.162075967,0.025073115,0.350746691,-6.327187061,-1.680572748,-0.742496669,-0.410130829,-0.393333256,0.350746691,-6.327187061,-1.680572748,-0.742496669,-0.410130829,-0.393333256,0.350746691,-6.327187061,-1.680572748,-0.742496669,-0.410130829,-0.393333256
9.180000436,0.158000439,0.211517096,0.211921751,0.250190735,0.084405534,-0.006971192,-0.414114535,-0.6660254,-0.567101836,-0.650453031,-0.163944051,0.024813732,2.839062929,-6.235087872,-1.786956668,-0.69321537,-0.386829883,-0.404161781,2.839062929,-6.235087872,-1.786956668,-0.69321537,-0.386829883,-0.404161781,2.839062929,-6.235087872,-1.786956668,-0.69321537,-0.386829883,-0.404161781
9.190000437,0.153868645,0.204939127,0.206246436,0.243727684,0.082756393,-0.006727096,-0.412955225,-0.655626118,-0.568012834,-0.645266831,-0.165113524,0.024297768,5.119563103,-6.218316078,-1.909267783,-0.672230184,-0.370298028,-0.412171006,5.119563103,-6.218316078,-1.909267783,-0.672230184,-0.370298028,-0.412171006,5.119563103,-6.218316078,-1.909267783,-0.672230184,-0.370298028,-0.412171006
9.200000437,0.149749726,0.198454142,0.200544417,0.237316132,0.081099384,-0.006488975,-0.411598891,-0.646723807,-0.570769906,-0.640123546,-0.165835723,0.023688359,7.142438412,-6.343893051,-1.927590489,-0.676973879,-0.36035198,-0.417035013,7.142438412,-6.343893051,-1.927590489,-0.676973879,-0.36035198,-0.417035013,7.142438412,-6.343893051,-1.927590489,-0.676973879,-0.36035198,-0.417035013
9.210000437,0.145645589,0.192023993,0.194842398,0.230948925,0.079436652,-0.006256502,-0.410069644,-0.642296314,-0.56984365,-0.635934591,-0.166361362,0.023144104,8.924217224,-6.558740139,-1.848037362,-0.698685765,-0.355952859,-0.419518143,8.924217224,-6.558740139,-1.848037362,-0.698685765,-0.355952859,-0.419518143,8.924217224,-6.558740139,-1.848037362,-0.698685765,-0.355952859,-0.419518143
9.220000438,0.141560048,0.185659647,0.189160407,0.224616528,0.077762477,-0.006026115,-0.408164203,-0.634693861,-0.567788601,-0.632572532,-0.167761847,0.02304027,13.36239147,-5.686742783,-1.432672739,-0.622539461,-0.352127254,-0.418974936,13.36239147,-5.686742783,-1.432672739,-0.622539461,-0.352127254,-0.418974936,13.36239147,-5.686742783,-1.432672739,-0.622539461,-0.352127254,-0.418974936
9.230000438,0.137497395,0.179412603,0.183496535,0.218313694,0.076066606,-0.005793255,-0.4058595,-0.621967018,-0.56610918,-0.629753351,-0.17011553,0.023368832,17.4376812,-4.870470524,-1.058512568,-0.546845794,-0.345341802,-0.420215726,17.4376812,-4.870470524,-1.058512568,-0.546845794,-0.345341802,-0.420215726,17.4376812,-4.870470524,-1.058512568,-0.546845794,-0.345341802,-0.420215726
9.240000439,0.133460015,0.173313856,0.177862227,0.212038994,0.074343555,-0.005555119,-0.403198034,-0.606659293,-0.562568665,-0.626836836,-0.172866017,0.023933169,21.06468964,-4.293299198,-0.704565585,-0.471327186,-0.329766929,-0.425230443,21.06468964,-4.293299198,-0.704565585,-0.471327186,-0.329766929,-0.425230443,21.06468964,-4.293299198,-0.704565585,-0.471327186,-0.329766929,-0.425230443
9.250000439,0.129451722,0.167365313,0.172300875,0.205800533,0.072594754,-0.005311083,-0.400222808,-0.592061639,-0.554316461,-0.623055339,-0.175358519,0.024519866,24.25456619,-3.98755312,-0.388581187,-0.398326397,-0.30592221,-0.433813542,24.25456619,-3.98755312,-0.388581187,-0.398326397,-0.30592221,-0.433813542,24.25456619,-3.98755312,-0.388581187,-0.398326397,-0.30592221,-0.433813542
9.26000044,0.125475377,0.161544561,0.166857302,0.19961071,0.070826642,-0.005062427,-0.396982253,-0.579736292,-0.541683793,-0.617916167,-0.17711319,0.024942258,26.93730164,-3.8846457,-0.185012162,-0.336309671,-0.278515488,-0.444515169,26.93730164,-3.8846457,-0.185012162,-0.336309671,-0.278515488,-0.444515169,26.93730164,-3.8846457,-0.185012162,-0.336309671,-0.278515488,-0.444515169
9.27000044,0.121533267,0.155834436,0.161544859,0.193483353,0.069048516,-0.004811864,-0.393527776,-0.568893194,-0.528662026,-0.611412227,-0.177942425,0.025069572,29.09560204,-3.875326157,-0.143178076,-0.293043077,-0.252907455,-0.455468953,29.09560204,-3.875326157,-0.143178076,-0.293043077,-0.252907455,-0.455468953,29.09560204,-3.875326157,-0.143178076,-0.293043077,-0.252907455,-0.455468953
9.280000441,0.117626779,0.1502316,0.156331599,0.187428474,0.06726896,-0.004562702,-0.389911741,-0.558119118,-0.519663632,-0.603999794,-0.177925691,0.024860198,30.72459412,-3.921396255,-0.239081204,-0.274225354,-0.233476341,-0.46487543,30.72459412,-3.921396255,-0.239081204,-0.274225354,-0.233476341,-0.46487543,30.72459412,-3.921396255,-0.239081204,-0.274225354,-0.233476341,-0.46487543
9.290000441,0.113757484,0.144736052,0.151166975,0.181448936,0.065494649,-0.004317816,-0.38618499,-0.547393084,-0.515884519,-0.596438587,-0.177295223,0.024382466,31.84147835,-4.045082092,-0.380710393,-0.280673802,-0.221888438,-0.471466959,31.84147835,-4.045082092,-0.380710393,-0.280673802,-0.221888438,-0.471466959,31.84147835,-4.045082092,-0.380710393,-0.280673802,-0.221888438,-0.471466959
9.300000442,0.109925859,0.139335394,0.146016657,0.17553997,0.06372916,-0.004078742,-0.382398784,-0.538340926,-0.514909446,-0.589557409,-0.176337004,0.023785226,32.4353981,-4.264494419,-0.483614951,-0.308133334,-0.217895389,-0.474870563,32.4353981,-4.264494419,-0.483614951,-0.308133334,-0.217895389,-0.474870563,32.4353981,-4.264494419,-0.483614951,-0.308133334,-0.217895389,-0.474870563
9.310000442,0.106132142,0.133997202,0.14087826,0.169689178,0.061973985,-0.003845412,-0.378602266,-0.53278178,-0.513435602,-0.584047079,-0.175311282,0.023221927,32.53417206,-4.544024467,-0.526365936,-0.34911263,-0.219586715,-0.475722134,32.53417206,-4.544024467,-0.526365936,-0.34911263,-0.219586715,-0.475722134,32.53417206,-4.544024467,-0.526365936,-0.34911263,-0.219586715,-0.475722134
9.320000443,0.102379434,0.128730536,0.13577801,0.163895607,0.060223635,-0.003614653,-0.374411732,-0.524950206,-0.508975863,-0.57805264,-0.175027192,0.023064014,37.63061905,-3.689182758,-0.034130283,-0.229955077,-0.209572881,-0.47412312,37.63061905,-3.689182758,-0.034130283,-0.229955077,-0.209572881,-0.47412312,37.63061905,-3.689182758,-0.034130283,-0.229955077,-0.209572881,-0.47412312
9.330000443,0.098672025,0.123572588,0.130744517,0.1581707,0.058469828,-0.003382105,-0.369775236,-0.513311923,-0.501884878,-0.571110487,-0.175522894,0.02332205,42.13977432,-2.891859531,0.408646435,-0.118620768,-0.197704777,-0.47393778,42.13977432,-2.891859531,0.408646435,-0.118620768,-0.197704777,-0.47393778,42.13977432,-2.891859531,0.408646435,-0.118620768,-0.197704777,-0.47393778
9.340000444,0.095014445,0.118553877,0.125798285,0.15252161,0.056708392,-0.003145132,-0.364759535,-0.498911202,-0.492701262,-0.563269615,-0.176320076,0.023800418,45.94906235,-2.288599253,0.760084271,-0.026593236,-0.179632768,-0.477214634,45.94906235,-2.288599253,0.760084271,-0.026593236,-0.179632768,-0.477214634,45.94906235,-2.288599253,0.760084271,-0.026593236,-0.179632768,-0.477214634
9.350000444,0.091409557,0.113687754,0.120959818,0.146958828,0.054940876,-0.002903264,-0.359440237,-0.483517796,-0.481534183,-0.554515064,-0.176851183,0.024280639,48.97370529,-1.9323349,1.008113623,0.043733466,-0.156094223,-0.483785927,48.97370529,-1.9323349,1.008113623,0.043733466,-0.156094223,-0.483785927,48.97370529,-1.9323349,1.008113623,0.043733466,-0.156094223,-0.483785927
9.360000445,0.087859504,0.108972073,0.116243899,0.141489506,0.05317324,-0.002657887,-0.353894591,-0.468610913,-0.469050646,-0.544992328,-0.17670247,0.024592414,51.21385956,-1.803243756,1.139217019,0.087848581,-0.131122902,-0.492212743,51.21385956,-1.803243756,1.139217019,0.087848581,-0.131122902,-0.492212743,51.21385956,-1.803243756,1.139217019,0.087848581,-0.131122902,-0.492212743
9.370000445,0.084365956,0.104395866,0.11165148,0.136119366,0.051413711,-0.002411444,-0.348199248,-0.454921603,-0.456808537,-0.53501457,-0.17571412,0.024643617,52.67708969,-1.848419189,1.150609493,0.105418697,-0.109411165,-0.500660956,52.67708969,-1.848419189,1.150609493,0.105418697,-0.109411165,-0.500660956,52.67708969,-1.848419189,1.150609493,0.105418697,-0.109411165,-0.500660956
9.380000446,0.080929868,0.099945307,0.10716635,0.130848885,0.049670156,-0.002166655,-0.342430383,-0.442663252,-0.44658795,-0.525089622,-0.173968598,0.024424102,53.3695755,-2.015577793,1.061926603,0.096599996,-0.094642088,-0.507598817,53.3695755,-2.015577793,1.061926603,0.096599996,-0.094642088,-0.507598817,53.3695755,-2.015577793,1.061926603,0.096599996,-0.094642088,-0.507598817
9.390000446,0.077551953,0.09560442,0.102759421,0.12567234,0.047948416,-0.00192577,-0.336662441,-0.432052344,-0.439400673,-0.51582104,-0.171707571,0.02399436,53.30996323,-2.267807722,0.91371572,0.065005265,-0.08840555,-0.512102067,53.30996323,-2.267807722,0.91371572,0.065005265,-0.08840555,-0.512102067,53.30996323,-2.267807722,0.91371572,0.065005265,-0.08840555,-0.512102067
9.400000446,0.074231021,0.091352463,0.098401368,0.120579153,0.046251114,-0.001690071,-0.330968797,-0.423587739,-0.435009062,-0.507782459,-0.169237539,0.023459414,52.50800705,-2.574901104,0.753349304,0.017007237,-0.090306222,-0.513990045,52.50800705,-2.574901104,0.753349304,0.017007237,-0.090306222,-0.513990045,52.50800705,-2.574901104,0.753349304,0.017007237,-0.090306222,-0.513990045
9.410000447,0.07096564,0.087164164,0.094072163,0.115552813,0.044578012,-0.001459733,-0.325416565,-0.417794168,-0.432471663,-0.501440167,-0.166842774,0.022928281,51.03812408,-2.898927927,0.611541927,-0.040275939,-0.09825331,-0.513746977,51.03812408,-2.898927927,0.611541927,-0.040275939,-0.09825331,-0.513746977,51.03812408,-2.898927927,0.611541927,-0.040275939,-0.09825331,-0.513746977
9.420000447,0.06775891,0.083044052,0.089796841,0.110600859,0.042924222,-0.001232401,-0.319490165,-0.410417795,-0.426027596,-0.493548274,-0.165042341,0.022703502,56.26810074,-2.109277964,1.122492194,0.105957478,-0.084389716,-0.512723029,56.26810074,-2.109277964,1.122492194,0.105957478,-0.084389716,-0.512723029,56.26810074,-2.109277964,1.122492194,0.105957478,-0.084389716,-0.512723029
9.430000448,0.064614885,0.079020739,0.085620463,0.105744511,0.041283663,-0.001004688,-0.313118339,-0.400152504,-0.415344119,-0.483569622,-0.16383779,0.022803463,60.72608185,-1.363901496,1.580338359,0.237759739,-0.069652513,-0.512571216,60.72608185,-1.363901496,1.580338359,0.237759739,-0.069652513,-0.512571216,60.72608185,-1.363901496,1.580338359,0.237759739,-0.069652513,-0.512571216
9.440000448,0.061537378,0.075122833,0.081567824,0.101000458,0.039653238,-0.000774655,-0.306386799,-0.387034148,-0.402672857,-0.472058326,-0.162850976,0.023058876,64.2924881,-0.775852382,1.906149864,0.33766377,-0.051320802,-0.514965534,64.2924881,-0.775852382,1.906149864,0.33766377,-0.051320802,-0.514965534,64.2924881,-0.775852382,1.906149864,0.33766377,-0.051320802,-0.514965534
9.450000449,0.05852937,0.071373701,0.077642977,0.096378714,0.038034376,-0.000542266,-0.299388915,-0.371774077,-0.389976025,-0.459661484,-0.161621571,0.023280295,66.9005127,-0.406645149,2.090928793,0.399943888,-0.030094884,-0.519732237,66.9005127,-0.406645149,2.090928793,0.399943888,-0.030094884,-0.519732237,66.9005127,-0.406645149,2.090928793,0.399943888,-0.030094884,-0.519732237
9.460000449,0.055592649,0.067783117,0.073839486,0.091883093,0.036432322,-0.000308864,-0.292220801,-0.355843693,-0.377973974,-0.447010189,-0.159808174,0.023346459,68.52939606,-0.279660881,2.161201,0.425741404,-0.009223494,-0.525575578,68.52939606,-0.279660881,2.161201,0.425741404,-0.009223494,-0.525575578,68.52939606,-0.279660881,2.161201,0.425741404,-0.009223494,-0.525575578
9.47000045,0.052728407,0.064344168,0.070151389,0.087511688,0.034853991,-7.63E-05,-0.284977287,-0.340962499,-0.366532236,-0.434697658,-0.157287747,0.023223836,69.19660187,-0.371503353,2.145520449,0.419301957,0.007324175,-0.531027436,69.19660187,-0.371503353,2.145520449,0.419301957,0.007324175,-0.531027436,69.19660187,-0.371503353,2.145520449,0.419301957,0.007324175,-0.531027436
9.48000045,0.049936406,0.061036497,0.066572487,0.083256632,0.033306058,0.0001537,-0.277751863,-0.328339219,-0.35575673,-0.423261046,-0.15414916,0.022936311,68.91956329,-0.621588349,2.056255341,0.386451006,0.016593248,-0.535083473,68.91956329,-0.621588349,2.056255341,0.386451006,0.016593248,-0.535083473,68.91956329,-0.621588349,2.056255341,0.386451006,0.016593248,-0.535083473
9.490000451,0.047215931,0.057834417,0.063089192,0.079105526,0.031792697,0.000379846,-0.27063331,-0.318303794,-0.34655109,-0.413138896,-0.150632903,0.02252857,67.75322723,-0.955833793,1.901045561,0.334521294,0.017259317,-0.537346423,67.75322723,-0.955833793,1.901045561,0.334521294,0.017259317,-0.537346423,67.75322723,-0.955833793,1.901045561,0.334521294,0.017259317,-0.537346423
9.500000451,0.044565193,0.054713994,0.05967601,0.075042635,0.030315097,0.000601329,-0.26370582,-0.310577899,-0.340142906,-0.40465796,-0.147030354,0.022049967,65.73971558,-1.31459105,1.699985027,0.271001399,0.010208548,-0.537861705,65.73971558,-1.31459105,1.699985027,0.271001399,0.010208548,-0.537861705,65.73971558,-1.31459105,1.699985027,0.271001399,0.010208548,-0.537861705
9.510000452,0.041981451,0.051654607,0.056300242,0.071049839,0.028872248,0.000817879,-0.257047862,-0.304871529,-0.337111086,-0.398031652,-0.143603519,0.021555888,62.94335556,-1.664989114,1.489884019,0.203027412,-0.002360109,-0.536919296,62.94335556,-1.664989114,1.489884019,0.203027412,-0.002360109,-0.536919296,62.94335556,-1.664989114,1.489884019,0.203027412,-0.002360109,-0.536919296
9.520000452,0.039466493,0.048657209,0.052987535,0.067139298,0.027460154,0.001030887,-0.250074655,-0.298395604,-0.329481781,-0.389159322,-0.140626296,0.021249019,67.74101257,-0.989171505,1.982964873,0.358693153,0.012786306,-0.537517607,67.74101257,-0.989171505,1.982964873,0.358693153,0.012786306,-0.537517607,67.74101257,-0.989171505,1.982964873,0.358693153,0.012786306,-0.537517607
9.530000453,0.037024491,0.045739204,0.049794514,0.063340336,0.026074406,0.001242465,-0.242702231,-0.290060461,-0.316523641,-0.377437383,-0.138085365,0.021144509,71.70147705,-0.344384193,2.419912815,0.496798605,0.027747214,-0.538425446,71.70147705,-0.344384193,2.419912815,0.496798605,0.027747214,-0.538425446,71.70147705,-0.344384193,2.419912815,0.496798605,0.027747214,-0.538425446
9.540000453,0.034658782,0.042926341,0.046745855,0.059674397,0.024712618,0.001453562,-0.235026062,-0.278957456,-0.30192253,-0.363803715,-0.135704994,0.021102723,74.66600037,0.19058235,2.696885347,0.594257295,0.044179015,-0.540737331,74.66600037,0.19058235,2.696885347,0.594257295,0.044179015,-0.540737331,74.66600037,0.19058235,2.696885347,0.594257295,0.044179015,-0.540737331
9.550000454,0.032371514,0.040248185,0.043830831,0.056151643,0.023376044,0.001663631,-0.227149382,-0.26488322,-0.288996279,-0.34936589,-0.133132085,0.020977516,76.57537079,0.54568696,2.81362915,0.644881308,0.061543506,-0.544183075,76.57537079,0.54568696,2.81362915,0.644881308,0.061543506,-0.544183075,76.57537079,0.54568696,2.81362915,0.644881308,0.061543506,-0.544183075
9.560000454,0.030163698,0.037724167,0.04102667,0.05277206,0.022068735,0.00187135,-0.219176292,-0.249223858,-0.278378755,-0.335128039,-0.130105108,0.020712957,77.42946625,0.664793849,2.828781128,0.652782738,0.077237375,-0.547660708,77.42946625,0.664793849,2.828781128,0.652782738,0.077237375,-0.547660708,77.42946625,0.664793849,2.828781128,0.652782738,0.077237375,-0.547660708
9.570000455,0.028035693,0.035351068,0.038321812,0.049527302,0.020796057,0.002075585,-0.211208344,-0.234404415,-0.268540561,-0.321867615,-0.126533523,0.020345775,77.25756073,0.54285562,2.792256832,0.626570582,0.088251188,-0.550168097,77.25756073,0.54285562,2.792256832,0.626570582,0.088251188,-0.550168097,77.25756073,0.54285562,2.792256832,0.626570582,0.088251188,-0.550168097
9.580000455,0.025986545,0.03310445,0.035718877,0.046403304,0.019562777,0.002275797,-0.203344092,-0.222379163,-0.258190125,-0.310095608,-0.122503206,0.0199388,76.08972931,0.243991807,2.71037364,0.576351225,0.092309125,-0.551375151,76.08972931,0.243991807,2.71037364,0.576351225,0.092309125,-0.551375151,76.08972931,0.243991807,2.71037364,0.576351225,0.092309125,-0.551375151
9.590000456,0.024014525,0.030952526,0.033218104,0.043383256,0.018371876,0.002471844,-0.195676848,-0.213554204,-0.248060912,-0.300075531,-0.11822401,0.019520067,73.98720551,-0.131825194,2.562655926,0.511718094,0.088673942,-0.551505923,73.98720551,-0.131825194,2.562655926,0.511718094,0.088673942,-0.551505923,73.98720551,-0.131825194,2.562655926,0.511718094,0.088673942,-0.551505923
9.600000456,0.022116952,0.02886988,0.030799467,0.040448681,0.017223831,0.002663518,-0.188294023,-0.207044259,-0.240464076,-0.291900843,-0.113956705,0.019078743,71.01166534,-0.505437136,2.345139503,0.440348297,0.078059949,-0.550897181,71.01166534,-0.505437136,2.345139503,0.440348297,0.078059949,-0.550897181,71.01166534,-0.505437136,2.345139503,0.440348297,0.078059949,-0.550897181
9.610000456,0.020290308,0.026841177,0.028422792,0.037581101,0.016116496,0.00285058,-0.181275815,-0.201887965,-0.237202615,-0.285566747,-0.109944507,0.018610992,67.2377243,-0.848514676,2.096152782,0.368637472,0.062328171,-0.549625337,67.2377243,-0.848514676,2.096152782,0.368637472,0.062328171,-0.549625337,67.2377243,-0.848514676,2.096152782,0.368637472,0.062328171,-0.549625337
9.620000457,0.018535249,0.024865163,0.026109356,0.034794822,0.015046451,0.003033417,-0.174037009,-0.196505263,-0.229544878,-0.276713282,-0.106288597,0.018206073,71.0586853,-0.314534545,2.524414063,0.51580286,0.075570047,-0.552223027,71.0586853,-0.314534545,2.524414063,0.51580286,0.075570047,-0.552223027,71.0586853,-0.314534545,2.524414063,0.51580286,0.075570047,-0.552223027
9.630000457,0.016854994,0.022950841,0.0239168,0.03212215,0.014010314,0.003212797,-0.166492537,-0.190112144,-0.216413856,-0.264742017,-0.102963366,0.017875208,74.05488586,0.199554294,2.90354991,0.644915342,0.088169776,-0.554579318,74.05488586,0.199554294,2.90354991,0.644915342,0.088169776,-0.554579318,74.05488586,0.199554294,2.90354991,0.644915342,0.088169776,-0.554579318
9.640000458,0.015252041,0.021118594,0.021868605,0.029585853,0.013006244,0.00338875,-0.15873602,-0.181363523,-0.201893345,-0.250778854,-0.099772379,0.017522816,76.07741547,0.642759919,3.123201132,0.730890572,0.101033628,-0.557147026,76.07741547,0.642759919,3.123201132,0.730890572,0.101033628,-0.557147026,76.07741547,0.642759919,3.123201132,0.730890572,0.101033628,-0.557147026
9.650000458,0.013727592,0.019398702,0.01994719,0.027194932,0.012034956,0.003560292,-0.150868177,-0.16947183,-0.189861476,-0.236159667,-0.09645763,0.017055178,77.07332611,0.950541556,3.184620142,0.767738521,0.113615215,-0.55962801,77.07332611,0.950541556,3.184620142,0.767738521,0.113615215,-0.55962801,77.07332611,0.950541556,3.184620142,0.767738521,0.113615215,-0.55962801
9.660000459,0.012281941,0.017814649,0.018120784,0.024946466,0.011099283,0.003726231,-0.142989352,-0.155551329,-0.180992201,-0.222053468,-0.092825241,0.01647363,77.05519104,1.051258445,3.158668518,0.76150322,0.124027289,-0.561198175,77.05519104,1.051258445,3.158668518,0.76150322,0.124027289,-0.561198175,77.05519104,1.051258445,3.158668518,0.76150322,0.124027289,-0.561198175
9.670000459,0.010914432,0.016366495,0.01637407,0.022828534,0.010202948,0.003886113,-0.13519673,-0.142186135,-0.173114091,-0.209297106,-0.088811874,0.015866987,76.05532074,0.921898186,3.107000828,0.72310102,0.130038813,-0.561336339,76.05532074,0.921898186,3.107000828,0.72310102,0.130038813,-0.561336339,76.05532074,0.921898186,3.107000828,0.72310102,0.130038813,-0.561336339
9.68000046,0.009623455,0.015030367,0.01471417,0.02082397,0.00934929,0.004040415,-0.127582997,-0.131633431,-0.164137572,-0.198349133,-0.084491901,0.015324643,74.12185669,0.619772911,3.033901691,0.664435446,0.130024984,-0.560290396,74.12185669,0.619772911,3.033901691,0.664435446,0.130024984,-0.560290396,74.12185669,0.619772911,3.033901691,0.664435446,0.130024984,-0.560290396
9.69000046,0.008406507,0.013773395,0.013149697,0.018913344,0.008539949,0.004189948,-0.120235272,-0.124378309,-0.154501826,-0.18933323,-0.080042146,0.014862173,71.31629944,0.249534428,2.903570652,0.595850468,0.123438247,-0.558784246,71.31629944,0.249534428,2.903570652,0.595850468,0.123438247,-0.558784246,71.31629944,0.249534428,2.903570652,0.595850468,0.123438247,-0.558784246
9.700000461,0.00726031,0.012571109,0.011666644,0.017078236,0.007774476,0.004335085,-0.113233991,-0.119286694,-0.146888644,-0.182146013,-0.075678632,0.014426984,67.70995331,-0.102495372,2.696813107,0.525307357,0.111074947,-0.557361066,67.70995331,-0.102495372,2.696813107,0.525307357,0.111074947,-0.557361066,67.70995331,-0.102495372,2.696813107,0.525307357,0.111074947,-0.557361066
9.710000461,0.006180795,0.011412336,0.010225195,0.01530166,0.007050458,0.004475723,-0.106652148,-0.115058228,-0.143701583,-0.176621169,-0.071599148,0.01397069,63.37976074,-0.411539227,2.447301388,0.45745936,0.094605528,-0.555969119,63.37976074,-0.411539227,2.447301388,0.45745936,0.094605528,-0.555969119,63.37976074,-0.411539227,2.447301388,0.45745936,0.094605528,-0.555969119
9.720000462,0.00516759,0.010294361,0.008839983,0.013596639,0.006364617,0.004611562,-0.099976443,-0.110987239,-0.136938319,-0.16881001,-0.067847542,0.013485932,65.7117691,-0.04197662,2.772956133,0.577505231,0.102643594,-0.55989337,65.7117691,-0.04197662,2.772956133,0.577505231,0.102643594,-0.55989337,65.7117691,-0.04197662,2.772956133,0.577505231,0.102643594,-0.55989337
9.730000462,0.004222514,0.009219749,0.007560689,0.01199244,0.005713824,0.004742349,-0.093132153,-0.106557235,-0.125454441,-0.158184931,-0.064401574,0.012976921,67.32141876,0.318869501,3.061071873,0.682033777,0.110111877,-0.563243866,67.32141876,0.318869501,3.061071873,0.682033777,0.110111877,-0.563243866,67.32141876,0.318869501,3.061071873,0.682033777,0.110111877,-0.563243866
9.740000463,0.003346629,0.008203013,0.006405775,0.01050888,0.005096141,0.004867474,-0.086200215,-0.100347579,-0.112993345,-0.145823091,-0.061116461,0.012391355,68.09163666,0.642597497,3.212712288,0.748065889,0.117654324,-0.56592989,68.09163666,0.642597497,3.212712288,0.748065889,0.117654324,-0.56592989,68.09163666,0.642597497,3.212712288,0.748065889,0.117654324,-0.56592989
9.750000463,0.002540104,0.007270215,0.005355809,0.009153143,0.004511479,0.004985804,-0.07926622,-0.091363207,-0.103162088,-0.133001477,-0.057798333,0.011686444,67.9934845,0.875449419,3.231064081,0.770730674,0.124851689,-0.56765157,67.9934845,0.875449419,3.231064081,0.770730674,0.124851689,-0.56765157,67.9934845,0.875449419,3.231064081,0.770730674,0.124851689,-0.56765157
9.760000464,0.001802296,0.006443498,0.004378531,0.007920787,0.003961403,0.00509643,-0.072414592,-0.080412261,-0.096527681,-0.120833188,-0.054297581,0.010903555,67.04354095,0.947878897,3.183678389,0.75595057,0.130359635,-0.567893326,67.04354095,0.947878897,3.183678389,0.75595057,0.130359635,-0.567893326,67.04354095,0.947878897,3.183678389,0.75595057,0.130359635,-0.567893326
9.770000464,0.001131732,0.005724696,0.003458686,0.006799072,0.003448214,0.005199442,-0.065726064,-0.069787741,-0.090870321,-0.110082887,-0.050562132,0.010153313,65.27922821,0.830361903,3.129150391,0.714574933,0.132516816,-0.566548586,65.27922821,0.830361903,3.129150391,0.714574933,0.132516816,-0.566548586,65.27922821,0.830361903,3.129150391,0.714574933,0.132516816,-0.566548586
9.780000465,0.000526168,0.005093602,0.002604567,0.005770728,0.002973858,0.005295927,-0.059276469,-0.061582625,-0.083963186,-0.101113662,-0.046645544,0.009529172,62.75285339,0.567778528,3.069770098,0.658099353,0.130090326,-0.564225137,62.75285339,0.567778528,3.069770098,0.658099353,0.130090326,-0.564225137,62.75285339,0.567778528,3.069770098,0.658099353,0.130090326,-0.564225137
9.790000465,-1.73E-05,0.004521532,0.001828197,0.004817754,0.002539139,0.005387212,-0.053135898,-0.05625622,-0.076010659,-0.093933679,-0.042678595,0.009037339,59.5263443,0.252340049,2.966802359,0.596229076,0.122734189,-0.56186378,59.5263443,0.252340049,2.966802359,0.596229076,0.122734189,-0.56186378,59.5263443,0.252340049,2.966802359,0.596229076,0.122734189,-0.56186378
9.800000465,-0.000502405,0.003987981,0.001120962,0.003923818,0.002143245,0.00547413,-0.047368083,-0.052702542,-0.069503188,-0.08833684,-0.038824752,0.008608077,55.66810226,-0.038511377,2.795046329,0.53544569,0.111005597,-0.560057998,55.66810226,-0.038511377,2.795046329,0.53544569,0.111005597,-0.560057998,55.66810226,-0.038511377,2.795046329,0.53544569,0.111005597,-0.560057998
9.810000466,-0.000933202,0.003485716,0.000449024,0.003075063,0.001783842,0.005556727,-0.042029478,-0.049618617,-0.066830672,-0.084073663,-0.035234306,0.008170633,51.25258255,-0.285244942,2.580565453,0.479119807,0.096198499,-0.558767438,51.25258255,-0.285244942,2.580565453,0.479119807,0.096198499,-0.558767438,51.25258255,-0.285244942,2.580565453,0.479119807,0.096198499,-0.558767438
9.820000466,-0.001311285,0.003011539,-0.000181886,0.002279691,0.001457287,0.005634526,-0.036751252,-0.046886157,-0.061965462,-0.078291655,-0.032031473,0.00767787,51.63061523,-0.092458889,2.773747206,0.554335177,0.095613442,-0.562306166,51.63061523,-0.092458889,2.773747206,0.554335177,0.095613442,-0.562306166,51.63061523,-0.092458889,2.773747206,0.554335177,0.095613442,-0.562306166
9.830000467,-0.001636622,0.002563506,-0.000737664,0.001557578,0.001159685,0.005706946,-0.031479727,-0.044285733,-0.053823747,-0.070600405,-0.029210679,0.007132776,51.48637009,0.099479333,2.947403193,0.619632602,0.095183723,-0.565270603,51.48637009,0.099479333,2.947403193,0.619632602,0.095183723,-0.565270603,51.48637009,0.099479333,2.947403193,0.619632602,0.095183723,-0.565270603
9.840000467,-0.001909727,0.002148836,-0.001205914,0.000921794,0.000888247,0.005773331,-0.02627215,-0.04069886,-0.045076691,-0.061775375,-0.026637958,0.006515162,50.75120163,0.280631006,3.028584242,0.658443451,0.095899239,-0.567340672,50.75120163,0.280631006,3.028584242,0.658443451,0.095899239,-0.567340672,50.75120163,0.280631006,3.028584242,0.658443451,0.095899239,-0.567340672
9.850000468,-0.002131717,0.001784948,-0.001602557,0.000376295,0.000641879,0.005832891,-0.02118754,-0.035207465,-0.038442351,-0.052742224,-0.024138335,0.005812074,49.41989899,0.416777611,3.018178701,0.667399347,0.097572252,-0.568307519,49.41989899,0.416777611,3.018178701,0.667399347,0.097572252,-0.568307519,49.41989899,0.416777611,3.018178701,0.667399347,0.097572252,-0.568307519
9.860000468,-0.00230428,0.001488184,-0.001953546,-8.33E-05,0.000420981,0.005885059,-0.016282691,-0.028226601,-0.03439169,-0.044302545,-0.021573154,0.005067702,47.51820755,0.45508495,2.966746092,0.650978088,0.099096902,-0.567959964,47.51820755,0.45508495,2.966746092,0.650978088,0.099096902,-0.567959964,47.51820755,0.45508495,2.966746092,0.650978088,0.099096902,-0.567959964
9.870000469,-0.002429629,0.001261023,-0.00227179,-0.000467375,0.00022673,0.005930165,-0.01161034,-0.021362422,-0.031203588,-0.036993582,-0.018881394,0.004374977,45.08699799,0.368031353,2.919597864,0.617207706,0.099062584,-0.566328704,45.08699799,0.368031353,2.919597864,0.617207706,0.099062584,-0.566328704,45.08699799,0.368031353,2.919597864,0.617207706,0.099062584,-0.566328704
9.880000469,-0.002510482,0.001089686,-0.002550926,-0.00078915,6.02E-05,0.00596934,-0.007218466,-0.016175361,-0.027023111,-0.031042656,-0.016084876,0.003809063,42.175457,0.182629898,2.879158735,0.57457757,0.09636575,-0.564020872,42.175457,0.182629898,2.879158735,0.57457757,0.09636575,-0.564020872,42.175457,0.182629898,2.879158735,0.57457757,0.09636575,-0.564020872
9.89000047,-0.002549985,0.000953821,-0.002779801,-0.001061957,-7.81E-05,0.006003911,-0.003149861,-0.013042989,-0.021805344,-0.026404927,-0.013266823,0.003372902,38.8391037,-0.036154151,2.814118385,0.530015886,0.090553895,-0.561854601,38.8391037,-0.036154151,2.814118385,0.530015886,0.090553895,-0.561854601,38.8391037,-0.036154151,2.814118385,0.530015886,0.090553895,-0.561854601
9.90000047,-0.002551669,0.000839059,-0.002961677,-0.001297336,-0.000188842,0.006034682,0.000558203,-0.011134899,-0.017341847,-0.022873823,-0.010536974,0.003005201,35.13637543,-0.231981412,2.70076561,0.487891018,0.081893161,-0.560346425,35.13637543,-0.231981412,2.70076561,0.487891018,0.081893161,-0.560346425,35.13637543,-0.231981412,2.70076561,0.487891018,0.081893161,-0.560346425
9.910000471,-0.002519393,0.000741479,-0.003119234,-0.001504503,-0.000273813,0.006061832,0.003874445,-0.009412687,-0.015509774,-0.020218665,-0.007997666,0.002641981,31.12848091,-0.391066432,2.553848028,0.45009011,0.071198761,-0.559405327,31.12848091,-0.391066432,2.553848028,0.45009011,0.071198761,-0.559405327,31.12848091,-0.391066432,2.553848028,0.45009011,0.071198761,-0.559405327
9.920000471,-0.002455929,0.000658921,-0.003257897,-0.001684047,-0.000337608,0.006085525,0.006954937,-0.007984925,-0.013400579,-0.017365329,-0.006006577,0.002299099,29.16332817,-0.373862624,2.59275341,0.464129239,0.058708906,-0.559660375,29.16332817,-0.373862624,2.59275341,0.464129239,0.058708906,-0.559660375,29.16332817,-0.373862624,2.59275341,0.464129239,0.058708906,-0.559660375
9.930000472,-0.002363356,0.000587548,-0.003365997,-0.00183187,-0.000386113,0.006106014,0.009821913,-0.006944579,-0.010101291,-0.01411756,-0.004589346,0.001987528,26.96522141,-0.353895843,2.635746479,0.476987958,0.04778745,-0.559884846,26.96522141,-0.353895843,2.635746479,0.476987958,0.04778745,-0.559884846,26.96522141,-0.353895843,2.635746479,0.476987958,0.04778745,-0.559884846
9.940000472,-0.002243997,0.000526712,-0.003438343,-0.001945626,-0.00042372,0.006123523,0.012452107,-0.005860595,-0.00651509,-0.010682694,-0.003571415,0.00168884,24.53059006,-0.328816444,2.64888525,0.482694268,0.040505853,-0.560084939,24.53059006,-0.328816444,2.64888525,0.482694268,0.040505853,-0.560084939,24.53059006,-0.328816444,2.64888525,0.482694268,0.040505853,-0.560084939
9.950000473,-0.002100395,0.000480989,-0.003481683,-0.002025532,-0.00045274,0.006137917,0.014824002,-0.004217373,-0.003847766,-0.007322798,-0.002741958,0.001377401,21.88304329,-0.306340903,2.627313614,0.479839623,0.036928032,-0.560256064,21.88304329,-0.306340903,2.627313614,0.479839623,0.036928032,-0.560256064,21.88304329,-0.306340903,2.627313614,0.479839623,0.036928032,-0.560256064
9.960000473,-0.001935282,0.000456471,-0.00350878,-0.002074191,-0.000473686,0.006149108,0.01691941,-0.001981501,-0.00249281,-0.004269952,-0.001932236,0.001053846,19.05739975,-0.307057261,2.590456247,0.469667435,0.035857037,-0.560158312,19.05739975,-0.307057261,2.590456247,0.469667435,0.035857037,-0.560158312,19.05739975,-0.307057261,2.590456247,0.469667435,0.035857037,-0.560158312
9.970000474,-0.001751536,0.00045499,-0.003527966,-0.002096014,-0.000485985,0.00615717,0.018724125,0.000306594,-0.001797674,-0.001684044,-0.001049932,0.000746184,16.0935421,-0.347001761,2.560250044,0.454621464,0.035697203,-0.559722066,16.0935421,-0.347001761,2.560250044,0.454621464,0.035697203,-0.559722066,16.0935421,-0.347001761,2.560250044,0.454621464,0.035697203,-0.559722066
9.980000474,-0.00155214,0.000471759,-0.003538285,-0.002096208,-0.000488746,0.006162534,0.020228047,0.001982081,-0.000816582,0.000369158,-7.82E-05,0.0004868,13.03266335,-0.42147851,2.541662931,0.43743518,0.035103392,-0.559030175,13.03266335,-0.42147851,2.541662931,0.43743518,0.035103392,-0.559030175,13.03266335,-0.42147851,2.541662931,0.43743518,0.035103392,-0.559030175
9.990000474,-0.001340156,0.000498471,-0.003534194,-0.002079958,-0.000481349,0.006165753,0.021425093,0.002799311,0.000746683,0.001914051,0.000946467,0.000283399,9.916176796,-0.506994665,2.521938801,0.420359224,0.033303,-0.558369339,9.916176796,-0.506994665,2.521938801,0.420359224,0.033303,-0.558369339,9.916176796,-0.506994665,2.521938801,0.420359224,0.033303,-0.558369339
