sim_time_s,q1,q2,q3,q4,q5,q6,qd1,qd2,qd3,qd4,qd5,qd6,i1,i2,i3,i4,i5,i6,id1,id2,id3,id4,id5,id6,tau1,tau2,tau3,tau4,tau5,tau6
0.05000000260770321,0.0024759124498814344,-1.571812629699707,-0.003149667289108038,-1.577406883239746,-0.00031301710987463593,-0.0001551504828967154,0.0608634278178215,-0.04501119256019592,-0.07197858393192291,-0.1439870148897171,0.0024545493070036173,-0.0011501030530780554,57.52050018310547,1500.0,54.411293029785156,1500.0,127.82576751708984,10.790104866027832,57.52050018310547,1500.0,54.411293029785156,1500.0,127.82576751708984,10.790104866027832,57.52050018310547,1500.0,54.411293029785156,1500.0,127.82576751708984,10.790104866027832
0.06666667014360428,0.002951828297227621,-1.5721468925476074,-0.003691120306029916,-1.5783716440200806,-0.00024833023780956864,-0.00015113083645701408,0.010447537526488304,-0.006191907450556755,-0.01055469922721386,-0.02121092565357685,0.0009518791339360178,0.0001126408387790434,-1500.0,1500.0,1500.0,1500.0,-71.00447082519531,62.95446014404297,-1500.0,1500.0,1500.0,1500.0,-71.00447082519531,62.95446014404297,-1500.0,1500.0,1500.0,1500.0,-71.00447082519531,62.95446014404297
0.08333333767950535,0.0030863971915096045,-1.5721256732940674,-0.003746237838640809,-1.5783685445785522,-0.0001827930100262165,-0.0001298490387853235,0.0037348363548517227,0.004553827922791243,0.0017796584870666265,0.002902971813455224,0.0013601151295006275,0.0007866457453928888,-370.6833801269531,513.6500854492188,622.361572265625,1227.44677734375,15.937362670898438,30.555238723754883,-370.6833801269531,513.6500854492188,622.361572265625,1227.44677734375,15.937362670898438,30.555238723754883,-370.6833801269531,513.6500854492188,622.361572265625,1227.44677734375,15.937362670898438,30.555238723754883
0.10000000521540642,0.003128682728856802,-1.5720343589782715,-0.0036921186838299036,-1.578151822090149,-0.00012119943130528554,-0.00010677946556825191,0.0014793043956160545,0.006169999483972788,0.004425748251378536,0.008095642551779747,0.001236752257682383,0.0008201164891943336,-107.55806732177734,82.9719009399414,131.1920166015625,262.7669372558594,-3.013566017150879,2.7437708377838135,-107.55806732177734,82.9719009399414,131.1920166015625,262.7669372558594,-3.013566017150879,2.7437708377838135,-107.55806732177734,82.9719009399414,131.1920166015625,262.7669372558594,-3.013566017150879,2.7437708377838135
0.11666667275130749,0.0032841451466083527,-1.5718331336975098,-0.0036254464648663998,-1.577918291091919,-3.3969547075685114e-05,-7.189880852820352e-05,0.007661913521587849,0.013333757407963276,0.005724022630602121,0.009704716503620148,0.0027126327622681856,0.0015233003068715334,219.01084899902344,321.2154846191406,96.67340087890625,157.93325805664062,61.549835205078125,30.400707244873047,219.01084899902344,321.2154846191406,96.67340087890625,157.93325805664062,61.549835205078125,30.400707244873047,219.01084899902344,321.2154846191406,96.67340087890625,157.93325805664062,61.549835205078125,30.400707244873047
0.13333334028720856,0.003405391238629818,-1.5716092586517334,-0.003524459432810545,-1.5776259899139404,5.010853419662453e-05,-3.714644117280841e-05,0.006776608992367983,0.013699223287403584,0.006555215921252966,0.011279463768005371,0.0026072044856846333,0.0015080696903169155,-34.51200866699219,26.61615753173828,42.075538635253906,84.22908020019531,-0.9745779037475586,0.8781294822692871,-34.51200866699219,26.61615753173828,42.075538635253906,84.22908020019531,-0.9745779037475586,0.8781294822692871,-34.51200866699219,26.61615753173828,42.075538635253906,84.22908020019531,-0.9745779037475586,0.8781294822692871
0.15000000782310963,0.0036531828809529543,-1.5712835788726807,-0.0034265201538801193,-1.5773463249206543,0.000160035167937167,5.358954240364255e-06,0.013314426876604557,0.020721569657325745,0.007455102168023586,0.012214446440339088,0.004079945385456085,0.0019780383445322514,239.921630859375,318.21038818359375,78.31232452392578,125.47200012207031,62.41719055175781,21.300067901611328,239.921630859375,318.21038818359375,78.31232452392578,125.47200012207031,62.41719055175781,21.300067901611328,239.921630859375,318.21038818359375,78.31232452392578,125.47200012207031,62.41719055175781,21.300067901611328
0.1666666753590107,0.00386659218929708,-1.5709391832351685,-0.0032965808641165495,-1.5770118236541748,0.00026638564304448664,4.7549026930937544e-05,0.01237232144922018,0.02093823440372944,0.00821410771459341,0.013661060482263565,0.003953221719712019,0.0019544390961527824,-31.502777099609375,24.28934097290039,38.39929962158203,76.88607788085938,-0.8895107507705688,0.8011066913604736,-31.502777099609375,24.28934097290039,38.39929962158203,76.88607788085938,-0.8895107507705688,0.8011066913604736,-31.502777099609375,24.28934097290039,38.39929962158203,76.88607788085938,-0.8895107507705688,0.8011066913604736
0.18333334289491177,0.004235111176967621,-1.5704714059829712,-0.0031732863280922174,-1.576695442199707,0.0004038716433569789,9.496513666817918e-05,0.020328974351286888,0.0294440109282732,0.009210847318172455,0.014773869886994362,0.005720615386962891,0.002274531638249755,295.396240234375,387.9302062988281,90.64151000976562,148.94281005859375,75.13418579101562,15.657959938049316,295.396240234375,387.9302062988281,90.64151000976562,148.94281005859375,75.13418579101562,15.657959938049316,295.396240234375,387.9302062988281,90.64151000976562,148.94281005859375,75.13418579101562,15.657959938049316
0.20000001043081284,0.004560736007988453,-1.5699820518493652,-0.0030112797394394875,-1.576312780380249,0.0005368788843043149,0.00014204895705915987,0.019119225442409515,0.029635252431035042,0.010127193294465542,0.016551343724131584,0.0055628325790166855,0.0022500453051179647,-37.610633850097656,28.988048553466797,45.84013366699219,91.77516174316406,-1.0610010623931885,0.9576141834259033,-37.610633850097656,28.988048553466797,45.84013366699219,91.77516174316406,-1.0610010623931885,0.9576141834259033,-37.610633850097656,28.988048553466797,45.84013366699219,91.77516174316406,-1.0610010623931885,0.9576141834259033
0.2166666779667139,0.005137820262461901,-1.5692956447601318,-0.002863760106265545,-1.5759600400924683,0.000719745468813926,0.0001896979520097375,0.03194683790206909,0.04335138574242592,0.011605782434344292,0.01842999830842018,0.008381500840187073,0.0022946821991354227,475.05145263671875,623.2308349609375,139.56631469726562,238.4375762939453,118.33551788330078,5.247251510620117,475.05145263671875,623.2308349609375,139.56631469726562,238.4375762939453,118.33551788330078,5.247251510620117,475.05145263671875,623.2308349609375,139.56631469726562,238.4375762939453,118.33551788330078,5.247251510620117
0.23333334550261497,0.005646747536957264,-1.568571925163269,-0.0026539608370512724,-1.5755009651184082,0.0008959667175076902,0.0002372446469962597,0.030031202360987663,0.043712276965379715,0.013111410662531853,0.021405771374702454,0.008165689185261726,0.0022829866502434015,-61.13644027709961,47.129241943359375,74.52198028564453,149.18179321289062,-1.7258803844451904,1.5558161735534668,-61.13644027709961,47.129241943359375,74.52198028564453,149.18179321289062,-1.7258803844451904,1.5558161735534668,-61.13644027709961,47.129241943359375,74.52198028564453,149.18179321289062,-1.7258803844451904,1.5558161735534668
0.25000001303851604,0.0063656894490122795,-1.5676772594451904,-0.002453017979860306,-1.5750559568405151,0.0011137572582811117,0.00027820715331472456,0.040852077305316925,0.055509522557258606,0.014393645338714123,0.023285990580916405,0.010510821826756,0.001891592051833868,410.5530090332031,547.00732421875,121.53545379638672,217.52984619140625,101.07229614257812,-12.719254493713379,410.5530090332031,547.00732421875,121.53545379638672,217.52984619140625,101.07229614257812,-12.719254493713379,410.5530090332031,547.00732421875,121.53545379638672,217.52984619140625,101.07229614257812,-12.719254493713379
0.2666666805744171,0.007020305842161179,-1.566753625869751,-0.0021974483970552683,-1.5745165348052979,0.0013246171874925494,0.00031909040990285575,0.03894142061471939,0.05555456876754761,0.0156698115170002,0.025814805179834366,0.010264531709253788,0.0018827540334314108,-51.039669036865234,39.33087158203125,62.208351135253906,124.52073669433594,-1.4446325302124023,1.2980284690856934,-51.039669036865234,39.33087158203125,62.208351135253906,124.52073669433594,-1.4446325302124023,1.2980284690856934,-51.039669036865234,39.33087158203125,62.208351135253906,124.52073669433594,-1.4446325302124023,1.2980284690856934
0.2833333481103182,0.007909624837338924,-1.5656431913375854,-0.001956535503268242,-1.5739994049072266,0.0015809247270226479,0.0003458036808297038,0.05095063894987106,0.06857787817716599,0.01691747084259987,0.027805227786302567,0.012817390263080597,0.0010376189602538943,461.3800048828125,607.4019775390625,126.06692504882812,233.47996520996094,110.81485748291016,-31.35034942626953,461.3800048828125,607.4019775390625,126.06692504882812,233.47996520996094,110.81485748291016,-31.35034942626953,461.3800048828125,607.4019775390625,126.06692504882812,233.47996520996094,110.81485748291016,-31.35034942626953
0.30000001564621925,0.008726148866117,-1.564504623413086,-0.0016555206384509802,-1.5733788013458252,0.001829183311201632,0.00037270368193276227,0.0487452857196331,0.06850866973400116,0.01831078715622425,0.030578648671507835,0.01252972986549139,0.0010460364865139127,-54.56147766113281,42.052268981933594,66.5240249633789,133.1778564453125,-1.551783561706543,1.386521577835083,-54.56147766113281,42.052268981933594,66.5240249633789,133.1778564453125,-1.551783561706543,1.386521577835083,-54.56147766113281,42.052268981933594,66.5240249633789,133.1778564453125,-1.551783561706543,1.386521577835083
0.3166666831821203,0.009897241368889809,-1.5630849599838257,-0.0013826106442138553,-1.572794795036316,0.0021449518389999866,0.00036663515493273735,0.06678646802902222,0.08807224780321121,0.01996258832514286,0.033589910715818405,0.016303762793540955,-0.0009235453908331692,685.9320068359375,903.0377807617188,177.76425170898438,345.66143798828125,161.23565673828125,-76.92462158203125,685.9320068359375,903.0377807617188,177.76425170898438,345.66143798828125,161.23565673828125,-76.92462158203125,685.9320068359375,903.0377807617188,177.76425170898438,345.66143798828125,161.23565673828125,-76.92462158203125
0.3333333507180214,0.010963662527501583,-1.5616190433502197,-0.0010202579433098435,-1.572057843208313,0.002449717838317156,0.0003615393943618983,0.06368321180343628,0.08817759156227112,0.02208731696009636,0.03783552348613739,0.015940891578793526,-0.000866549089550972,-82.55900573730469,63.708126068115234,100.77578735351562,201.85067749023438,-2.3563995361328125,2.1013875007629395,-82.55900573730469,63.708126068115234,100.77578735351562,201.85067749023438,-2.3563995361328125,2.1013875007629395,-82.55900573730469,63.708126068115234,100.77578735351562,201.85067749023438,-2.3563995361328125,2.1013875007629395
0.35000001825392246,0.01230707485228777,-1.5599241256713867,-0.0006761177792213857,-1.5713340044021606,0.002807093318551779,0.0003196368634235114,0.07792152464389801,0.1039390116930008,0.023407168686389923,0.04060432314872742,0.018872886896133423,-0.003075971035286784,561.021240234375,746.3866577148438,142.70147705078125,292.3230895996094,129.79173278808594,-88.4649429321289,561.021240234375,746.3866577148438,142.70147705078125,292.3230895996094,129.79173278808594,-88.4649429321289,561.021240234375,746.3866577148438,142.70147705078125,292.3230895996094,129.79173278808594,-88.4649429321289
0.36666668578982353,0.013556300662457943,-1.5581986904144287,-0.00025814579566940665,-1.5704847574234009,0.0031535422895103693,0.0002791429578792304,0.07495944947004318,0.10353775322437286,0.025085797533392906,0.043958984315395355,0.018477391451597214,-0.002991671208292246,-62.247772216796875,48.13313293457031,76.14179229736328,152.61753845214844,-1.7831001281738281,1.5880411863327026,-62.247772216796875,48.13313293457031,76.14179229736328,152.61753845214844,-1.7831001281738281,1.5880411863327026,-62.247772216796875,48.13313293457031,76.14179229736328,152.61753845214844,-1.7831001281738281,1.5880411863327026
0.3833333533257246,0.015103266574442387,-1.5562325716018677,0.00013322311860974878,-1.569657802581787,0.0035551998298615217,0.00018997305596712977,0.09014856070280075,0.1202569454908371,0.026232847943902016,0.046737466007471085,0.021537426859140396,-0.005911577492952347,607.1006469726562,795.82568359375,138.08888244628906,297.8970031738281,136.67434692382812,-118.76350402832031,607.1006469726562,795.82568359375,138.08888244628906,297.8970031738281,136.67434692382812,-118.76350402832031,607.1006469726562,795.82568359375,138.08888244628906,297.8970031738281,136.67434692382812,-118.76350402832031
0.40000002086162567,0.016548389568924904,-1.5542364120483398,0.000602537882514298,-1.568698525428772,0.003944701515138149,0.00010299067798769102,0.08689488470554352,0.11966539174318314,0.02798650600016117,0.05024385452270508,0.02109592594206333,-0.005778075195848942,-62.34243392944336,48.41327667236328,76.55210876464844,153.6795654296875,-1.7933826446533203,1.5995413064956665,-62.34243392944336,48.41327667236328,76.55210876464844,153.6795654296875,-1.7933826446533203,1.5995413064956665,-62.34243392944336,48.41327667236328,76.55210876464844,153.6795654296875,-1.7933826446533203,1.5995413064956665
0.41666668839752674,0.018428804352879524,-1.5518910884857178,0.0010254131630063057,-1.5677778720855713,0.0044136084616184235,-6.992905400693417e-05,0.10899470001459122,0.14403770864009857,0.029367294162511826,0.05429147556424141,0.02547301910817623,-0.010931739583611488,866.9459838867188,1140.8189697265625,186.17623901367188,428.2921447753906,191.18243408203125,-210.67271423339844,866.9459838867188,1140.8189697265625,186.17623901367188,428.2921447753906,191.18243408203125,-210.67271423339844,866.9459838867188,1140.8189697265625,186.17623901367188,428.2921447753906,191.18243408203125,-210.67271423339844
0.4333333559334278,0.02017108164727688,-1.5494959354400635,0.00156020384747535,-1.5666675567626953,0.0048667252995073795,-0.00023905120906420052,0.10472189635038376,0.14362122118473053,0.03196224197745323,0.059484291821718216,0.024946950376033783,-0.010696942918002605,-92.26322174072266,72.11327362060547,114.02969360351562,229.56118774414062,-2.657567024230957,2.3906519412994385,-92.26322174072266,72.11327362060547,114.02969360351562,229.56118774414062,-2.657567024230957,2.3906519412994385,-92.26322174072266,72.11327362060547,114.02969360351562,229.56118774414062,-2.657567024230957,2.3906519412994385
0.4500000234693289,0.022239746525883675,-1.5468275547027588,0.002063532592728734,-1.5655691623687744,0.0053792367689311504,-0.0004883630317635834,0.1214689314365387,0.16250869631767273,0.032979633659124374,0.0630120262503624,0.02820497378706932,-0.015516391023993492,690.166748046875,911.5744018554688,138.7852783203125,342.6470031738281,149.02793884277344,-201.11129760742188,690.166748046875,911.5744018554688,138.7852783203125,342.6470031738281,149.02793884277344,-201.11129760742188,690.166748046875,911.5744018554688,138.7852783203125,342.6470031738281,149.02793884277344,-201.11129760742188
0.46666669100522995,0.02418733760714531,-1.5441309213638306,0.002656158059835434,-1.5643194913864136,0.005876518785953522,-0.0007328123319894075,0.11748228967189789,0.1614249348640442,0.03493732213973999,0.06692348420619965,0.027649087831377983,-0.015218144282698631,-62.461273193359375,49.34012985229492,77.95645141601562,157.60182189941406,-1.793447494506836,1.6390951871871948,-62.461273193359375,49.34012985229492,77.95645141601562,157.60182189941406,-1.793447494506836,1.6390951871871948,-62.461273193359375,49.34012985229492,77.95645141601562,157.60182189941406,-1.793447494506836,1.6390951871871948
0.483333358541131,0.026477117091417313,-1.5411529541015625,0.0032067461870610714,-1.5630931854248047,0.006434648763388395,-0.001072732382453978,0.13491225242614746,0.1810068041086197,0.035662658512592316,0.07036060839891434,0.03096301108598709,-0.020952580496668816,730.3643798828125,949.2361450195312,125.00212097167969,336.93133544921875,153.21302795410156,-241.40518188476562,730.3643798828125,949.2361450195312,125.00212097167969,336.93133544921875,153.21302795410156,-241.40518188476562,730.3643798828125,949.2361450195312,125.00212097167969,336.93133544921875,153.21302795410156,-241.40518188476562
0.5000000260770321,0.028640184551477432,-1.5381494760513306,0.003849371336400509,-1.5617116689682007,0.006976301781833172,-0.001406323630362749,0.1306799203157425,0.17966660857200623,0.03764848783612251,0.07433278858661652,0.030362393707036972,-0.02056306228041649,-58.42529296875,46.84269332885742,73.96513366699219,150.39413452148438,-1.669097900390625,1.5690643787384033,-58.42529296875,46.84269332885742,73.96513366699219,150.39413452148438,-1.669097900390625,1.5690643787384033,-58.42529296875,46.84269332885742,73.96513366699219,150.39413452148438,-1.669097900390625,1.5690643787384033
0.5166666936129332,0.03129320591688156,-1.534743070602417,0.004423152189701796,-1.5603716373443604,0.007604009006172419,-0.0018945829942822456,0.15556403994560242,0.207795649766922,0.038361627608537674,0.07927177101373672,0.03501933068037033,-0.029849139973521233,1014.8031616210938,1332.3707275390625,163.4171142578125,480.7227783203125,208.943359375,-388.578857421875,1014.8031616210938,1332.3707275390625,163.4171142578125,480.7227783203125,208.943359375,-388.578857421875,1014.8031616210938,1332.3707275390625,163.4171142578125,480.7227783203125,208.943359375,-388.578857421875
0.5333333611488342,0.03378240391612053,-1.5312899351119995,0.0051262895576655865,-1.5588117837905884,0.008211028762161732,-0.0023738816380500793,0.15030290186405182,0.20661801099777222,0.041249167174100876,0.08508504182100296,0.034334130585193634,-0.02929307147860527,-86.68244171142578,70.95277404785156,111.94029235839844,229.56222534179688,-2.442411422729492,2.39463472366333,-86.68244171142578,70.95277404785156,111.94029235839844,229.56222534179688,-2.442411422729492,2.39463472366333,-86.68244171142578,70.95277404785156,111.94029235839844,229.56222534179688,-2.442411422729492,2.39463472366333
0.5500000286847353,0.03662758693099022,-1.5275306701660156,0.005781190935522318,-1.557263731956482,0.008880472742021084,-0.0029869277495890856,0.1685849130153656,0.2277994453907013,0.04166315123438835,0.0892033502459526,0.037684567272663116,-0.03733469918370247,795.0991821289062,1039.728515625,109.0570068359375,364.09051513671875,159.42286682128906,-344.7461242675781,795.0991821289062,1039.728515625,109.0570068359375,364.09051513671875,159.42286682128906,-344.7461242675781,795.0991821289062,1039.728515625,109.0570068359375,364.09051513671875,159.42286682128906,-344.7461242675781
0.5666666962206364,0.03933228179812431,-1.5237510204315186,0.006536806467920542,-1.555544376373291,0.009530380368232727,-0.003589155152440071,0.16375209391117096,0.2258247584104538,0.043751128017902374,0.09339670091867447,0.03697647154331207,-0.0366704985499382,-49.988624572753906,42.100547790527344,66.30158233642578,137.4360809326172,-1.3723602294921875,1.4408400058746338,-49.988624572753906,42.100547790527344,66.30158233642578,137.4360809326172,-1.3723602294921875,1.4408400058746338,-49.988624572753906,42.100547790527344,66.30158233642578,137.4360809326172,-1.3723602294921875,1.4408400058746338
0.5833333637565374,0.0424024760723114,-1.5196616649627686,0.007231933530420065,-1.553851842880249,0.010243145748972893,-0.004342892672866583,0.18241623044013977,0.2474493831396103,0.04378020018339157,0.09733138978481293,0.04031849279999733,-0.04577571153640747,827.0578002929688,1065.525390625,87.0624008178711,347.11181640625,161.0694122314453,-393.0787353515625,827.0578002929688,1065.525390625,87.0624008178711,347.11181640625,161.0694122314453,-393.0787353515625,827.0578002929688,1065.525390625,87.0624008178711,347.11181640625,161.0694122314453,-393.0787353515625
0.6000000312924385,0.04533004015684128,-1.5155562162399292,0.00802911538630724,-1.5519849061965942,0.01093518640846014,-0.005083545111119747,0.17742867767810822,0.24516192078590393,0.045841824263334274,0.10149635374546051,0.03957230970263481,-0.04497184231877327,-42.31542205810547,36.96620559692383,58.09443283081055,122.0229263305664,-1.1220550537109375,1.2792832851409912,-42.31542205810547,36.96620559692383,58.09443283081055,122.0229263305664,-1.1220550537109375,1.2792832851409912,-42.31542205810547,36.96620559692383,58.09443283081055,122.0229263305664,-1.1220550537109375,1.2792832851409912
0.6166666988283396,0.048772308975458145,-1.5110094547271729,0.008731737732887268,-1.5501645803451538,0.0117152975872159,-0.0060593681409955025,0.2037237286567688,0.27600425481796265,0.04555506631731987,0.10714669525623322,0.0442199632525444,-0.05909803509712219,1123.9371337890625,1475.4725341796875,110.61477661132812,499.4821472167969,215.4717254638672,-601.9681396484375,1123.9371337890625,1475.4725341796875,110.61477661132812,499.4821472167969,215.4717254638672,-601.9681396484375,1123.9371337890625,1475.4725341796875,110.61477661132812,499.4821472167969,215.4717254638672,-601.9681396484375
0.6333333663642406,0.05203869193792343,-1.5064244270324707,0.009575680829584599,-1.5480986833572388,0.012469996698200703,-0.007018311880528927,0.19782835245132446,0.2738460898399353,0.0485173836350441,0.11323743313550949,0.0433998703956604,-0.05805334076285362,-65.55572509765625,59.90863037109375,93.98020935058594,200.65545654296875,-1.6388683319091797,2.1125001907348633,-65.55572509765625,59.90863037109375,93.98020935058594,200.65545654296875,-1.6388683319091797,2.1125001907348633,-65.55572509765625,59.90863037109375,93.98020935058594,200.65545654296875,-1.6388683319091797,2.1125001907348633
0.6500000339001417,0.05566924810409546,-1.5015125274658203,0.01035142783075571,-1.5460495948791504,0.01328692864626646,-0.008171585388481617,0.2166472226381302,0.29650625586509705,0.04806799069046974,0.11774507910013199,0.04664008319377899,-0.06973953545093536,869.9135131835938,1129.99560546875,55.47795867919922,354.5779113769531,161.64932250976562,-512.605224609375,869.9135131835938,1129.99560546875,55.47795867919922,354.5779113769531,161.64932250976562,-512.605224609375,869.9135131835938,1129.99560546875,55.47795867919922,354.5779113769531,161.64932250976562,-512.605224609375
0.6666667014360428,0.059151630848646164,-1.4965929985046387,0.01123493630439043,-1.5438117980957031,0.01408025436103344,-0.009305239655077457,0.21126331388950348,0.29346174001693726,0.05011672154068947,0.1219300702214241,0.04580425098538399,-0.06853797286748886,-28.063507080078125,27.112960815429688,42.423797607421875,92.30851745605469,-0.6364669799804688,0.9734926223754883,-28.063507080078125,27.112960815429688,42.423797607421875,92.30851745605469,-0.6364669799804688,0.9734926223754883,-28.063507080078125,27.112960815429688,42.423797607421875,92.30851745605469,-0.6364669799804688,0.9734926223754883
0.6833333689719439,0.06300067901611328,-1.4913465976715088,0.012036953121423721,-1.541608452796936,0.01493537612259388,-0.010652516968548298,0.23015746474266052,0.31632885336875916,0.04921353980898857,0.12618005275726318,0.048981674015522,-0.0813789889216423,890.2078857421875,1144.6905517578125,27.36023712158203,327.8675537109375,160.91384887695312,-566.78125,890.2078857421875,1144.6905517578125,27.36023712158203,327.8675537109375,160.91384887695312,-566.78125,890.2078857421875,1144.6905517578125,27.36023712158203,327.8675537109375,160.91384887695312,-566.78125
0.7000000365078449,0.0667031928896904,-1.4860976934432983,0.01294677797704935,-1.5392141342163086,0.01576581783592701,-0.011977043934166431,0.2247084528207779,0.31293147802352905,0.05118906497955322,0.13024626672267914,0.048117659986019135,-0.07998571544885635,-19.52007293701172,20.149946212768555,31.406845092773438,69.73445129394531,-0.3879547119140625,0.7504968643188477,-19.52007293701172,20.149946212768555,31.406845092773438,69.73445129394531,-0.3879547119140625,0.7504968643188477,-19.52007293701172,20.149946212768555,31.406845092773438,69.73445129394531,-0.3879547119140625,0.7504968643188477
0.716666704043746,0.07091515511274338,-1.480384111404419,0.01373362448066473,-1.5368759632110596,0.016682352870702744,-0.013624810613691807,0.2510947585105896,0.3454495072364807,0.04960233345627785,0.13640807569026947,0.052510932087898254,-0.09940648823976517,1187.1239013671875,1500.0,31.69280242919922,484.57501220703125,211.79444885253906,-841.1887817382812,1187.1239013671875,1500.0,31.69280242919922,484.57501220703125,211.79444885253906,-841.1887817382812,1187.1239013671875,1500.0,31.69280242919922,484.57501220703125,211.79444885253906,-841.1887817382812
0.7333333715796471,0.07495448738336563,-1.4746456146240234,0.014668114483356476,-1.5342706441879272,0.01756916008889675,-0.015244807116687298,0.2449292689561844,0.3421359956264496,0.052432868629693985,0.1424034982919693,0.05159052833914757,-0.09769421815872192,-36.8067626953125,40.973426818847656,63.68819808959961,144.57583618164062,-0.5978355407714844,1.5528125762939453,-36.8067626953125,40.973426818847656,63.68819808959961,144.57583618164062,-0.5978355407714844,1.5528125762939453,-36.8067626953125,40.973426818847656,63.68819808959961,144.57583618164062,-0.5978355407714844,1.5528125762939453
0.7500000391155481,0.07934609800577164,-1.4685715436935425,0.015511754900217056,-1.5316909551620483,0.018515346571803093,-0.017123518511652946,0.26337575912475586,0.36547401547431946,0.05087774991989136,0.14709022641181946,0.05455634370446205,-0.11325333267450333,907.7361450195312,1183.500244140625,-17.566085815429688,316.03277587890625,156.44252014160156,-697.2291259765625,907.7361450195312,1183.500244140625,-17.566085815429688,316.03277587890625,156.44252014160156,-697.2291259765625,907.7361450195312,1183.500244140625,-17.566085815429688,316.03277587890625,156.44252014160156,-697.2291259765625
0.7666667066514492,0.0835927352309227,-1.4625059366226196,0.016466008499264717,-1.5289098024368286,0.019434291869401932,-0.018970806151628494,0.2576805651187897,0.3612414598464966,0.05275820568203926,0.15096060931682587,0.05362337455153465,-0.11133410781621933,-5.787910461425781,7.016654968261719,10.893043518066406,25.376083374023438,-0.0375518798828125,0.28394126892089844,-5.787910461425781,7.016654968261719,10.893043518066406,25.376083374023438,-0.0375518798828125,0.28394126892089844,-5.787910461425781,7.016654968261719,10.893043518066406,25.376083374023438,-0.0375518798828125,0.28394126892089844
0.7833333741873503,0.08818792551755905,-1.4561089277267456,0.017315750941634178,-1.5261722803115845,0.020411422476172447,-0.02109665609896183,0.2759382724761963,0.3845619857311249,0.05069185793399811,0.15534059703350067,0.05648444965481758,-0.12808021903038025,914.64306640625,1188.0147705078125,-49.750282287597656,282.1540832519531,153.5651092529297,-754.8917846679688,914.64306640625,1188.0147705078125,-49.750282287597656,282.1540832519531,153.5651092529297,-754.8917846679688,914.64306640625,1188.0147705078125,-49.750282287597656,282.1540832519531,153.5651092529297,-754.8917846679688
0.8000000417232513,0.09264177083969116,-1.4497252702713013,0.018275192007422447,-1.523233413696289,0.02136039175093174,-0.02318706549704075,0.2702110707759857,0.37996479868888855,0.052483703941106796,0.15900978446006775,0.055532075464725494,-0.12591734528541565,0.5271987915039062,-0.6866455078125,-1.0860671997070312,-2.5463104248046875,0.0368804931640625,-0.013336658477783203,0.5271987915039062,-0.6866455078125,-1.0860671997070312,-2.5463104248046875,0.0368804931640625,-0.013336658477783203,0.5271987915039062,-0.6866455078125,-1.0860671997070312,-2.5463104248046875,0.0368804931640625,-0.013336658477783203
0.8166667092591524,0.09757602214813232,-1.4428688287734985,0.019080903381109238,-1.520362377166748,0.022390250116586685,-0.02569207362830639,0.29561638832092285,0.4131130278110504,0.049271006137132645,0.16546407341957092,0.05948281288146973,-0.1508287936449051,1201.63232421875,1500.0,-69.16239929199219,438.9834289550781,199.28565979003906,-1095.9180908203125,1201.63232421875,1500.0,-69.16239929199219,438.9834289550781,199.28565979003906,-1095.9180908203125,1201.63232421875,1500.0,-69.16239929199219,438.9834289550781,199.28565979003906,-1095.9180908203125
0.8333333767950535,0.10235007852315903,-1.436004638671875,0.020035522058606148,-1.5172102451324463,0.02338664047420025,-0.02815542370080948,0.2893427014350891,0.40855926275253296,0.05186217650771141,0.17099259793758392,0.05849286541342735,-0.148269921541214,-11.950433731079102,17.617942810058594,27.11705780029297,65.97042083740234,0.061840057373046875,0.7401390075683594,-11.950433731079102,17.617942810058594,27.11705780029297,65.97042083740234,0.061840057373046875,0.7401390075683594,-11.950433731079102,17.617942810058594,27.11705780029297,65.97042083740234,0.061840057373046875,0.7401390075683594
0.8500000443309546,0.10744941234588623,-1.4288080930709839,0.020874667912721634,-1.5140933990478516,0.024437440559267998,-0.03094242885708809,0.30669647455215454,0.43179115653038025,0.04895438626408577,0.17564885318279266,0.06106456741690636,-0.16773483157157898,907.5203857421875,1201.67724609375,-106.34436798095703,252.62594604492188,144.87200927734375,-890.7011108398438,907.5203857421875,1201.67724609375,-106.34436798095703,252.62594604492188,144.87200927734375,-890.7011108398438,907.5203857421875,1201.67724609375,-106.34436798095703,252.62594604492188,144.87200927734375,-890.7011108398438
0.8666667118668556,0.11241155117750168,-1.4216386079788208,0.02182396687567234,-1.5107709169387817,0.02545793168246746,-0.03368324041366577,0.3007575571537018,0.42634308338165283,0.05063687637448311,0.17893151938915253,0.06006056070327759,-0.16492071747779846,9.396076202392578,-15.460250854492188,-23.598594665527344,-58.29811096191406,-0.028087615966796875,-0.6245079040527344,9.396076202392578,-15.460250854492188,-23.598594665527344,-58.29811096191406,-0.028087615966796875,-0.6245079040527344,9.396076202392578,-15.460250854492188,-23.598594665527344,-58.29811096191406,-0.028087615966796875,-0.6245079040527344
0.8833333794027567,0.11769086122512817,-1.4141427278518677,0.022644253447651863,-1.5075017213821411,0.026531055569648743,-0.0367671474814415,0.3177236020565033,0.449341744184494,0.04716158285737038,0.18324600160121918,0.062499627470970154,-0.1855481117963791,902.5213012695312,1196.37841796875,-141.84765625,213.43409729003906,140.28773498535156,-949.4349365234375,902.5213012695312,1196.37841796875,-141.84765625,213.43409729003906,140.28773498535156,-949.4349365234375,902.5213012695312,1196.37841796875,-141.84765625,213.43409729003906,140.28773498535156,-949.4349365234375
0.9000000469386578,0.12283646315336227,-1.4066799879074097,0.023573163896799088,-1.504028558731079,0.02757314033806324,-0.03980005159974098,0.31174156069755554,0.4435449540615082,0.04877085983753204,0.18626998364925385,0.06148296967148781,-0.18244199454784393,12.707107543945312,-23.403167724609375,-35.647377014160156,-89.91300964355469,-0.19989776611328125,-0.9828805923461914,12.707107543945312,-23.403167724609375,-35.647377014160156,-89.91300964355469,-0.19989776611328125,-0.9828805923461914,12.707107543945312,-23.403167724609375,-35.647377014160156,-89.91300964355469,-0.19989776611328125,-0.9828805923461914
0.9166667144745588,0.1284186840057373,-1.3987505435943604,0.024315521121025085,-1.5006306171417236,0.0286884605884552,-0.043337851762771606,0.3353734314441681,0.47627803683280945,0.043572332710027695,0.19275106489658356,0.0648629441857338,-0.2127813696861267,1172.3277587890625,1500.0,-189.99591064453125,365.1648864746094,179.77915954589844,-1355.405029296875,1172.3277587890625,1500.0,-189.99591064453125,365.1648864746094,179.77915954589844,-1355.405029296875,1172.3277587890625,1500.0,-189.99591064453125,365.1648864746094,179.77915954589844,-1355.405029296875
0.9333333820104599,0.13385377824306488,-1.3908339738845825,0.02520396187901497,-1.4969525337219238,0.02976730279624462,-0.046817295253276825,0.32896843552589417,0.47049960494041443,0.04593154788017273,0.1975032240152359,0.06382507085800171,-0.20920738577842712,3.7640342712402344,-7.80224609375,-11.749122619628906,-29.996036529541016,-0.032634735107421875,-0.3179931640625,3.7640342712402344,-7.80224609375,-11.749122619628906,-29.996036529541016,-0.032634735107421875,-0.3179931640625,3.7640342712402344,-7.80224609375,-11.749122619628906,-29.996036529541016,-0.032634735107421875,-0.3179931640625
0.950000049546361,0.13957776129245758,-1.382597804069519,0.025951053947210312,-1.493317723274231,0.030894046649336815,-0.05068275332450867,0.3446928858757019,0.49286895990371704,0.0414259247481823,0.20191091299057007,0.0659271776676178,-0.2324223667383194,874.7613525390625,1185.0643310546875,-209.578857421875,167.164794921875,128.44577026367188,-1084.929443359375,874.7613525390625,1185.0643310546875,-209.578857421875,167.164794921875,128.44577026367188,-1084.929443359375,874.7613525390625,1185.0643310546875,-209.578857421875,167.164794921875,128.44577026367188,-1084.929443359375
0.966666717082262,0.1451714038848877,-1.3744086027145386,0.026805413886904716,-1.4894834756851196,0.031988080590963364,-0.05448449030518532,0.3384849429130554,0.4862595200538635,0.04296072572469711,0.2044077217578888,0.06487352401018143,-0.22854864597320557,16.824007034301758,-39.15667724609375,-59.23762893676758,-154.53517150878906,-0.708251953125,-1.7118453979492188,16.824007034301758,-39.15667724609375,-59.23762893676758,-154.53517150878906,-0.708251953125,-1.7118453979492188,16.824007034301758,-39.15667724609375,-59.23762893676758,-154.53517150878906,-0.708251953125,-1.7118453979492188
0.9833333846181631,0.15104317665100098,-1.365909457206726,0.027505258098244667,-1.485708475112915,0.03312786668539047,-0.058690376579761505,0.35367467999458313,0.508190393447876,0.037835463881492615,0.20843705534934998,0.0668279305100441,-0.25284770131111145,860.4842529296875,1169.934326171875,-248.36434936523438,123.1688232421875,122.66754913330078,-1142.3157958984375,860.4842529296875,1169.934326171875,-248.36434936523438,123.1688232421875,122.66754913330078,-1142.3157958984375,860.4842529296875,1169.934326171875,-248.36434936523438,123.1688232421875,122.66754913330078,-1142.3157958984375
1.0000000521540642,0.1567869633436203,-1.3574634790420532,0.028310364112257957,-1.4817399978637695,0.0342344269156456,-0.06282702833414078,0.3474108874797821,0.5012667179107666,0.03932526335120201,0.21063914895057678,0.0657675489783287,-0.24864035844802856,18.023845672607422,-47.266483306884766,-71.34765625,-189.00454711914062,-1.1001548767089844,-2.1182003021240234,18.023845672607422,-47.266483306884766,-71.34765625,-189.00454711914062,-1.1001548767089844,-2.1182003021240234,18.023845672607422,-47.266483306884766,-71.34765625,-189.00454711914062,-1.1001548767089844,-2.1182003021240234
1.0166667196899652,0.16291528940200806,-1.3485709428787231,0.028894461691379547,-1.4778485298156738,0.03540492057800293,-0.06755372136831284,0.3686620593070984,0.5325771570205688,0.031795572489500046,0.216828852891922,0.06850245594978333,-0.2840966582298279,1106.8909912109375,1500.0,-329.8027038574219,263.9049072265625,155.337158203125,-1500.0,1106.8909912109375,1500.0,-329.8027038574219,263.9049072265625,155.337158203125,-1500.0,1106.8909912109375,1500.0,-329.8027038574219,263.9049072265625,155.337158203125,-1500.0
1.0333333872258663,0.16890618205070496,-1.3397129774093628,0.02961844764649868,-1.4736930131912231,0.036536749452352524,-0.07220280915498734,0.36207064986228943,0.5256579518318176,0.033986710011959076,0.2205864042043686,0.06743460893630981,-0.2793564200401306,11.71112060546875,-34.61122131347656,-51.978973388671875,-139.34194946289062,-0.8788700103759766,-1.5580673217773438,11.71112060546875,-34.61122131347656,-51.978973388671875,-139.34194946289062,-0.8788700103759766,-1.5580673217773438,11.71112060546875,-34.61122131347656,-51.978973388671875,-139.34194946289062,-0.8788700103759766,-1.5580673217773438
1.0500000547617674,0.17514413595199585,-1.3305586576461792,0.030174564570188522,-1.4695847034454346,0.03770902380347252,-0.07729475200176239,0.37575563788414,0.5464590787887573,0.027667665854096413,0.2245103120803833,0.06903076171875,-0.305988609790802,816.1354370117188,1134.216796875,-326.4591369628906,60.647132873535156,108.75090789794922,-1271.9285888671875,816.1354370117188,1134.216796875,-326.4591369628906,60.647132873535156,108.75090789794922,-1271.9285888671875,816.1354370117188,1134.216796875,-326.4591369628906,60.647132873535156,108.75090789794922,-1271.9285888671875
1.0666667222976685,0.18125583231449127,-1.3214720487594604,0.03083309903740883,-1.4652953147888184,0.038846950978040695,-0.08230305463075638,0.36927008628845215,0.5387924909591675,0.029136404395103455,0.22608858346939087,0.06794771552085876,-0.30091217160224915,19.217729568481445,-64.00108337402344,-95.94202423095703,-260.6415710449219,-1.986175537109375,-2.963245391845703,19.217729568481445,-64.00108337402344,-95.94202423095703,-260.6415710449219,-1.986175537109375,-2.963245391845703,19.217729568481445,-64.00108337402344,-95.94202423095703,-260.6415710449219,-1.986175537109375,-2.963245391845703
1.0833333898335695,0.18760235607624054,-1.3121007680892944,0.03131113573908806,-1.4610663652420044,0.040022965520620346,-0.08777018636465073,0.382310152053833,0.5589699745178223,0.02215619757771492,0.22959667444229126,0.06939119845628738,-0.3284997045993805,794.7659912109375,1109.609619140625,-368.2632751464844,12.222526550292969,102.24506378173828,-1325.592041015625,794.7659912109375,1109.609619140625,-368.2632751464844,12.222526550292969,102.24506378173828,-1325.592041015625,794.7659912109375,1109.609619140625,-368.2632751464844,12.222526550292969,102.24506378173828,-1325.592041015625
1.1000000573694706,0.19382411241531372,-1.3028030395507812,0.031889159232378006,-1.4566658735275269,0.04116435721516609,-0.09314756095409393,0.3757734000682831,0.551032304763794,0.023608598858118057,0.23085804283618927,0.06830763071775436,-0.32305601239204407,19.3023681640625,-72.3409652709961,-108.17647552490234,-297.25909423828125,-2.5348358154296875,-3.4055118560791016,19.3023681640625,-72.3409652709961,-108.17647552490234,-297.25909423828125,-2.5348358154296875,-3.4055118560791016,19.3023681640625,-72.3409652709961,-108.17647552490234,-297.25909423828125,-2.5348358154296875,-3.4055118560791016
1.1166667249053717,0.20037327706813812,-1.2930915355682373,0.0322108194231987,-1.4523385763168335,0.04235943779349327,-0.09919112175703049,0.394154816865921,0.5799912214279175,0.013463879004120827,0.23641696572303772,0.07036804407835007,-0.36308667063713074,1012.134521484375,1484.0745849609375,-486.3971862792969,136.31283569335938,127.89413452148438,-1500.0,1012.134521484375,1484.0745849609375,-486.3971862792969,136.31283569335938,127.89413452148438,-1500.0,1012.134521484375,1484.0745849609375,-486.3971862792969,136.31283569335938,127.89413452148438,-1500.0
1.1333333924412727,0.2067910134792328,-1.2834374904632568,0.032663218677043915,-1.4477792978286743,0.043514519929885864,-0.10513577610254288,0.3873734176158905,0.5720515847206116,0.015562539920210838,0.23901896178722382,0.06928897649049759,-0.3570578098297119,14.911296844482422,-62.74223327636719,-93.47480010986328,-259.1359558105469,-2.325624465942383,-2.9614639282226562,14.911296844482422,-62.74223327636719,-93.47480010986328,-259.1359558105469,-2.325624465942383,-2.9614639282226562,14.911296844482422,-62.74223327636719,-93.47480010986328,-259.1359558105469,-2.325624465942383,-2.9614639282226562
1.1500000599771738,0.21341073513031006,-1.2735191583633423,0.03292116895318031,-1.4432671070098877,0.044702187180519104,-0.11157185584306717,0.39870378375053406,0.5906540751457214,0.007268093526363373,0.24222344160079956,0.07037408649921417,-0.38661202788352966,737.06689453125,1050.9276123046875,-454.9787902832031,-65.1806640625,87.21858215332031,-1443.9222412109375,737.06689453125,1050.9276123046875,-454.9787902832031,-65.1806640625,87.21858215332031,-1443.9222412109375,737.06689453125,1050.9276123046875,-454.9787902832031,-65.1806640625,87.21858215332031,-1443.9222412109375
1.1666667275130749,0.21990647912025452,-1.2636889219284058,0.03327495977282524,-1.4386030435562134,0.04585467651486397,-0.11790244281291962,0.3919852674007416,0.5820648074150085,0.008754587732255459,0.24279552698135376,0.06928332895040512,-0.38021910190582275,19.0633544921875,-89.90525817871094,-133.51895141601562,-373.84747314453125,-3.692506790161133,-4.310310363769531,19.0633544921875,-89.90525817871094,-133.51895141601562,-373.84747314453125,-3.692506790161133,-4.310310363769531,19.0633544921875,-89.90525817871094,-133.51895141601562,-373.84747314453125,-3.692506790161133,-4.310310363769531
1.183333395048976,0.22659099102020264,-1.2536070346832275,0.033422429114580154,-1.4339970350265503,0.04703732579946518,-0.12473757565021515,0.4025903642177582,0.5998820066452026,-0.00022558559430763125,0.24554933607578278,0.07021965831518173,-0.4105548858642578,710.2548828125,1017.5443115234375,-498.9937744140625,-117.19108581542969,80.39936828613281,-1491.631591796875,710.2548828125,1017.5443115234375,-498.9937744140625,-117.19108581542969,80.39936828613281,-1491.631591796875,710.2548828125,1017.5443115234375,-498.9937744140625,-117.19108581542969,80.39936828613281,-1491.631591796875
1.200000062584877,0.2331525832414627,-1.2436192035675049,0.03366292640566826,-1.4292514324188232,0.04818476364016533,-0.13146069645881653,0.3958423137664795,0.5910709500312805,0.0012710466980934143,0.2457917034626007,0.06913498789072037,-0.40377217531204224,18.67055892944336,-98.419189453125,-145.68557739257812,-411.5837707519531,-4.359783172607422,-4.794895172119141,18.67055892944336,-98.419189453125,-145.68557739257812,-411.5837707519531,-4.359783172607422,-4.794895172119141,18.67055892944336,-98.419189453125,-145.68557739257812,-411.5837707519531,-4.359783172607422,-4.794895172119141
1.216666730120778,0.2399807721376419,-1.2332618236541748,0.03361174464225769,-1.424570083618164,0.04937535896897316,-0.1389136016368866,0.41097381711006165,0.6168550848960876,-0.011690014973282814,0.2503926157951355,0.07052958011627197,-0.44762250781059265,894.0374755859375,1353.7049560546875,-656.0460205078125,-14.5626220703125,99.15902709960938,-1500.0,894.0374755859375,1353.7049560546875,-656.0460205078125,-14.5626220703125,99.15902709960938,-1500.0,894.0374755859375,1353.7049560546875,-656.0460205078125,-14.5626220703125,99.15902709960938,-1500.0
1.2333333976566792,0.2466815859079361,-1.2229849100112915,0.03367945924401283,-1.4197016954421997,0.05052555724978447,-0.1462448090314865,0.4040575325489044,0.6080384254455566,-0.009610476903617382,0.2517208158969879,0.06945894658565521,-0.4402170777320862,15.649795532226562,-91.95565795898438,-135.5562286376953,-385.8530578613281,-4.248470306396484,-4.487632751464844,15.649795532226562,-91.95565795898438,-135.5562286376953,-385.8530578613281,-4.248470306396484,-4.487632751464844,15.649795532226562,-91.95565795898438,-135.5562286376953,-385.8530578613281,-4.248470306396484,-4.487632751464844
1.2500000651925802,0.2535373568534851,-1.2124825716018677,0.03352684527635574,-1.4148774147033691,0.051700472831726074,-0.15410535037517548,0.4128117561340332,0.6238980293273926,-0.019978594034910202,0.25398722290992737,0.07005509734153748,-0.4720540940761566,642.2286987304688,938.0865478515625,-591.787353515625,-206.98309326171875,65.08216094970703,-1500.0,642.2286987304688,938.0865478515625,-591.787353515625,-206.98309326171875,65.08216094970703,-1500.0,642.2286987304688,938.0865478515625,-591.787353515625,-206.98309326171875,65.08216094970703,-1500.0
1.2666667327284813,0.260270893573761,-1.2020885944366455,0.03346199542284012,-1.4099401235580444,0.05284017324447632,-0.16183723509311676,0.4059493839740753,0.6145434975624084,-0.01839316636323929,0.25349608063697815,0.068977952003479,-0.4642683267593384,17.82893943786621,-116.39117431640625,-170.95811462402344,-490.610595703125,-5.760490417480469,-5.778667449951172,17.82893943786621,-116.39117431640625,-170.95811462402344,-490.610595703125,-5.760490417480469,-5.778667449951172,17.82893943786621,-116.39117431640625,-170.95811462402344,-490.610595703125,-5.760490417480469,-5.778667449951172
1.2833334002643824,0.2671455442905426,-1.1914836168289185,0.03316591680049896,-1.4050546884536743,0.05400228872895241,-0.17010809481143951,0.41392916440963745,0.6294841766357422,-0.029452312737703323,0.25528937578201294,0.06943701952695847,-0.49667665362358093,611.4447021484375,896.9998168945312,-636.8147583007812,-261.0814514160156,58.3013916015625,-1500.0,611.4447021484375,896.9998168945312,-636.8147583007812,-261.0814514160156,58.3013916015625,-1500.0,611.4447021484375,896.9998168945312,-636.8147583007812,-261.0814514160156,58.3013916015625,-1500.0
1.3000000678002834,0.2738990783691406,-1.1809920072555542,0.03295448422431946,-1.400070309638977,0.05512939766049385,-0.17824363708496094,0.4070693254470825,0.6199616193771362,-0.027831388637423515,0.2544638514518738,0.06837181746959686,-0.48849013447761536,17.267465591430664,-124.82643127441406,-182.60574340820312,-528.2306518554688,-6.545930862426758,-6.252527236938477,17.267465591430664,-124.82643127441406,-182.60574340820312,-528.2306518554688,-6.545930862426758,-6.252527236938477,17.267465591430664,-124.82643127441406,-182.60574340820312,-528.2306518554688,-6.545930862426758,-6.252527236938477
1.3166667353361845,0.2808561623096466,-1.17018461227417,0.03241709619760513,-1.3951377868652344,0.056289348751306534,-0.18715685606002808,0.41869649291038513,0.6418662071228027,-0.04371912404894829,0.25781121850013733,0.0691419169306755,-0.5352213978767395,758.597900390625,1186.99072265625,-833.900390625,-183.9971466064453,70.62033081054688,-1500.0,758.597900390625,1186.99072265625,-833.900390625,-183.9971466064453,70.62033081054688,-1500.0,758.597900390625,1186.99072265625,-833.900390625,-183.9971466064453,70.62033081054688,-1500.0
1.3333334028720856,0.2876896560192108,-1.1594804525375366,0.03198454901576042,-1.3900741338729858,0.0574093721807003,-0.1959247589111328,0.41174155473709106,0.6323361992835999,-0.04158758744597435,0.25778380036354065,0.0680978074669838,-0.5263921022415161,15.227790832519531,-121.48856353759766,-176.89547729492188,-515.1927490234375,-6.581694602966309,-6.1190185546875,15.227790832519531,-121.48856353759766,-176.89547729492188,-515.1927490234375,-6.581694602966309,-6.1190185546875,15.227790832519531,-121.48856353759766,-176.89547729492188,-515.1927490234375,-6.581694602966309,-6.1190185546875
1.3500000704079866,0.29463016986846924,-1.148595929145813,0.03130711242556572,-1.385048747062683,0.058546703308820724,-0.2052474319934845,0.41780030727386475,0.6450079083442688,-0.05406239628791809,0.2589265704154968,0.06824973970651627,-0.5597552061080933,536.1878662109375,799.5963134765625,-732.76513671875,-359.9178771972656,43.4227294921875,-1500.0,536.1878662109375,799.5963134765625,-732.76513671875,-359.9178771972656,43.4227294921875,-1500.0,536.1878662109375,799.5963134765625,-732.76513671875,-359.9178771972656,43.4227294921875,-1500.0
1.3666667379438877,0.30145084857940674,-1.1378376483917236,0.03070821613073349,-1.3799564838409424,0.05964956432580948,-0.21441775560379028,0.4109099805355072,0.6350628137588501,-0.05229651927947998,0.25734850764274597,0.0672055333852768,-0.5505416393280029,16.21723175048828,-142.65298461914062,-206.67530822753906,-606.6441040039062,-8.147806167602539,-7.268787384033203,16.21723175048828,-142.65298461914062,-206.67530822753906,-606.6441040039062,-8.147806167602539,-7.268787384033203,16.21723175048828,-142.65298461914062,-206.67530822753906,-606.6441040039062,-8.147806167602539,-7.268787384033203
1.3833334054797888,0.30836474895477295,-1.1269145011901855,0.029854804277420044,-1.37490713596344,0.06076758727431297,-0.22414831817150116,0.41617831587791443,0.6467095613479614,-0.06544674932956696,0.25800633430480957,0.06723759323358536,-0.5842331647872925,502.90704345703125,752.0723266601562,-777.4248657226562,-414.4251403808594,36.96039581298828,-1500.0,502.90704345703125,752.0723266601562,-777.4248657226562,-414.4251403808594,36.96039581298828,-1500.0,502.90704345703125,752.0723266601562,-777.4248657226562,-414.4251403808594,36.96039581298828,-1500.0
1.4000000730156898,0.3151600658893585,-1.116123080253601,0.029076624661684036,-1.3698068857192993,0.06185155361890793,-0.2337198406457901,0.4093270003795624,0.6366549730300903,-0.06362032145261765,0.25609806180000305,0.06620977818965912,-0.5746213793754578,15.617609024047852,-150.72344970703125,-217.27920532226562,-642.7120971679688,-9.042919158935547,-7.742047309875488,15.617609024047852,-150.72344970703125,-217.27920532226562,-642.7120971679688,-9.042919158935547,-7.742047309875488,15.617609024047852,-150.72344970703125,-217.27920532226562,-642.7120971679688,-9.042919158935547,-7.742047309875488
1.416666740551591,0.3220956027507782,-1.1050770282745361,0.027940217405557632,-1.3647421598434448,0.06295879930257797,-0.24409876763820648,0.417337566614151,0.6541040539741516,-0.08245918154716492,0.2579440474510193,0.06642436981201172,-0.6231436729431152,612.1134643554688,989.286865234375,-1014.6778564453125,-366.07501220703125,43.565330505371094,-1500.0,612.1134643554688,989.286865234375,-1014.6778564453125,-366.07501220703125,43.565330505371094,-1500.0,612.1134643554688,989.286865234375,-1014.6778564453125,-366.07501220703125,43.565330505371094,-1500.0
1.433333408087492,0.32891151309013367,-1.094156265258789,0.02689295820891857,-1.3596110343933105,0.06402740627527237,-0.2543087601661682,0.4104592502117157,0.6440392732620239,-0.08020084351301193,0.25651922821998596,0.06542152166366577,-0.6128869652748108,14.26934814453125,-150.51841735839844,-215.6671905517578,-642.5034790039062,-9.308158874511719,-7.7599334716796875,14.26934814453125,-150.51841735839844,-215.6671905517578,-642.5034790039062,-9.308158874511719,-7.7599334716796875,14.26934814453125,-150.51841735839844,-215.6671905517578,-642.5034790039062,-9.308158874511719,-7.7599334716796875
1.450000075623393,0.33578747510910034,-1.0831043720245361,0.025578288361430168,-1.3545094728469849,0.0651065781712532,-0.2650846838951111,0.4138137400150299,0.6531763076782227,-0.09475113451480865,0.2563912570476532,0.06519227474927902,-0.646925687789917,423.79498291015625,639.810546875,-873.475830078125,-518.615234375,23.118555068969727,-1500.0,423.79498291015625,639.810546875,-873.475830078125,-518.615234375,23.118555068969727,-1500.0,423.79498291015625,639.810546875,-873.475830078125,-518.615234375,23.118555068969727,-1500.0
1.4666667431592941,0.3425470292568207,-1.072196364402771,0.024332312867045403,-1.3493931293487549,0.06615268439054489,-0.27568453550338745,0.40702205896377563,0.6428316831588745,-0.09272032976150513,0.25373443961143494,0.06419545412063599,-0.6362937688827515,14.576908111572266,-167.74655151367188,-238.8773956298828,-717.558837890625,-10.878443717956543,-8.726119995117188,14.576908111572266,-167.74655151367188,-238.8773956298828,-717.558837890625,-10.878443717956543,-8.726119995117188,14.576908111572266,-167.74655151367188,-238.8773956298828,-717.558837890625,-10.878443717956543,-8.726119995117188
1.4833334106951952,0.34935319423675537,-1.061173439025879,0.022810762748122215,-1.3443082571029663,0.06720750778913498,-0.2868514358997345,0.40960362553596497,0.650871217250824,-0.10791290551424026,0.2531246542930603,0.06386733055114746,-0.6703954339027405,389.5354309082031,587.329833984375,-916.3939819335938,-571.6943969726562,17.21024513244629,-1500.0,389.5354309082031,587.329833984375,-916.3939819335938,-571.6943969726562,17.21024513244629,-1500.0,389.5354309082031,587.329833984375,-916.3939819335938,-571.6943969726562,17.21024513244629,-1500.0
1.5000000782310963,0.35604479908943176,-1.0502986907958984,0.021354615688323975,-1.3392256498336792,0.06822986155748367,-0.297836035490036,0.40288883447647095,0.640478253364563,-0.1057945191860199,0.25015372037887573,0.06289061903953552,-0.6593829989433289,14.026165008544922,-175.16851806640625,-247.82894897460938,-750.6978759765625,-11.857748031616211,-9.21010971069336,14.026165008544922,-175.16851806640625,-247.82894897460938,-750.6978759765625,-11.857748031616211,-9.21010971069336,14.026165008544922,-175.16851806640625,-247.82894897460938,-750.6978759765625,-11.857748031616211,-9.21010971069336
1.5166667457669973,0.36281466484069824,-1.0392361879348755,0.019510682672262192,-1.3341585397720337,0.06926693022251129,-0.30963772535324097,0.40732115507125854,0.6530282497406006,-0.12752647697925568,0.25030094385147095,0.06263875961303711,-0.7084893584251404,461.2469482421875,766.5538330078125,-1192.9930419921875,-554.6832275390625,18.990636825561523,-1500.0,461.2469482421875,766.5538330078125,-1192.9930419921875,-554.6832275390625,18.990636825561523,-1500.0,461.2469482421875,766.5538330078125,-1192.9930419921875,-554.6832275390625,18.990636825561523,-1500.0
1.5333334133028984,0.3694702386856079,-1.0283193588256836,0.01773937977850437,-1.3290982246398926,0.07026733458042145,-0.3212474584579468,0.40064194798469543,0.6426230072975159,-0.12505927681922913,0.24747948348522186,0.06168817728757858,-0.6968492269515991,13.159515380859375,-177.94607543945312,-249.9573974609375,-763.2565307617188,-12.417734146118164,-9.4044189453125,13.159515380859375,-177.94607543945312,-249.9573974609375,-763.2565307617188,-12.417734146118164,-9.4044189453125,13.159515380859375,-177.94607543945312,-249.9573974609375,-763.2565307617188,-12.417734146118164,-9.4044189453125
1.5500000808387995,0.37614110112190247,-1.017324447631836,0.015680743381381035,-1.3240553140640259,0.07127255201339722,-0.3334190547466278,0.40139520168304443,0.6479837894439697,-0.14159351587295532,0.24597741663455963,0.06115102395415306,-0.7306471467018127,310.02880859375,463.5667724609375,-1009.565185546875,-677.5790405273438,4.832893371582031,-1500.0,310.02880859375,463.5667724609375,-1009.565185546875,-677.5790405273438,4.832893371582031,-1500.0,310.02880859375,463.5667724609375,-1009.565185546875,-677.5790405273438,4.832893371582031,-1500.0
1.5666667483747005,0.382700651884079,-1.0064884424209595,0.013680986128747463,-1.3190540075302124,0.07224663347005844,-0.3453918993473053,0.39482834935188293,0.6374421715736389,-0.13920705020427704,0.2422873079776764,0.06021251529455185,-0.7186557650566101,13.06414794921875,-190.66094970703125,-265.8501281738281,-819.2127685546875,-13.889671325683594,-10.179283142089844,13.06414794921875,-190.66094970703125,-265.8501281738281,-819.2127685546875,-13.889671325683594,-10.179283142089844,13.06414794921875,-190.66094970703125,-265.8501281738281,-819.2127685546875,-13.889671325683594,-10.179283142089844
1.5833334159106016,0.38926300406455994,-0.9955897927284241,0.011387353762984276,-1.3140698671340942,0.07322400063276291,-0.35792309045791626,0.3948606252670288,0.6416626572608948,-0.15633496642112732,0.2403218299150467,0.05960196629166603,-0.7522371411323547,276.3354797363281,407.6600036621094,-1049.5509033203125,-727.5170288085938,-0.3164997100830078,-1500.0,276.3354797363281,407.6600036621094,-1049.5509033203125,-727.5170288085938,-0.3164997100830078,-1500.0,276.3354797363281,407.6600036621094,-1049.5509033203125,-727.5170288085938,-0.3164997100830078,-1500.0
1.6000000834465027,0.39571624994277954,-0.9848532676696777,0.00914949830621481,-1.309145212173462,0.07417096197605133,-0.37024977803230286,0.38840538263320923,0.631135880947113,-0.15383276343345642,0.23634402453899384,0.058685269206762314,-0.739896297454834,12.55035400390625,-197.10540771484375,-272.6889343261719,-848.2635498046875,-14.989228248596191,-10.62631607055664,12.55035400390625,-197.10540771484375,-272.6889343261719,-848.2635498046875,-14.989228248596191,-10.62631607055664,12.55035400390625,-197.10540771484375,-272.6889343261719,-848.2635498046875,-14.989228248596191,-10.62631607055664
1.6166667509824038,0.4021896719932556,-0.9739999771118164,0.006497692782431841,-1.304213523864746,0.07512546330690384,-0.3833819329738617,0.3894500136375427,0.6384806036949158,-0.17832373082637787,0.23465098440647125,0.05806849151849747,-0.7883026599884033,312.7706298828125,525.176513671875,-1363.81884765625,-743.6639404296875,-2.386272430419922,-1500.0,312.7706298828125,525.176513671875,-1363.81884765625,-743.6639404296875,-2.386272430419922,-1500.0,312.7706298828125,525.176513671875,-1363.81884765625,-743.6639404296875,-2.386272430419922,-1500.0
1.6333334185183048,0.4085555374622345,-0.9633114337921143,0.003902125172317028,-1.2993661165237427,0.07604578882455826,-0.39630061388015747,0.3830857276916504,0.627938985824585,-0.1755552440881729,0.23048023879528046,0.05717423930764198,-0.7753726840019226,12.048492431640625,-202.74400329589844,-278.10784912109375,-873.2098999023438,-15.895217895507812,-11.008987426757812,12.048492431640625,-202.74400329589844,-278.10784912109375,-873.2098999023438,-15.895217895507812,-11.008987426757812,12.048492431640625,-202.74400329589844,-278.10784912109375,-873.2098999023438,-15.895217895507812,-11.008987426757812
1.650000086054206,0.4148957431316376,-0.9525977969169617,0.0010023555951192975,-1.2945222854614258,0.07696619629859924,-0.4097612202167511,0.38145241141319275,0.6293855309486389,-0.19392915070056915,0.22754858434200287,0.05641143023967743,-0.8079768419265747,199.98072814941406,275.8979797363281,-1137.160888671875,-831.6111450195312,-10.885894775390625,-1500.0,199.98072814941406,275.8979797363281,-1137.160888671875,-831.6111450195312,-10.885894775390625,-1500.0,199.98072814941406,275.8979797363281,-1137.160888671875,-831.6111450195312,-10.885894775390625,-1500.0
1.666666753590107,0.4211311340332031,-0.9420556426048279,-0.0018476273398846388,-1.2897790670394897,0.0778578370809555,-0.4230022132396698,0.37522566318511963,0.61885666847229,-0.19109085202217102,0.22290775179862976,0.05553597956895828,-0.794732391834259,11.705162048339844,-210.50930786132812,-286.2138977050781,-908.0982666015625,-17.189830780029297,-11.569259643554688,11.705162048339844,-210.50930786132812,-286.2138977050781,-908.0982666015625,-17.189830780029297,-11.569259643554688,11.705162048339844,-210.50930786132812,-286.2138977050781,-908.0982666015625,-17.189830780029297,-11.569259643554688
1.683333421126008,0.4273300766944885,-0.9315044283866882,-0.0050066132098436356,-1.2850353717803955,0.078748419880867,-0.43677687644958496,0.37295427918434143,0.6191474795341492,-0.2099943459033966,0.21954527497291565,0.05472404137253761,-0.8268362879753113,168.35452270507812,218.007568359375,-1173.1463623046875,-876.9404907226562,-15.192924499511719,-1500.0,168.35452270507812,218.007568359375,-1173.1463623046875,-876.9404907226562,-15.192924499511719,-1500.0,168.35452270507812,218.007568359375,-1173.1463623046875,-876.9404907226562,-15.192924499511719,-1500.0
1.700000088661909,0.4334269165992737,-0.921127438545227,-0.008118496276438236,-1.2804110050201416,0.07961107045412064,-0.4503268599510193,0.3668694496154785,0.608697772026062,-0.2070113569498062,0.21465209126472473,0.05387062206864357,-0.813287615776062,11.252166748046875,-215.67344665527344,-290.6471862792969,-932.189208984375,-18.33871078491211,-11.972188949584961,11.252166748046875,-215.67344665527344,-290.6471862792969,-932.189208984375,-18.33871078491211,-11.972188949584961,11.252166748046875,-215.67344665527344,-290.6471862792969,-932.189208984375,-18.33871078491211,-11.972188949584961
1.7166667561978102,0.4394918978214264,-0.910706102848053,-0.011666657403111458,-1.275753140449524,0.08047542721033096,-0.46464863419532776,0.36486440896987915,0.6106656789779663,-0.2340575009584427,0.21103690564632416,0.05299605429172516,-0.8596720099449158,173.4125518798828,271.63031005859375,-1500.0,-927.2611083984375,-20.034908294677734,-1500.0,173.4125518798828,271.63031005859375,-1500.0,-927.2611083984375,-20.034908294677734,-1500.0,173.4125518798828,271.63031005859375,-1500.0,-927.2611083984375,-20.034908294677734,-1500.0
1.7333334237337112,0.44545719027519226,-0.9004660248756409,-0.015173863619565964,-1.2712607383728027,0.0813085064291954,-0.4787377417087555,0.3589177131652832,0.6001983880996704,-0.2308860421180725,0.20560897886753082,0.052159588783979416,-0.8455930948257446,11.014938354492188,-223.93942260742188,-298.843017578125,-968.96826171875,-19.626468658447266,-12.5479736328125,11.014938354492188,-223.93942260742188,-298.843017578125,-968.96826171875,-19.626468658447266,-12.5479736328125,11.014938354492188,-223.93942260742188,-298.843017578125,-968.96826171875,-19.626468658447266,-12.5479736328125
1.7500000912696123,0.45136159658432007,-0.890254557132721,-0.018998725339770317,-1.266754388809204,0.0821380689740181,-0.49333301186561584,0.3552141487598419,0.5976909399032593,-0.250905841588974,0.2012382596731186,0.051252011209726334,-0.8760466575622559,98.56462097167969,81.82525634765625,-1252.8907470703125,-976.074951171875,-23.791790008544922,-1500.0,98.56462097167969,81.82525634765625,-1252.8907470703125,-976.074951171875,-23.791790008544922,-1500.0,98.56462097167969,81.82525634765625,-1252.8907470703125,-976.074951171875,-23.791790008544922,-1500.0
1.7666667588055134,0.45716938376426697,-0.8802248239517212,-0.022781455889344215,-1.2624098062515259,0.0829414650797844,-0.5076903104782104,0.3494257628917694,0.5873889923095703,-0.24751608073711395,0.19576317071914673,0.05044017732143402,-0.8617011308670044,10.53094482421875,-226.3355255126953,-299.10430908203125,-981.500244140625,-20.671188354492188,-12.816192626953125,10.53094482421875,-226.3355255126953,-299.10430908203125,-981.500244140625,-20.671188354492188,-12.816192626953125,10.53094482421875,-226.3355255126953,-299.10430908203125,-981.500244140625,-20.671188354492188,-12.816192626953125
1.7833334263414145,0.46290719509124756,-0.870238721370697,-0.026884883642196655,-1.2580443620681763,0.08374061435461044,-0.5225405097007751,0.3451958894729614,0.583742082118988,-0.267990380525589,0.19100581109523773,0.049508143216371536,-0.8913741111755371,70.46461486816406,23.5343017578125,-1284.0504150390625,-1015.567138671875,-27.184188842773438,-1500.0,70.46461486816406,23.5343017578125,-1284.0504150390625,-1015.567138671875,-27.184188842773438,-1500.0,70.46461486816406,23.5343017578125,-1284.0504150390625,-1015.567138671875,-27.184188842773438,-1500.0
1.8000000938773155,0.4685512185096741,-0.8604360818862915,-0.030948230996727943,-1.2538583278656006,0.08451445400714874,-0.5371487736701965,0.339573472738266,0.5735825300216675,-0.2644275724887848,0.18532398343086243,0.04871714860200882,-0.8767834305763245,10.1470947265625,-230.0334014892578,-300.94134521484375,-999.8905639648438,-21.868793487548828,-13.206005096435547,10.1470947265625,-230.0334014892578,-300.94134521484375,-999.8905639648438,-21.868793487548828,-13.206005096435547,10.1470947265625,-230.0334014892578,-300.94134521484375,-999.8905639648438,-21.868793487548828,-13.206005096435547
1.8166667614132166,0.47411954402923584,-0.8506612181663513,-0.035465970635414124,-1.2496098279953003,0.08528578281402588,-0.5524731278419495,0.33499181270599365,0.5701320171356201,-0.29376021027565,0.17976149916648865,0.047690004110336304,-0.9198291301727295,49.569610595703125,12.46453857421875,-1500.0,-1100.19677734375,-33.85051727294922,-1500.0,49.569610595703125,12.46453857421875,-1500.0,-1100.19677734375,-33.85051727294922,-1500.0,49.569610595703125,12.46453857421875,-1500.0,-1100.19677734375,-33.85051727294922,-1500.0
1.8333334289491177,0.4795973300933838,-0.8410816192626953,-0.039955999702215195,-1.2456085681915283,0.0860288217663765,-0.5675488710403442,0.3295443058013916,0.5599538087844849,-0.2900790572166443,0.17321427166461945,0.04690488800406456,-0.9047849774360657,10.102996826171875,-240.509521484375,-311.3746337890625,-1047.637451171875,-23.61789321899414,-13.945098876953125,10.102996826171875,-240.509521484375,-311.3746337890625,-1047.637451171875,-23.61789321899414,-13.945098876953125,10.102996826171875,-240.509521484375,-311.3746337890625,-1047.637451171875,-23.61789321899414,-13.945098876953125
1.8500000964850187,0.48498591780662537,-0.8315830230712891,-0.04477347061038017,-1.2415741682052612,0.0867658481001854,-0.5830792188644409,0.32417911291122437,0.5535503625869751,-0.3115071654319763,0.167438805103302,0.04593004658818245,-0.932155191898346,10.4630126953125,-113.54444885253906,-1353.924560546875,-1106.83984375,-33.771690368652344,-1500.0,10.4630126953125,-113.54444885253906,-1353.924560546875,-1106.83984375,-33.771690368652344,-1500.0,10.4630126953125,-113.54444885253906,-1353.924560546875,-1106.83984375,-33.771690368652344,-1500.0
1.8666667640209198,0.4902869164943695,-0.8222731947898865,-0.04955437406897545,-1.2377620935440063,0.08747944235801697,-0.5983563661575317,0.3189047873020172,0.543688178062439,-0.3074672818183899,0.16127899289131165,0.0451771542429924,-0.9169065356254578,9.527206420898438,-237.3504638671875,-304.1014404296875,-1037.1971435546875,-24.259092330932617,-13.96417236328125,9.527206420898438,-237.3504638671875,-304.1014404296875,-1037.1971435546875,-24.259092330932617,-13.96417236328125,9.527206420898438,-237.3504638671875,-304.1014404296875,-1037.1971435546875,-24.259092330932617,-13.96417236328125
1.8833334315568209,0.49549204111099243,-0.8130580186843872,-0.0546640045940876,-1.233905553817749,0.08818663656711578,-0.6140708327293396,0.31314927339553833,0.5361844897270203,-0.32926398515701294,0.1551722139120102,0.04419960826635361,-0.9432291984558105,-12.80072021484375,-170.786376953125,-1379.638427734375,-1139.42138671875,-36.26704406738281,-1500.0,-12.80072021484375,-170.786376953125,-1379.638427734375,-1139.42138671875,-36.26704406738281,-1500.0,-12.80072021484375,-170.786376953125,-1379.638427734375,-1139.42138671875,-36.26704406738281,-1500.0
1.900000099092722,0.500612735748291,-0.8040326237678528,-0.059738367795944214,-1.2302887439727783,0.08887122571468353,-0.6295292377471924,0.3080570697784424,0.5265281200408936,-0.3250231444835663,0.14885783195495605,0.043465692549943924,-0.9278048276901245,9.21487808227539,-239.24588012695312,-303.3851013183594,-1049.411865234375,-25.452970504760742,-14.2669677734375,9.21487808227539,-239.24588012695312,-303.3851013183594,-1049.411865234375,-25.452970504760742,-14.2669677734375,9.21487808227539,-239.24588012695312,-303.3851013183594,-1049.411865234375,-25.452970504760742,-14.2669677734375
1.916666766628623,0.5056236386299133,-0.795106053352356,-0.06528069078922272,-1.2265775203704834,0.08955041319131851,-0.6456268429756165,0.3014903664588928,0.5177429914474487,-0.35631731152534485,0.14138175547122955,0.042380329221487045,-0.9662380814552307,-52.89794921875,-245.74755859375,-1500.0,-1257.39453125,-43.915061950683594,-1500.0,-52.89794921875,-245.74755859375,-1500.0,-1257.39453125,-43.915061950683594,-1500.0,-52.89794921875,-245.74755859375,-1500.0,-1257.39453125,-43.915061950683594,-1500.0
1.933333434164524,0.5105540752410889,-0.7863853573799133,-0.07080578058958054,-1.223195195198059,0.09020442515611649,-0.6614635586738586,0.29659879207611084,0.5080726146697998,-0.35201773047447205,0.13389289379119873,0.04163925722241402,-0.9504553079605103,9.334091186523438,-251.4052276611328,-315.453125,-1106.8004150390625,-27.668027877807617,-15.187255859375,9.334091186523438,-251.4052276611328,-315.453125,-1106.8004150390625,-27.668027877807617,-15.187255859375,9.334091186523438,-251.4052276611328,-315.453125,-1106.8004150390625,-27.668027877807617,-15.187255859375
1.9500001017004251,0.5153751969337463,-0.7777956128120422,-0.07666414976119995,-1.2197567224502563,0.09085088223218918,-0.6776890754699707,0.2900572717189789,0.4979165196418762,-0.3745783269405365,0.12679465115070343,0.040663037449121475,-0.9738640189170837,-60.116058349609375,-305.30810546875,-1438.123046875,-1219.9449462890625,-40.98922348022461,-1500.0,-60.116058349609375,-305.30810546875,-1438.123046875,-1219.9449462890625,-40.98922348022461,-1500.0,-60.116058349609375,-305.30810546875,-1438.123046875,-1219.9449462890625,-40.98922348022461,-1500.0
1.9666667692363262,0.5201184153556824,-0.7693982124328613,-0.08248899132013321,-1.216599464416504,0.09147655963897705,-0.6936501860618591,0.28534573316574097,0.48870667815208435,-0.3697943389415741,0.1201256811618805,0.0399622805416584,-0.9579489231109619,8.69989013671875,-242.65408325195312,-301.3643798828125,-1073.55419921875,-27.7987117767334,-14.894012451171875,8.69989013671875,-242.65408325195312,-301.3643798828125,-1073.55419921875,-27.7987117767334,-14.894012451171875,8.69989013671875,-242.65408325195312,-301.3643798828125,-1073.55419921875,-27.7987117767334,-14.894012451171875
1.9833334367722273,0.5247482061386108,-0.7611439228057861,-0.08864670991897583,-1.2133721113204956,0.09209460020065308,-0.7099783420562744,0.2785703241825104,0.47751426696777344,-0.39263081550598145,0.11275632679462433,0.03900112956762314,-0.9800618886947632,-77.37042236328125,-360.09552001953125,-1457.997802734375,-1244.8447265625,-42.65114974975586,-1500.0,-77.37042236328125,-360.09552001953125,-1457.997802734375,-1244.8447265625,-42.65114974975586,-1500.0,-77.37042236328125,-360.09552001953125,-1457.997802734375,-1244.8447265625,-42.65114974975586,-1500.0
2.0000001043081284,0.5293035507202148,-0.7530818581581116,-0.0947713777422905,-1.2104425430297852,0.09269271790981293,-0.7260407209396362,0.2740483582019806,0.4685702919960022,-0.38762086629867554,0.10599209368228912,0.03831629827618599,-0.9640503525733948,8.454322814941406,-242.5706329345703,-298.23004150390625,-1079.164794921875,-28.926729202270508,-15.130043029785156,8.454322814941406,-242.5706329345703,-298.23004150390625,-1079.164794921875,-28.926729202270508,-15.130043029785156,8.454322814941406,-242.5706329345703,-298.23004150390625,-1079.164794921875,-28.926729202270508,-15.130043029785156
2.0166667718440294,0.5337271094322205,-0.7451866865158081,-0.10137270390987396,-1.2073843479156494,0.09328372031450272,-0.7426454424858093,0.26618728041648865,0.4546489715576172,-0.4204988479614258,0.09669294208288193,0.03725013881921768,-0.9966796040534973,-128.82708740234375,-496.78326416015625,-1500.0,-1394.13623046875,-50.59927749633789,-1500.0,-128.82708740234375,-496.78326416015625,-1500.0,-1394.13623046875,-50.59927749633789,-1500.0,-128.82708740234375,-496.78326416015625,-1500.0,-1394.13623046875,-50.59927749633789,-1500.0
2.0333334393799305,0.5380802154541016,-0.7375044822692871,-0.10796395689249039,-1.2047343254089355,0.09385250508785248,-0.7589814066886902,0.2618787884712219,0.44570136070251465,-0.4154772162437439,0.08847744762897491,0.03654324263334274,-0.9804197549819946,8.673675537109375,-255.7373046875,-311.3379821777344,-1144.498046875,-31.592994689941406,-16.229156494140625,8.673675537109375,-255.7373046875,-311.3379821777344,-1144.498046875,-31.592994689941406,-16.229156494140625,8.673675537109375,-255.7373046875,-311.3379821777344,-1144.498046875,-31.592994689941406,-16.229156494140625
2.0500001069158316,0.5423130393028259,-0.7299995422363281,-0.11489022523164749,-1.2020022869110107,0.09441296011209488,-0.7756266593933105,0.2547065019607544,0.4320187270641327,-0.43886369466781616,0.08017566800117493,0.035616789013147354,-0.9990688562393188,-109.54498291015625,-488.7199401855469,-1500.0,-1311.94921875,-45.722572326660156,-1427.397705078125,-109.54498291015625,-488.7199401855469,-1500.0,-1311.94921875,-45.722572326660156,-1427.397705078125,-109.54498291015625,-488.7199401855469,-1500.0,-1311.94921875,-45.722572326660156,-1427.397705078125
2.0666667744517326,0.5464782118797302,-0.7226868867874146,-0.12178326398134232,-1.1996082067489624,0.09495522826910019,-0.7920011878013611,0.25057750940322876,0.4236655533313751,-0.4332519471645355,0.07319694012403488,0.034959230571985245,-0.982757568359375,8.033515930175781,-241.6121826171875,-291.369873046875,-1089.15966796875,-31.082630157470703,-15.623565673828125,8.033515930175781,-241.6121826171875,-291.369873046875,-1089.15966796875,-31.082630157470703,-15.623565673828125,8.033515930175781,-241.6121826171875,-291.369873046875,-1089.15966796875,-31.082630157470703,-15.623565673828125
2.0833334419876337,0.5505217909812927,-0.7155624628067017,-0.1290091723203659,-1.1971156597137451,0.09548932313919067,-0.8086597323417664,0.24334146082401276,0.4090290069580078,-0.45681390166282654,0.06468943506479263,0.0340602733194828,-0.9998911023139954,-119.87089538574219,-539.8392944335938,-1500.0,-1328.389892578125,-46.657772064208984,-1367.45458984375,-119.87089538574219,-539.8392944335938,-1500.0,-1328.389892578125,-46.657772064208984,-1367.45458984375,-119.87089538574219,-539.8392944335938,-1500.0,-1328.389892578125,-46.657772064208984,-1367.45458984375
2.1000001095235348,0.5545010566711426,-0.7086290121078491,-0.13620156049728394,-1.1949760913848877,0.09600599110126495,-0.8250474333763123,0.2393990308046341,0.4009992778301239,-0.45095622539520264,0.057682063430547714,0.03341565653681755,-0.9835705757141113,7.827880859375,-239.3543701171875,-286.1178283691406,-1087.7916259765625,-32.06327438354492,-15.77138900756836,7.827880859375,-239.3543701171875,-286.1178283691406,-1087.7916259765625,-32.06327438354492,-15.77138900756836,7.827880859375,-239.3543701171875,-286.1178283691406,-1087.7916259765625,-32.06327438354492,-15.77138900756836
2.116666777059436,0.5583387613296509,-0.7019264101982117,-0.14387398958206177,-1.1926707029342651,0.09651470929384232,-0.8418627381324768,0.23100706934928894,0.3822461664676666,-0.48499539494514465,0.04669872298836708,0.032422903925180435,-1.0093239545822144,-174.00146484375,-734.7595825195312,-1500.0,-1500.0,-54.49340057373047,-1500.0,-174.00146484375,-734.7595825195312,-1500.0,-1500.0,-54.49340057373047,-1500.0,-174.00146484375,-734.7595825195312,-1500.0,-1500.0,-54.49340057373047,-1500.0
2.133333444595337,0.5621164441108704,-0.6954392194747925,-0.15154008567333221,-1.1908495426177979,0.09700401872396469,-0.8584061861038208,0.22727937996387482,0.3742336332798004,-0.47916048765182495,0.038006749004125595,0.03174009174108505,-0.9928788542747498,8.1688232421875,-252.73919677734375,-299.6391296386719,-1158.7733154296875,-35.132022857666016,-17.01593017578125,8.1688232421875,-252.73919677734375,-299.6391296386719,-1158.7733154296875,-35.132022857666016,-17.01593017578125,8.1688232421875,-252.73919677734375,-299.6391296386719,-1158.7733154296875,-35.132022857666016,-17.01593017578125
2.150000112131238,0.5657726526260376,-0.6891719102859497,-0.15953843295574188,-1.1889182329177856,0.09748471528291702,-0.8751680850982666,0.2200620472431183,0.3573188781738281,-0.5030372738838196,0.028654994443058968,0.03089558705687523,-1.0060747861862183,-134.948486328125,-659.5933227539062,-1500.0,-1379.43701171875,-48.40970230102539,-1214.3802490234375,-134.948486328125,-659.5933227539062,-1500.0,-1379.43701171875,-48.40970230102539,-1214.3802490234375,-134.948486328125,-659.5933227539062,-1500.0,-1379.43701171875,-48.40970230102539,-1214.3802490234375
2.166666779667139,0.5693711042404175,-0.6830925941467285,-0.16750119626522064,-1.1873785257339478,0.09794962406158447,-0.8916576504707336,0.21650294959545135,0.35001814365386963,-0.49652987718582153,0.021588141098618507,0.03027251735329628,-0.9896641969680786,7.4964752197265625,-233.69549560546875,-274.9896240234375,-1082.619140625,-33.85737609863281,-16.067031860351562,7.4964752197265625,-233.69549560546875,-274.9896240234375,-1082.619140625,-33.85737609863281,-16.067031860351562,7.4964752197265625,-233.69549560546875,-274.9896240234375,-1082.619140625,-33.85737609863281,-16.067031860351562
2.18333344720304,0.5728495717048645,-0.6772426962852478,-0.17579254508018494,-1.1857091188430786,0.09840627759695053,-0.9083369970321655,0.20940075814723969,0.3322494924068451,-0.5204785466194153,0.012099767103791237,0.029462160542607307,-1.0011601448059082,-137.60804748535156,-705.9371948242188,-1500.0,-1386.734130859375,-48.78029251098633,-1143.157470703125,-137.60804748535156,-705.9371948242188,-1500.0,-1386.734130859375,-48.78029251098633,-1143.157470703125,-137.60804748535156,-705.9371948242188,-1500.0,-1386.734130859375,-48.78029251098633,-1143.157470703125
2.200000114738941,0.5762735605239868,-0.6715782284736633,-0.184047132730484,-1.1844446659088135,0.09884782135486603,-0.9247455596923828,0.20601728558540344,0.3253258466720581,-0.5137120485305786,0.005075251683592796,0.028849134221673012,-0.9848358631134033,7.340911865234375,-229.18702697753906,-267.975341796875,-1073.9755859375,-34.632164001464844,-16.145709991455078,7.340911865234375,-229.18702697753906,-267.975341796875,-1073.9755859375,-34.632164001464844,-16.145709991455078,7.340911865234375,-229.18702697753906,-267.975341796875,-1073.9755859375,-34.632164001464844,-16.145709991455078
2.2166667822748423,0.5795600414276123,-0.6662037372589111,-0.19277945160865784,-1.182975172996521,0.099280945956707,-0.9414514899253845,0.19790466129779816,0.3021385669708252,-0.5484506487846375,-0.007404050324112177,0.027955690398812294,-1.0027920007705688,-185.28518676757812,-954.4598999023438,-1500.0,-1500.0,-56.39508819580078,-1403.93017578125,-185.28518676757812,-954.4598999023438,-1500.0,-1500.0,-56.39508819580078,-1403.93017578125,-185.28518676757812,-954.4598999023438,-1500.0,-1500.0,-56.39508819580078,-1403.93017578125
2.2333334498107433,0.5827961564064026,-0.661042332649231,-0.20150570571422577,-1.1820604801177979,0.09969732165336609,-0.9578880667686462,0.1947229951620102,0.2952648401260376,-0.5417273044586182,-0.016288746148347855,0.027289532124996185,-0.986473560333252,7.760528564453125,-241.94837951660156,-281.33984375,-1147.8377685546875,-37.98231506347656,-17.447479248046875,7.760528564453125,-241.94837951660156,-281.33984375,-1147.8377685546875,-37.98231506347656,-17.447479248046875,7.760528564453125,-241.94837951660156,-281.33984375,-1147.8377685546875,-37.98231506347656,-17.447479248046875
2.2500001173466444,0.5859194397926331,-0.6561388373374939,-0.21055687963962555,-1.1810054779052734,0.10010495036840439,-0.9744425415992737,0.188066303730011,0.2754766643047333,-0.5657376646995544,-0.02650350332260132,0.026537366211414337,-0.9936491250991821,-134.257080078125,-814.2149658203125,-1500.0,-1419.330322265625,-49.6558837890625,-965.4164428710938,-134.257080078125,-814.2149658203125,-1500.0,-1419.330322265625,-49.6558837890625,-965.4164428710938,-134.257080078125,-814.2149658203125,-1500.0,-1419.330322265625,-49.6558837890625,-965.4164428710938
2.2666667848825455,0.5889943838119507,-0.6514148712158203,-0.21956758201122284,-1.180389642715454,0.10049904137849808,-0.9907284379005432,0.18503399193286896,0.26941052079200745,-0.5582886338233948,-0.033416833728551865,0.02594178169965744,-0.9774576425552368,7.079246520996094,-218.8277130126953,-253.41326904296875,-1052.93994140625,-35.874393463134766,-16.21484375,7.079246520996094,-218.8277130126953,-253.41326904296875,-1052.93994140625,-35.874393463134766,-16.21484375,7.079246520996094,-218.8277130126953,-253.41326904296875,-1052.93994140625,-35.874393463134766,-16.21484375
2.2833334524184465,0.5919612050056458,-0.6469565033912659,-0.22889789938926697,-1.1796116828918457,0.10088478028774261,-1.0071014165878296,0.17867276072502136,0.24888189136981964,-0.5822629332542419,-0.04370071738958359,0.0252225399017334,-0.9827889800071716,-128.81874084472656,-855.0059814453125,-1500.0,-1417.2156982421875,-49.66117477416992,-884.349365234375,-128.81874084472656,-855.0059814453125,-1500.0,-1417.2156982421875,-49.66117477416992,-884.349365234375,-128.81874084472656,-855.0059814453125,-1500.0,-1417.2156982421875,-49.66117477416992,-884.349365234375
2.3000001199543476,0.5948823094367981,-0.6426737308502197,-0.23818601667881012,-1.1792855262756348,0.10125762224197388,-1.0232089757919312,0.17579522728919983,0.24324071407318115,-0.5745479464530945,-0.050497911870479584,0.024636104702949524,-0.9667801856994629,6.957649230957031,-212.1955108642578,-245.13363647460938,-1036.978759765625,-36.32106018066406,-16.17669677734375,6.957649230957031,-212.1955108642578,-245.13363647460938,-1036.978759765625,-36.32106018066406,-16.17669677734375,6.957649230957031,-212.1955108642578,-245.13363647460938,-1036.978759765625,-36.32106018066406,-16.17669677734375
2.3166667874902487,0.5976836681365967,-0.6387349367141724,-0.24794305860996246,-1.1787147521972656,0.10162152349948883,-1.0394715070724487,0.16879063844680786,0.21610142290592194,-0.6094896793365479,-0.06423938274383545,0.023837905377149582,-0.9761966466903687,-160.66372680664062,-1151.5791015625,-1500.0,-1500.0,-57.258304595947266,-1044.6619873046875,-160.66372680664062,-1151.5791015625,-1500.0,-1500.0,-57.258304595947266,-1044.6619873046875,-160.66372680664062,-1151.5791015625,-1500.0,-1500.0,-57.258304595947266,-1044.6619873046875
2.3333334550261497,0.6004432439804077,-0.6350006461143494,-0.25769150257110596,-1.1787629127502441,0.10197121649980545,-1.0554722547531128,0.1660899966955185,0.2105579376220703,-0.6018308401107788,-0.07300777733325958,0.02318371646106243,-0.9603323936462402,7.465484619140625,-223.55914306640625,-258.012451171875,-1110.84912109375,-39.886383056640625,-17.502288818359375,7.465484619140625,-223.55914306640625,-258.012451171875,-1110.84912109375,-39.886383056640625,-17.502288818359375,7.465484619140625,-223.55914306640625,-258.012451171875,-1110.84912109375,-39.886383056640625,-17.502288818359375
2.350000122562051,0.6031088829040527,-0.631557822227478,-0.2677523195743561,-1.178637981414795,0.10231181979179382,-1.0714834928512573,0.1605975329875946,0.18830685317516327,-0.6255998015403748,-0.0838671550154686,0.022510532289743423,-0.9610644578933716,-106.31442260742188,-949.9186401367188,-1500.0,-1429.4749755859375,-50.16736602783203,-685.6727294921875,-106.31442260742188,-949.9186401367188,-1500.0,-1429.4749755859375,-50.16736602783203,-685.6727294921875,-106.31442260742188,-949.9186401367188,-1500.0,-1429.4749755859375,-50.16736602783203,-685.6727294921875
2.366666790097952,0.6057342290878296,-0.6282809972763062,-0.27776607871055603,-1.1789946556091309,0.1026410460472107,-1.0872353315353394,0.1580180823802948,0.18363802134990692,-0.6171903610229492,-0.09037382900714874,0.021939706057310104,-0.9454193115234375,6.758567810058594,-197.5882110595703,-228.22503662109375,-1000.0972900390625,-36.86412811279297,-15.940658569335938,6.758567810058594,-197.5882110595703,-228.22503662109375,-1000.0972900390625,-36.86412811279297,-15.940658569335938,6.758567810058594,-197.5882110595703,-228.22503662109375,-1000.0972900390625,-36.86412811279297,-15.940658569335938
2.383333457633853,0.6082732081413269,-0.6253016591072083,-0.2880852520465851,-1.17915678024292,0.1029614806175232,-1.1029651165008545,0.15299692749977112,0.16077357530593872,-0.6408142447471619,-0.10123666375875473,0.02129090577363968,-0.9442084431648254,-92.62503051757812,-984.64306640625,-1500.0,-1418.033935546875,-50.0654411315918,-596.5352172851562,-92.62503051757812,-984.64306640625,-1500.0,-1418.033935546875,-50.0654411315918,-596.5352172851562,-92.62503051757812,-984.64306640625,-1500.0,-1418.033935546875,-50.0654411315918,-596.5352172851562
2.400000125169754,0.6107739806175232,-0.62248295545578,-0.2983553111553192,-1.1798112392425537,0.10327120125293732,-1.1184405088424683,0.15054288506507874,0.15656910836696625,-0.6321417093276978,-0.10754946619272232,0.02072887495160103,-0.9288433790206909,6.662010192871094,-189.23880004882812,-219.19842529296875,-977.035400390625,-36.93081283569336,-15.778541564941406,6.662010192871094,-189.23880004882812,-219.19842529296875,-977.035400390625,-36.93081283569336,-15.778541564941406,6.662010192871094,-189.23880004882812,-219.19842529296875,-977.035400390625,-36.93081283569336,-15.778541564941406
2.416666792705655,0.6131863594055176,-0.62005615234375,-0.3090784251689911,-1.1801801919937134,0.10357080399990082,-1.1339190006256104,0.14546361565589905,0.1260368824005127,-0.666763186454773,-0.1222715675830841,0.019988680258393288,-0.9291775822639465,-99.4366455078125,-1322.9644775390625,-1500.0,-1500.0,-58.167720794677734,-649.6405639648438,-99.4366455078125,-1322.9644775390625,-1500.0,-1500.0,-58.167720794677734,-649.6405639648438,-99.4366455078125,-1322.9644775390625,-1500.0,-1500.0,-58.167720794677734,-649.6405639648438
2.433333460241556,0.615564227104187,-0.6178195476531982,-0.3197884261608124,-1.1812242269515991,0.10385871678590775,-1.1491490602493286,0.14314953982830048,0.12198778241872787,-0.6581529378890991,-0.13059505820274353,0.01934804767370224,-0.9140982031822205,7.238983154296875,-198.74749755859375,-231.37445068359375,-1048.2054443359375,-40.54405212402344,-17.132781982421875,7.238983154296875,-198.74749755859375,-231.37445068359375,-1048.2054443359375,-40.54405212402344,-17.132781982421875,7.238983154296875,-198.74749755859375,-231.37445068359375,-1048.2054443359375,-40.54405212402344,-17.132781982421875
2.4500001277774572,0.6178765892982483,-0.6159021854400635,-0.33079275488853455,-1.1820622682571411,0.10413658618927002,-1.16427743434906,0.1394006609916687,0.09773328900337219,-0.6812950372695923,-0.1418517380952835,0.018717003986239433,-0.908119797706604,-50.957794189453125,-1064.940673828125,-1500.0,-1409.1673583984375,-50.75827407836914,-381.3147888183594,-50.957794189453125,-1064.940673828125,-1500.0,-1409.1673583984375,-50.75827407836914,-381.3147888183594,-50.957794189453125,-1064.940673828125,-1500.0,-1409.1673583984375,-50.75827407836914,-381.3147888183594
2.4666667953133583,0.6201547980308533,-0.6141324639320374,-0.3417423963546753,-1.1834181547164917,0.10440525412559509,-1.179161787033081,0.13717162609100342,0.09459394961595535,-0.6719379425048828,-0.14769433438777924,0.01817283034324646,-0.8933523893356323,6.502861022949219,-171.4554443359375,-201.08099365234375,-925.37841796875,-36.63129806518555,-15.316009521484375,6.502861022949219,-171.4554443359375,-201.08099365234375,-925.37841796875,-36.63129806518555,-15.316009521484375,6.502861022949219,-171.4554443359375,-201.08099365234375,-925.37841796875,-36.63129806518555,-15.316009521484375
2.4833334628492594,0.6223780512809753,-0.6126869916915894,-0.35297781229019165,-1.1845452785491943,0.10466397553682327,-1.193910837173462,0.13405939936637878,0.06986255198717117,-0.6948238611221313,-0.1588832587003708,0.017550379037857056,-0.8853797316551208,-29.129974365234375,-1093.44482421875,-1500.0,-1388.7862548828125,-50.8385124206543,-286.07366943359375,-29.129974365234375,-1093.44482421875,-1500.0,-1388.7862548828125,-50.8385124206543,-286.07366943359375,-29.129974365234375,-1093.44482421875,-1500.0,-1388.7862548828125,-50.8385124206543,-286.07366943359375
2.5000001303851604,0.6245688796043396,-0.6113823056221008,-0.3641565144062042,-1.186199426651001,0.10491419583559036,-1.2084219455718994,0.13191896677017212,0.06721566617488861,-0.685217022895813,-0.164459690451622,0.017016185447573662,-0.870987594127655,6.428955078125,-162.00778198242188,-191.89117431640625,-896.144287109375,-36.28932189941406,-15.017982482910156,6.428955078125,-162.00778198242188,-191.89117431640625,-896.144287109375,-36.28932189941406,-15.017982482910156,6.428955078125,-162.00778198242188,-191.89117431640625,-896.144287109375,-36.28932189941406,-15.017982482910156
2.5166667979210615,0.6267151832580566,-0.610511064529419,-0.3757643401622772,-1.1875267028808594,0.1051519513130188,-1.2227791547775269,0.1295403689146042,0.033916719257831573,-0.7189774513244629,-0.17982463538646698,0.016265174373984337,-0.8619148135185242,-2.2065582275390625,-1466.6080322265625,-1500.0,-1500.0,-60.32779312133789,-227.7064208984375,-2.2065582275390625,-1466.6080322265625,-1500.0,-1500.0,-60.32779312133789,-227.7064208984375,-2.2065582275390625,-1466.6080322265625,-1500.0,-1500.0,-60.32779312133789,-227.7064208984375
2.5333334654569626,0.6288323402404785,-0.609809398651123,-0.3873538374900818,-1.1895763874053955,0.10538064688444138,-1.2369072437286377,0.12749236822128296,0.03148870915174484,-0.7094382643699646,-0.1873825192451477,0.01564672775566578,-0.8479477763175964,7.085205078125,-169.49981689453125,-203.28997802734375,-962.36767578125,-39.797576904296875,-16.329315185546875,7.085205078125,-169.49981689453125,-203.28997802734375,-962.36767578125,-39.797576904296875,-16.329315185546875,7.085205078125,-169.49981689453125,-203.28997802734375,-962.36767578125,-39.797576904296875,-16.329315185546875
2.5500001329928637,0.6309211254119873,-0.6094498038291931,-0.3992139399051666,-1.1913862228393555,0.10559739172458649,-1.2508196830749512,0.12602204084396362,0.00572847668081522,-0.7315643429756165,-0.1987496316432953,0.014999352395534515,-0.8351563215255737,31.044784545898438,-1158.5416259765625,-1500.0,-1359.03662109375,-52.37519836425781,-59.12542724609375,31.044784545898438,-1158.5416259765625,-1500.0,-1359.03662109375,-52.37519836425781,-59.12542724609375,31.044784545898438,-1158.5416259765625,-1500.0,-1359.03662109375,-52.37519836425781,-59.12542724609375
2.5666668005287647,0.6329805254936218,-0.6092144250869751,-0.41101163625717163,-1.193743109703064,0.10580723732709885,-1.2645082473754883,0.12401624768972397,0.004210576880723238,-0.7213057279586792,-0.20368970930576324,0.014487477019429207,-0.8215916752815247,6.306465148925781,-142.51611328125,-173.5699462890625,-831.95849609375,-35.14997863769531,-14.286041259765625,6.306465148925781,-142.51611328125,-173.5699462890625,-831.95849609375,-35.14997863769531,-14.286041259765625,6.306465148925781,-142.51611328125,-173.5699462890625,-831.95849609375,-35.14997863769531,-14.286041259765625
2.583333468064666,0.6350241303443909,-0.6093246340751648,-0.42306968569755554,-1.1958379745483398,0.10600483417510986,-1.2779477834701538,0.1233300119638443,-0.021880291402339935,-0.743065357208252,-0.21491235494613647,0.013826045207679272,-0.8068037033081055,60.550872802734375,-1180.8084716796875,-1500.0,-1330.6307373046875,-52.908172607421875,40.06622314453125,60.550872802734375,-1180.8084716796875,-1500.0,-1330.6307373046875,-52.908172607421875,40.06622314453125,60.550872802734375,-1180.8084716796875,-1500.0,-1330.6307373046875,-52.908172607421875,40.06622314453125
2.600000135600567,0.6370393633842468,-0.6095510125160217,-0.4350636899471283,-1.198486089706421,0.10619627684354782,-1.291171669960022,0.12136991322040558,-0.02289235219359398,-0.7325830459594727,-0.2195219248533249,0.0133280074223876,-0.7937046885490417,6.256103515625,-132.76541137695312,-164.6876220703125,-797.93017578125,-34.35477828979492,-13.871200561523438,6.256103515625,-132.76541137695312,-164.6876220703125,-797.93017578125,-34.35477828979492,-13.871200561523438,6.256103515625,-132.76541137695312,-164.6876220703125,-797.93017578125,-34.35477828979492,-13.871200561523438
2.616666803136468,0.6390656232833862,-0.6102454662322998,-0.44745486974716187,-1.200768232345581,0.10637127608060837,-1.3040825128555298,0.1223977729678154,-0.05827350541949272,-0.7649325132369995,-0.23512694239616394,0.01247042790055275,-0.7751267552375793,129.1358642578125,-1500.0,-1500.0,-1500.0,-64.9627685546875,211.615478515625,129.1358642578125,-1500.0,-1500.0,-1500.0,-64.9627685546875,211.615478515625,129.1358642578125,-1500.0,-1500.0,-1500.0,-64.9627685546875,211.615478515625
2.633333470672369,0.6410659551620483,-0.611082911491394,-0.45982277393341064,-1.2038081884384155,0.10654019564390182,-1.3167879581451416,0.12047295272350311,-0.05900523066520691,-0.7545270919799805,-0.24163062870502472,0.011887751519680023,-0.7625875473022461,6.971061706542969,-138.3939208984375,-175.36517333984375,-857.7568359375,-37.65955352783203,-15.06805419921875,6.971061706542969,-138.3939208984375,-175.36517333984375,-857.7568359375,-37.65955352783203,-15.06805419921875,6.971061706542969,-138.3939208984375,-175.36517333984375,-857.7568359375,-37.65955352783203,-15.06805419921875
2.65000013820827,0.6430826783180237,-0.6122793555259705,-0.47243162989616394,-1.2065755128860474,0.10669385641813278,-1.3291653394699097,0.12175032496452332,-0.08574308454990387,-0.7752507925033569,-0.25278139114379883,0.011144813150167465,-0.7430485486984253,137.9019012451172,-1230.574462890625,-1480.257568359375,-1281.3182373046875,-55.970619201660156,273.5543212890625,137.9019012451172,-1230.574462890625,-1480.257568359375,-1281.3182373046875,-55.970619201660156,273.5543212890625,137.9019012451172,-1230.574462890625,-1480.257568359375,-1281.3182373046875,-55.970619201660156,273.5543212890625
2.666666805744171,0.6450721025466919,-0.6135725378990173,-0.48497143387794495,-1.2099100351333618,0.10684320330619812,-1.3413445949554443,0.11981941014528275,-0.08559730648994446,-0.7641726136207581,-0.2566189765930176,0.01067892275750637,-0.730996310710907,6.138084411621094,-113.20263671875,-146.95526123046875,-724.594482421875,-32.39952087402344,-12.910354614257812,6.138084411621094,-113.20263671875,-146.95526123046875,-724.594482421875,-32.39952087402344,-12.910354614257812,6.138084411621094,-113.20263671875,-146.95526123046875,-724.594482421875,-32.39952087402344,-12.910354614257812
2.683333473280072,0.6470926403999329,-0.6152269244194031,-0.4977405369281769,-1.2129507064819336,0.10697654634714127,-1.3531628847122192,0.12200634926557541,-0.1125124841928482,-0.7844225764274597,-0.26753875613212585,0.009895033203065395,-0.7095092535018921,174.3894805908203,-1246.6845703125,-1459.40185546875,-1246.015869140625,-57.281333923339844,374.36480712890625,174.3894805908203,-1246.6845703125,-1459.40185546875,-1246.015869140625,-57.281333923339844,374.36480712890625,174.3894805908203,-1246.6845703125,-1459.40185546875,-1246.015869140625,-57.281333923339844,374.36480712890625
2.7000001408159733,0.6490861773490906,-0.6169686317443848,-0.510439395904541,-1.2165625095367432,0.10710641741752625,-1.3647922277450562,0.12007312476634979,-0.1118638813495636,-0.7731548547744751,-0.2709999084472656,0.009447152726352215,-0.6980065107345581,6.090400695800781,-103.90191650390625,-138.63922119140625,-687.59814453125,-31.259471893310547,-12.385833740234375,6.090400695800781,-103.90191650390625,-138.63922119140625,-687.59814453125,-31.259471893310547,-12.385833740234375,6.090400695800781,-103.90191650390625,-138.63922119140625,-687.59814453125,-31.259471893310547,-12.385833740234375
2.7166668083518744,0.6511560678482056,-0.6192048192024231,-0.523495078086853,-1.219772219657898,0.10721376538276672,-1.3759523630142212,0.12511663138866425,-0.14859911799430847,-0.803552508354187,-0.28636762499809265,0.00836170744150877,-0.670054018497467,291.4231872558594,-1500.0,-1500.0,-1483.5369873046875,-73.36811828613281,658.1926879882812,291.4231872558594,-1500.0,-1500.0,-1483.5369873046875,-73.36811828613281,658.1926879882812,291.4231872558594,-1500.0,-1500.0,-1483.5369873046875,-73.36811828613281,658.1926879882812
2.7333334758877754,0.6532009243965149,-0.6215528249740601,-0.5365237593650818,-1.2237616777420044,0.10731840878725052,-1.386936068534851,0.12315516918897629,-0.1476193219423294,-0.7923776507377625,-0.29159635305404663,0.007833633571863174,-0.6592375040054321,6.887321472167969,-108.05667114257812,-148.6158447265625,-740.43994140625,-34.24422836303711,-13.50164794921875,6.887321472167969,-108.05667114257812,-148.6158447265625,-740.43994140625,-34.24422836303711,-13.50164794921875,6.887321472167969,-108.05667114257812,-148.6158447265625,-740.43994140625,-34.24422836303711,-13.50164794921875
2.7500001434236765,0.6553130745887756,-0.6242702603340149,-0.5497584939002991,-1.2274481058120728,0.10740295797586441,-1.3974831104278564,0.12756648659706116,-0.174788236618042,-0.811327338218689,-0.30216026306152344,0.006902586668729782,-0.6331853866577148,266.91107177734375,-1281.1845703125,-1409.2659912109375,-1179.0203857421875,-62.47954177856445,608.980712890625,266.91107177734375,-1281.1845703125,-1409.2659912109375,-1179.0203857421875,-62.47954177856445,608.980712890625,266.91107177734375,-1281.1845703125,-1409.2659912109375,-1179.0203857421875,-62.47954177856445,608.980712890625
2.7666668109595776,0.6573977470397949,-0.6270536780357361,-0.5629189014434814,-1.2317122220993042,0.10748608410358429,-1.4078619480133057,0.12554657459259033,-0.17299097776412964,-0.7995409965515137,-0.3047597408294678,0.006498540285974741,-0.6229326725006104,5.972381591796875,-85.73056030273438,-121.88909912109375,-609.0068359375,-28.61963653564453,-11.222366333007812,5.972381591796875,-85.73056030273438,-121.88909912109375,-609.0068359375,-28.61963653564453,-11.222366333007812,5.972381591796875,-85.73056030273438,-121.88909912109375,-609.0068359375,-28.61963653564453,-11.222366333007812
2.7833334784954786,0.6595658659934998,-0.6302075982093811,-0.5762721300125122,-1.2356541156768799,0.107547827064991,-1.4177731275558472,0.1309647262096405,-0.20018115639686584,-0.8179157972335815,-0.314992219209671,0.005495389923453331,-0.5950274467468262,309.3814697265625,-1291.2171630859375,-1383.311767578125,-1137.8870849609375,-64.85153198242188,709.1260375976562,309.3814697265625,-1291.2171630859375,-1383.311767578125,-1137.8870849609375,-64.85153198242188,709.1260375976562,309.3814697265625,-1291.2171630859375,-1383.311767578125,-1137.8870849609375,-64.85153198242188,709.1260375976562
2.8000001460313797,0.6617060899734497,-0.6334170699119568,-0.589550793170929,-1.2401736974716187,0.10760916024446487,-1.4275262355804443,0.1288917362689972,-0.19790010154247284,-0.8059799671173096,-0.31719276309013367,0.005114482715725899,-0.5853992104530334,5.9306640625,-77.4532470703125,-114.19061279296875,-570.912353515625,-27.195236206054688,-10.6358642578125,5.9306640625,-77.4532470703125,-114.19061279296875,-570.912353515625,-27.195236206054688,-10.6358642578125,5.9306640625,-77.4532470703125,-114.19061279296875,-570.912353515625,-27.195236206054688,-10.6358642578125
2.8166668135672808,0.6639955043792725,-0.6371387839317322,-0.6031385064125061,-1.244259238243103,0.10763946920633316,-1.4366599321365356,0.13843895494937897,-0.23523768782615662,-0.8339059948921204,-0.3317752480506897,0.0036651319824159145,-0.5484318733215332,480.27099609375,-1500.0,-1500.0,-1363.67333984375,-86.58525085449219,1101.6988525390625,480.27099609375,-1500.0,-1500.0,-1363.67333984375,-86.58525085449219,1101.6988525390625,480.27099609375,-1500.0,-1500.0,-1363.67333984375,-86.58525085449219,1101.6988525390625
2.833333481103182,0.666258692741394,-0.6409369707107544,-0.6166972517967224,-1.249131441116333,0.10767097771167755,-1.4456504583358765,0.13626934587955475,-0.23259024322032928,-0.822085976600647,-0.33560097217559814,0.0032139860559254885,-0.5396055579185486,6.805656433105469,-80.54794311523438,-123.465087890625,-616.9521484375,-29.823577880859375,-11.646728515625,6.805656433105469,-80.54794311523438,-123.465087890625,-616.9521484375,-29.823577880859375,-11.646728515625,6.805656433105469,-80.54794311523438,-123.465087890625,-616.9521484375,-29.823577880859375,-11.646728515625
2.850000148639083,0.6686444878578186,-0.6451090574264526,-0.6304215788841248,-1.2536746263504028,0.1076757088303566,-1.4541023969650269,0.14410115778446198,-0.25964197516441345,-0.8389161825180054,-0.34516844153404236,0.0019912186544388533,-0.5074335336685181,414.47100830078125,-1310.58154296875,-1320.648193359375,-1055.24560546875,-72.76162719726562,939.4525756835938,414.47100830078125,-1310.58154296875,-1320.648193359375,-1055.24560546875,-72.76162719726562,939.4525756835938,414.47100830078125,-1310.58154296875,-1320.648193359375,-1055.24560546875,-72.76162719726562,939.4525756835938
2.866666816174984,0.6709999442100525,-0.6493139266967773,-0.6440690159797668,-1.2587932348251343,0.10768246650695801,-1.4624204635620117,0.14181862771511078,-0.2562563121318817,-0.8265536427497864,-0.34647437930107117,0.0016690308693796396,-0.4992380142211914,5.766746520996094,-61.628814697265625,-98.46685791015625,-490.819091796875,-24.04016876220703,-9.350784301757812,5.766746520996094,-61.628814697265625,-98.46685791015625,-490.819091796875,-24.04016876220703,-9.350784301757812,5.766746520996094,-61.628814697265625,-98.46685791015625,-490.819091796875,-24.04016876220703,-9.350784301757812
2.883333483710885,0.6734951138496399,-0.6538913249969482,-0.6578677296638489,-1.2635657787322998,0.10766054689884186,-1.4701712131500244,0.15072274208068848,-0.2831740081310272,-0.8427148461341858,-0.35560014843940735,0.00034131360007449985,-0.46535545587539673,461.6802978515625,-1314.53271484375,-1289.744384765625,-1009.173583984375,-76.40917205810547,1036.5665283203125,461.6802978515625,-1314.53271484375,-1289.744384765625,-1009.173583984375,-76.40917205810547,1036.5665283203125,461.6802978515625,-1314.53271484375,-1289.744384765625,-1009.173583984375,-76.40917205810547,1036.5665283203125
2.900000151246786,0.6759589314460754,-0.6584915518760681,-0.6715898513793945,-1.268911361694336,0.1076417863368988,-1.477799415588379,0.14833517372608185,-0.27933913469314575,-0.8302493095397949,-0.356511652469635,4.861133129452355e-05,-0.4578477442264557,5.708930969238281,-54.728973388671875,-91.34771728515625,-453.240966796875,-22.423694610595703,-8.705856323242188,5.708930969238281,-54.728973388671875,-91.34771728515625,-453.240966796875,-22.423694610595703,-8.705856323242188,5.708930969238281,-54.728973388671875,-91.34771728515625,-453.240966796875,-22.423694610595703,-8.705856323242188
2.916666818782687,0.6786500811576843,-0.6636115908622742,-0.6855661273002625,-1.2737962007522583,0.10758098214864731,-1.4846680164337158,0.16273248195648193,-0.316527396440506,-0.8552213907241821,-0.36971160769462585,-0.0019115990726277232,-0.4124431312084198,690.2003173828125,-1500.0,-1500.0,-1216.2364501953125,-105.54545593261719,1500.0,690.2003173828125,-1500.0,-1500.0,-1216.2364501953125,-105.54545593261719,1500.0,690.2003173828125,-1500.0,-1500.0,-1216.2364501953125,-105.54545593261719,1500.0
2.9333334863185883,0.6813110113143921,-0.6687713265419006,-0.6995131373405457,-1.2794585227966309,0.10752584785223007,-1.4914302825927734,0.1601780354976654,-0.3123091757297516,-0.8429026007652283,-0.37210384011268616,-0.0022612232714891434,-0.40583735704421997,6.662010192871094,-57.097686767578125,-99.842529296875,-492.8447265625,-24.704872131347656,-9.56536865234375,6.662010192871094,-57.097686767578125,-99.842529296875,-492.8447265625,-24.704872131347656,-9.56536865234375,6.662010192871094,-57.097686767578125,-99.842529296875,-492.8447265625,-24.704872131347656,-9.56536865234375
2.9500001538544893,0.684152364730835,-0.67430180311203,-0.7135816216468811,-1.2847696542739868,0.10743545740842819,-1.4975608587265015,0.1716049760580063,-0.3387095332145691,-0.8573005199432373,-0.38024643063545227,-0.003883320838212967,-0.36809152364730835,576.1897583007812,-1318.8612060546875,-1215.0478515625,-912.556640625,-87.46590423583984,1257.2764892578125,576.1897583007812,-1318.8612060546875,-1215.0478515625,-912.556640625,-87.46590423583984,1257.2764892578125,576.1897583007812,-1318.8612060546875,-1215.0478515625,-912.556640625,-87.46590423583984,1257.2764892578125
2.9666668213903904,0.6869580745697021,-0.6798317432403564,-0.7275722026824951,-1.2906427383422852,0.10735096037387848,-1.5035954713821411,0.16888310015201569,-0.3338429033756256,-0.844511866569519,-0.38028693199157715,-0.004101089667528868,-0.36217302083969116,5.4579925537109375,-41.62786865234375,-76.39166259765625,-374.40771484375,-18.966384887695312,-7.3337554931640625,5.4579925537109375,-41.62786865234375,-76.39166259765625,-374.40771484375,-18.966384887695312,-7.3337554931640625,5.4579925537109375,-41.62786865234375,-76.39166259765625,-374.40771484375,-18.966384887695312,-7.3337554931640625
2.9833334889262915,0.6899614334106445,-0.6857295036315918,-0.7416695356369019,-1.2961504459381104,0.10722878575325012,-1.5089731216430664,0.18141278624534607,-0.35996079444885254,-0.8581600189208984,-0.3878728151321411,-0.005861902143806219,-0.32289963960647583,626.6719360351562,-1316.73095703125,-1179.3804931640625,-861.998779296875,-92.54667663574219,1349.13330078125,626.6719360351562,-1316.73095703125,-1179.3804931640625,-861.998779296875,-92.54667663574219,1349.13330078125,626.6719360351562,-1316.73095703125,-1179.3804931640625,-861.998779296875,-92.54667663574219,1349.13330078125
3.0000001564621925,0.6929277181625366,-0.6916167140007019,-0.7556895017623901,-1.302213430404663,0.10711376368999481,-1.5142669677734375,0.1785351186990738,-0.35468924045562744,-0.8453139066696167,-0.387545108795166,-0.0060428595170378685,-0.3177197575569153,5.3501129150390625,-36.10491943359375,-69.56103515625,-338.255126953125,-17.227195739746094,-6.69598388671875,5.3501129150390625,-36.10491943359375,-69.56103515625,-338.255126953125,-17.227195739746094,-6.69598388671875,5.3501129150390625,-36.10491943359375,-69.56103515625,-338.255126953125,-17.227195739746094,-6.69598388671875
3.0166668239980936,0.6962016224861145,-0.6980209946632385,-0.769904375076294,-1.3077960014343262,0.10694312304258347,-1.5186736583709717,0.19797039031982422,-0.39100128412246704,-0.8669038414955139,-0.3987482488155365,-0.008663792163133621,-0.26465776562690735,914.7501220703125,-1500.0,-1500.0,-1043.24462890625,-130.83599853515625,1500.0,914.7501220703125,-1500.0,-1500.0,-1043.24462890625,-130.83599853515625,1500.0,914.7501220703125,-1500.0,-1500.0,-1043.24462890625,-130.83599853515625,1500.0
3.0333334915339947,0.6994394063949585,-0.7044283151626587,-0.7840900421142578,-1.3141298294067383,0.10678312927484512,-1.5230141878128052,0.1948571652173996,-0.38534852862358093,-0.8542400002479553,-0.39976760745048523,-0.008884812705218792,-0.2604650557041168,6.383056640625,-38.031341552734375,-77.118896484375,-371.816162109375,-19.173065185546875,-7.44580078125,6.383056640625,-38.031341552734375,-77.118896484375,-371.816162109375,-19.173065185546875,-7.44580078125,6.383056640625,-38.031341552734375,-77.118896484375,-371.816162109375,-19.173065185546875,-7.44580078125
3.0500001590698957,0.7029153108596802,-0.711195707321167,-0.7983512282371521,-1.320095181465149,0.10657764971256256,-1.5266417264938354,0.2099320888519287,-0.41059428453445435,-0.865941047668457,-0.40606123208999634,-0.011013854295015335,-0.2178260236978531,746.9398193359375,-1306.240478515625,-1093.4114990234375,-752.587158203125,-107.00758361816406,1500.0,746.9398193359375,-1306.240478515625,-1093.4114990234375,-752.587158203125,-107.00758361816406,1500.0,746.9398193359375,-1306.240478515625,-1093.4114990234375,-752.587158203125,-107.00758361816406,1500.0
3.066666826605797,0.7063483595848083,-0.717930018901825,-0.8125340342521667,-1.3265966176986694,0.10638242214918137,-1.5302141904830933,0.2065981775522232,-0.40438705682754517,-0.8528791666030884,-0.4049299657344818,-0.011101379059255123,-0.21436333656311035,4.906646728515625,-25.714630126953125,-54.922119140625,-262.228271484375,-13.626739501953125,-5.310760498046875,4.906646728515625,-25.714630126953125,-54.922119140625,-262.228271484375,-13.626739501953125,-5.310760498046875,4.906646728515625,-25.714630126953125,-54.922119140625,-262.228271484375,-13.626739501953125,-5.310760498046875
3.083333494141698,0.7100361585617065,-0.7250196933746338,-0.8267772793769836,-1.3327182531356812,0.1061386913061142,-1.53305184841156,0.22276875376701355,-0.42921367287635803,-0.8637614846229553,-0.4105580449104309,-0.01340064499527216,-0.17041799426078796,799.0252685546875,-1298.0986328125,-1053.3046875,-697.959716796875,-113.58671569824219,1500.0,799.0252685546875,-1298.0986328125,-1053.3046875,-697.959716796875,-113.58671569824219,1500.0,799.0252685546875,-1298.0986328125,-1053.3046875,-697.959716796875,-113.58671569824219,1500.0
3.100000161677599,0.7136791348457336,-0.732066810131073,-0.8409426808357239,-1.3393654823303223,0.10590658336877823,-1.535847783088684,0.21923157572746277,-0.4226532578468323,-0.8506913781166077,-0.40910059213638306,-0.013443805277347565,-0.16772891581058502,4.6902923583984375,-21.446929931640625,-48.28216552734375,-227.970947265625,-11.866840362548828,-4.6390380859375,4.6902923583984375,-21.446929931640625,-48.28216552734375,-227.970947265625,-11.866840362548828,-4.6390380859375,4.6902923583984375,-21.446929931640625,-48.28216552734375,-227.970947265625,-11.866840362548828,-4.6390380859375
3.1166668292135,0.7177091836929321,-0.7396178841590881,-0.8552408814430237,-1.3455183506011963,0.10560292750597,-1.537644386291504,0.243723526597023,-0.45741036534309387,-0.8685338497161865,-0.4177137017250061,-0.016870418563485146,-0.10797258466482162,1146.6318359375,-1500.0,-1340.41552734375,-846.601806640625,-162.7128448486328,1500.0,1146.6318359375,-1500.0,-1340.41552734375,-846.601806640625,-162.7128448486328,1500.0,1146.6318359375,-1500.0,-1340.41552734375,-846.601806640625,-162.7128448486328,1500.0
3.133333496749401,0.721695601940155,-0.747137188911438,-0.8695095181465149,-1.3523787260055542,0.10531534999608994,-1.5394178628921509,0.23988595604896545,-0.45048701763153076,-0.8556835055351257,-0.41748467087745667,-0.01693461462855339,-0.10633646696805954,5.7518463134765625,-23.046722412109375,-54.78857421875,-255.962646484375,-13.502090454101562,-5.2547454833984375,5.7518463134765625,-23.046722412109375,-54.78857421875,-255.962646484375,-13.502090454101562,-5.2547454833984375,5.7518463134765625,-23.046722412109375,-54.78857421875,-255.962646484375,-13.502090454101562,-5.2547454833984375
3.150000164285302,0.7259756326675415,-0.7549985647201538,-0.8838068246841431,-1.3588597774505615,0.10497041046619415,-1.5404095649719238,0.2585344612598419,-0.47412097454071045,-0.8644734025001526,-0.42154085636138916,-0.01967065967619419,-0.05960559472441673,920.9966430664062,-1273.221923828125,-957.1719360351562,-577.124267578125,-131.49871826171875,1500.0,920.9966430664062,-1273.221923828125,-957.1719360351562,-577.124267578125,-131.49871826171875,1500.0,920.9966430664062,-1273.221923828125,-957.1719360351562,-577.124267578125,-131.49871826171875,1500.0
3.1666668318212032,0.7302038669586182,-0.7627965211868286,-0.8980247378349304,-1.3658381700515747,0.10464047640562057,-1.5413895845413208,0.2544264793395996,-0.46673569083213806,-0.8512980341911316,-0.4193841218948364,-0.019599685445427895,-0.05872783809900284,3.855224609375,-13.408660888671875,-33.68377685546875,-155.635009765625,-8.259342193603516,-3.257843017578125,3.855224609375,-13.408660888671875,-33.68377685546875,-155.635009765625,-8.259342193603516,-3.257843017578125,3.855224609375,-13.408660888671875,-33.68377685546875,-155.635009765625,-8.259342193603516,-3.257843017578125
3.1833334993571043,0.7347410321235657,-0.7709301710128784,-0.9122565388679504,-1.3724281787872314,0.1042497307062149,-1.5415712594985962,0.2741255462169647,-0.4898280203342438,-0.8592172861099243,-0.42267361283302307,-0.022534947842359543,-0.010942503809928894,972.8384399414062,-1259.2685546875,-913.1002197265625,-518.697509765625,-139.5793914794922,1500.0,972.8384399414062,-1259.2685546875,-913.1002197265625,-518.697509765625,-139.5793914794922,1500.0,972.8384399414062,-1259.2685546875,-913.1002197265625,-518.697509765625,-139.5793914794922,1500.0
3.2000001668930054,0.7392241954803467,-0.7789918780326843,-0.9264093041419983,-1.3795018196105957,0.10387546569108963,-1.5417536497116089,0.2697715163230896,-0.482146292924881,-0.8460803627967834,-0.42024725675582886,-0.022411588579416275,-0.01085735484957695,3.3891220092773438,-10.2293701171875,-27.05810546875,-123.517333984375,-6.539073944091797,-2.565155029296875,3.3891220092773438,-10.2293701171875,-27.05810546875,-123.517333984375,-6.539073944091797,-2.565155029296875,3.3891220092773438,-10.2293701171875,-27.05810546875,-123.517333984375,-6.539073944091797,-2.565155029296875
3.2166668344289064,0.7441689372062683,-0.7875338792800903,-0.9406329393386841,-1.3860735893249512,0.10341168195009232,-1.5408445596694946,0.2991621196269989,-0.51473468542099,-0.8598881363868713,-0.42572978138923645,-0.026776790618896484,0.05447208881378174,1377.8388671875,-1500.0,-1153.6121826171875,-628.492919921875,-201.04916381835938,1500.0,1377.8388671875,-1500.0,-1153.6121826171875,-628.492919921875,-201.04916381835938,1500.0,1377.8388671875,-1500.0,-1153.6121826171875,-628.492919921875,-201.04916381835938,1500.0
3.2333335019648075,0.749062716960907,-0.7960119843482971,-0.9548237323760986,-1.3932933807373047,0.10296967625617981,-1.539955496788025,0.294451504945755,-0.5067214965820312,-0.8470087051391602,-0.42442986369132996,-0.026652799919247627,0.05345756188035011,4.425048828125,-11.563323974609375,-32.35577392578125,-146.321044921875,-7.889717102050781,-3.1019744873046875,4.425048828125,-11.563323974609375,-32.35577392578125,-146.321044921875,-7.889717102050781,-3.1019744873046875,4.425048828125,-11.563323974609375,-32.35577392578125,-146.321044921875,-7.889717102050781,-3.1019744873046875
3.2500001695007086,0.7542999982833862,-0.8048074245452881,-0.9689972400665283,-1.4001268148422241,0.10245715081691742,-1.5382322072982788,0.316469669342041,-0.5283425450325012,-0.8527331948280334,-0.4259081482887268,-0.030083846300840378,0.1033795103430748,1092.048828125,-1220.8294677734375,-808.2604370117188,-387.7734375,-160.80856323242188,1500.0,1092.048828125,-1220.8294677734375,-808.2604370117188,-387.7734375,-160.80856323242188,1500.0,1092.048828125,-1220.8294677734375,-808.2604370117188,-387.7734375,-160.80856323242188,1500.0
3.2666668370366096,0.7594758868217468,-0.81351238489151,-0.9830894470214844,-1.4074087142944336,0.10196469724178314,-1.5365408658981323,0.3114425539970398,-0.519957959651947,-0.839602530002594,-0.4229128956794739,-0.02982458658516407,0.10159659385681152,1.8310546875,-4.169921875,-12.34051513671875,-55.3046875,-3.0656890869140625,-1.211181640625,1.8310546875,-4.169921875,-12.34051513671875,-55.3046875,-3.0656890869140625,-1.211181640625,1.8310546875,-4.169921875,-12.34051513671875,-55.3046875,-3.0656890869140625,-1.211181640625
3.2833335045725107,0.7650089263916016,-0.8225262761116028,-0.9971497058868408,-1.4142979383468628,0.10139787197113037,-1.5340036153793335,0.334428608417511,-0.5409343838691711,-0.8444216251373291,-0.42354312539100647,-0.03347897157073021,0.15229572355747223,1141.691162109375,-1201.424560546875,-760.8890380859375,-326.1435546875,-170.26507568359375,1500.0,1141.691162109375,-1201.424560546875,-760.8890380859375,-326.1435546875,-170.26507568359375,1500.0,1141.691162109375,-1201.424560546875,-760.8890380859375,-326.1435546875,-170.26507568359375,1500.0
3.300000172108412,0.7704782485961914,-0.8314424753189087,-1.0111281871795654,-1.4216179847717285,0.10085267573595047,-1.5315107107162476,0.32911956310272217,-0.532312273979187,-0.8313775658607483,-0.4203442633152008,-0.03315797448158264,0.14971520006656647,0.9274482727050781,-1.811981201171875,-5.71490478515625,-25.365234375,-1.4166526794433594,-0.52630615234375,0.9274482727050781,-1.811981201171875,-5.71490478515625,-25.365234375,-1.4166526794433594,-0.52630615234375,0.9274482727050781,-1.811981201171875,-5.71490478515625,-25.365234375,-1.4166526794433594,-0.52630615234375
3.316666839644313,0.7764754891395569,-0.8408054709434509,-1.025116205215454,-1.4284354448318481,0.10019838809967041,-1.5278548002243042,0.3630751073360443,-0.5621968507766724,-0.8409423232078552,-0.42224058508872986,-0.03857451677322388,0.21936774253845215,1500.0,-1500.0,-951.8838500976562,-391.787353515625,-245.3468780517578,1500.0,1500.0,-1500.0,-951.8838500976562,-391.787353515625,-245.3468780517578,1500.0,1500.0,-1500.0,-951.8838500976562,-391.787353515625,-245.3468780517578,1500.0
3.333333507180214,0.7824144959449768,-0.8500767946243286,-1.0390658378601074,-1.4358272552490234,0.0995718464255333,-1.5242631435394287,0.35736218094825745,-0.5532866716384888,-0.828192949295044,-0.42007938027381897,-0.03823017328977585,0.21566325426101685,1.738067626953125,-2.9444580078125,-9.7728271484375,-43.23583984375,-2.5136775970458984,-0.978118896484375,1.738067626953125,-2.9444580078125,-9.7728271484375,-43.23583984375,-2.5136775970458984,-0.978118896484375,1.738067626953125,-2.9444580078125,-9.7728271484375,-43.23583984375,-2.5136775970458984,-0.978118896484375
3.350000174716115,0.7887402176856995,-0.859634280204773,-1.0529537200927734,-1.4428308010101318,0.09886067360639572,-1.519801139831543,0.38242107629776,-0.5725598335266113,-0.830759584903717,-0.4187175929546356,-0.04242647811770439,0.26780351996421814,1253.507080078125,-1150.503173828125,-649.0660400390625,-186.81298828125,-194.4586639404297,1500.0,1253.507080078125,-1150.503173828125,-649.0660400390625,-186.81298828125,-194.4586639404297,1500.0,1253.507080078125,-1150.503173828125,-649.0660400390625,-186.81298828125,-194.4586639404297,1500.0
3.366666842252016,0.7949946522712708,-0.8690782189369202,-1.0667561292648315,-1.4502243995666504,0.09817489236593246,-1.5154153108596802,0.3763497769832611,-0.5633636116981506,-0.8178321123123169,-0.4150962829589844,-0.04194701835513115,0.2633356750011444,-1.8775482177734375,2.722747802734375,9.11474609375,38.857421875,1.8404426574707031,0.761749267578125,-1.8775482177734375,2.722747802734375,9.11474609375,38.857421875,1.8404426574707031,0.761749267578125,-1.8775482177734375,2.722747802734375,9.11474609375,38.857421875,1.8404426574707031,0.761749267578125
3.383333509787917,0.8016465902328491,-0.8787984251976013,-1.0804836750030518,-1.4572256803512573,0.09740040451288223,-1.5101516246795654,0.4022577702999115,-0.5819075703620911,-0.8194795250892639,-0.41282927989959717,-0.04638414829969406,0.3159591257572174,1298.9259033203125,-1126.13671875,-599.2459716796875,-122.470947265625,-205.08543395996094,1500.0,1298.9259033203125,-1126.13671875,-599.2459716796875,-122.470947265625,-205.08543395996094,1500.0,1298.9259033203125,-1126.13671875,-599.2459716796875,-122.470947265625,-205.08543395996094,1500.0
3.400000177323818,0.8082249760627747,-0.8883998394012451,-1.0941247940063477,-1.4645971059799194,0.09665285050868988,-1.5049769878387451,0.3958730697631836,-0.5725346803665161,-0.806684672832489,-0.4090728163719177,-0.04583434760570526,0.31070637702941895,-3.47137451171875,4.4298095703125,15.7523193359375,66.900146484375,3.3792858123779297,1.399505615234375,-3.47137451171875,4.4298095703125,15.7523193359375,66.900146484375,3.3792858123779297,1.399505615234375,-3.47137451171875,4.4298095703125,15.7523193359375,66.900146484375,3.3792858123779297,1.399505615234375
3.4166668448597193,0.8153880834579468,-0.8984053134918213,-1.1077170372009277,-1.4714689254760742,0.0957755595445633,-1.4985897541046143,0.433891236782074,-0.5992696285247803,-0.8118857741355896,-0.40703991055488586,-0.05238668620586395,0.3833348751068115,1500.0,-1466.093017578125,-738.7733764648438,-139.601318359375,-294.64886474609375,1500.0,1500.0,-1466.093017578125,-738.7733764648438,-139.601318359375,-294.64886474609375,1500.0,1500.0,-1466.093017578125,-738.7733764648438,-139.601318359375,-294.64886474609375,1500.0
3.4333335123956203,0.8224852681159973,-0.9082963466644287,-1.1212602853775024,-1.4788323640823364,0.09493203461170197,-1.4923105239868164,0.42705845832824707,-0.589659571647644,-0.7994194626808167,-0.4042438864707947,-0.05179041624069214,0.376956582069397,-3.147125244140625,3.523834228515625,12.96044921875,53.955322265625,2.536327362060547,1.0621566772460938,-3.147125244140625,3.523834228515625,12.96044921875,53.955322265625,2.536327362060547,1.0621566772460938,-3.147125244140625,3.523834228515625,12.96044921875,53.955322265625,2.536327362060547,1.0621566772460938
3.4500001799315214,0.8300044536590576,-0.9184372425079346,-1.1347007751464844,-1.4858099222183228,0.09398926794528961,-1.485141634941101,0.4547117054462433,-0.6063212156295776,-0.7988046407699585,-0.39987093210220337,-0.05679869279265404,0.43028995394706726,1399.0616455078125,-1064.1646728515625,-482.4686279296875,23.656005859375,-231.59950256347656,1500.0,1399.0616455078125,-1064.1646728515625,-482.4686279296875,23.656005859375,-231.59950256347656,1500.0,1399.0616455078125,-1064.1646728515625,-482.4686279296875,23.656005859375,-231.59950256347656,1500.0
3.4666668474674225,0.8374410271644592,-0.9284464120864868,-1.1480491161346436,-1.493113398551941,0.09307733923196793,-1.4780930280685425,0.447480171918869,-0.5965043902397156,-0.7862318158149719,-0.3958389461040497,-0.05606766417622566,0.42316964268684387,-7.835624694824219,7.93695068359375,30.55810546875,127.8399658203125,6.442218780517578,2.660736083984375,-7.835624694824219,7.93695068359375,30.55810546875,127.8399658203125,6.442218780517578,2.660736083984375,-7.835624694824219,7.93695068359375,30.55810546875,127.8399658203125,6.442218780517578,2.660736083984375
3.4833335150033236,0.8453088998794556,-0.9386939406394958,-1.1612823009490967,-1.5000286102294922,0.09206195920705795,-1.4701517820358276,0.4758314788341522,-0.6123747825622559,-0.7847033143043518,-0.3905368447303772,-0.061327170580625534,0.4766836166381836,1438.7607421875,-1035.4281005859375,-431.18243408203125,89.943359375,-243.05596923828125,1500.0,1438.7607421875,-1035.4281005859375,-431.18243408203125,89.943359375,-243.05596923828125,1500.0,1438.7607421875,-1035.4281005859375,-431.18243408203125,89.943359375,-243.05596923828125,1500.0
3.5000001825392246,0.8530911803245544,-0.9488056898117065,-1.174420952796936,-1.5072497129440308,0.091078981757164,-1.4623428583145142,0.4682531952857971,-0.6024399995803833,-0.772303581237793,-0.3864232301712036,-0.06051761656999588,0.46880578994750977,-10.006427764892578,9.288787841796875,37.00494384765625,154.4677734375,7.939487457275391,3.234161376953125,-10.006427764892578,9.288787841796875,37.00494384765625,154.4677734375,7.939487457275391,3.234161376953125,-10.006427764892578,9.288787841796875,37.00494384765625,154.4677734375,7.939487457275391,3.234161376953125
3.5166668500751257,0.8615072965621948,-0.9592722654342651,-1.187456727027893,-1.5139784812927246,0.0899452194571495,-1.4532963037490845,0.5096768736839294,-0.6256798505783081,-0.7731193900108337,-0.3802637457847595,-0.06825605034828186,0.5430012941360474,1500.0,-1339.6048583984375,-518.6318969726562,124.107421875,-347.4748229980469,1500.0,1500.0,-1339.6048583984375,-518.6318969726562,124.107421875,-347.4748229980469,1500.0,1500.0,-1339.6048583984375,-518.6318969726562,124.107421875,-347.4748229980469,1500.0
3.5333335176110268,0.8698452711105347,-0.9696065783500671,-1.2004300355911255,-1.5211104154586792,0.08885107189416885,-1.4444003105163574,0.5015980005264282,-0.6155626773834229,-0.761069655418396,-0.37700632214546204,-0.06737693399190903,0.5340209603309631,-10.027877807617188,8.6522216796875,35.43133544921875,146.87890625,7.413029193878174,3.063678741455078,-10.027877807617188,8.6522216796875,35.43133544921875,146.87890625,7.413029193878174,3.063678741455078,-10.027877807617188,8.6522216796875,35.43133544921875,146.87890625,7.413029193878174,3.063678741455078
3.550000185146928,0.878635823726654,-0.9801501631736755,-1.2132625579833984,-1.5278624296188354,0.08764305710792542,-1.4346123933792114,0.5312903523445129,-0.6294255256652832,-0.7573203444480896,-0.3695668876171112,-0.07321765273809433,0.5875009298324585,1500.0,-964.1146850585938,-312.26873779296875,239.634521484375,-270.93292236328125,1500.0,1500.0,-964.1146850585938,-312.26873779296875,239.634521484375,-270.93292236328125,1500.0,1500.0,-964.1146850585938,-312.26873779296875,239.634521484375,-270.93292236328125,1500.0
3.566666852682829,0.8873273730278015,-0.9905484914779663,-1.2259937524795532,-1.5348738431930542,0.08647129684686661,-1.4249869585037231,0.5227766633033752,-0.6191736459732056,-0.7452332377433777,-0.3652728497982025,-0.07220318168401718,0.577815592288971,-14.634140014648438,12.14263916015625,51.05975341796875,212.1378173828125,11.016427993774414,4.4703521728515625,-14.634140014648438,12.14263916015625,51.05975341796875,212.1378173828125,11.016427993774414,4.4703521728515625,-14.634140014648438,12.14263916015625,51.05975341796875,212.1378173828125,11.016427993774414,4.4703521728515625
3.58333352021873,0.8964802026748657,-1.001143455505371,-1.238573431968689,-1.5415043830871582,0.08518145978450775,-1.414472222328186,0.5529859066009521,-0.6322056651115417,-0.7405992746353149,-0.35691457986831665,-0.07829539477825165,0.6311691999435425,1500.0,-931.8590087890625,-261.068359375,305.4261474609375,-282.74237060546875,1500.0,1500.0,-931.8590087890625,-261.068359375,305.4261474609375,-282.74237060546875,1500.0,1500.0,-931.8590087890625,-261.068359375,305.4261474609375,-282.74237060546875,1500.0
3.600000187754631,0.9055273532867432,-1.011590600013733,-1.2510491609573364,-1.5483731031417847,0.08392934501171112,-1.404131531715393,0.5440940856933594,-0.6218916773796082,-0.7287167906761169,-0.35256269574165344,-0.07719250023365021,0.6207722425460815,-16.13140106201172,13.220306396484375,56.76031494140625,236.31689453125,12.539624214172363,5.00439453125,-16.13140106201172,13.220306396484375,56.76031494140625,236.31689453125,12.539624214172363,5.00439453125,-16.13140106201172,13.220306396484375,56.76031494140625,236.31689453125,12.539624214172363,5.00439453125
3.616666855290532,0.9152549505233765,-1.0223370790481567,-1.263371229171753,-1.554760217666626,0.08250575512647629,-1.3925509452819824,0.5881247520446777,-0.6413964033126831,-0.7252196669578552,-0.3422468900680542,-0.08612820506095886,0.6950977444648743,1500.0,-1197.1903076171875,-297.08624267578125,390.199462890625,-401.99993896484375,1500.0,1500.0,-1197.1903076171875,-297.08624267578125,390.199462890625,-401.99993896484375,1500.0,1500.0,-1197.1903076171875,-297.08624267578125,390.199462890625,-401.99993896484375,1500.0
3.633333522826433,0.92488032579422,-1.032939076423645,-1.2756141424179077,-1.5614590644836426,0.08112740516662598,-1.3811620473861694,0.5786769390106201,-0.630954384803772,-0.7136934995651245,-0.33859825134277344,-0.08493158221244812,0.6836406588554382,-15.575881958007812,12.85791015625,55.9114990234375,233.0517578125,12.371837615966797,4.906654357910156,-15.575881958007812,12.85791015625,55.9114990234375,233.0517578125,12.371837615966797,4.906654357910156,-15.575881958007812,12.85791015625,55.9114990234375,233.0517578125,12.371837615966797,4.906654357910156
3.6500001903623343,0.9349861741065979,-1.0437067747116089,-1.2876826524734497,-1.5677863359451294,0.0796210840344429,-1.3688966035842896,0.6097592115402222,-0.6419088244438171,-0.7069244980812073,-0.32814788818359375,-0.09159191697835922,0.7362235188484192,1500.0,-853.4193115234375,-143.809326171875,450.829345703125,-311.05938720703125,1500.0,1500.0,-853.4193115234375,-143.809326171875,450.829345703125,-311.05938720703125,1500.0,1500.0,-853.4193115234375,-143.809326171875,450.829345703125,-311.05938720703125,1500.0
3.6666668578982353,0.9449666738510132,-1.054319143295288,-1.2996389865875244,-1.5743036270141602,0.07815626263618469,-1.356833577156067,0.5998774766921997,-0.6313986778259277,-0.695441484451294,-0.32367298007011414,-0.09025724232196808,0.7241133451461792,-17.969619750976562,15.466217041015625,68.1710205078125,285.9056396484375,15.606880187988281,6.062980651855469,-17.969619750976562,15.466217041015625,68.1710205078125,285.9056396484375,15.606880187988281,6.062980651855469,-17.969619750976562,15.466217041015625,68.1710205078125,285.9056396484375,15.606880187988281,6.062980651855469
3.6833335254341364,0.9554353952407837,-1.065084457397461,-1.3114107847213745,-1.5804500579833984,0.07655955106019974,-1.343901515007019,0.6312707662582397,-0.6415067315101624,-0.6878312230110168,-0.31234556436538696,-0.09716100990772247,0.7762676477432251,1500.0,-818.777099609375,-94.33984375,511.5831298828125,-322.9567565917969,1500.0,1500.0,-818.777099609375,-94.33984375,511.5831298828125,-322.9567565917969,1500.0,1500.0,-818.777099609375,-94.33984375,511.5831298828125,-322.9567565917969,1500.0
3.7000001929700375,0.9657695293426514,-1.0756924152374268,-1.3230676651000977,-1.586763620376587,0.07500577718019485,-1.3311824798583984,0.6210084557533264,-0.6309866905212402,-0.6765894293785095,-0.30784523487091064,-0.0957268700003624,0.7635065317153931,-17.671585083007812,16.157623291015625,72.12161254882812,304.3436279296875,17.06242561340332,6.537445068359375,-17.671585083007812,16.157623291015625,72.12161254882812,304.3436279296875,17.06242561340332,6.537445068359375,-17.671585083007812,16.157623291015625,72.12161254882812,304.3436279296875,17.06242561340332,6.537445068359375
3.7166668605059385,0.9768233895301819,-1.0865424871444702,-1.3345258235931396,-1.592611312866211,0.07326094061136246,-1.3172458410263062,0.6667109131813049,-0.6466229557991028,-0.6689271330833435,-0.2934683859348297,-0.10582702606916428,0.8365364074707031,1500.0,-1043.589111328125,-80.3565673828125,644.1318359375,-456.6618957519531,1500.0,1500.0,-1043.589111328125,-80.3565673828125,644.1318359375,-456.6618957519531,1500.0,1500.0,-1043.589111328125,-80.3565673828125,644.1318359375,-456.6618957519531,1500.0
3.7333335280418396,0.9877409934997559,-1.0972380638122559,-1.345887541770935,-1.598672866821289,0.07156676054000854,-1.303538203239441,0.6558692455291748,-0.6360300183296204,-0.6580502986907959,-0.2895258665084839,-0.1042720302939415,0.8227803111076355,-16.18621826171875,15.8643798828125,71.47787475585938,302.965576171875,17.13782501220703,6.489753723144531,-16.18621826171875,15.8643798828125,71.47787475585938,302.965576171875,17.13782501220703,6.489753723144531,-16.18621826171875,15.8643798828125,71.47787475585938,302.965576171875,17.13782501220703,6.489753723144531
3.7500001955777407,0.999159574508667,-1.108054757118225,-1.357043981552124,-1.6043760776519775,0.0697317123413086,-1.2889869213104248,0.6876088976860046,-0.6440480351448059,-0.6484229564666748,-0.2762026786804199,-0.11170785129070282,0.8734488487243652,1500.0,-735.912353515625,18.47509765625,644.69580078125,-351.0916442871094,1500.0,1500.0,-735.912353515625,18.47509765625,644.69580078125,-351.0916442871094,1500.0,1500.0,-735.912353515625,18.47509765625,644.69580078125,-351.0916442871094,1500.0
3.7666668631136417,1.0104206800460815,-1.1187095642089844,-1.3680788278579712,-1.6101950407028198,0.06794346123933792,-1.274674654006958,0.6763753294944763,-0.6334525346755981,-0.6376836895942688,-0.27171003818511963,-0.11001445353031158,0.8591051697731018,-16.207687377929688,17.476104736328125,79.63897705078125,339.896728515625,19.743144989013672,7.359981536865234,-16.207687377929688,17.476104736328125,79.63897705078125,339.896728515625,19.743144989013672,7.359981536865234,-16.207687377929688,17.476104736328125,79.63897705078125,339.896728515625,19.743144989013672,7.359981536865234
3.783333530649543,1.0221869945526123,-1.1294724941253662,-1.378900170326233,-1.6156589984893799,0.06601082533597946,-1.2595301866531372,0.7081959843635559,-0.6406307816505432,-0.6272686123847961,-0.25756707787513733,-0.11767426133155823,0.9090585112571716,1500.0,-699.9373779296875,65.4268798828125,698.27734375,-362.8194274902344,1500.0,1500.0,-699.9373779296875,65.4268798828125,698.27734375,-362.8194274902344,1500.0,1500.0,-699.9373779296875,65.4268798828125,698.27734375,-362.8194274902344,1500.0
3.800000198185444,1.033786654472351,-1.1400728225708008,-1.3895971775054932,-1.621215581893921,0.06412647664546967,-1.2446348667144775,0.6966090202331543,-0.6300784349441528,-0.6168161630630493,-0.2531246542930603,-0.11587275564670563,0.894135594367981,-14.822486877441406,17.709747314453125,81.67742919921875,351.11724853515625,20.878314971923828,7.650848388671875,-14.822486877441406,17.709747314453125,81.67742919921875,351.11724853515625,20.878314971923828,7.650848388671875,-14.822486877441406,17.709747314453125,81.67742919921875,351.11724853515625,20.878314971923828,7.650848388671875
3.816666865721345,1.0461288690567017,-1.1508556604385376,-1.4000535011291504,-1.626328945159912,0.06203331798315048,-1.2285666465759277,0.7429206967353821,-0.641816258430481,-0.6051831841468811,-0.2348427176475525,-0.12705598771572113,0.9644891619682312,1500.0,-883.3861083984375,128.304931640625,877.6504516601562,-510.0464782714844,1500.0,1500.0,-883.3861083984375,128.304931640625,877.6504516601562,-510.0464782714844,1500.0,1500.0,-883.3861083984375,128.304931640625,877.6504516601562,-510.0464782714844,1500.0
3.833333533257246,1.0583000183105469,-1.1614773273468018,-1.410398244857788,-1.6315547227859497,0.05999632552266121,-1.212761640548706,0.7307634353637695,-0.6312479376792908,-0.5951119065284729,-0.230856254696846,-0.12511062622070312,0.9486547708511353,-13.20361328125,17.4403076171875,81.23873901367188,350.90740966796875,21.009145736694336,7.636543273925781,-13.20361328125,17.4403076171875,81.23873901367188,350.90740966796875,21.009145736694336,7.636543273925781,-13.20361328125,17.4403076171875,81.23873901367188,350.90740966796875,21.009145736694336,7.636543273925781
3.850000200793147,1.0709784030914307,-1.1721763610839844,-1.4205106496810913,-1.6364407539367676,0.05780721828341484,-1.196160912513733,0.7623525261878967,-0.636374831199646,-0.582819938659668,-0.2148519903421402,-0.13323980569839478,0.9964498281478882,1500.0,-614.8743896484375,172.97027587890625,817.672607421875,-389.9297180175781,1500.0,1500.0,-614.8743896484375,172.97027587890625,817.672607421875,-389.9297180175781,1500.0,1500.0,-614.8743896484375,172.97027587890625,817.672607421875,-389.9297180175781,1500.0
3.866666868329048,1.083469033241272,-1.1827096939086914,-1.4304940700531006,-1.6413676738739014,0.05567052215337753,-1.1798324584960938,0.7498550415039062,-0.6258677244186401,-0.5729806423187256,-0.21061193943023682,-0.13116058707237244,0.9801034331321716,-12.276168823242188,18.162734985351562,85.78778076171875,372.9432678222656,22.801755905151367,8.168220520019531,-12.276168823242188,18.162734985351562,85.78778076171875,372.9432678222656,22.801755905151367,8.168220520019531,-12.276168823242188,18.162734985351562,85.78778076171875,372.9432678222656,22.801755905151367,8.168220520019531
3.8833335358649492,1.0964661836624146,-1.193307876586914,-1.4402382373809814,-1.6459616422653198,0.05337868630886078,-1.1627248525619507,0.7812737226486206,-0.6301823258399963,-0.559964656829834,-0.1938585489988327,-0.13948334753513336,1.0269156694412231,1500.0,-578.41064453125,217.39480590820312,864.850341796875,-401.04150390625,1500.0,1500.0,-578.41064453125,217.39480590820312,864.850341796875,-401.04150390625,1500.0,1500.0,-578.41064453125,217.39480590820312,864.850341796875,-401.04150390625,1500.0
3.9000002034008503,1.1092675924301147,-1.203740119934082,-1.4498523473739624,-1.650573968887329,0.05114080384373665,-1.1458977460861206,0.7684604525566101,-0.6197665929794312,-0.5504539012908936,-0.1897560954093933,-0.13729220628738403,1.0100746154785156,-10.821823120117188,18.100738525390625,86.5220947265625,378.4734191894531,23.54234504699707,8.368499755859375,-10.821823120117188,18.100738525390625,86.5220947265625,378.4734191894531,23.54234504699707,8.368499755859375,-10.821823120117188,18.100738525390625,86.5220947265625,378.4734191894531,23.54234504699707,8.368499755859375
3.9166668709367514,1.1228126287460327,-1.214296579360962,-1.4591877460479736,-1.6547729969024658,0.04867885261774063,-1.1279643774032593,0.8142263889312744,-0.627676784992218,-0.5350913405418396,-0.16779494285583496,-0.14942409098148346,1.0764508247375488,1500.0,-720.7512817382812,327.606201171875,1090.5712890625,-560.013671875,1500.0,1500.0,-720.7512817382812,327.606201171875,1090.5712890625,-560.013671875,1500.0,1500.0,-720.7512817382812,327.606201171875,1090.5712890625,-560.013671875,1500.0
3.9333335384726524,1.1361559629440308,-1.2246888875961304,-1.4683994054794312,-1.6589837074279785,0.04627876728773117,-1.110324501991272,0.8008705973625183,-0.6172995567321777,-0.5259796380996704,-0.1640785038471222,-0.14706990122795105,1.0587972402572632,-9.624969482421875,17.914764404296875,86.51972961425781,380.0863037109375,23.739784240722656,8.378036499023438,-9.624969482421875,17.914764404296875,86.51972961425781,380.0863037109375,23.739784240722656,8.378036499023438,-9.624969482421875,17.914764404296875,86.51972961425781,380.0863037109375,23.739784240722656,8.378036499023438
3.9500002060085535,1.1499959230422974,-1.2351163625717163,-1.4773545265197754,-1.6628797054290771,0.043717481195926666,-1.0919512510299683,0.8314493894577026,-0.6196538805961609,-0.5112494230270386,-0.14563879370689392,-0.15577228367328644,1.1028376817703247,1500.0,-493.2379455566406,319.32830810546875,972.053955078125,-425.8160400390625,1500.0,1500.0,-493.2379455566406,319.32830810546875,972.053955078125,-425.8160400390625,1500.0,1500.0,-493.2379455566406,319.32830810546875,972.053955078125,-425.8160400390625,1500.0
3.9666668735444546,1.163622260093689,-1.2453773021697998,-1.4861781597137451,-1.6667457818984985,0.04121438413858414,-1.0738787651062012,0.8178054690361023,-0.609393298625946,-0.5024505853652954,-0.14193452894687653,-0.15329310297966003,1.0847581624984741,-8.544921875,18.033981323242188,88.32453918457031,390.3055114746094,24.730710983276367,8.616447448730469,-8.544921875,18.033981323242188,88.32453918457031,390.3055114746094,24.730710983276367,8.616447448730469,-8.544921875,18.033981323242188,88.32453918457031,390.3055114746094,24.730710983276367,8.616447448730469
3.9833335410803556,1.1777396202087402,-1.2556613683700562,-1.4947391748428345,-1.6703053712844849,0.03854776918888092,-1.0550941228866577,0.8479564189910889,-0.61098313331604,-0.48706674575805664,-0.12283135205507278,-0.16214828193187714,1.1275743246078491,1500.0,-457.1556701660156,361.19342041015625,1013.83984375,-435.6932678222656,1500.0,1500.0,-457.1556701660156,361.19342041015625,1013.83984375,-435.6932678222656,1500.0,1500.0,-457.1556701660156,361.19342041015625,1013.83984375,-435.6932678222656,1500.0
4.000000208616257,1.1916370391845703,-1.265779972076416,-1.5031682252883911,-1.6738144159317017,0.035940930247306824,-1.036616563796997,0.8340407013893127,-0.6008584499359131,-0.4786306321620941,-0.11934331059455872,-0.1595555692911148,1.1090949773788452,-7.43865966796875,17.800331115722656,88.28044128417969,392.0963439941406,25.178491592407227,8.730888366699219,-7.43865966796875,17.800331115722656,88.28044128417969,392.0963439941406,25.178491592407227,8.730888366699219,-7.43865966796875,17.800331115722656,88.28044128417969,392.0963439941406,25.178491592407227,8.730888366699219
4.016666876152158,1.2062554359436035,-1.2759672403335571,-1.5112833976745605,-1.6769440174102783,0.0330980084836483,-1.0171200037002563,0.8780592083930969,-0.6051062941551208,-0.45983055233955383,-0.09402161836624146,-0.172448068857193,1.1703011989593506,1500.0,-559.6708984375,516.2477416992188,1283.7930908203125,-603.9771728515625,1500.0,1500.0,-559.6708984375,516.2477416992188,1283.7930908203125,-603.9771728515625,1500.0,1500.0,-559.6708984375,516.2477416992188,1283.7930908203125,-603.9771728515625,1500.0
4.033333543688059,1.2206476926803589,-1.2859898805618286,-1.5192673206329346,-1.6799923181533813,0.03032277710735798,-0.9979409575462341,0.8636478781700134,-0.5950723886489868,-0.45181089639663696,-0.09086143970489502,-0.1696787178516388,1.1511238813400269,-6.663787841796875,17.73358154296875,88.85144805908203,396.1095275878906,25.439708709716797,8.816726684570312,-6.663787841796875,17.73358154296875,88.85144805908203,396.1095275878906,25.439708709716797,8.816726684570312,-6.663787841796875,17.73358154296875,88.85144805908203,396.1095275878906,25.439708709716797,8.816726684570312
4.05000021122396,1.2355095148086548,-1.2960078716278076,-1.5269743204116821,-1.6827540397644043,0.02737998403608799,-0.9781051874160767,0.8923410177230835,-0.5948373675346375,-0.43489912152290344,-0.07029572129249573,-0.17879843711853027,1.1906214952468872,1500.0,-373.83319091796875,456.91729736328125,1109.4578857421875,-456.71722412109375,1500.0,1500.0,-373.83319091796875,456.91729736328125,1109.4578857421875,-456.71722412109375,1500.0,1500.0,-373.83319091796875,456.91729736328125,1109.4578857421875,-456.71722412109375,1500.0
4.066666878759861,1.2501366138458252,-1.3058619499206543,-1.5345501899719238,-1.6854219436645508,0.024501286447048187,-0.9585937261581421,0.877695620059967,-0.5849656462669373,-0.4272547960281372,-0.06736882030963898,-0.17591437697410583,1.171114206314087,-5.772125244140625,17.485610961914062,88.72628021240234,397.29803466796875,25.783254623413086,8.876323699951172,-5.772125244140625,17.485610961914062,88.72628021240234,397.29803466796875,25.783254623413086,8.876323699951172,-5.772125244140625,17.485610961914062,88.72628021240234,397.29803466796875,25.783254623413086,8.876323699951172
4.083333546295762,1.265222191810608,-1.3157002925872803,-1.5418438911437988,-1.6878132820129395,0.021453585475683212,-0.9384493231773376,0.9057030081748962,-0.5840324759483337,-0.4097674787044525,-0.04624563455581665,-0.18513429164886475,1.2091816663742065,1500.0,-339.0240478515625,495.9714660644531,1146.02099609375,-464.73211669921875,1500.0,1500.0,-339.0240478515625,495.9714660644531,1146.02099609375,-464.73211669921875,1500.0,1500.0,-339.0240478515625,495.9714660644531,1146.02099609375,-464.73211669921875,1500.0
4.100000213831663,1.280067801475525,-1.3253765106201172,-1.5490076541900635,-1.6900932788848877,0.01847153715789318,-0.9186340570449829,0.8908388614654541,-0.5743343830108643,-0.40251147747039795,-0.04359560087323189,-0.1821383237838745,1.1893723011016846,-4.99725341796875,17.182823181152344,88.22679138183594,396.74713134765625,25.97249984741211,8.835792541503906,-4.99725341796875,17.182823181152344,88.22679138183594,396.74713134765625,25.97249984741211,8.835792541503906,-4.99725341796875,17.182823181152344,88.22679138183594,396.74713134765625,25.97249984741211,8.835792541503906
4.116666881367564,1.295589566230774,-1.335068941116333,-1.5558253526687622,-1.692028522491455,0.015245527029037476,-0.897903561592102,0.931896984577179,-0.5751771926879883,-0.38061344623565674,-0.015335837379097939,-0.19555498659610748,1.2443565130233765,1500.0,-404.1337890625,692.6417236328125,1455.951171875,-639.3618774414062,1500.0,1500.0,-404.1337890625,692.6417236328125,1455.951171875,-639.3618774414062,1500.0,1500.0,-404.1337890625,692.6417236328125,1455.951171875,-639.3618774414062,1500.0
4.133333548903465,1.3108664751052856,-1.3445998430252075,-1.5625100135803223,-1.6938015222549438,0.012092974036931992,-0.8775105476379395,0.9166016578674316,-0.565614640712738,-0.37378719449043274,-0.012967294082045555,-0.19237329065799713,1.2239747047424316,-4.522796630859375,17.27581787109375,89.42842102050781,402.970458984375,26.345027923583984,8.962142944335938,-4.522796630859375,17.27581787109375,89.42842102050781,402.970458984375,26.345027923583984,8.962142944335938,-4.522796630859375,17.27581787109375,89.42842102050781,402.970458984375,26.345027923583984,8.962142944335938
4.150000216439366,1.3265695571899414,-1.3540902137756348,-1.5688998699188232,-1.6953178644180298,0.00876979436725378,-0.8565477728843689,0.9425438642501831,-0.5630359649658203,-0.35497575998306274,0.009347857907414436,-0.2017204463481903,1.2582640647888184,1500.0,-259.6807556152344,584.7298583984375,1229.2239990234375,-480.67822265625,1500.0,1500.0,-259.6807556152344,584.7298583984375,1229.2239990234375,-480.67822265625,1500.0,1500.0,-259.6807556152344,584.7298583984375,1229.2239990234375,-480.67822265625,1500.0
4.166666883975267,1.3420209884643555,-1.3634212017059326,-1.5751632452011108,-1.6966873407363892,0.0055165220983326435,-0.8359273076057434,0.9270753264427185,-0.5536743998527527,-0.34857243299484253,0.011309557594358921,-0.1984369307756424,1.2376558780670166,-3.8576202392578125,16.78704833984375,87.86678314208984,397.2716064453125,26.135189056396484,8.883476257324219,-3.8576202392578125,16.78704833984375,87.86678314208984,397.2716064453125,26.135189056396484,8.883476257324219,-3.8576202392578125,16.78704833984375,87.86678314208984,397.2716064453125,26.135189056396484,8.883476257324219
4.1833335515111685,1.3578838109970093,-1.3727021217346191,-1.581127643585205,-1.6978099346160889,0.002092248760163784,-0.8147638440132141,0.9520800709724426,-0.5504791736602783,-0.3292711079120636,0.03405928984284401,-0.20782126486301422,1.2703408002853394,1500.0,-226.95779418945312,620.6285400390625,1260.16259765625,-486.2503662109375,1500.0,1500.0,-226.95779418945312,620.6285400390625,1260.16259765625,-486.2503662109375,1500.0,1500.0,-226.95779418945312,620.6285400390625,1260.16259765625,-486.2503662109375,1500.0
4.2000002190470695,1.3734915256500244,-1.381826400756836,-1.586967945098877,-1.6987718343734741,-0.0012606371892616153,-0.7939457297325134,0.936457097530365,-0.5413219332695007,-0.3232729434967041,0.035700153559446335,-0.20443183183670044,1.2495365142822266,-3.3068695068359375,16.469955444335938,87.15151977539062,395.0771789550781,26.093950271606445,8.809566497802734,-3.3068695068359375,16.469955444335938,87.15151977539062,395.0771789550781,26.093950271606445,8.809566497802734,-3.3068695068359375,16.469955444335938,87.15151977539062,395.0771789550781,26.093950271606445,8.809566497802734
4.216666886582971,1.3897086381912231,-1.3909196853637695,-1.5924345254898071,-1.6994234323501587,-0.0048604304902255535,-0.7723315358161926,0.9733583927154541,-0.5390964150428772,-0.29865187406539917,0.06637167930603027,-0.21808740496635437,1.2974013090133667,1500.0,-258.0213623046875,855.07275390625,1500.0,-663.6966552734375,1500.0,1500.0,-258.0213623046875,855.07275390625,1500.0,-663.6966552734375,1500.0,1500.0,-258.0213623046875,855.07275390625,1500.0,-663.6966552734375,1500.0
4.233333554118872,1.4056662321090698,-1.399856686592102,-1.5977708101272583,-1.6998456716537476,-0.008381303399801254,-0.7510684132575989,0.9573845267295837,-0.5301140546798706,-0.2930925190448761,0.0677747055888176,-0.21450914442539215,1.2761591672897339,-3.0159912109375,16.689300537109375,88.89317321777344,403.1737060546875,26.51801300048828,8.976470947265625,-3.0159912109375,16.689300537109375,88.89317321777344,403.1737060546875,26.51801300048828,8.976470947265625,-3.0159912109375,16.689300537109375,88.89317321777344,403.1737060546875,26.51801300048828,8.976470947265625
4.250000221654773,1.4219928979873657,-1.4087214469909668,-1.602797269821167,-1.7000410556793213,-0.012071970850229263,-0.7293315529823303,0.9797430634498596,-0.5254884362220764,-0.2726826071739197,0.09140229225158691,-0.22386133670806885,1.3047000169754028,1500.0,-153.52011108398438,701.6026611328125,1329.18798828125,-495.90301513671875,1500.0,1500.0,-153.52011108398438,701.6026611328125,1329.18798828125,-495.90301513671875,1500.0,1500.0,-153.52011108398438,701.6026611328125,1329.18798828125,-495.90301513671875,1500.0
4.266666889190674,1.4380552768707275,-1.4174343347549438,-1.607706069946289,-1.7000482082366943,-0.015687245875597,-0.7079495191574097,0.9636664986610413,-0.5167369246482849,-0.26757925748825073,0.09226163476705551,-0.22019587457180023,1.2833348512649536,-2.5677642822265625,16.045578002929688,86.26461029052734,391.89996337890625,25.811382293701172,8.7022705078125,-2.5677642822265625,16.045578002929688,86.26461029052734,391.89996337890625,25.811382293701172,8.7022705078125,-2.5677642822265625,16.045578002929688,86.26461029052734,391.89996337890625,25.811382293701172,8.7022705078125
4.283333556726575,1.4544669389724731,-1.4260672330856323,-1.6123020648956299,-1.6998381614685059,-0.01947147399187088,-0.6861225962638855,0.9848477244377136,-0.5115901827812195,-0.24676769971847534,0.11618882417678833,-0.22951558232307434,1.3101389408111572,1500.0,-123.68914794921875,734.0026245117188,1353.766357421875,-498.576416015625,1500.0,1500.0,-123.68914794921875,734.0026245117188,1353.766357421875,-498.576416015625,1500.0,1500.0,-123.68914794921875,734.0026245117188,1353.766357421875,-498.576416015625,1500.0
4.300000224262476,1.4706127643585205,-1.4345513582229614,-1.6167832612991333,-1.6994298696517944,-0.023179002106189728,-0.6646516919136047,0.9686894416809082,-0.5030657649040222,-0.2420780509710312,0.11669853329658508,-0.2257533073425293,1.2886873483657837,-2.1719894409179688,15.757080078125,85.38008117675781,388.27691650390625,25.58104705810547,8.616447448730469,-2.1719894409179688,15.757080078125,85.38008117675781,388.27691650390625,25.58104705810547,8.616447448730469,-2.1719894409179688,15.757080078125,85.38008117675781,388.27691650390625,25.58104705810547,8.616447448730469
4.316666891798377,1.4872817993164062,-1.4429632425308228,-1.620866298675537,-1.6987433433532715,-0.027130665257573128,-0.6425154805183411,1.0002907514572144,-0.49817928671836853,-0.21513496339321136,0.1491793841123581,-0.23932315409183502,1.3287158012390137,1500.0,-124.93609619140625,1001.8676147460938,1500.0,-674.8848266601562,1500.0,1500.0,-124.93609619140625,1001.8676147460938,1500.0,-674.8848266601562,1500.0,1500.0,-124.93609619140625,1001.8676147460938,1500.0,-674.8848266601562,1500.0
4.333333559334278,1.5036823749542236,-1.4512264728546143,-1.6248258352279663,-1.6977776288986206,-0.03099856711924076,-0.6207388043403625,0.9838771820068359,-0.4898613393306732,-0.21089009940624237,0.14948530495166779,-0.23537684977054596,1.306965947151184,-2.002716064453125,16.08013916015625,87.46563720703125,397.23876953125,25.975555419921875,8.788116455078125,-2.002716064453125,16.08013916015625,87.46563720703125,397.23876953125,25.975555419921875,8.788116455078125,-2.002716064453125,16.08013916015625,87.46563720703125,397.23876953125,25.975555419921875,8.788116455078125
4.350000226870179,1.5203795433044434,-1.4593913555145264,-1.6284639835357666,-1.6966131925582886,-0.03503105789422989,-0.5985909700393677,1.0018723011016846,-0.48352932929992676,-0.18919366598129272,0.17395056784152985,-0.24448686838150024,1.3293585777282715,1386.005859375,-57.970306396484375,806.2791748046875,1406.3817138671875,-500.84002685546875,1500.0,1386.005859375,-57.970306396484375,806.2791748046875,1406.3817138671875,-500.84002685546875,1500.0,1386.005859375,-57.970306396484375,806.2791748046875,1406.3817138671875,-500.84002685546875,1500.0
4.36666689440608,1.5368056297302246,-1.4674137830734253,-1.6319962739944458,-1.6952333450317383,-0.038983289152383804,-0.5768040418624878,0.985435426235199,-0.47546276450157166,-0.18542598187923431,0.1736149787902832,-0.240470752120018,1.307593822479248,-1.6856231689453125,15.344612121582031,83.94776916503906,381.19384765625,24.8603515625,8.43048095703125,-1.6856231689453125,15.344612121582031,83.94776916503906,381.19384765625,24.8603515625,8.43048095703125,-1.6856231689453125,15.344612121582031,83.94776916503906,381.19384765625,24.8603515625,8.43048095703125
4.383333561941981,1.5535056591033936,-1.4753315448760986,-1.6352049112319946,-1.6936633586883545,-0.04309791699051857,-0.5546764135360718,1.0020341873168945,-0.4687163531780243,-0.16341730952262878,0.19823578000068665,-0.2494702935218811,1.3281586170196533,1330.54736328125,-31.76806640625,834.8357543945312,1423.4393310546875,-500.14971923828125,1500.0,1330.54736328125,-31.76806640625,834.8357543945312,1423.4393310546875,-500.14971923828125,1500.0,1330.54736328125,-31.76806640625,834.8357543945312,1423.4393310546875,-500.14971923828125,1500.0
4.400000229477882,1.5699342489242554,-1.4831100702285767,-1.6383119821548462,-1.6918717622756958,-0.0471312515437603,-0.5329093933105469,0.9855959415435791,-0.4608921408653259,-0.16006512939929962,0.197532057762146,-0.2453693449497223,1.3064146041870117,-1.4042892456054688,15.0859375,82.83436584472656,375.807861328125,24.41704559326172,8.268356323242188,-1.4042892456054688,15.0859375,82.83436584472656,375.807861328125,24.41704559326172,8.268356323242188,-1.4042892456054688,15.0859375,82.83436584472656,375.807861328125,24.41704559326172,8.268356323242188
4.4166668970137835,1.5867815017700195,-1.4907821416854858,-1.6410003900527954,-1.68982994556427,-0.0513995923101902,-0.5106165409088135,1.0108355283737183,-0.4538094401359558,-0.13121367990970612,0.23116375505924225,-0.2584949731826782,1.3380796909332275,1500.0,-8.100250244140625,1131.5089111328125,1500.0,-671.05810546875,1500.0,1500.0,-8.100250244140625,1131.5089111328125,1500.0,-671.05810546875,1500.0,1500.0,-8.100250244140625,1131.5089111328125,1500.0,-671.05810546875,1500.0
4.4333335645496845,1.6033555269241333,-1.4983153343200684,-1.6435754299163818,-1.687477707862854,-0.0555802620947361,-0.48868528008461,0.9942510724067688,-0.44621530175209045,-0.12830860912799835,0.23028241097927094,-0.25422200560569763,1.3161804676055908,-1.373291015625,15.47454833984375,84.98727416992188,384.3140869140625,24.70061492919922,8.420928955078125,-1.373291015625,15.47454833984375,84.98727416992188,384.3140869140625,24.70061492919922,8.420928955078125,-1.373291015625,15.47454833984375,84.98727416992188,384.3140869140625,24.70061492919922,8.420928955078125
4.450000232085586,1.6201432943344116,-1.5057299137115479,-1.645821452140808,-1.684950590133667,-0.05991557613015175,-0.4664897918701172,1.0071802139282227,-0.43855053186416626,-0.1056380569934845,0.25508207082748413,-0.26282259821891785,1.3321698904037476,1187.53662109375,24.677520751953125,897.6268920898438,1457.0020751953125,-494.203125,1500.0,1187.53662109375,24.677520751953125,897.6268920898438,1457.0020751953125,-494.203125,1500.0,1187.53662109375,24.677520751953125,897.6268920898438,1457.0020751953125,-494.203125,1500.0
4.466666899621487,1.6366568803787231,-1.513012170791626,-1.6479753255844116,-1.682194709777832,-0.06416668742895126,-0.4446559250354767,0.9906575679779053,-0.4312199354171753,-0.103220634162426,0.25349390506744385,-0.25849848985671997,1.310361623764038,-1.1396484375,14.669898986816406,80.64569091796875,363.93115234375,23.23314666748047,7.97509765625,-1.1396484375,14.669898986816406,80.64569091796875,363.93115234375,23.23314666748047,7.97509765625,-1.1396484375,14.669898986816406,80.64569091796875,363.93115234375,23.23314666748047,7.97509765625
4.483333567157388,1.6533583402633667,-1.5201711654663086,-1.6497982740402222,-1.679271936416626,-0.06856881082057953,-0.42258885502815247,1.001999855041504,-0.42325642704963684,-0.08032484352588654,0.2782976031303406,-0.2669057548046112,1.324477195739746,1120.7747802734375,46.5953369140625,922.005126953125,1465.31689453125,-489.8512268066406,1455.0435791015625,1120.7747802734375,46.5953369140625,922.005126953125,1465.31689453125,-489.8512268066406,1455.0435791015625,1120.7747802734375,46.5953369140625,922.005126953125,1465.31689453125,-489.8512268066406,1455.0435791015625
4.500000234693289,1.6697871685028076,-1.527201771736145,-1.6515341997146606,-1.676119089126587,-0.07288604229688644,-0.40088146924972534,0.985563337802887,-0.41617676615715027,-0.0783199742436409,0.276333749294281,-0.26251477003097534,1.3027942180633545,-0.9751358032226562,14.414787292480469,79.09149169921875,356.2581787109375,22.5242919921875,7.737874984741211,-0.9751358032226562,14.414787292480469,79.09149169921875,356.2581787109375,22.5242919921875,7.737874984741211,-0.9751358032226562,14.414787292480469,79.09149169921875,356.2581787109375,22.5242919921875,7.737874984741211
4.51666690222919,1.6865137815475464,-1.5340999364852905,-1.6528352499008179,-1.672737956047058,-0.0774223729968071,-0.3787929117679596,1.0034892559051514,-0.40740498900413513,-0.04797586053609848,0.31041696667671204,-0.27481183409690857,1.325766921043396,1385.126220703125,89.75030517578125,1242.615966796875,1500.0,-650.7113037109375,1500.0,1385.126220703125,89.75030517578125,1242.615966796875,1500.0,-650.7113037109375,1500.0,1385.126220703125,89.75030517578125,1242.615966796875,1500.0,-650.7113037109375,1500.0
4.533333569765091,1.7029677629470825,-1.540869951248169,-1.654036521911621,-1.6690346002578735,-0.08186835795640945,-0.3570626974105835,0.9870265126228333,-0.40057051181793213,-0.0464198999106884,0.30828535556793213,-0.27026838064193726,1.3040703535079956,-0.975128173828125,14.8057861328125,80.89334106445312,362.6168212890625,22.624435424804688,7.877349853515625,-0.975128173828125,14.8057861328125,80.89334106445312,362.6168212890625,22.624435424804688,7.877349853515625,-0.975128173828125,14.8057861328125,80.89334106445312,362.6168212890625,22.624435424804688,7.877349853515625
4.550000237300992,1.7195420265197754,-1.5475071668624878,-1.6549030542373657,-1.6651772260665894,-0.0864541307091713,-0.33517640829086304,0.9942865371704102,-0.3919702172279358,-0.023081138730049133,0.332899272441864,-0.27807849645614624,1.3135545253753662,952.565673828125,92.46469116210938,974.6217651367188,1477.2724609375,-474.95367431640625,1262.116455078125,952.565673828125,92.46469116210938,974.6217651367188,1477.2724609375,-474.95367431640625,1262.116455078125,952.565673828125,92.46469116210938,974.6217651367188,1477.2724609375,-474.95367431640625,1262.116455078125
4.566666904836893,1.7358458042144775,-1.554023265838623,-1.6556941270828247,-1.6610921621322632,-0.09095294028520584,-0.3136467933654785,0.9779765605926514,-0.38540369272232056,-0.02201288752257824,0.33003127574920654,-0.27350443601608276,1.2920507192611694,-0.8058624267578125,13.9415283203125,75.73263549804688,338.4208984375,20.88188934326172,7.2979888916015625,-0.8058624267578125,13.9415283203125,75.73263549804688,338.4208984375,20.88188934326172,7.2979888916015625,-0.8058624267578125,13.9415283203125,75.73263549804688,338.4208984375,20.88188934326172,7.2979888916015625
4.583333572372794,1.7522401809692383,-1.5604041814804077,-1.656148910522461,-1.6568589210510254,-0.0955863744020462,-0.29199233651161194,0.9834882616996765,-0.37662413716316223,0.0014652464305981994,0.3544965386390686,-0.281037300825119,1.2996547222137451,875.5254516601562,109.609375,994.4940185546875,1475.820556640625,-466.679931640625,1177.4027099609375,875.5254516601562,109.609375,994.4940185546875,1475.820556640625,-466.679931640625,1177.4027099609375,875.5254516601562,109.609375,994.4940185546875,1475.820556640625,-466.679931640625,1177.4027099609375
4.600000239908695,1.7683656215667725,-1.5666680335998535,-1.656534194946289,-1.6524015665054321,-0.10013261437416077,-0.27069076895713806,0.9673556089401245,-0.37030962109565735,0.0021275077015161514,0.35125330090522766,-0.27641695737838745,1.2783790826797485,-0.7176437377929688,13.663768768310547,73.56005859375,327.88037109375,19.972023010253906,7.064342498779297,-0.7176437377929688,13.663768768310547,73.56005859375,327.88037109375,19.972023010253906,7.064342498779297,-0.7176437377929688,13.663768768310547,73.56005859375,327.88037109375,19.972023010253906,7.064342498779297
4.616666907444596,1.7846550941467285,-1.5727827548980713,-1.6564717292785645,-1.6477324962615967,-0.10487505048513412,-0.2491549551486969,0.9771592617034912,-0.3603852391242981,0.033556535840034485,0.3850618600845337,-0.2874864339828491,1.2925314903259277,1042.9549560546875,166.41732788085938,1334.259033203125,1500.0,-612.6904296875,1434.6241455078125,1042.9549560546875,166.41732788085938,1334.259033203125,1500.0,-612.6904296875,1434.6241455078125,1042.9549560546875,166.41732788085938,1334.259033203125,1500.0,-612.6904296875,1434.6241455078125
4.633333574980497,1.8006781339645386,-1.5787800550460815,-1.6563258171081543,-1.642748475074768,-0.10952598601579666,-0.22796855866909027,0.9611290693283081,-0.35432177782058716,0.03376797214150429,0.38164517283439636,-0.2827409505844116,1.2713795900344849,-0.770111083984375,14.030937194824219,74.59930419921875,330.67822265625,19.786056518554688,7.0953369140625,-0.770111083984375,14.030937194824219,74.59930419921875,330.67822265625,19.786056518554688,7.0953369140625,-0.770111083984375,14.030937194824219,74.59930419921875,330.67822265625,19.786056518554688,7.0953369140625
4.650000242516398,1.8167195320129395,-1.5846374034881592,-1.6558414697647095,-1.6376259326934814,-0.1142968013882637,-0.2067336142063141,0.9622315764427185,-0.3451949954032898,0.05747933313250542,0.4055419862270355,-0.2894759774208069,1.2743964195251465,685.088623046875,143.87844848632812,1036.521240234375,1464.3382568359375,-442.3433837890625,976.5636596679688,685.088623046875,143.87844848632812,1036.521240234375,1464.3382568359375,-442.3433837890625,976.5636596679688,685.088623046875,143.87844848632812,1036.521240234375,1464.3382568359375,-442.3433837890625,976.5636596679688
4.6666669100522995,1.8324979543685913,-1.5903856754302979,-1.655300259590149,-1.632291316986084,-0.11897934228181839,-0.18584485352039337,0.9464482069015503,-0.33939629793167114,0.05721201375126839,0.40139567852020264,-0.2847222089767456,1.2535324096679688,-0.667572021484375,13.101097106933594,68.69284057617188,303.5640869140625,17.890335083007812,6.49273681640625,-0.667572021484375,13.101097106933594,68.69284057617188,303.5640869140625,17.890335083007812,6.49273681640625,-0.667572021484375,13.101097106933594,68.69284057617188,303.5640869140625,17.890335083007812,6.49273681640625
4.683333577588201,1.8482637405395508,-1.5959937572479248,-1.6544204950332642,-1.6268231868743896,-0.12377520650625229,-0.16493815183639526,0.9456796050071716,-0.33021000027656555,0.08098091930150986,0.42498910427093506,-0.29109519720077515,1.254710078239441,599.234130859375,155.9174041748047,1051.7625732421875,1452.572509765625,-429.949462890625,889.5474853515625,599.234130859375,155.9174041748047,1051.7625732421875,1452.572509765625,-429.949462890625,889.5474853515625,599.234130859375,155.9174041748047,1051.7625732421875,1452.572509765625,-429.949462890625,889.5474853515625
4.700000245124102,1.863770842552185,-1.6014962196350098,-1.6534894704818726,-1.6211501359939575,-0.12848304212093353,-0.14437223970890045,0.9301669001579285,-0.3246574103832245,0.08031876385211945,0.42047640681266785,-0.2863193452358246,1.2341690063476562,-0.6532669067382812,12.788772583007812,65.81573486328125,290.110107421875,16.804630279541016,6.1726531982421875,-0.6532669067382812,12.788772583007812,65.81573486328125,290.110107421875,16.804630279541016,6.1726531982421875,-0.6532669067382812,12.788772583007812,65.81573486328125,290.110107421875,16.804630279541016,6.1726531982421875
4.716666912660003,1.8792963027954102,-1.60684072971344,-1.6521011590957642,-1.6152762174606323,-0.1333572268486023,-0.12371761351823807,0.9311995506286621,-0.31413042545318604,0.11243656277656555,0.45326411724090576,-0.2957606017589569,1.2395703792572021,661.6163330078125,220.35000610351562,1406.028076171875,1500.0,-556.244873046875,1048.34375,661.6163330078125,220.35000610351562,1406.028076171875,1500.0,-556.244873046875,1048.34375,661.6163330078125,220.35000610351562,1406.028076171875,1500.0,-556.244873046875,1048.34375
4.733333580195904,1.8945672512054443,-1.6120799779891968,-1.6506478786468506,-1.6091126203536987,-0.13814033567905426,-0.10339830815792084,0.9159231185913086,-0.30882734060287476,0.11132088303565979,0.44855815172195435,-0.2908932566642761,1.2192813158035278,-0.708099365234375,13.051033020019531,65.7835693359375,288.4912109375,16.372802734375,6.10382080078125,-0.708099365234375,13.051033020019531,65.7835693359375,288.4912109375,16.372802734375,6.10382080078125,-0.708099365234375,13.051033020019531,65.7835693359375,288.4912109375,16.372802734375,6.10382080078125
4.750000247731805,1.9097480773925781,-1.6171784400939941,-1.6488556861877441,-1.60282301902771,-0.1430186927318573,-0.08313489705324173,0.9105105996131897,-0.2995821237564087,0.1351218968629837,0.4711984097957611,-0.2962725758552551,1.2160165309906006,390.1028747558594,177.95205688476562,1083.1337890625,1417.2137451171875,-395.83740234375,685.437255859375,390.1028747558594,177.95205688476562,1083.1337890625,1417.2137451171875,-395.83740234375,685.437255859375,390.1028747558594,177.95205688476562,1083.1337890625,1417.2137451171875,-395.83740234375,685.437255859375
4.766666915267706,1.9246793985366821,-1.6221797466278076,-1.6470264196395874,-1.5963494777679443,-0.1478089988231659,-0.06320193409919739,0.8955751657485962,-0.2945326864719391,0.1335461437702179,0.4658074975013733,-0.2914206087589264,1.1961064338684082,-0.629425048828125,12.081863403320312,59.405548095703125,260.0194091796875,14.469627380371094,5.49224853515625,-0.629425048828125,12.081863403320312,59.405548095703125,260.0194091796875,14.469627380371094,5.49224853515625,-0.629425048828125,12.081863403320312,59.405548095703125,260.0194091796875,14.469627380371094,5.49224853515625
4.783333582803607,1.9394891262054443,-1.6270415782928467,-1.6448581218719482,-1.5897531509399414,-0.15268664062023163,-0.043354157358407974,0.8882099390029907,-0.2853473126888275,0.15732797980308533,0.4879872798919678,-0.2963564097881317,1.1910775899887085,297.12677001953125,184.63253784179688,1093.8955078125,1395.4044189453125,-379.2118835449219,597.9041748046875,297.12677001953125,184.63253784179688,1093.8955078125,1395.4044189453125,-379.2118835449219,597.9041748046875,297.12677001953125,184.63253784179688,1093.8955078125,1395.4044189453125,-379.2118835449219,597.9041748046875
4.800000250339508,1.9540544748306274,-1.6318100690841675,-1.6426584720611572,-1.5829826593399048,-0.15747688710689545,-0.023830126971006393,0.8736390471458435,-0.2805318534374237,0.1553717702627182,0.4822496473789215,-0.2915083169937134,1.1715750694274902,-0.6532745361328125,11.690855026245117,55.89007568359375,244.360107421875,13.325813293457031,5.146858215332031,-0.6532745361328125,11.690855026245117,55.89007568359375,244.360107421875,13.325813293457031,5.146858215332031,-0.6532745361328125,11.690855026245117,55.89007568359375,244.360107421875,13.325813293457031,5.146858215332031
4.816666917875409,1.9684852361679077,-1.6364213228225708,-1.6399949789047241,-1.576020359992981,-0.16239717602729797,-0.004358526319265366,0.86544269323349,-0.26995185017585754,0.1877988874912262,0.5132508873939514,-0.2989308536052704,1.1684826612472534,248.65631103515625,250.59820556640625,1458.3939208984375,1500.0,-480.9957580566406,660.1702880859375,248.65631103515625,250.59820556640625,1458.3939208984375,1500.0,-480.9957580566406,660.1702880859375,248.65631103515625,250.59820556640625,1458.3939208984375,1500.0,-480.9957580566406,660.1702880859375
4.83333358541131,1.9826778173446655,-1.6409382820129395,-1.6372878551483154,-1.5688090324401855,-0.16722849011421204,0.014796633273363113,0.8512443900108337,-0.2653751075267792,0.18538706004619598,0.5072979927062988,-0.2940306067466736,1.149353265762329,-0.72003173828125,11.848213195800781,54.76953125,238.684326171875,12.717254638671875,5.002655029296875,-0.72003173828125,11.848213195800781,54.76953125,238.684326171875,12.717254638671875,5.002655029296875,-0.72003173828125,11.848213195800781,54.76953125,238.684326171875,12.717254638671875,5.002655029296875
4.850000252947211,1.996669888496399,-1.6453204154968262,-1.6342418193817139,-1.5614818334579468,-0.1721259504556656,0.0337967649102211,0.8391070365905762,-0.2564128637313843,0.20901162922382355,0.5281370878219604,-0.29778802394866943,1.1401185989379883,73.49725341796875,194.0643768310547,1115.1885986328125,1337.63427734375,-335.20758056640625,395.039306640625,73.49725341796875,194.0643768310547,1115.1885986328125,1337.63427734375,-335.20758056640625,395.039306640625,73.49725341796875,194.0643768310547,1115.1885986328125,1337.63427734375,-335.20758056640625,395.039306640625
4.866666920483112,2.0104308128356934,-1.6496163606643677,-1.6311800479888916,-1.554007887840271,-0.17693719267845154,0.05248678848147392,0.8253411650657654,-0.25207218527793884,0.20616745948791504,0.5215795636177063,-0.29292747378349304,1.1214473247528076,-0.691436767578125,10.859966278076172,48.36444091796875,210.982666015625,10.987518310546875,4.420745849609375,-0.691436767578125,10.859966278076172,48.36444091796875,210.982666015625,10.987518310546875,4.420745849609375,-0.691436767578125,10.859966278076172,48.36444091796875,210.982666015625,10.987518310546875,4.420745849609375
4.883333588019013,2.0239574909210205,-1.6537810564041138,-1.6277799606323242,-1.5464216470718384,-0.18180547654628754,0.07099439203739166,0.8112123012542725,-0.24328429996967316,0.22969990968704224,0.5417949557304382,-0.2961653470993042,1.1105626821517944,-24.76214599609375,195.33514404296875,1121.819091796875,1306.799560546875,-314.33880615234375,308.984375,-24.76214599609375,195.33514404296875,1121.819091796875,1306.799560546875,-314.33880615234375,308.984375,-24.76214599609375,195.33514404296875,1121.819091796875,1306.799560546875,-314.33880615234375,308.984375
4.9000002555549145,2.0372602939605713,-1.6578630208969116,-1.624370813369751,-1.538701057434082,-0.18658868968486786,0.08919980376958847,0.7979042530059814,-0.2391592413187027,0.22649356722831726,0.5349283218383789,-0.2913373112678528,1.092374324798584,-0.6747283935546875,10.407567024230957,44.51751708984375,194.734130859375,9.907485961914062,4.0659332275390625,-0.6747283935546875,10.407567024230957,44.51751708984375,194.734130859375,9.907485961914062,4.0659332275390625,-0.6747283935546875,10.407567024230957,44.51751708984375,194.734130859375,9.907485961914062,4.0659332275390625
4.9166669230908155,2.0502727031707764,-1.6617974042892456,-1.6204931735992432,-1.5307976007461548,-0.1914595663547516,0.1072189062833786,0.7802198529243469,-0.22906364500522614,0.25887054204940796,0.5633679032325745,-0.2963722050189972,1.0812190771102905,-187.67828369140625,256.86444091796875,1492.7977294921875,1500.0,-386.983154296875,278.45355224609375,-187.67828369140625,256.86444091796875,1492.7977294921875,1500.0,-386.983154296875,278.45355224609375,-187.67828369140625,256.86444091796875,1492.7977294921875,1500.0,-386.983154296875,278.45355224609375
4.933333590626717,2.0630686283111572,-1.6656479835510254,-1.6165953874588013,-1.5226956605911255,-0.19624510407447815,0.1249447613954544,0.7674179077148438,-0.22516001760959625,0.25521060824394226,0.5562731623649597,-0.29153501987457275,1.063513994216919,-0.7987060546875,10.415912628173828,42.6131591796875,186.33837890625,9.247665405273438,3.899322509765625,-0.7987060546875,10.415912628173828,42.6131591796875,186.33837890625,9.247665405273438,3.899322509765625,-0.7987060546875,10.415912628173828,42.6131591796875,186.33837890625,9.247665405273438,3.899322509765625
4.950000258162618,2.0755512714385986,-1.6693758964538574,-1.6123614311218262,-1.514490008354187,-0.20106390118598938,0.14242367446422577,0.7484937310218811,-0.21686212718486786,0.27841004729270935,0.5747664570808411,-0.2934260368347168,1.0487412214279175,-258.36944580078125,192.24166870117188,1134.1297607421875,1229.6175537109375,-260.5605163574219,111.61566162109375,-258.36944580078125,192.24166870117188,1134.1297607421875,1229.6175537109375,-260.5605163574219,111.61566162109375,-258.36944580078125,192.24166870117188,1134.1297607421875,1229.6175537109375,-260.5605163574219,111.61566162109375
4.966666925698519,2.0878257751464844,-1.6730278730392456,-1.6081342697143555,-1.5061802864074707,-0.2057999074459076,0.15961702167987823,0.7362139225006104,-0.21317091584205627,0.2743546664714813,0.567175567150116,-0.28865349292755127,1.0315630435943604,-0.7081298828125,9.442567825317383,36.7939453125,161.65966796875,7.832061767578125,3.37005615234375,-0.7081298828125,9.442567825317383,36.7939453125,161.65966796875,7.832061767578125,3.37005615234375,-0.7081298828125,9.442567825317383,36.7939453125,161.65966796875,7.832061767578125,3.37005615234375
4.98333359323442,2.099756956100464,-1.6765626668930054,-1.6035720109939575,-1.4977710247039795,-0.2105589658021927,0.17653849720954895,0.7153079509735107,-0.20515497028827667,0.29739615321159363,0.5848898887634277,-0.28995653986930847,1.015284538269043,-359.78314208984375,188.1998748779297,1137.2733154296875,1191.456298828125,-235.575439453125,28.7711181640625,-359.78314208984375,188.1998748779297,1137.2733154296875,1191.456298828125,-235.575439453125,28.7711181640625,-359.78314208984375,188.1998748779297,1137.2733154296875,1191.456298828125,-235.575439453125,28.7711181640625
5.000000260770321,2.111487865447998,-1.68002450466156,-1.5990231037139893,-1.489271879196167,-0.2152368724346161,0.19318334758281708,0.7035703063011169,-0.20165599882602692,0.2930033206939697,0.577042281627655,-0.2852466404438019,0.9986531138420105,-0.7915496826171875,8.95380973815918,33.12347412109375,146.512939453125,6.908775329589844,3.0523529052734375,-0.7915496826171875,8.95380973815918,33.12347412109375,146.512939453125,6.908775329589844,3.0523529052734375,-0.7915496826171875,8.95380973815918,33.12347412109375,146.512939453125,6.908775329589844,3.0523529052734375
5.016666928306222,2.1227712631225586,-1.683356761932373,-1.5940046310424805,-1.480603814125061,-0.21995463967323303,0.20951776206493378,0.6763498187065125,-0.19255457818508148,0.3249966502189636,0.6021599173545837,-0.28755825757980347,0.9800232648849487,-638.3347778320312,239.603515625,1500.0,1488.82861328125,-274.87994384765625,-88.96240234375,-638.3347778320312,239.603515625,1500.0,1488.82861328125,-274.87994384765625,-88.96240234375,-638.3347778320312,239.603515625,1500.0,1488.82861328125,-274.87994384765625,-88.96240234375
5.033333595842123,2.133863925933838,-1.6866141557693481,-1.5889910459518433,-1.4717934131622314,-0.22459223866462708,0.22558589279651642,0.6652498841285706,-0.18925219774246216,0.3201589584350586,0.5940970182418823,-0.28288534283638,0.9639702439308167,-0.85113525390625,8.836984634399414,30.92767333984375,137.400634765625,6.295440673828125,2.855072021484375,-0.85113525390625,8.836984634399414,30.92767333984375,137.400634765625,6.295440673828125,2.855072021484375,-0.85113525390625,8.836984634399414,30.92767333984375,137.400634765625,6.295440673828125,2.855072021484375
5.050000263378024,2.144534111022949,-1.6897674798965454,-1.5836453437805176,-1.4628947973251343,-0.22922691702842712,0.24132408201694489,0.6396387219429016,-0.18197371065616608,0.34271129965782166,0.6097285151481628,-0.28269413113594055,0.9441931247711182,-598.418701171875,172.94110107421875,1142.0440673828125,1098.523193359375,-172.51132202148438,-159.0943603515625,-598.418701171875,172.94110107421875,1142.0440673828125,1098.523193359375,-172.51132202148438,-159.0943603515625,-598.418701171875,172.94110107421875,1142.0440673828125,1098.523193359375,-172.51132202148438,-159.0943603515625
5.066666930913925,2.155024528503418,-1.6928534507751465,-1.5783300399780273,-1.4539381265640259,-0.2337837815284729,0.25680476427078247,0.6291428804397583,-0.1788550317287445,0.33751973509788513,0.6012930274009705,-0.2781130075454712,0.9287241101264954,-0.7796173095703125,7.9345703125,26.122314453125,117.318603515625,5.227325439453125,2.462860107421875,-0.7796173095703125,7.9345703125,26.122314453125,117.318603515625,5.227325439453125,2.462860107421875,-0.7796173095703125,7.9345703125,26.122314453125,117.318603515625,5.227325439453125,2.462860107421875
5.083333598449826,2.165060520172119,-1.6958425045013428,-1.572684407234192,-1.4448988437652588,-0.2383265346288681,0.27193349599838257,0.6016017198562622,-0.17195618152618408,0.35985642671585083,0.6160028576850891,-0.27727630734443665,0.90761399269104,-700.9530639648438,163.85317993164062,1142.342041015625,1054.754150390625,-143.68893432617188,-237.0750732421875,-700.9530639648438,163.85317993164062,1142.342041015625,1054.754150390625,-143.68893432617188,-237.0750732421875,-700.9530639648438,163.85317993164062,1142.342041015625,1054.754150390625,-143.68893432617188,-237.0750732421875
5.100000265985727,2.174928903579712,-1.6987665891647339,-1.5670760869979858,-1.4358144998550415,-0.24279361963272095,0.28681451082229614,0.5917301774024963,-0.16900137066841125,0.35435745120048523,0.6073801517486572,-0.2727881968021393,0.8927427530288696,-0.746246337890625,7.461311340332031,23.04913330078125,104.789794921875,4.553199768066406,2.1803436279296875,-0.746246337890625,7.461311340332031,23.04913330078125,104.789794921875,4.553199768066406,2.1803436279296875,-0.746246337890625,7.461311340332031,23.04913330078125,104.789794921875,4.553199768066406,2.1803436279296875
5.116666933521628,2.1841933727264404,-1.7015873193740845,-1.5609999895095825,-1.4265828132629395,-0.24724847078323364,0.30127307772636414,0.5551425218582153,-0.16136577725410461,0.3856721818447113,0.6284694075584412,-0.2720847427845001,0.8673620820045471,-1093.759521484375,199.8615264892578,1500.0,1309.328125,-145.9908447265625,-434.87548828125,-1093.759521484375,199.8615264892578,1500.0,1309.328125,-145.9908447265625,-434.87548828125,-1093.759521484375,199.8615264892578,1500.0,1309.328125,-145.9908447265625,-434.87548828125
5.1333336010575294,2.1932997703552246,-1.7043399810791016,-1.5549545288085938,-1.4172662496566772,-0.2516298294067383,0.31549549102783203,0.5460309982299805,-0.15857645869255066,0.37974634766578674,0.6196680665016174,-0.2676807940006256,0.853150486946106,-0.83209228515625,7.266998291015625,21.0380859375,96.490478515625,4.0650482177734375,2.008697509765625,-0.83209228515625,7.266998291015625,21.0380859375,96.490478515625,4.0650482177734375,2.008697509765625,-0.83209228515625,7.266998291015625,21.0380859375,96.490478515625,4.0650482177734375,2.008697509765625
5.1500002685934305,2.2018768787384033,-1.7070121765136719,-1.548583745956421,-1.407882571220398,-0.2559692859649658,0.32931533455848694,0.5139859914779663,-0.1526365876197815,0.4014618694782257,0.6319799423217773,-0.26523005962371826,0.8289903402328491,-939.49560546875,137.1735382080078,1140.92822265625,949.3614501953125,-72.20269775390625,-411.9312744140625,-939.49560546875,137.1735382080078,1140.92822265625,949.3614501953125,-72.20269775390625,-411.9312744140625,-939.49560546875,137.1735382080078,1140.92822265625,949.3614501953125,-72.20269775390625,-411.9312744140625
5.166666936129332,2.2103075981140137,-1.7096242904663086,-1.542267084121704,-1.3984848260879517,-0.2602374851703644,0.34290868043899536,0.5055503249168396,-0.14999863505363464,0.3952270448207855,0.6229333877563477,-0.2609460651874542,0.81540447473526,-0.779632568359375,6.4665069580078125,17.47607421875,81.539306640625,3.3462066650390625,1.68084716796875,-0.779632568359375,6.4665069580078125,17.47607421875,81.539306640625,3.3462066650390625,1.68084716796875,-0.779632568359375,6.4665069580078125,17.47607421875,81.539306640625,3.3462066650390625,1.68084716796875
5.183333603665233,2.21817946434021,-1.7121641635894775,-1.5356271266937256,-1.3890271186828613,-0.2644520103931427,0.3560805916786194,0.47167614102363586,-0.14452412724494934,0.41668081283569336,0.6342010498046875,-0.2578032612800598,0.7901046872138977,-1040.8282470703125,123.41796875,1138.949462890625,901.196044921875,-39.9935302734375,-483.63690185546875,-1040.8282470703125,123.41796875,1138.949462890625,901.196044921875,-39.9935302734375,-483.63690185546875,-1040.8282470703125,123.41796875,1138.949462890625,901.196044921875,-39.9935302734375,-483.63690185546875
5.200000271201134,2.225917339324951,-1.7146457433700562,-1.5290478467941284,-1.3795684576034546,-0.26859796047210693,0.36903640627861023,0.46393468976020813,-0.14201895892620087,0.4101722836494446,0.6250467300415039,-0.25364434719085693,0.777154803276062,-0.7355194091796875,6.032585144042969,15.20037841796875,72.18115234375,2.8753204345703125,1.4781951904296875,-0.7355194091796875,6.032585144042969,15.20037841796875,72.18115234375,2.8753204345703125,1.4781951904296875,-0.7355194091796875,6.032585144042969,15.20037841796875,72.18115234375,2.8753204345703125,1.4781951904296875
5.216666938737035,2.232903480529785,-1.7170569896697998,-1.5220056772232056,-1.3699939250946045,-0.2726759910583496,0.3814716637134552,0.41837069392204285,-0.1362713873386383,0.44055885076522827,0.6414907574653625,-0.2496875375509262,0.7458598017692566,-1500.0,139.28115844726562,1500.0,1106.35986328125,-2.320404052734375,-753.0427856445312,-1500.0,139.28115844726562,1500.0,1106.35986328125,-2.320404052734375,-753.0427856445312,-1500.0,139.28115844726562,1500.0,1106.35986328125,-2.320404052734375,-753.0427856445312
5.233333606272936,2.239766836166382,-1.7194058895111084,-1.515020728111267,-1.3603885173797607,-0.2766885757446289,0.3937031626701355,0.4115019142627716,-0.1338944435119629,0.43364855647087097,0.632219135761261,-0.24566131830215454,0.7336347103118896,-0.79034423828125,5.828142166137695,13.5946044921875,65.61767578125,2.5284271240234375,1.3470458984375,-0.79034423828125,5.828142166137695,13.5946044921875,65.61767578125,2.5284271240234375,1.3470458984375,-0.79034423828125,5.828142166137695,13.5946044921875,65.61767578125,2.5284271240234375,1.3470458984375
5.250000273808837,2.246002674102783,-1.7217020988464355,-1.5077189207077026,-1.3507438898086548,-0.2806185483932495,0.4054708778858185,0.37343522906303406,-0.1295686662197113,0.4543773829936981,0.6408334374427795,-0.24081526696681976,0.7057772874832153,-1273.9658203125,86.3504409790039,1132.4215087890625,785.694091796875,38.70428466796875,-642.4415283203125,-1273.9658203125,86.3504409790039,1132.4215087890625,785.694091796875,38.70428466796875,-642.4415283203125,-1273.9658203125,86.3504409790039,1132.4215087890625,785.694091796875,38.70428466796875,-642.4415283203125
5.266666941344738,2.252129316329956,-1.7239433526992798,-1.5004945993423462,-1.341125726699829,-0.2844853401184082,0.4170452952384949,0.36730408668518066,-0.1273079663515091,0.4472029507160187,0.6314367055892944,-0.23693981766700745,0.6942076086997986,-0.7319488525390625,5.167724609375,11.1961669921875,55.337158203125,2.0611419677734375,1.14678955078125,-0.7319488525390625,5.167724609375,11.1961669921875,55.337158203125,2.0611419677734375,1.14678955078125,-0.7319488525390625,5.167724609375,11.1961669921875,55.337158203125,2.0611419677734375,1.14678955078125
5.283333608880639,2.257601499557495,-1.7261418104171753,-1.4929555654525757,-1.3314770460128784,-0.2882572114467621,0.4281405210494995,0.32755178213119507,-0.12352044135332108,0.4676355719566345,0.638912558555603,-0.2313689887523651,0.6654192209243774,-1371.9427490234375,68.39037322998047,1128.522216796875,733.9404296875,73.7344970703125,-706.70361328125,-1371.9427490234375,68.39037322998047,1128.522216796875,733.9404296875,73.7344970703125,-706.70361328125,-1371.9427490234375,68.39037322998047,1128.522216796875,733.9404296875,73.7344970703125,-706.70361328125
5.30000027641654,2.262976884841919,-1.728286623954773,-1.485500454902649,-1.321866512298584,-0.2919690012931824,0.43905335664749146,0.3221725821495056,-0.12135801464319229,0.46022260189056396,0.6294897198677063,-0.22765007615089417,0.6545100808143616,-0.7378997802734375,4.827674865722656,9.65594482421875,48.95947265625,1.776214599609375,1.0228118896484375,-0.7378997802734375,4.827674865722656,9.65594482421875,48.95947265625,1.776214599609375,1.0228118896484375,-0.7378997802734375,4.827674865722656,9.65594482421875,48.95947265625,1.776214599609375,1.0228118896484375
5.316666943952441,2.2674617767333984,-1.730399250984192,-1.4775910377502441,-1.3121813535690308,-0.29555463790893555,0.44936269521713257,0.26823046803474426,-0.11786063015460968,0.4894828498363495,0.6407903432846069,-0.22026388347148895,0.6182210445404053,-1500.0,59.996543884277344,1495.317138671875,883.6962890625,153.57015991210938,-1038.25927734375,-1500.0,59.996543884277344,1495.317138671875,883.6962890625,153.57015991210938,-1038.25927734375,-1500.0,59.996543884277344,1495.317138671875,883.6962890625,153.57015991210938,-1038.25927734375
5.333333611488342,2.271864175796509,-1.7324535846710205,-1.4697641134262085,-1.3025143146514893,-0.29908454418182373,0.4595026969909668,0.2638242542743683,-0.11578590422868729,0.48169955611228943,0.6313292384147644,-0.21672610938549042,0.6080856919288635,-0.70928955078125,4.6062469482421875,8.5306396484375,44.2646484375,1.5479278564453125,0.92864990234375,-0.70928955078125,4.6062469482421875,8.5306396484375,44.2646484375,1.5479278564453125,0.92864990234375,-0.70928955078125,4.6062469482421875,8.5306396484375,44.2646484375,1.5479278564453125,0.92864990234375
5.350000279024243,2.275547981262207,-1.7344865798950195,-1.4616312980651855,-1.2928415536880493,-0.3024899363517761,0.46912968158721924,0.22029127180576324,-0.11330157518386841,0.5013318061828613,0.6359645128250122,-0.20940017700195312,0.5772623419761658,-1500.0,22.159814834594727,1117.6455078125,609.920166015625,158.10250854492188,-847.066650390625,-1500.0,22.159814834594727,1117.6455078125,609.920166015625,158.10250854492188,-847.066650390625,-1500.0,22.159814834594727,1117.6455078125,609.920166015625,158.10250854492188,-847.066650390625
5.366666946560144,2.2791640758514404,-1.7364691495895386,-1.453598141670227,-1.283231258392334,-0.30584174394607544,0.47859814763069153,0.21667227149009705,-0.11130612343549728,0.4933267831802368,0.6264857053756714,-0.2060428112745285,0.5677970051765442,-0.644927978515625,4.1064605712890625,7.04290771484375,37.5986328125,1.2808990478515625,0.787994384765625,-0.644927978515625,4.1064605712890625,7.04290771484375,37.5986328125,1.2808990478515625,0.787994384765625,-0.644927978515625,4.1064605712890625,7.04290771484375,37.5986328125,1.2808990478515625,0.787994384765625
5.3833336140960455,2.2820374965667725,-1.7384401559829712,-1.4452617168426514,-1.2736259698867798,-0.30905649065971375,0.48754197359085083,0.17163999378681183,-0.10941588878631592,0.5126410722732544,0.6299180388450623,-0.19797497987747192,0.5362619161605835,-1500.0,0.6267433166503906,1112.1070556640625,555.1005859375,195.20700073242188,-902.9722290039062,-1500.0,0.6267433166503906,1112.1070556640625,555.1005859375,195.20700073242188,-902.9722290039062,-1500.0,0.6267433166503906,1112.1070556640625,555.1005859375,195.20700073242188,-902.9722290039062
5.400000281631947,2.2848567962646484,-1.7403616905212402,-1.4370310306549072,-1.2640918493270874,-0.3122212290763855,0.4963383376598358,0.1688184291124344,-0.1074831485748291,0.504433274269104,0.6204938888549805,-0.19480633735656738,0.527467668056488,-0.6335906982421875,3.8576126098632812,6.0784912109375,33.595458984375,1.0836029052734375,0.6782989501953125,-0.6335906982421875,3.8576126098632812,6.0784912109375,33.595458984375,1.0836029052734375,0.6782989501953125,-0.6335906982421875,3.8576126098632812,6.0784912109375,33.595458984375,1.0836029052734375,0.6782989501953125
5.416666949167848,2.2866604328155518,-1.7422932386398315,-1.4283572435379028,-1.254534363746643,-0.3152003586292267,0.5044646263122559,0.10729879140853882,-0.1065293624997139,0.5324217677116394,0.6262840032577515,-0.18388712406158447,0.4871624708175659,-1500.0,-35.42870330810547,1471.831787109375,644.373779296875,318.5528259277344,-1286.5400390625,-1500.0,-35.42870330810547,1471.831787109375,644.373779296875,318.5528259277344,-1286.5400390625,-1500.0,-35.42870330810547,1471.831787109375,644.373779296875,318.5528259277344,-1286.5400390625
5.433333616703749,2.2884254455566406,-1.7441695928573608,-1.4197896718978882,-1.2450366020202637,-0.31813469529151917,0.5124567747116089,0.10553213953971863,-0.10463953018188477,0.5238780379295349,0.6169084310531616,-0.1809486299753189,0.47917309403419495,-0.6300201416015625,3.6817779541015625,5.340576171875,30.469970703125,0.9495086669921875,0.6163330078125,-0.6300201416015625,3.6817779541015625,5.340576171875,30.469970703125,0.9495086669921875,0.6163330078125,-0.6300201416015625,3.6817779541015625,5.340576171875,30.469970703125,0.9495086669921875,0.6163330078125
5.45000028423965,2.2893922328948975,-1.7460578680038452,-1.4109288454055786,-1.2355729341506958,-0.3209022283554077,0.519899308681488,0.05722477659583092,-0.10416778177022934,0.542343020439148,0.6173864603042603,-0.17111214995384216,0.44614022970199585,-1500.0,-53.32976531982422,1097.5003662109375,424.022705078125,283.55419921875,-1023.0731811523438,-1500.0,-53.32976531982422,1097.5003662109375,424.022705078125,283.55419921875,-1023.0731811523438,-1500.0,-53.32976531982422,1097.5003662109375,424.022705078125,283.55419921875,-1023.0731811523438
5.466666951775551,2.290335178375244,-1.7478983402252197,-1.402187705039978,-1.226199746131897,-0.32362744212150574,0.5272188186645508,0.05627983808517456,-0.10231966525316238,0.5336169004440308,0.608086884021759,-0.16838409006595612,0.43882235884666443,-0.5869598388671875,3.3313064575195312,4.46795654296875,26.354736328125,0.7963104248046875,0.540008544921875,-0.5869598388671875,3.3313064575195312,4.46795654296875,26.354736328125,0.7963104248046875,0.540008544921875,-0.5869598388671875,3.3313064575195312,4.46795654296875,26.354736328125,0.7963104248046875,0.540008544921875
5.483333619311452,2.2904608249664307,-1.7497612237930298,-1.393156886100769,-1.2168729305267334,-0.32617345452308655,0.5339808464050293,0.00669690640643239,-0.10248224437236786,0.5517516732215881,0.6073270440101624,-0.15780602395534515,0.4052985608577728,-1500.0,-77.8341293334961,1090.53369140625,366.685302734375,321.9664001464844,-1069.977294921875,-1500.0,-77.8341293334961,1090.53369140625,366.685302734375,321.9664001464844,-1069.977294921875,-1500.0,-77.8341293334961,1090.53369140625,366.685302734375,321.9664001464844,-1069.977294921875
5.500000286847353,2.2905757427215576,-1.7515766620635986,-1.3842511177062988,-1.2076441049575806,-0.32868099212646484,0.5406309366226196,0.0065797558054327965,-0.10066040605306625,0.542857825756073,0.5981584191322327,-0.15529611706733704,0.39864999055862427,-0.6022796630859375,3.1843795776367188,3.91009521484375,24.00634765625,0.68426513671875,0.4935302734375,-0.6022796630859375,3.1843795776367188,3.91009521484375,24.00634765625,0.68426513671875,0.4935302734375,-0.6022796630859375,3.1843795776367188,3.91009521484375,24.00634765625,0.68426513671875,0.4935302734375
5.516666954383254,2.289567708969116,-1.7534475326538086,-1.3749172687530518,-1.1984502077102661,-0.3309433162212372,0.5465610027313232,-0.06153445690870285,-0.10246921330690384,0.5694750547409058,0.5982093214988708,-0.1408177763223648,0.3553351163864136,-1500.0,-144.1422119140625,1441.4835205078125,391.838623046875,489.2372741699219,-1494.9525146484375,-1500.0,-144.1422119140625,1441.4835205078125,391.838623046875,489.2372741699219,-1494.9525146484375,-1500.0,-144.1422119140625,1441.4835205078125,391.838623046875,489.2372741699219,-1494.9525146484375
5.533333621919155,2.2885639667510986,-1.755265235900879,-1.3657103776931763,-1.1893504858016968,-0.3331732451915741,0.5523924827575684,-0.06053362414240837,-0.10064375400543213,0.560280442237854,0.5891788601875305,-0.1385853886604309,0.34950491786003113,-0.6249542236328125,3.0449066162109375,3.44036865234375,22.046630859375,0.596649169921875,0.43988037109375,-0.6249542236328125,3.0449066162109375,3.44036865234375,22.046630859375,0.596649169921875,0.43988037109375,-0.6249542236328125,3.0449066162109375,3.44036865234375,22.046630859375,0.596649169921875,0.43988037109375
5.550000289455056,2.286698579788208,-1.7571297883987427,-1.3562248945236206,-1.1803284883499146,-0.33519482612609863,0.5576506853103638,-0.11280074715614319,-0.10229839384555817,0.5775415897369385,0.5854229927062988,-0.1262679100036621,0.31502190232276917,-1500.0,-137.92245483398438,1072.8216552734375,230.281494140625,412.3508605957031,-1168.6015625,-1500.0,-137.92245483398438,1072.8216552734375,230.281494140625,412.3508605957031,-1168.6015625,-1500.0,-137.92245483398438,1072.8216552734375,230.281494140625,412.3508605957031,-1168.6015625
5.566666956990957,2.2848546504974365,-1.7589472532272339,-1.3468769788742065,-1.1714195013046265,-0.3371868431568146,0.5628213882446289,-0.11095859110355377,-0.10047713667154312,0.568200945854187,0.5765514373779297,-0.12427443265914917,0.3098524212837219,-0.586212158203125,2.8452301025390625,2.9564208984375,19.63623046875,0.514984130859375,0.3910064697265625,-0.586212158203125,2.8452301025390625,2.9564208984375,19.63623046875,0.514984130859375,0.3910064697265625,-0.586212158203125,2.8452301025390625,2.9564208984375,19.63623046875,0.514984130859375,0.3910064697265625
5.583333624526858,2.282130718231201,-1.7608221769332886,-1.337254285812378,-1.1626017093658447,-0.3389585018157959,0.5674140453338623,-0.16424766182899475,-0.10278865694999695,0.5851284861564636,0.5715531706809998,-0.11123333126306534,0.27509579062461853,-1500.0,-164.68017578125,1064.6700439453125,171.20849609375,451.24200439453125,-1206.188232421875,-1500.0,-164.68017578125,1064.6700439453125,171.20849609375,451.24200439453125,-1206.188232421875,-1500.0,-164.68017578125,1064.6700439453125,171.20849609375,451.24200439453125,-1206.188232421875
5.600000292062759,2.279442548751831,-1.7626500129699707,-1.327773094177246,-1.1539021730422974,-0.3407048285007477,0.5719300508499146,-0.16156068444252014,-0.10095810145139694,0.5756536722183228,0.5628831386566162,-0.10948578268289566,0.27058011293411255,-0.52630615234375,2.777587890625,2.6607666015625,18.427490234375,0.464324951171875,0.3707275390625,-0.52630615234375,2.777587890625,2.6607666015625,18.427490234375,0.464324951171875,0.3707275390625,-0.52630615234375,2.777587890625,2.6607666015625,18.427490234375,0.464324951171875,0.3707275390625
5.6166669595986605,2.2755401134490967,-1.7645809650421143,-1.3178811073303223,-1.1453008651733398,-0.34214726090431213,0.5756925940513611,-0.23512409627437592,-0.10566958039999008,0.6008419394493103,0.5571058392524719,-0.091504767537117,0.225262850522995,-1500.0,-262.99981689453125,1405.5633544921875,130.23486328125,661.94775390625,-1500.0,-1500.0,-262.99981689453125,1405.5633544921875,130.23486328125,661.94775390625,-1500.0,-1500.0,-262.99981689453125,1405.5633544921875,130.23486328125,661.94775390625,-1500.0
5.6333336271345615,2.271690607070923,-1.7664589881896973,-1.3081341981887817,-1.1368204355239868,-0.3435709774494171,0.5793921947479248,-0.23127497732639313,-0.10378802567720413,0.5911008715629578,0.5486615300178528,-0.09007999300956726,0.2215646654367447,-0.5179595947265625,2.6974105834960938,2.3531494140625,17.274658203125,0.4044189453125,0.346282958984375,-0.5179595947265625,2.6974105834960938,2.3531494140625,17.274658203125,0.4044189453125,0.346282958984375,-0.5179595947265625,2.6974105834960938,2.3531494140625,17.274658203125,0.4044189453125,0.346282958984375
5.650000294670463,2.266927719116211,-1.7684184312820435,-1.2981239557266235,-1.1284642219543457,-0.344746470451355,0.582506537437439,-0.2865884304046631,-0.10762277245521545,0.607149600982666,0.5406962633132935,-0.07537074387073517,0.18637242913246155,-1500.0,-229.18463134765625,1044.4354248046875,31.677490234375,541.703125,-1282.808837890625,-1500.0,-229.18463134765625,1044.4354248046875,31.677490234375,541.703125,-1282.808837890625,-1500.0,-229.18463134765625,1044.4354248046875,31.677490234375,541.703125,-1282.808837890625
5.666666962206364,2.2622344493865967,-1.7703306674957275,-1.2882667779922485,-1.1202367544174194,-0.34590649604797363,0.5855686664581299,-0.28189539909362793,-0.10571038722991943,0.5972952246665955,0.5324841737747192,-0.07420984655618668,0.1833106279373169,-0.5090179443359375,2.5829620361328125,2.07659912109375,16.03955078125,0.3528594970703125,0.3069610595703125,-0.5090179443359375,2.5829620361328125,2.07659912109375,16.03955078125,0.3528594970703125,0.3069610595703125,-0.5090179443359375,2.5829620361328125,2.07659912109375,16.03955078125,0.3528594970703125,0.3069610595703125
5.683333629742265,2.2566161155700684,-1.7723356485366821,-1.2781505584716797,-1.1121474504470825,-0.3468068540096283,0.5880447030067444,-0.3379485607147217,-0.11020731180906296,0.6130146980285645,0.5233019590377808,-0.058813825249671936,0.14805489778518677,-1500.0,-257.458984375,1035.349365234375,-28.1142578125,580.1533203125,-1310.9052734375,-1500.0,-257.458984375,1035.349365234375,-28.1142578125,580.1533203125,-1310.9052734375,-1500.0,-257.458984375,1035.349365234375,-28.1142578125,580.1533203125,-1310.9052734375
5.700000297278166,2.2510809898376465,-1.7742929458618164,-1.268190622329712,-1.1041902303695679,-0.34769636392593384,0.5904783606529236,-0.332413911819458,-0.10825060307979584,0.6030569672584534,0.5153548717498779,-0.05792360380291939,0.1456207036972046,-0.53643798828125,2.6172332763671875,1.921630859375,15.602294921875,0.3267822265625,0.2825164794921875,-0.53643798828125,2.6172332763671875,1.921630859375,15.602294921875,0.3267822265625,0.2825164794921875,-0.53643798828125,2.6172332763671875,1.921630859375,15.602294921875,0.3267822265625,0.2825164794921875
5.716666964814067,2.2442617416381836,-1.7764004468917847,-1.257838487625122,-1.0963983535766602,-0.348225861787796,0.5921420454978943,-0.410146027803421,-0.11592299491167068,0.6267938017845154,0.5037980675697327,-0.03658269718289375,0.09927971661090851,-1500.0,-388.61480712890625,1365.318359375,-135.51611328125,832.7562255859375,-1500.0,-1500.0,-388.61480712890625,1365.318359375,-135.51611328125,832.7562255859375,-1500.0,-1500.0,-388.61480712890625,1365.318359375,-135.51611328125,832.7562255859375,-1500.0
5.733333632349968,2.2375431060791016,-1.7784544229507446,-1.2476460933685303,-1.0887469053268433,-0.3487517237663269,0.5937764048576355,-0.40342727303504944,-0.11386919766664505,0.6166041493415833,0.49616125226020813,-0.036055877804756165,0.09764569252729416,-0.5114059448242188,2.58087158203125,1.759521484375,15.0810546875,0.2998199462890625,0.284912109375,-0.5114059448242188,2.58087158203125,1.759521484375,15.0810546875,0.2998199462890625,0.284912109375,-0.5114059448242188,2.58087158203125,1.759521484375,15.0810546875,0.2998199462890625,0.284912109375
5.750000299885869,2.2298765182495117,-1.780624270439148,-1.2372071743011475,-1.0812667608261108,-0.34899193048477173,0.5948258638381958,-0.46079128980636597,-0.11987810581922531,0.6314548254013062,0.48411330580711365,-0.019107501953840256,0.06244998797774315,-1500.0,-324.576171875,1013.2026977539062,-168.0732421875,668.5993041992188,-1365.5838623046875,-1500.0,-324.576171875,1013.2026977539062,-168.0732421875,668.5993041992188,-1365.5838623046875,-1500.0,-324.576171875,1013.2026977539062,-168.0732421875,668.5993041992188,-1365.5838623046875
5.76666696742177,2.222327709197998,-1.7827457189559937,-1.2269338369369507,-1.0739250183105469,-0.34923216700553894,0.595856785774231,-0.4532415270805359,-0.11775993555784225,0.6211822032928467,0.4767713248729706,-0.018866341561079025,0.061419375240802765,-0.5066375732421875,2.5740203857421875,1.61883544921875,14.638916015625,0.2725067138671875,0.2659759521484375,-0.5066375732421875,2.5740203857421875,1.61883544921875,14.638916015625,0.2725067138671875,0.2659759521484375,-0.5066375732421875,2.5740203857421875,1.61883544921875,14.638916015625,0.2725067138671875,0.2659759521484375
5.783333634957671,2.21382474899292,-1.784993290901184,-1.2164180278778076,-1.0667684078216553,-0.34917619824409485,0.5963044762611389,-0.5110441446304321,-0.12441769987344742,0.6357131004333496,0.4635593891143799,-0.0012849096674472094,0.026354145258665085,-1500.0,-353.53271484375,1003.4227294921875,-227.403564453125,705.745361328125,-1384.4189453125,-1500.0,-353.53271484375,1003.4227294921875,-227.403564453125,705.745361328125,-1384.4189453125,-1500.0,-353.53271484375,1003.4227294921875,-227.403564453125,705.745361328125,-1384.4189453125
5.800000302493572,2.2054522037506104,-1.787191390991211,-1.2060703039169312,-1.059751272201538,-0.34912505745887756,0.5967434048652649,-0.5026717782020569,-0.12222333252429962,0.625365674495697,0.45653900504112244,-0.0013356340350583196,0.025915220379829407,-0.555511474609375,2.68072509765625,1.55450439453125,14.809326171875,0.24932861328125,0.2825927734375,-0.555511474609375,2.68072509765625,1.55450439453125,14.809326171875,0.24932861328125,0.2825927734375,-0.555511474609375,2.68072509765625,1.55450439453125,14.809326171875,0.24932861328125,0.2825927734375
5.816666970029473,2.1957483291625977,-1.7895857095718384,-1.1953496932983398,-1.052966594696045,-0.3486616611480713,0.5964106321334839,-0.5831834673881531,-0.13283436000347137,0.6476559042930603,0.4393872618675232,0.023138027638196945,-0.020521635189652443,-1500.0,-517.5125732421875,1321.887939453125,-399.903076171875,997.7388305664062,-1500.0,-1500.0,-517.5125732421875,1321.887939453125,-399.903076171875,997.7388305664062,-1500.0,-1500.0,-517.5125732421875,1321.887939453125,-399.903076171875,997.7388305664062,-1500.0
5.833333637565374,2.1861932277679443,-1.791925072669983,-1.184801459312439,-1.04633629322052,-0.34821081161499023,0.5960813164710999,-0.5736274123191833,-0.1304987668991089,0.6371079683303833,0.4327544569969177,0.02268821746110916,-0.020192082971334457,-0.5221366882324219,2.7012786865234375,1.454345703125,14.779541015625,0.25653076171875,0.2662200927734375,-0.5221366882324219,2.7012786865234375,1.454345703125,14.779541015625,0.25653076171875,0.2662200927734375,-0.5221366882324219,2.7012786865234375,1.454345703125,14.779541015625,0.25653076171875,0.2662200927734375
5.850000305101275,2.175673484802246,-1.7944135665893555,-1.1740233898162842,-1.0399219989776611,-0.34744060039520264,0.5951778888702393,-0.6319878697395325,-0.13861645758152008,0.6507929563522339,0.41684406995773315,0.04166463017463684,-0.05474042892456055,-1500.0,-421.4173583984375,979.9241943359375,-364.837646484375,790.1077880859375,-1417.81689453125,-1500.0,-421.4173583984375,979.9241943359375,-364.837646484375,790.1077880859375,-1417.81689453125,-1500.0,-421.4173583984375,979.9241943359375,-364.837646484375,790.1077880859375,-1417.81689453125
5.8666669726371765,2.1653177738189697,-1.796850562095642,-1.1634204387664795,-1.03365159034729,-0.34668684005737305,0.5942873954772949,-0.6216316223144531,-0.13618534803390503,0.6401890516281128,0.4105600118637085,0.0409109890460968,-0.053850457072257996,-0.5578994750976562,2.8300323486328125,1.40185546875,15.006103515625,0.242889404296875,0.254058837890625,-0.5578994750976562,2.8300323486328125,1.40185546875,15.006103515625,0.242889404296875,0.254058837890625,-0.5578994750976562,2.8300323486328125,1.40185546875,15.006103515625,0.242889404296875,0.254058837890625
5.883333640173078,2.1539957523345947,-1.799445629119873,-1.152592420578003,-1.0276100635528564,-0.34560421109199524,0.5928279757499695,-0.6801154017448425,-0.14492236077785492,0.6535675525665283,0.3935668170452118,0.06044994667172432,-0.08809112757444382,-1500.0,-450.2707824707031,969.6674194335938,-422.38134765625,825.0978393554688,-1427.729736328125,-1500.0,-450.2707824707031,969.6674194335938,-422.38134765625,825.0978393554688,-1427.729736328125,-1500.0,-450.2707824707031,969.6674194335938,-422.38134765625,825.0978393554688,-1427.729736328125
5.900000307708979,2.142852783203125,-1.8019888401031494,-1.1419411897659302,-1.021712064743042,-0.3445431590080261,0.5913913249969482,-0.6689699292182922,-0.1423865705728531,0.6429153680801392,0.3876509368419647,0.05938930809497833,-0.08665446937084198,-0.56744384765625,3.0124053955078125,1.4066162109375,15.685546875,0.2343902587890625,0.2738800048828125,-0.56744384765625,3.0124053955078125,1.4066162109375,15.685546875,0.2343902587890625,0.2738800048828125,-0.56744384765625,3.0124053955078125,1.4066162109375,15.685546875,0.2343902587890625,0.2738800048828125
5.91666697524488,2.1303553581237793,-1.8047713041305542,-1.130937933921814,-1.0161105394363403,-0.34302255511283875,0.589195191860199,-0.7507984638214111,-0.15583334863185883,0.6637848019599915,0.36522039771080017,0.086686871945858,-0.13233473896980286,-1500.0,-646.0654907226562,1276.2569580078125,-656.94921875,1152.9779052734375,-1500.0,-1500.0,-646.0654907226562,1276.2569580078125,-656.94921875,1152.9779052734375,-1500.0,-1500.0,-646.0654907226562,1276.2569580078125,-656.94921875,1152.9779052734375,-1500.0
5.933333642780781,2.1180529594421387,-1.8074969053268433,-1.120116114616394,-1.010671615600586,-0.34153178334236145,0.5870329737663269,-0.7384946346282959,-0.15311592817306519,0.6529611349105835,0.35976138710975647,0.08519649505615234,-0.13017278909683228,-0.591278076171875,3.1042022705078125,1.34942626953125,16.21142578125,0.2512359619140625,0.28192138671875,-0.591278076171875,3.1042022705078125,1.34942626953125,16.21142578125,0.2512359619140625,0.28192138671875,-0.591278076171875,3.1042022705078125,1.34942626953125,16.21142578125,0.2512359619140625,0.28192138671875
5.950000310316682,2.1047863960266113,-1.8104008436203003,-1.1090810298919678,-1.0054911375045776,-0.33969223499298096,0.5843168497085571,-0.7967644929885864,-0.16322031617164612,0.6655234694480896,0.34030020236968994,0.10593390464782715,-0.163490891456604,-1500.0,-516.9821166992188,945.2677612304688,-554.070556640625,903.3262939453125,-1441.0572509765625,-1500.0,-516.9821166992188,945.2677612304688,-554.070556640625,903.3262939453125,-1441.0572509765625,-1500.0,-516.9821166992188,945.2677612304688,-554.070556640625,903.3262939453125,-1441.0572509765625
5.966666977852583,2.0917301177978516,-1.81325101852417,-1.0982286930084229,-1.0004538297653198,-0.3378865718841553,0.5816442370414734,-0.7837066054344177,-0.16038089990615845,0.6546690464019775,0.3352349102497101,0.10412830114364624,-0.16081808507442474,-0.6055831909179688,3.3509674072265625,1.37091064453125,17.15771484375,0.247955322265625,0.311737060546875,-0.6055831909179688,3.3509674072265625,1.37091064453125,17.15771484375,0.247955322265625,0.311737060546875,-0.6055831909179688,3.3509674072265625,1.37091064453125,17.15771484375,0.247955322265625,0.311737060546875
5.983333645388484,2.0777127742767334,-1.8162877559661865,-1.0871672630310059,-0.9956868290901184,-0.3357240855693817,0.5784254670143127,-0.8417786955833435,-0.1710585206747055,0.6669402122497559,0.3147963285446167,0.12534074485301971,-0.19367502629756927,-1500.0,-544.9014892578125,934.6937866210938,-608.43212890625,935.2415771484375,-1442.71435546875,-1500.0,-544.9014892578125,934.6937866210938,-608.43212890625,935.2415771484375,-1442.71435546875,-1500.0,-544.9014892578125,934.6937866210938,-608.43212890625,935.2415771484375,-1442.71435546875
6.000000312924385,2.06391978263855,-1.8192691802978516,-1.076290249824524,-0.991062581539154,-0.3336007297039032,0.5752577781677246,-0.8279825448989868,-0.1680889129638672,0.6560603380203247,0.3101372718811035,0.12321694940328598,-0.19050806760787964,-0.6342010498046875,3.6728363037109375,1.389984130859375,18.430908203125,0.2443695068359375,0.314117431640625,-0.6342010498046875,3.6728363037109375,1.389984130859375,18.430908203125,0.2443695068359375,0.314117431640625,-0.6342010498046875,3.6728363037109375,1.389984130859375,18.430908203125,0.2443695068359375,0.314117431640625
6.016666980460286,2.048774480819702,-1.822529673576355,-1.0650821924209595,-0.9867927432060242,-0.3309771418571472,0.5713559985160828,-0.9096195697784424,-0.18419316411018372,0.6755463480949402,0.28286731243133545,0.15295369923114777,-0.23467114567756653,-1500.0,-770.7113037109375,1229.1741943359375,-900.52294921875,1294.6829833984375,-1500.0,-1500.0,-770.7113037109375,1229.1741943359375,-900.52294921875,1294.6829833984375,-1500.0,-1500.0,-770.7113037109375,1229.1741943359375,-900.52294921875,1294.6829833984375,-1500.0
6.033333647996187,2.033869743347168,-1.8257302045822144,-1.0540621280670166,-0.9826905131340027,-0.32840120792388916,0.5675163865089417,-0.8947115540504456,-0.1810057908296585,0.6645227074623108,0.2787203788757324,0.15037786960601807,-0.23083201050758362,-0.6723403930664062,3.87847900390625,1.41143798828125,19.48193359375,0.2694244384765625,0.3349761962890625,-0.6723403930664062,3.87847900390625,1.41143798828125,19.48193359375,0.2694244384765625,0.3349761962890625,-0.6723403930664062,3.87847900390625,1.41143798828125,19.48193359375,0.2694244384765625,0.3349761962890625
6.050000315532088,2.018019437789917,-1.8291362524032593,-1.0428454875946045,-0.978882908821106,-0.3254522383213043,0.5631518959999084,-0.9517940282821655,-0.19292254745960236,0.6760117411613464,0.2561028301715851,0.17255695164203644,-0.26241716742515564,-1500.0,-608.5956420898438,909.7266235351562,-731.042724609375,1005.3950805664062,-1437.63427734375,-1500.0,-608.5956420898438,909.7266235351562,-731.042724609375,1005.3950805664062,-1437.63427734375,-1500.0,-608.5956420898438,909.7266235351562,-731.042724609375,1005.3950805664062,-1437.63427734375
6.066666983067989,2.002422571182251,-1.8324836492538452,-1.031817078590393,-0.9752164483070374,-0.3225553035736084,0.5588573813438416,-0.9361947178840637,-0.18959039449691772,0.6649795174598694,0.2523851692676544,0.16965973377227783,-0.25812360644340515,-0.743865966796875,4.3165740966796875,1.4996337890625,21.35498046875,0.2729949951171875,0.3516693115234375,-0.743865966796875,4.3165740966796875,1.4996337890625,21.35498046875,0.2729949951171875,0.3516693115234375,-0.743865966796875,4.3165740966796875,1.4996337890625,21.35498046875,0.2729949951171875,0.3516693115234375
6.08333365060389,1.985888957977295,-1.836043119430542,-1.0205966234207153,-0.9718547463417053,-0.3192789554595947,0.5540478825569153,-0.9927607178688049,-0.20201997458934784,0.676193118095398,0.22892016172409058,0.19221197068691254,-0.2891191840171814,-1500.0,-634.7775268554688,898.9739379882812,-780.68017578125,1033.455078125,-1431.81201171875,-1500.0,-634.7775268554688,898.9739379882812,-780.68017578125,1033.455078125,-1431.81201171875,-1500.0,-634.7775268554688,898.9739379882812,-780.68017578125,1033.455078125,-1431.81201171875
6.1000003181397915,1.969622015953064,-1.8395429849624634,-1.0095642805099487,-0.9686320424079895,-0.31605997681617737,0.5493159890174866,-0.976490318775177,-0.1985376477241516,0.6651569604873657,0.22563767433166504,0.18899282813072205,-0.28438788652420044,-0.7939300537109375,4.7844696044921875,1.611724853515625,23.451904296875,0.311737060546875,0.3909912109375,-0.7939300537109375,4.7844696044921875,1.611724853515625,23.451904296875,0.311737060546875,0.3909912109375,-0.7939300537109375,4.7844696044921875,1.611724853515625,23.451904296875,0.311737060546875,0.3909912109375
6.116666985675693,1.952028751373291,-1.8433563709259033,-0.9982220530509949,-0.965814471244812,-0.31230735778808594,0.5438858866691589,-1.0564221143722534,-0.21705017983913422,0.6833029985427856,0.19407989084720612,0.22071239352226257,-0.32638466358184814,-1500.0,-887.9298095703125,1181.1971435546875,-1124.3779296875,1419.233642578125,-1500.0,-1500.0,-887.9298095703125,1181.1971435546875,-1124.3779296875,1419.233642578125,-1500.0,-1500.0,-887.9298095703125,1181.1971435546875,-1124.3779296875,1419.233642578125,-1500.0
6.133333653211594,1.9347176551818848,-1.847107172012329,-0.9870722889900208,-0.963165819644928,-0.3086208701133728,0.5385428667068481,-1.0391067266464233,-0.21332114934921265,0.6721476912498474,0.1913493573665619,0.21702532470226288,-0.3210430145263672,-0.7963104248046875,5.1069183349609375,1.66656494140625,25.230712890625,0.3463134765625,0.418426513671875,-0.7963104248046875,5.1069183349609375,1.66656494140625,25.230712890625,0.3463134765625,0.418426513671875,-0.7963104248046875,5.1069183349609375,1.66656494140625,25.230712890625,0.3463134765625,0.418426513671875
6.150000320747495,1.9164977073669434,-1.8510853052139282,-0.9757422804832458,-0.9608415961265564,-0.304543137550354,0.5327104926109314,-1.0939204692840576,-0.22682687640190125,0.6826127767562866,0.1660459339618683,0.24028204381465912,-0.35048267245292664,-1500.0,-693.5519409179688,873.646728515625,-890.794189453125,1093.781005859375,-1410.4044189453125,-1500.0,-693.5519409179688,873.646728515625,-890.794189453125,1093.781005859375,-1410.4044189453125,-1500.0,-693.5519409179688,873.646728515625,-890.794189453125,1093.781005859375,-1410.4044189453125
6.166666988283396,1.898572564125061,-1.8550000190734863,-0.9646036624908447,-0.9586532115936279,-0.30053600668907166,0.5269726514816284,-1.0759907960891724,-0.22293491661548615,0.6714684367179871,0.16377057135105133,0.2362738847732544,-0.34474560618400574,-0.8916854858398438,5.8025054931640625,1.84295654296875,28.3736572265625,0.402923583984375,0.476837158203125,-0.8916854858398438,5.8025054931640625,1.84295654296875,28.3736572265625,0.402923583984375,0.476837158203125,-0.8916854858398438,5.8025054931640625,1.84295654296875,28.3736572265625,0.402923583984375,0.476837158203125
6.183333655819297,1.8797515630722046,-1.8591480255126953,-0.9532890319824219,-0.9567968249320984,-0.29613301157951355,0.5207569599151611,-1.1299793720245361,-0.2368808090686798,0.6816726326942444,0.13776928186416626,0.259791761636734,-0.3734954595565796,-1500.0,-717.251953125,862.7796020507812,-934.1943359375,1117.3033447265625,-1398.10205078125,-1500.0,-717.251953125,862.7796020507812,-934.1943359375,1117.3033447265625,-1398.10205078125,-1500.0,-717.251953125,862.7796020507812,-934.1943359375,1117.3033447265625,-1398.10205078125
6.200000323355198,1.8612362146377563,-1.8632313013076782,-0.9421660900115967,-0.9550741910934448,-0.2918059527873993,0.514642059803009,-1.1114593744277954,-0.23282340168952942,0.6705427169799805,0.13594454526901245,0.25546392798423767,-0.36738160252571106,-0.982269287109375,6.504058837890625,2.02655029296875,31.601806640625,0.4684906005859375,0.519744873046875,-0.982269287109375,6.504058837890625,2.02655029296875,31.601806640625,0.4684906005859375,0.519744873046875,-0.982269287109375,6.504058837890625,2.02655029296875,31.601806640625,0.4684906005859375,0.519744873046875
6.216666990891099,1.8414456844329834,-1.8676564693450928,-0.9307538270950317,-0.9537969827651978,-0.28692030906677246,0.5078737139701843,-1.188198208808899,-0.25343063473701477,0.6873912811279297,0.10075534880161285,0.2886525094509125,-0.40668174624443054,-1500.0,-994.3283081054688,1132.616943359375,-1322.115234375,1500.0,-1500.0,-1500.0,-994.3283081054688,1132.616943359375,-1322.115234375,1500.0,-1500.0,-1500.0,-994.3283081054688,1132.616943359375,-1322.115234375,1500.0,-1500.0
6.233333658427,1.8219754695892334,-1.8720158338546753,-0.9195369482040405,-0.952688992023468,-0.282119482755661,0.5012143850326538,-1.16872239112854,-0.2491055727005005,0.6761648654937744,0.09950383752584457,0.2838499844074249,-0.4000241756439209,-0.987060546875,6.9677734375,2.18389892578125,34.3642578125,0.537628173828125,0.5638618469238281,-0.987060546875,6.9677734375,2.18389892578125,34.3642578125,0.537628173828125,0.5638618469238281,-0.987060546875,6.9677734375,2.18389892578125,34.3642578125,0.537628173828125,0.5638618469238281
6.250000325962901,1.801649570465088,-1.876619577407837,-0.9081558585166931,-0.9519266486167908,-0.276915580034256,0.4941069781780243,-1.2202270030975342,-0.263936311006546,0.6856523752212524,0.07205015420913696,0.30778563022613525,-0.42700132727622986,-1500.0,-769.3588256835938,837.2449951171875,-1028.192626953125,1166.2197265625,-1362.760009765625,-1500.0,-769.3588256835938,837.2449951171875,-1028.192626953125,1166.2197265625,-1362.760009765625,-1500.0,-769.3588256835938,837.2449951171875,-1028.192626953125,1166.2197265625,-1362.760009765625
6.266666993498802,1.7816550731658936,-1.8811551332473755,-0.8969683647155762,-0.9512938261032104,-0.27180081605911255,0.48711487650871277,-1.2002266645431519,-0.2594354450702667,0.6744542717933655,0.07127118855714798,0.30266955494880676,-0.42001140117645264,-1.1396408081054688,8.020401000976562,2.5009765625,39.4608154296875,0.6377716064453125,0.6222686767578125,-1.1396408081054688,8.020401000976562,2.5009765625,39.4608154296875,0.6377716064453125,0.6222686767578125,-1.1396408081054688,8.020401000976562,2.5009765625,39.4608154296875,0.6377716064453125,0.6222686767578125
6.283333661034703,1.7608230113983154,-1.885939359664917,-0.8856204748153687,-0.9510115385055542,-0.26628047227859497,0.4796873927116394,-1.250614047050476,-0.2746216952800751,0.6836937665939331,0.043287210166454315,0.32674428820610046,-0.44622668623924255,-1500.0,-789.7889404296875,826.3349609375,-1063.675537109375,1184.5267333984375,-1345.0145263671875,-1500.0,-789.7889404296875,826.3349609375,-1063.675537109375,1184.5267333984375,-1345.0145263671875,-1500.0,-789.7889404296875,826.3349609375,-1063.675537109375,1184.5267333984375,-1345.0145263671875
6.300000328570604,1.7403314113616943,-1.8906543254852295,-0.8744658827781677,-0.950856626033783,-0.2608545124530792,0.47238031029701233,-1.2301161289215088,-0.26994645595550537,0.6725272536277771,0.042960215359926224,0.3213160037994385,-0.4389221966266632,-1.239776611328125,9.03009033203125,2.839569091796875,44.3919677734375,0.723602294921875,0.6961822509765625,-1.239776611328125,9.03009033203125,2.839569091796875,44.3919677734375,0.723602294921875,0.6961822509765625,-1.239776611328125,9.03009033203125,2.839569091796875,44.3919677734375,0.723602294921875,0.6961822509765625
6.316666996106505,1.7186393737792969,-1.8957327604293823,-0.8630422949790955,-0.9511755704879761,-0.25485408306121826,0.4644715487957001,-1.3022339344024658,-0.2922779619693756,0.6881140470504761,0.0048878807574510574,0.3554116487503052,-0.4751228392124176,-1500.0,-1086.67724609375,1083.529052734375,-1487.190673828125,1500.0,-1500.0,-1500.0,-1086.67724609375,1083.529052734375,-1487.190673828125,1500.0,-1500.0,-1500.0,-1086.67724609375,1083.529052734375,-1487.190673828125,1500.0,-1500.0
6.3333336636424065,1.697300910949707,-1.9007422924041748,-0.8518162369728088,-0.951663076877594,-0.248957097530365,0.45669040083885193,-1.2808876037597656,-0.28732210397720337,0.6768701672554016,0.005129445344209671,0.34951138496398926,-0.46734511852264404,-1.249298095703125,9.720321655273438,3.11370849609375,48.4603271484375,0.8654556274414062,0.7641315460205078,-1.249298095703125,9.720321655273438,3.11370849609375,48.4603271484375,0.8654556274414062,0.7641315460205078,-1.249298095703125,9.720321655273438,3.11370849609375,48.4603271484375,0.8654556274414062,0.7641315460205078
6.3500003311783075,1.6751765012741089,-1.9060081243515015,-0.8404409885406494,-0.9525080323219299,-0.24265222251415253,0.4485059082508087,-1.328109622001648,-0.30317699909210205,0.6854177117347717,-0.02388218231499195,0.3737001419067383,-0.4916408658027649,-1500.0,-833.5209350585938,800.6215209960938,-1137.7108154296875,1220.7645263671875,-1298.343017578125,-1500.0,-833.5209350585938,800.6215209960938,-1137.7108154296875,1220.7645263671875,-1298.343017578125,-1500.0,-833.5209350585938,800.6215209960938,-1137.7108154296875,1220.7645263671875,-1298.343017578125
6.366666998714209,1.6534148454666138,-1.9112006425857544,-0.8292608857154846,-0.9534759521484375,-0.2364548146724701,0.440454363822937,-1.3063404560089111,-0.2980373799800873,0.6742196083068848,-0.02315838634967804,0.36749863624572754,-0.48359301686286926,-1.430511474609375,11.308197021484375,3.70977783203125,56.552490234375,1.0192413330078125,0.8666534423828125,-1.430511474609375,11.308197021484375,3.70977783203125,56.552490234375,1.0192413330078125,0.8666534423828125,-1.430511474609375,11.308197021484375,3.70977783203125,56.552490234375,1.0192413330078125,0.8666534423828125
6.38333366625011,1.6308897733688354,-1.9166518449783325,-0.8179353475570679,-0.9548030495643616,-0.22984915971755981,0.43201279640197754,-1.352173924446106,-0.3141528367996216,0.6825277209281921,-0.052517905831336975,0.39169880747795105,-0.5070835947990417,-1500.0,-849.9396362304688,789.6566162109375,-1163.427734375,1233.4322509765625,-1276.316650390625,-1500.0,-849.9396362304688,789.6566162109375,-1163.427734375,1233.4322509765625,-1276.316650390625,-1500.0,-849.9396362304688,789.6566162109375,-1163.427734375,1233.4322509765625,-1276.316650390625
6.400000333786011,1.608734130859375,-1.9220281839370728,-0.8068047165870667,-0.9562512040138245,-0.22335600852966309,0.42370831966400146,-1.3300098180770874,-0.30883657932281494,0.6713752150535583,-0.05135652795433998,0.38520097732543945,-0.49878332018852234,-1.5401840209960938,12.726776123046875,4.31060791015625,64.036865234375,1.199249267578125,0.96917724609375,-1.5401840209960938,12.726776123046875,4.31060791015625,64.036865234375,1.199249267578125,0.96917724609375,-1.5401840209960938,12.726776123046875,4.31060791015625,64.036865234375,1.199249267578125,0.96917724609375
6.416667001321912,1.585475206375122,-1.9277833700180054,-0.7954244613647461,-0.9581885933876038,-0.21628238260746002,0.41485825181007385,-1.396168828010559,-0.3324730396270752,0.6857236623764038,-0.0914858877658844,0.4196092188358307,-0.5316125154495239,-1500.0,-1161.986572265625,1033.95947265625,-1500.0,1500.0,-1500.0,-1500.0,-1161.986572265625,1033.95947265625,-1500.0,1500.0,-1500.0,-1500.0,-1161.986572265625,1033.95947265625,-1500.0,1500.0,-1500.0
6.433333668857813,1.562597632408142,-1.9334657192230225,-0.7842433452606201,-0.960294246673584,-0.2093302309513092,0.40615126490592957,-1.373281478881836,-0.3268737494945526,0.6745105981826782,-0.08979374170303345,0.41264984011650085,-0.5229113698005676,-1.583099365234375,13.67926025390625,4.811279296875,69.9144287109375,1.4072647094726562,1.0704994201660156,-1.583099365234375,13.67926025390625,4.811279296875,69.9144287109375,1.4072647094726562,1.0704994201660156,-1.583099365234375,13.67926025390625,4.811279296875,69.9144287109375,1.4072647094726562,1.0704994201660156
6.450000336393714,1.539018988609314,-1.9394104480743408,-0.7729276418685913,-0.9627590775489807,-0.2019728124141693,0.3970876932144165,-1.4153311252593994,-0.3434228003025055,0.6821444034576416,-0.11972399801015854,0.4366496205329895,-0.5444045066833496,-1500.0,-883.7425537109375,763.8526000976562,-1213.2132568359375,1256.00927734375,-1221.0345458984375,-1500.0,-883.7425537109375,763.8526000976562,-1213.2132568359375,1256.00927734375,-1221.0345458984375,-1500.0,-883.7425537109375,763.8526000976562,-1213.2132568359375,1256.00927734375,-1221.0345458984375
6.466667003929615,1.5158286094665527,-1.9452762603759766,-0.761808454990387,-0.9653406739234924,-0.1947403997182846,0.3881714344024658,-1.3921308517456055,-0.3376365602016449,0.6709916591644287,-0.11754608154296875,0.4294097125530243,-0.5354939699172974,-1.7690658569335938,16.00860595703125,5.87225341796875,82.59033203125,1.7213897705078125,1.2338180541992188,-1.7690658569335938,16.00860595703125,5.87225341796875,82.59033203125,1.7213897705078125,1.2338180541992188,-1.7690658569335938,16.00860595703125,5.87225341796875,82.59033203125,1.7213897705078125,1.2338180541992188
6.483333671465516,1.4919631481170654,-1.9514050483703613,-0.7505578994750977,-0.9682797193527222,-0.1871045082807541,0.378912091255188,-1.4325485229492188,-0.3543451428413391,0.6783922910690308,-0.14762823283672333,0.453291118144989,-0.5561674237251282,-1500.0,-895.516845703125,752.9735717773438,-1226.9986572265625,1262.699951171875,-1195.91357421875,-1500.0,-895.516845703125,752.9735717773438,-1226.9986572265625,1262.699951171875,-1195.91357421875,-1500.0,-895.516845703125,752.9735717773438,-1226.9986572265625,1262.699951171875,-1195.91357421875
6.500000339001417,1.4684913158416748,-1.9574543237686157,-0.7395037412643433,-0.9713337421417236,-0.1795983612537384,0.36980316042900085,-1.4090670347213745,-0.3483871817588806,0.6672976613044739,-0.1450461894273758,0.4457753300666809,-0.5470647811889648,-1.9168853759765625,17.97796630859375,6.92608642578125,93.8492431640625,2.008087158203125,1.3983230590820312,-1.9168853759765625,17.97796630859375,6.92608642578125,93.8492431640625,2.008087158203125,1.3983230590820312,-1.9168853759765625,17.97796630859375,6.92608642578125,93.8492431640625,2.008087158203125,1.3983230590820312
6.516667006537318,1.4440332651138306,-1.963888168334961,-0.7282189130783081,-0.9748782515525818,-0.17151600122451782,0.36020734906196594,-1.4680498838424683,-0.37287047505378723,0.6804156303405762,-0.18633748590946198,0.47988367080688477,-0.576378345489502,-1500.0,-1217.460693359375,983.92724609375,-1500.0,1500.0,-1500.0,-1500.0,-1217.460693359375,983.92724609375,-1500.0,1500.0,-1500.0,-1500.0,-1217.460693359375,983.92724609375,-1500.0,1500.0,-1500.0
6.533333674073219,1.4199786186218262,-1.9702471494674683,-0.717135488986969,-0.9785909652709961,-0.1635722517967224,0.35076671838760376,-1.4439828395843506,-0.3666400909423828,0.6692726612091064,-0.1833050698041916,0.47192472219467163,-0.5669472217559814,-1.969329833984375,19.224884033203125,7.81536865234375,102.1463623046875,2.30908203125,1.5223045349121094,-1.969329833984375,19.224884033203125,7.81536865234375,102.1463623046875,2.30908203125,1.5223045349121094,-1.969329833984375,19.224884033203125,7.81536865234375,102.1463623046875,2.30908203125,1.5223045349121094
6.55000034160912,1.3953206539154053,-1.9768683910369873,-0.7059313058853149,-0.9826540350914001,-0.1552332490682602,0.34101662039756775,-1.4800746440887451,-0.383530855178833,0.6760058403015137,-0.21347841620445251,0.4952910542488098,-0.5856103301048279,-1500.0,-917.8424072265625,727.2696533203125,-1247.7403564453125,1271.082763671875,-1134.7520751953125,-1500.0,-917.8424072265625,727.2696533203125,-1247.7403564453125,1271.082763671875,-1134.7520751953125,-1500.0,-917.8424072265625,727.2696533203125,-1247.7403564453125,1271.082763671875,-1134.7520751953125
6.566667009145021,1.3710694313049316,-1.9834058284759521,-0.6949251294136047,-0.9868282079696655,-0.14703579246997833,0.3314250409603119,-1.4558117389678955,-0.3771132528781891,0.6649383902549744,-0.20995745062828064,0.48707911372184753,-0.5760276913642883,-2.21728515625,22.637847900390625,9.775146484375,121.71630859375,2.8693695068359375,1.7762184143066406,-2.21728515625,22.637847900390625,9.775146484375,121.71630859375,2.8693695068359375,1.7762184143066406,-2.21728515625,22.637847900390625,9.775146484375,121.71630859375,2.8693695068359375,1.7762184143066406
6.5833336766809225,1.3462454080581665,-1.9902046918869019,-0.683801531791687,-0.9913479089736938,-0.13844704627990723,0.32153749465942383,-1.490062952041626,-0.3940567672252655,0.6714394688606262,-0.2400759607553482,0.5101979970932007,-0.5938825011253357,-1500.0,-924.316650390625,716.67431640625,-1247.122314453125,1271.6353759765625,-1107.68798828125,-1500.0,-924.316650390625,716.67431640625,-1247.122314453125,1271.6353759765625,-1107.68798828125,-1500.0,-924.316650390625,716.67431640625,-1247.122314453125,1271.6353759765625,-1107.68798828125
6.600000344216824,1.3218315839767456,-1.9969189167022705,-0.6728760004043579,-0.9959771633148193,-0.13000419735908508,0.3118106722831726,-1.4656368494033813,-0.3874792754650116,0.6604395508766174,-0.23620516061782837,0.5017371773719788,-0.5841658115386963,-2.3794174194335938,25.37847900390625,11.687286376953125,138.40625,3.330108642578125,2.0062942504882812,-2.3794174194335938,25.37847900390625,11.687286376953125,138.40625,3.330108642578125,2.0062942504882812,-2.3794174194335938,25.37847900390625,11.687286376953125,138.40625,3.330108642578125,2.0062942504882812
6.616667011752725,1.2965673208236694,-2.004016637802124,-0.661738395690918,-1.001083254814148,-0.12099974602460861,0.3016558587551117,-1.5163747072219849,-0.4123205840587616,0.6723169088363647,-0.27770867943763733,0.5349307656288147,-0.6099410653114319,-1500.0,-1250.56982421875,933.8856201171875,-1500.0,1500.0,-1435.05224609375,-1500.0,-1250.56982421875,933.8856201171875,-1500.0,1500.0,-1435.05224609375,-1500.0,-1250.56982421875,933.8856201171875,-1500.0,1500.0,-1435.05224609375
6.633333679288626,1.2717212438583374,-2.011035442352295,-0.6508055329322815,-1.0063581466674805,-0.11214960366487503,0.29166534543037415,-1.4915121793746948,-0.4054945111274719,0.6612741947174072,-0.27352234721183777,0.5260545015335083,-0.5999650955200195,-2.408050537109375,26.991378784179688,13.28704833984375,149.7591552734375,3.7512168884277344,2.150543212890625,-2.408050537109375,26.991378784179688,13.28704833984375,149.7591552734375,3.7512168884277344,2.150543212890625,-2.408050537109375,26.991378784179688,13.28704833984375,149.7591552734375,3.7512168884277344,2.150543212890625
6.650000346824527,1.2463812828063965,-2.018312692642212,-0.6397649645805359,-1.0119646787643433,-0.1029217466711998,0.2814112901687622,-1.5209835767745972,-0.42236143350601196,0.667106568813324,-0.303235799074173,0.5483498573303223,-0.6158583760261536,-1500.0,-933.837890625,691.7453002929688,-1233.46435546875,1265.5479736328125,-1043.354248046875,-1500.0,-933.837890625,691.7453002929688,-1233.46435546875,1265.5479736328125,-1043.354248046875,-1500.0,-933.837890625,691.7453002929688,-1233.46435546875,1265.5479736328125,-1043.354248046875
6.666667014360428,1.2214607000350952,-2.025499105453491,-0.6289255023002625,-1.0176763534545898,-0.09385053813457489,0.271324098110199,-1.4960492849349976,-0.4153508245944977,0.6561537384986877,-0.29854992032051086,0.5392544269561768,-0.605785071849823,-2.727508544921875,31.92901611328125,16.827606201171875,179.3348388671875,4.619354248046875,2.5391578674316406,-2.727508544921875,31.92901611328125,16.827606201171875,179.3348388671875,4.619354248046875,2.5391578674316406,-2.727508544921875,31.92901611328125,16.827606201171875,179.3348388671875,4.619354248046875,2.5391578674316406
6.683333681896329,1.1960792541503906,-2.032940626144409,-0.6179813146591187,-1.023711085319519,-0.08440770953893661,0.26098644733428955,-1.5235077142715454,-0.4321603775024414,0.6617515087127686,-0.32799381017684937,0.5611779093742371,-0.6209042072296143,-1500.0,-934.376708984375,681.955810546875,-1215.7392578125,1259.950439453125,-1015.4295043945312,-1500.0,-934.376708984375,681.955810546875,-1215.7392578125,1259.950439453125,-1015.4295043945312,-1500.0,-934.376708984375,681.955810546875,-1215.7392578125,1259.950439453125,-1015.4295043945312
6.70000034943223,1.1711177825927734,-2.040292501449585,-0.6072390675544739,-1.0298492908477783,-0.07512526959180832,0.2508169114589691,-1.4985319375991821,-0.42500942945480347,0.6508708000183105,-0.3230322301387787,0.5518664717674255,-0.6107504963874817,-2.9325485229492188,35.666229248046875,20.277496337890625,203.4056396484375,5.2979583740234375,2.841949462890625,-2.9325485229492188,35.666229248046875,20.277496337890625,203.4056396484375,5.2979583740234375,2.841949462890625,-2.9325485229492188,35.666229248046875,20.277496337890625,203.4056396484375,5.2979583740234375,2.841949462890625
6.716667016968131,1.1454572677612305,-2.0480198860168457,-0.5963011384010315,-1.036436915397644,-0.06530632078647614,0.24027667939662933,-1.5401215553283691,-0.44970160722732544,0.6614835858345032,-0.3637585937976837,0.5835444927215576,-0.633078396320343,-1500.0,-1259.0074462890625,885.140869140625,-1500.0,1500.0,-1311.6783447265625,-1500.0,-1259.0074462890625,885.140869140625,-1500.0,1500.0,-1311.6783447265625,-1500.0,-1259.0074462890625,885.140869140625,-1500.0,1500.0,-1311.6783447265625
6.733333684504032,1.1202226877212524,-2.0556654930114746,-0.5855746269226074,-1.0431920289993286,-0.0556555911898613,0.22990703582763672,-1.5148667097091675,-0.4423390030860901,0.6505521535873413,-0.35867583751678467,0.5738522410392761,-0.6227306723594666,-2.880096435546875,37.77503967285156,23.1123046875,218.1756591796875,5.812644958496094,3.0469970703125,-2.880096435546875,37.77503967285156,23.1123046875,218.1756591796875,5.812644958496094,3.0469970703125,-2.880096435546875,37.77503967285156,23.1123046875,218.1756591796875,5.812644958496094,3.0469970703125
6.750000352039933,1.0946123600006104,-2.063555955886841,-0.5747522711753845,-1.0502502918243408,-0.04565197974443436,0.2193177491426468,-1.5371880531311035,-0.45880722999572754,0.655471682548523,-0.38721296191215515,0.5946623086929321,-0.6359913349151611,-1500.0,-929.7061157226562,659.2822265625,-1162.739990234375,1239.5047607421875,-950.40380859375,-1500.0,-929.7061157226562,659.2822265625,-1162.739990234375,1239.5047607421875,-950.40380859375,-1500.0,-929.7061157226562,659.2822265625,-1162.739990234375,1239.5047607421875,-950.40380859375
6.766667019575834,1.0694260597229004,-2.0713536739349365,-0.5641367435455322,-1.0574060678482056,-0.035818181931972504,0.20890074968338013,-1.5119855403900146,-0.4512675404548645,0.6446473002433777,-0.3815968334674835,0.584791898727417,-0.6255941987037659,-3.261566162109375,44.6414794921875,29.6068115234375,261.075439453125,6.957649230957031,3.5941600799560547,-3.261566162109375,44.6414794921875,29.6068115234375,261.075439453125,6.957649230957031,3.5941600799560547,-3.261566162109375,44.6414794921875,29.6068115234375,261.075439453125,6.957649230957031,3.5941600799560547
6.783333687111735,1.0438998937606812,-2.079392433166504,-0.5534277558326721,-1.064853310585022,-0.025639740750193596,0.1982760727405548,-1.5321632623672485,-0.46756696701049805,0.6493284702301025,-0.4096445143222809,0.6051130890846252,-0.6381367444992065,-1500.0,-923.706298828125,651.3834228515625,-1125.833984375,1227.7476806640625,-922.696533203125,-1500.0,-923.706298828125,651.3834228515625,-1125.833984375,1227.7476806640625,-922.696533203125,-1500.0,-923.706298828125,651.3834228515625,-1125.833984375,1227.7476806640625,-922.696533203125
6.800000354647636,1.0187969207763672,-2.087336778640747,-0.542927086353302,-1.072394847869873,-0.015634125098586082,0.18782421946525574,-1.507043480873108,-0.4599107801914215,0.6385740041732788,-0.4038344919681549,0.5950667858123779,-0.6277064681053162,-3.47137451171875,49.821136474609375,35.777099609375,293.962890625,7.7624664306640625,3.992321014404297,-3.47137451171875,49.821136474609375,35.777099609375,293.962890625,7.7624664306640625,3.992321014404297,-3.47137451171875,49.821136474609375,35.777099609375,293.962890625,7.7624664306640625,3.992321014404297
6.8166670221835375,0.9931592345237732,-2.0956385135650635,-0.5322456955909729,-1.0803470611572266,-0.005127220414578915,0.17705579102039337,-1.5387639999389648,-0.48393693566322327,0.6478868126869202,-0.4427812695503235,0.6246607303619385,-0.6467770338058472,-1500.0,-1240.702880859375,840.547119140625,-1500.0,1500.0,-1189.3760986328125,-1500.0,-1240.702880859375,840.547119140625,-1500.0,1500.0,-1189.3760986328125,-1500.0,-1240.702880859375,840.547119140625,-1500.0,1500.0,-1189.3760986328125
6.8333336897194386,0.9679469466209412,-2.1038570404052734,-0.52178555727005,-1.088460087776184,0.0051998416893184185,0.166461780667305,-1.5135270357131958,-0.47612348198890686,0.6370552778244019,-0.43708837032318115,0.6142768263816833,-0.6362130045890808,-3.43798828125,52.41276550292969,40.77911376953125,311.259033203125,8.15846061706543,4.18365478515625,-3.43798828125,52.41276550292969,40.77911376953125,311.259033203125,8.15846061706543,4.18365478515625,-3.43798828125,52.41276550292969,40.77911376953125,311.259033203125,8.15846061706543,4.18365478515625
6.85000035725534,0.9424843192100525,-2.112304210662842,-0.5112404823303223,-1.0968396663665771,0.015847906470298767,0.1556883603334427,-1.5283150672912598,-0.4918230473995209,0.6410422325134277,-0.46373897790908813,0.6332171559333801,-0.6470456719398499,-1500.0,-903.8341064453125,633.61767578125,-1031.986572265625,1192.956787109375,-859.3672485351562,-1500.0,-903.8341064453125,633.61767578125,-1031.986572265625,1192.956787109375,-859.3672485351562,-1500.0,-903.8341064453125,633.61767578125,-1031.986572265625,1192.956787109375,-859.3672485351562
6.866667024791241,0.9174438714981079,-2.120654582977295,-0.5009103417396545,-1.105303168296814,0.026315337046980858,0.14509031176567078,-1.5032548904418945,-0.4838351607322693,0.6303391456604004,-0.4574272036552429,0.6227033138275146,-0.6364739537239075,-3.81231689453125,62.035308837890625,52.336456298828125,369.220947265625,9.420967102050781,4.876255035400391,-3.81231689453125,62.035308837890625,52.336456298828125,369.220947265625,9.420967102050781,4.876255035400391,-3.81231689453125,62.035308837890625,52.336456298828125,369.220947265625,9.420967102050781,4.876255035400391
6.883333692327142,0.8921903967857361,-2.129228115081787,-0.4904966950416565,-1.1140193939208984,0.03709356114268303,0.1343236267566681,-1.5158109664916992,-0.4992547631263733,0.6340832114219666,-0.48337358236312866,0.641049325466156,-0.6466608643531799,-1500.0,-890.7222900390625,629.3606567382812,-976.8748779296875,1175.0401611328125,-832.820556640625,-1500.0,-890.7222900390625,629.3606567382812,-976.8748779296875,1175.0401611328125,-832.820556640625,-1500.0,-890.7222900390625,629.3606567382812,-976.8748779296875,1175.0401611328125,-832.820556640625
6.900000359863043,0.8673555254936218,-2.1377015113830566,-0.4803006649017334,-1.1228138208389282,0.047689005732536316,0.12373218685388565,-1.4909553527832031,-0.4911797046661377,0.6234421133995056,-0.4769275188446045,0.6304075717926025,-0.6360983848571777,-4.0340423583984375,69.00308227539062,63.05218505859375,409.62939453125,10.070663452148438,5.323291778564453,-4.0340423583984375,69.00308227539062,63.05218505859375,409.62939453125,10.070663452148438,5.323291778564453,-4.0340423583984375,69.00308227539062,63.05218505859375,409.62939453125,10.070663452148438,5.323291778564453
6.916667027398944,0.8421590328216553,-2.146510601043701,-0.4699365198612213,-1.1319706439971924,0.05874086543917656,0.11287356913089752,-1.5122861862182617,-0.5140256881713867,0.6314182281494141,-0.5131322741508484,0.6573909521102905,-0.6521849036216736,-1500.0,-1194.0289306640625,804.8486938476562,-1389.35791015625,1500.0,-1072.348388671875,-1500.0,-1194.0289306640625,804.8486938476562,-1389.35791015625,1500.0,-1072.348388671875,-1500.0,-1194.0289306640625,804.8486938476562,-1389.35791015625,1500.0,-1072.348388671875
6.933333694934845,0.8173807263374329,-2.1552324295043945,-0.45980745553970337,-1.1412709951400757,0.06960411369800568,0.10219081491231918,-1.4874792098999023,-0.5058585405349731,0.620647668838501,-0.5070329904556274,0.6464681029319763,-0.6415411233901978,-3.9625244140625,72.174072265625,71.23828125,425.1051025390625,10.008663177490234,5.45709228515625,-3.9625244140625,72.174072265625,71.23828125,425.1051025390625,10.008663177490234,5.45709228515625,-3.9625244140625,72.174072265625,71.23828125,425.1051025390625,10.008663177490234,5.45709228515625
6.950000362470746,0.7924816012382507,-2.1641626358032227,-0.44960230588912964,-1.150795817375183,0.08075006306171417,0.09136463701725006,-1.4944956302642822,-0.5204262137413025,0.6236822009086609,-0.5311344861984253,0.6631937026977539,-0.6502026915550232,-1281.0301513671875,-854.8760375976562,620.1719970703125,-850.842041015625,1125.6837158203125,-773.2671508789062,-1281.0301513671875,-854.8760375976562,620.1719970703125,-850.842041015625,1125.6837158203125,-773.2671508789062,-1281.0301513671875,-854.8760375976562,620.1719970703125,-850.842041015625,1125.6837158203125,-773.2671508789062
6.966667030006647,0.7679954767227173,-2.172990560531616,-0.4396224617958069,-1.1603822708129883,0.09170737862586975,0.08071473985910416,-1.469987154006958,-0.5120845437049866,0.6130795478820801,-0.5242510437965393,0.6521955728530884,-0.6395848393440247,-4.408355712890625,85.03912353515625,90.58474731445312,494.210693359375,10.821823120117188,6.2426910400390625,-4.408355712890625,85.03912353515625,90.58474731445312,494.210693359375,10.821823120117188,6.2426910400390625,-4.408355712890625,85.03912353515625,90.58474731445312,494.210693359375,10.821823120117188,6.2426910400390625
6.983333697542548,0.7434265613555908,-2.182020425796509,-0.42956727743148804,-1.1701773405075073,0.10293547064065933,0.06993065774440765,-1.4747294187545776,-0.5262653827667236,0.6158725023269653,-0.5474565029144287,0.6682342886924744,-0.6476868987083435,-1177.0557861328125,-834.4984130859375,621.31884765625,-785.484375,1101.3504638671875,-748.79345703125,-1177.0557861328125,-834.4984130859375,621.31884765625,-785.484375,1101.3504638671875,-748.79345703125,-1177.0557861328125,-834.4984130859375,621.31884765625,-785.484375,1101.3504638671875,-748.79345703125
7.000000365078449,0.7192648649215698,-2.190946340560913,-0.4197402000427246,-1.180024266242981,0.1139736920595169,0.05932217091321945,-1.450545072555542,-0.5178669095039368,0.6053261160850525,-0.5404256582260132,0.6571608781814575,-0.6371108889579773,-4.6086273193359375,93.92974853515625,107.39328002929688,534.536865234375,10.678176879882812,6.6521759033203125,-4.6086273193359375,93.92974853515625,107.39328002929688,534.536865234375,10.678176879882812,6.6521759033203125,-4.6086273193359375,93.92974853515625,107.39328002929688,534.536865234375,10.678176879882812,6.6521759033203125
7.01666703261435,0.6949199438095093,-2.2001779079437256,-0.4097557067871094,-1.1901814937591553,0.1254148930311203,0.04849020019173622,-1.461166262626648,-0.5390315651893616,0.6119326949119568,-0.5730751752853394,0.6810604929924011,-0.6505552530288696,-1403.102783203125,-1118.438232421875,782.5482177734375,-1173.9205322265625,1423.279052734375,-964.4757080078125,-1403.102783203125,-1118.438232421875,782.5482177734375,-1173.9205322265625,1423.279052734375,-964.4757080078125,-1403.102783203125,-1118.438232421875,782.5482177734375,-1173.9205322265625,1423.279052734375,-964.4757080078125
7.033333700150251,0.6709792613983154,-2.209319591522217,-0.4000207185745239,-1.2004501819610596,0.13666191697120667,0.03783382847905159,-1.4371953010559082,-0.5306111574172974,0.6011953353881836,-0.5665140748023987,0.6697717905044556,-0.6399425268173218,-4.45843505859375,97.41067504882812,118.90533447265625,538.34912109375,9.646415710449219,6.577667236328125,-4.45843505859375,97.41067504882812,118.90533447265625,538.34912109375,9.646415710449219,6.577667236328125,-4.45843505859375,97.41067504882812,118.90533447265625,538.34912109375,9.646415710449219,6.577667236328125
7.0500003676861525,0.647048830986023,-2.218644142150879,-0.39021724462509155,-1.2108986377716064,0.14814788103103638,0.027064910158514977,-1.4363538026809692,-0.5437003374099731,0.6032655239105225,-0.5875356197357178,0.6839848756790161,-0.6467321515083313,-928.516357421875,-783.0142822265625,622.0543212890625,-654.139404296875,1037.2376708984375,-695.0287475585938,-928.516357421875,-783.0142822265625,622.0543212890625,-654.139404296875,1037.2376708984375,-695.0287475585938,-928.516357421875,-783.0142822265625,622.0543212890625,-654.139404296875,1037.2376708984375,-695.0287475585938
7.0666670352220535,0.6235150694847107,-2.2278621196746826,-0.3806478679180145,-1.2213753461837769,0.15944041311740875,0.01647142507135868,-1.4127975702285767,-0.5350966453552246,0.5927757620811462,-0.5799634456634521,0.6726763844490051,-0.6361710429191589,-4.9591064453125,113.53494262695312,147.10784912109375,604.6605224609375,9.275672912597656,7.312965393066406,-4.9591064453125,113.53494262695312,147.10784912109375,604.6605224609375,9.275672912597656,7.312965393066406,-4.9591064453125,113.53494262695312,147.10784912109375,604.6605224609375,9.275672912597656,7.312965393066406
7.083333702757955,0.6000293493270874,-2.237255096435547,-0.3710101246833801,-1.2320154905319214,0.1709585338830948,0.005773080512881279,-1.4096843004226685,-0.5476968884468079,0.5946096181869507,-0.599963903427124,0.6861207485198975,-0.6424960494041443,-819.9691162109375,-755.9609375,627.7310791015625,-595.9464111328125,1006.3934326171875,-673.4258422851562,-819.9691162109375,-755.9609375,627.7310791015625,-595.9464111328125,1006.3934326171875,-673.4258422851562,-819.9691162109375,-755.9609375,627.7310791015625,-595.9464111328125,1006.3934326171875,-673.4258422851562
7.100000370293856,0.5769331455230713,-2.24654221534729,-0.3616076409816742,-1.2426708936691284,0.1822829693555832,-0.004750941880047321,-1.386563777923584,-0.5390621423721313,0.5841991305351257,-0.5921575427055359,0.674791693687439,-0.6320033073425293,-5.071159362792969,123.76785278320312,168.86712646484375,629.677734375,7.89404296875,7.50817346572876,-5.071159362792969,123.76785278320312,168.86712646484375,629.677734375,7.89404296875,7.50817346572876,-5.071159362792969,123.76785278320312,168.86712646484375,629.677734375,7.89404296875,7.50817346572876
7.116667037829757,0.5538342595100403,-2.2560982704162598,-0.3520590662956238,-1.253583550453186,0.1939498335123062,-0.015461299568414688,-1.3863604068756104,-0.5580750107765198,0.5893908739089966,-0.6207468509674072,0.6951923966407776,-0.6431968808174133,-920.7249145507812,-1016.0875244140625,769.9942626953125,-970.9000244140625,1288.5338134765625,-868.9964599609375,-920.7249145507812,-1016.0875244140625,769.9942626953125,-970.9000244140625,1288.5338134765625,-868.9964599609375,-920.7249145507812,-1016.0875244140625,769.9942626953125,-970.9000244140625,1288.5338134765625,-868.9964599609375
7.133333705365658,0.5311189889907837,-2.265561580657959,-0.34276866912841797,-1.2645642757415771,0.2054203599691391,-0.025997856631875038,-1.3636144399642944,-0.5494823455810547,0.578755259513855,-0.61338871717453,0.6837220788002014,-0.6327018141746521,-4.904266357421875,126.66940307617188,180.38150024414062,609.1785888671875,5.831123352050781,7.16082763671875,-4.904266357421875,126.66940307617188,180.38150024414062,609.1785888671875,5.831123352050781,7.16082763671875,-4.904266357421875,126.66940307617188,180.38150024414062,609.1785888671875,5.831123352050781,7.16082763671875
7.150000372901559,0.5085436701774597,-2.2751784324645996,-0.3334178030490875,-1.2756807804107666,0.21708206832408905,-0.03662143647670746,-1.3549835681915283,-0.5607747435569763,0.579839825630188,-0.6310611963272095,0.6951677799224854,-0.6379429697990417,-563.0541381835938,-691.5115966796875,630.8221435546875,-498.1446533203125,928.340576171875,-626.9754638671875,-563.0541381835938,-691.5115966796875,630.8221435546875,-498.1446533203125,928.340576171875,-626.9754638671875,-563.0541381835938,-691.5115966796875,630.8221435546875,-498.1446533203125,928.340576171875,-626.9754638671875
7.16666704043746,0.48634257912635803,-2.284687042236328,-0.32430270314216614,-1.2867859601974487,0.22854867577552795,-0.047071829438209534,-1.3327590227127075,-0.5519803166389465,0.5695849061012268,-0.6225311756134033,0.6837218403816223,-0.6275211572647095,-5.27618408203125,144.85836791992188,213.4049072265625,653.414794921875,4.0441741943359375,7.613899230957031,-5.27618408203125,144.85836791992188,213.4049072265625,653.414794921875,4.0441741943359375,7.613899230957031,-5.27618408203125,144.85836791992188,213.4049072265625,653.414794921875,4.0441741943359375,7.613899230957031
7.183333707973361,0.46431875228881836,-2.2943384647369385,-0.3151274025440216,-1.2980115413665771,0.24019217491149902,-0.057603172957897186,-1.321898341178894,-0.5626899600028992,0.5704254508018494,-0.6391668319702148,0.6943349838256836,-0.6323978304862976,-451.8819580078125,-659.6016845703125,634.4032592773438,-464.62060546875,891.9512939453125,-608.796630859375,-451.8819580078125,-659.6016845703125,634.4032592773438,-464.62060546875,891.9512939453125,-608.796630859375,-451.8819580078125,-659.6016845703125,634.4032592773438,-464.62060546875,891.9512939453125,-608.796630859375
7.200000375509262,0.4426601231098175,-2.3038816452026367,-0.30618560314178467,-1.3092130422592163,0.2516414523124695,-0.06796279549598694,-1.3002173900604248,-0.5538803339004517,0.5603165626525879,-0.6303310990333557,0.6829182505607605,-0.6220651268959045,-5.3560791015625,154.84097290039062,233.76943969726562,649.8289794921875,1.6856231689453125,7.524043083190918,-5.3560791015625,154.84097290039062,233.76943969726562,649.8289794921875,1.6856231689453125,7.524043083190918,-5.3560791015625,154.84097290039062,233.76943969726562,649.8289794921875,1.6856231689453125,7.524043083190918
7.216667043045163,0.42117780447006226,-2.3136515617370605,-0.2971140146255493,-1.3206218481063843,0.26336735486984253,-0.07847847789525986,-1.2892786264419556,-0.5703243017196655,0.5639649033546448,-0.6547475457191467,0.6994810700416565,-0.6314269304275513,-426.79547119140625,-893.1064453125,746.9033813476562,-831.6396484375,1130.847900390625,-788.1259765625,-426.79547119140625,-893.1064453125,746.9033813476562,-831.6396484375,1130.847900390625,-788.1259765625,-426.79547119140625,-893.1064453125,746.9033813476562,-831.6396484375,1130.847900390625,-788.1259765625
7.233333710581064,0.40005236864089966,-2.323326587677002,-0.2882973551750183,-1.3320523500442505,0.2748982310295105,-0.08882332593202591,-1.2681248188018799,-0.5616062879562378,0.5536522269248962,-0.6462723612785339,0.6879932284355164,-0.6211159825325012,-5.05328369140625,155.44891357421875,238.10623168945312,601.3702392578125,-0.7009506225585938,6.9734344482421875,-5.05328369140625,155.44891357421875,238.10623168945312,601.3702392578125,-0.7009506225585938,6.9734344482421875,-5.05328369140625,155.44891357421875,238.10623168945312,601.3702392578125,-0.7009506225585938,6.9734344482421875
7.250000378116965,0.3791932165622711,-2.333122491836548,-0.2794319689273834,-1.3435786962509155,0.286569744348526,-0.09923513233661652,-1.2519104480743408,-0.5708250403404236,0.5536556839942932,-0.660628080368042,0.6964826583862305,-0.6251440644264221,-191.15325927734375,-587.4228515625,621.3951416015625,-421.03759765625,803.18212890625,-570.4954223632812,-191.15325927734375,-587.4228515625,621.3951416015625,-421.03759765625,803.18212890625,-570.4954223632812,-191.15325927734375,-587.4228515625,621.3951416015625,-421.03759765625,803.18212890625,-570.4954223632812
7.266667045652866,0.35868024826049805,-2.342806577682495,-0.27079322934150696,-1.3550564050674438,0.2980477511882782,-0.10947706550359726,-1.231375813484192,-0.5618902444839478,0.5438659191131592,-0.6510439515113831,0.685053825378418,-0.6149244904518127,-5.362030029296875,173.16342163085938,266.641357421875,614.2449951171875,-3.2556076049804688,7.10009765625,-5.362030029296875,173.16342163085938,266.641357421875,614.2449951171875,-3.2556076049804688,7.10009765625,-5.362030029296875,173.16342163085938,266.641357421875,614.2449951171875,-3.2556076049804688,7.10009765625
7.283333713188767,0.33846917748451233,-2.3525993824005127,-0.262107789516449,-1.366616129875183,0.30965158343315125,-0.11978151649236679,-1.2130175828933716,-0.5704518556594849,0.5435716509819031,-0.6644254326820374,0.6926681995391846,-0.6186883449554443,-79.43988037109375,-553.5722045898438,612.797119140625,-413.0697021484375,763.100341796875,-555.9036254882812,-79.43988037109375,-553.5722045898438,612.797119140625,-413.0697021484375,763.100341796875,-555.9036254882812,-79.43988037109375,-553.5722045898438,612.797119140625,-413.0697021484375,763.100341796875,-555.9036254882812
7.3000003807246685,0.3185937702655792,-2.362281322479248,-0.25364333391189575,-1.3781181573867798,0.32106372714042664,-0.12991778552532196,-1.193122148513794,-0.5615146160125732,0.5340029001235962,-0.6545793414115906,0.68131023645401,-0.6085712909698486,-5.3262786865234375,180.60443115234375,277.1502685546875,584.5784912109375,-5.62786865234375,6.828605651855469,-5.3262786865234375,180.60443115234375,277.1502685546875,584.5784912109375,-5.62786865234375,6.828605651855469,-5.3262786865234375,180.60443115234375,277.1502685546875,584.5784912109375,-5.62786865234375,6.828605651855469
7.31666704826057,0.2990683615207672,-2.3721418380737305,-0.2450755089521408,-1.3897809982299805,0.3326830267906189,-0.14018677175045013,-1.1717320680618286,-0.5750448107719421,0.5358120203018188,-0.6749075651168823,0.6938021779060364,-0.6165260672569275,69.650390625,-758.3093872070312,684.0509033203125,-758.509521484375,957.15283203125,-722.79931640625,69.650390625,-758.3093872070312,684.0509033203125,-758.509521484375,957.15283203125,-722.79931640625,69.650390625,-758.3093872070312,684.0509033203125,-758.509521484375,957.15283203125,-722.79931640625
7.333333715796471,0.27986815571784973,-2.3819053173065186,-0.23674720525741577,-1.401427149772644,0.3441116213798523,-0.15028879046440125,-1.1525053977966309,-0.566239058971405,0.5260985493659973,-0.6653571724891663,0.6824409365653992,-0.6064494848251343,-4.93646240234375,177.3190460205078,268.97308349609375,521.133056640625,-7.296802520751953,6.1511993408203125,-4.93646240234375,177.3190460205078,268.97308349609375,521.133056640625,-7.296802520751953,6.1511993408203125,-4.93646240234375,177.3190460205078,268.97308349609375,521.133056640625,-7.296802520751953,6.1511993408203125
7.350000383332372,0.26105430722236633,-2.3917524814605713,-0.22838929295539856,-1.4131308794021606,0.3556288778781891,-0.16044294834136963,-1.1290563344955444,-0.5731674432754517,0.5247876644134521,-0.6765375733375549,0.6878662705421448,-0.6095941066741943,180.3076171875,-479.12359619140625,567.5112915039062,-403.843017578125,668.112060546875,-525.8357543945312,180.3076171875,-479.12359619140625,567.5112915039062,-403.843017578125,668.112060546875,-525.8357543945312,180.3076171875,-479.12359619140625,567.5112915039062,-403.843017578125,668.112060546875,-525.8357543945312
7.366667050868273,0.24255363643169403,-2.401486873626709,-0.22024008631706238,-1.4247604608535767,0.3669571876525879,-0.17043137550354004,-1.1105372905731201,-0.5641487240791321,0.5156703591346741,-0.6661391258239746,0.6765965819358826,-0.599621593952179,-5.1009521484375,191.89837646484375,285.63018798828125,511.522216796875,-9.59157943725586,6.115440368652344,-5.1009521484375,191.89837646484375,285.63018798828125,511.522216796875,-9.59157943725586,6.115440368652344,-5.1009521484375,191.89837646484375,285.63018798828125,511.522216796875,-9.59157943725586,6.115440368652344
7.383333718404174,0.22447283565998077,-2.4112911224365234,-0.2120661735534668,-1.4364349842071533,0.3783589005470276,-0.18046914041042328,-1.0850626230239868,-0.5703675150871277,0.5139609575271606,-0.6763866543769836,0.6811320781707764,-0.6025947332382202,290.74078369140625,-445.6448669433594,541.9683837890625,-405.0230712890625,626.3303833007812,-514.6819458007812,290.74078369140625,-445.6448669433594,541.9683837890625,-405.0230712890625,626.3303833007812,-514.6819458007812,290.74078369140625,-445.6448669433594,541.9683837890625,-405.0230712890625,626.3303833007812,-514.6819458007812
7.400000385940075,0.20669320225715637,-2.420982599258423,-0.204093798995018,-1.4480292797088623,0.3895743489265442,-0.19034303724765778,-1.0672662258148193,-0.5613664984703064,0.5051038861274719,-0.6658474802970886,0.6699758172035217,-0.5927354097366333,-5.0139312744140625,195.2767333984375,283.387939453125,471.8590087890625,-11.157989501953125,5.754234313964844,-5.0139312744140625,195.2767333984375,283.387939453125,471.8590087890625,-11.157989501953125,5.754234313964844,-5.0139312744140625,195.2767333984375,283.387939453125,471.8590087890625,-11.157989501953125,5.754234313964844
7.416667053475976,0.1894291788339615,-2.4308016300201416,-0.1960568130016327,-1.4597349166870117,0.4009256362915039,-0.20033276081085205,-1.035891056060791,-0.5717194676399231,0.5046566724777222,-0.682036280632019,0.6782820224761963,-0.5996896624565125,559.839111328125,-618.886962890625,568.1038208007812,-704.2861328125,774.5504150390625,-672.6170043945312,559.839111328125,-618.886962890625,568.1038208007812,-704.2861328125,774.5504150390625,-672.6170043945312,559.839111328125,-618.886962890625,568.1038208007812,-704.2861328125,774.5504150390625,-672.6170043945312
7.433333721011877,0.17245428264141083,-2.440523624420166,-0.18823659420013428,-1.4713988304138184,0.41209325194358826,-0.2101600468158722,-1.018894910812378,-0.5628833770751953,0.4957241117954254,-0.6717607975006104,0.6671856045722961,-0.5898818373680115,-4.606842041015625,187.9930419921875,264.51287841796875,411.4913330078125,-11.749263763427734,5.14208984375,-4.606842041015625,187.9930419921875,264.51287841796875,411.4913330078125,-11.749263763427734,5.14208984375,-4.606842041015625,187.9930419921875,264.51287841796875,411.4913330078125,-11.749263763427734,5.14208984375
7.450000388547778,0.1559777706861496,-2.4502875804901123,-0.18041466176509857,-1.4830808639526367,0.4232969880104065,-0.2200297862291336,-0.9886773228645325,-0.5673680305480957,0.49278318881988525,-0.679763674736023,0.6695298552513123,-0.5924472212791443,544.9485473632812,-371.63494873046875,464.5341796875,-392.9781494140625,528.6526489257812,-492.3283996582031,544.9485473632812,-371.63494873046875,464.5341796875,-392.9781494140625,528.6526489257812,-492.3283996582031,544.9485473632812,-371.63494873046875,464.5341796875,-392.9781494140625,528.6526489257812,-492.3283996582031
7.466667056083679,0.13977670669555664,-2.4599390029907227,-0.1727798581123352,-1.4946740865707397,0.43431898951530457,-0.22973836958408356,-0.9724618196487427,-0.5583488345146179,0.4844343662261963,-0.6689416766166687,0.6585635542869568,-0.5827500224113464,-4.6944580078125,198.30941772460938,269.2938232421875,394.418212890625,-13.266801834106445,5.076530456542969,-4.6944580078125,198.30941772460938,269.2938232421875,394.418212890625,-13.266801834106445,5.076530456542969,-4.6944580078125,198.30941772460938,269.2938232421875,394.418212890625,-13.266801834106445,5.076530456542969
7.48333372361958,0.1241048276424408,-2.4696204662323,-0.16515113413333893,-1.5062718391418457,0.4453621208667755,-0.2394879013299942,-0.9403761625289917,-0.5620925426483154,0.48099198937416077,-0.6759889721870422,0.6600271463394165,-0.5852282047271729,652.0381469726562,-339.1909484863281,425.6885986328125,-387.3157958984375,486.3750915527344,-484.3592529296875,652.0381469726562,-339.1909484863281,425.6885986328125,-387.3157958984375,486.3750915527344,-484.3592529296875,652.0381469726562,-339.1909484863281,425.6885986328125,-387.3157958984375,486.3750915527344,-484.3592529296875
7.500000391155481,0.1086956039071083,-2.4791877269744873,-0.15770216286182404,-1.5177785158157349,0.456226646900177,-0.24907824397087097,-0.9249539971351624,-0.5531212091445923,0.47290995717048645,-0.6651464104652405,0.649215042591095,-0.5756479501724243,-4.512969970703125,197.81588745117188,258.2347412109375,358.4862060546875,-13.893844604492188,4.749298095703125,-4.512969970703125,197.81588745117188,258.2347412109375,358.4862060546875,-13.893844604492188,4.749298095703125,-4.512969970703125,197.81588745117188,258.2347412109375,358.4862060546875,-13.893844604492188,4.749298095703125
7.516667058691382,0.09395643323659897,-2.4888274669647217,-0.15023793280124664,-1.5293387174606323,0.4671555459499359,-0.2587738037109375,-0.8842291831970215,-0.5600947737693787,0.4698140323162079,-0.6769260764122009,0.6533361673355103,-0.5819731950759888,1035.325439453125,-476.76324462890625,409.81646728515625,-622.7159423828125,588.3753051757812,-636.5990600585938,1035.325439453125,-476.76324462890625,409.81646728515625,-622.7159423828125,588.3753051757812,-636.5990600585938,1035.325439453125,-476.76324462890625,409.81646728515625,-622.7159423828125,588.3753051757812,-636.5990600585938
7.5333337262272835,0.07946651428937912,-2.498368740081787,-0.14296549558639526,-1.5408437252044678,0.4779099225997925,-0.26831167936325073,-0.8697226643562317,-0.5513209700584412,0.46172913908958435,-0.6663312315940857,0.6426452398300171,-0.5724501609802246,-4.100189208984375,187.76895141601562,235.08428955078125,310.878662109375,-13.625617980957031,4.233123779296875,-4.100189208984375,187.76895141601562,235.08428955078125,310.878662109375,-13.625617980957031,4.233123779296875,-4.100189208984375,187.76895141601562,235.08428955078125,310.878662109375,-13.625617980957031,4.233123779296875
7.5500003937631845,0.06557685136795044,-2.5079126358032227,-0.13572652637958527,-1.5523215532302856,0.488648921251297,-0.27788668870925903,-0.8333185911178589,-0.5532605648040771,0.4568861722946167,-0.6709972620010376,0.6419752240180969,-0.5747053623199463,896.4750366210938,-265.12384033203125,328.32208251953125,-350.4896240234375,388.32904052734375,-469.0325012207031,896.4750366210938,-265.12384033203125,328.32208251953125,-350.4896240234375,388.32904052734375,-469.0325012207031,896.4750366210938,-265.12384033203125,328.32208251953125,-350.4896240234375,388.32904052734375,-469.0325012207031
7.566667061299086,0.05192147195339203,-2.517343521118164,-0.12865282595157623,-1.563705325126648,0.4992155432701111,-0.28730547428131104,-0.8196523189544678,-0.5443559885025024,0.44932740926742554,-0.6601057648658752,0.631453275680542,-0.5652953386306763,-4.101409912109375,194.21575927734375,232.48193359375,295.2647705078125,-14.43028450012207,4.1758880615234375,-4.101409912109375,194.21575927734375,232.48193359375,295.2647705078125,-14.43028450012207,4.1758880615234375,-4.101409912109375,194.21575927734375,232.48193359375,295.2647705078125,-14.43028450012207,4.1758880615234375
7.583333728834987,0.03889397904276848,-2.526763677597046,-0.12162256985902786,-1.575046420097351,0.5097522735595703,-0.29676109552383423,-0.7815645337104797,-0.5455321073532104,0.4439091086387634,-0.663765549659729,0.6299372911453247,-0.5675345063209534,998.5138549804688,-232.81813049316406,282.83447265625,-332.095703125,346.4222106933594,-463.8612365722656,998.5138549804688,-232.81813049316406,282.83447265625,-332.095703125,346.4222106933594,-463.8612365722656,998.5138549804688,-232.81813049316406,282.83447265625,-332.095703125,346.4222106933594,-463.8612365722656
7.600000396370888,0.026087045669555664,-2.5360708236694336,-0.11475055664777756,-1.586293339729309,0.5201205611228943,-0.30606237053871155,-0.7687468528747559,-0.5367158651351929,0.43661490082740784,-0.6529458165168762,0.6196107268333435,-0.5582411289215088,-3.8978424072265625,191.03286743164062,218.35626220703125,267.9395751953125,-14.407630920410156,3.9303321838378906,-3.8978424072265625,191.03286743164062,218.35626220703125,267.9395751953125,-14.407630920410156,3.9303321838378906,-3.8978424072265625,191.03286743164062,218.35626220703125,267.9395751953125,-14.407630920410156,3.9303321838378906
7.616667063906789,0.014091217890381813,-2.5453944206237793,-0.10791938751935959,-1.5975254774093628,0.5304831862449646,-0.3154633939266205,-0.7194567322731018,-0.5401474833488464,0.4306028485298157,-0.6599960923194885,0.6196514964103699,-0.5642563700675964,1488.2491455078125,-330.088134765625,229.13995361328125,-497.489013671875,402.4696350097656,-613.0921630859375,1488.2491455078125,-330.088134765625,229.13995361328125,-497.489013671875,402.4696350097656,-613.0921630859375,1488.2491455078125,-330.088134765625,229.13995361328125,-497.489013671875,402.4696350097656,-613.0921630859375
7.63333373144269,0.0023015441838651896,-2.5546185970306396,-0.10125554352998734,-1.6086986064910889,0.5406825542449951,-0.3247116804122925,-0.7076539397239685,-0.5315566658973694,0.4233802556991577,-0.6494250297546387,0.6095027923583984,-0.5550189018249512,-3.5225830078125,180.12045288085938,196.375244140625,233.8076171875,-13.666152954101562,3.5583953857421875,-3.5225830078125,180.12045288085938,196.375244140625,233.8076171875,-13.666152954101562,3.5583953857421875,-3.5225830078125,180.12045288085938,196.375244140625,233.8076171875,-13.666152954101562,3.5583953857421875
7.650000398978591,-0.00879745278507471,-2.5638039112091064,-0.0946647971868515,-1.619793176651001,0.5508173108100891,-0.333995521068573,-0.6657382249832153,-0.530875563621521,0.4164663553237915,-0.6505805253982544,0.6059606671333313,-0.5571866035461426,1229.17822265625,-156.5432586669922,177.86737060546875,-267.994384765625,249.72677612304688,-454.56884765625,1229.17822265625,-156.5432586669922,177.86737060546875,-267.994384765625,249.72677612304688,-454.56884765625,1229.17822265625,-156.5432586669922,177.86737060546875,-267.994384765625,249.72677612304688,-454.56884765625
7.666667066514492,-0.019706493243575096,-2.5728766918182373,-0.08821836858987808,-1.6307953596115112,0.560791015625,-0.34312790632247925,-0.6548206806182861,-0.5222220420837402,0.4097077250480652,-0.6398975253105164,0.5960207581520081,-0.5480611324310303,-3.49041748046875,183.625244140625,190.7935791015625,222.00830078125,-13.97848129272461,3.492828369140625,-3.49041748046875,183.625244140625,190.7935791015625,222.00830078125,-13.97848129272461,3.492828369140625,-3.49041748046875,183.625244140625,190.7935791015625,222.00830078125,-13.97848129272461,3.492828369140625
7.683333734050393,-0.029900789260864258,-2.5818986892700195,-0.08185622841119766,-1.6417019367218018,0.5706866383552551,-0.3522964417934418,-0.6114296913146973,-0.5207645297050476,0.4021798372268677,-0.6400119662284851,0.5916872024536133,-0.550268292427063,1324.55859375,-123.41021728515625,130.70880126953125,-238.2420654296875,208.84991455078125,-451.7161865234375,1324.55859375,-123.41021728515625,130.70880126953125,-238.2420654296875,208.84991455078125,-451.7161865234375,1324.55859375,-123.41021728515625,130.70880126953125,-238.2420654296875,208.84991455078125,-451.7161865234375
7.700000401586294,-0.03991948813199997,-2.590808868408203,-0.07563190162181854,-1.6525177955627441,0.580425500869751,-0.36131536960601807,-0.6014031767845154,-0.5122411847114563,0.39568662643432617,-0.6294737458229065,0.5819786190986633,-0.5412552952766418,-3.3090972900390625,179.16915893554688,177.3387451171875,202.5986328125,-13.632766723632812,3.3116302490234375,-3.3090972900390625,179.16915893554688,177.3387451171875,202.5986328125,-13.632766723632812,3.3116302490234375,-3.3090972900390625,179.16915893554688,177.3387451171875,202.5986328125,-13.632766723632812,3.3116302490234375
7.716667069122195,-0.04900144040584564,-2.5996787548065186,-0.06950771063566208,-1.6632423400878906,0.5900920629501343,-0.37043291330337524,-0.5444548726081848,-0.5120030045509338,0.38661065697669983,-0.6315757036209106,0.5781452059745789,-0.5472134351730347,1500.0,-176.50843811035156,41.0823974609375,-334.0362548828125,220.6039581298828,-600.0232543945312,1500.0,-176.50843811035156,41.0823974609375,-334.0362548828125,220.6039581298828,-600.0232543945312,1500.0,-176.50843811035156,41.0823974609375,-334.0362548828125,220.6039581298828,-600.0232543945312
7.733333736658096,-0.0579228550195694,-2.608449935913086,-0.06352756917476654,-1.6739119291305542,0.5996089577674866,-0.3794027268886566,-0.5355241894721985,-0.5037334561347961,0.3802622854709625,-0.6213033199310303,0.5686672925949097,-0.5382521748542786,-2.9949951171875,168.75982666015625,159.15350341796875,179.023681640625,-12.722015380859375,3.004058837890625,-2.9949951171875,168.75982666015625,159.15350341796875,179.023681640625,-12.722015380859375,3.004058837890625,-2.9949951171875,168.75982666015625,159.15350341796875,179.023681640625,-12.722015380859375,3.004058837890625
7.750000404193997,-0.06607586145401001,-2.6171422004699707,-0.0576619915664196,-1.684446096420288,0.6090154647827148,-0.388408899307251,-0.48884642124176025,-0.5003830194473267,0.3712002635002136,-0.6188637614250183,0.56246417760849,-0.5405009984970093,1500.0,-43.27058410644531,25.2864990234375,-153.310302734375,115.365966796875,-447.21484375,1500.0,-43.27058410644531,25.2864990234375,-153.310302734375,115.365966796875,-447.21484375,1500.0,-43.27058410644531,25.2864990234375,-153.310302734375,115.365966796875,-447.21484375
7.7666670717298985,-0.07408564537763596,-2.6257240772247314,-0.05192074924707413,-1.6948949098587036,0.6182743310928345,-0.39726847410202026,-0.4808310270309448,-0.4921222925186157,0.3652666211128235,-0.6086204648017883,0.553229808807373,-0.531645655632019,-2.93792724609375,170.40252685546875,153.144287109375,170.47412109375,-12.769699096679688,2.9850006103515625,-2.93792724609375,170.40252685546875,153.144287109375,170.47412109375,-12.769699096679688,2.9850006103515625,-2.93792724609375,170.40252685546875,153.144287109375,170.47412109375,-12.769699096679688,2.9850006103515625
7.7833337392657995,-0.08130674064159393,-2.634213447570801,-0.04630579799413681,-1.7051911354064941,0.6274104118347168,-0.40616583824157715,-0.43290525674819946,-0.4879874289035797,0.355574369430542,-0.605138897895813,0.5463099479675293,-0.5339722633361816,1500.0,-8.535400390625,-21.1402587890625,-115.685546875,76.34878540039062,-446.11456298828125,1500.0,-8.535400390625,-21.1402587890625,-115.685546875,76.34878540039062,-446.11456298828125,1500.0,-8.535400390625,-21.1402587890625,-115.685546875,76.34878540039062,-446.11456298828125
7.800000406801701,-0.08839941024780273,-2.6425933837890625,-0.04080892354249954,-1.715405821800232,0.6364036798477173,-0.41491830348968506,-0.4258076846599579,-0.47989919781684875,0.349914014339447,-0.5951019525527954,0.5373387932777405,-0.5252236723899841,-2.767730712890625,165.6448974609375,141.95172119140625,156.90087890625,-12.300018310546875,2.8443374633789062,-2.767730712890625,165.6448974609375,141.95172119140625,156.90087890625,-12.300018310546875,2.8443374633789062,-2.767730712890625,165.6448974609375,141.95172119140625,156.90087890625,-12.300018310546875,2.8443374633789062
7.816667074337602,-0.0944465696811676,-2.650878667831421,-0.035472478717565536,-1.7254480123519897,0.6452634334564209,-0.4237711727619171,-0.36220991611480713,-0.4758998453617096,0.3377056121826172,-0.5921930074691772,0.529932975769043,-0.5313034653663635,1500.0,-14.830825805664062,-146.8299560546875,-144.643798828125,46.663299560546875,-594.6826782226562,1500.0,-14.830825805664062,-146.8299560546875,-144.643798828125,46.663299560546875,-594.6826782226562,1500.0,-14.830825805664062,-146.8299560546875,-144.643798828125,46.663299560546875,-594.6826782226562
7.833333741873503,-0.10038073360919952,-2.6590654850006104,-0.030257759615778923,-1.7354438304901123,0.6539881229400635,-0.4324806034564972,-0.3562697768211365,-0.4680934548377991,0.3322587013244629,-0.5824523568153381,0.521235466003418,-0.5226001143455505,-2.5150146484375,156.6064453125,128.04833984375,140.68603515625,-11.494163513183594,2.6237945556640625,-2.5150146484375,156.6064453125,128.04833984375,140.68603515625,-11.494163513183594,2.6237945556640625,-2.5150146484375,156.6064453125,128.04833984375,140.68603515625,-11.494163513183594,2.6237945556640625
7.850000409409404,-0.10548222064971924,-2.6671321392059326,-0.02519937790930271,-1.7452468872070312,0.6625615358352661,-0.44122958183288574,-0.3056366443634033,-0.46205198764801025,0.3210286796092987,-0.5764557123184204,0.5126506090164185,-0.5250360369682312,1500.0,76.00665283203125,-124.1805419921875,-17.7930908203125,-11.844635009765625,-444.7972717285156,1500.0,76.00665283203125,-124.1805419921875,-17.7930908203125,-11.844635009765625,-444.7972717285156,1500.0,76.00665283203125,-124.1805419921875,-17.7930908203125,-11.844635009765625,-444.7972717285156
7.866667076945305,-0.1104888841509819,-2.6750922203063965,-0.020245742052793503,-1.7549760341644287,0.6710020303726196,-0.44983619451522827,-0.300626277923584,-0.4543277621269226,0.31596335768699646,-0.5668510794639587,0.5042261481285095,-0.5164324641227722,-2.441986083984375,157.01416015625,122.68505859375,134.4632568359375,-11.386871337890625,2.5987701416015625,-2.441986083984375,157.01416015625,122.68505859375,134.4632568359375,-11.386871337890625,2.5987701416015625,-2.441986083984375,157.01416015625,122.68505859375,134.4632568359375,-11.386871337890625,2.5987701416015625
7.883333744481206,-0.11464662849903107,-2.6829211711883545,-0.015460324473679066,-1.7644948959350586,0.6792804598808289,-0.45848384499549866,-0.2489852011203766,-0.4475030303001404,0.3041011393070221,-0.5598428845405579,0.49501779675483704,-0.5189640522003174,1500.0,112.46682739257812,-169.0733642578125,24.4068603515625,-48.11761474609375,-444.69476318359375,1500.0,112.46682739257812,-169.0733642578125,24.4068603515625,-48.11761474609375,-444.69476318359375,1500.0,112.46682739257812,-169.0733642578125,24.4068603515625,-48.11761474609375,-444.69476318359375
7.900000412017107,-0.11872458457946777,-2.6906449794769287,-0.010773506946861744,-1.7739448547363281,0.687431275844574,-0.4669908881187439,-0.24490414559841156,-0.4399900734424591,0.2993217706680298,-0.5504984259605408,0.486880898475647,-0.5104597806930542,-2.30133056640625,152.63555908203125,113.9986572265625,124.8336181640625,-10.920764923095703,2.4747772216796875,-2.30133056640625,152.63555908203125,113.9986572265625,124.8336181640625,-10.920764923095703,2.4747772216796875,-2.30133056640625,152.63555908203125,113.9986572265625,124.8336181640625,-10.920764923095703,2.4747772216796875
7.916667079553008,-0.1216663345694542,-2.6982178688049316,-0.006307101342827082,-1.783141016960144,0.6953938603401184,-0.475601464509964,-0.17574095726013184,-0.4321800172328949,0.28396323323249817,-0.5426793098449707,0.4762960970401764,-0.5167536735534668,1500.0,154.72891235351562,-331.7982177734375,58.6390380859375,-115.12164306640625,-593.8469848632812,1500.0,154.72891235351562,-331.7982177734375,58.6390380859375,-115.12164306640625,-593.8469848632812,1500.0,154.72891235351562,-331.7982177734375,58.6390380859375,-115.12164306640625,-593.8469848632812
7.933333747088909,-0.12454373389482498,-2.705693483352661,-0.0019405775237828493,-1.7923047542572021,0.7032378911972046,-0.48407286405563354,-0.17285989224910736,-0.4249788522720337,0.27945852279663086,-0.5336695313453674,0.46847063302993774,-0.5082860589027405,-2.104949951171875,145.2421875,103.8870849609375,113.720947265625,-10.232925415039062,2.3317413330078125,-2.104949951171875,145.2421875,103.8870849609375,113.720947265625,-10.232925415039062,2.3317413330078125,-2.104949951171875,145.2421875,103.8870849609375,113.720947265625,-10.232925415039062,2.3317413330078125
7.95000041462481,-0.1265382021665573,-2.7130110263824463,0.002228460041806102,-1.8012183904647827,0.7108952403068542,-0.49258747696876526,-0.11911438405513763,-0.4162598252296448,0.2660788893699646,-0.5242612361907959,0.45784232020378113,-0.5109498500823975,1500.0,201.06434631347656,-268.95947265625,128.77703857421875,-128.90933227539062,-444.8425598144531,1500.0,201.06434631347656,-268.95947265625,128.77703857421875,-128.90933227539062,-444.8425598144531,1500.0,201.06434631347656,-268.95947265625,128.77703857421875,-128.90933227539062,-444.8425598144531
7.966667082160711,-0.12848728895187378,-2.720226287841797,0.0063123623840510845,-1.810072660446167,0.7184359431266785,-0.5009638071060181,-0.11716358363628387,-0.4092061221599579,0.2619369626045227,-0.5154734253883362,0.4503113925457001,-0.502575695514679,-2.039947509765625,145.00497436523438,99.46435546875,108.9906005859375,-10.07080078125,2.2935791015625,-2.039947509765625,145.00497436523438,99.46435546875,108.9906005859375,-10.07080078125,2.2935791015625,-2.039947509765625,145.00497436523438,99.46435546875,108.9906005859375,-10.07080078125,2.2935791015625
7.983333749696612,-0.12954124808311462,-2.7272727489471436,0.010187034495174885,-1.818660855293274,0.7257809638977051,-0.50938481092453,-0.06265681982040405,-0.3997138440608978,0.2479327768087387,-0.5051143765449524,0.4391697347164154,-0.505333423614502,1500.0,239.0563507080078,-312.193359375,172.8916015625,-161.52621459960938,-444.9367370605469,1500.0,239.0563507080078,-312.193359375,172.8916015625,-161.52621459960938,-444.9367370605469,1500.0,239.0563507080078,-312.193359375,172.8916015625,-161.52621459960938,-444.9367370605469
8.000000417232513,-0.13056474924087524,-2.7342185974121094,0.013982738368213177,-1.827195644378662,0.7330147624015808,-0.5176690220832825,-0.06163208931684494,-0.3929087519645691,0.24409115314483643,-0.49663257598876953,0.4319441616535187,-0.49705106019973755,-1.91973876953125,141.22369384765625,92.98724365234375,102.0574951171875,-9.660720825195312,2.2125244140625,-1.91973876953125,141.22369384765625,92.98724365234375,102.0574951171875,-9.660720825195312,2.2125244140625,-1.91973876953125,141.22369384765625,92.98724365234375,102.0574951171875,-9.660720825195312,2.2125244140625
8.016667084768414,-0.1303800493478775,-2.7409591674804688,0.017499146983027458,-1.8353986740112305,0.7400140166282654,-0.5260599851608276,0.011966033838689327,-0.38129717111587524,0.22560718655586243,-0.4841354489326477,0.4186554253101349,-0.5035610795021057,1500.0,330.4123840332031,-512.8260498046875,266.203857421875,-260.7119140625,-593.9472045898438,1500.0,330.4123840332031,-512.8260498046875,266.203857421875,-260.7119140625,-593.9472045898438,1500.0,330.4123840332031,-512.8260498046875,266.203857421875,-260.7119140625,-593.9472045898438
8.033333752304316,-0.1301802098751068,-2.7476067543029785,0.020937474444508553,-1.84358549118042,0.7469116449356079,-0.5343157052993774,0.011767659336328506,-0.3748330771923065,0.22209469974040985,-0.4760300815105438,0.41176852583885193,-0.4953081011772156,-1.783111572265625,135.57199096679688,85.8763427734375,94.43994140625,-9.13262939453125,2.0921173095703125,-1.783111572265625,135.57199096679688,85.8763427734375,94.43994140625,-9.13262939453125,2.0921173095703125,-1.783111572265625,135.57199096679688,85.8763427734375,94.43994140625,-9.13262939453125,2.0921173095703125
8.050000419840217,-0.12906132638454437,-2.754058599472046,0.024138370528817177,-1.8514693975448608,0.7535942792892456,-0.5426176190376282,0.06776592880487442,-0.3634863495826721,0.20661380887031555,-0.4634508490562439,0.3994896113872528,-0.498172789812088,1500.0,330.7604675292969,-408.8082275390625,278.58251953125,-232.80380249023438,-444.59344482421875,1500.0,330.7604675292969,-408.8082275390625,278.58251953125,-232.80380249023438,-444.59344482421875,1500.0,330.7604675292969,-408.8082275390625,278.58251953125,-232.80380249023438,-444.59344482421875
8.066667087376118,-0.12794674932956696,-2.760413885116577,0.027274133637547493,-1.8593111038208008,0.7601768374443054,-0.5507849454879761,0.06665143370628357,-0.35722970962524414,0.20345526933670044,-0.4556332230567932,0.3929121494293213,-0.49000638723373413,-1.715423583984375,134.9652099609375,82.39154052734375,90.76953125,-8.952617645263672,2.0706634521484375,-1.715423583984375,134.9652099609375,82.39154052734375,90.76953125,-8.952617645263672,2.0706634521484375,-1.715423583984375,134.9652099609375,82.39154052734375,90.76953125,-8.952617645263672,2.0706634521484375
8.083333754912019,-0.12590497732162476,-2.766563892364502,0.030161051079630852,-1.8668357133865356,0.766537606716156,-0.5589996576309204,0.12316304445266724,-0.3451310694217682,0.18736690282821655,-0.44218745827674866,0.38024288415908813,-0.49294328689575195,1500.0,369.8253479003906,-450.34674072265625,322.6077880859375,-260.955078125,-444.06414794921875,1500.0,369.8253479003906,-450.34674072265625,322.6077880859375,-260.955078125,-444.06414794921875,1500.0,369.8253479003906,-450.34674072265625,322.6077880859375,-260.955078125,-444.06414794921875
8.10000042244792,-0.12388229370117188,-2.772620677947998,0.032989103347063065,-1.8743244409561157,0.7728040218353271,-0.5670812726020813,0.12113986164331436,-0.339156836271286,0.18452434241771698,-0.434711754322052,0.3739798069000244,-0.48486319184303284,-1.615264892578125,131.88006591796875,77.71124267578125,85.7615966796875,-8.615255355834961,2.000335693359375,-1.615264892578125,131.88006591796875,77.71124267578125,85.7615966796875,-8.615255355834961,2.000335693359375,-1.615264892578125,131.88006591796875,77.71124267578125,85.7615966796875,-8.615255355834961,2.000335693359375
8.116667089983821,-0.12059824168682098,-2.7784178256988525,0.03548068925738335,-1.8814090490341187,0.7787986993789673,-0.5752715468406677,0.19802036881446838,-0.32380592823028564,0.16297928988933563,-0.41788485646247864,0.35853415727615356,-0.49150240421295166,1500.0,509.9988098144531,-689.24755859375,470.3223876953125,-386.2667236328125,-591.248291015625,1500.0,509.9988098144531,-689.24755859375,470.3223876953125,-386.2667236328125,-591.248291015625,1500.0,509.9988098144531,-689.24755859375,470.3223876953125,-386.2667236328125,-591.248291015625
8.133333757519722,-0.11734812706708908,-2.7841267585754395,0.03791626915335655,-1.8884954452514648,0.7847093343734741,-0.5833300948143005,0.19476982951164246,-0.3182027339935303,0.1605139970779419,-0.4108263850212097,0.35262852907180786,-0.4834449589252472,-1.5240936279296875,127.848388671875,72.89111328125,80.6307373046875,-8.227828979492188,1.931182861328125,-1.5240936279296875,127.848388671875,72.89111328125,80.6307373046875,-8.227828979492188,1.931182861328125,-1.5240936279296875,127.848388671875,72.89111328125,80.6307373046875,-8.227828979492188,1.931182861328125
8.150000425055623,-0.11315692216157913,-2.789604663848877,0.04007618501782417,-1.8952313661575317,0.7903835773468018,-0.5914363861083984,0.2521638870239258,-0.30431944131851196,0.14301109313964844,-0.3953912854194641,0.3391348123550415,-0.4864175319671631,1500.0,463.2735290527344,-543.5131225585938,425.6415100097656,-320.83392333984375,-441.24005126953125,1500.0,463.2735290527344,-543.5131225585938,425.6415100097656,-320.83392333984375,-441.24005126953125,1500.0,463.2735290527344,-543.5131225585938,425.6415100097656,-320.83392333984375,-441.24005126953125
8.166667092591524,-0.10901924222707748,-2.794995069503784,0.04219156503677368,-1.9019445180892944,0.7959755063056946,-0.5994114279747009,0.24802488088607788,-0.29897627234458923,0.14089716970920563,-0.3886706233024597,0.3335438668727875,-0.4784422218799591,-1.453765869140625,127.05804443359375,70.20635986328125,77.6744384765625,-8.054969787597656,1.9145050048828125,-1.453765869140625,127.05804443359375,70.20635986328125,77.6744384765625,-8.054969787597656,1.9145050048828125,-1.453765869140625,127.05804443359375,70.20635986328125,77.6744384765625,-8.054969787597656,1.9145050048828125
8.183333760127425,-0.1039363294839859,-2.800144672393799,0.04402036964893341,-1.9082942008972168,0.8013267517089844,-0.6074347496032715,0.3056884706020355,-0.2843720614910126,0.12281382083892822,-0.3724718689918518,0.3197939991950989,-0.48144543170928955,1500.0,502.90826416015625,-583.2681274414062,467.9632263183594,-343.7412109375,-439.2146911621094,1500.0,502.90826416015625,-583.2681274414062,467.9632263183594,-343.7412109375,-439.2146911621094,1500.0,502.90826416015625,-583.2681274414062,467.9632263183594,-343.7412109375,-439.2146911621094
8.200000427663326,-0.0989212617278099,-2.805209159851074,0.045811042189598083,-1.914627194404602,0.8066010475158691,-0.6153281331062317,0.30067184567451477,-0.2793397605419159,0.1210302859544754,-0.3661234378814697,0.31451916694641113,-0.47355177998542786,-1.3699951171875,124.723876953125,66.91363525390625,74.0003662109375,-7.796287536621094,1.8465576171875,-1.3699951171875,124.723876953125,66.91363525390625,74.0003662109375,-7.796287536621094,1.8465576171875,-1.3699951171875,124.723876953125,66.91363525390625,74.0003662109375,-7.796287536621094,1.8465576171875
8.216667095199227,-0.09261052310466766,-2.8099632263183594,0.04721040278673172,-1.9204916954040527,0.8115764260292053,-0.6233294606208801,0.37968623638153076,-0.2603704631328583,0.09653476625680923,-0.345407098531723,0.2975199818611145,-0.4801459312438965,1500.0,690.7916259765625,-860.014892578125,664.7813110351562,-488.474365234375,-582.0023803710938,1500.0,690.7916259765625,-860.014892578125,664.7813110351562,-488.474365234375,-582.0023803710938,1500.0,690.7916259765625,-860.014892578125,664.7813110351562,-488.474365234375,-582.0023803710938
8.233333762735128,-0.08638191968202591,-2.814636468887329,0.04857635498046875,-1.9263774156570435,0.8164854049682617,-0.631202220916748,0.37345561385154724,-0.25573667883872986,0.09516996890306473,-0.3395102322101593,0.2926112413406372,-0.47227299213409424,-1.336334228515625,122.182373046875,63.83148193359375,70.70782470703125,-7.522102355957031,1.816741943359375,-1.336334228515625,122.182373046875,63.83148193359375,70.70782470703125,-7.522102355957031,1.816741943359375,-1.336334228515625,122.182373046875,63.83148193359375,70.70782470703125,-7.522102355957031,1.816741943359375
8.25000043027103,-0.07920385897159576,-2.8190455436706543,0.04963058605790138,-1.931872010231018,0.8211450576782227,-0.6391218304634094,0.4314088225364685,-0.23944531381130219,0.07575885206460953,-0.32159504294395447,0.2783702611923218,-0.47519662976264954,1500.0,596.6221923828125,-672.4544067382812,565.1605224609375,-390.6285400390625,-431.93218994140625,1500.0,596.6221923828125,-672.4544067382812,565.1605224609375,-390.6285400390625,-431.93218994140625,1500.0,596.6221923828125,-672.4544067382812,565.1605224609375,-390.6285400390625,-431.93218994140625
8.26666709780693,-0.07212743908166885,-2.8233771324157715,0.05066157877445221,-1.937363624572754,0.8257396817207336,-0.6469133496284485,0.42432981729507446,-0.23511657118797302,0.0747462660074234,-0.31607183814048767,0.2737734317779541,-0.467404305934906,-1.2636260986328125,121.33062744140625,61.821044921875,68.336669921875,-7.375476837158203,1.79766845703125,-1.2636260986328125,121.33062744140625,61.821044921875,68.336669921875,-7.375476837158203,1.79766845703125,-1.2636260986328125,121.33062744140625,61.821044921875,68.336669921875,-7.375476837158203,1.79766845703125
8.283333765342832,-0.0641012117266655,-2.8274340629577637,0.051370617002248764,-1.9424535036087036,0.8300828337669373,-0.6547513008117676,0.4823177456855774,-0.2181469053030014,0.05479278787970543,-0.29751119017601013,0.2594171464443207,-0.47029954195022583,1500.0,636.1937866210938,-710.18310546875,604.53173828125,-407.6993713378906,-427.57275390625,1500.0,636.1937866210938,-710.18310546875,604.53173828125,-407.6993713378906,-427.57275390625,1500.0,636.1937866210938,-710.18310546875,604.53173828125,-407.6993713378906,-427.57275390625
8.300000432878733,-0.05619030073285103,-2.8314173221588135,0.052062977105379105,-1.947546124458313,0.8343662023544312,-0.6624623537063599,0.47440391778945923,-0.21415410935878754,0.054122865200042725,-0.29237982630729675,0.25513049960136414,-0.4625876843929291,-1.1855316162109375,119.684326171875,59.594482421875,65.700927734375,-7.174015045166016,1.7547607421875,-1.1855316162109375,119.684326171875,59.594482421875,65.700927734375,-7.174015045166016,1.7547607421875,-1.1855316162109375,119.684326171875,59.594482421875,65.700927734375,-7.174015045166016,1.7547607421875
8.316667100414634,-0.04696774110198021,-2.8350419998168945,0.052312251180410385,-1.952115535736084,0.838334858417511,-0.6702761054039001,0.5544310808181763,-0.19174015522003174,0.026839226484298706,-0.26829081773757935,0.237222358584404,-0.4688773453235626,1500.0,870.1270751953125,-1023.5097045898438,844.5656127929688,-564.6240844726562,-562.4055786132812,1500.0,870.1270751953125,-1023.5097045898438,844.5656127929688,-564.6240844726562,-562.4055786132812,1500.0,870.1270751953125,-1023.5097045898438,844.5656127929688,-564.6240844726562,-562.4055786132812
8.333333767950535,-0.0378740169107914,-2.838594436645508,0.05255129188299179,-1.9567266702651978,0.8422542214393616,-0.6779645085334778,0.5453341603279114,-0.1881692260503769,0.02662503346800804,-0.2636379897594452,0.2332991063594818,-0.46118777990341187,-1.1807708740234375,118.5560302734375,57.86492919921875,63.78173828125,-7.044670104980469,1.7309112548828125,-1.1807708740234375,118.5560302734375,57.86492919921875,63.78173828125,-7.044670104980469,1.7309112548828125,-1.1807708740234375,118.5560302734375,57.86492919921875,63.78173828125,-7.044670104980469,1.7309112548828125
8.350000435486436,-0.02783551625907421,-2.841850757598877,0.05244532600045204,-1.9609131813049316,0.8459194898605347,-0.6856951713562012,0.6030465960502625,-0.1696351319551468,0.005456613376736641,-0.24366237223148346,0.21879705786705017,-0.46384915709495544,1500.0,728.7466430664062,-794.605712890625,693.3963012695312,-440.3680725097656,-413.97454833984375,1500.0,728.7466430664062,-794.605712890625,693.3963012695312,-440.3680725097656,-413.97454833984375,1500.0,728.7466430664062,-794.605712890625,693.3963012695312,-440.3680725097656,-413.97454833984375
8.366667103022337,-0.017944946885108948,-2.845041036605835,0.05233810469508171,-1.9651169776916504,0.8495363593101501,-0.6933010816574097,0.5931525826454163,-0.16640810668468475,0.005594872869551182,-0.2394072562456131,0.21517491340637207,-0.456242173910141,-1.1073760986328125,117.63568115234375,56.36968994140625,61.83209228515625,-6.896854400634766,1.7070770263671875,-1.1073760986328125,117.63568115234375,56.36968994140625,61.83209228515625,-6.896854400634766,1.7070770263671875,-1.1073760986328125,117.63568115234375,56.36968994140625,61.83209228515625,-6.896854400634766,1.7070770263671875
8.383333770558238,-0.007112841121852398,-2.8479268550872803,0.05187644064426422,-1.9688880443572998,0.852899432182312,-0.7009474635124207,0.6506790518760681,-0.147250235080719,-0.016066910699009895,-0.21891549229621887,0.20070265233516693,-0.4588005542755127,1500.0,767.5302124023438,-829.9253540039062,728.7841796875,-451.11358642578125,-406.514404296875,1500.0,767.5302124023438,-829.9253540039062,728.7841796875,-451.11358642578125,-406.514404296875,1500.0,767.5302124023438,-829.9253540039062,728.7841796875,-451.11358642578125,-406.514404296875
8.400000438094139,0.003558449214324355,-2.8507511615753174,0.05142023786902428,-1.9726825952529907,0.8562191724777222,-0.7084705233573914,0.6400036215782166,-0.1443789005279541,-0.015576135367155075,-0.21506449580192566,0.1973768025636673,-0.45127615332603455,-1.0609283447265625,116.6480712890625,55.012451171875,59.95635986328125,-6.746053695678711,1.67608642578125,-1.0609283447265625,116.6480712890625,55.012451171875,59.95635986328125,-6.746053695678711,1.67608642578125,-1.0609283447265625,116.6480712890625,55.012451171875,59.95635986328125,-6.746053695678711,1.67608642578125
8.41666710563004,0.015539898537099361,-2.8531720638275146,0.05047303065657616,-1.9759094715118408,0.8592196702957153,-0.7160855531692505,0.7199718356132507,-0.11874713748693466,-0.04542985558509827,-0.1881745606660843,0.1792268306016922,-0.456931471824646,1500.0,1045.22412109375,-1177.6826171875,1005.685302734375,-612.69580078125,-529.1318969726562,1500.0,1045.22412109375,-1177.6826171875,1005.685302734375,-612.69580078125,-529.1318969726562,1500.0,1045.22412109375,-1177.6826171875,1005.685302734375,-612.69580078125,-529.1318969726562
8.433333773165941,0.02734793722629547,-2.8555309772491455,0.04953937605023384,-1.979197382926941,0.8621874451637268,-0.7235784530639648,0.7081591486930847,-0.11631689965724945,-0.04445284605026245,-0.18481887876987457,0.17625167965888977,-0.44943732023239136,-1.0891265869140625,116.78961181640625,54.3544921875,59.1629638671875,-6.716846466064453,1.682037353515625,-1.0891265869140625,116.78961181640625,54.3544921875,59.1629638671875,-6.716846466064453,1.682037353515625,-1.0891265869140625,116.78961181640625,54.3544921875,59.1629638671875,-6.716846466064453,1.682037353515625
8.450000440701842,0.04008389264345169,-2.857567071914673,0.04823068901896477,-1.9820358753204346,0.8649044632911682,-0.7311050295829773,0.7648827433586121,-0.09574124217033386,-0.06718863546848297,-0.163234680891037,0.16198159754276276,-0.4515739977359772,1500.0,857.4744873046875,-908.4669799804688,807.3359375,-468.7022705078125,-384.8624267578125,1500.0,857.4744873046875,-908.4669799804688,807.3359375,-468.7022705078125,-384.8624267578125,1500.0,857.4744873046875,-908.4669799804688,807.3359375,-468.7022705078125,-384.8624267578125
8.466667108237743,0.05262799561023712,-2.859548807144165,0.04694338142871857,-1.9849117994308472,0.8675888776779175,-0.7385101318359375,0.7523338794708252,-0.09368544071912766,-0.0658591166138649,-0.1602916121482849,0.1592896282672882,-0.4441671073436737,-1.022674560546875,115.8919677734375,53.31201171875,57.50775146484375,-6.5797576904296875,1.6677398681640625,-1.022674560546875,115.8919677734375,53.31201171875,57.50775146484375,-6.5797576904296875,1.6677398681640625,-1.022674560546875,115.8919677734375,53.31201171875,57.50775146484375,-6.5797576904296875,1.6677398681640625
8.483333775773644,0.06609343737363815,-2.8611998558044434,0.04527262970805168,-1.9873327016830444,0.8700255751609802,-0.7459455728530884,0.8086666464805603,-0.07254799455404282,-0.08902739733457565,-0.13832537829875946,0.14519307017326355,-0.4461146295070648,1500.0,894.9384765625,-940.9114379882812,838.0526123046875,-472.8740234375,-373.66033935546875,1500.0,894.9384765625,-940.9114379882812,838.0526123046875,-472.8740234375,-373.66033935546875,1500.0,894.9384765625,-940.9114379882812,838.0526123046875,-472.8740234375,-373.66033935546875
8.500000443309546,0.07935511320829391,-2.862802743911743,0.04363010451197624,-1.9897974729537964,0.8724347949028015,-0.7532609701156616,0.7954002618789673,-0.07086246460676193,-0.08733966201543808,-0.13578909635543823,0.14277595281600952,-0.43879714608192444,-0.9529266357421875,115.4825439453125,52.64984130859375,56.2393798828125,-6.479620933532715,1.658203125,-0.9529266357421875,115.4825439453125,52.64984130859375,56.2393798828125,-6.479620933532715,1.658203125,-0.9529266357421875,115.4825439453125,52.64984130859375,56.2393798828125,-6.479620933532715,1.658203125
8.516667110845447,0.09390909969806671,-2.8639609813690186,0.04145330563187599,-1.9916610717773438,0.8745313882827759,-0.7606512308120728,0.8743042349815369,-0.04228580370545387,-0.11948829144239426,-0.1067073792219162,0.12505485117435455,-0.4434269964694977,1500.0,1213.4642333984375,-1320.11669921875,1145.0648193359375,-631.526123046875,-479.1307373046875,1500.0,1213.4642333984375,-1320.11669921875,1145.0648193359375,-631.526123046875,-479.1307373046875,1500.0,1213.4642333984375,-1320.11669921875,1145.0648193359375,-631.526123046875,-479.1307373046875
8.533333778381348,0.1082477793097496,-2.865067958831787,0.039314381778240204,-1.9936046600341797,0.8766101598739624,-0.7679230570793152,0.8599604964256287,-0.04105716198682785,-0.11728870868682861,-0.10467387735843658,0.12296583503484726,-0.43615248799324036,-1.001953125,116.72735595703125,52.9005126953125,56.340087890625,-6.545783996582031,1.6736907958984375,-1.001953125,116.72735595703125,52.9005126953125,56.340087890625,-6.545783996582031,1.6736907958984375,-1.001953125,116.72735595703125,52.9005126953125,56.340087890625,-6.545783996582031,1.6736907958984375
8.550000445917249,0.12348637729883194,-2.865827798843384,0.036774277687072754,-1.995082974433899,0.8784499764442444,-0.7752147316932678,0.9150092601776123,-0.01867007277905941,-0.14136220514774323,-0.08194902539253235,0.10941226035356522,-0.4374658465385437,1500.0,980.8285522460938,-1012.3363037109375,904.7964477539062,-474.96881103515625,-342.55267333984375,1500.0,980.8285522460938,-1012.3363037109375,904.7964477539062,-474.96881103515625,-342.55267333984375,1500.0,980.8285522460938,-1012.3363037109375,904.7964477539062,-474.96881103515625,-342.55267333984375
8.56666711345315,0.13849212229251862,-2.8665502071380615,0.03427872061729431,-1.996618628501892,0.8802719116210938,-0.7823888063430786,0.8999980688095093,-0.017842063680291176,-0.1388138234615326,-0.08033136278390884,0.10758082568645477,-0.43028971552848816,-0.9608230590820312,115.73858642578125,52.20770263671875,54.9349365234375,-6.418525695800781,1.6486663818359375,-0.9608230590820312,115.73858642578125,52.20770263671875,54.9349365234375,-6.418525695800781,1.6486663818359375,-0.9608230590820312,115.73858642578125,52.20770263671875,54.9349365234375,-6.418525695800781,1.6486663818359375
8.58333378098905,0.15438823401927948,-2.8669183254241943,0.031374745070934296,-1.997685194015503,0.8818601965904236,-0.7895780205726624,0.9544722437858582,0.005038734991103411,-0.1632480025291443,-0.05736107379198074,0.09433954209089279,-0.4313170909881592,1500.0,1016.4597778320312,-1041.3585205078125,930.28515625,-472.4776611328125,-327.0018310546875,1500.0,1016.4597778320312,-1041.3585205078125,930.28515625,-472.4776611328125,-327.0018310546875,1500.0,1016.4597778320312,-1041.3585205078125,930.28515625,-472.4776611328125,-327.0018310546875
8.600000448524952,0.17004069685935974,-2.8672523498535156,0.02852221205830574,-1.9988155364990234,0.8834347724914551,-0.7966511249542236,0.9388144612312317,0.005490030627697706,-0.1603393852710724,-0.05614551529288292,0.09275490790605545,-0.42424094676971436,-0.90838623046875,115.95257568359375,52.1676025390625,54.13623046875,-6.357728958129883,1.661773681640625,-0.90838623046875,115.95257568359375,52.1676025390625,54.13623046875,-6.357728958129883,1.661773681640625,-0.90838623046875,115.95257568359375,52.1676025390625,54.13623046875,-6.357728958129883,1.661773681640625
8.616667116060853,0.18695257604122162,-2.8671059608459473,0.02509767934679985,-1.999322533607483,0.8847148418426514,-0.8037747144699097,1.015733242034912,0.03669802099466324,-0.1944507658481598,-0.025500621646642685,0.0761200413107872,-0.42740872502326965,1500.0,1372.384033203125,-1448.21630859375,1260.4976806640625,-620.6884765625,-409.9583740234375,1500.0,1372.384033203125,-1448.21630859375,1260.4976806640625,-620.6884765625,-409.9583740234375,1500.0,1372.384033203125,-1448.21630859375,1260.4976806640625,-620.6884765625,-409.9583740234375
8.633333783596754,0.20361042022705078,-2.8669207096099854,0.02173575758934021,-1.9999277591705322,0.8859906196594238,-0.8107843995094299,0.999069094657898,0.036683399230241776,-0.19101101160049438,-0.02478545904159546,0.07483126223087311,-0.42039594054222107,-0.993011474609375,118.20880126953125,53.22027587890625,54.98187255859375,-6.496608734130859,1.69635009765625,-0.993011474609375,118.20880126953125,53.22027587890625,54.98187255859375,-6.496608734130859,1.69635009765625,-0.993011474609375,118.20880126953125,53.22027587890625,54.98187255859375,-6.496608734130859,1.69635009765625
8.650000451132655,0.22113020718097687,-2.866368055343628,0.017950937151908875,-2.0000596046447754,0.8870471715927124,-0.817794680595398,1.0518300533294678,0.06062822416424751,-0.21615488827228546,-0.001390295336022973,0.062457501888275146,-0.4205593168735504,1500.0,1096.984130859375,-1104.302734375,984.262939453125,-459.06927490234375,-285.27020263671875,1500.0,1096.984130859375,-1104.302734375,984.262939453125,-459.06927490234375,-285.27020263671875,1500.0,1096.984130859375,-1104.302734375,984.262939453125,-459.06927490234375,-285.27020263671875
8.666667118668556,0.23837952315807343,-2.865790843963623,0.014234161004424095,-2.000267505645752,0.8880987167358398,-0.8246919512748718,1.034574270248413,0.06019324064254761,-0.21237371861934662,-0.0010863197967410088,0.061394475400447845,-0.41365882754325867,-0.9530792236328125,117.08502197265625,52.84503173828125,53.73028564453125,-6.380975723266602,1.67608642578125,-0.9530792236328125,117.08502197265625,52.84503173828125,53.73028564453125,-6.380975723266602,1.67608642578125,-0.9530792236328125,117.08502197265625,52.84503173828125,53.73028564453125,-6.380975723266602,1.67608642578125
8.683333786204457,0.2564786970615387,-2.8648412227630615,0.010088592767715454,-2.0000016689300537,0.8889385461807251,-0.8315833210945129,1.0865988731384277,0.08455300331115723,-0.23779445886611938,0.022418225184082985,0.04946330562233925,-0.4134349226951599,1500.0,1130.0423583984375,-1129.3216552734375,1004.1500854492188,-450.01971435546875,-265.0129699707031,1500.0,1130.0423583984375,-1129.3216552734375,1004.1500854492188,-450.01971435546875,-265.0129699707031,1500.0,1130.0423583984375,-1129.3216552734375,1004.1500854492188,-450.01971435546875,-265.0129699707031
8.700000453740358,0.2742977440357208,-2.863873243331909,0.006017971783876419,-1.9998177289962769,0.8897767066955566,-0.8383636474609375,1.0687730312347412,0.08373649418354034,-0.23365584015846252,0.02233405038714409,0.048612553626298904,-0.40665122866630554,-0.895263671875,117.66705322265625,53.3306884765625,53.3348388671875,-6.3660736083984375,1.6856231689453125,-0.895263671875,117.66705322265625,53.3306884765625,53.3348388671875,-6.3660736083984375,1.6856231689453125,-0.895263671875,117.66705322265625,53.3306884765625,53.3348388671875,-6.3660736083984375,1.6856231689453125
8.71666712127626,0.2933298349380493,-2.862393856048584,0.0013439361937344074,-1.9990003108978271,0.890349268913269,-0.8451622724533081,1.142879843711853,0.11722532659769058,-0.2693437933921814,0.05391035974025726,0.03368774428963661,-0.4078900218009949,1500.0,1500.0,-1500.0,1350.54931640625,-580.6642456054688,-319.763427734375,1500.0,1500.0,-1500.0,1350.54931640625,-580.6642456054688,-319.763427734375,1500.0,1500.0,-1500.0,1350.54931640625,-580.6642456054688,-319.763427734375
8.73333378881216,0.3120727241039276,-2.860888957977295,-0.0032425192184746265,-1.9982974529266357,0.8909288644790649,-0.8518520593643188,1.124130368232727,0.11594033241271973,-0.2646605670452118,0.05333774536848068,0.03309250250458717,-0.4011964499950409,-0.9655914306640625,120.81414794921875,55.1470947265625,54.80023193359375,-6.574392318725586,1.733306884765625,-0.9655914306640625,120.81414794921875,55.1470947265625,54.80023193359375,-6.574392318725586,1.733306884765625,-0.9655914306640625,120.81414794921875,55.1470947265625,54.80023193359375,-6.574392318725586,1.733306884765625
8.750000456348062,0.3316309452056885,-2.8590002059936523,-0.008268631063401699,-1.9971221685409546,0.8913161754608154,-0.8585177063941956,1.1740686893463135,0.14116568863391876,-0.2905716001987457,0.07694142311811447,0.02232643961906433,-0.3998708128929138,1500.0,1203.977783203125,-1182.461181640625,1044.7760009765625,-421.6015625,-211.8885498046875,1500.0,1203.977783203125,-1182.461181640625,1044.7760009765625,-421.6015625,-211.8885498046875,1500.0,1203.977783203125,-1182.461181640625,1044.7760009765625,-421.6015625,-211.8885498046875
8.766667123883963,0.35088494420051575,-2.8571043014526367,-0.013203090988099575,-1.9960402250289917,0.8917093276977539,-0.865075945854187,1.1548079252243042,0.13944591581821442,-0.2855594754219055,0.07596968859434128,0.021919632330536842,-0.3933088183403015,-0.9298324584960938,119.4134521484375,55.02459716796875,53.61749267578125,-6.451457977294922,1.71185302734375,-0.9298324584960938,119.4134521484375,55.02459716796875,53.61749267578125,-6.451457977294922,1.71185302734375,-0.9298324584960938,119.4134521484375,55.02459716796875,53.61749267578125,-6.451457977294922,1.71185302734375
8.783333791419864,0.3709397614002228,-2.8548200130462646,-0.018581612035632133,-1.99448823928833,0.8919196724891663,-0.8716019988059998,1.2038724422454834,0.16500531136989594,-0.31165385246276855,0.09955155104398727,0.011714274995028973,-0.39149224758148193,1500.0,1234.0390625,-1202.92041015625,1058.8973388671875,-406.2615661621094,-186.65431213378906,1500.0,1234.0390625,-1202.92041015625,1058.8973388671875,-406.2615661621094,-186.65431213378906,1500.0,1234.0390625,-1202.92041015625,1058.8973388671875,-406.2615661621094,-186.65431213378906
8.800000458955765,0.3906821012496948,-2.8525335788726807,-0.02386164292693138,-1.9930349588394165,0.8921387791633606,-0.8780227303504944,1.1841238737106323,0.1629059761762619,-0.30629146099090576,0.0982125997543335,0.011480847373604774,-0.3850674331188202,-0.871429443359375,120.29168701171875,55.995361328125,53.54339599609375,-6.461069107055664,1.7249526977539062,-0.871429443359375,120.29168701171875,55.995361328125,53.54339599609375,-6.461069107055664,1.7249526977539062,-0.871429443359375,120.29168701171875,55.995361328125,53.54339599609375,-6.461069107055664,1.7249526977539062
8.816667126491666,0.4115792214870453,-2.84971022605896,-0.029769400134682655,-1.9909486770629883,0.8921304941177368,-0.8844218850135803,1.254695177078247,0.19829727709293365,-0.3431212902069092,0.13010530173778534,-0.0011619410943239927,-0.38390088081359863,1500.0,1500.0,-1500.0,1414.661376953125,-512.7864990234375,-207.48497009277344,1500.0,1500.0,-1500.0,1414.661376953125,-512.7864990234375,-207.48497009277344,1500.0,1500.0,-1500.0,1414.661376953125,-512.7864990234375,-207.48497009277344
8.833333794027567,0.432155966758728,-2.8468761444091797,-0.03556463122367859,-1.9889918565750122,0.8921382427215576,-0.8907187581062317,1.2341104745864868,0.19573259353637695,-0.3372058570384979,0.12829922139644623,-0.0011887429282069206,-0.37759849429130554,-1.0156707763671875,124.12664794921875,58.57745361328125,55.50201416015625,-6.7435808181762695,1.819122314453125,-1.0156707763671875,124.12664794921875,58.57745361328125,55.50201416015625,-6.7435808181762695,1.819122314453125,-1.0156707763671875,124.12664794921875,58.57745361328125,55.50201416015625,-6.7435808181762695,1.819122314453125
8.850000461563468,0.45349404215812683,-2.8436460494995117,-0.04181080311536789,-1.9865715503692627,0.8919875025749207,-0.8969610333442688,1.2807756662368774,0.22194713354110718,-0.36354970932006836,0.1516699641942978,-0.009965290315449238,-0.3744453489780426,1500.0,1300.0947265625,-1245.0283203125,1085.987060546875,-363.7121887207031,-121.79135131835938,1500.0,1300.0947265625,-1245.0283203125,1085.987060546875,-363.7121887207031,-121.79135131835938,1500.0,1300.0947265625,-1245.0283203125,1085.987060546875,-363.7121887207031,-121.79135131835938
8.866667129099369,0.47449806332588196,-2.840424060821533,-0.0479418970644474,-1.9842610359191895,0.8918507695198059,-0.9031026363372803,1.2597638368606567,0.21893882751464844,-0.35732486844062805,0.1494842916727066,-0.00984481442719698,-0.3682994246482849,-0.9572505950927734,122.30938720703125,58.57269287109375,54.34515380859375,-6.620697975158691,1.773834228515625,-0.9572505950927734,122.30938720703125,58.57269287109375,54.34515380859375,-6.620697975158691,1.773834228515625,-0.9572505950927734,122.30938720703125,58.57269287109375,54.34515380859375,-6.620697975158691,1.773834228515625
8.88333379663527,0.49624717235565186,-2.836803913116455,-0.05452672764658928,-1.9814907312393188,0.8915667533874512,-0.9091799855232239,1.305442214012146,0.24540047347545624,-0.3837512135505676,0.172712504863739,-0.01795949600636959,-0.3645534813404083,1500.0,1326.519287109375,-1260.4388427734375,1094.39013671875,-342.5834045410156,-91.4859619140625,1500.0,1326.519287109375,-1260.4388427734375,1094.39013671875,-342.5834045410156,-91.4859619140625,1500.0,1326.519287109375,-1260.4388427734375,1094.39013671875,-342.5834045410156,-91.4859619140625
8.900000464171171,0.5176551342010498,-2.833198070526123,-0.060989804565906525,-1.9788342714309692,0.8912991881370544,-0.9151592254638672,1.2840263843536377,0.24201847612857819,-0.3771883547306061,0.17018535733222961,-0.017708206549286842,-0.3585703372955322,-0.9048004150390625,123.24749755859375,60.0081787109375,54.449462890625,-6.635486602783203,1.7702560424804688,-0.9048004150390625,123.24749755859375,60.0081787109375,54.449462890625,-6.635486602783203,1.7702560424804688,-0.9048004150390625,123.24749755859375,60.0081787109375,54.449462890625,-6.635486602783203,1.7702560424804688
8.916667131707072,0.5401499271392822,-2.8290352821350098,-0.0680970773100853,-1.9755562543869019,0.8908511400222778,-0.9210690259933472,1.3504468202590942,0.2789112627506256,-0.414681077003479,0.2018091082572937,-0.027564818039536476,-0.35452648997306824,1500.0,1500.0,-1500.0,1452.8846435546875,-419.15313720703125,-72.77725219726562,1500.0,1500.0,-1500.0,1452.8846435546875,-419.15313720703125,-72.77725219726562,1500.0,1500.0,-1500.0,1452.8846435546875,-419.15313720703125,-72.77725219726562
8.933333799242973,0.5622974038124084,-2.8248789310455322,-0.07506728917360306,-1.972420573234558,0.8904258012771606,-0.9268841743469238,1.328291416168213,0.2750718593597412,-0.4075642228126526,0.19884473085403442,-0.027161262929439545,-0.34870612621307373,-1.039520263671875,127.49310302734375,63.30010986328125,56.81396484375,-6.966739654541016,1.8608551025390625,-1.039520263671875,127.49310302734375,63.30010986328125,56.81396484375,-6.966739654541016,1.8608551025390625,-1.039520263671875,127.49310302734375,63.30010986328125,56.81396484375,-6.966739654541016,1.8608551025390625
8.950000466778874,0.5851461887359619,-2.8203177452087402,-0.0824938490986824,-1.9688371419906616,0.8898808360099792,-0.9326093792915344,1.3713154792785645,0.3019748628139496,-0.4339810609817505,0.22157520055770874,-0.033626388758420944,-0.3433997929096222,1500.0,1383.6336669921875,-1290.384765625,1108.094970703125,-287.225830078125,-14.926177978515625,1500.0,1383.6336669921875,-1290.384765625,1108.094970703125,-287.225830078125,-14.926177978515625,1500.0,1383.6336669921875,-1290.384765625,1108.094970703125,-287.225830078125,-14.926177978515625
8.966667134314775,0.6076356172561646,-2.815782070159912,-0.08978236466646194,-1.9653775691986084,0.889356255531311,-0.9382421374320984,1.3488188982009888,0.2976888418197632,-0.42657873034477234,0.21825547516345978,-0.033119719475507736,-0.3377624452114105,-0.9798965454101562,125.0660400390625,63.35107421875,55.53900146484375,-6.822198867797852,1.82867431640625,-0.9798965454101562,125.0660400390625,63.35107421875,55.53900146484375,-6.822198867797852,1.82867431640625,-0.9798965454101562,125.0660400390625,63.35107421875,55.53900146484375,-6.822198867797852,1.82867431640625
8.983333801850677,0.6308085918426514,-2.8108415603637695,-0.09752830862998962,-1.9614768028259277,0.888724684715271,-0.9437733888626099,1.39076828956604,0.3247498571872711,-0.4529699981212616,0.24073158204555511,-0.038840580731630325,-0.33176982402801514,1500.0,1405.888671875,-1300.369140625,1110.846923828125,-260.9564208984375,20.2989501953125,1500.0,1405.888671875,-1300.369140625,1110.846923828125,-260.9564208984375,20.2989501953125,1500.0,1405.888671875,-1300.369140625,1110.846923828125,-260.9564208984375,20.2989501953125
9.000000469386578,0.6536164879798889,-2.805931806564331,-0.10512984544038773,-1.9577027559280396,0.8881146907806396,-0.949215292930603,1.3679509162902832,0.32010093331336975,-0.4452481269836426,0.23710288107395172,-0.03824900463223457,-0.3263232111930847,-0.9918212890625,125.8277587890625,65.1192626953125,55.77203369140625,-6.859153747558594,1.8441696166992188,-0.9918212890625,125.8277587890625,65.1192626953125,55.77203369140625,-6.859153747558594,1.8441696166992188,-0.9918212890625,125.8277587890625,65.1192626953125,55.77203369140625,-6.859153747558594,1.8441696166992188
9.016667136922479,0.6774345636367798,-2.8004515171051025,-0.11338364332914352,-1.9533283710479736,0.8873786330223083,-0.9545326232910156,1.4297131299972534,0.35807907581329346,-0.4828895032405853,0.26791679859161377,-0.04489794000983238,-0.31895923614501953,1500.0,1500.0,-1500.0,1465.9423828125,-302.63232421875,83.7957763671875,1500.0,1500.0,-1500.0,1465.9423828125,-302.63232421875,83.7957763671875,1500.0,1500.0,-1500.0,1465.9423828125,-302.63232421875,83.7957763671875
9.03333380445838,0.7008824944496155,-2.7949931621551514,-0.12147649377584457,-1.9491068124771118,0.8866692781448364,-0.9597648978233337,1.4062570333480835,0.35298579931259155,-0.4746192693710327,0.2638877332210541,-0.044213369488716125,-0.31371986865997314,-1.118194580078125,130.16229248046875,69.03204345703125,58.41021728515625,-7.232576370239258,1.9300079345703125,-1.118194580078125,130.16229248046875,69.03204345703125,58.41021728515625,-7.232576370239258,1.9300079345703125,-1.118194580078125,130.16229248046875,69.03204345703125,58.41021728515625,-7.232576370239258,1.9300079345703125
9.05000047199428,0.7249672412872314,-2.7891268730163574,-0.13002483546733856,-1.9444606304168701,0.885883629322052,-0.9648665189743042,1.4453575611114502,0.3802667260169983,-0.5007299780845642,0.28561076521873474,-0.04811272770166397,-0.3059658706188202,1500.0,1452.7510986328125,-1317.3746337890625,1111.6885986328125,-194.45970153808594,108.00479125976562,1500.0,1452.7510986328125,-1317.3746337890625,1111.6885986328125,-194.45970153808594,108.00479125976562,1500.0,1452.7510986328125,-1317.3746337890625,1111.6885986328125,-194.45970153808594,108.00479125976562
9.066667139530182,0.7486710548400879,-2.7833049297332764,-0.13841313123703003,-1.9399491548538208,0.8851218223571777,-0.9698858857154846,1.4216442108154297,0.3747279942035675,-0.49220505356788635,0.2812553346157074,-0.04737110063433647,-0.30094096064567566,-1.10626220703125,126.862548828125,68.9873046875,56.9200439453125,-7.059425354003906,1.90972900390625,-1.10626220703125,126.862548828125,68.9873046875,56.9200439453125,-7.059425354003906,1.90972900390625,-1.10626220703125,126.862548828125,68.9873046875,56.9200439453125,-7.059425354003906,1.90972900390625
9.083333807066083,0.7729930877685547,-2.777074098587036,-0.14725612103939056,-1.935021162033081,0.884297251701355,-0.974761426448822,1.459602952003479,0.4020807147026062,-0.518177330493927,0.3026256561279297,-0.05046490952372551,-0.29241544008255005,1500.0,1470.43701171875,-1321.63525390625,1109.042236328125,-163.83245849609375,147.90536499023438,1500.0,1470.43701171875,-1321.63525390625,1109.042236328125,-163.83245849609375,147.90536499023438,1500.0,1470.43701171875,-1321.63525390625,1109.042236328125,-163.83245849609375,147.90536499023438
9.100000474601984,0.7969301342964172,-2.7708919048309326,-0.15593309700489044,-1.9302308559417725,0.883496880531311,-0.9795584082603455,1.4356580972671509,0.3961920440196991,-0.5093557834625244,0.29799607396125793,-0.04968542978167534,-0.28761306405067444,-1.0228118896484375,127.094970703125,70.97540283203125,57.10955810546875,-7.097273826599121,1.906158447265625,-1.0228118896484375,127.094970703125,70.97540283203125,57.10955810546875,-7.097273826599121,1.906158447265625,-1.0228118896484375,127.094970703125,70.97540283203125,57.10955810546875,-7.097273826599121,1.906158447265625
9.116667142137885,0.8217945694923401,-2.7641310691833496,-0.1652613878250122,-1.924870252609253,0.8826301097869873,-0.9841690063476562,1.4923598766326904,0.43483126163482666,-0.5466071963310242,0.3275173008441925,-0.05280075594782829,-0.2765299379825592,1500.0,1500.0,-1500.0,1455.1353759765625,-166.76425170898438,260.894287109375,1500.0,1500.0,-1500.0,1455.1353759765625,-166.76425170898438,260.894287109375,1500.0,1500.0,-1500.0,1455.1353759765625,-166.76425170898438,260.894287109375
9.133333809673786,0.8462700843811035,-2.7574081420898438,-0.17440609633922577,-1.919670820236206,0.8817915916442871,-0.9887059926986694,1.4678748846054077,0.42851513624191284,-0.5372503399848938,0.32252946496009827,-0.05198930948972702,-0.27198633551597595,-1.204010009765625,131.1517333984375,75.36471557617188,59.8621826171875,-7.480382919311523,1.9931793212890625,-1.204010009765625,131.1517333984375,75.36471557617188,59.8621826171875,-7.480382919311523,1.9931793212890625,-1.204010009765625,131.1517333984375,75.36471557617188,59.8621826171875,-7.480382919311523,1.9931793212890625
9.150000477209687,0.8713149428367615,-2.7502779960632324,-0.18399886786937714,-1.914075255393982,0.880923330783844,-0.9930671453475952,1.5028454065322876,0.4558655023574829,-0.5626636147499084,0.34292706847190857,-0.05314513295888901,-0.26152554154396057,1500.0,1500.0,-1325.2388916015625,1097.8067626953125,-88.24259185791016,245.92999267578125,1500.0,1500.0,-1325.2388916015625,1097.8067626953125,-88.24259185791016,245.92999267578125,1500.0,1500.0,-1325.2388916015625,1097.8067626953125,-88.24259185791016,245.92999267578125
9.166667144745588,0.8959622383117676,-2.7432093620300293,-0.19341084361076355,-1.9086241722106934,0.880079448223114,-0.9973580241203308,1.4781889915466309,0.4491105079650879,-0.5530889630317688,0.3376465439796448,-0.052323684096336365,-0.25722917914390564,-1.1515655517578125,126.71942138671875,75.0029296875,58.0799560546875,-7.279216766357422,1.944305419921875,-1.1515655517578125,126.71942138671875,75.0029296875,58.0799560546875,-7.279216766357422,1.944305419921875,-1.1515655517578125,126.71942138671875,75.0029296875,58.0799560546875,-7.279216766357422,1.944305419921875
9.18333381228149,0.9211593270301819,-2.7357330322265625,-0.20326822996139526,-1.902786374092102,0.8792197704315186,-1.0014594793319702,1.5119738578796387,0.47644317150115967,-0.5782483816146851,0.3576100766658783,-0.05263606086373329,-0.24592851102352142,1500.0,1500.0,-1323.6904296875,1090.151123046875,-54.166316986083984,289.9348449707031,1500.0,1500.0,-1323.6904296875,1090.151123046875,-54.166316986083984,289.9348449707031,1500.0,1500.0,-1323.6904296875,1090.151123046875,-54.166316986083984,289.9348449707031
9.20000047981739,0.9459560513496399,-2.7283239364624023,-0.21293942630290985,-1.8970952033996582,0.8783845901489258,-1.0054943561553955,1.4871675968170166,0.46935439109802246,-0.5684058666229248,0.3520931899547577,-0.051823392510414124,-0.24188698828220367,-1.1110305786132812,126.10198974609375,76.9818115234375,58.0977783203125,-7.284134864807129,1.9663543701171875,-1.1110305786132812,126.10198974609375,76.9818115234375,58.0977783203125,-7.284134864807129,1.9663543701171875,-1.1110305786132812,126.10198974609375,76.9818115234375,58.0977783203125,-7.284134864807129,1.9663543701171875
9.216667147353292,0.971592128276825,-2.7203333377838135,-0.22325140237808228,-1.8908711671829224,0.8775463104248047,-1.0092756748199463,1.538510799407959,0.5082255601882935,-0.6047135591506958,0.37990647554397583,-0.051185768097639084,-0.22674809396266937,1500.0,1500.0,-1500.0,1422.288330078125,-15.700309753417969,456.3581848144531,1500.0,1500.0,-1500.0,1422.288330078125,-15.700309753417969,456.3581848144531,1500.0,1500.0,-1500.0,1422.288330078125,-15.700309753417969,456.3581848144531
9.233333814889193,0.9968257546424866,-2.7123982906341553,-0.23335888981819153,-1.8848131895065308,0.876734733581543,-1.012996792793274,1.5132664442062378,0.5007268786430359,-0.5943573713302612,0.37407785654067993,-0.05040416121482849,-0.22301965951919556,-1.28985595703125,129.41119384765625,81.61068725585938,60.7955322265625,-7.674098968505859,2.0551605224609375,-1.28985595703125,129.41119384765625,81.61068725585938,60.7955322265625,-7.674098968505859,2.0551605224609375,-1.28985595703125,129.41119384765625,81.61068725585938,60.7955322265625,-7.674098968505859,2.0551605224609375
9.250000482425094,1.0225584506988525,-2.7040605545043945,-0.24390020966529846,-1.8783918619155884,0.8759414553642273,-1.0164934396743774,1.5439753532409668,0.527839183807373,-0.6186774969100952,0.39288729429244995,-0.048719074577093124,-0.20964957773685455,1500.0,1500.0,-1313.7989501953125,1067.781494140625,28.255584716796875,396.90313720703125,1500.0,1500.0,-1313.7989501953125,1067.781494140625,28.255584716796875,396.90313720703125,1500.0,1500.0,-1313.7989501953125,1067.781494140625,28.255584716796875,396.90313720703125
9.266667149960995,1.0478814840316772,-2.6958017349243164,-0.25424182415008545,-1.8721222877502441,0.8751706480979919,-1.019934058189392,1.5186430215835571,0.5199148654937744,-0.6081454157829285,0.38679951429367065,-0.04797256365418434,-0.20620286464691162,-1.2302398681640625,123.74163818359375,80.65878295898438,58.55078125,-7.416754722595215,1.96575927734375,-1.2302398681640625,123.74163818359375,80.65878295898438,58.55078125,-7.416754722595215,1.96575927734375,-1.2302398681640625,123.74163818359375,80.65878295898438,58.55078125,-7.416754722595215,1.96575927734375
9.283333817496896,1.073683500289917,-2.6871423721313477,-0.2650126814842224,-1.8655006885528564,0.8744325637817383,-1.023136019706726,1.5481417179107666,0.5469214916229248,-0.6320969462394714,0.4051104187965393,-0.04543145373463631,-0.1919415295124054,1500.0,1500.0,-1306.5654296875,1055.604248046875,64.72274780273438,444.3597717285156,1500.0,1500.0,-1306.5654296875,1055.604248046875,64.72274780273438,444.3597717285156,1500.0,1500.0,-1306.5654296875,1055.604248046875,64.72274780273438,444.3597717285156
9.300000485032797,1.0990750789642334,-2.6785666942596436,-0.2755790054798126,-1.8590316772460938,0.8737160563468933,-1.026286244392395,1.5227410793304443,0.5386838316917419,-0.6213313937187195,0.3988262414932251,-0.04473961517214775,-0.18878485262393951,-1.2063980102539062,122.10845947265625,82.33013916015625,58.3040771484375,-7.398277282714844,1.984832763671875,-1.2063980102539062,122.10845947265625,82.33013916015625,58.3040771484375,-7.398277282714844,1.984832763671875,-1.2063980102539062,122.10845947265625,82.33013916015625,58.3040771484375,-7.398277282714844,1.984832763671875
9.316667152568698,1.1252139806747437,-2.6694135665893555,-0.2867661118507385,-1.8520735502243042,0.873062014579773,-1.0291107892990112,1.568516731262207,0.5773590803146362,-0.6561377048492432,0.4245893955230713,-0.040241699665784836,-0.16932819783687592,1500.0,1500.0,-1500.0,1369.5908203125,145.99159240722656,667.3347778320312,1500.0,1500.0,-1500.0,1369.5908203125,145.99159240722656,667.3347778320312,1500.0,1500.0,-1500.0,1369.5908203125,145.99159240722656,667.3347778320312
9.333333820104599,1.150940179824829,-2.660332441329956,-0.2977299392223358,-1.8452847003936768,0.872430682182312,-1.0318907499313354,1.5427782535552979,0.5687282085418701,-0.6448897123336792,0.41804125905036926,-0.03964219242334366,-0.16654057800769806,-1.41143798828125,124.2232666015625,86.82369995117188,60.739501953125,-7.763355255126953,2.0503997802734375,-1.41143798828125,124.2232666015625,86.82369995117188,60.739501953125,-7.763355255126953,2.0503997802734375,-1.41143798828125,124.2232666015625,86.82369995117188,60.739501953125,-7.763355255126953,2.0503997802734375
9.3500004876405,1.1770950555801392,-2.6508572101593018,-0.30910640954971313,-1.8381696939468384,0.8718658089637756,-1.0343958139419556,1.5691593885421753,0.5952984094619751,-0.6677266955375671,0.43505939841270447,-0.03510569408535957,-0.1501208245754242,1500.0,1500.0,-1283.5335693359375,1023.3843383789062,151.43572998046875,558.5628662109375,1500.0,1500.0,-1283.5335693359375,1023.3843383789062,151.43572998046875,558.5628662109375,1500.0,1500.0,-1283.5335693359375,1023.3843383789062,151.43572998046875,558.5628662109375
9.366667155176401,1.2028316259384155,-2.6414787769317627,-0.3202665150165558,-1.8312108516693115,0.8713191151618958,-1.0368603467941284,1.543412208557129,0.5862618684768677,-0.6563504338264465,0.42829060554504395,-0.03458429127931595,-0.1476500779390335,-1.3637542724609375,117.321044921875,85.00454711914062,58.0584716796875,-7.429271697998047,1.9752960205078125,-1.3637542724609375,117.321044921875,85.00454711914062,58.0584716796875,-7.429271697998047,1.9752960205078125,-1.3637542724609375,117.321044921875,85.00454711914062,58.0584716796875,-7.429271697998047,1.9752960205078125
9.383333822712302,1.2289762496948242,-2.631708860397339,-0.3318325877189636,-1.8239375352859497,0.8708533048629761,-1.0390350818634033,1.56857430934906,0.6126410365104675,-0.6787065267562866,0.444762647151947,-0.029204459860920906,-0.13030602037906647,1500.0,1500.0,-1270.8282470703125,1007.2279052734375,189.19036865234375,608.73388671875,1500.0,1500.0,-1270.8282470703125,1007.2279052734375,189.19036865234375,608.73388671875,1500.0,1500.0,-1270.8282470703125,1007.2279052734375,189.19036865234375,608.73388671875
9.400000490248203,1.254703402519226,-2.6220414638519287,-0.3431780934333801,-1.8168203830718994,0.8704038858413696,-1.0411748886108398,1.5428375005722046,0.6033132672309875,-0.667137622833252,0.43783706426620483,-0.02878088876605034,-0.1281593292951584,-1.2922286987304688,114.471923828125,86.058349609375,57.41357421875,-7.370487213134766,1.9609909057617188,-1.2922286987304688,114.471923828125,86.058349609375,57.41357421875,-7.370487213134766,1.9609909057617188,-1.2922286987304688,114.471923828125,86.058349609375,57.41357421875,-7.370487213134766,1.9609909057617188
9.416667157784104,1.2810851335525513,-2.611804962158203,-0.3551146984100342,-1.8092620372772217,0.8700817823410034,-1.0429145097732544,1.5829212665557861,0.6413657665252686,-0.6998937726020813,0.46128615736961365,-0.020433809608221054,-0.1042158454656601,1500.0,1500.0,-1500.0,1299.6912841796875,313.32940673828125,890.1691284179688,1500.0,1500.0,-1500.0,1299.6912841796875,313.32940673828125,890.1691284179688,1500.0,1500.0,-1500.0,1299.6912841796875,313.32940673828125,890.1691284179688
9.433333825320005,1.3070487976074219,-2.601659059524536,-0.36681196093559265,-1.801874041557312,0.8697761297225952,-1.0446268320083618,1.55694580078125,0.6316623091697693,-0.687884509563446,0.45414358377456665,-0.020161164924502373,-0.10249509662389755,-1.516357421875,115.2252197265625,89.99349975585938,59.3936767578125,-7.669628143310547,2.0146331787109375,-1.516357421875,115.2252197265625,89.99349975585938,59.3936767578125,-7.669628143310547,2.0146331787109375,-1.516357421875,115.2252197265625,89.99349975585938,59.3936767578125,-7.669628143310547,2.0146331787109375
9.450000492855906,1.3333698511123657,-2.5911307334899902,-0.37889406085014343,-1.7941993474960327,0.8695840239524841,-1.0460127592086792,1.5789856910705566,0.6573932766914368,-0.7088627815246582,0.46922633051872253,-0.012847543694078922,-0.08295601606369019,1500.0,1500.0,-1235.282470703125,966.5668334960938,277.57421875,728.0784912109375,1500.0,1500.0,-1235.282470703125,966.5668334960938,277.57421875,728.0784912109375,1500.0,1500.0,-1235.282470703125,966.5668334960938,277.57421875,728.0784912109375
9.466667160391808,1.3592685461044312,-2.5807173252105713,-0.39074546098709106,-1.7866830825805664,0.8694033622741699,-1.0473766326904297,1.553074598312378,0.6473128795623779,-0.6967747211456299,0.4619028568267822,-0.012693158350884914,-0.08158477395772934,-1.4400634765625,107.34796142578125,87.13247680664062,56.2691650390625,-7.286407470703125,1.9523468017578125,-1.4400634765625,107.34796142578125,87.13247680664062,56.2691650390625,-7.286407470703125,1.9523468017578125,-1.4400634765625,107.34796142578125,87.13247680664062,56.2691650390625,-7.286407470703125,1.9523468017578125
9.483333827927709,1.3855050802230835,-2.5699267387390137,-0.4029729664325714,-1.778891921043396,0.8693498373031616,-1.048398494720459,1.5739049911499023,0.6727683544158936,-0.7171667218208313,0.4764104187488556,-0.0045746974647045135,-0.06111003831028938,1500.0,1500.0,-1217.498779296875,947.103515625,315.44598388671875,780.0009765625,1500.0,1500.0,-1217.498779296875,947.103515625,315.44598388671875,780.0009765625,1500.0,1500.0,-1217.498779296875,947.103515625,315.44598388671875,780.0009765625
9.50000049546361,1.4113205671310425,-2.559255599975586,-0.414966881275177,-1.7712591886520386,0.8693051934242249,-1.049404263496399,1.548078179359436,0.6624228358268738,-0.7049317359924316,0.46896934509277344,-0.004556245170533657,-0.060097649693489075,-1.392364501953125,103.4498291015625,87.281494140625,55.154541015625,-7.151477813720703,1.8860397338867188,-1.392364501953125,103.4498291015625,87.281494140625,55.154541015625,-7.151477813720703,1.8860397338867188,-1.392364501953125,103.4498291015625,87.281494140625,55.154541015625,-7.151477813720703,1.8860397338867188
9.51666716299951,1.4376964569091797,-2.548029661178589,-0.42751210927963257,-1.7632359266281128,0.8694511651992798,-1.049933910369873,1.5824148654937744,0.6994324326515198,-0.7351144552230835,0.4899216592311859,0.007511941250413656,-0.03159741312265396,1500.0,1500.0,-1500.0,1215.584228515625,481.1651611328125,1120.76220703125,1500.0,1500.0,-1500.0,1215.584228515625,481.1651611328125,1120.76220703125,1500.0,1500.0,-1500.0,1215.584228515625,481.1651611328125,1120.76220703125
9.533333830535412,1.4636532068252563,-2.536912202835083,-0.43980512022972107,-1.7553811073303223,0.8696049451828003,-1.050455927848816,1.5564450025558472,0.6887282133102417,-0.7224932312965393,0.48230940103530884,0.007325150538235903,-0.03106720931828022,-1.578338623046875,102.7274169921875,90.24859619140625,56.56121826171875,-7.401165008544922,1.9387130737304688,-1.578338623046875,102.7274169921875,90.24859619140625,56.56121826171875,-7.401165008544922,1.9387130737304688,-1.578338623046875,102.7274169921875,90.24859619140625,56.56121826171875,-7.401165008544922,1.9387130737304688
9.550000498071313,1.489896535873413,-2.5254292488098145,-0.45244836807250977,-1.747280478477478,0.869916558265686,-1.0505996942520142,1.5741817951202393,0.7133277058601379,-0.7412644028663635,0.4953727126121521,0.01725495420396328,-0.008412533439695835,1500.0,1500.0,-1170.3133544921875,899.597412109375,402.71038818359375,902.2579345703125,1500.0,1500.0,-1170.3133544921875,899.597412109375,402.71038818359375,902.2579345703125,1500.0,1500.0,-1170.3133544921875,899.597412109375,402.71038818359375,902.2579345703125
9.566667165607214,1.5157188177108765,-2.5140788555145264,-0.4648497700691223,-1.7393382787704468,0.8702303171157837,-1.050741195678711,1.5483485460281372,0.7022851705551147,-0.7286157608032227,0.487620085477829,0.016914792358875275,-0.008264094591140747,-1.502044677734375,94.36614990234375,86.263427734375,53.039794921875,-6.946325302124023,1.821533203125,-1.502044677734375,94.36614990234375,86.263427734375,53.039794921875,-6.946325302124023,1.821533203125,-1.502044677734375,94.36614990234375,86.263427734375,53.039794921875,-6.946325302124023,1.821533203125
9.583333833143115,1.5418072938919067,-2.5023679733276367,-0.477590948343277,-1.7311629056930542,0.8707147240638733,-1.0504893064498901,1.564892292022705,0.7265264987945557,-0.7467039227485657,0.5000964403152466,0.027587775141000748,0.0153114078566432,1500.0,1500.0,-1147.848388671875,877.543701171875,439.54693603515625,954.848388671875,1500.0,1500.0,-1147.848388671875,877.543701171875,439.54693603515625,954.848388671875,1500.0,1500.0,-1147.848388671875,877.543701171875,439.54693603515625,954.848388671875
9.600000500679016,1.5674768686294556,-2.4907937049865723,-0.49008825421333313,-1.723144769668579,0.871198296546936,-1.0502421855926514,1.5392109155654907,0.7152482271194458,-0.7339584231376648,0.49226436018943787,0.027078425511717796,0.015070204623043537,-1.4925003051757812,89.68829345703125,85.32525634765625,51.47454833984375,-6.748661041259766,1.7527084350585938,-1.4925003051757812,89.68829345703125,85.32525634765625,51.47454833984375,-6.748661041259766,1.7527084350585938,-1.4925003051757812,89.68829345703125,85.32525634765625,51.47454833984375,-6.748661041259766,1.7527084350585938
9.616667168214917,1.5936120748519897,-2.4786856174468994,-0.503088116645813,-1.7147890329360962,0.8719317317008972,-1.0494440793991089,1.5678013563156128,0.7507971525192261,-0.7610856890678406,0.5106143951416016,0.04262333735823631,0.04808913543820381,1500.0,1500.0,-1500.0,1120.46484375,644.2206420898438,1354.4874267578125,1500.0,1500.0,-1500.0,1120.46484375,644.2206420898438,1354.4874267578125,1500.0,1500.0,-1500.0,1120.46484375,644.2206420898438,1354.4874267578125
9.633333835750818,1.6193305253982544,-2.4667046070098877,-0.5158264636993408,-1.7065980434417725,0.8726621270179749,-1.0486595630645752,1.542069435119629,0.7391815185546875,-0.7480185627937317,0.5026542544364929,0.041861020028591156,0.04731317237019539,-1.64508056640625,87.8143310546875,87.05380249023438,52.23394775390625,-6.913244247436523,1.8058700561523438,-1.64508056640625,87.8143310546875,87.05380249023438,52.23394775390625,-6.913244247436523,1.8058700561523438,-1.64508056640625,87.8143310546875,87.05380249023438,52.23394775390625,-6.913244247436523,1.8058700561523438
9.65000050328672,1.6452659368515015,-2.4543778896331787,-0.528874397277832,-1.69820237159729,0.8735912442207336,-1.0474464893341064,1.5555728673934937,0.7623664140701294,-0.7642731666564941,0.5136727690696716,0.054166629910469055,0.07299574464559555,1500.0,1499.991455078125,-1090.0020751953125,825.0033569335938,522.946533203125,1077.4715576171875,1500.0,1499.991455078125,-1090.0020751953125,825.0033569335938,522.946533203125,1077.4715576171875,1500.0,1499.991455078125,-1090.0020751953125,825.0033569335938,522.946533203125,1077.4715576171875
9.66666717082262,1.6707841157913208,-2.4422008991241455,-0.5416727066040039,-1.6899632215499878,0.8745113611221313,-1.0462536811828613,1.5300427675247192,0.7504578828811646,-0.7512288093566895,0.5056118965148926,0.05322090908885002,0.07180885225534439,-1.52587890625,79.52685546875,82.09942626953125,48.4359130859375,-6.442516326904297,1.6456832885742188,-1.52587890625,79.52685546875,82.09942626953125,48.4359130859375,-6.442516326904297,1.6456832885742188,-1.52587890625,79.52685546875,82.09942626953125,48.4359130859375,-6.442516326904297,1.6456832885742188
9.683333838358521,1.6964998245239258,-2.4296844005584717,-0.5547682642936707,-1.681531548500061,0.8756413459777832,-1.044617772102356,1.5423792600631714,0.7732053399085999,-0.7667174339294434,0.5160475373268127,0.0661841481924057,0.09837523847818375,1500.0,1485.0902099609375,-1063.25390625,801.1937255859375,557.53125,1129.6807861328125,1500.0,1485.0902099609375,-1063.25390625,801.1937255859375,557.53125,1129.6807861328125,1500.0,1485.0902099609375,-1063.25390625,801.1937255859375,557.53125,1129.6807861328125
9.700000505894423,1.7218011617660522,-2.4173216819763184,-0.5676130056381226,-1.6732553243637085,0.8767587542533875,-1.0430089235305786,1.5170670747756958,0.7610964179039001,-0.7536303997039795,0.5079438090324402,0.06504152715206146,0.09677262604236603,-1.4638900756835938,74.53204345703125,80.1134033203125,46.50115966796875,-6.197689056396484,1.5890579223632812,-1.4638900756835938,74.53204345703125,80.1134033203125,46.50115966796875,-6.197689056396484,1.5890579223632812,-1.4638900756835938,74.53204345703125,80.1134033203125,46.50115966796875,-6.197689056396484,1.5890579223632812
9.716667173430324,1.7474751472473145,-2.404449939727783,-0.5809034705162048,-1.664693832397461,0.8781792521476746,-1.0407766103744507,1.5399576425552368,0.7947787046432495,-0.7772768139839172,0.5236629843711853,0.08370976150035858,0.13416066765785217,1500.0,1500.0,-1396.9134521484375,1017.88037109375,797.29345703125,1500.0,1500.0,1500.0,-1396.9134521484375,1017.88037109375,797.29345703125,1500.0,1500.0,1500.0,-1396.9134521484375,1017.88037109375,797.29345703125,1500.0
9.733333840966225,1.7727391719818115,-2.391724109649658,-0.5939266681671143,-1.6562923192977905,0.8795843720436096,-1.0385810136795044,1.5146818161010742,0.7823574542999268,-0.7639414072036743,0.5154716968536377,0.0822751596570015,0.13197274506092072,-1.668914794921875,71.8856201171875,80.5616455078125,46.65374755859375,-6.255805969238281,1.59442138671875,-1.668914794921875,71.8856201171875,80.5616455078125,46.65374755859375,-6.255805969238281,1.59442138671875,-1.668914794921875,71.8856201171875,80.5616455078125,46.65374755859375,-6.255805969238281,1.59442138671875
9.750000508502126,1.7981516122817993,-2.378676652908325,-0.6072136759757996,-1.6477259397506714,0.8812232613563538,-1.035909652709961,1.524049162864685,0.803855299949646,-0.7774192690849304,0.5244730114936829,0.0966397151350975,0.16051523387432098,1389.6036376953125,1446.075439453125,-995.6026000976562,745.494384765625,634.3773193359375,1250.0185546875,1389.6036376953125,1446.075439453125,-995.6026000976562,745.494384765625,634.3773193359375,1250.0185546875,1389.6036376953125,1446.075439453125,-995.6026000976562,745.494384765625,634.3773193359375,1250.0185546875
9.766667176038027,1.8231533765792847,-2.3657944202423096,-0.6202464699745178,-1.6393120288848877,0.8828405141830444,-1.0332820415496826,1.4990336894989014,0.7911954522132874,-0.764154851436615,0.516221821308136,0.09499887377023697,0.15789367258548737,-1.587860107421875,64.2633056640625,74.99215698242188,42.78662109375,-5.760490417480469,1.4644851684570312,-1.587860107421875,64.2633056640625,74.99215698242188,42.78662109375,-5.760490417480469,1.4644851684570312,-1.587860107421875,64.2633056640625,74.99215698242188,42.78662109375,-5.760490417480469,1.4644851684570312
9.783333843573928,1.8482861518859863,-2.3525991439819336,-0.6335292458534241,-1.6307449340820312,0.8847010135650635,-1.0301650762557983,1.5072661638259888,0.8121780157089233,-0.7768000364303589,0.5246573686599731,0.10991545021533966,0.18725939095020294,1333.126953125,1426.6038818359375,-964.896728515625,720.6845092773438,665.6074829101562,1300.6854248046875,1333.126953125,1426.6038818359375,-964.896728515625,720.6845092773438,665.6074829101562,1300.6854248046875,1333.126953125,1426.6038818359375,-964.896728515625,720.6845092773438,665.6074829101562,1300.6854248046875
9.800000511109829,1.873012661933899,-2.3395724296569824,-0.646557629108429,-1.6223289966583252,0.8865361213684082,-1.0270992517471313,1.4825284481048584,0.7993578910827637,-0.7635465264320374,0.516396701335907,0.10805763304233551,0.18419912457466125,-1.4829635620117188,59.49017333984375,72.22174072265625,40.578857421875,-5.475582122802734,1.3780593872070312,-1.4829635620117188,59.49017333984375,72.22174072265625,40.578857421875,-5.475582122802734,1.3780593872070312,-1.4829635620117188,59.49017333984375,72.22174072265625,40.578857421875,-5.475582122802734,1.3780593872070312
9.81666717864573,1.8980201482772827,-2.3260695934295654,-0.6599680185317993,-1.6136796474456787,0.8887202739715576,-1.0233415365219116,1.4997942447662354,0.8307814598083496,-0.7833585143089294,0.5295225381851196,0.1293950378894806,0.22569385170936584,1500.0,1500.0,-1257.3289794921875,911.23828125,935.3762817382812,1500.0,1500.0,1500.0,-1257.3289794921875,911.23828125,935.3762817382812,1500.0,1500.0,1500.0,-1257.3289794921875,911.23828125,935.3762817382812,1500.0
9.833333846181631,1.9226261377334595,-2.3127291202545166,-0.6731091737747192,-1.605183482170105,0.8908752202987671,-1.0196453332901,1.4751750230789185,0.8176816701889038,-0.7699366211891174,0.5212109684944153,0.1272132247686386,0.22200405597686768,-1.64984130859375,56.56005859375,71.56613159179688,40.23077392578125,-5.486011505126953,1.3816375732421875,-1.64984130859375,56.56005859375,71.56613159179688,40.23077392578125,-5.486011505126953,1.3816375732421875,-1.64984130859375,56.56005859375,71.56613159179688,40.23077392578125,-5.486011505126953,1.3816375732421875
9.850000513717532,1.9473156929016113,-2.2990949153900146,-0.6864640116691589,-1.5965607166290283,0.8932927846908569,-1.0154298543930054,1.4805212020874023,0.8372353315353394,-0.7804341912269592,0.5282690525054932,0.14325468242168427,0.2531603276729584,1199.84619140625,1377.5206298828125,-888.295166015625,663.7310791015625,733.3546752929688,1416.1097412109375,1199.84619140625,1377.5206298828125,-888.295166015625,663.7310791015625,733.3546752929688,1416.1097412109375,1199.84619140625,1377.5206298828125,-888.295166015625,663.7310791015625,733.3546752929688,1416.1097412109375
9.866667181253433,1.9716051816940308,-2.2856411933898926,-0.6995631456375122,-1.5880855321884155,0.8956750631332397,-1.0112833976745605,1.4562183618545532,0.8239553570747375,-0.7671279311180115,0.5199354887008667,0.14085087180137634,0.2490190714597702,-1.58306884765625,50.0059814453125,65.8011474609375,36.4970703125,-5.006195068359375,1.239776611328125,-1.58306884765625,50.0059814453125,65.8011474609375,36.4970703125,-5.006195068359375,1.239776611328125,-1.58306884765625,50.0059814453125,65.8011474609375,36.4970703125,-5.006195068359375,1.239776611328125
9.883333848789334,1.9959601163864136,-2.271902561187744,-0.7128614187240601,-1.5794944763183594,0.8983273506164551,-1.0066057443618774,1.4604604244232178,0.8429219126701355,-0.7767454385757446,0.5264603495597839,0.15732000768184662,0.2809140980243683,1142.425537109375,1353.9886474609375,-854.0415649414062,638.83544921875,760.15771484375,1464.052734375,1142.425537109375,1353.9886474609375,-854.0415649414062,638.83544921875,760.15771484375,1464.052734375,1142.425537109375,1353.9886474609375,-854.0415649414062,638.83544921875,760.15771484375,1464.052734375
9.900000516325235,2.019920587539673,-2.258347272872925,-0.7259052991867065,-1.5710493326187134,0.9009403586387634,-1.002004623413086,1.4364882707595825,0.829525351524353,-0.7635044455528259,0.5181481242179871,0.15468676388263702,0.27631714940071106,-1.4543533325195312,45.7811279296875,62.589599609375,34.19873046875,-4.699230194091797,1.145599365234375,-1.4543533325195312,45.7811279296875,62.589599609375,34.19873046875,-4.699230194091797,1.145599365234375,-1.4543533325195312,45.7811279296875,62.589599609375,34.19873046875,-4.699230194091797,1.145599365234375
9.916667183861136,2.0440714359283447,-2.2443535327911377,-0.7392614483833313,-1.5624192953109741,0.903938889503479,-0.9966493248939514,1.4482249021530151,0.8583184480667114,-0.7792081832885742,0.5287843346595764,0.17815059423446655,0.3215489089488983,1433.83984375,1500.0,-1101.207763671875,804.1644287109375,1053.829833984375,1500.0,1433.83984375,1500.0,-1101.207763671875,804.1644287109375,1053.829833984375,1500.0,1433.83984375,1500.0,-1101.207763671875,804.1644287109375,1053.829833984375,1500.0
9.933333851397038,2.06783390045166,-2.230536699295044,-0.7523500323295593,-1.5539346933364868,0.9068935513496399,-0.9913816452026367,1.4244500398635864,0.8446840047836304,-0.7658793330192566,0.5204554796218872,0.17517253756523132,0.3162865936756134,-1.65936279296875,43.0107421875,61.187744140625,33.5145263671875,-4.66465950012207,1.1277198791503906,-1.65936279296875,43.0107421875,61.187744140625,33.5145263671875,-4.66465950012207,1.1277198791503906,-1.65936279296875,43.0107421875,61.187744140625,33.5145263671875,-4.66465950012207,1.1277198791503906
9.950000518932939,2.0916147232055664,-2.2164573669433594,-0.7655991315841675,-1.5453587770462036,0.9101322889328003,-0.9855567216873169,1.4258902072906494,0.8620550036430359,-0.7732594013214111,0.5256882309913635,0.19245050847530365,0.3497326970100403,1007.3375854492188,1295.664306640625,-769.4578247070312,582.4351806640625,816.462646484375,1500.0,1007.3375854492188,1295.664306640625,-769.4578247070312,582.4351806640625,816.462646484375,1500.0,1007.3375854492188,1295.664306640625,-769.4578247070312,582.4351806640625,816.462646484375,1500.0
9.96666718646884,2.1150107383728027,-2.202571392059326,-0.7785953879356384,-1.5369247198104858,0.9133214950561523,-0.9798271656036377,1.4024831056594849,0.8482980728149414,-0.7600870728492737,0.517372727394104,0.18924294412136078,0.3440072536468506,-1.502044677734375,37.651123046875,55.7088623046875,30.08837890625,-4.2057037353515625,1.0156631469726562,-1.502044677734375,37.651123046875,55.7088623046875,30.08837890625,-4.2057037353515625,1.0156631469726562,-1.502044677734375,37.651123046875,55.7088623046875,30.08837890625,-4.2057037353515625,1.0156631469726562
9.98333385400474,2.1384084224700928,-2.18843412399292,-0.7917365431785583,-1.528409481048584,0.9167998433113098,-0.9735297560691833,1.4028536081314087,0.8650174736976624,-0.7665572762489319,0.5221151113510132,0.20681016147136688,0.3780869245529175,949.28271484375,1268.4583740234375,-732.026123046875,558.20947265625,837.903564453125,1500.0,949.28271484375,1268.4583740234375,-732.026123046875,558.20947265625,837.903564453125,1500.0,949.28271484375,1268.4583740234375,-732.026123046875,558.20947265625,837.903564453125,1500.0
10.000000521540642,2.1614246368408203,-2.174492597579956,-0.8046267628669739,-1.5200337171554565,0.9202243685722351,-0.96733558177948,1.3798255920410156,0.8511921763420105,-0.7535019516944885,0.5138504505157471,0.20336823165416718,0.3718964159488678,-1.44482421875,34.19158935546875,52.42822265625,27.904541015625,-3.9190025329589844,0.936981201171875,-1.44482421875,34.19158935546875,52.42822265625,27.904541015625,-3.9190025329589844,0.936981201171875,-1.44482421875,34.19158935546875,52.42822265625,27.904541015625,-3.9190025329589844,0.936981201171875
10.016667189076543,2.184542655944824,-2.16015625,-0.8177558779716492,-1.511518120765686,0.924061119556427,-0.9603330492973328,1.3861314058303833,0.8770104050636292,-0.7649127840995789,0.5221536159515381,0.22834081947803497,0.4203912913799286,1175.35595703125,1500.0,-930.9315795898438,699.78955078125,1148.4945068359375,1500.0,1175.35595703125,1500.0,-930.9315795898438,699.78955078125,1148.4945068359375,1500.0,1175.35595703125,1500.0,-930.9315795898438,699.78955078125,1148.4945068359375,1500.0
10.033333856612444,2.2072865962982178,-2.1460094451904297,-0.8306224346160889,-1.5031393766403198,0.927838921546936,-0.9534448385238647,1.3633748292922974,0.8629956841468811,-0.7518482208251953,0.5139012932777405,0.22454321384429932,0.4135071635246277,-1.597412109375,31.8170166015625,50.66632080078125,27.03900146484375,-3.879070281982422,0.8940696716308594,-1.597412109375,31.8170166015625,50.66632080078125,27.03900146484375,-3.879070281982422,0.8940696716308594,-1.597412109375,31.8170166015625,50.66632080078125,27.03900146484375,-3.879070281982422,0.8940696716308594
10.050000524148345,2.2299888134002686,-2.13163685798645,-0.8435947895050049,-1.494701862335205,0.9319140911102295,-0.9459677338600159,1.3610303401947021,0.8779719471931458,-0.7560389041900635,0.5174641609191895,0.24257279932498932,0.448851615190506,812.835693359375,1201.6630859375,-640.7499389648438,504.05975341796875,880.7254028320312,1500.0,812.835693359375,1201.6630859375,-640.7499389648438,504.05975341796875,880.7254028320312,1500.0,812.835693359375,1201.6630859375,-640.7499389648438,504.05975341796875,880.7254028320312,1500.0
10.066667191684246,2.2523205280303955,-2.117466926574707,-0.8563196063041687,-1.4863985776901245,0.9359251856803894,-0.9386131167411804,1.338686227798462,0.8638952970504761,-0.743169903755188,0.5092570781707764,0.2385459989309311,0.44149965047836304,-1.473419189453125,27.708984375,45.7716064453125,24.04449462890625,-3.4648170471191406,0.8046607971191406,-1.473419189453125,27.708984375,45.7716064453125,24.04449462890625,-3.4648170471191406,0.8046607971191406,-1.473419189453125,27.708984375,45.7716064453125,24.04449462890625,-3.4648170471191406,0.8046607971191406
10.083333859220147,2.2745938301086426,-2.1030828952789307,-0.8691343665122986,-1.4780458211898804,0.9402362704277039,-0.930661141872406,1.3353031873703003,0.8781613111495972,-0.7464406490325928,0.512380838394165,0.25671544671058655,0.47735390067100525,754.2181396484375,1171.011962890625,-600.7122802734375,481.1454162597656,896.0181274414062,1500.0,754.2181396484375,1171.011962890625,-600.7122802734375,481.1454162597656,896.0181274414062,1500.0,754.2181396484375,1171.011962890625,-600.7122802734375,481.1454162597656,896.0181274414062,1500.0
10.100000526756048,2.296504020690918,-2.0889031887054443,-0.8817045092582703,-1.4698245525360107,0.9444788694381714,-0.9228392839431763,1.3133820295333862,0.8640641570091248,-0.7337368130683899,0.5042487978935242,0.25245824456214905,0.4695354402065277,-1.392364501953125,25.01007080078125,42.70794677734375,22.084716796875,-3.203155517578125,0.7378997802734375,-1.392364501953125,25.01007080078125,42.70794677734375,22.084716796875,-3.203155517578125,0.7378997802734375,-1.392364501953125,25.01007080078125,42.70794677734375,22.084716796875,-3.203155517578125,0.7378997802734375
10.11666719429195,2.3184285163879395,-2.074378490447998,-0.8944382071495056,-1.4615044593811035,0.9491488337516785,-0.9141643643379211,1.314353108406067,0.886595606803894,-0.7407604455947876,0.5104244947433472,0.2782632112503052,0.5207261443138123,914.3018798828125,1500.0,-749.4378051757812,601.01025390625,1215.838134765625,1500.0,914.3018798828125,1500.0,-749.4378051757812,601.01025390625,1215.838134765625,1500.0,914.3018798828125,1500.0,-749.4378051757812,601.01025390625,1215.838134765625,1500.0
10.13333386182785,2.339996576309204,-2.0600521564483643,-0.9069176912307739,-1.4533119201660156,0.953744649887085,-0.9056309461593628,1.292773962020874,0.8723627328872681,-0.72812420129776,0.5023317337036133,0.2736503779888153,0.5121966600418091,-1.5211181640625,23.0980224609375,40.85540771484375,21.1787109375,-3.159046173095703,0.705718994140625,-1.5211181640625,23.0980224609375,40.85540771484375,21.1787109375,-3.159046173095703,0.705718994140625,-1.5211181640625,23.0980224609375,40.85540771484375,21.1787109375,-3.159046173095703,0.705718994140625
10.150000529363751,2.3614625930786133,-2.0455400943756104,-0.9194479584693909,-1.4450894594192505,0.9586428999900818,-0.8964846134185791,1.2867536544799805,0.8847561478614807,-0.729119062423706,0.5044071674346924,0.2919151186943054,0.5489873290061951,616.402587890625,1096.2891845703125,-504.2981872558594,430.62091064453125,923.7254028320312,1500.0,616.402587890625,1096.2891845703125,-504.2981872558594,430.62091064453125,923.7254028320312,1500.0,616.402587890625,1096.2891845703125,-504.2981872558594,430.62091064453125,923.7254028320312,1500.0
10.166667196899652,2.3825783729553223,-2.031237840652466,-0.9317390322685242,-1.4369933605194092,0.963462233543396,-0.8874881267547607,1.2656270265579224,0.8705185651779175,-0.7167141437530518,0.49638715386390686,0.2870826721191406,0.5399928092956543,-1.425750732421875,20.070068359375,36.70697021484375,18.70513916015625,-2.7942657470703125,0.6031990051269531,-1.425750732421875,20.070068359375,36.70697021484375,18.70513916015625,-2.7942657470703125,0.6031990051269531,-1.425750732421875,20.070068359375,36.70697021484375,18.70513916015625,-2.7942657470703125,0.6031990051269531
10.183333864435554,2.403575897216797,-2.0167617797851562,-0.9440649151802063,-1.428875207901001,0.9685840606689453,-0.8778725862503052,1.2585941553115845,0.8821529746055603,-0.7167999744415283,0.4980822801589966,0.30533045530319214,0.577153205871582,557.2033081054688,1062.4837646484375,-462.4271545410156,409.58880615234375,932.2118530273438,1500.0,557.2033081054688,1062.4837646484375,-462.4271545410156,409.58880615234375,932.2118530273438,1500.0,557.2033081054688,1062.4837646484375,-462.4271545410156,409.58880615234375,932.2118530273438,1500.0
10.200000531971455,2.4242284297943115,-2.002495288848877,-0.9561555981636047,-1.4208799600601196,0.9736229777336121,-0.868414580821991,1.237929105758667,0.8679447174072266,-0.7046048641204834,0.49015775322914124,0.30027878284454346,0.5676971077919006,-1.3828277587890625,18.06494140625,34.0413818359375,17.0576171875,-2.5725326538085938,0.5412063598632812,-1.3828277587890625,18.06494140625,34.0413818359375,17.0576171875,-2.5725326538085938,0.5412063598632812,-1.3828277587890625,18.06494140625,34.0413818359375,17.0576171875,-2.5725326538085938,0.5412063598632812
10.216667199507356,2.444810390472412,-1.9879395961761475,-0.9683341979980469,-1.4128226041793823,0.9790923595428467,-0.8580689430236816,1.2336550951004028,0.8869119882583618,-0.7072404623031616,0.4944473206996918,0.32620057463645935,0.6209386587142944,650.8397827148438,1357.5147705078125,-560.1930541992188,510.1083984375,1253.120849609375,1500.0,650.8397827148438,1357.5147705078125,-560.1930541992188,510.1083984375,1253.120849609375,1500.0,650.8397827148438,1357.5147705078125,-560.1930541992188,510.1083984375,1253.120849609375,1500.0
10.233333867043257,2.4650564193725586,-1.973588466644287,-0.9802694320678711,-1.4048837423324585,0.9844734072685242,-0.8478922247886658,1.2133980989456177,0.8726255893707275,-0.6951824426651001,0.48658546805381775,0.32080549001693726,0.610764741897583,-1.478179931640625,16.5963134765625,32.3748779296875,16.23150634765625,-2.5260448455810547,0.519744873046875,-1.478179931640625,16.5963134765625,32.3748779296875,16.23150634765625,-2.5260448455810547,0.519744873046875,-1.478179931640625,16.5963134765625,32.3748779296875,16.23150634765625,-2.5260448455810547,0.519744873046875
10.250000534579158,2.485142707824707,-1.9590942859649658,-0.9922013282775879,-1.3969396352767944,0.9901528358459473,-0.8370867967605591,1.2038003206253052,0.8822786211967468,-0.6930450201034546,0.4873802661895752,0.33877041935920715,0.6485004425048828,418.1195068359375,980.3080444335938,-362.82061767578125,363.819580078125,943.5260009765625,1500.0,418.1195068359375,980.3080444335938,-362.82061767578125,363.819580078125,943.5260009765625,1500.0,418.1195068359375,980.3080444335938,-362.82061767578125,363.819580078125,943.5260009765625,1500.0
10.266667202115059,2.504899740219116,-1.944813847541809,-1.0039050579071045,-1.3891133069992065,0.9957396388053894,-0.8264583349227905,1.1840332746505737,0.8680425882339478,-0.6812533736228943,0.4796130657196045,0.333172470331192,0.6378734111785889,-1.420989990234375,14.4195556640625,28.95831298828125,14.26336669921875,-2.2482872009277344,0.4315376281738281,-1.420989990234375,14.4195556640625,28.95831298828125,14.26336669921875,-2.2482872009277344,0.4315376281738281,-1.420989990234375,14.4195556640625,28.95831298828125,14.26336669921875,-2.2482872009277344,0.4315376281738281
10.28333386965096,2.524479627609253,-1.9304031133651733,-1.0155900716781616,-1.3812880516052246,1.0016220808029175,-0.8151980042457581,1.1734429597854614,0.8768944144248962,-0.6782364845275879,0.48009178042411804,0.3509606719017029,0.6758247017860413,358.25732421875,943.4913940429688,-319.9625244140625,345.06561279296875,944.7705688476562,1500.0,358.25732421875,943.4913940429688,-319.9625244140625,345.06561279296875,944.7705688476562,1500.0,358.25732421875,943.4913940429688,-319.9625244140625,345.06561279296875,944.7705688476562,1500.0
10.300000537186861,2.5437369346618652,-1.916205644607544,-1.027051329612732,-1.3735780715942383,1.0074079036712646,-0.8041218519210815,1.1541755199432373,0.8627362847328186,-0.6666945815086365,0.47243523597717285,0.34516382217407227,0.6647505164146423,-1.3256072998046875,12.989013671875,26.76251220703125,12.90673828125,-2.0551681518554688,0.42200469970703125,-1.3256072998046875,12.989013671875,26.76251220703125,12.90673828125,-2.0551681518554688,0.42200469970703125,-1.3256072998046875,12.989013671875,26.76251220703125,12.90673828125,-2.0551681518554688,0.42200469970703125
10.316667204722762,2.5628395080566406,-1.9017773866653442,-1.038527011871338,-1.365836262702942,1.0136154890060425,-0.7921358346939087,1.1447257995605469,0.8779029250144958,-0.6650333404541016,0.47511026263237,0.37046492099761963,0.7193321585655212,384.640625,1195.6859130859375,-367.2313537597656,428.90191650390625,1258.3255615234375,1500.0,384.640625,1195.6859130859375,-367.2313537597656,428.90191650390625,1258.3255615234375,1500.0,384.640625,1195.6859130859375,-367.2313537597656,428.90191650390625,1258.3255615234375,1500.0
10.333333872258663,2.581627607345581,-1.8875572681427002,-1.0497725009918213,-1.3582037687301636,1.019721269607544,-0.7803457379341125,1.1259275674819946,0.8637268543243408,-0.653693675994873,0.46753546595573425,0.36434826254844666,0.7075437307357788,-1.47344970703125,11.889892578125,25.346282958984375,12.228515625,-2.02178955078125,0.362396240234375,-1.47344970703125,11.889892578125,25.346282958984375,12.228515625,-2.02178955078125,0.362396240234375,-1.47344970703125,11.889892578125,25.346282958984375,12.228515625,-2.02178955078125,0.362396240234375
10.350000539794564,2.60019850730896,-1.873239278793335,-1.0609629154205322,-1.3505859375,1.0261121988296509,-0.7679200768470764,1.1128349304199219,0.8705106973648071,-0.6485527157783508,0.4672705829143524,0.3814733922481537,0.7456853985786438,217.74298095703125,854.4492797851562,-219.32601928710938,304.830078125,938.85302734375,1500.0,217.74298095703125,854.4492797851562,-219.32601928710938,304.830078125,938.85302734375,1500.0,217.74298095703125,854.4492797851562,-219.32601928710938,304.830078125,938.85302734375,1500.0
10.366667207330465,2.618461847305298,-1.8591355085372925,-1.0719385147094727,-1.3430778980255127,1.0323976278305054,-0.755698025226593,1.094560980796814,0.8564372062683105,-0.6375101804733276,0.4598076641559601,0.37517794966697693,0.7334650754928589,-1.387603759765625,10.3759765625,22.65216064453125,10.712158203125,-1.7893314361572266,0.3147125244140625,-1.387603759765625,10.3759765625,22.65216064453125,10.712158203125,-1.7893314361572266,0.3147125244140625,-1.387603759765625,10.3759765625,22.65216064453125,10.712158203125,-1.7893314361572266,0.3147125244140625
10.383333874866366,2.6364939212799072,-1.844947099685669,-1.082844853401184,-1.3355897665023804,1.0389633178710938,-0.7428396344184875,1.080494999885559,0.862386167049408,-0.6315381526947021,0.4592926502227783,0.3919699788093567,0.7716604471206665,157.3133544921875,814.8621826171875,-176.4488067626953,288.57830810546875,932.6827392578125,1500.0,157.3133544921875,814.8621826171875,-176.4488067626953,288.57830810546875,932.6827392578125,1500.0,157.3133544921875,814.8621826171875,-176.4488067626953,288.57830810546875,932.6827392578125,1500.0
10.400000542402267,2.6542279720306396,-1.8309721946716309,-1.0935412645339966,-1.3282084465026855,1.0454200506210327,-0.7301918864250183,1.0627521276474,0.8484373688697815,-0.6207802295684814,0.45195165276527405,0.3855041265487671,0.7590139508247375,-1.3303680419921875,9.36749267578125,20.92364501953125,9.653564453125,-1.6260147094726562,0.286102294921875,-1.3303680419921875,9.36749267578125,20.92364501953125,9.653564453125,-1.6260147094726562,0.286102294921875,-1.3303680419921875,9.36749267578125,20.92364501953125,9.653564453125,-1.6260147094726562,0.286102294921875
10.416667209938169,2.671724319458008,-1.8168293237686157,-1.104180932044983,-1.3208210468292236,1.0522767305374146,-0.7166247963905334,1.0481818914413452,0.8596051931381226,-0.6150040626525879,0.45329737663269043,0.409446656703949,0.8141761422157288,115.53759765625,1020.9822387695312,-174.7894287109375,358.470703125,1230.373291015625,1500.0,115.53759765625,1020.9822387695312,-174.7894287109375,358.470703125,1230.373291015625,1500.0,115.53759765625,1020.9822387695312,-174.7894287109375,358.470703125,1230.373291015625,1500.0
10.43333387747407,2.68892765045166,-1.8028944730758667,-1.1146059036254883,-1.3135336637496948,1.059019923210144,-0.7032792568206787,1.0309675931930542,0.8457000851631165,-0.6045079827308655,0.4460533559322357,0.40269434452056885,0.8008319139480591,-1.5068359375,8.554443359375,19.750579833984375,9.145751953125,-1.5950202941894531,0.2813262939453125,-1.5068359375,8.554443359375,19.750579833984375,9.145751953125,-1.5950202941894531,0.2813262939453125,-1.5068359375,8.554443359375,19.750579833984375,9.145751953125,-1.5950202941894531,0.2813262939453125
10.45000054500997,2.7058606147766113,-1.788908839225769,-1.1249277591705322,-1.306276798248291,1.0660260915756226,-0.6893007755279541,1.014447808265686,0.8495162129402161,-0.5965557098388672,0.44495508074760437,0.41845446825027466,0.8388175964355469,15.125244140625,719.573486328125,-77.08787536621094,254.322265625,909.2343139648438,1500.0,15.125244140625,719.573486328125,-77.08787536621094,254.322265625,909.2343139648438,1500.0,15.125244140625,719.573486328125,-77.08787536621094,254.322265625,909.2343139648438,1500.0
10.466667212545872,2.7225112915039062,-1.7751357555389404,-1.1350499391555786,-1.2991219758987427,1.0729159116744995,-0.6755514740943909,0.997789204120636,0.8357627391815186,-0.5863826870918274,0.4378330707550049,0.41155681014060974,0.8250688910484314,-1.401885986328125,7.5030517578125,17.69537353515625,7.97869873046875,-1.417398452758789,0.22411346435546875,-1.401885986328125,7.5030517578125,17.69537353515625,7.97869873046875,-1.417398452758789,0.22411346435546875,-1.401885986328125,7.5030517578125,17.69537353515625,7.97869873046875,-1.417398452758789,0.22411346435546875
10.483333880081773,2.7388761043548584,-1.761325716972351,-1.1450554132461548,-1.292001485824585,1.0800611972808838,-0.6611712574958801,0.9803059101104736,0.838719367980957,-0.5776669979095459,0.43655169010162354,0.4268311858177185,0.8629426956176758,-46.13397216796875,677.5045166015625,-35.21917724609375,240.76226806640625,895.497802734375,1500.0,-46.13397216796875,677.5045166015625,-35.21917724609375,240.76226806640625,895.497802734375,1500.0,-46.13397216796875,677.5045166015625,-35.21917724609375,240.76226806640625,895.497802734375,1500.0
10.500000547617674,2.754964828491211,-1.7477260828018188,-1.1548669338226318,-1.284980297088623,1.087087631225586,-0.6470264196395874,0.9642070531845093,0.8251372575759888,-0.5678094029426575,0.42956051230430603,0.41979750990867615,0.8487993478775024,-1.394744873046875,6.837890625,16.3721923828125,7.19781494140625,-1.2886505126953125,0.20503997802734375,-1.394744873046875,6.837890625,16.3721923828125,7.19781494140625,-1.2886505126953125,0.20503997802734375,-1.394744873046875,6.837890625,16.3721923828125,7.19781494140625,-1.2886505126953125,0.20503997802734375
10.516667215153575,2.770735502243042,-1.7340248823165894,-1.1645565032958984,-1.2779721021652222,1.0944807529449463,-0.6319653987884521,0.9445558786392212,0.8321495056152344,-0.5581892728805542,0.42986825108528137,0.4416636824607849,0.9037553668022156,-156.7554931640625,834.7964477539062,12.705322265625,299.4632568359375,1169.0711669921875,1500.0,-156.7554931640625,834.7964477539062,12.705322265625,299.4632568359375,1169.0711669921875,1500.0,-156.7554931640625,834.7964477539062,12.705322265625,299.4632568359375,1169.0711669921875,1500.0
10.533333882689476,2.7862401008605957,-1.7205283641815186,-1.174047589302063,-1.2710552215576172,1.101750135421753,-0.6171505451202393,0.9290420413017273,0.8186731934547424,-0.5486435294151306,0.4229840636253357,0.4343864321708679,0.8889416456222534,-1.535430908203125,6.258544921875,15.48291015625,6.825927734375,-1.3005752563476562,0.1859588623046875,-1.535430908203125,6.258544921875,15.48291015625,6.825927734375,-1.3005752563476562,0.1859588623046875,-1.535430908203125,6.258544921875,15.48291015625,6.825927734375,-1.3005752563476562,0.1859588623046875
10.550000550225377,2.8014185428619385,-1.7070294618606567,-1.183391809463501,-1.2641805410385132,1.1092528104782104,-0.6017150282859802,0.9091480374336243,0.8194543719291687,-0.538133442401886,0.4212753176689148,0.4482789933681488,0.9261984825134277,-190.06011962890625,576.732177734375,60.536865234375,212.5894775390625,854.6674194335938,1500.0,-190.06011962890625,576.732177734375,60.536865234375,212.5894775390625,854.6674194335938,1500.0,-190.06011962890625,576.732177734375,60.536865234375,212.5894775390625,854.6674194335938,1500.0
10.566667217761278,2.816340446472168,-1.6937378644943237,-1.1925532817840576,-1.2574005126953125,1.1166294813156128,-0.5865325331687927,0.894218385219574,0.8061760663986206,-0.5289332866668701,0.41451936960220337,0.4408953785896301,0.9110165238380432,-1.437652587890625,5.5289306640625,13.9022216796875,5.95208740234375,-1.1420249938964844,0.1645050048828125,-1.437652587890625,5.5289306640625,13.9022216796875,5.95208740234375,-1.1420249938964844,0.1645050048828125,-1.437652587890625,5.5289306640625,13.9022216796875,5.95208740234375,-1.1420249938964844,0.1645050048828125
10.58333388529718,2.8309221267700195,-1.6804577112197876,-1.2015557289123535,-1.2506649494171143,1.1242294311523438,-0.5707337260246277,0.8733710646629333,0.8060821294784546,-0.5177436470985413,0.4126919209957123,0.45416179299354553,0.9479960799217224,-252.05615234375,532.4912109375,100.40043640136719,201.71044921875,833.6007690429688,1500.0,-252.05615234375,532.4912109375,100.40043640136719,201.71044921875,833.6007690429688,1500.0,-252.05615234375,532.4912109375,100.40043640136719,201.71044921875,833.6007690429688,1500.0
10.60000055283308,2.8452560901641846,-1.6673824787139893,-1.210381269454956,-1.2440214157104492,1.1317020654678345,-0.5551941394805908,0.8590294122695923,0.7930180430412292,-0.5088833570480347,0.40607014298439026,0.4466831088066101,0.9324564933776855,-1.430511474609375,5.04254150390625,12.9127197265625,5.38592529296875,-1.0538101196289062,0.11920928955078125,-1.430511474609375,5.04254150390625,12.9127197265625,5.38592529296875,-1.0538101196289062,0.11920928955078125,-1.430511474609375,5.04254150390625,12.9127197265625,5.38592529296875,-1.0538101196289062,0.11920928955078125
10.616667220368981,2.859191417694092,-1.654274344444275,-1.219024896621704,-1.2374049425125122,1.1394963264465332,-0.5387551188468933,0.8343194723129272,0.7957619428634644,-0.49577370285987854,0.40562501549720764,0.4657943844795227,0.9864115118980408,-432.5938720703125,638.7401123046875,190.86122131347656,251.98101806640625,1075.162841796875,1500.0,-432.5938720703125,638.7401123046875,190.86122131347656,251.98101806640625,1075.162841796875,1500.0,-432.5938720703125,638.7401123046875,190.86122131347656,251.98101806640625,1075.162841796875,1500.0
10.633333887904882,2.872884750366211,-1.6413644552230835,-1.2274892330169678,-1.2308721542358398,1.1471593379974365,-0.5225845575332642,0.8206165432929993,0.7828656435012817,-0.4872684180736542,0.3991166651248932,0.4581248164176941,0.9702411890029907,-1.609344482421875,4.65869140625,12.22015380859375,5.127197265625,-1.0585784912109375,0.126373291015625,-1.609344482421875,4.65869140625,12.22015380859375,5.127197265625,-1.0585784912109375,0.126373291015625,-1.609344482421875,4.65869140625,12.22015380859375,5.127197265625,-1.0585784912109375,0.126373291015625
10.650000555440784,2.886200428009033,-1.628501534461975,-1.235767126083374,-1.2243893146514893,1.1550170183181763,-0.5058150291442871,0.7973930239677429,0.7805761694908142,-0.47450846433639526,0.39701080322265625,0.46969032287597656,1.0062040090560913,-397.8204345703125,427.08636474609375,190.30929565429688,179.56494140625,775.99169921875,1500.0,-397.8204345703125,427.08636474609375,190.30929565429688,179.56494140625,775.99169921875,1500.0,-397.8204345703125,427.08636474609375,190.30929565429688,179.56494140625,775.99169921875,1500.0
10.666667222976685,2.8992857933044434,-1.6158382892608643,-1.2438808679580688,-1.2179940938949585,1.162742257118225,-0.48932039737701416,0.7842996716499329,0.7679219245910645,-0.4663662314414978,0.3906327784061432,0.46195948123931885,0.9897100925445557,-1.506805419921875,4.14849853515625,11.02685546875,4.48583984375,-0.9357929229736328,0.11920928955078125,-1.506805419921875,4.14849853515625,11.02685546875,4.48583984375,-0.9357929229736328,0.11920928955078125,-1.506805419921875,4.14849853515625,11.02685546875,4.48583984375,-0.9357929229736328,0.11920928955078125
10.683333890512586,2.911980628967285,-1.6032360792160034,-1.2517989873886108,-1.2116490602493286,1.1706510782241821,-0.47223368287086487,0.760128378868103,0.7647506594657898,-0.4530259072780609,0.3884681463241577,0.4727705121040344,1.0252315998077393,-460.60089111328125,381.0667724609375,227.2081298828125,171.2799072265625,747.925048828125,1500.0,-460.60089111328125,381.0667724609375,227.2081298828125,171.2799072265625,747.925048828125,1500.0,-460.60089111328125,381.0667724609375,227.2081298828125,171.2799072265625,747.925048828125,1500.0
10.700000558048487,2.924453020095825,-1.5908299684524536,-1.2595590353012085,-1.2053898572921753,1.1784263849258423,-0.45542725920677185,0.7476468086242676,0.7523519396781921,-0.4452396631240845,0.3822242319583893,0.46499061584472656,1.0084260702133179,-1.542572021484375,3.8289794921875,10.3199462890625,4.0638427734375,-0.8690338134765625,0.10251998901367188,-1.542572021484375,3.8289794921875,10.3199462890625,4.0638427734375,-0.8690338134765625,0.10251998901367188,-1.542572021484375,3.8289794921875,10.3199462890625,4.0638427734375,-0.8690338134765625,0.10251998901367188
10.716667225584388,2.9364466667175293,-1.5784598588943481,-1.2670847177505493,-1.199165940284729,1.1864681243896484,-0.4377507269382477,0.7178983092308044,0.7507606744766235,-0.42906972765922546,0.3812936544418335,0.48072752356529236,1.0605928897857666,-711.8272705078125,434.6513671875,355.58343505859375,215.617431640625,950.2744750976562,1500.0,-711.8272705078125,434.6513671875,355.58343505859375,215.617431640625,950.2744750976562,1500.0,-711.8272705078125,434.6513671875,355.58343505859375,215.617431640625,950.2744750976562,1500.0
10.733333893120289,2.9482264518737793,-1.5662797689437866,-1.2744507789611816,-1.1930197477340698,1.1943728923797607,-0.42036351561546326,0.7061107754707336,0.7385894656181335,-0.421672523021698,0.3751651644706726,0.4728173017501831,1.043205738067627,-1.6331787109375,3.49761962890625,9.81329345703125,3.88385009765625,-0.8714218139648438,0.097747802734375,-1.6331787109375,3.49761962890625,9.81329345703125,3.88385009765625,-0.8714218139648438,0.097747802734375,-1.6331787109375,3.49761962890625,9.81329345703125,3.88385009765625,-0.8714218139648438,0.097747802734375
10.75000056065619,2.959577798843384,-1.5541965961456299,-1.2815980911254883,-1.1869264841079712,1.2024281024932861,-0.4024074077606201,0.6795955896377563,0.7332262396812439,-0.40701961517333984,0.3728572726249695,0.48164793848991394,1.0773277282714844,-608.1795043945312,271.983154296875,309.1502380371094,154.82427978515625,674.6589965820312,1500.0,-608.1795043945312,271.983154296875,309.1502380371094,154.82427978515625,674.6589965820312,1500.0,-608.1795043945312,271.983154296875,309.1502380371094,154.82427978515625,674.6589965820312,1500.0
10.766667228192091,2.97072696685791,-1.5423024892807007,-1.2886003255844116,-1.180915117263794,1.210347056388855,-0.38474610447883606,0.6684389710426331,0.7213375568389893,-0.39999550580978394,0.3668575882911682,0.47372493147850037,1.059665560722351,-1.626007080078125,3.185302734375,8.9263916015625,3.40936279296875,-0.7748603820800781,0.0464935302734375,-1.626007080078125,3.185302734375,8.9263916015625,3.40936279296875,-0.7748603820800781,0.0464935302734375,-1.626007080078125,3.185302734375,8.9263916015625,3.40936279296875,-0.7748603820800781,0.0464935302734375
10.783333895727992,2.981433153152466,-1.530518651008606,-1.2953757047653198,-1.1749564409255981,1.218402624130249,-0.36652591824531555,0.6409798264503479,0.7150964736938477,-0.38487398624420166,0.36454299092292786,0.4816911220550537,1.093192219734192,-671.7181396484375,224.67138671875,342.2283935546875,148.91741943359375,640.1431884765625,1500.0,-671.7181396484375,224.67138671875,342.2283935546875,148.91741943359375,640.1431884765625,1500.0,-671.7181396484375,224.67138671875,342.2283935546875,148.91741943359375,640.1431884765625,1500.0
10.800000563263893,2.9919466972351074,-1.5189200639724731,-1.30201256275177,-1.1690773963928223,1.2263209819793701,-0.34860482811927795,0.6304598450660706,0.7035019993782043,-0.3782174587249756,0.3586757183074951,0.4737683832645416,1.0752707719802856,-1.59979248046875,2.961181640625,8.3828125,3.15423583984375,-0.7271766662597656,0.0476837158203125,-1.59979248046875,2.961181640625,8.3828125,3.15423583984375,-0.7271766662597656,0.0476837158203125,-1.59979248046875,2.961181640625,8.3828125,3.15423583984375,-0.7271766662597656,0.0476837158203125
10.816667230799794,3.0019021034240723,-1.5074279308319092,-1.30837082862854,-1.1632376909255981,1.234442114830017,-0.3298557996749878,0.5956882238388062,0.6975542902946472,-0.35948145389556885,0.3575011193752289,0.4855899214744568,1.1248966455459595,-994.3676147460938,224.50927734375,503.103759765625,189.574951171875,796.958251953125,1500.0,-994.3676147460938,224.50927734375,503.103759765625,189.574951171875,796.958251953125,1500.0,-994.3676147460938,224.50927734375,503.103759765625,189.574951171875,796.958251953125,1500.0
10.833333898335695,3.011671304702759,-1.4961142539978027,-1.314589500427246,-1.1574699878692627,1.2424235343933105,-0.3114137649536133,0.5859119892120361,0.6862464547157288,-0.3532388508319855,0.3517453670501709,0.47760388255119324,1.1064547300338745,-1.719024658203125,2.73223876953125,7.99420166015625,2.970703125,-0.7486343383789062,0.046478271484375,-1.719024658203125,2.73223876953125,7.99420166015625,2.970703125,-0.7486343383789062,0.046478271484375,-1.719024658203125,2.73223876953125,7.99420166015625,2.970703125,-0.7486343383789062,0.046478271484375
10.850000565871596,3.0209617614746094,-1.4849461317062378,-1.3205633163452148,-1.151755690574646,1.250504970550537,-0.29244208335876465,0.5561442375183105,0.6778411865234375,-0.33709096908569336,0.3494058847427368,0.48335739970207214,1.1382206678390503,-820.798828125,113.005615234375,414.28326416015625,137.6390380859375,552.7412719726562,1500.0,-820.798828125,113.005615234375,414.28326416015625,137.6390380859375,552.7412719726562,1500.0,-820.798828125,113.005615234375,414.28326416015625,137.6390380859375,552.7412719726562,1500.0
10.866667233407497,3.030080795288086,-1.473954439163208,-1.3264132738113403,-1.1461178064346313,1.2584483623504639,-0.27378198504447937,0.5470200181007385,0.6668528914451599,-0.33122575283050537,0.34377598762512207,0.4754103124141693,1.1195605993270874,-1.70709228515625,2.491455078125,7.32061767578125,2.64642333984375,-0.6568431854248047,0.0441131591796875,-1.70709228515625,2.491455078125,7.32061767578125,2.64642333984375,-0.6568431854248047,0.0441131591796875,-1.70709228515625,2.491455078125,7.32061767578125,2.64642333984375,-0.6568431854248047,0.0441131591796875
10.883333900943398,3.038705348968506,-1.4631216526031494,-1.3320115804672241,-1.1405322551727295,1.2664765119552612,-0.25460439920425415,0.5163142085075378,0.657581090927124,-0.3147296905517578,0.34147489070892334,0.4802119731903076,1.1505894660949707,-884.966796875,64.790283203125,442.8470153808594,133.82196044921875,512.5701293945312,1500.0,-884.966796875,64.790283203125,442.8470153808594,133.82196044921875,512.5701293945312,1500.0,-884.966796875,64.790283203125,442.8470153808594,133.82196044921875,512.5701293945312,1500.0
10.9000005684793,3.0471677780151367,-1.4524608850479126,-1.3374922275543213,-1.1350212097167969,1.2743676900863647,-0.23574179410934448,0.5078465342521667,0.6469228863716125,-0.3092353045940399,0.33597132563591003,0.47231748700141907,1.131726622581482,-1.71661376953125,2.350830078125,6.936767578125,2.44378662109375,-0.6222724914550781,0.035762786865234375,-1.71661376953125,2.350830078125,6.936767578125,2.44378662109375,-0.6222724914550781,0.035762786865234375,-1.71661376953125,2.350830078125,6.936767578125,2.44378662109375,-0.6222724914550781,0.035762786865234375
10.9166672360152,3.0549938678741455,-1.4419760704040527,-1.342658519744873,-1.12954843044281,1.2823896408081055,-0.21610496938228607,0.4680812656879425,0.6366443634033203,-0.2884800136089325,0.3347586393356323,0.47977182269096375,1.1781048774719238,-1279.406494140625,10.4307861328125,630.1963500976562,172.71038818359375,618.408935546875,1500.0,-1279.406494140625,10.4307861328125,630.1963500976562,172.71038818359375,618.408935546875,1500.0,-1279.406494140625,10.4307861328125,630.1963500976562,172.71038818359375,618.408935546875,1500.0
10.933333903551102,3.062664031982422,-1.4316565990447998,-1.347706913948059,-1.1241443157196045,1.2902730703353882,-0.19679014384746552,0.4604052007198334,0.6263283491134644,-0.2834140360355377,0.329362154006958,0.4718851149082184,1.158790111541748,-1.839385986328125,2.17919921875,6.6363525390625,2.30670166015625,-0.6425399780273438,0.023834228515625,-1.839385986328125,2.17919921875,6.6363525390625,2.30670166015625,-0.6425399780273438,0.023834228515625,-1.839385986328125,2.17919921875,6.6363525390625,2.30670166015625,-0.6425399780273438,0.023834228515625
10.950000571087003,3.0698039531707764,-1.4215296506881714,-1.3524909019470215,-1.1187905073165894,1.2982012033462524,-0.1769925057888031,0.4274323880672455,0.614944338798523,-0.26619717478752136,0.32713189721107483,0.474293977022171,1.1877342462539673,-1035.10498046875,-48.2845458984375,503.4470520019531,127.02581787109375,412.90283203125,1500.0,-1035.10498046875,-48.2845458984375,503.4470520019531,127.02581787109375,412.90283203125,1500.0,-1035.10498046875,-48.2845458984375,503.4470520019531,127.02581787109375,412.90283203125,1500.0
10.966667238622904,3.0768041610717773,-1.4115647077560425,-1.3571717739105225,-1.1135088205337524,1.305992841720581,-0.15752016007900238,0.42042824625968933,0.6049808263778687,-0.2615056335926056,0.321855366230011,0.46649909019470215,1.1682616472244263,-1.789337158203125,1.9979248046875,6.13214111328125,2.083740234375,-0.5769729614257812,0.0238494873046875,-1.789337158203125,1.9979248046875,6.13214111328125,2.083740234375,-0.5769729614257812,0.0238494873046875,-1.789337158203125,1.9979248046875,6.13214111328125,2.083740234375,-0.5769729614257812,0.0238494873046875
10.983333906158805,3.0832602977752686,-1.4018059968948364,-1.3615840673446655,-1.1082756519317627,1.3138130903244019,-0.13757944107055664,0.38652855157852173,0.5927531123161316,-0.24406960606575012,0.3196975886821747,0.46789178252220154,1.1963427066802979,-1099.5567626953125,-96.85986328125,526.8240356445312,124.950439453125,367.9740295410156,1500.0,-1099.5567626953125,-96.85986328125,526.8240356445312,124.950439453125,367.9740295410156,1500.0,-1099.5567626953125,-96.85986328125,526.8240356445312,124.950439453125,367.9740295410156,1500.0
11.000000573694706,3.089587926864624,-1.392203688621521,-1.365899920463562,-1.1031135320663452,1.3214991092681885,-0.11796638369560242,0.38019853830337524,0.5831517577171326,-0.23974458873271942,0.31453949213027954,0.4602034091949463,1.176729440689087,-1.814361572265625,1.90020751953125,5.8746337890625,1.93475341796875,-0.5435943603515625,0.007152557373046875,-1.814361572265625,1.90020751953125,5.8746337890625,1.93475341796875,-0.5435943603515625,0.007152557373046875,-1.814361572265625,1.90020751953125,5.8746337890625,1.93475341796875,-0.5435943603515625,0.007152557373046875
11.016667241230607,3.095198631286621,-1.3828462362289429,-1.3698745965957642,-1.097986102104187,1.3292385339736938,-0.09764359891414642,0.33548781275749207,0.5686173439025879,-0.21755655109882355,0.31345558166503906,0.46294498443603516,1.219220519065857,-1500.0,-205.2926025390625,734.1510009765625,163.57781982421875,418.66778564453125,1500.0,-1500.0,-205.2926025390625,734.1510009765625,163.57781982421875,418.66778564453125,1500.0,-1500.0,-205.2926025390625,734.1510009765625,163.57781982421875,418.66778564453125,1500.0
11.033333908766508,3.1006858348846436,-1.3736379146575928,-1.3737539052963257,-1.092923641204834,1.3368420600891113,-0.07765427231788635,0.32999709248542786,0.5594117641448975,-0.2136654257774353,0.3083983063697815,0.4553374946117401,1.1992313861846924,-1.85845947265625,1.7857666015625,5.6165771484375,1.83697509765625,-0.57220458984375,0.016082763671875,-1.85845947265625,1.7857666015625,5.6165771484375,1.83697509765625,-0.57220458984375,0.016082763671875,-1.85845947265625,1.7857666015625,5.6165771484375,1.83697509765625,-0.57220458984375,0.016082763671875
11.05000057630241,3.105592966079712,-1.364668846130371,-1.3773560523986816,-1.0879063606262207,1.3444334268569946,-0.057235848158597946,0.29388588666915894,0.5451462268829346,-0.19582577049732208,0.3063843846321106,0.4542187452316284,1.2249454259872437,-1249.977294921875,-210.20654296875,574.7520751953125,121.79132080078125,258.390869140625,1500.0,-1249.977294921875,-210.20654296875,574.7520751953125,121.79132080078125,258.390869140625,1500.0,-1249.977294921875,-210.20654296875,574.7520751953125,121.79132080078125,258.390869140625,1500.0
11.06666724383831,3.110396146774292,-1.3558446168899536,-1.3808763027191162,-1.0829578638076782,1.3518928289413452,-0.03715309873223305,0.28908222913742065,0.5363224148750305,-0.1922985464334488,0.30143868923187256,0.4467565715312958,1.204862117767334,-1.814361572265625,1.6522216796875,5.25177001953125,1.656982421875,-0.5137939453125,-0.01043701171875,-1.814361572265625,1.6522216796875,5.25177001953125,1.656982421875,-0.5137939453125,-0.01043701171875,-1.814361572265625,1.6522216796875,5.25177001953125,1.656982421875,-0.5137939453125,-0.01043701171875
11.083333911374211,3.1146042346954346,-1.347272515296936,-1.3841172456741333,-1.0780525207519531,1.35932195186615,-0.016657376661896706,0.2520604133605957,0.5212454795837402,-0.17437253892421722,0.2995213270187378,0.4445813298225403,1.2296044826507568,-1314.4105224609375,-258.583984375,592.4642333984375,121.07373046875,209.67721557617188,1500.0,-1314.4105224609375,-258.583984375,592.4642333984375,121.07373046875,209.67721557617188,1500.0,-1314.4105224609375,-258.583984375,592.4642333984375,121.07373046875,209.67721557617188,1500.0
11.100000578910112,3.118718147277832,-1.3388395309448242,-1.387284278869629,-1.0732150077819824,1.3666223287582397,0.003501337254419923,0.24794544279575348,0.5128127336502075,-0.17120088636875153,0.294685959815979,0.4372784197330475,1.2094448804855347,-1.8614501953125,1.609375,5.0616455078125,1.554473876953125,-0.4780292510986328,-0.010059356689453125,-1.8614501953125,1.609375,5.0616455078125,1.554473876953125,-0.4780292510986328,-0.010059356689453125,-1.8614501953125,1.609375,5.0616455078125,1.554473876953125,-0.4780292510986328,-0.010059356689453125
11.116667246446013,3.122037410736084,-1.3307170867919922,-1.3900924921035767,-1.0684053897857666,1.3738945722579956,0.02429593726992607,0.19837631285190582,0.4941459894180298,-0.14819055795669556,0.2938500940799713,0.43507784605026245,1.2474926710128784,-1500.0,-420.287841796875,812.9310302734375,160.42236328125,202.3947296142578,1500.0,-1500.0,-420.287841796875,812.9310302734375,160.42236328125,202.3947296142578,1500.0,-1500.0,-420.287841796875,812.9310302734375,160.42236328125,202.3947296142578,1500.0
11.133333913981915,3.125267744064331,-1.322726845741272,-1.3928279876708984,-1.0636589527130127,1.3810386657714844,0.044749073684215546,0.19514407217502594,0.48615649342536926,-0.14544807374477386,0.28910645842552185,0.42793187499046326,1.2270386219024658,-1.87457275390625,1.484130859375,4.846435546875,1.47222900390625,-0.47206878662109375,-0.013702392578125,-1.87457275390625,1.484130859375,4.846435546875,1.47222900390625,-0.47206878662109375,-0.013702392578125,-1.87457275390625,1.484130859375,4.846435546875,1.47222900390625,-0.47206878662109375,-0.013702392578125
11.150000581517816,3.1278693675994873,-1.3150193691253662,-1.395280361175537,-1.0589512586593628,1.3881096839904785,0.06557194888591766,0.15598733723163605,0.46914148330688477,-0.12743978202342987,0.28738000988960266,0.42318835854530334,1.2491815090179443,-1464.040283203125,-370.8909912109375,626.81494140625,120.61358642578125,92.67091369628906,1500.0,-1464.040283203125,-370.8909912109375,626.81494140625,120.61358642578125,92.67091369628906,1500.0,-1464.040283203125,-370.8909912109375,626.81494140625,120.61358642578125,92.67091369628906,1500.0
11.166667249053717,3.130402088165283,-1.3074383735656738,-1.3976730108261108,-1.0543099641799927,1.3950581550598145,0.0860522985458374,0.1534547507762909,0.46156013011932373,-0.12504452466964722,0.28274035453796387,0.41623908281326294,1.228700041770935,-1.8358306884765625,1.41021728515625,4.5782470703125,1.363739013671875,-0.4291534423828125,-0.018463134765625,-1.8358306884765625,1.41021728515625,4.5782470703125,1.363739013671875,-0.4291534423828125,-0.018463134765625,-1.8358306884765625,1.41021728515625,4.5782470703125,1.363739013671875,-0.4291534423828125,-0.018463134765625
11.183333916589618,3.132291793823242,-1.30015230178833,-1.399782657623291,-1.0497043132781982,1.4019155502319336,0.10688482969999313,0.11341511458158493,0.4437752366065979,-0.10708173364400864,0.28112420439720154,0.4104258418083191,1.2497837543487549,-1500.0,-418.57958984375,638.5934448242188,120.837646484375,41.35728454589844,1500.0,-1500.0,-418.57958984375,638.5934448242188,120.837646484375,41.35728454589844,1500.0,-1500.0,-418.57958984375,638.5934448242188,120.837646484375,41.35728454589844,1500.0
11.200000584125519,3.1341238021850586,-1.2929866313934326,-1.4018394947052002,-1.0451645851135254,1.4086532592773438,0.12737460434436798,0.11158345639705658,0.4366084635257721,-0.1050233393907547,0.2765844166278839,0.40368691086769104,1.2292934656143188,-1.8650360107421875,1.373291015625,4.4676513671875,1.257659912109375,-0.4088878631591797,0.0044708251953125,-1.8650360107421875,1.373291015625,4.4676513671875,1.257659912109375,-0.4088878631591797,0.0044708251953125,-1.8650360107421875,1.373291015625,4.4676513671875,1.257659912109375,-0.4088878631591797,0.0044708251953125
11.21666725166142,3.1350834369659424,-1.286195158958435,-1.4035301208496094,-1.0406444072723389,1.4152792692184448,0.14841873943805695,0.05728694796562195,0.4139804542064667,-0.08180993050336838,0.2760699689388275,0.39643529057502747,1.262434482574463,-1500.0,-632.1656494140625,865.1846923828125,161.42486572265625,-25.423736572265625,1500.0,-1500.0,-632.1656494140625,865.1846923828125,161.42486572265625,-25.423736572265625,1500.0,-1500.0,-632.1656494140625,865.1846923828125,161.42486572265625,-25.423736572265625,1500.0
11.233333919197321,3.1359925270080566,-1.2795164585113525,-1.4051709175109863,-1.0361859798431396,1.4217872619628906,0.1691170334815979,0.056378550827503204,0.4073019325733185,-0.08016648888587952,0.2716129422187805,0.3899264633655548,1.2417352199554443,-1.804229736328125,1.2957763671875,4.2733154296875,1.1956787109375,-0.39935302734375,-0.033966064453125,-1.804229736328125,1.2957763671875,4.2733154296875,1.1956787109375,-0.39935302734375,-0.033966064453125,-1.804229736328125,1.2957763671875,4.2733154296875,1.1956787109375,-0.39935302734375,-0.033966064453125
11.250000586733222,3.1362247467041016,-1.2731616497039795,-1.4065296649932861,-1.0317583084106445,1.4281619787216187,0.19012129306793213,0.014305319637060165,0.3877013325691223,-0.06243899092078209,0.27020829916000366,0.3815550208091736,1.2600398063659668,-1500.0,-528.5966796875,658.8375244140625,122.0345458984375,-80.2421875,1500.0,-1500.0,-528.5966796875,658.8375244140625,122.0345458984375,-80.2421875,1500.0,-1500.0,-528.5966796875,658.8375244140625,122.0345458984375,-80.2421875,1500.0
11.266667254269123,3.1364269256591797,-1.2669131755828857,-1.4078503847122192,-1.0273956060409546,1.4344249963760376,0.2107798159122467,0.014105414971709251,0.3814517557621002,-0.06111898273229599,0.26584506034851074,0.37529119849205017,1.2393807172775269,-1.7872772216796875,1.2349853515625,4.0875244140625,1.1134033203125,-0.3731231689453125,-0.0149078369140625,-1.7872772216796875,1.2349853515625,4.0875244140625,1.1134033203125,-0.3731231689453125,-0.0149078369140625,-1.7872772216796875,1.2349853515625,4.0875244140625,1.1134033203125,-0.3731231689453125,-0.0149078369140625
11.283333921805024,3.1359381675720215,-1.2609997987747192,-1.408890962600708,-1.0230607986450195,1.440537929534912,0.23172561824321747,-0.02881171740591526,0.3611322045326233,-0.0435660295188427,0.264553040266037,0.36586496233940125,1.2565633058547974,-1500.0,-575.02978515625,664.5189208984375,122.79745483398438,-132.88975524902344,1500.0,-1500.0,-575.02978515625,664.5189208984375,122.79745483398438,-132.88975524902344,1500.0,-1500.0,-575.02978515625,664.5189208984375,122.79745483398438,-132.88975524902344,1500.0
11.300000589340925,3.1354308128356934,-1.2551865577697754,-1.4099003076553345,-1.0187898874282837,1.4465419054031372,0.25232669711112976,-0.028302092105150223,0.3553173243999481,-0.04255862161517143,0.26028206944465637,0.3598596155643463,1.2359619140625,-1.809814453125,1.2171630859375,4.02386474609375,1.08599853515625,-0.35762786865234375,-0.020263671875,-1.809814453125,1.2171630859375,4.02386474609375,1.08599853515625,-0.35762786865234375,-0.020263671875,-1.809814453125,1.2171630859375,4.02386474609375,1.08599853515625,-0.35762786865234375,-0.020263671875
11.316667256876826,3.133976697921753,-1.2498074769973755,-1.410544514656067,-1.0145301818847656,1.4523520469665527,0.27339452505111694,-0.08713510632514954,0.32894670963287354,-0.01975071430206299,0.2601117491722107,0.3475777506828308,1.263835072517395,-1500.0,-838.4979248046875,890.390625,164.59408569335938,-259.2325439453125,1500.0,-1500.0,-838.4979248046875,890.390625,164.59408569335938,-259.2325439453125,1500.0,-1500.0,-838.4979248046875,890.390625,164.59408569335938,-259.2325439453125,1500.0
11.333333924412727,3.1325111389160156,-1.244521141052246,-1.4111617803573608,-1.0103312730789185,1.4580566883087158,0.29411596059799194,-0.08566751331090927,0.32365918159484863,-0.019135069102048874,0.2559129297733307,0.34187251329421997,1.2431135177612305,-1.756256103515625,1.1634521484375,3.842529296875,1.018646240234375,-0.36358642578125,-0.023834228515625,-1.756256103515625,1.1634521484375,3.842529296875,1.018646240234375,-0.36358642578125,-0.023834228515625,-1.756256103515625,1.1634521484375,3.842529296875,1.018646240234375,-0.36358642578125,-0.023834228515625
11.350000591948628,3.1303231716156006,-1.2395962476730347,-1.4115047454833984,-1.0061557292938232,1.4635701179504395,0.31507647037506104,-0.13048386573791504,0.30166947841644287,-0.0021216680761426687,0.25482863187789917,0.3299621343612671,1.25739586353302,-1500.0,-681.4586791992188,670.5670166015625,124.62677001953125,-256.21771240234375,1409.659423828125,-1500.0,-681.4586791992188,670.5670166015625,124.62677001953125,-256.21771240234375,1409.659423828125,-1500.0,-681.4586791992188,670.5670166015625,124.62677001953125,-256.21771240234375,1409.659423828125
11.36666725948453,3.128146171569824,-1.2347564697265625,-1.4118305444717407,-1.002043604850769,1.468984842300415,0.3356917202472687,-0.12830215692520142,0.2968279719352722,-0.0017996212700381875,0.250715434551239,0.3245466947555542,1.236778974533081,-1.7339019775390625,1.1336669921875,3.74957275390625,0.9769287109375,-0.33974456787109375,-0.054840087890625,-1.7339019775390625,1.1336669921875,3.74957275390625,0.9769287109375,-0.33974456787109375,-0.054840087890625,-1.7339019775390625,1.1336669921875,3.74957275390625,0.9769287109375,-0.33974456787109375,-0.054840087890625
11.38333392702043,3.125231981277466,-1.2302888631820679,-1.4118856191635132,-0.9979518055915833,1.4741920232772827,0.35652685165405273,-0.17390930652618408,0.27417951822280884,0.014917750842869282,0.24973632395267487,0.31162378191947937,1.2498997449874878,-1500.0,-726.0977783203125,670.2118530273438,125.4373779296875,-308.95355224609375,1358.19189453125,-1500.0,-726.0977783203125,670.2118530273438,125.4373779296875,-308.95355224609375,1358.19189453125,-1500.0,-726.0977783203125,670.2118530273438,125.4373779296875,-308.95355224609375,1358.19189453125
11.400000594556332,3.1223411560058594,-1.2258994579315186,-1.4119306802749634,-0.9939224720001221,1.4793050289154053,0.37701866030693054,-0.17101313173770905,0.26978814601898193,0.014957262203097343,0.24570542573928833,0.3065096437931061,1.229406714439392,-1.7416534423828125,1.13604736328125,3.72003173828125,0.9298095703125,-0.324249267578125,-0.04410552978515625,-1.7416534423828125,1.13604736328125,3.72003173828125,0.9298095703125,-0.324249267578125,-0.04410552978515625,-1.7416534423828125,1.13604736328125,3.72003173828125,0.9298095703125,-0.324249267578125,-0.04410552978515625
11.416667262092233,3.1184306144714355,-1.2219995260238647,-1.4116206169128418,-0.9898955821990967,1.4841423034667969,0.39788562059402466,-0.2341218739748001,0.23994015157222748,0.03677649796009064,0.24585647881031036,0.2893427312374115,1.2517656087875366,-1500.0,-1036.8311767578125,888.7275390625,168.00103759765625,-493.4632873535156,1500.0,-1500.0,-1036.8311767578125,888.7275390625,168.00103759765625,-493.4632873535156,1500.0,-1500.0,-1036.8311767578125,888.7275390625,168.00103759765625,-493.4632873535156,1500.0
11.433333929628134,3.114550828933716,-1.218171238899231,-1.41130530834198,-0.9859294295310974,1.4888898134231567,0.4184090495109558,-0.23023740947246552,0.2361098676919937,0.03645603358745575,0.2418888509273529,0.284595251083374,1.2312418222427368,-1.68084716796875,1.09136962890625,3.55560302734375,0.883331298828125,-0.2777557373046875,-0.041717529296875,-1.68084716796875,1.09136962890625,3.55560302734375,0.883331298828125,-0.2777557373046875,-0.041717529296875,-1.68084716796875,1.09136962890625,3.55560302734375,0.883331298828125,-0.2777557373046875,-0.041717529296875
11.450000597164035,3.1099061965942383,-1.2147380113601685,-1.4107292890548706,-0.9819793701171875,1.4933909177780151,0.43910306692123413,-0.27757126092910767,0.2119573950767517,0.05235068127512932,0.2410895973443985,0.2693270742893219,1.2413995265960693,-1500.0,-827.6969604492188,662.344970703125,126.881591796875,-430.9547119140625,1234.0247802734375,-1500.0,-827.6969604492188,662.344970703125,126.881591796875,-430.9547119140625,1234.0247802734375,-1500.0,-827.6969604492188,662.344970703125,126.881591796875,-430.9547119140625,1234.0247802734375
11.466667264699936,3.105313777923584,-1.2113679647445679,-1.4101569652557373,-0.9780911803245544,1.4978097677230835,0.45945602655410767,-0.2729727029800415,0.2085847109556198,0.05177111178636551,0.23719967901706696,0.2649082839488983,1.2210458517074585,-1.7094573974609375,1.0728759765625,3.518310546875,0.849365234375,-0.27179718017578125,-0.04412841796875,-1.7094573974609375,1.0728759765625,3.518310546875,0.849365234375,-0.27179718017578125,-0.04412841796875,-1.7094573974609375,1.0728759765625,3.518310546875,0.849365234375,-0.27179718017578125,-0.04412841796875
11.483333932235837,3.099943161010742,-1.2084027528762817,-1.4093292951583862,-0.9742170572280884,1.501966953277588,0.4799599051475525,-0.3210254907608032,0.18384218215942383,0.06725925952196121,0.23648548126220703,0.24869555234909058,1.2300268411636353,-1500.0,-869.995361328125,656.1798095703125,127.2672119140625,-482.5121154785156,1179.3673095703125,-1500.0,-869.995361328125,656.1798095703125,127.2672119140625,-482.5121154785156,1179.3673095703125,-1500.0,-869.995361328125,656.1798095703125,127.2672119140625,-482.5121154785156,1179.3673095703125
11.500000599771738,3.0946364402770996,-1.205493688583374,-1.4085108041763306,-0.9704044461250305,1.5060473680496216,0.5001258850097656,-0.31571322679519653,0.18093036115169525,0.06643304228782654,0.23267106711864471,0.24461491405963898,1.209860920906067,-1.7476043701171875,1.09735107421875,3.54705810546875,0.8702392578125,-0.29027557373046875,-0.0274200439453125,-1.7476043701171875,1.09735107421875,3.54705810546875,0.8702392578125,-0.29027557373046875,-0.0274200439453125,-1.7476043701171875,1.09735107421875,3.54705810546875,0.8702392578125,-0.29027557373046875,-0.0274200439453125
11.51666726730764,3.088242292404175,-1.2031230926513672,-1.4073556661605835,-0.9665865898132324,1.5097756385803223,0.5205729603767395,-0.38275372982025146,0.14791415631771088,0.08672119677066803,0.23307578265666962,0.22283291816711426,1.2265686988830566,-1500.0,-1224.790771484375,861.0975952148438,169.69802856445312,-722.40771484375,1486.18212890625,-1500.0,-1224.790771484375,861.0975952148438,169.69802856445312,-722.40771484375,1486.18212890625,-1500.0,-1224.790771484375,861.0975952148438,169.69802856445312,-722.40771484375,1486.18212890625
11.53333393484354,3.081923007965088,-1.2008024454116821,-1.4062167406082153,-0.9628295302391052,1.5134320259094238,0.5406835675239563,-0.37642645835876465,0.14559049904346466,0.08557280153036118,0.2293163239955902,0.21917712688446045,1.2064579725265503,-1.5890655517578125,1.0335693359375,3.36590576171875,0.795135498046875,-0.2586822509765625,-0.011932373046875,-1.5890655517578125,1.0335693359375,3.36590576171875,0.795135498046875,-0.2586822509765625,-0.011932373046875,-1.5890655517578125,1.0335693359375,3.36590576171875,0.795135498046875,-0.2586822509765625,-0.011932373046875
11.550000602379441,3.074799060821533,-1.1989068984985352,-1.4048362970352173,-0.9590825438499451,1.5167901515960693,0.560895562171936,-0.42599135637283325,0.11952944844961166,0.09998463094234467,0.22873367369174957,0.20081843435764313,1.2124748229980469,-1500.0,-965.5606689453125,635.1035766601562,127.3614501953125,-600.2760009765625,1049.125244140625,-1500.0,-965.5606689453125,635.1035766601562,127.3614501953125,-600.2760009765625,1049.125244140625,-1500.0,-965.5606689453125,635.1035766601562,127.3614501953125,-600.2760009765625,1049.125244140625
11.566667269915342,3.06777024269104,-1.1970515251159668,-1.4034782648086548,-0.955396831035614,1.5200846195220947,0.580774188041687,-0.4189540147781372,0.11767113953828812,0.09861667454242706,0.22504520416259766,0.19752417504787445,1.19259512424469,-1.639129638671875,1.0594482421875,3.4127197265625,0.7879638671875,-0.25331878662109375,-0.02862548828125,-1.639129638671875,1.0594482421875,3.4127197265625,0.7879638671875,-0.25331878662109375,-0.02862548828125,-1.639129638671875,1.0594482421875,3.4127197265625,0.7879638671875,-0.25331878662109375,-0.02862548828125
11.583333937451243,3.0599262714385986,-1.1956291198730469,-1.4018855094909668,-0.9517192840576172,1.5230669975280762,0.6007352471351624,-0.46914756298065186,0.09109658747911453,0.11252438277006149,0.22452199459075928,0.17831361293792725,1.197445273399353,-1500.0,-1005.0088500976562,623.4705810546875,126.9793701171875,-649.3592529296875,992.41015625,-1500.0,-1005.0088500976562,623.4705810546875,126.9793701171875,-649.3592529296875,992.41015625,-1500.0,-1005.0088500976562,623.4705810546875,126.9793701171875,-649.3592529296875,992.41015625
11.600000604987144,3.0521891117095947,-1.1942397356033325,-1.4003205299377441,-0.9481027126312256,1.5259917974472046,0.620367169380188,-0.46140235662460327,0.0897042453289032,0.11094846576452255,0.22090262174606323,0.17538923025131226,1.1778128147125244,-1.70111083984375,1.07708740234375,3.45196533203125,0.80584716796875,-0.23186111450195312,-0.03814697265625,-1.70111083984375,1.07708740234375,3.45196533203125,0.80584716796875,-0.23186111450195312,-0.03814697265625,-1.70111083984375,1.07708740234375,3.45196533203125,0.80584716796875,-0.23186111450195312,-0.03814697265625
11.616667272523046,3.043304920196533,-1.193433403968811,-1.3984442949295044,-0.944474995136261,1.52849543094635,0.6401857733726501,-0.5319424271583557,0.05386862903833389,0.1292218714952469,0.22145281732082367,0.14938196539878845,1.1888519525527954,-1500.0,-1400.13623046875,809.2442016601562,167.87649536132812,-940.385986328125,1234.2572021484375,-1500.0,-1400.13623046875,809.2442016601562,167.87649536132812,-940.385986328125,1234.2572021484375,-1500.0,-1400.13623046875,809.2442016601562,167.87649536132812,-940.385986328125,1234.2572021484375
11.633333940058947,3.0345375537872314,-1.1926544904708862,-1.3966044187545776,-0.9409081339836121,1.530946135520935,0.6596781015396118,-0.5231651663780212,0.053086038678884506,0.12736821174621582,0.21788324415683746,0.14693155884742737,1.1693590879440308,-1.56402587890625,1.03515625,3.25860595703125,0.75994873046875,-0.2407989501953125,-0.052459716796875,-1.56402587890625,1.03515625,3.25860595703125,0.75994873046875,-0.2407989501953125,-0.052459716796875,-1.56402587890625,1.03515625,3.25860595703125,0.75994873046875,-0.2407989501953125,-0.052459716796875
11.650000607594848,3.0249345302581787,-1.1923255920410156,-1.3945471048355103,-0.9373471736907959,1.533054232597351,0.6792038083076477,-0.5746105313301086,0.025396911427378654,0.13998259603977203,0.21742230653762817,0.12583135068416595,1.171299695968628,-1500.0,-1093.3349609375,590.2561645507812,124.77752685546875,-759.9300537109375,858.6168823242188,-1500.0,-1093.3349609375,590.2561645507812,124.77752685546875,-759.9300537109375,858.6168823242188,-1500.0,-1093.3349609375,590.2561645507812,124.77752685546875,-759.9300537109375,858.6168823242188
11.666667275130749,3.0154685974121094,-1.1920140981674194,-1.3925294876098633,-0.9338468909263611,1.5351191759109497,0.6984074711799622,-0.5651346445083618,0.025081586092710495,0.13795219361782074,0.2139185518026352,0.12376733869314194,1.1520953178405762,-1.6713104248046875,1.0743408203125,3.38818359375,0.776641845703125,-0.24557113647460938,-0.0357666015625,-1.6713104248046875,1.0743408203125,3.38818359375,0.776641845703125,-0.24557113647460938,-0.0357666015625,-1.6713104248046875,1.0743408203125,3.38818359375,0.776641845703125,-0.24557113647460938,-0.0357666015625
11.68333394266665,3.005156993865967,-1.1921584606170654,-1.3903018236160278,-0.9303510189056396,1.5368281602859497,0.7176258563995361,-0.6170997619628906,-0.003037189831957221,0.1499815285205841,0.2134847790002823,0.10192888975143433,1.1529017686843872,-1500.0,-1129.4334716796875,573.707275390625,123.27850341796875,-805.3946533203125,800.9672241210938,-1500.0,-1129.4334716796875,573.707275390625,123.27850341796875,-805.3946533203125,800.9672241210938,-1500.0,-1129.4334716796875,573.707275390625,123.27850341796875,-805.3946533203125,800.9672241210938
11.70000061020255,2.994994640350342,-1.1923136711120605,-1.3881192207336426,-0.926915168762207,1.5385005474090576,0.7365273237228394,-0.6069262623786926,-0.002886321395635605,0.14778448641300201,0.21004599332809448,0.10025812685489655,1.1340001821517944,-1.7237701416015625,1.092041015625,3.42730712890625,0.794525146484375,-0.21606826782226562,-0.0262298583984375,-1.7237701416015625,1.092041015625,3.42730712890625,0.794525146484375,-0.21606826782226562,-0.0262298583984375,-1.7237701416015625,1.092041015625,3.42730712890625,0.794525146484375,-0.21606826782226562,-0.0262298583984375
11.716667277738452,2.9836342334747314,-1.193088173866272,-1.3856573104858398,-0.9234651923179626,1.539689064025879,0.7555226683616638,-0.6804394721984863,-0.041153427213430405,0.16362984478473663,0.21060121059417725,0.0705207958817482,1.1394593715667725,-1500.0,-1500.0,735.5302734375,160.95343017578125,-1142.1251220703125,978.1408081054688,-1500.0,-1500.0,735.5302734375,160.95343017578125,-1142.1251220703125,978.1408081054688,-1500.0,-1500.0,735.5302734375,160.95343017578125,-1142.1251220703125,978.1408081054688
11.733333945274353,2.972432851791382,-1.1938685178756714,-1.38325035572052,-0.920076310634613,1.540846347808838,0.774204432964325,-0.6692255735397339,-0.04037824273109436,0.16120430827140808,0.20720833539962769,0.06936577707529068,1.1207773685455322,-1.583099365234375,1.05352783203125,3.239501953125,0.745635986328125,-0.17255401611328125,-0.04052734375,-1.583099365234375,1.05352783203125,3.239501953125,0.745635986328125,-0.17255401611328125,-0.04052734375,-1.583099365234375,1.05352783203125,3.239501953125,0.745635986328125,-0.17255401611328125,-0.04052734375
11.750000612810254,2.9603703022003174,-1.1951175928115845,-1.380653738975525,-0.9166908264160156,1.5416231155395508,0.7928547263145447,-0.7221353054046631,-0.0693923756480217,0.17176686227321625,0.20675396919250488,0.045943520963191986,1.1187853813171387,-1500.0,-1209.42236328125,529.8048706054688,118.03268432617188,-906.0558471679688,666.2964477539062,-1500.0,-1209.42236328125,529.8048706054688,118.03268432617188,-906.0558471679688,666.2964477539062,-1500.0,-1209.42236328125,529.8048706054688,118.03268432617188,-906.0558471679688,666.2964477539062
11.766667280346155,2.948486804962158,-1.1963611841201782,-1.3781123161315918,-0.9133650660514832,1.5423773527145386,0.8111972212791443,-0.7102391719818115,-0.06815320998430252,0.16920921206474304,0.2034246176481247,0.045190270990133286,1.1004425287246704,-1.71661376953125,1.10595703125,3.43798828125,0.7879638671875,-0.23633193969726562,-0.0357666015625,-1.71661376953125,1.10595703125,3.43798828125,0.7879638671875,-0.23633193969726562,-0.0357666015625,-1.71661376953125,1.10595703125,3.43798828125,0.7879638671875,-0.23633193969726562,-0.0357666015625
11.783333947882056,2.935734748840332,-1.1980786323547363,-1.3753900527954102,-0.9100422263145447,1.542740821838379,0.829490065574646,-0.763537585735321,-0.09750796854496002,0.17912442982196808,0.20295831561088562,0.02116451784968376,1.0973702669143677,-1500.0,-1241.7554931640625,509.0135192871094,115.060791015625,-946.7064208984375,608.7994384765625,-1500.0,-1241.7554931640625,509.0135192871094,115.060791015625,-946.7064208984375,608.7994384765625,-1500.0,-1241.7554931640625,509.0135192871094,115.060791015625,-946.7064208984375,608.7994384765625
11.800000615417957,2.923172950744629,-1.1997840404510498,-1.3727270364761353,-0.9067787528038025,1.5430890321731567,0.8474810719490051,-0.7509623765945435,-0.09580744057893753,0.17644427716732025,0.19969139993190765,0.020818490535020828,1.0793789625167847,-1.807220458984375,1.1328125,3.5142822265625,0.79931640625,-0.21502304077148438,-0.0238494873046875,-1.807220458984375,1.1328125,3.5142822265625,0.79931640625,-0.21502304077148438,-0.0238494873046875,-1.807220458984375,1.1328125,3.5142822265625,0.79931640625,-0.21502304077148438,-0.0238494873046875
11.816667282953858,2.9093730449676514,-1.202138900756836,-1.369822382926941,-0.9035012125968933,1.5429019927978516,0.8654763102531433,-0.8268224596977234,-0.1360873430967331,0.18953195214271545,0.20008480548858643,-0.012054468505084515,1.0794527530670166,-1500.0,-1500.0,642.9940795898438,147.60076904296875,-1322.5797119140625,722.7420654296875,-1500.0,-1500.0,642.9940795898438,147.60076904296875,-1322.5797119140625,722.7420654296875,-1500.0,-1500.0,642.9940795898438,147.60076904296875,-1322.5797119140625,722.7420654296875
11.83333395048976,2.8957746028900146,-1.2044774293899536,-1.3669887781143188,-0.9002848863601685,1.5427052974700928,0.883174479007721,-0.81320720911026,-0.13375481963157654,0.18667513132095337,0.19686348736286163,-0.011855215765535831,1.0617551803588867,-1.6331672668457031,1.108642578125,3.3009033203125,0.762939453125,-0.1796722412109375,-0.01910400390625,-1.6331672668457031,1.108642578125,3.3009033203125,0.762939453125,-0.1796722412109375,-0.01910400390625,-1.6331672668457031,1.108642578125,3.3009033203125,0.762939453125,-0.1796722412109375,-0.01910400390625
11.85000061802566,2.881298303604126,-1.207298994064331,-1.363996148109436,-0.8970716595649719,1.5420981645584106,0.9007790684700012,-0.8670978546142578,-0.1637728214263916,0.19499723613262177,0.19628460705280304,-0.03711773082613945,1.0560448169708252,-1500.0,-1312.39599609375,456.150146484375,106.17376708984375,-1035.008056640625,475.7332763671875,-1500.0,-1312.39599609375,456.150146484375,106.17376708984375,-1035.008056640625,475.7332763671875,-1500.0,-1312.39599609375,456.150146484375,106.17376708984375,-1035.008056640625,475.7332763671875
11.866667285561562,2.8670401573181152,-1.2100924253463745,-1.361072301864624,-0.8939177393913269,1.5414913892745972,0.9180927872657776,-0.8528244495391846,-0.16098447144031525,0.19205345213413239,0.19312602281570435,-0.0365084670484066,1.0387307405471802,-1.809600830078125,1.18670654296875,3.56072998046875,0.799896240234375,-0.22202682495117188,-0.0357666015625,-1.809600830078125,1.18670654296875,3.56072998046875,0.799896240234375,-0.22202682495117188,-0.0357666015625,-1.809600830078125,1.18670654296875,3.56072998046875,0.799896240234375,-0.22202682495117188,-0.0357666015625
11.883333953097463,2.851901054382324,-1.2133716344833374,-1.357999324798584,-0.8907670974731445,1.5404657125473022,0.9352962970733643,-0.9069517850875854,-0.19124840199947357,0.19968745112419128,0.19249269366264343,-0.062224194407463074,1.0320137739181519,-1500.0,-1340.5162353515625,431.9333801269531,101.5120849609375,-1069.88623046875,419.442626953125,-1500.0,-1340.5162353515625,431.9333801269531,101.5120849609375,-1069.88623046875,419.442626953125,-1500.0,-1340.5162353515625,431.9333801269531,101.5120849609375,-1069.88623046875,419.442626953125
11.900000620633364,2.836991548538208,-1.2166162729263306,-1.354998230934143,-0.8876752257347107,1.53944730758667,0.9522156119346619,-0.8920264840126038,-0.18800905346870422,0.19666548073291779,0.1893964260816574,-0.061202649027109146,1.0150948762893677,-1.9478759765625,1.2093505859375,3.65435791015625,0.819549560546875,-0.230072021484375,-0.019073486328125,-1.9478759765625,1.2093505859375,3.65435791015625,0.819549560546875,-0.230072021484375,-0.019073486328125,-1.9478759765625,1.2093505859375,3.65435791015625,0.819549560546875,-0.230072021484375,-0.019073486328125
11.916667288169265,2.820816993713379,-1.2205318212509155,-1.3517968654632568,-0.884572446346283,1.537853479385376,0.9690542817115784,-0.969512403011322,-0.2298547476530075,0.2067592889070511,0.18944428861141205,-0.09653683751821518,1.0100727081298828,-1500.0,-1500.0,535.2389526367188,126.80947875976562,-1477.3194580078125,472.6219482421875,-1500.0,-1500.0,535.2389526367188,126.80947875976562,-1477.3194580078125,472.6219482421875,-1500.0,-1500.0,535.2389526367188,126.80947875976562,-1477.3194580078125,472.6219482421875
11.933333955705166,2.8048832416534424,-1.2244107723236084,-1.3486804962158203,-0.8815304636955261,1.5362720489501953,0.985614538192749,-0.953557014465332,-0.22598382830619812,0.2036142796278,0.1863962709903717,-0.09495238214731216,0.993511974811554,-1.6880035400390625,1.15869140625,3.43206787109375,0.783782958984375,-0.19878196716308594,-0.03814697265625,-1.6880035400390625,1.15869140625,3.43206787109375,0.783782958984375,-0.19878196716308594,-0.03814697265625,-1.6880035400390625,1.15869140625,3.43206787109375,0.783782958984375,-0.19878196716308594,-0.03814697265625
11.950000623241067,2.788064956665039,-1.2287805080413818,-1.3454378843307495,-0.8784945011138916,1.5342590808868408,1.0020244121551514,-1.0078774690628052,-0.2566690146923065,0.2095811665058136,0.1855514496564865,-0.12152368575334549,0.984361469745636,-1500.0,-1400.9130859375,372.1457824707031,88.5057373046875,-1143.6065673828125,290.3389892578125,-1500.0,-1400.9130859375,372.1457824707031,88.5057373046875,-1143.6065673828125,290.3389892578125,-1500.0,-1400.9130859375,372.1457824707031,88.5057373046875,-1143.6065673828125,290.3389892578125
11.966667290776968,2.7715046405792236,-1.2331005334854126,-1.3422751426696777,-0.8755165934562683,1.5322684049606323,1.0181626081466675,-0.9912975430488586,-0.2523551881313324,0.20639461278915405,0.18256843090057373,-0.11952999979257584,0.968222439289093,-1.9311904907226562,1.28387451171875,3.765869140625,0.860076904296875,-0.23573684692382812,-0.0357666015625,-1.9311904907226562,1.28387451171875,3.765869140625,0.860076904296875,-0.23573684692382812,-0.0357666015625,-1.9311904907226562,1.28387451171875,3.765869140625,0.860076904296875,-0.23573684692382812,-0.0357666015625
11.983333958312869,2.7540597915649414,-1.2379122972488403,-1.3389965295791626,-0.8725457191467285,1.5298411846160889,1.0341347455978394,-1.045687198638916,-0.28318798542022705,0.2116542011499405,0.18162615597248077,-0.14639197289943695,0.9581555724143982,-1500.0,-1424.4722900390625,345.4017639160156,82.0213623046875,-1171.8240966796875,236.196533203125,-1500.0,-1424.4722900390625,345.4017639160156,82.0213623046875,-1171.8240966796875,236.196533203125,-1500.0,-1424.4722900390625,345.4017639160156,82.0213623046875,-1171.8240966796875,236.196533203125
12.00000062584877,2.7368810176849365,-1.2426685094833374,-1.335800051689148,-0.8696323037147522,1.5274429321289062,1.0498424768447876,-1.028488278388977,-0.27843841910362244,0.2084328979253769,0.17870701849460602,-0.14399024844169617,0.9424471855163574,-2.079010009765625,1.31011962890625,3.87371826171875,0.87738037109375,-0.2563018798828125,-0.014312744140625,-2.079010009765625,1.31011962890625,3.87371826171875,0.87738037109375,-0.2563018798828125,-0.014312744140625,-2.079010009765625,1.31011962890625,3.87371826171875,0.87738037109375,-0.2563018798828125,-0.014312744140625
12.016667293384671,2.7184269428253174,-1.2481087446212769,-1.3324474096298218,-0.8667148351669312,1.5244425535202026,1.0653913021087646,-1.1067851781845093,-0.3213801681995392,0.21539747714996338,0.17821678519248962,-0.18104656040668488,0.9327017664909363,-1500.0,-1500.0,416.3372802734375,97.91970825195312,-1500.0,232.11236572265625,-1500.0,-1500.0,416.3372802734375,97.91970825195312,-1500.0,232.11236572265625,-1500.0,-1500.0,416.3372802734375,97.91970825195312,-1500.0,232.11236572265625
12.033333960920572,2.700249195098877,-1.2534927129745483,-1.3291902542114258,-0.8638571500778198,1.5214762687683105,1.0806825160980225,-1.088581919670105,-0.31600603461265564,0.21210677921772003,0.17535176873207092,-0.178075909614563,0.9174097180366516,-1.8453598022460938,1.262420654296875,3.64837646484375,0.830291748046875,-0.2104043960571289,-0.02386474609375,-1.8453598022460938,1.262420654296875,3.64837646484375,0.830291748046875,-0.2104043960571289,-0.02386474609375,-1.8453598022460938,1.262420654296875,3.64837646484375,0.830291748046875,-0.2104043960571289,-0.02386474609375
12.050000628456473,2.681192636489868,-1.2593687772750854,-1.3258414268493652,-0.8610110282897949,1.5180675983428955,1.0957720279693604,-1.142723560333252,-0.3470110595226288,0.21567943692207336,0.174098402261734,-0.2053898125886917,0.9051493406295776,-1500.0,-1473.8416748046875,280.90594482421875,64.64599609375,-1229.176513671875,113.12725830078125,-1500.0,-1473.8416748046875,280.90594482421875,64.64599609375,-1229.176513671875,113.12725830078125,-1500.0,-1473.8416748046875,280.90594482421875,64.64599609375,-1229.176513671875,113.12725830078125
12.066667295992374,2.662428855895996,-1.265174388885498,-1.3225804567337036,-0.858221173286438,1.5147024393081665,1.1106129884719849,-1.1239365339279175,-0.3412126898765564,0.2123909443616867,0.17130236327648163,-0.20202134549617767,0.8903088569641113,-2.1028518676757812,1.401885986328125,4.04656982421875,0.935791015625,-0.2735862731933594,-0.03814697265625,-2.1028518676757812,1.401885986328125,4.04656982421875,0.935791015625,-0.2735862731933594,-0.03814697265625,-2.1028518676757812,1.401885986328125,4.04656982421875,0.935791015625,-0.2735862731933594,-0.03814697265625
12.083333963528275,2.642789363861084,-1.2714718580245972,-1.3192379474639893,-0.8554449081420898,1.51089346408844,1.1252368688583374,-1.1779601573944092,-0.3722653090953827,0.21526050567626953,0.16990892589092255,-0.22945523262023926,0.8772332668304443,-1500.0,-1492.5670166015625,252.65093994140625,56.278717041015625,-1250.0184326171875,61.8934326171875,-1500.0,-1492.5670166015625,252.65093994140625,56.278717041015625,-1250.0184326171875,61.8934326171875,-1500.0,-1492.5670166015625,252.65093994140625,56.278717041015625,-1250.0184326171875,61.8934326171875
12.100000631064177,2.623450994491577,-1.2776929140090942,-1.3159852027893066,-0.852724015712738,1.5071344375610352,1.1396195888519287,-1.158597707748413,-0.3660513758659363,0.2119789719581604,0.1671813428401947,-0.2256920337677002,0.8628511428833008,-2.25543212890625,1.43646240234375,4.16815185546875,0.965576171875,-0.303985595703125,-0.03814697265625,-2.25543212890625,1.43646240234375,4.16815185546875,0.965576171875,-0.303985595703125,-0.03814697265625,-2.25543212890625,1.43646240234375,4.16815185546875,0.965576171875,-0.303985595703125,-0.03814697265625
12.116667298600078,2.602841854095459,-1.2846037149429321,-1.3126200437545776,-0.850010097026825,1.502759337425232,1.1537708044052124,-1.2368072271347046,-0.40960538387298584,0.2157842218875885,0.16595979034900665,-0.26368677616119385,0.8488194346427917,-1500.0,-1500.0,290.69366455078125,60.5982666015625,-1500.0,4.7469482421875,-1500.0,-1500.0,290.69366455078125,60.5982666015625,-1500.0,4.7469482421875,-1500.0,-1500.0,290.69366455078125,60.5982666015625,-1500.0,4.7469482421875
12.133333966135979,2.5825417041778564,-1.2914386987686157,-1.309360384941101,-0.8473541736602783,1.4984394311904907,1.1676886081695557,-1.2164767980575562,-0.40278124809265137,0.21248392760753632,0.16329458355903625,-0.2593607008457184,0.8349026441574097,-1.94073486328125,1.39117431640625,3.87725830078125,0.90362548828125,-0.21576881408691406,-0.03338623046875,-1.94073486328125,1.39117431640625,3.87725830078125,0.90362548828125,-0.21576881408691406,-0.03338623046875,-1.94073486328125,1.39117431640625,3.87725830078125,0.90362548828125,-0.21576881408691406,-0.03338623046875
12.15000063367188,2.5613794326782227,-1.2987618446350098,-1.3060424327850342,-0.8447184562683105,1.4936753511428833,1.1813570261001587,-1.2697744369506836,-0.4337550401687622,0.21370293200016022,0.1614951193332672,-0.2868287265300751,0.8199009895324707,-1500.0,-1500.0,185.869384765625,34.48785400390625,-1289.591796875,-53.37237548828125,-1500.0,-1500.0,185.869384765625,34.48785400390625,-1289.591796875,-53.37237548828125,-1500.0,-1500.0,185.869384765625,34.48785400390625,-1289.591796875,-53.37237548828125
12.16666730120778,2.5405428409576416,-1.3059947490692139,-1.3028182983398438,-0.8421362638473511,1.4889764785766602,1.1947979927062988,-1.2489107847213745,-0.4265299439430237,0.21044708788394928,0.15890540182590485,-0.2821250557899475,0.8064585328102112,-2.2459030151367188,1.55450439453125,4.39111328125,1.0377197265625,-0.3075599670410156,-0.042938232421875,-2.2459030151367188,1.55450439453125,4.39111328125,1.0377197265625,-0.3075599670410156,-0.042938232421875,-2.2459030151367188,1.55450439453125,4.39111328125,1.0377197265625,-0.3075599670410156,-0.042938232421875
12.183333968743682,2.518850326538086,-1.3137136697769165,-1.299545168876648,-0.8395772576332092,1.483834981918335,1.2079799175262451,-1.3018909692764282,-0.4574492573738098,0.21098965406417847,0.15692560374736786,-0.30953964591026306,0.7907577157020569,-1500.0,-1500.0,157.123779296875,24.240631103515625,-1302.58447265625,-100.760498046875,-1500.0,-1500.0,157.123779296875,24.240631103515625,-1302.58447265625,-100.760498046875,-1500.0,-1500.0,157.123779296875,24.240631103515625,-1302.58447265625,-100.760498046875
12.200000636279583,2.4974915981292725,-1.321336269378662,-1.2963666915893555,-0.8370705842971802,1.478764533996582,1.220943808555603,-1.2805033922195435,-0.4498342275619507,0.20777899026870728,0.15441055595874786,-0.3044629395008087,0.7777941823005676,-2.3221893310546875,1.57952880859375,4.4959716796875,1.072296142578125,-0.3409385681152344,-0.0047607421875,-2.3221893310546875,1.57952880859375,4.4959716796875,1.072296142578125,-0.3409385681152344,-0.0047607421875,-2.3221893310546875,1.57952880859375,4.4959716796875,1.072296142578125,-0.3409385681152344,-0.0047607421875
12.216667303815484,2.4748833179473877,-1.3296462297439575,-1.293120265007019,-0.8345864415168762,1.4730770587921143,1.2336139678955078,-1.357650876045227,-0.49350717663764954,0.2085009217262268,0.15227475762367249,-0.34258535504341125,0.759972095489502,-1500.0,-1500.0,162.91259765625,14.9488525390625,-1500.0,-206.11529541015625,-1500.0,-1500.0,162.91259765625,14.9488525390625,-1500.0,-206.11529541015625,-1500.0,-1500.0,162.91259765625,14.9488525390625,-1500.0,-206.11529541015625
12.233333971351385,2.452613115310669,-1.3378623723983765,-1.2899848222732544,-0.8321567177772522,1.4674652814865112,1.2460741996765137,-1.3353474140167236,-0.4853037893772125,0.20532052218914032,0.1498332917690277,-0.33696645498275757,0.7475117444992065,-1.959808349609375,1.527099609375,4.17828369140625,1.01507568359375,-0.2551078796386719,-0.03814697265625,-1.959808349609375,1.527099609375,4.17828369140625,1.01507568359375,-0.2551078796386719,-0.03814697265625,-1.959808349609375,1.527099609375,4.17828369140625,1.01507568359375,-0.2551078796386719,-0.03814697265625
12.250000638887286,2.4295105934143066,-1.3465570211410522,-1.2868231534957886,-0.8297587037086487,1.4614176750183105,1.258246898651123,-1.3870924711227417,-0.5158923864364624,0.2043011337518692,0.14736130833625793,-0.36399438977241516,0.7301705479621887,-1500.0,-1500.0,90.4345703125,-1.796478271484375,-1323.3577880859375,-206.7518310546875,-1500.0,-1500.0,90.4345703125,-1.796478271484375,-1323.3577880859375,-206.7518310546875,-1500.0,-1500.0,90.4345703125,-1.796478271484375,-1323.3577880859375,-206.7518310546875
12.266667306423187,2.40676212310791,-1.3551418781280518,-1.2837584018707275,-0.8274102807044983,1.4554554224014282,1.2702187299728394,-1.364315390586853,-0.507315456867218,0.20120224356651306,0.1450030654668808,-0.3580256700515747,0.7181997895240784,-2.269744873046875,1.72613525390625,4.74334716796875,1.16229248046875,-0.3361701965332031,-0.01190185546875,-2.269744873046875,1.72613525390625,4.74334716796875,1.16229248046875,-0.3361701965332031,-0.01190185546875,-2.269744873046875,1.72613525390625,4.74334716796875,1.16229248046875,-0.3361701965332031,-0.01190185546875
12.283333973959088,2.3831918239593506,-1.364201307296753,-1.280676245689392,-0.8250977993011475,1.4490619897842407,1.2818938493728638,-1.4155285358428955,-0.5377496480941772,0.19955608248710632,0.14231447875499725,-0.3848273456096649,0.7002763152122498,-1500.0,-1500.0,62.26177978515625,-13.82470703125,-1328.1810302734375,-250.010498046875,-1500.0,-1500.0,62.26177978515625,-13.82470703125,-1328.1810302734375,-250.010498046875,-1500.0,-1500.0,62.26177978515625,-13.82470703125,-1328.1810302734375,-250.010498046875
12.30000064149499,2.3599812984466553,-1.3731456995010376,-1.277691125869751,-0.8228330016136169,1.4427590370178223,1.293373703956604,-1.392289161682129,-0.5288134813308716,0.19653645157814026,0.14003945887088776,-0.3785175085067749,0.6887938976287842,-2.3746490478515625,1.7237548828125,4.82196044921875,1.219482421875,-0.37670135498046875,-0.0762939453125,-2.3746490478515625,1.7237548828125,4.82196044921875,1.219482421875,-0.37670135498046875,-0.0762939453125,-2.3746490478515625,1.7237548828125,4.82196044921875,1.219482421875,-0.37670135498046875,-0.0762939453125
12.31666730903089,2.335561990737915,-1.382767915725708,-1.274680495262146,-0.8206106424331665,1.4358527660369873,1.3045059442520142,-1.4673380851745605,-0.572110652923584,0.19435662031173706,0.136824369430542,-0.4159507751464844,0.6677082777023315,-1500.0,-1500.0,37.72674560546875,-38.560028076171875,-1500.0,-398.1470947265625,-1500.0,-1500.0,37.72674560546875,-38.560028076171875,-1500.0,-398.1470947265625,-1500.0,-1500.0,37.72674560546875,-38.560028076171875,-1500.0,-398.1470947265625
12.333333976566792,2.3115055561065674,-1.3922781944274902,-1.2717838287353516,-0.8184370398521423,1.429040551185608,1.315451979637146,-1.44324791431427,-0.5626130700111389,0.19141164422035217,0.1346362829208374,-0.409130334854126,0.6567609310150146,-1.902557373046875,1.711822509765625,4.4947509765625,1.149200439453125,-0.306365966796875,-0.011932373046875,-1.902557373046875,1.711822509765625,4.4947509765625,1.149200439453125,-0.306365966796875,-0.011932373046875,-1.902557373046875,1.711822509765625,4.4947509765625,1.149200439453125,-0.306365966796875,-0.011932373046875
12.350000644102693,2.2866578102111816,-1.402252435684204,-1.2688899040222168,-0.8163104057312012,1.4218103885650635,1.3260802030563354,-1.492698311805725,-0.5924692153930664,0.18834635615348816,0.13138116896152496,-0.43513223528862,0.6374967098236084,-1500.0,-1500.0,-1.78515625,-43.79986572265625,-1329.669921875,-345.45660400390625,-1500.0,-1500.0,-1.78515625,-43.79986572265625,-1329.669921875,-345.45660400390625,-1500.0,-1500.0,-1.78515625,-43.79986572265625,-1329.669921875,-345.45660400390625
12.366667311638594,2.2621898651123047,-1.412097692489624,-1.2660938501358032,-0.8142273426055908,1.4146838188171387,1.3365334272384644,-1.468200445175171,-0.5826320648193359,0.1855146437883377,0.12928633391857147,-0.4279986619949341,0.6270449161529541,-2.13623046875,1.9073486328125,5.06939697265625,1.339324951171875,-0.38743019104003906,-0.016693115234375,-2.13623046875,1.9073486328125,5.06939697265625,1.339324951171875,-0.38743019104003906,-0.016693115234375,-2.13623046875,1.9073486328125,5.06939697265625,1.339324951171875,-0.38743019104003906,-0.016693115234375
12.383333979174495,2.2369437217712402,-1.4224016666412354,-1.2633082866668701,-0.8121961355209351,1.4071468114852905,1.3466588258743286,-1.5168975591659546,-0.612234890460968,0.18189215660095215,0.12578488886356354,-0.4536057710647583,0.607316255569458,-1500.0,-1500.0,-28.3575439453125,-57.410308837890625,-1326.1771240234375,-384.1685791015625,-1500.0,-1500.0,-28.3575439453125,-57.410308837890625,-1326.1771240234375,-384.1685791015625,-1500.0,-1500.0,-28.3575439453125,-57.410308837890625,-1326.1771240234375,-384.1685791015625
12.400000646710396,2.212083339691162,-1.4325724840164185,-1.260620355606079,-0.8102062940597534,1.399718999862671,1.3566163778305054,-1.4920071363449097,-0.602072536945343,0.17916852235794067,0.12378206104040146,-0.4461685121059418,0.5973589420318604,-2.17437744140625,1.876373291015625,5.11944580078125,1.39923095703125,-0.4124641418457031,-0.03814697265625,-2.17437744140625,1.876373291015625,5.11944580078125,1.39923095703125,-0.4124641418457031,-0.03814697265625,-2.17437744140625,1.876373291015625,5.11944580078125,1.39923095703125,-0.4124641418457031,-0.03814697265625
12.416667314246297,2.1860697269439697,-1.443403720855713,-1.2579436302185059,-0.8082832098007202,1.3917133808135986,1.3661792278289795,-1.5638798475265503,-0.6445043087005615,0.17436924576759338,0.11934886872768402,-0.48211365938186646,0.5735533237457275,-1500.0,-1500.0,-80.12060546875,-99.08648681640625,-1500.0,-569.7249755859375,-1500.0,-1500.0,-80.12060546875,-99.08648681640625,-1500.0,-569.7249755859375,-1500.0,-1500.0,-80.12060546875,-99.08648681640625,-1500.0,-569.7249755859375
12.433333981782198,2.160442590713501,-1.454105257987976,-1.2553824186325073,-0.8064010739326477,1.383818507194519,1.3755836486816406,-1.5382193326950073,-0.6338163018226624,0.17175862193107605,0.11744914203882217,-0.4742104411125183,0.5641491413116455,-1.64984130859375,1.847747802734375,4.781494140625,1.317840576171875,-0.33020782470703125,-0.014312744140625,-1.64984130859375,1.847747802734375,4.781494140625,1.317840576171875,-0.33020782470703125,-0.014312744140625,-1.64984130859375,1.847747802734375,4.781494140625,1.317840576171875,-0.33020782470703125,-0.014312744140625
12.450000649318099,2.134075403213501,-1.4652514457702637,-1.252848744392395,-0.8045835494995117,1.3755335807800293,1.3846426010131836,-1.5846139192581177,-0.6626019477844238,0.16690759360790253,0.11332351714372635,-0.49862271547317505,0.543376088142395,-1500.0,-1500.0,-87.33990478515625,-90.78680419921875,-1308.317138671875,-468.559326171875,-1500.0,-1500.0,-87.33990478515625,-90.78680419921875,-1308.317138671875,-468.559326171875,-1500.0,-1500.0,-87.33990478515625,-90.78680419921875,-1308.317138671875,-468.559326171875
12.466667316854,2.1081109046936035,-1.4762510061264038,-1.250411868095398,-0.8028022050857544,1.3673691749572754,1.3935514688491821,-1.5586196184158325,-0.651610791683197,0.16443566977977753,0.1115267351269722,-0.4904497265815735,0.5344679355621338,-1.8167572021484375,2.036102294921875,5.354248046875,1.537200927734375,-0.4291534423828125,0.0047607421875,-1.8167572021484375,2.036102294921875,5.354248046875,1.537200927734375,-0.4291534423828125,0.0047607421875,-1.8167572021484375,2.036102294921875,5.354248046875,1.537200927734375,-0.4291534423828125,0.0047607421875
12.483333984389901,2.0814239978790283,-1.4876891374588013,-1.2480088472366333,-0.8010913133621216,1.3588234186172485,1.40211021900177,-1.60403573513031,-0.6800488829612732,0.15911705791950226,0.10713306814432144,-0.5143113732337952,0.5133512616157532,-1500.0,-1500.0,-111.2735595703125,-105.681396484375,-1296.6871337890625,-502.30267333984375,-1500.0,-1500.0,-111.2735595703125,-105.681396484375,-1296.6871337890625,-502.30267333984375,-1500.0,-1500.0,-111.2735595703125,-105.681396484375,-1296.6871337890625,-502.30267333984375
12.500000651925802,2.0551445484161377,-1.4989757537841797,-1.2457020282745361,-0.7994137406349182,1.350403070449829,1.4105268716812134,-1.5777276754379272,-0.6687705516815186,0.15677569806575775,0.10543864965438843,-0.5058804750442505,0.5049355030059814,-1.8548965454101562,2.024169921875,5.35009765625,1.629608154296875,-0.3910064697265625,0.014312744140625,-1.8548965454101562,2.024169921875,5.35009765625,1.629608154296875,-0.3910064697265625,0.014312744140625,-1.8548965454101562,2.024169921875,5.35009765625,1.629608154296875,-0.3910064697265625,0.014312744140625
12.516667319461703,2.027782917022705,-1.5109002590179443,-1.24343740940094,-0.7978300452232361,1.341442584991455,1.4185136556625366,-1.645323395729065,-0.7098614573478699,0.1497334986925125,0.09968146681785583,-0.5395687222480774,0.47895804047584534,-1500.0,-1500.0,-186.107177734375,-165.44284057617188,-1500.0,-719.6676635742188,-1500.0,-1500.0,-186.107177734375,-165.44284057617188,-1500.0,-719.6676635742188,-1500.0,-1500.0,-186.107177734375,-165.44284057617188,-1500.0,-719.6676635742188
12.533333986997604,2.0008294582366943,-1.5226774215698242,-1.2412872314453125,-0.7962775826454163,1.3326085805892944,1.4263659715652466,-1.6183382272720337,-0.6980974078178406,0.1475352644920349,0.09810701757669449,-0.5307256579399109,0.47110414505004883,-1.311279296875,2.002716064453125,4.99609375,1.496673583984375,-0.33139801025390625,-0.04052734375,-1.311279296875,2.002716064453125,4.99609375,1.496673583984375,-0.33139801025390625,-0.04052734375,-1.311279296875,2.002716064453125,4.99609375,1.496673583984375,-0.33139801025390625,-0.04052734375
12.550000654533505,1.9731990098953247,-1.5348759889602661,-1.239184856414795,-0.7948097586631775,1.3234193325042725,1.433856725692749,-1.6609132289886475,-0.7254906296730042,0.14122189581394196,0.09305011481046677,-0.553024172782898,0.4492320418357849,-1500.0,-1500.0,-162.8753662109375,-141.79736328125,-1259.901611328125,-575.268310546875,-1500.0,-1500.0,-162.8753662109375,-141.79736328125,-1259.901611328125,-575.268310546875,-1500.0,-1500.0,-162.8753662109375,-141.79736328125,-1259.901611328125,-575.268310546875
12.566667322069407,1.9459917545318604,-1.5469106435775757,-1.2371764183044434,-0.7933691143989563,1.3143662214279175,1.4412236213684082,-1.6336796283721924,-0.7134638428688049,0.13918054103851318,0.09159043431282043,-0.5439617037773132,0.44186586141586304,-1.506805419921875,2.1815185546875,5.56439208984375,1.76580810546875,-0.3910064697265625,-0.014312744140625,-1.506805419921875,2.1815185546875,5.56439208984375,1.76580810546875,-0.3910064697265625,-0.014312744140625,-1.506805419921875,2.1815185546875,5.56439208984375,1.76580810546875,-0.3910064697265625,-0.014312744140625
12.583333989605308,1.9181277751922607,-1.5593591928482056,-1.2352198362350464,-0.792019248008728,1.304969310760498,1.448222279548645,-1.6750551462173462,-0.7404196858406067,0.1325075775384903,0.08625131100416183,-0.5655608177185059,0.41976314783096313,-1500.0,-1500.0,-183.15496826171875,-157.6861572265625,-1240.31787109375,-604.168212890625,-1500.0,-1500.0,-183.15496826171875,-157.6861572265625,-1240.31787109375,-604.168212890625,-1500.0,-1500.0,-183.15496826171875,-157.6861572265625,-1240.31787109375,-604.168212890625
12.600000657141209,1.8906904458999634,-1.5716394186019897,-1.233356237411499,-0.7906932830810547,1.2957121133804321,1.4551053047180176,-1.6475917100906372,-0.7281472682952881,0.1306115835905075,0.08490458875894547,-0.5562949180603027,0.4128798544406891,-1.4638900756835938,2.14337158203125,5.50030517578125,1.884124755859375,-0.476837158203125,-0.0059661865234375,-1.4638900756835938,2.14337158203125,5.50030517578125,1.884124755859375,-0.476837158203125,-0.0059661865234375,-1.4638900756835938,2.14337158203125,5.50030517578125,1.884124755859375,-0.476837158203125,-0.0059661865234375
12.61666732467711,1.862257957458496,-1.584527850151062,-1.231558918952942,-0.7894906997680664,1.2859629392623901,1.4615302085876465,-1.7098171710968018,-0.7674428820610046,0.12178882211446762,0.07775428146123886,-0.5870153903961182,0.3852592408657074,-1500.0,-1500.0,-275.83746337890625,-236.23916625976562,-1500.0,-847.8533935546875,-1500.0,-1500.0,-275.83746337890625,-236.23916625976562,-1500.0,-847.8533935546875,-1500.0,-1500.0,-275.83746337890625,-236.23916625976562,-1500.0,-847.8533935546875
12.63333399221301,1.8342514038085938,-1.5972528457641602,-1.2298738956451416,-0.7883083820343018,1.2763546705245972,1.4678486585617065,-1.6817831993103027,-0.7547310590744019,0.12005788832902908,0.076544389128685,-0.5773954391479492,0.3789416551589966,-0.95367431640625,2.112396240234375,5.18023681640625,1.6697998046875,-0.2765655517578125,-0.0250244140625,-0.95367431640625,2.112396240234375,5.18023681640625,1.6697998046875,-0.2765655517578125,-0.0250244140625,-0.95367431640625,2.112396240234375,5.18023681640625,1.6697998046875,-0.2765655517578125,-0.0250244140625
12.650000659748912,1.8056422472000122,-1.610371470451355,-1.2282499074935913,-0.7872311472892761,1.2664331197738647,1.4737908840179443,-1.719795823097229,-0.7804303765296936,0.11266357451677322,0.07052476704120636,-0.5971056222915649,0.356352835893631,-1500.0,-1500.0,-225.118408203125,-195.68948364257812,-1185.6484375,-665.8458251953125,-1500.0,-1500.0,-225.118408203125,-195.68948364257812,-1185.6484375,-665.8458251953125,-1500.0,-1500.0,-225.118408203125,-195.68948364257812,-1185.6484375,-665.8458251953125
12.666667327284813,1.7774735689163208,-1.6233094930648804,-1.2267156839370728,-0.7861713767051697,1.2566604614257812,1.479633092880249,-1.6916019916534424,-0.7674989700317383,0.1110992431640625,0.06944091618061066,-0.5873231887817383,0.3505096137523651,-1.05859375,2.303131103515625,5.69464111328125,2.0059814453125,-0.37908935546875,0.01788330078125,-1.05859375,2.303131103515625,5.69464111328125,2.0059814453125,-0.37908935546875,0.01788330078125,-1.05859375,2.303131103515625,5.69464111328125,2.0059814453125,-0.37908935546875,0.01788330078125
12.683333994820714,1.7487248182296753,-1.636633276939392,-1.225245475769043,-0.785223126411438,1.2465883493423462,1.4850987195968628,-1.7282004356384277,-0.7926788926124573,0.10346610099077225,0.06313487142324448,-0.6062045097351074,0.32779839634895325,-1500.0,-1500.0,-240.90289306640625,-212.156494140625,-1158.597412109375,-689.7818603515625,-1500.0,-1500.0,-240.90289306640625,-212.156494140625,-1158.597412109375,-689.7818603515625,-1500.0,-1500.0,-240.90289306640625,-212.156494140625,-1158.597412109375,-689.7818603515625
12.700000662356615,1.72041916847229,-1.6497730016708374,-1.2238634824752808,-0.7842891216278076,1.2366678714752197,1.4904749393463135,-1.6998727321624756,-0.7795463800430298,0.1020553708076477,0.062174927443265915,-0.5962740778923035,0.32242411375045776,-1.10626220703125,2.2530517578125,5.614501953125,2.155303955078125,-0.4601478576660156,0.0417327880859375,-1.10626220703125,2.2530517578125,5.614501953125,2.155303955078125,-0.4601478576660156,0.0417327880859375,-1.10626220703125,2.2530517578125,5.614501953125,2.155303955078125,-0.4601478576660156,0.0417327880859375
12.716667329892516,1.6912204027175903,-1.663486123085022,-1.222563624382019,-0.7835078835487366,1.226314663887024,1.4953726530075073,-1.75566828250885,-0.8166204690933228,0.09198828041553497,0.053602658212184906,-0.6233864426612854,0.29365527629852295,-1500.0,-1500.0,-345.3489990234375,-309.7383728027344,-1498.88525390625,-954.83056640625,-1500.0,-1500.0,-345.3489990234375,-309.7383728027344,-1498.88525390625,-954.83056640625,-1500.0,-1500.0,-345.3489990234375,-309.7383728027344,-1498.88525390625,-954.83056640625
12.733333997428417,1.6624642610549927,-1.6770198345184326,-1.2213715314865112,-0.7827358841896057,1.2161130905151367,1.5001888275146484,-1.7268874645233154,-0.8030996322631836,0.0907544195652008,0.05279790610074997,-0.6131730079650879,0.2888396084308624,-0.586517333984375,2.2173004150390625,5.34027099609375,1.90289306640625,-0.26226806640625,0.014312744140625,-0.586517333984375,2.2173004150390625,5.34027099609375,1.90289306640625,-0.26226806640625,0.014312744140625,-0.586517333984375,2.2173004150390625,5.34027099609375,1.90289306640625,-0.26226806640625,0.014312744140625
12.750000664964318,1.6331887245178223,-1.6909154653549194,-1.2202482223510742,-0.7820891737937927,1.2056474685668945,1.5046244859695435,-1.7596315145492554,-0.8268293142318726,0.08270424604415894,0.04581525921821594,-0.6298807263374329,0.26588916778564453,-1500.0,-1500.0,-271.28277587890625,-251.13433837890625,-1087.3175048828125,-740.600830078125,-1500.0,-1500.0,-271.28277587890625,-251.13433837890625,-1087.3175048828125,-740.600830078125,-1500.0,-1500.0,-271.28277587890625,-251.13433837890625,-1087.3175048828125,-740.600830078125
12.76666733250022,1.6043676137924194,-1.7046167850494385,-1.21920907497406,-0.7814501523971558,1.195340871810913,1.508985996246338,-1.7307897806167603,-0.8131353259086609,0.08163874596357346,0.04514651745557785,-0.6195638179779053,0.2615281045436859,-0.743865966796875,2.38177490234375,5.79180908203125,2.303131103515625,-0.38385009765625,-0.0095367431640625,-0.743865966796875,2.38177490234375,5.79180908203125,2.303131103515625,-0.38385009765625,-0.0095367431640625,-0.743865966796875,2.38177490234375,5.79180908203125,2.303131103515625,-0.38385009765625,-0.0095367431640625
12.78333400003612,1.575053095817566,-1.7186710834503174,-1.218239665031433,-0.7809422016143799,1.1847851276397705,1.5129642486572266,-1.761922001838684,-0.8362706303596497,0.07348335534334183,0.03788389638066292,-0.63533616065979,0.23854516446590424,-1500.0,-1485.2452392578125,-281.76025390625,-267.716064453125,-1053.533447265625,-760.1452026367188,-1500.0,-1485.2452392578125,-281.76025390625,-267.716064453125,-1053.533447265625,-760.1452026367188,-1500.0,-1485.2452392578125,-281.76025390625,-267.716064453125,-1053.533447265625,-760.1452026367188
12.800000667572021,1.5461946725845337,-1.7325271368026733,-1.2173523902893066,-0.780439019203186,1.1743906736373901,1.5168765783309937,-1.7330434322357178,-0.8224210143089294,0.07257070392370224,0.03734924644231796,-0.6249304413795471,0.2346339374780655,-0.7295608520507812,2.3388671875,5.67901611328125,2.47076416015625,-0.4100799560546875,0.0423126220703125,-0.7295608520507812,2.3388671875,5.67901611328125,2.47076416015625,-0.4100799560546875,0.0423126220703125,-0.7295608520507812,2.3388671875,5.67901611328125,2.47076416015625,-0.4100799560546875,0.0423126220703125
12.816667335107923,1.51656174659729,-1.7469152212142944,-1.2165542840957642,-0.7801158428192139,1.1636306047439575,1.5203005075454712,-1.7814098596572876,-0.8568841814994812,0.061857614666223526,0.027370966970920563,-0.6478810906410217,0.20516890287399292,-1500.0,-1500.0,-391.16162109375,-384.0561218261719,-1348.6505126953125,-1041.6478271484375,-1500.0,-1500.0,-391.16162109375,-384.0561218261719,-1348.6505126953125,-1041.6478271484375,-1500.0,-1500.0,-391.16162109375,-384.0561218261719,-1348.6505126953125,-1041.6478271484375
12.833334002643824,1.4873826503753662,-1.7611106634140015,-1.2158583402633667,-0.7797919511795044,1.1530312299728394,1.5236669778823853,-1.752210259437561,-0.8427014946937561,0.06112334132194519,0.02700771763920784,-0.6372690200805664,0.20180344581604004,-0.3624267578125,2.2935943603515625,5.437744140625,2.14801025390625,-0.2217254638671875,-0.003570556640625,-0.3624267578125,2.2935943603515625,5.437744140625,2.14801025390625,-0.2217254638671875,-0.003570556640625,-0.3624267578125,2.2935943603515625,5.437744140625,2.14801025390625,-0.2217254638671875,-0.003570556640625
12.850000670179725,1.4577784538269043,-1.7756328582763672,-1.2152318954467773,-0.7796114683151245,1.142221450805664,1.526649832725525,-1.779042363166809,-0.864216685295105,0.052878476679325104,0.019095318391919136,-0.6506348252296448,0.1787993609905243,-1500.0,-1439.039794921875,-298.870361328125,-306.64984130859375,-967.354736328125,-800.7872314453125,-1500.0,-1439.039794921875,-298.870361328125,-306.64984130859375,-967.354736328125,-800.7872314453125,-1500.0,-1439.039794921875,-298.870361328125,-306.64984130859375,-967.354736328125,-800.7872314453125
12.866667337715626,1.4286381006240845,-1.7899483442306519,-1.2146828174591064,-0.7794299125671387,1.1315780878067017,1.529582142829895,-1.7498844861984253,-0.849908709526062,0.05230693891644478,0.018878646194934845,-0.6399799585342407,0.17586739361286163,-0.462554931640625,2.4557037353515625,5.866455078125,2.62677001953125,-0.3314056396484375,0.061981201171875,-0.462554931640625,2.4557037353515625,5.866455078125,2.62677001953125,-0.3314056396484375,0.061981201171875,-0.462554931640625,2.4557037353515625,5.866455078125,2.62677001953125,-0.3314056396484375,0.061981201171875
12.883334005251527,1.399100661277771,-1.8045800924301147,-1.214202642440796,-0.779396653175354,1.1207407712936401,1.5321340560913086,-1.7749247550964355,-0.8707641959190369,0.044097933918237686,0.010700371116399765,-0.6523237228393555,0.1529124230146408,-1500.0,-1417.107666015625,-303.4141845703125,-322.95062255859375,-927.6389770507812,-816.0978393554688,-1500.0,-1417.107666015625,-303.4141845703125,-322.95062255859375,-927.6389770507812,-816.0978393554688,-1500.0,-1417.107666015625,-303.4141845703125,-322.95062255859375,-927.6389770507812,-816.0978393554688
12.900000672787428,1.370027780532837,-1.8190025091171265,-1.213796854019165,-0.7793596982955933,1.1100711822509766,1.5346428155899048,-1.7458328008651733,-0.8563485145568848,0.04367145523428917,0.010626007802784443,-0.6416425704956055,0.1504041701555252,-0.4863739013671875,2.381805419921875,5.73907470703125,2.85003662109375,-0.39577484130859375,0.024444580078125,-0.4863739013671875,2.381805419921875,5.73907470703125,2.85003662109375,-0.39577484130859375,0.024444580078125,-0.4863739013671875,2.381805419921875,5.73907470703125,2.85003662109375,-0.39577484130859375,0.024444580078125
12.916667340323329,1.3403114080429077,-1.8339099884033203,-1.2134792804718018,-0.7795266509056091,1.0991108417510986,1.536657452583313,-1.7858617305755615,-0.8878521919250488,0.03295304626226425,-0.0006978174205869436,-0.659975528717041,0.12063417583703995,-1500.0,-1500.0,-410.46661376953125,-457.1683654785156,-1172.0205078125,-1110.183349609375,-1500.0,-1500.0,-410.46661376953125,-457.1683654785156,-1172.0205078125,-1110.183349609375,-1500.0,-1500.0,-410.46661376953125,-457.1683654785156,-1172.0205078125,-1110.183349609375
12.93333400785923,1.3110567331314087,-1.8486131429672241,-1.2132562398910522,-0.7796851992607117,1.0883166790008545,1.5386364459991455,-1.7565892934799194,-0.8731614351272583,0.03269656002521515,-0.0005856973002664745,-0.6491706371307373,0.11865402013063431,-0.1383056640625,2.3531875610351562,5.56683349609375,2.462799072265625,-0.2884979248046875,0.0309906005859375,-0.1383056640625,2.3531875610351562,5.56683349609375,2.462799072265625,-0.2884979248046875,0.0309906005859375,-0.1383056640625,2.3531875610351562,5.56683349609375,2.462799072265625,-0.2884979248046875,0.0309906005859375
12.950000675395131,1.281480073928833,-1.86360502243042,-1.213097333908081,-0.7800014615058899,1.077370047569275,1.5402384996414185,-1.7769421339035034,-0.8922526240348816,0.024740034714341164,-0.009362153708934784,-0.6589311957359314,0.0958605632185936,-1500.0,-1360.7930908203125,-305.9461669921875,-360.6937561035156,-828.6714477539062,-847.64599609375,-1500.0,-1360.7930908203125,-305.9461669921875,-360.6937561035156,-828.6714477539062,-847.64599609375,-1500.0,-1360.7930908203125,-305.9461669921875,-360.6937561035156,-828.6714477539062,-847.64599609375
12.966667342931032,1.2523713111877441,-1.8783798217773438,-1.2130076885223389,-0.7803100347518921,1.0665942430496216,1.541812777519226,-1.747816562652588,-0.8774834275245667,0.024631785228848457,-0.009095248766243458,-0.6481460928916931,0.0942857638001442,-0.209808349609375,2.5296173095703125,5.9586181640625,3.01495361328125,-0.38385009765625,0.0101318359375,-0.209808349609375,2.5296173095703125,5.9586181640625,3.01495361328125,-0.38385009765625,0.0101318359375,-0.209808349609375,2.5296173095703125,5.9586181640625,3.01495361328125,-0.38385009765625,0.0101318359375
12.983334010466933,1.2229715585708618,-1.8934317827224731,-1.2129794359207153,-0.7807799577713013,1.0556837320327759,1.5430104732513428,-1.766224980354309,-0.8958616852760315,0.01685759238898754,-0.018113842234015465,-0.6568233966827393,0.07160069793462753,-1500.0,-1334.76025390625,-304.0283203125,-376.2196350097656,-783.9489135742188,-859.4859008789062,-1500.0,-1334.76025390625,-304.0283203125,-376.2196350097656,-783.9489135742188,-859.4859008789062,-1500.0,-1334.76025390625,-304.0283203125,-376.2196350097656,-783.9489135742188,-859.4859008789062
13.000000678002834,1.1940381526947021,-1.9082648754119873,-1.2130175828933716,-0.7812405824661255,1.0449440479278564,1.5441877841949463,-1.7372764348983765,-0.8810350298881531,0.016878940165042877,-0.017696838825941086,-0.6460744738578796,0.070423424243927,-0.29087066650390625,2.44854736328125,5.80926513671875,3.32110595703125,-0.4363059997558594,0.0089263916015625,-0.29087066650390625,2.44854736328125,5.80926513671875,3.32110595703125,-0.4363059997558594,0.0089263916015625,-0.29087066650390625,2.44854736328125,5.80926513671875,3.32110595703125,-0.4363059997558594,0.0089263916015625
13.016667345538735,1.164608359336853,-1.9235315322875977,-1.2131333351135254,-0.7819225788116455,1.0339930057525635,1.5448709726333618,-1.768168568611145,-0.9092798829078674,0.0068263947032392025,-0.030261196196079254,-0.6594468951225281,0.04067245125770569,-1500.0,-1500.0,-401.0517578125,-526.9916381835938,-973.2079467773438,-1162.69384765625,-1500.0,-1500.0,-401.0517578125,-526.9916381835938,-973.2079467773438,-1162.69384765625,-1500.0,-1500.0,-401.0517578125,-526.9916381835938,-973.2079467773438,-1162.69384765625
13.033334013074636,1.1356409788131714,-1.9385851621627808,-1.2133351564407349,-0.7825922966003418,1.0232110023498535,1.5455412864685059,-1.739186406135559,-0.8942379355430603,0.0069984616711735725,-0.02964593842625618,-0.6486549377441406,0.04000241681933403,-0.028564453125,2.4342575073242188,5.68017578125,2.862518310546875,-0.2694091796875,0.017578125,-0.028564453125,2.4342575073242188,5.68017578125,2.862518310546875,-0.2694091796875,0.017578125,-0.028564453125,2.4342575073242188,5.68017578125,2.862518310546875,-0.2694091796875,0.017578125
13.050000680610538,1.1064627170562744,-1.953885793685913,-1.2135893106460571,-0.7834293842315674,1.0123376846313477,1.5458393096923828,-1.752587914466858,-0.9107323884963989,-0.00017566165479365736,-0.03918949142098427,-0.6546359062194824,0.017620131373405457,-1500.0,-1269.24267578125,-291.06201171875,-411.6806335449219,-674.5529174804688,-883.3609619140625,-1500.0,-1269.24267578125,-291.06201171875,-411.6806335449219,-674.5529174804688,-883.3609619140625,-1500.0,-1269.24267578125,-291.06201171875,-411.6806335449219,-674.5529174804688,-883.3609619140625
13.066667348146439,1.0777499675750732,-1.9689618349075317,-1.2139040231704712,-0.7842549085617065,1.0016361474990845,1.5461320877075195,-1.7238606214523315,-0.8956630825996399,0.00012418242113199085,-0.03841134533286095,-0.6439247131347656,0.01732777990400791,-0.0762939453125,2.5606231689453125,6.06915283203125,3.54498291015625,-0.3814697265625,0.0095367431640625,-0.0762939453125,2.5606231689453125,6.06915283203125,3.54498291015625,-0.3814697265625,0.0095367431640625,-0.0762939453125,2.5606231689453125,6.06915283203125,3.54498291015625,-0.3814697265625,0.0095367431640625
13.08333401568234,1.0488598346710205,-1.984273076057434,-1.214266300201416,-0.7852491736412048,0.9908604621887207,1.546055555343628,-1.735195279121399,-0.9114020466804504,-0.006720324512571096,-0.04816437512636185,-0.6487874388694763,-0.004899230320006609,-1500.0,-1239.5048828125,-282.38360595703125,-425.9930419921875,-625.9631958007812,-892.1644287109375,-1500.0,-1239.5048828125,-282.38360595703125,-425.9930419921875,-625.9631958007812,-892.1644287109375,-1500.0,-1239.5048828125,-282.38360595703125,-425.9930419921875,-625.9631958007812,-892.1644287109375
13.10000068321824,1.020431637763977,-1.9993590116500854,-1.2146861553192139,-0.7862313985824585,0.9802562594413757,1.5459787845611572,-1.7067543268203735,-0.8963219523429871,-0.0063142478466033936,-0.04723126441240311,-0.6381743550300598,-0.00482360040768981,-0.1764373779296875,2.503387451171875,5.8878173828125,3.89874267578125,-0.4267692565917969,-0.022735595703125,-0.1764373779296875,2.503387451171875,5.8878173828125,3.89874267578125,-0.4267692565917969,-0.022735595703125,-0.1764373779296875,2.503387451171875,5.8878173828125,3.89874267578125,-0.4267692565917969,-0.022735595703125
13.116667350754142,0.9916641712188721,-2.0148229598999023,-1.2151644229888916,-0.7874451875686646,0.9695233702659607,1.5454115867614746,-1.7278534173965454,-0.9210604429244995,-0.01502146478742361,-0.060890790075063705,-0.6463605761528015,-0.03430444747209549,-1500.0,-1500.0,-361.56201171875,-591.5028076171875,-757.007568359375,-1201.8724365234375,-1500.0,-1500.0,-361.56201171875,-591.5028076171875,-757.007568359375,-1201.8724365234375,-1500.0,-1500.0,-361.56201171875,-591.5028076171875,-757.007568359375,-1201.8724365234375
13.133334018290043,0.9633539915084839,-2.0300676822662354,-1.2157185077667236,-0.7886472344398499,0.9589595794677734,1.5448533296585083,-1.6995301246643066,-0.9058277010917664,-0.014493145979940891,-0.05974886566400528,-0.6357854604721069,-0.033745355904102325,0.0762939453125,2.4867095947265625,5.85736083984375,3.429779052734375,-0.243194580078125,0.049468994140625,0.0762939453125,2.4867095947265625,5.85736083984375,3.429779052734375,-0.243194580078125,0.049468994140625,0.0762939453125,2.4867095947265625,5.85736083984375,3.429779052734375,-0.243194580078125,0.049468994140625
13.150000685825944,0.9349505305290222,-2.045515775680542,-1.2163066864013672,-0.790020227432251,0.9483659267425537,1.5439313650131226,-1.7056190967559814,-0.9195953011512756,-0.020394716411828995,-0.06993484497070312,-0.6379017233848572,-0.05556956306099892,-1379.711669921875,-1165.9718017578125,-253.38946533203125,-458.1477966308594,-508.7566223144531,-909.758056640625,-1379.711669921875,-1165.9718017578125,-253.38946533203125,-458.1477966308594,-508.7566223144531,-909.758056640625,-1379.711669921875,-1165.9718017578125,-253.38946533203125,-458.1477966308594,-508.7566223144531,-909.758056640625
13.166667353361845,0.9070044755935669,-2.060734748840332,-1.2169461250305176,-0.7913808822631836,0.9379421472549438,1.5430235862731934,-1.6776626110076904,-0.9043822288513184,-0.01976677030324936,-0.0686267539858818,-0.6274684071540833,-0.05466063320636749,-0.014312744140625,2.655975341796875,6.20050048828125,4.2110595703125,-0.360015869140625,0.0888214111328125,-0.014312744140625,2.655975341796875,6.20050048828125,4.2110595703125,-0.360015869140625,0.0888214111328125,-0.014312744140625,2.655975341796875,6.20050048828125,4.2110595703125,-0.360015869140625,0.0888214111328125
13.183334020897746,0.8789997100830078,-2.0761446952819824,-1.2176132202148438,-0.7929123044013977,0.9275065064430237,1.541757345199585,-1.6815978288650513,-0.9173633456230164,-0.025196637958288193,-0.07897989451885223,-0.6284559965133667,-0.07629966735839844,-1277.6661376953125,-1133.07958984375,-237.84375,-470.76434326171875,-457.33929443359375,-916.19189453125,-1277.6661376953125,-1133.07958984375,-237.84375,-470.76434326171875,-457.33929443359375,-916.19189453125,-1277.6661376953125,-1133.07958984375,-237.84375,-470.76434326171875,-457.33929443359375,-916.19189453125
13.200000688433647,0.8514469861984253,-2.091325521469116,-1.2183293104171753,-0.7944322824478149,0.9172390103340149,1.5405100584030151,-1.6540342569351196,-0.9021889567375183,-0.02449171617627144,-0.07751360535621643,-0.6181795597076416,-0.07505305856466293,-0.0667572021484375,2.563018798828125,6.03485107421875,4.618194580078125,-0.4100799560546875,0.019073486328125,-0.0667572021484375,2.563018798828125,6.03485107421875,4.618194580078125,-0.4100799560546875,0.019073486328125,-0.0667572021484375,2.563018798828125,6.03485107421875,4.618194580078125,-0.4100799560546875,0.019073486328125
13.216667355969548,0.8237206339836121,-2.106826066970825,-1.2190756797790527,-0.7961863279342651,0.9069274663925171,1.538779616355896,-1.6648422479629517,-0.923229455947876,-0.03118249960243702,-0.0920824259519577,-0.6210734248161316,-0.10409168154001236,-1500.0,-1459.0596923828125,-291.41973876953125,-648.7196655273438,-528.4833984375,-1230.6907958984375,-1500.0,-1459.0596923828125,-291.41973876953125,-648.7196655273438,-528.4833984375,-1230.6907958984375,-1500.0,-1459.0596923828125,-291.41973876953125,-648.7196655273438,-528.4833984375,-1230.6907958984375
13.23333402350545,0.7964403033256531,-2.1221024990081787,-1.219887137413025,-0.7979333996772766,0.8967818021774292,1.53707754611969,-1.6375514268875122,-0.9079635739326477,-0.030393512919545174,-0.09040018171072006,-0.610917329788208,-0.10238848626613617,0.12640380859375,2.582073211669922,6.0662841796875,4.194976806640625,-0.26702880859375,0.0718231201171875,0.12640380859375,2.582073211669922,6.0662841796875,4.194976806640625,-0.26702880859375,0.0718231201171875,0.12640380859375,2.582073211669922,6.0662841796875,4.194976806640625,-0.26702880859375,0.0718231201171875
13.25000069104135,0.7691882848739624,-2.1375393867492676,-1.220709204673767,-0.7998489737510681,0.8866679072380066,1.5350226163864136,-1.6360955238342285,-0.9189164042472839,-0.034550804644823074,-0.10107599943876266,-0.6091703772544861,-0.12356534600257874,-1031.7587890625,-1052.825439453125,-192.73004150390625,-498.5779724121094,-335.04486083984375,-929.2066040039062,-1031.7587890625,-1052.825439453125,-192.73004150390625,-498.5779724121094,-335.04486083984375,-929.2066040039062,-1031.7587890625,-1052.825439453125,-192.73004150390625,-498.5779724121094,-335.04486083984375,-929.2066040039062
13.266667358577251,0.7423788905143738,-2.152743101119995,-1.221572995185852,-0.8017547726631165,0.8767185807228088,1.5330010652542114,-1.6092761754989624,-0.9037173390388489,-0.03369506821036339,-0.09922543168067932,-0.5992125272750854,-0.12154338508844376,0.085845947265625,2.763275146484375,6.4443359375,5.07769775390625,-0.367156982421875,0.064971923828125,0.085845947265625,2.763275146484375,6.4443359375,5.07769775390625,-0.367156982421875,0.064971923828125,0.085845947265625,2.763275146484375,6.4443359375,5.07769775390625,-0.367156982421875,0.064971923828125
13.283334026113153,0.715633749961853,-2.168093681335449,-1.222438931465149,-0.8038272857666016,0.8668190836906433,1.5306299924850464,-1.6056205034255981,-0.913865864276886,-0.03724447637796402,-0.11001987010240555,-0.596352756023407,-0.14252513647079468,-923.54296875,-1017.303466796875,-170.3326416015625,-509.14703369140625,-282.0181884765625,-934.0235595703125,-923.54296875,-1017.303466796875,-170.3326416015625,-509.14703369140625,-282.0181884765625,-934.0235595703125,-923.54296875,-1017.303466796875,-170.3326416015625,-509.14703369140625,-282.0181884765625,-934.0235595703125
13.300000693649054,0.6893236637115479,-2.1832122802734375,-1.2233442068099976,-0.8058918714523315,0.8570812344551086,1.5282983779907227,-1.5793019533157349,-0.8987520933151245,-0.036346834152936935,-0.10801252722740173,-0.5866068601608276,-0.14019225537776947,0.0357666015625,2.660736083984375,6.2811279296875,5.531005859375,-0.4291534423828125,0.08941650390625,0.0357666015625,2.660736083984375,6.2811279296875,5.531005859375,-0.4291534423828125,0.08941650390625,0.0357666015625,2.660736083984375,6.2811279296875,5.531005859375,-0.4291534423828125,0.08941650390625
13.316667361184955,0.6630119681358337,-2.1985912322998047,-1.224244475364685,-0.8081849813461304,0.8473840951919556,1.5254921913146973,-1.5795036554336548,-0.9159647822380066,-0.04037998616695404,-0.12326899915933609,-0.5842247009277344,-0.16869544982910156,-1060.32861328125,-1300.9833984375,-190.93572998046875,-696.7967529296875,-292.9091796875,-1252.31982421875,-1060.32861328125,-1300.9833984375,-190.93572998046875,-696.7967529296875,-292.9091796875,-1252.31982421875,-1060.32861328125,-1300.9833984375,-190.93572998046875,-696.7967529296875,-292.9091796875,-1252.31982421875
13.333334028720856,0.6371278762817383,-2.2137439250946045,-1.2251983880996704,-0.8104797601699829,0.8378458023071289,1.5227309465408325,-1.553611397743225,-0.9008222222328186,-0.03944503515958786,-0.12104290723800659,-0.5746781229972839,-0.16593500971794128,0.20745849609375,2.682209014892578,6.401123046875,5.186492919921875,-0.3099517822265625,0.0554351806640625,0.20745849609375,2.682209014892578,6.401123046875,5.186492919921875,-0.3099517822265625,0.0554351806640625,0.20745849609375,2.682209014892578,6.401123046875,5.186492919921875,-0.3099517822265625,0.0554351806640625
13.350000696256757,0.611396312713623,-2.2290124893188477,-1.226133108139038,-0.8129351139068604,0.8284000158309937,1.5196276903152466,-1.5445142984390259,-0.9089167714118958,-0.04141504690051079,-0.13203397393226624,-0.5691573619842529,-0.18643507361412048,-665.2545776367188,-931.649169921875,-109.46478271484375,-531.6293334960938,-157.42062377929688,-944.0249633789062,-665.2545776367188,-931.649169921875,-109.46478271484375,-531.6293334960938,-157.42062377929688,-944.0249633789062,-665.2545776367188,-931.649169921875,-109.46478271484375,-531.6293334960938,-157.42062377929688,-944.0249633789062
13.366667363792658,0.5860856175422668,-2.2440476417541504,-1.2271010875701904,-0.8153857588768005,0.8191100358963013,1.5165762901306152,-1.5191967487335205,-0.8938856720924377,-0.04045380279421806,-0.12963877618312836,-0.5598610043525696,-0.18338246643543243,0.123992919921875,2.875335693359375,6.7244873046875,6.227508544921875,-0.41961669921875,0.107879638671875,0.123992919921875,2.875335693359375,6.7244873046875,6.227508544921875,-0.41961669921875,0.107879638671875,0.123992919921875,2.875335693359375,6.7244873046875,6.227508544921875,-0.41961669921875,0.107879638671875
13.383334031328559,0.5609634518623352,-2.259185552597046,-1.2280405759811401,-0.8179935812950134,0.8099297285079956,1.5131863355636597,-1.5078957080841064,-0.9011706709861755,-0.04169192165136337,-0.14069510996341705,-0.5532702207565308,-0.20369352400302887,-552.7353515625,-894.1006469726562,-80.4732666015625,-539.8046875,-104.02203369140625,-947.9737548828125,-552.7353515625,-894.1006469726562,-80.4732666015625,-539.8046875,-104.02203369140625,-947.9737548828125,-552.7353515625,-894.1006469726562,-80.4732666015625,-539.8046875,-104.02203369140625,-947.9737548828125
13.40000069886446,0.5362529754638672,-2.274092197418213,-1.2290103435516357,-0.8205990791320801,0.8009014129638672,1.5098522901535034,-1.4831770658493042,-0.886268138885498,-0.0407274067401886,-0.1381455808877945,-0.5442349910736084,-0.2003592550754547,0.1096649169921875,2.81573486328125,6.63104248046875,6.76153564453125,-0.441070556640625,0.066741943359375,0.1096649169921875,2.81573486328125,6.63104248046875,6.76153564453125,-0.441070556640625,0.066741943359375,0.1096649169921875,2.81573486328125,6.63104248046875,6.76153564453125,-0.441070556640625,0.066741943359375
13.416667366400361,0.5117156505584717,-2.2891974449157715,-1.2299318313598633,-0.8234211206436157,0.7919965982437134,1.5060524940490723,-1.4726563692092896,-0.8995820879936218,-0.0415055938065052,-0.15384137630462646,-0.5367124676704407,-0.22830834984779358,-560.3956298828125,-1133.9259033203125,-61.15411376953125,-734.1647338867188,-55.62542724609375,-1269.862060546875,-560.3956298828125,-1133.9259033203125,-61.15411376953125,-734.1647338867188,-55.62542724609375,-1269.862060546875,-560.3956298828125,-1133.9259033203125,-61.15411376953125,-734.1647338867188,-55.62542724609375,-1269.862060546875
13.433334033936262,0.48758089542388916,-2.3040771484375,-1.2308956384658813,-0.8262557983398438,0.7832404375076294,1.5023144483566284,-1.4485138654708862,-0.8847114443778992,-0.040556903928518295,-0.15107569098472595,-0.527948260307312,-0.22457022964954376,0.2694091796875,2.841949462890625,6.83294677734375,6.54876708984375,-0.33380126953125,0.0935821533203125,0.2694091796875,2.841949462890625,6.83294677734375,6.54876708984375,-0.33380126953125,0.0935821533203125,0.2694091796875,2.841949462890625,6.83294677734375,6.54876708984375,-0.33380126953125,0.0935821533203125
13.450000701472163,0.4637224078178406,-2.3190274238586426,-1.2318066358566284,-0.8292384147644043,0.7746346592903137,1.4982459545135498,-1.4318312406539917,-0.8899492025375366,-0.03994370251893997,-0.16218894720077515,-0.5188316106796265,-0.24442076683044434,-286.8592529296875,-804.4719848632812,-4.70074462890625,-556.144775390625,20.0152587890625,-956.6622924804688,-286.8592529296875,-804.4719848632812,-4.70074462890625,-556.144775390625,20.0152587890625,-956.6622924804688,-286.8592529296875,-804.4719848632812,-4.70074462890625,-556.144775390625,20.0152587890625,-956.6622924804688
13.466667369008064,0.44025689363479614,-2.333747625350952,-1.2327419519424438,-0.8322227597236633,0.7661728858947754,1.4942444562911987,-1.4083592891693115,-0.8752323985099792,-0.03901129588484764,-0.15925917029380798,-0.5103633403778076,-0.24041837453842163,0.17523193359375,3.04937744140625,7.2110595703125,7.690185546875,-0.41961669921875,0.09894561767578125,0.17523193359375,3.04937744140625,7.2110595703125,7.690185546875,-0.41961669921875,0.09894561767578125,0.17523193359375,3.04937744140625,7.2110595703125,7.690185546875,-0.41961669921875,0.09894561767578125
13.483334036543965,0.4171029329299927,-2.3485262393951416,-1.2336132526397705,-0.8353503942489624,0.7578776478767395,1.4899152517318726,-1.3895114660263062,-0.8796678185462952,-0.037556279450654984,-0.1703788787126541,-0.5002408027648926,-0.26010099053382874,-172.120361328125,-765.5286865234375,30.47735595703125,-561.584228515625,72.61517333984375,-960.389404296875,-172.120361328125,-765.5286865234375,30.47735595703125,-561.584228515625,72.61517333984375,-960.389404296875,-172.120361328125,-765.5286865234375,30.47735595703125,-561.584228515625,72.61517333984375,-960.389404296875
13.500000704079866,0.394331157207489,-2.3630754947662354,-1.2345072031021118,-0.8384818434715271,0.7497217655181885,1.4856557846069336,-1.3667339086532593,-0.8651207685470581,-0.036664992570877075,-0.16730079054832458,-0.4920797646045685,-0.2558423578739166,0.125152587890625,3.032684326171875,7.128662109375,8.309478759765625,-0.476837158203125,0.0834503173828125,0.125152587890625,3.032684326171875,7.128662109375,8.309478759765625,-0.476837158203125,0.0834503173828125,0.125152587890625,3.032684326171875,7.128662109375,8.309478759765625,-0.476837158203125,0.0834503173828125
13.516667371615767,0.371906578540802,-2.3777639865875244,-1.2353029251098633,-0.8418138027191162,0.7417689561843872,1.4809393882751465,-1.345578908920288,-0.8745283484458923,-0.03365622088313103,-0.1831607073545456,-0.47966480255126953,-0.2832874655723572,-50.5494384765625,-960.73388671875,95.97198486328125,-759.3607788085938,178.07244873046875,-1286.3372802734375,-50.5494384765625,-960.73388671875,95.97198486328125,-759.3607788085938,178.07244873046875,-1286.3372802734375,-50.5494384765625,-960.73388671875,95.97198486328125,-759.3607788085938,178.07244873046875,-1286.3372802734375
13.533334039151669,0.34985336661338806,-2.392228126525879,-1.2361302375793457,-0.84516841173172,0.7339509129524231,1.4763007164001465,-1.323520541191101,-0.8600699305534363,-0.03284034878015518,-0.17987005412578583,-0.47184115648269653,-0.27864816784858704,0.233642578125,3.108978271484375,7.449951171875,8.314239501953125,-0.41363525390625,0.1227874755859375,0.233642578125,3.108978271484375,7.449951171875,8.314239501953125,-0.41363525390625,0.1227874755859375,0.233642578125,3.108978271484375,7.449951171875,8.314239501953125,-0.41363525390625,0.1227874755859375
13.55000070668757,0.32819703221321106,-2.40671968460083,-1.2368664741516113,-0.8486559987068176,0.7263374328613281,1.4713401794433594,-1.2994590997695923,-0.8624958395957947,-0.029299886897206306,-0.1909027397632599,-0.459380179643631,-0.29792389273643494,96.4105224609375,-673.4442749023438,120.00872802734375,-571.2431640625,193.43975830078125,-969.2943115234375,96.4105224609375,-673.4442749023438,120.00872802734375,-571.2431640625,193.43975830078125,-969.2943115234375,96.4105224609375,-673.4442749023438,120.00872802734375,-571.2431640625,193.43975830078125,-969.2943115234375
13.56666737422347,0.3068999648094177,-2.4209847450256348,-1.2376197576522827,-0.8521501421928406,0.7188529372215271,1.4664616584777832,-1.2781575918197632,-0.8482325077056885,-0.028546461835503578,-0.18745703995227814,-0.4518910050392151,-0.2930445373058319,0.20623779296875,3.2544097900390625,7.8397216796875,9.5677490234375,-0.46014404296875,0.15616607666015625,0.20623779296875,3.2544097900390625,7.8397216796875,9.5677490234375,-0.46014404296875,0.15616607666015625,0.20623779296875,3.2544097900390625,7.8397216796875,9.5677490234375,-0.46014404296875,0.15616607666015625
13.583334041759372,0.28603383898735046,-2.4352660179138184,-1.2382701635360718,-0.8557724952697754,0.7115880846977234,1.4612640142440796,-1.2520166635513306,-0.8498772382736206,-0.024074245244264603,-0.1984335333108902,-0.4385109841823578,-0.31218427419662476,211.2078857421875,-633.76904296875,160.74099731445312,-573.7018432617188,244.10128784179688,-973.36767578125,211.2078857421875,-633.76904296875,160.74099731445312,-573.7018432617188,244.10128784179688,-973.36767578125,211.2078857421875,-633.76904296875,160.74099731445312,-573.7018432617188,244.10128784179688,-973.36767578125
13.600000709295273,0.26551464200019836,-2.449321985244751,-1.2389354705810547,-0.8594027161598206,0.7044468522071838,1.4561504125595093,-1.2314924001693726,-0.8358219861984253,-0.023407138884067535,-0.19484937191009521,-0.431365430355072,-0.3070719540119171,0.21575927734375,3.2711029052734375,7.86859130859375,10.25201416015625,-0.5054473876953125,0.12755584716796875,0.21575927734375,3.2711029052734375,7.86859130859375,10.25201416015625,-0.5054473876953125,0.12755584716796875,0.21575927734375,3.2711029052734375,7.86859130859375,10.25201416015625,-0.5054473876953125,0.12755584716796875
13.616667376831174,0.2455121874809265,-2.4634575843811035,-1.239447832107544,-0.8632156848907471,0.6975826025009155,1.4505870342254639,-1.2000128030776978,-0.8413767218589783,-0.016158604994416237,-0.21058672666549683,-0.41441288590431213,-0.33412691950798035,459.363525390625,-784.23974609375,277.7469177246094,-771.4218139648438,403.07635498046875,-1304.5966796875,459.363525390625,-784.23974609375,277.7469177246094,-771.4218139648438,403.07635498046875,-1304.5966796875,459.363525390625,-784.23974609375,277.7469177246094,-771.4218139648438,403.07635498046875,-1304.5966796875
13.633334044367075,0.22584396600723267,-2.477374315261841,-1.2399810552597046,-0.8670583367347717,0.6908368468284607,1.4451144933700562,-1.180340051651001,-0.827464759349823,-0.01563102751970291,-0.20679731667041779,-0.407662957906723,-0.32865434885025024,0.27777099609375,3.3736228942871094,8.29998779296875,10.591156005859375,-0.45538330078125,0.13709068298339844,0.27777099609375,3.3736228942871094,8.29998779296875,10.591156005859375,-0.45538330078125,0.13709068298339844,0.27777099609375,3.3736228942871094,8.29998779296875,10.591156005859375,-0.45538330078125,0.13709068298339844
13.650000711902976,0.206687793135643,-2.491276979446411,-1.240382432937622,-0.8710182905197144,0.684345006942749,1.4393290281295776,-1.1492642164230347,-0.8271666765213013,-0.008887837640941143,-0.2175382673740387,-0.3921809792518616,-0.34747007489204407,477.0582275390625,-540.6141357421875,262.394775390625,-576.1551513671875,359.0929260253906,-983.908203125,477.0582275390625,-540.6141357421875,262.394775390625,-576.1551513671875,359.0929260253906,-983.908203125,477.0582275390625,-540.6141357421875,262.394775390625,-576.1551513671875,359.0929260253906,-983.908203125
13.666667379438877,0.18785163760185242,-2.504957914352417,-1.2407939434051514,-0.8749866485595703,0.6779647469520569,1.4336382150650024,-1.1304237842559814,-0.8134848475456238,-0.008471031673252583,-0.2136070281267166,-0.3857973515987396,-0.341778963804245,0.27178955078125,3.569122314453125,8.7222900390625,11.8809814453125,-0.5125885009765625,0.13947296142578125,0.27178955078125,3.569122314453125,8.7222900390625,11.8809814453125,-0.5125885009765625,0.13947296142578125,0.27178955078125,3.569122314453125,8.7222900390625,11.8809814453125,-0.5125885009765625,0.13947296142578125
13.683334046974778,0.1695595681667328,-2.5186142921447754,-1.2410606145858765,-0.87906813621521,0.6718516945838928,1.4276355504989624,-1.0973985195159912,-0.8124399781227112,-0.0007262163562700152,-0.22423109412193298,-0.36950281262397766,-0.3605038523674011,589.5758056640625,-500.8697509765625,307.9250183105469,-575.5394897460938,406.7170715332031,-988.9697875976562,589.5758056640625,-500.8697509765625,307.9250183105469,-575.5394897460938,406.7170715332031,-988.9697875976562,589.5758056640625,-500.8697509765625,307.9250183105469,-575.5394897460938,406.7170715332031,-988.9697875976562
13.70000071451068,0.15157388150691986,-2.532052516937256,-1.2413362264633179,-0.8831574320793152,0.6658440828323364,1.4217314720153809,-1.079409122467041,-0.7990007400512695,-0.0004435188602656126,-0.22017428278923035,-0.36349210143089294,-0.35460010170936584,0.247955322265625,3.590576171875,8.79925537109375,12.68267822265625,-0.5424041748046875,0.13232421875,0.247955322265625,3.590576171875,8.79925537109375,12.68267822265625,-0.5424041748046875,0.13232421875,0.247955322265625,3.590576171875,8.79925537109375,12.68267822265625,-0.5424041748046875,0.13232421875
13.71666738204658,0.13426616787910461,-2.545513868331909,-1.2413997650146484,-0.8874130845069885,0.6601810455322266,1.4153791666030884,-1.0381323099136353,-0.8008150458335876,0.011403447017073631,-0.23549474775791168,-0.3424482047557831,-0.38143184781074524,959.087646484375,-607.2401733398438,480.73236083984375,-769.6461791992188,614.706298828125,-1327.17724609375,959.087646484375,-607.2401733398438,480.73236083984375,-769.6461791992188,614.706298828125,-1327.17724609375,959.087646484375,-607.2401733398438,480.73236083984375,-769.6461791992188,614.706298828125,-1327.17724609375
13.733334049582481,0.11725081503391266,-2.558760643005371,-1.2414748668670654,-0.8916987776756287,0.6546172499656677,1.409131646156311,-1.0211138725280762,-0.7875680327415466,0.011480658315122128,-0.23124472796916962,-0.3368813693523407,-0.3751840591430664,0.3236083984375,3.7860870361328125,9.395263671875,13.398529052734375,-0.5280914306640625,0.18477439880371094,0.3236083984375,3.7860870361328125,9.395263671875,13.398529052734375,-0.5280914306640625,0.18477439880371094,0.3236083984375,3.7860870361328125,9.395263671875,13.398529052734375,-0.5280914306640625,0.18477439880371094
13.750000717118382,0.1008542850613594,-2.571955442428589,-1.2413740158081055,-0.8960879445075989,0.6493509411811829,1.402575969696045,-0.9835394620895386,-0.7846776843070984,0.021627619862556458,-0.24148400127887726,-0.31876340508461,-0.3936888873577118,847.4078369140625,-408.2345886230469,419.7187194824219,-570.4945068359375,513.4927978515625,-1002.2615966796875,847.4078369140625,-408.2345886230469,419.7187194824219,-570.4945068359375,513.4927978515625,-1002.2615966796875,847.4078369140625,-408.2345886230469,419.7187194824219,-570.4945068359375,513.4927978515625,-1002.2615966796875
13.766667384654284,0.08473403006792068,-2.5849359035491943,-1.2412790060043335,-0.9004814028739929,0.6441762447357178,1.3961269855499268,-0.9674162268638611,-0.7716930508613586,0.02154390513896942,-0.23710939288139343,-0.31358641386032104,-0.38724052906036377,0.29266357421875,3.9434432983398438,9.80615234375,14.64306640625,-0.573394775390625,0.15854644775390625,0.29266357421875,3.9434432983398438,9.80615234375,14.64306640625,-0.573394775390625,0.15854644775390625,0.29266357421875,3.9434432983398438,9.80615234375,14.64306640625,-0.573394775390625,0.15854644775390625
13.783334052190185,0.06926179677248001,-2.597853422164917,-1.2409952878952026,-0.9049749374389648,0.6393104791641235,1.3893702030181885,-0.9280694723129272,-0.768098771572113,0.032739199697971344,-0.24717319011688232,-0.2947765290737152,-0.4057069420814514,955.2756958007812,-368.9622802734375,469.1334228515625,-566.8175048828125,557.152099609375,-1008.7144165039062,955.2756958007812,-368.9622802734375,469.1334228515625,-566.8175048828125,557.152099609375,-1008.7144165039062,955.2756958007812,-368.9622802734375,469.1334228515625,-566.8175048828125,557.152099609375,-1008.7144165039062
13.800000719726086,0.05405103787779808,-2.610560417175293,-1.2407162189483643,-0.9094709157943726,0.6345294713973999,1.3827250003814697,-0.9128556251525879,-0.7553874850273132,0.03247370943427086,-0.24268965423107147,-0.2899942994117737,-0.39906105399131775,0.294891357421875,3.96728515625,9.972900390625,15.47576904296875,-0.61273193359375,0.21338653564453125,0.294891357421875,3.96728515625,9.972900390625,15.47576904296875,-0.61273193359375,0.21338653564453125,0.294891357421875,3.96728515625,9.972900390625,15.47576904296875,-0.61273193359375,0.21338653564453125
13.816667387261987,0.039667632430791855,-2.6232376098632812,-1.2401630878448486,-0.9141189455986023,0.6301522850990295,1.3756321668624878,-0.8625247478485107,-0.7536312937736511,0.04917384311556816,-0.2573034465312958,-0.26538515090942383,-0.4258714020252228,1438.275146484375,-432.6009826660156,700.9169311523438,-753.8539428710938,808.6704711914062,-1355.9091796875,1438.275146484375,-432.6009826660156,700.9169311523438,-753.8539428710938,808.6704711914062,-1355.9091796875,1438.275146484375,-432.6009826660156,700.9169311523438,-753.8539428710938,808.6704711914062,-1355.9091796875
13.833334054797888,0.025530368089675903,-2.635706901550293,-1.2396126985549927,-0.9187898635864258,0.6258533596992493,1.3686561584472656,-0.8483843207359314,-0.741158127784729,0.04863759130239487,-0.25264087319374084,-0.2610846757888794,-0.41889438033103943,0.376220703125,4.239082336425781,10.786376953125,16.618988037109375,-0.60797119140625,0.2181529998779297,0.376220703125,4.239082336425781,10.786376953125,16.618988037109375,-0.60797119140625,0.2181529998779297,0.376220703125,4.239082336425781,10.786376953125,16.618988037109375,-0.60797119140625,0.2181529998779297
13.850000722333789,0.012107969261705875,-2.6480886936187744,-1.238842248916626,-0.9235525727272034,0.6218888163566589,1.361374020576477,-0.8049803376197815,-0.7358413338661194,0.062307167798280716,-0.26217949390411377,-0.24076269567012787,-0.43726107478141785,1199.602783203125,-278.21063232421875,588.7548828125,-554.3577880859375,653.6370849609375,-1025.74951171875,1199.602783203125,-278.21063232421875,588.7548828125,-554.3577880859375,653.6370849609375,-1025.74951171875,1199.602783203125,-278.21063232421875,588.7548828125,-554.3577880859375,653.6370849609375,-1025.74951171875
13.86666738986969,-0.0010858181631192565,-2.660264015197754,-1.2380744218826294,-0.9283103346824646,0.6179937124252319,1.3542113304138184,-0.791784405708313,-0.7236575484275818,0.06155933812260628,-0.2574159801006317,-0.23686732351779938,-0.4300977289676666,0.339447021484375,4.3892822265625,11.15380859375,17.6954345703125,-0.660430908203125,0.20384979248046875,0.339447021484375,4.3892822265625,11.15380859375,17.6954345703125,-0.660430908203125,0.20384979248046875,0.339447021484375,4.3892822265625,11.15380859375,17.6954345703125,-0.660430908203125,0.20384979248046875
13.883334057405591,-0.01353911031037569,-2.6723427772521973,-1.2370736598968506,-0.9331571459770203,0.6144425868988037,1.3467425107955933,-0.7468256950378418,-0.717693030834198,0.07629907876253128,-0.26672425866127014,-0.21598687767982483,-0.44848236441612244,1300.580078125,-240.1042022705078,641.06103515625,-547.6200561523438,692.4981079101562,-1033.9427490234375,1300.580078125,-240.1042022705078,641.06103515625,-547.6200561523438,692.4981079101562,-1033.9427490234375,1300.580078125,-240.1042022705078,641.06103515625,-547.6200561523438,692.4981079101562,-1033.9427490234375
13.900000724941492,-0.02577941119670868,-2.6842188835144043,-1.236074447631836,-0.9379948973655701,0.6109539270401001,1.339396357536316,-0.7345829010009766,-0.7058072686195374,0.07532371580600739,-0.2618709206581116,-0.21249791979789734,-0.4411357045173645,0.363250732421875,4.465576171875,11.44097900390625,18.58349609375,-0.674713134765625,0.19550323486328125,0.363250732421875,4.465576171875,11.44097900390625,18.58349609375,-0.674713134765625,0.19550323486328125,0.363250732421875,4.465576171875,11.44097900390625,18.58349609375,-0.674713134765625,0.19550323486328125
13.916667392477393,-0.037058450281620026,-2.696017026901245,-1.2347381114959717,-0.9429742693901062,0.6079195737838745,1.331599235534668,-0.6761461496353149,-0.7007023692131042,0.09701645374298096,-0.2755008339881897,-0.1849144846200943,-0.4681539535522461,1500.0,-262.9232482910156,933.6525268554688,-724.2072143554688,981.2432861328125,-1392.3729248046875,1500.0,-262.9232482910156,933.6525268554688,-724.2072143554688,981.2432861328125,-1392.3729248046875,1500.0,-262.9232482910156,933.6525268554688,-724.2072143554688,981.2432861328125,-1392.3729248046875
13.933334060013294,-0.04814084991812706,-2.7076144218444824,-1.2333967685699463,-0.9479612112045288,0.6049401164054871,1.3239293098449707,-0.6650612950325012,-0.6890934705734253,0.09570596367120743,-0.2704842686653137,-0.18193556368350983,-0.4604833722114563,0.410675048828125,4.8065185546875,12.48956298828125,20.164215087890625,-0.72003173828125,0.24199676513671875,0.410675048828125,4.8065185546875,12.48956298828125,20.164215087890625,-0.72003173828125,0.24199676513671875,0.410675048828125,4.8065185546875,12.48956298828125,20.164215087890625,-0.72003173828125,0.24199676513671875
13.950000727549195,-0.05842561274766922,-2.7190921306610107,-1.2317917346954346,-0.9530310034751892,0.6023247241973877,1.3159533739089966,-0.6166341304779053,-0.6815539002418518,0.11293099075555801,-0.27913790941238403,-0.15987913310527802,-0.47889402508735657,1500.0,-152.6522674560547,765.9470825195312,-528.0101318359375,776.889892578125,-1055.23828125,1500.0,-152.6522674560547,765.9470825195312,-528.0101318359375,776.889892578125,-1055.23828125,1500.0,-152.6522674560547,765.9470825195312,-528.0101318359375,776.889892578125,-1055.23828125
13.966667395085096,-0.06853228807449341,-2.7303738594055176,-1.2301874160766602,-0.958080530166626,0.5997557044029236,1.308107852935791,-0.606525182723999,-0.6702593564987183,0.11135938763618469,-0.27404916286468506,-0.15731096267700195,-0.4710487127304077,0.4151611328125,4.8732757568359375,12.74462890625,20.92718505859375,-0.751617431640625,0.22530555725097656,0.4151611328125,4.8732757568359375,12.74462890625,20.92718505859375,-0.751617431640625,0.22530555725097656,0.4151611328125,4.8732757568359375,12.74462890625,20.92718505859375,-0.751617431640625,0.22530555725097656
13.983334062620997,-0.07781995087862015,-2.741528034210205,-1.228306770324707,-0.9632110595703125,0.5975580215454102,1.2999541759490967,-0.5567993521690369,-0.6621344685554504,0.12964977324008942,-0.2824220061302185,-0.1348375529050827,-0.4895349442958832,1500.0,-116.18852233886719,819.9766235351562,-518.3792114257812,810.2351684570312,-1065.3341064453125,1500.0,-116.18852233886719,819.9766235351562,-518.3792114257812,810.2351684570312,-1065.3341064453125,1500.0,-116.18852233886719,819.9766235351562,-518.3792114257812,810.2351684570312,-1065.3341064453125
14.000000730156898,-0.08694563806056976,-2.7524900436401367,-1.2264260053634644,-0.9683161973953247,0.5953994989395142,1.291933536529541,-0.5476715564727783,-0.6511578559875488,0.1278068870306015,-0.2772667109966278,-0.13268055021762848,-0.4815142750740051,0.4178466796875,4.982940673828125,13.1353759765625,21.75567626953125,-0.7939300537109375,0.26226043701171875,0.4178466796875,4.982940673828125,13.1353759765625,21.75567626953125,-0.7939300537109375,0.26226043701171875,0.4178466796875,4.982940673828125,13.1353759765625,21.75567626953125,-0.7939300537109375,0.26226043701171875
14.0166673976928,-0.09499502927064896,-2.763329267501831,-1.2241454124450684,-0.9735546112060547,0.5937355160713196,1.283455729484558,-0.4822714030742645,-0.6429716348648071,0.15451200306415558,-0.28965672850608826,-0.10276038944721222,-0.5089753270149231,1500.0,-100.677001953125,1173.88720703125,-681.3275146484375,1129.38525390625,-1437.2635498046875,1500.0,-100.677001953125,1173.88720703125,-681.3275146484375,1129.38525390625,-1437.2635498046875,1500.0,-100.677001953125,1173.88720703125,-681.3275146484375,1129.38525390625,-1437.2635498046875
14.0333340652287,-0.10289955139160156,-2.7739760875701904,-1.221854329109192,-0.9787788987159729,0.5921024084091187,1.275117039680481,-0.47436490654945374,-0.6323047876358032,0.15227298438549042,-0.28435423970222473,-0.10112988948822021,-0.5006346702575684,0.479827880859375,5.443096160888672,14.4588623046875,23.8096923828125,-0.86187744140625,0.29087066650390625,0.479827880859375,5.443096160888672,14.4588623046875,23.8096923828125,-0.86187744140625,0.29087066650390625,0.479827880859375,5.443096160888672,14.4588623046875,23.8096923828125,-0.86187744140625,0.29087066650390625
14.050000732764602,-0.10993902385234833,-2.7844762802124023,-1.219257116317749,-0.9840787053108215,0.5908549427986145,1.2664673328399658,-0.4218456447124481,-0.622772753238678,0.17299644649028778,-0.2919577956199646,-0.07783235609531403,-0.5192733407020569,1500.0,-33.278472900390625,947.4271240234375,-492.0887756347656,881.124755859375,-1091.265625,1500.0,-33.278472900390625,947.4271240234375,-492.0887756347656,881.124755859375,-1091.265625,1500.0,-33.278472900390625,947.4271240234375,-492.0887756347656,881.124755859375,-1091.265625
14.066667400300503,-0.11685286462306976,-2.794790744781494,-1.216660737991333,-0.9893394112586975,0.5896302461624146,1.2579586505889893,-0.41492974758148193,-0.6124389171600342,0.17044994235038757,-0.2866189777851105,-0.0766100361943245,-0.5107646584510803,0.484588623046875,5.4478607177734375,14.60015869140625,24.04571533203125,-0.8779754638671875,0.2694129943847656,0.484588623046875,5.4478607177734375,14.60015869140625,24.04571533203125,-0.8779754638671875,0.2694129943847656,0.484588623046875,5.4478607177734375,14.60015869140625,24.04571533203125,-0.8779754638671875,0.2694129943847656
14.083334067836404,-0.12288510799407959,-2.80495023727417,-1.213746190071106,-0.994674026966095,0.588796079158783,1.2491375207901,-0.36140304803848267,-0.602392852306366,0.19220788776874542,-0.2938966155052185,-0.053041767328977585,-0.5295335650444031,1500.0,1.0228118896484375,1001.9874267578125,-479.7446594238281,908.4359741210938,-1103.2939453125,1500.0,1.0228118896484375,1001.9874267578125,-479.7446594238281,908.4359741210938,-1103.2939453125,1500.0,1.0228118896484375,1001.9874267578125,-479.7446594238281,908.4359741210938,-1103.2939453125
14.100000735372305,-0.12880805134773254,-2.814929485321045,-1.2108323574066162,-0.9999632835388184,0.5879772901535034,1.2404608726501465,-0.3554781675338745,-0.5923935174942017,0.189350426197052,-0.2885162830352783,-0.052226003259420395,-0.5208559632301331,0.492919921875,5.5599212646484375,15.08770751953125,24.7454833984375,-0.92803955078125,0.3075599670410156,0.492919921875,5.5599212646484375,15.08770751953125,24.7454833984375,-0.92803955078125,0.3075599670410156,0.492919921875,5.5599212646484375,15.08770751953125,24.7454833984375,-0.92803955078125,0.3075599670410156
14.116667402908206,-0.133561372756958,-2.824747323989868,-1.20745849609375,-1.0053790807724,0.5876825451850891,1.2313154935836792,-0.28442755341529846,-0.5814330577850342,0.22096627950668335,-0.2994375228881836,-0.020636696368455887,-0.5489922165870667,1500.0,51.89178466796875,1416.343994140625,-626.2326049804688,1250.749267578125,-1490.9434814453125,1500.0,51.89178466796875,1416.343994140625,-626.2326049804688,1250.749267578125,-1490.9434814453125,1500.0,51.89178466796875,1416.343994140625,-626.2326049804688,1250.749267578125,-1490.9434814453125
14.133334070444107,-0.13822278380393982,-2.8343820571899414,-1.20406973361969,-1.0107548236846924,0.5873941779136658,1.222320556640625,-0.2797635495662689,-0.5717677474021912,0.2176578789949417,-0.293926864862442,-0.02035336196422577,-0.5399948358535767,0.550750732421875,6.186962127685547,16.75543212890625,27.2489013671875,-1.0330963134765625,0.321868896484375,0.550750732421875,6.186962127685547,16.75543212890625,27.2489013671875,-1.0330963134765625,0.321868896484375,0.550750732421875,6.186962127685547,16.75543212890625,27.2489013671875,-1.0330963134765625,0.321868896484375
14.150000737980008,-0.14196904003620148,-2.843846082687378,-1.2003352642059326,-1.0161997079849243,0.5875048041343689,1.2130075693130493,-0.22419321537017822,-0.5604986548423767,0.24173521995544434,-0.3003382980823517,0.0036816997453570366,-0.5590338110923767,1500.0,78.29425048828125,1129.1402587890625,-447.46759033203125,964.7977905273438,-1133.759033203125,1500.0,78.29425048828125,1129.1402587890625,-447.46759033203125,964.7977905273438,-1133.759033203125,1500.0,78.29425048828125,1129.1402587890625,-447.46759033203125,964.7977905273438,-1133.759033203125
14.16666740551591,-0.145642951130867,-2.8531365394592285,-1.1966031789779663,-1.0215849876403809,0.5876143574714661,1.2038482427597046,-0.22051690518856049,-0.5511808395385742,0.23807479441165924,-0.2948315143585205,0.003568023908883333,-0.5498717427253723,0.551361083984375,6.0915985107421875,16.6678466796875,26.78515625,-1.029815673828125,0.31948089599609375,0.551361083984375,6.0915985107421875,16.6678466796875,26.78515625,-1.029815673828125,0.31948089599609375,0.551361083984375,6.0915985107421875,16.6678466796875,26.78515625,-1.029815673828125,0.31948089599609375
14.18333407305181,-0.14839044213294983,-2.862251043319702,-1.1925146579742432,-1.027037262916565,0.588125467300415,1.1943682432174683,-0.1642584353685379,-0.5394738912582397,0.26312899589538574,-0.3008801341056824,0.02772677130997181,-0.5690916776657104,1500.0,109.97296142578125,1182.989990234375,-432.68914794921875,985.7183227539062,-1147.718505859375,1500.0,109.97296142578125,1182.989990234375,-432.68914794921875,985.7183227539062,-1147.718505859375,1500.0,109.97296142578125,1182.989990234375,-432.68914794921875,985.7183227539062,-1147.718505859375
14.200000740587711,-0.1510818749666214,-2.8711960315704346,-1.1884291172027588,-1.032423973083496,0.5886282920837402,1.1850426197052002,-0.16156479716300964,-0.5304992198944092,0.2591230273246765,-0.2953576445579529,0.027219245210289955,-0.5597658753395081,0.56622314453125,6.275177001953125,17.28118896484375,27.34661865234375,-1.075927734375,0.2789497375488281,0.56622314453125,6.275177001953125,17.28118896484375,27.34661865234375,-1.075927734375,0.2789497375488281,0.56622314453125,6.275177001953125,17.28118896484375,27.34661865234375,-1.075927734375,0.2789497375488281
14.216667408123612,-0.15253464877605438,-2.879946231842041,-1.1838274002075195,-1.0379287004470825,0.589673638343811,1.1752337217330933,-0.08632473647594452,-0.5171059966087341,0.29542651772499084,-0.3046121895313263,0.05979935824871063,-0.5887879729270935,1500.0,192.75665283203125,1500.0,-560.120361328125,1343.7703857421875,-1500.0,1500.0,192.75665283203125,1500.0,-560.120361328125,1343.7703857421875,-1500.0,1500.0,192.75665283203125,1500.0,-560.120361328125,1343.7703857421875,-1500.0
14.233334075659513,-0.153948575258255,-2.888524293899536,-1.1792079210281372,-1.0433677434921265,0.590701699256897,1.1655857563018799,-0.08490756154060364,-0.5084845423698425,0.2909225523471832,-0.2989780008792877,0.05876379832625389,-0.5791365504264832,0.630615234375,7.035732269287109,19.357177734375,30.25048828125,-1.2481231689453125,0.3528594970703125,0.630615234375,7.035732269287109,19.357177734375,30.25048828125,-1.2481231689453125,0.3528594970703125,0.630615234375,7.035732269287109,19.357177734375,30.25048828125,-1.2481231689453125,0.3528594970703125
14.250000743195415,-0.15441597998142242,-2.8969125747680664,-1.174207329750061,-1.0488680601119995,0.5921335816383362,1.155611276626587,-0.02741372212767601,-0.4957509934902191,0.31812170147895813,-0.30408045649528503,0.08303516358137131,-0.5987251996994019,1500.0,180.67002868652344,1306.9796142578125,-395.09771728515625,1026.9029541015625,-1182.2247314453125,1500.0,180.67002868652344,1306.9796142578125,-395.09771728515625,1026.9029541015625,-1182.2247314453125,1500.0,180.67002868652344,1306.9796142578125,-395.09771728515625,1026.9029541015625,-1182.2247314453125
14.266667410731316,-0.15486420691013336,-2.905139446258545,-1.169212818145752,-1.05428946018219,0.593541145324707,1.145799994468689,-0.026962820440530777,-0.48748743534088135,0.3132258355617523,-0.298491895198822,0.08162105828523636,-0.5889127254486084,0.622772216796875,6.8592987060546875,18.99005126953125,29.01318359375,-1.226959228515625,0.30040740966796875,0.622772216796875,6.8592987060546875,18.99005126953125,29.01318359375,-1.226959228515625,0.30040740966796875,0.622772216796875,6.8592987060546875,18.99005126953125,29.01318359375,-1.226959228515625,0.30040740966796875
14.283334078267217,-0.15436029434204102,-2.913172960281372,-1.1638281345367432,-1.0597693920135498,0.5953529477119446,1.1356585025787354,0.03087793104350567,-0.47439661622047424,0.341320276260376,-0.3032027781009674,0.10587345063686371,-0.6087225079536438,1500.0,209.39706420898438,1358.9132080078125,-378.22723388671875,1041.2783203125,-1197.740966796875,1500.0,209.39706420898438,1358.9132080078125,-378.22723388671875,1041.2783203125,-1197.740966796875,1500.0,209.39706420898438,1358.9132080078125,-378.22723388671875,1041.2783203125,-1197.740966796875
14.300000745803118,-0.15385299921035767,-2.9210493564605713,-1.1584501266479492,-1.0651652812957764,0.5971341729164124,1.1256834268569946,0.030373433604836464,-0.4664800763130188,0.3360511064529419,-0.2976258099079132,0.10408524423837662,-0.5987456440925598,0.64544677734375,7.1048736572265625,19.7481689453125,29.40533447265625,-1.2895355224609375,0.30994415283203125,0.64544677734375,7.1048736572265625,19.7481689453125,29.40533447265625,-1.2895355224609375,0.30994415283203125,0.64544677734375,7.1048736572265625,19.7481689453125,29.40533447265625,-1.2895355224609375,0.30994415283203125
14.316667413339019,-0.15206429362297058,-2.928703784942627,-1.1525055170059204,-1.0706666707992554,0.5994640588760376,1.1152069568634033,0.10822486132383347,-0.4510168135166168,0.3767009377479553,-0.3050507605075836,0.13698294758796692,-0.6288270950317383,1500.0,320.39642333984375,1500.0,-484.404541015625,1407.6224365234375,-1500.0,1500.0,320.39642333984375,1500.0,-484.404541015625,1407.6224365234375,-1500.0,1500.0,320.39642333984375,1500.0,-484.404541015625,1407.6224365234375,-1500.0
14.33333408087492,-0.1502889096736908,-2.936196804046631,-1.1465426683425903,-1.076080322265625,0.6017538905143738,1.1049023866653442,0.10645373165607452,-0.44346582889556885,0.3708961606025696,-0.29938265681266785,0.13468237221240997,-0.61851966381073,0.715850830078125,8.043050765991211,22.3016357421875,32.64898681640625,-1.481170654296875,0.3194732666015625,0.715850830078125,8.043050765991211,22.3016357421875,32.64898681640625,-1.481170654296875,0.3194732666015625,0.715850830078125,8.043050765991211,22.3016357421875,32.64898681640625,-1.481170654296875,0.3194732666015625
14.350000748410821,-0.14755548536777496,-2.9434866905212402,-1.1401680707931519,-1.0815447568893433,0.6044448018074036,1.09425950050354,0.16467924416065216,-0.429551362991333,0.4009035527706146,-0.30308690667152405,0.15870538353919983,-0.6387757658958435,1500.0,272.7806701660156,1476.90771484375,-336.08197021484375,1067.0989990234375,-1235.6304931640625,1500.0,272.7806701660156,1476.90771484375,-336.08197021484375,1067.0989990234375,-1235.6304931640625,1500.0,272.7806701660156,1476.90771484375,-336.08197021484375,1067.0989990234375,-1235.6304931640625
14.366667415946722,-0.14485473930835724,-2.9506287574768066,-1.1338053941726685,-1.0869147777557373,0.6070897579193115,1.0837913751602173,0.16198167204856873,-0.42236220836639404,0.39467182755470276,-0.2975063920021057,0.15605151653289795,-0.6283048391342163,0.694976806640625,7.797477722167969,21.628173828125,30.6654052734375,-1.4579315185546875,0.32901763916015625,0.694976806640625,7.797477722167969,21.628173828125,30.6654052734375,-1.4579315185546875,0.32901763916015625,0.694976806640625,7.797477722167969,21.628173828125,30.6654052734375,-1.4579315185546875,0.32901763916015625
14.383334083482623,-0.14119629561901093,-2.95756459236145,-1.1270229816436768,-1.0923315286636353,0.6101330518722534,1.072981357574463,0.22019842267036438,-0.40817248821258545,0.4254705607891083,-0.3007969856262207,0.1799183189868927,-0.6488125920295715,1500.0,298.320068359375,1500.0,-317.38519287109375,1074.876708984375,-1252.391357421875,1500.0,298.320068359375,1500.0,-317.38519287109375,1074.876708984375,-1252.391357421875,1500.0,298.320068359375,1500.0,-317.38519287109375,1074.876708984375,-1252.391357421875
14.400000751018524,-0.1375855654478073,-2.964355707168579,-1.1202538013458252,-1.0976502895355225,0.6131242513656616,1.0623490810394287,0.21659111976623535,-0.4013288915157318,0.4188443422317505,-0.2952553629875183,0.176917165517807,-0.6381767392158508,0.726593017578125,8.164642333984375,22.52935791015625,30.90863037109375,-1.527069091796875,0.31948089599609375,0.726593017578125,8.164642333984375,22.52935791015625,30.90863037109375,-1.527069091796875,0.31948089599609375,0.726593017578125,8.164642333984375,22.52935791015625,30.90863037109375,-1.527069091796875,0.31948089599609375
14.416667418554425,-0.13267824053764343,-2.970904588699341,-1.112874150276184,-1.1030575037002563,0.6166602373123169,1.0511949062347412,0.29539191722869873,-0.3841749131679535,0.46338823437690735,-0.3007243871688843,0.20948392152786255,-0.6694443821907043,1500.0,433.58807373046875,1500.0,-400.56463623046875,1442.329833984375,-1500.0,1500.0,433.58807373046875,1500.0,-400.56463623046875,1442.329833984375,-1500.0,1500.0,433.58807373046875,1500.0,-400.56463623046875,1442.329833984375,-1500.0
14.433334086090326,-0.1278345137834549,-2.9773025512695312,-1.1054778099060059,-1.1083602905273438,0.6201350688934326,1.040223240852356,0.2905535101890564,-0.37769997119903564,0.45620059967041016,-0.2951129972934723,0.20599398016929626,-0.658469557762146,0.8004913330078125,9.3841552734375,25.7205810546875,34.48486328125,-1.7798004150390625,0.345703125,0.8004913330078125,9.3841552734375,25.7205810546875,34.48486328125,-1.7798004150390625,0.345703125,0.8004913330078125,9.3841552734375,25.7205810546875,34.48486328125,-1.7798004150390625,0.345703125
14.450000753626227,-0.12204162031412125,-2.9834890365600586,-1.0976451635360718,-1.1136994361877441,0.6239997744560242,1.02890145778656,0.3482810854911804,-0.3628947138786316,0.4886273443698883,-0.29735592007637024,0.22931085526943207,-0.6794683337211609,1500.0,353.82391357421875,1500.0,-271.47412109375,1085.544189453125,-1292.4957275390625,1500.0,353.82391357421875,1500.0,-271.47412109375,1085.544189453125,-1292.4957275390625,1500.0,353.82391357421875,1500.0,-271.47412109375,1085.544189453125,-1292.4957275390625
14.466667421162128,-0.11633101850748062,-2.989539384841919,-1.0898323059082031,-1.1189337968826294,0.6277984380722046,1.0177654027938843,0.34257417917251587,-0.35678157210350037,0.48098427057266235,-0.29187262058258057,0.2254999727010727,-0.6683295965194702,0.764434814453125,9.073020935058594,24.7144775390625,31.80865478515625,-1.718994140625,0.32663726806640625,0.764434814453125,9.073020935058594,24.7144775390625,31.80865478515625,-1.718994140625,0.32663726806640625,0.764434814453125,9.073020935058594,24.7144775390625,31.80865478515625,-1.718994140625,0.32663726806640625
14.48333408869803,-0.10967760533094406,-2.9953773021698,-1.081576943397522,-1.1241999864578247,0.6319823861122131,1.0062752962112427,0.39993050694465637,-0.3417854309082031,0.5140770077705383,-0.29368939995765686,0.24853427708148956,-0.68959641456604,1500.0,375.93365478515625,1500.0,-251.32293701171875,1086.918701171875,-1309.969482421875,1500.0,375.93365478515625,1500.0,-251.32293701171875,1086.918701171875,-1309.969482421875,1500.0,375.93365478515625,1500.0,-251.32293701171875,1086.918701171875,-1309.969482421875
14.50000075623393,-0.10312045365571976,-3.001082420349121,-1.0733436346054077,-1.1293598413467407,0.6360949277877808,0.9949735999107361,0.39337772130966187,-0.33601129055023193,0.5060268044471741,-0.28827011585235596,0.24440854787826538,-0.6782922744750977,0.80853271484375,9.604690551757812,25.86962890625,31.99578857421875,-1.8113861083984375,0.3075599670410156,0.80853271484375,9.604690551757812,25.86962890625,31.99578857421875,-1.8113861083984375,0.3075599670410156,0.80853271484375,9.604690551757812,25.86962890625,31.99578857421875,-1.8113861083984375,0.3075599670410156
14.516667423769832,-0.0952799916267395,-3.0065317153930664,-1.0644633769989014,-1.134584903717041,0.6407369375228882,0.983129620552063,0.4714183211326599,-0.317554235458374,0.5539103746414185,-0.2916993498802185,0.27603456377983093,-0.7108075618743896,1500.0,531.493408203125,1500.0,-310.19091796875,1448.5919189453125,-1500.0,1500.0,531.493408203125,1500.0,-310.19091796875,1448.5919189453125,-1500.0,1500.0,531.493408203125,1500.0,-310.19091796875,1448.5919189453125,-1500.0
14.533334091305733,-0.08755043148994446,-3.011840581893921,-1.0555708408355713,-1.1396957635879517,0.6452990174293518,0.9714796543121338,0.4636949896812439,-0.3121448755264282,0.5452866554260254,-0.2862304151058197,0.27145248651504517,-0.6991539597511292,0.8752899169921875,11.183021545410156,29.897705078125,35.98095703125,-2.1290817260742188,0.331390380859375,0.8752899169921875,11.183021545410156,29.897705078125,35.98095703125,-2.1290817260742188,0.331390380859375,0.8752899169921875,11.183021545410156,29.897705078125,35.98095703125,-2.1290817260742188,0.331390380859375
14.550000758841634,-0.07890115678310394,-3.0169339179992676,-1.0462231636047363,-1.1448251008987427,0.6502326726913452,0.9594663977622986,0.5196841359138489,-0.29673779010772705,0.5796777009963989,-0.28698140382766724,0.2936440408229828,-0.7209241390228271,1500.0,423.35272216796875,1500.0,-202.46148681640625,1082.9710693359375,-1351.025146484375,1500.0,423.35272216796875,1500.0,-202.46148681640625,1082.9710693359375,-1351.025146484375,1500.0,423.35272216796875,1500.0,-202.46148681640625,1082.9710693359375,-1351.025146484375
14.566667426377535,-0.0703805536031723,-3.0219039916992188,-1.036906361579895,-1.1498453617095947,0.6550822257995605,0.9476505517959595,0.5111682415008545,-0.2916870415210724,0.5705751180648804,-0.28167954087257385,0.2887779474258423,-0.7091049551963806,0.8466949462890625,10.802749633789062,28.50531005859375,32.7515869140625,-2.03729248046875,0.3123321533203125,0.8466949462890625,10.802749633789062,28.50531005859375,32.7515869140625,-2.03729248046875,0.3123321533203125,0.8466949462890625,10.802749633789062,28.50531005859375,32.7515869140625,-2.03729248046875,0.3123321533203125
14.583334093913436,-0.060952600091695786,-3.0266592502593994,-1.027129888534546,-1.1548784971237183,0.6602967977523804,0.9354672431945801,0.5664260387420654,-0.27617084980010986,0.6054874062538147,-0.2819986939430237,0.31057417392730713,-0.7311433553695679,1500.0,442.01971435546875,1500.0,-181.111083984375,1078.2861328125,-1368.5750732421875,1500.0,442.01971435546875,1500.0,-181.111083984375,1078.2861328125,-1368.5750732421875,1500.0,442.01971435546875,1500.0,-181.111083984375,1078.2861328125,-1368.5750732421875
14.600000761449337,-0.051665935665369034,-3.0312938690185547,-1.0173872709274292,-1.1598024368286133,0.6654225587844849,0.9234837293624878,0.557144284248352,-0.27144762873649597,0.5959755778312683,-0.27678319811820984,0.3054307699203491,-0.7191568613052368,0.882598876953125,11.582382202148438,30.09320068359375,32.98040771484375,-2.1457672119140625,0.2932548522949219,0.882598876953125,11.582382202148438,30.09320068359375,32.98040771484375,-2.1457672119140625,0.2932548522949219,0.882598876953125,11.582382202148438,30.09320068359375,32.98040771484375,-2.1457672119140625,0.2932548522949219
14.616667428985238,-0.04113776236772537,-3.035667896270752,-1.006969690322876,-1.1647636890411377,0.6710532903671265,0.9109372496604919,0.6327057480812073,-0.25207459926605225,0.6465529203414917,-0.2781303822994232,0.33556145429611206,-0.7529164552688599,1500.0,613.8074951171875,1500.0,-214.93557739257812,1427.8936767578125,-1500.0,1500.0,613.8074951171875,1500.0,-214.93557739257812,1427.8936767578125,-1500.0,1500.0,613.8074951171875,1500.0,-214.93557739257812,1427.8936767578125,-1500.0
14.63333409652114,-0.030763918533921242,-3.0399093627929688,-0.9965473413467407,-1.1696077585220337,0.676587700843811,0.8985963463783264,0.6223391890525818,-0.24769949913024902,0.6364723443984985,-0.2728869616985321,0.33000069856643677,-0.7405710816383362,0.977813720703125,13.84735107421875,35.25018310546875,37.40191650390625,-2.5629959106445312,0.336181640625,0.977813720703125,13.84735107421875,35.25018310546875,37.40191650390625,-2.5629959106445312,0.336181640625,0.977813720703125,13.84735107421875,35.25018310546875,37.40191650390625,-2.5629959106445312,0.336181640625
14.65000076405704,-0.01952006109058857,-3.043938398361206,-0.985657811164856,-1.1744496822357178,0.6824687719345093,0.8858800530433655,0.675369381904602,-0.2319740653038025,0.6723125576972961,-0.27214306592941284,0.3506966233253479,-0.7630860805511475,1500.0,481.29620361328125,1500.0,-130.11212158203125,1060.6539306640625,-1408.95849609375,1500.0,481.29620361328125,1500.0,-130.11212158203125,1060.6539306640625,-1408.95849609375,1500.0,481.29620361328125,1500.0,-130.11212158203125,1060.6539306640625,-1408.95849609375
14.666667431592941,-0.008447079919278622,-3.0478529930114746,-0.974812388420105,-1.1791833639144897,0.6882500648498535,0.8733726143836975,0.6643013954162598,-0.22795146703720093,0.6617353558540344,-0.26709941029548645,0.3448942005634308,-0.7505757808685303,0.9132843017578125,13.440254211425781,33.51690673828125,33.8089599609375,-2.4259033203125,0.29325103759765625,0.9132843017578125,13.440254211425781,33.51690673828125,33.8089599609375,-2.4259033203125,0.29325103759765625,0.9132843017578125,13.440254211425781,33.51690673828125,33.8089599609375,-2.4259033203125,0.29325103759765625
14.683334099128842,0.0034777740947902203,-3.0515573024749756,-0.9634971618652344,-1.1839076280593872,0.694369912147522,0.860485315322876,0.7162491083145142,-0.2121986597776413,0.6979373693466187,-0.26592880487442017,0.3650972545146942,-0.7733421325683594,1500.0,496.5311279296875,1500.0,-107.97503662109375,1050.3399658203125,-1425.833740234375,1500.0,496.5311279296875,1500.0,-107.97503662109375,1050.3399658203125,-1425.833740234375,1500.0,496.5311279296875,1500.0,-107.97503662109375,1050.3399658203125,-1425.833740234375
14.700000766664743,0.0152207026258111,-3.0551514625549316,-0.9522297382354736,-1.1885253190994263,0.700386106967926,0.8478098511695862,0.7045120596885681,-0.20848746597766876,0.6869589686393738,-0.2609935402870178,0.3590584397315979,-0.7606631517410278,0.98419189453125,14.591217041015625,35.7318115234375,34.17132568359375,-2.5761260986328125,0.3123283386230469,0.98419189453125,14.591217041015625,35.7318115234375,34.17132568359375,-2.5761260986328125,0.3123283386230469,0.98419189453125,14.591217041015625,35.7318115234375,34.17132568359375,-2.5761260986328125,0.3123283386230469
14.716667434200644,0.02813543751835823,-3.0584867000579834,-0.9402682781219482,-1.1931487321853638,0.7068739533424377,0.8345515727996826,0.7759069800376892,-0.1885799765586853,0.7395047545433044,-0.26025959849357605,0.387204110622406,-0.7955846786499023,1500.0,680.6778564453125,1500.0,-116.41976928710938,1382.2603759765625,-1500.0,1500.0,680.6778564453125,1500.0,-116.41976928710938,1382.2603759765625,-1500.0,1500.0,680.6778564453125,1500.0,-116.41976928710938,1382.2603759765625,-1500.0
14.733334101736546,0.04085714370012283,-3.061697483062744,-0.9283137917518616,-1.1976580619812012,0.713251531124115,0.8215103149414062,0.7631939053535461,-0.18519161641597748,0.7279789447784424,-0.25531476736068726,0.38079363107681274,-0.7825392484664917,1.0927772521972656,17.787811279296875,42.41943359375,39.1590576171875,-3.0803680419921875,0.3409423828125,1.0927772521972656,17.787811279296875,42.41943359375,39.1590576171875,-3.0803680419921875,0.3409423828125,1.0927772521972656,17.787811279296875,42.41943359375,39.1590576171875,-3.0803680419921875,0.3409423828125
14.750000769272447,0.054379768669605255,-3.064702033996582,-0.9158867001533508,-1.2021424770355225,0.7199457883834839,0.8080828785896301,0.8120899796485901,-0.16942133009433746,0.7647066712379456,-0.25310543179512024,0.39967912435531616,-0.8057136535644531,1500.0,528.0291748046875,1500.0,-55.6302490234375,1020.2646484375,-1463.794677734375,1500.0,528.0291748046875,1500.0,-55.6302490234375,1020.2646484375,-1463.794677734375,1500.0,528.0291748046875,1500.0,-55.6302490234375,1020.2646484375,-1463.794677734375
14.766667436808348,0.06769432872533798,-3.0676040649414062,-0.9035192131996155,-1.2065235376358032,0.726527214050293,0.7948757410049438,0.7987815141677856,-0.16637830436229706,0.7526748776435852,-0.24838919937610626,0.39307132363319397,-0.7925041317939758,1.02191162109375,17.39978790283203,40.48345947265625,35.37298583984375,-2.9253997802734375,0.2789459228515625,1.02191162109375,17.39978790283203,40.48345947265625,35.37298583984375,-2.9253997802734375,0.2789459228515625,1.02191162109375,17.39978790283203,40.48345947265625,35.37298583984375,-2.9253997802734375,0.2789459228515625
14.783334104344249,0.08178622275590897,-3.070303201675415,-0.8906790614128113,-1.2108722925186157,0.7334150671958923,0.7812788486480713,0.8462640047073364,-0.15065620839595795,0.7895907759666443,-0.24576739966869354,0.411384254693985,-0.8158960342407227,1500.0,540.1682739257812,1500.0,-33.06927490234375,1004.9212036132812,-1479.2537841796875,1500.0,540.1682739257812,1500.0,-33.06927490234375,1004.9212036132812,-1479.2537841796875,1500.0,540.1682739257812,1500.0,-33.06927490234375,1004.9212036132812,-1479.2537841796875
14.80000077188015,0.09566079080104828,-3.072901487350464,-0.8779031038284302,-1.2151210308074951,0.7401870489120483,0.7679054141044617,0.832395613193512,-0.1479012817144394,0.7771767377853394,-0.24117685854434967,0.40458396077156067,-0.8025187849998474,1.087493896484375,19.249908447265625,43.64495849609375,36.0089111328125,-3.11016845703125,0.2980232238769531,1.087493896484375,19.249908447265625,43.64495849609375,36.0089111328125,-3.11016845703125,0.2980232238769531,1.087493896484375,19.249908447265625,43.64495849609375,36.0089111328125,-3.11016845703125,0.2980232238769531
14.816667439416051,0.11061082035303116,-3.0752487182617188,-0.8644236326217651,-1.2193410396575928,0.7473905682563782,0.7539324164390564,0.8980083465576172,-0.127827987074852,0.830899178981781,-0.23840557038784027,0.43033355474472046,-0.8384413123130798,1500.0,732.9231567382812,1500.0,-16.34661865234375,1314.355224609375,-1500.0,1500.0,732.9231567382812,1500.0,-16.34661865234375,1314.355224609375,-1500.0,1500.0,732.9231567382812,1500.0,-16.34661865234375,1314.355224609375,-1500.0
14.833334106951952,0.12533454596996307,-3.077476978302002,-0.8509653806686401,-1.2234547138214111,0.7544724345207214,0.7401885390281677,0.8832945227622986,-0.12535850703716278,0.8179801106452942,-0.2338237166404724,0.4232102632522583,-0.8246937394142151,1.2135505676269531,23.880599975585938,52.499755859375,41.60223388671875,-3.769397735595703,0.3409423828125,1.2135505676269531,23.880599975585938,52.499755859375,41.60223388671875,-3.769397735595703,0.3409423828125,1.2135505676269531,23.880599975585938,52.499755859375,41.60223388671875,-3.769397735595703,0.3409423828125
14.850000774487853,0.14077207446098328,-3.07951283454895,-0.837036669254303,-1.2275196313858032,0.7618358731269836,0.7260496020317078,0.9269585013389587,-0.10980509966611862,0.8549942374229431,-0.23020750284194946,0.4400341212749481,-0.8483858704566956,1500.0,564.406494140625,1500.0,19.779815673828125,963.9215698242188,-1500.0,1500.0,564.406494140625,1500.0,19.779815673828125,963.9215698242188,-1500.0,1500.0,564.406494140625,1500.0,19.779815673828125,963.9215698242188,-1500.0
14.866667442023754,0.15597005188465118,-3.0814526081085205,-0.8231857419013977,-1.2314891815185547,0.7690763473510742,0.7121429443359375,0.9117669463157654,-0.10767240077257156,0.841563880443573,-0.2258801907300949,0.43276137113571167,-0.8344756960868835,1.1366653442382812,23.7044677734375,50.49468994140625,37.7279052734375,-3.5703125,0.30517578125,1.1366653442382812,23.7044677734375,50.49468994140625,37.7279052734375,-3.5703125,0.30517578125,1.1366653442382812,23.7044677734375,50.49468994140625,37.7279052734375,-3.5703125,0.30517578125
14.883334109559655,0.17185327410697937,-3.083205223083496,-0.8088663220405579,-1.2354038953781128,0.7765874862670898,0.6978384852409363,0.9537136554718018,-0.09224129468202591,0.8785846829414368,-0.22187387943267822,0.4489518404006958,-0.8583337664604187,1500.0,573.7987060546875,1500.0,42.42120361328125,944.225830078125,-1500.0,1500.0,573.7987060546875,1500.0,42.42120361328125,944.225830078125,-1500.0,1500.0,573.7987060546875,1500.0,42.42120361328125,944.225830078125,-1500.0
14.900000777095556,0.1874895542860031,-3.0848639011383057,-0.7946295142173767,-1.2392264604568481,0.7839729189872742,0.6837685704231262,0.9380838871002197,-0.09036866575479507,0.8648005723953247,-0.21768619120121002,0.4415314197540283,-0.8442612886428833,1.20281982421875,26.659072875976562,55.03173828125,38.75732421875,-3.838531494140625,0.30040740966796875,1.20281982421875,26.659072875976562,55.03173828125,38.75732421875,-3.838531494140625,0.30040740966796875,1.20281982421875,26.659072875976562,55.03173828125,38.75732421875,-3.838531494140625,0.30040740966796875
14.916667444631457,0.20408032834529877,-3.0862865447998047,-0.779689610004425,-1.2429873943328857,0.791743814945221,0.6690868139266968,0.9964092969894409,-0.07048244029283524,0.9188623428344727,-0.21296241879463196,0.46455782651901245,-0.8809413313865662,1500.0,772.05419921875,1500.0,83.57644653320312,1227.226318359375,-1500.0,1500.0,772.05419921875,1500.0,83.57644653320312,1227.226318359375,-1500.0,1500.0,772.05419921875,1500.0,83.57644653320312,1227.226318359375,-1500.0
14.933334112167358,0.22041760385036469,-3.0875942707061768,-0.7647881507873535,-1.2466514110565186,0.7993848323822021,0.654646098613739,0.9800825715065002,-0.068842813372612,0.9046377539634705,-0.20879794657230377,0.45686662197113037,-0.8664953708648682,1.3232192993164062,33.51092529296875,66.82391357421875,45.06292724609375,-4.665851593017578,0.371917724609375,1.3232192993164062,33.51092529296875,66.82391357421875,45.06292724609375,-4.665851593017578,0.371917724609375,1.3232192993164062,33.51092529296875,66.82391357421875,45.06292724609375,-4.665851593017578,0.371917724609375
14.95000077970326,0.23736533522605896,-3.08872652053833,-0.7494253516197205,-1.250244379043579,0.8072693943977356,0.6398047208786011,1.0175195932388306,-0.05375121533870697,0.9413161277770996,-0.20386064052581787,0.47144338488578796,-0.8905059099197388,1500.0,592.1007690429688,1500.0,94.93411254882812,893.9743041992188,-1500.0,1500.0,592.1007690429688,1500.0,94.93411254882812,893.9743041992188,-1500.0,1500.0,592.1007690429688,1500.0,94.93411254882812,893.9743041992188,-1500.0
14.96666744723916,0.25404834747314453,-3.089769124984741,-0.7341605424880981,-1.2537516355514526,0.8150224685668945,0.6252074241638184,1.0008434057235718,-0.05244409292936325,0.9265757203102112,-0.19997453689575195,0.46365025639533997,-0.8759037852287292,1.2648086547851562,33.726837158203125,64.8951416015625,41.16058349609375,-4.478691101074219,0.3409423828125,1.2648086547851562,33.726837158203125,64.8951416015625,41.16058349609375,-4.478691101074219,0.3409423828125,1.2648086547851562,33.726837158203125,64.8951416015625,41.16058349609375,-4.478691101074219,0.3409423828125
14.983334114775062,0.27130892872810364,-3.0906434059143066,-0.7184383273124695,-1.2571818828582764,0.8230079412460327,0.6102078557014465,1.0362945795059204,-0.037544265389442444,0.9630746245384216,-0.19467490911483765,0.47755298018455505,-0.9000111818313599,1500.0,599.46044921875,1500.0,117.33590698242188,870.7153930664062,-1500.0,1500.0,599.46044921875,1500.0,117.33590698242188,870.7153930664062,-1500.0,1500.0,599.46044921875,1500.0,117.33590698242188,870.7153930664062,-1500.0
15.000000782310963,0.2882993817329407,-3.0914289951324463,-0.7028195858001709,-1.2605302333831787,0.830860435962677,0.5954548120498657,1.0193102359771729,-0.03646351769566536,0.9480221271514893,-0.19094151258468628,0.46965786814689636,-0.8852545619010925,1.3148651123046875,38.43858337402344,71.36822509765625,42.5606689453125,-4.8124847412109375,0.33855438232421875,1.3148651123046875,38.43858337402344,71.36822509765625,42.5606689453125,-4.8124847412109375,0.33855438232421875,1.3148651123046875,38.43858337402344,71.36822509765625,42.5606689453125,-4.8124847412109375,0.33855438232421875
15.016667449846864,0.30610132217407227,-3.0920004844665527,-0.6865079402923584,-1.263784646987915,0.8390485644340515,0.5800822377204895,1.0689913034439087,-0.017098944634199142,1.0015534162521362,-0.1843794286251068,0.489724338054657,-0.922372579574585,1500.0,800.4481201171875,1500.0,181.81863403320312,1124.320068359375,-1500.0,1500.0,800.4481201171875,1500.0,181.81863403320312,1124.320068359375,-1500.0,1500.0,800.4481201171875,1500.0,181.81863403320312,1124.320068359375,-1500.0
15.033334117382765,0.3236289918422699,-3.0924582481384277,-0.6702551245689392,-1.266953468322754,0.8471002578735352,0.5649619102478027,1.0514742136001587,-0.016179915517568588,0.9861489534378052,-0.18068431317806244,0.481611430644989,-0.9072480797767639,1.4197845458984375,48.72471618652344,87.15155029296875,49.51177978515625,-5.86390495300293,0.36956787109375,1.4197845458984375,48.72471618652344,87.15155029296875,49.51177978515625,-5.86390495300293,0.36956787109375,1.4197845458984375,48.72471618652344,87.15155029296875,49.51177978515625,-5.86390495300293,0.36956787109375
15.050000784918666,0.34164974093437195,-3.092761516571045,-0.6535565257072449,-1.2700297832489014,0.8553558588027954,0.5494401454925537,1.081819772720337,-0.0017779982881620526,1.0218619108200073,-0.174530029296875,0.4938238263130188,-0.9313200116157532,1500.0,613.551513671875,1500.0,168.72821044921875,813.09912109375,-1500.0,1500.0,613.551513671875,1500.0,168.72821044921875,813.09912109375,-1500.0,1500.0,613.551513671875,1500.0,168.72821044921875,813.09912109375,-1500.0
15.066667452454567,0.3593873679637909,-3.092980146408081,-0.6369779109954834,-1.273031234741211,0.8634744882583618,0.5341735482215881,1.0640884637832642,-0.0011948288884013891,1.0059369802474976,-0.1711319386959076,0.4856577515602112,-0.916049599647522,1.3422966003417969,49.60557556152344,85.3824462890625,45.6094970703125,-5.620719909667969,0.3552398681640625,1.3422966003417969,49.60557556152344,85.3824462890625,45.6094970703125,-5.620719909667969,0.3552398681640625,1.3422966003417969,49.60557556152344,85.3824462890625,45.6094970703125,-5.620719909667969,0.3552398681640625
15.083334119990468,0.37758150696754456,-3.093052625656128,-0.6199595928192139,-1.2759346961975098,0.8717852830886841,0.5185051560401917,1.0922198295593262,0.012951541692018509,1.0412859916687012,-0.1646495908498764,0.49717584252357483,-0.9401340484619141,1500.0,619.8668212890625,1500.0,190.4493408203125,787.0864868164062,-1500.0,1500.0,619.8668212890625,1500.0,190.4493408203125,787.0864868164062,-1500.0,1500.0,619.8668212890625,1500.0,190.4493408203125,787.0864868164062,-1500.0
15.100000787526369,0.39548933506011963,-3.0930399894714355,-0.6030669808387756,-1.2787672281265259,0.8799582719802856,0.5030938982963562,1.0743179321289062,0.013345942832529545,1.0250952243804932,-0.16141599416732788,0.4889523386955261,-0.9247195720672607,1.40667724609375,56.91117858886719,94.2039794921875,47.29388427734375,-6.068946838378906,0.3552436828613281,1.40667724609375,56.91117858886719,94.2039794921875,47.29388427734375,-6.068946838378906,0.3552436828613281,1.40667724609375,56.91117858886719,94.2039794921875,47.29388427734375,-6.068946838378906,0.3552436828613281
15.11666745506227,0.41404643654823303,-3.0928397178649902,-0.5855010151863098,-1.2814769744873047,0.8884145021438599,0.4870624244213104,1.114177942276001,0.03188129886984825,1.0772331953048706,-0.15315918624401093,0.5059118866920471,-0.9618832468986511,1500.0,821.5016479492188,1500.0,276.6627197265625,1009.3045654296875,-1500.0,1500.0,821.5016479492188,1500.0,276.6627197265625,1009.3045654296875,-1500.0,1500.0,821.5016479492188,1500.0,276.6627197265625,1009.3045654296875,-1500.0
15.133334122598171,0.43231552839279175,-3.0925257205963135,-0.5680170655250549,-1.2841120958328247,0.8967305421829224,0.471294105052948,1.0959199666976929,0.032204292714595795,1.0607984066009521,-0.14997689425945282,0.4975241422653198,-0.9461100101470947,1.547332763671875,72.0765380859375,114.6865234375,54.7802734375,-7.326602935791016,0.41961669921875,1.547332763671875,72.0765380859375,114.6865234375,54.7802734375,-7.326602935791016,0.41961669921875,1.547332763671875,72.0765380859375,114.6865234375,54.7802734375,-7.326602935791016,0.41961669921875
15.150000790134072,0.4509488642215729,-3.0920798778533936,-0.5501090288162231,-1.2866357564926147,0.9052099585533142,0.4551282823085785,1.1184591054916382,0.04571449011564255,1.0949376821517944,-0.14272570610046387,0.5073230862617493,-0.9699399471282959,1500.0,632.0761108398438,1500.0,239.79782104492188,724.0653076171875,-1500.0,1500.0,632.0761108398438,1500.0,239.79782104492188,724.0653076171875,-1500.0,1500.0,632.0761108398438,1500.0,239.79782104492188,724.0653076171875,-1500.0
15.166667457669973,0.46928781270980835,-3.091552734375,-0.5323443412780762,-1.2890948057174683,0.9135487675666809,0.43922823667526245,1.100126028060913,0.045685775578022,1.0779739618301392,-0.13985848426818848,0.4989284873008728,-0.95403653383255,1.430511474609375,73.83450317382812,112.90313720703125,50.69671630859375,-7.069110870361328,0.364776611328125,1.430511474609375,73.83450317382812,112.90313720703125,50.69671630859375,-7.069110870361328,0.364776611328125,1.430511474609375,73.83450317382812,112.90313720703125,50.69671630859375,-7.069110870361328,0.364776611328125
15.183334125205874,0.48795169591903687,-3.0909039974212646,-0.5141632556915283,-1.2914386987686157,0.9220394492149353,0.42293211817741394,1.1202714443206787,0.05888529121875763,1.1115769147872925,-0.13231581449508667,0.5080323815345764,-0.9777821898460388,1500.0,638.43701171875,1500.0,260.38226318359375,696.1893920898438,-1500.0,1500.0,638.43701171875,1500.0,260.38226318359375,696.1893920898438,-1500.0,1500.0,638.43701171875,1500.0,260.38226318359375,696.1893920898438,-1500.0
15.200000792741776,0.5063201189041138,-3.0901737213134766,-0.4961315989494324,-1.2937215566635132,0.9303893446922302,0.4069039523601532,1.1019083261489868,0.05870708078145981,1.0943992137908936,-0.12962299585342407,0.49962419271469116,-0.9617506265640259,1.468658447265625,84.50686645507812,124.05157470703125,52.43121337890625,-7.5936279296875,0.38742828369140625,1.468658447265625,84.50686645507812,124.05157470703125,52.43121337890625,-7.5936279296875,0.38742828369140625,1.468658447265625,84.50686645507812,124.05157470703125,52.43121337890625,-7.5936279296875,0.38742828369140625
15.216667460277677,0.5251603722572327,-3.0892839431762695,-0.4774540960788727,-1.2958565950393677,0.9389699697494507,0.3902619183063507,1.1309876441955566,0.07615218311548233,1.1443239450454712,-0.11982788890600204,0.513420581817627,-0.9985034465789795,1500.0,839.1702270507812,1500.0,366.337890625,886.0421142578125,-1500.0,1500.0,839.1702270507812,1500.0,366.337890625,886.0421142578125,-1500.0,1500.0,839.1702270507812,1500.0,366.337890625,886.0421142578125,-1500.0
15.233334127813578,0.5437058806419373,-3.0882792472839355,-0.4588841199874878,-1.2979271411895752,0.9474081993103027,0.37389320135116577,1.1124515533447266,0.07600817084312439,1.1270151138305664,-0.11720345169305801,0.5048998594284058,-0.982130229473114,1.542572021484375,105.77499389648438,149.0723876953125,59.9351806640625,-9.038448333740234,0.44464111328125,1.542572021484375,105.77499389648438,149.0723876953125,59.9351806640625,-9.038448333740234,0.44464111328125,1.542572021484375,105.77499389648438,149.0723876953125,59.9351806640625,-9.038448333740234,0.44464111328125
15.250000795349479,0.5624784231185913,-3.087167978286743,-0.43991684913635254,-1.2998714447021484,0.9559699892997742,0.35713666677474976,1.1266419887542725,0.08846938610076904,1.1590297222137451,-0.10898272693157196,0.5123009085655212,-1.0053740739822388,1319.913818359375,651.1173095703125,1500.0,306.6036071777344,629.8351440429688,-1500.0,1319.913818359375,651.1173095703125,1500.0,306.6036071777344,629.8351440429688,-1500.0,1319.913818359375,651.1173095703125,1500.0,306.6036071777344,629.8351440429688,-1500.0
15.26666746288538,0.5809523463249207,-3.0859780311584473,-0.42111676931381226,-1.3017611503601074,0.9643896818161011,0.34065571427345276,1.1081727743148804,0.08794450014829636,1.1411834955215454,-0.10668343305587769,0.5038180351257324,-0.9888893961906433,1.3947486877441406,108.2178955078125,146.41522216796875,55.5467529296875,-8.678436279296875,0.4029388427734375,1.3947486877441406,108.2178955078125,146.41522216796875,55.5467529296875,-8.678436279296875,0.4029388427734375,1.3947486877441406,108.2178955078125,146.41522216796875,55.5467529296875,-8.678436279296875,0.4029388427734375
15.28333413042128,0.5996120572090149,-3.084689140319824,-0.4019288420677185,-1.303520917892456,0.9729219675064087,0.32379019260406494,1.119842529296875,0.10006040334701538,1.1725119352340698,-0.09820716828107834,0.5105405449867249,-1.0119409561157227,1214.5400390625,658.3309326171875,1500.0,325.5301513671875,600.9984130859375,-1500.0,1214.5400390625,658.3309326171875,1500.0,325.5301513671875,600.9984130859375,-1500.0,1214.5400390625,658.3309326171875,1500.0,325.5301513671875,600.9984130859375,-1500.0
15.300000797957182,0.6179744005203247,-3.0833210945129395,-0.3829141855239868,-1.3052290678024292,0.9813125133514404,0.3072021007537842,1.1014841794967651,0.09942060708999634,1.1545031070709229,-0.096092090010643,0.5020849108695984,-0.9953500628471375,1.3613662719726562,122.13914489746094,158.69256591796875,56.8702392578125,-9.19342041015625,0.40650177001953125,1.3613662719726562,122.13914489746094,158.69256591796875,56.8702392578125,-9.19342041015625,0.40650177001953125,1.3613662719726562,122.13914489746094,158.69256591796875,56.8702392578125,-9.19342041015625,0.40650177001953125
15.316667465493083,0.6366196870803833,-3.081822156906128,-0.3632890284061432,-1.306768774986267,0.9898821115493774,0.290015310049057,1.1190608739852905,0.11559665948152542,1.201491117477417,-0.08492530137300491,0.51274573802948,-1.0311838388442993,1450.2095947265625,856.28564453125,1500.0,448.8134460449219,758.5525512695312,-1500.0,1450.2095947265625,856.28564453125,1500.0,448.8134460449219,758.5525512695312,-1500.0,1450.2095947265625,856.28564453125,1500.0,448.8134460449219,758.5525512695312,-1500.0
15.333334133028984,0.6549705266952515,-3.0802080631256104,-0.3437979817390442,-1.308253288269043,0.9983086585998535,0.273110955953598,1.1007170677185059,0.11509904265403748,1.1834591627120972,-0.08289887756109238,0.5042296051979065,-1.0142744779586792,1.33038330078125,149.2860870361328,186.2227783203125,63.730194091796875,-10.66446304321289,0.485198974609375,1.33038330078125,149.2860870361328,186.2227783203125,63.730194091796875,-10.66446304321289,0.485198974609375,1.33038330078125,149.2860870361328,186.2227783203125,63.730194091796875,-10.66446304321289,0.485198974609375
15.350000800564885,0.6734057068824768,-3.07850980758667,-0.32394084334373474,-1.30959951877594,1.0068209171295166,0.2558346390724182,1.1062016487121582,0.1264341026544571,1.212886095046997,-0.07383786886930466,0.5093075037002563,-1.0365560054779053,957.9348754882812,672.1746826171875,1500.0,367.3309020996094,533.4544067382812,-1500.0,957.9348754882812,672.1746826171875,1500.0,367.3309020996094,533.4544067382812,-1500.0,957.9348754882812,672.1746826171875,1500.0,367.3309020996094,533.4544067382812,-1500.0
15.366667468100786,0.6915454864501953,-3.0767338275909424,-0.30427461862564087,-1.3108999729156494,1.0151913166046143,0.23884263634681702,1.0880650281906128,0.1255132257938385,1.1943122148513794,-0.0721396654844284,0.5008692741394043,-1.0195612907409668,1.1444091796875,150.84207153320312,180.673583984375,58.73980712890625,-10.151863098144531,0.3933868408203125,1.1444091796875,150.84207153320312,180.673583984375,58.73980712890625,-10.151863098144531,0.3933868408203125,1.1444091796875,150.84207153320312,180.673583984375,58.73980712890625,-10.151863098144531,0.3933868408203125
15.383334135636687,0.70972740650177,-3.0748815536499023,-0.2842528820037842,-1.3120596408843994,1.0236366987228394,0.22148378193378448,1.0909576416015625,0.13649748265743256,1.222938060760498,-0.0628635510802269,0.5053017139434814,-1.0415349006652832,844.0375366210938,679.4935302734375,1500.0,383.8920593261719,504.59149169921875,-1500.0,844.0375366210938,679.4935302734375,1500.0,383.8920593261719,504.59149169921875,-1500.0,844.0375366210938,679.4935302734375,1500.0,383.8920593261719,504.59149169921875,-1500.0
15.400000803172588,0.7276170253753662,-3.0729520320892334,-0.26442793011665344,-1.313176155090332,1.0319409370422363,0.20441068708896637,1.07306969165802,0.13548845052719116,1.2042454481124878,-0.06135506555438042,0.49692848324775696,-1.0244582891464233,1.0561943054199219,166.0323028564453,191.1103515625,59.23419189453125,-10.521408081054688,0.4112701416015625,1.0561943054199219,166.0323028564453,191.1103515625,59.23419189453125,-10.521408081054688,0.4112701416015625,1.0561943054199219,166.0323028564453,191.1103515625,59.23419189453125,-10.521408081054688,0.4112701416015625
15.41666747070849,0.7455945014953613,-3.0709166526794434,-0.24403388798236847,-1.3141077756881714,1.0403754711151123,0.18676307797431946,1.0786805152893066,0.15034934878349304,1.2477061748504639,-0.04899323731660843,0.5045618414878845,-1.0588263273239136,944.4236450195312,871.673828125,1500.0,521.9009399414062,630.8543701171875,-1500.0,944.4236450195312,871.673828125,1500.0,521.9009399414062,630.8543701171875,-1500.0,944.4236450195312,871.673828125,1500.0,521.9009399414062,630.8543701171875,-1500.0
15.43333413824439,0.7632843255996704,-3.068765640258789,-0.22380071878433228,-1.3149924278259277,1.0486677885055542,0.16940568387508392,1.0609935522079468,0.1495702713727951,1.2290674448013306,-0.04759714752435684,0.49617621302604675,-1.0414639711380005,0.8916778564453125,195.82269287109375,216.71173095703125,64.692626953125,-11.861328125,0.464935302734375,0.8916778564453125,195.82269287109375,216.71173095703125,64.692626953125,-11.861328125,0.464935302734375,0.8916778564453125,195.82269287109375,216.71173095703125,64.692626953125,-11.861328125,0.464935302734375
15.450000805780292,0.7809138894081116,-3.0665483474731445,-0.20323647558689117,-1.3157293796539307,1.0570104122161865,0.1516987830400467,1.0576125383377075,0.15981251001358032,1.2555561065673828,-0.03783471882343292,0.4990612268447876,-1.0623886585235596,570.628662109375,691.3411865234375,1500.0,419.9630126953125,438.03692626953125,-1500.0,570.628662109375,691.3411865234375,1500.0,419.9630126953125,438.03692626953125,-1500.0,570.628662109375,691.3411865234375,1500.0,419.9630126953125,438.03692626953125,-1500.0
15.466667473316193,0.7982581853866577,-3.064255714416504,-0.1828850954771042,-1.316429615020752,1.065212368965149,0.13428354263305664,1.0402684211730957,0.15856149792671204,1.2363895177841187,-0.03676134720444679,0.49078914523124695,-1.0449702739715576,0.6866455078125,192.95993041992188,205.4244384765625,58.94390869140625,-11.068582534790039,0.405303955078125,0.6866455078125,192.95993041992188,205.4244384765625,58.94390869140625,-11.068582534790039,0.405303955078125,0.6866455078125,192.95993041992188,205.4244384765625,58.94390869140625,-11.068582534790039,0.405303955078125
15.483334140852094,0.8154998421669006,-3.061903953552246,-0.1622145175933838,-1.3169809579849243,1.0734550952911377,0.11652582883834839,1.034283995628357,0.16848526895046234,1.26199209690094,-0.02682335115969181,0.4930780231952667,-1.0654661655426025,450.81854248046875,695.8067016601562,1500.0,433.65924072265625,410.116943359375,-1500.0,450.81854248046875,695.8067016601562,1500.0,433.65924072265625,410.116943359375,-1500.0,450.81854248046875,695.8067016601562,1500.0,433.65924072265625,410.116943359375,-1500.0
15.500000808387995,0.8324612975120544,-3.059478282928467,-0.14176201820373535,-1.317497968673706,1.0815588235855103,0.09906062483787537,1.0173218250274658,0.167156383395195,1.2427395582199097,-0.025943275541067123,0.48490390181541443,-1.0479979515075684,0.5292892456054688,204.78546142578125,209.8846435546875,58.193115234375,-11.147262573242188,0.38295745849609375,0.5292892456054688,204.78546142578125,209.8846435546875,58.193115234375,-11.147262573242188,0.38295745849609375,0.5292892456054688,204.78546142578125,209.8846435546875,58.193115234375,-11.147262573242188,0.38295745849609375
15.516667475923896,0.8493124842643738,-3.0569632053375244,-0.1207885891199112,-1.3178170919418335,1.089747428894043,0.08105453103780746,1.0107769966125488,0.1808086633682251,1.2822070121765137,-0.012571260333061218,0.4896906316280365,-1.0803298950195312,412.46893310546875,877.34521484375,1500.0,583.8432006835938,506.906494140625,-1500.0,412.46893310546875,877.34521484375,1500.0,583.8432006835938,506.906494140625,-1500.0,412.46893310546875,877.34521484375,1500.0,583.8432006835938,506.906494140625,-1500.0
15.533334143459797,0.865889847278595,-3.054335355758667,-0.10000093281269073,-1.3180972337722778,1.0977951288223267,0.06334485113620758,0.994197428226471,0.17974713444709778,1.2630425691604614,-0.011827906593680382,0.4815512001514435,-1.0626163482666016,0.214569091796875,230.65093994140625,228.0238037109375,61.7275390625,-12.106895446777344,0.408294677734375,0.214569091796875,230.65093994140625,228.0238037109375,61.7275390625,-12.106895446777344,0.408294677734375,0.214569091796875,230.65093994140625,228.0238037109375,61.7275390625,-12.106895446777344,0.408294677734375
15.550000810995698,0.882263720035553,-3.0516529083251953,-0.07892151921987534,-1.3182239532470703,1.105862021446228,0.04531478136777878,0.9819936156272888,0.18903563916683197,1.2863174676895142,-0.0015059688594192266,0.4824238717556,-1.081777811050415,166.82147216796875,697.8773803710938,1500.0,463.0801696777344,346.59625244140625,-1487.335205078125,166.82147216796875,697.8773803710938,1500.0,463.0801696777344,346.59625244140625,-1487.335205078125,166.82147216796875,697.8773803710938,1500.0,463.0801696777344,346.59625244140625,-1487.335205078125
15.566667478531599,0.8983692526817322,-3.0488998889923096,-0.0580742172896862,-1.318321943283081,1.1137906312942505,0.027581917122006416,0.9658849835395813,0.18746218085289001,1.2666676044464111,-0.00107141665648669,0.474427193403244,-1.0640428066253662,0.019073486328125,219.03933715820312,209.06463623046875,55.271453857421875,-10.986328125,0.3260345458984375,0.019073486328125,219.03933715820312,209.06463623046875,55.271453857421875,-10.986328125,0.3260345458984375,0.019073486328125,219.03933715820312,209.06463623046875,55.271453857421875,-10.986328125,0.3260345458984375
15.5833341460675,0.9142294526100159,-3.0460970401763916,-0.03694850578904152,-1.3182661533355713,1.1217302083969116,0.00953770149499178,0.9511260986328125,0.19649049639701843,1.288983702659607,0.009383948519825935,0.4747661352157593,-1.0826568603515625,43.88330078125,695.1576538085938,1500.0,473.6883850097656,320.4130859375,-1466.01123046875,43.88330078125,695.1576538085938,1500.0,473.6883850097656,320.4130859375,-1466.01123046875,43.88330078125,695.1576538085938,1500.0,473.6883850097656,320.4130859375,-1466.01123046875
15.600000813603401,0.9298290610313416,-3.0432233810424805,-0.016059160232543945,-1.3181840181350708,1.1295329332351685,-0.00820899661630392,0.9355223178863525,0.19482389092445374,1.2692726850509644,0.009625616483390331,0.46689602732658386,-1.0649073123931885,-0.16927719116210938,221.91107177734375,204.77239990234375,53.2421875,-10.727645874023438,0.31948089599609375,-0.16927719116210938,221.91107177734375,204.77239990234375,53.2421875,-10.727645874023438,0.31948089599609375,-0.16927719116210938,221.91107177734375,204.77239990234375,53.2421875,-10.727645874023438,0.31948089599609375
15.616667481139302,0.9451218247413635,-3.040271759033203,0.005295530892908573,-1.3178948163986206,1.1373809576034546,-0.026453504338860512,0.9169111847877502,0.20747363567352295,1.30434250831604,0.023814210668206215,0.4690815210342407,-1.0946276187896729,-133.28076171875,860.9801635742188,1500.0,633.809814453125,390.16485595703125,-1500.0,-133.28076171875,860.9801635742188,1500.0,633.809814453125,390.16485595703125,-1500.0,-133.28076171875,860.9801635742188,1500.0,633.809814453125,390.16485595703125,-1500.0
15.633334148675203,0.9601612091064453,-3.0372142791748047,0.02644266001880169,-1.3175736665725708,1.1450902223587036,-0.04439727962017059,0.9018657803535461,0.2060423344373703,1.2847087383270264,0.023894768208265305,0.46128761768341064,-1.0766805410385132,-0.545989990234375,236.92547607421875,211.87432861328125,54.697967529296875,-11.175872802734375,0.260986328125,-0.545989990234375,236.92547607421875,211.87432861328125,54.697967529296875,-11.175872802734375,0.260986328125,-0.545989990234375,236.92547607421875,211.87432861328125,54.697967529296875,-11.175872802734375,0.260986328125
15.650000816211104,0.9748581051826477,-3.0341079235076904,0.047836627811193466,-1.3170957565307617,1.1527916193008423,-0.0626257136464119,0.8810857534408569,0.2145555019378662,1.304513692855835,0.03462766855955124,0.4603724479675293,-1.093682050704956,-244.0428466796875,679.5066528320312,1500.0,496.3010559082031,261.6322021484375,-1408.984619140625,-244.0428466796875,679.5066528320312,1500.0,496.3010559082031,261.6322021484375,-1408.984619140625,-244.0428466796875,679.5066528320312,1500.0,496.3010559082031,261.6322021484375,-1408.984619140625
15.666667483747005,0.989310085773468,-3.030937910079956,0.06898263096809387,-1.3165972232818604,1.1603578329086304,-0.08055338263511658,0.8666263222694397,0.212593212723732,1.284468650817871,0.03442026674747467,0.4527433514595032,-1.0757519006729126,-0.7176361083984375,214.72573852539062,186.49267578125,47.868621826171875,-9.816884994506836,0.21307373046875,-0.7176361083984375,214.72573852539062,186.49267578125,47.868621826171875,-9.816884994506836,0.21307373046875,-0.7176361083984375,214.72573852539062,186.49267578125,47.868621826171875,-9.816884994506836,0.21307373046875
15.683334151282907,1.0033801794052124,-3.027721881866455,0.09036054462194443,-1.3159419298171997,1.1679092645645142,-0.09875478595495224,0.8434001207351685,0.2209012657403946,1.3032405376434326,0.045245565474033356,0.4513666033744812,-1.092089056968689,-367.1527099609375,667.2841186523438,1500.0,504.0070495605469,237.8153839111328,-1381.372802734375,-367.1527099609375,667.2841186523438,1500.0,504.0070495605469,237.8153839111328,-1381.372802734375,-367.1527099609375,667.2841186523438,1500.0,504.0070495605469,237.8153839111328,-1381.372802734375
15.700000818818808,1.0172135829925537,-3.024444103240967,0.11148729920387268,-1.3152680397033691,1.1753276586532593,-0.11665572971105576,0.8295572400093079,0.21880881488323212,1.2831605672836304,0.04484640434384346,0.44388940930366516,-1.0741856098175049,-0.9083747863769531,206.32086181640625,174.47052001953125,44.783355712890625,-9.17196273803711,0.16957855224609375,-0.9083747863769531,206.32086181640625,174.47052001953125,44.783355712890625,-9.17196273803711,0.16957855224609375,-0.9083747863769531,206.32086181640625,174.47052001953125,44.783355712890625,-9.17196273803711,0.16957855224609375
15.716667486354709,1.030551791191101,-3.021089792251587,0.13301478326320648,-1.3143812417984009,1.1827563047409058,-0.13500210642814636,0.7992519736289978,0.2306591421365738,1.313425898551941,0.05965368077158928,0.44377580285072327,-1.1007353067398071,-679.9317016601562,816.243896484375,1500.0,672.29833984375,283.4486999511719,-1500.0,-679.9317016601562,816.243896484375,1500.0,672.29833984375,283.4486999511719,-1500.0,-679.9317016601562,816.243896484375,1500.0,672.29833984375,283.4486999511719,-1500.0
15.73333415389061,1.0436638593673706,-3.0176403522491455,0.1543167233467102,-1.3134690523147583,1.1900497674942017,-0.153045654296875,0.786129355430603,0.22870664298534393,1.2933940887451172,0.05907382816076279,0.43641090393066406,-1.0826908349990845,-1.249298095703125,208.058349609375,171.818115234375,44.535369873046875,-9.152885437011719,0.131134033203125,-1.249298095703125,208.058349609375,171.818115234375,44.535369873046875,-9.152885437011719,0.131134033203125,-1.249298095703125,208.058349609375,171.818115234375,44.535369873046875,-9.152885437011719,0.131134033203125
15.75000082142651,1.0563015937805176,-3.0141453742980957,0.17581400275230408,-1.312399983406067,1.1973124742507935,-0.17133185267448425,0.7572207450866699,0.2365751564502716,1.309462308883667,0.07007026672363281,0.433965802192688,-1.097150206565857,-652.1510620117188,633.4322509765625,1500.0,520.5081787109375,184.99017333984375,-1309.7054443359375,-652.1510620117188,633.4322509765625,1500.0,520.5081787109375,184.99017333984375,-1309.7054443359375,-652.1510620117188,633.4322509765625,1500.0,520.5081787109375,184.99017333984375,-1309.7054443359375
15.766667488962412,1.0687237977981567,-3.0105957984924316,0.19705092906951904,-1.3113170862197876,1.2044447660446167,-0.18931595981121063,0.7447876930236816,0.2341098040342331,1.2891281843185425,0.06922593712806702,0.4267820119857788,-1.0791640281677246,-1.316070556640625,178.89260864257812,144.71295166015625,37.887847900390625,-7.714033126831055,0.117431640625,-1.316070556640625,178.89260864257812,144.71295166015625,37.887847900390625,-7.714033126831055,0.117431640625,-1.316070556640625,178.89260864257812,144.71295166015625,37.887847900390625,-7.714033126831055,0.117431640625
15.783334156498313,1.080635666847229,-3.0070009231567383,0.21846668422222137,-1.310077428817749,1.2115405797958374,-0.20752999186515808,0.7135983109474182,0.24180427193641663,1.3040889501571655,0.08027750998735428,0.4239557385444641,-1.0928514003753662,-772.521484375,614.26220703125,1500.0,525.9320068359375,163.88772583007812,-1275.9959716796875,-772.521484375,614.26220703125,1500.0,525.9320068359375,163.88772583007812,-1275.9959716796875,-772.521484375,614.26220703125,1500.0,525.9320068359375,163.88772583007812,-1275.9959716796875
15.800000824034214,1.0923433303833008,-3.003356695175171,0.2396199107170105,-1.308826208114624,1.2185076475143433,-0.2254430651664734,0.7018803358078003,0.23917095363140106,1.2837598323822021,0.07924497127532959,0.41694149374961853,-1.074937105178833,-1.4209747314453125,162.6884765625,129.444580078125,34.282806396484375,-6.89387321472168,0.06020355224609375,-1.4209747314453125,162.6884765625,129.444580078125,34.282806396484375,-6.89387321472168,0.06020355224609375,-1.4209747314453125,162.6884765625,129.444580078125,34.282806396484375,-6.89387321472168,0.06020355224609375
15.816667491570115,1.103376030921936,-2.9996345043182373,0.26110002398490906,-1.3073596954345703,1.2254570722579956,-0.2437402904033661,0.6605237722396851,0.25033828616142273,1.3088208436965942,0.0944807305932045,0.41487589478492737,-1.0977849960327148,-1214.625732421875,750.7240600585938,1500.0,701.052490234375,188.71307373046875,-1500.0,-1214.625732421875,750.7240600585938,1500.0,701.052490234375,188.71307373046875,-1500.0,-1214.625732421875,750.7240600585938,1500.0,701.052490234375,188.71307373046875,-1500.0
15.833334159106016,1.1142137050628662,-2.995835065841675,0.2823407053947449,-1.3058732748031616,1.2322750091552734,-0.2617350220680237,0.6496721506118774,0.24773149192333221,1.2885291576385498,0.09325066953897476,0.40800273418426514,-1.0797901153564453,-1.67132568359375,155.14312744140625,121.8701171875,32.961669921875,-6.639961242675781,0.04290771484375,-1.67132568359375,155.14312744140625,121.8701171875,32.961669921875,-6.639961242675781,0.04290771484375,-1.67132568359375,155.14312744140625,121.8701171875,32.961669921875,-6.639961242675781,0.04290771484375
15.850000826641917,1.1244573593139648,-2.9919888973236084,0.3037189543247223,-1.3042314052581787,1.2390443086624146,-0.279924601316452,0.6132750511169434,0.25501593947410583,1.300611138343811,0.10437357425689697,0.404310941696167,-1.0913594961166382,-1047.739990234375,571.6723022460938,1436.8927001953125,537.7551879882812,117.75494384765625,-1190.3345947265625,-1047.739990234375,571.6723022460938,1436.8927001953125,537.7551879882812,117.75494384765625,-1190.3345947265625,-1047.739990234375,571.6723022460938,1436.8927001953125,537.7551879882812,117.75494384765625,-1190.3345947265625
15.866667494177818,1.1345200538635254,-2.988103151321411,0.32482802867889404,-1.3025823831558228,1.2456879615783691,-0.29781338572502136,0.6032002568244934,0.25196370482444763,1.2801573276519775,0.10290583223104477,0.3976287543773651,-1.0734689235687256,-1.6021728515625,126.44769287109375,98.4835205078125,27.164215087890625,-5.345344543457031,0.023834228515625,-1.6021728515625,126.44769287109375,98.4835205078125,27.164215087890625,-5.345344543457031,0.023834228515625,-1.6021728515625,126.44769287109375,98.4835205078125,27.164215087890625,-5.345344543457031,0.023834228515625
15.88333416171372,1.1439554691314697,-2.984170913696289,0.3460569381713867,-1.3007781505584717,1.2522790431976318,-0.3158826529979706,0.5647416710853577,0.2590889632701874,1.2910736799240112,0.11404779553413391,0.3936423659324646,-1.084170937538147,-1162.5242919921875,551.5223388671875,1370.55029296875,541.6405029296875,99.59817504882812,-1150.851318359375,-1162.5242919921875,551.5223388671875,1370.55029296875,541.6405029296875,99.59817504882812,-1150.851318359375,-1162.5242919921875,551.5223388671875,1370.55029296875,541.6405029296875,99.59817504882812,-1150.851318359375
15.90000082924962,1.1532222032546997,-2.9802045822143555,0.3670157790184021,-1.2989695072174072,1.2587469816207886,-0.33365297317504883,0.5554624795913696,0.255860298871994,1.2706890106201172,0.11239979416131973,0.3871403932571411,-1.0663995742797852,-1.5974044799804688,109.2225341796875,84.7398681640625,23.792694091796875,-4.589557647705078,0.0,-1.5974044799804688,109.2225341796875,84.7398681640625,23.792694091796875,-4.589557647705078,0.0,-1.5974044799804688,109.2225341796875,84.7398681640625,23.792694091796875,-4.589557647705078,0.0
15.916667496785522,1.161651372909546,-2.976156234741211,0.3882196247577667,-1.296944499015808,1.2651742696762085,-0.35173821449279785,0.5039685964584351,0.2663959860801697,1.2902096509933472,0.12788642942905426,0.38349512219429016,-1.0850659608840942,-1500.0,682.3652954101562,1500.0,722.600830078125,107.05113220214844,-1470.062744140625,-1500.0,682.3652954101562,1500.0,722.600830078125,107.05113220214844,-1470.062744140625,-1500.0,682.3652954101562,1500.0,722.600830078125,107.05113220214844,-1470.062744140625
15.933334164321423,1.1699223518371582,-2.9720520973205566,0.40917444229125977,-1.2949063777923584,1.271475076675415,-0.3695240020751953,0.4956829249858856,0.26310989260673523,1.2698872089385986,0.12603062391281128,0.37715741991996765,-1.0672792196273804,-1.7631072998046875,99.00390625,76.8900146484375,22.13507080078125,-4.229545593261719,0.00238037109375,-1.7631072998046875,99.00390625,76.8900146484375,22.13507080078125,-4.229545593261719,0.00238037109375,-1.7631072998046875,99.00390625,76.8900146484375,22.13507080078125,-4.229545593261719,0.00238037109375
15.950000831857324,1.177492380142212,-2.967900276184082,0.43020448088645935,-1.292714238166809,1.2777138948440552,-0.38745176792144775,0.45261719822883606,0.26984402537345886,1.2778128385543823,0.13715887069702148,0.37251347303390503,-1.0756556987762451,-1421.426513671875,512.2614135742188,1218.222412109375,550.4149169921875,60.515411376953125,-1052.201904296875,-1421.426513671875,512.2614135742188,1218.222412109375,550.4149169921875,60.515411376953125,-1052.201904296875,-1421.426513671875,512.2614135742188,1218.222412109375,550.4149169921875,60.515411376953125,-1052.201904296875
15.966667499393225,1.1849206686019897,-2.9637272357940674,0.45096105337142944,-1.2905231714248657,1.2838335037231445,-0.40508273243904114,0.44517621397972107,0.2662183940410614,1.2574796676635742,0.13509272038936615,0.36636829376220703,-1.0580247640609741,-1.598602294921875,76.8232421875,59.99566650390625,17.5994873046875,-3.279447555541992,-0.03216552734375,-1.598602294921875,76.8232421875,59.99566650390625,17.5994873046875,-3.279447555541992,-0.03216552734375,-1.598602294921875,76.8232421875,59.99566650390625,17.5994873046875,-3.279447555541992,-0.03216552734375
15.983334166929126,1.1916192770004272,-2.9595043659210205,0.47177430987358093,-1.288178563117981,1.2898885011672974,-0.42283961176872253,0.4003185033798218,0.2728118896484375,1.2642076015472412,0.14620943367481232,0.36151745915412903,-1.0654507875442505,-1500.0,496.1549987792969,1151.794189453125,553.4035034179688,45.44020080566406,-1007.3519287109375,-1500.0,496.1549987792969,1151.794189453125,553.4035034179688,45.44020080566406,-1007.3519287109375,-1500.0,496.1549987792969,1151.794189453125,553.4035034179688,45.44020080566406,-1007.3519287109375
16.000000834465027,1.1981898546218872,-2.955265998840332,0.4923144280910492,-1.285837173461914,1.2958264350891113,-0.44030267000198364,0.39373645186424255,0.2690350115299225,1.2440266609191895,0.1439754217863083,0.35555750131607056,-1.0479875802993774,-1.4853515625,63.5003662109375,50.1466064453125,14.95062255859375,-2.726316452026367,-0.0357513427734375,-1.4853515625,63.5003662109375,50.1466064453125,14.95062255859375,-2.726316452026367,-0.0357513427734375,-1.4853515625,63.5003662109375,50.1466064453125,14.95062255859375,-2.726316452026367,-0.0357513427734375
16.016667502000928,1.2037783861160278,-2.9509406089782715,0.5130122303962708,-1.283279299736023,1.301706314086914,-0.4580043852329254,0.33325710892677307,0.2789950370788574,1.2577906847000122,0.15955960750579834,0.3507191836833954,-1.0620566606521606,-1500.0,626.6236572265625,1422.8045654296875,739.1983642578125,39.24609375,-1270.865234375,-1500.0,626.6236572265625,1422.8045654296875,739.1983642578125,39.24609375,-1270.865234375,-1500.0,626.6236572265625,1422.8045654296875,739.1983642578125,39.24609375,-1270.865234375
16.03333416953683,1.2092492580413818,-2.9465830326080322,0.5334568619728088,-1.2807163000106812,1.3074657917022705,-0.4754125475883484,0.3277723491191864,0.27512481808662415,1.237731695175171,0.15711456537246704,0.34493690729141235,-1.0446490049362183,-1.547332763671875,55.20703125,44.3316650390625,13.515960693359375,-2.4163742065429688,-0.033355712890625,-1.547332763671875,55.20703125,44.3316650390625,13.515960693359375,-2.4163742065429688,-0.033355712890625,-1.547332763671875,55.20703125,44.3316650390625,13.515960693359375,-2.4163742065429688,-0.033355712890625
16.05000083707273,1.21392822265625,-2.942173957824707,0.5539122223854065,-1.278001308441162,1.3131544589996338,-0.4929056167602539,0.2790204584598541,0.28137511014938354,1.2414332628250122,0.16814807057380676,0.3396366536617279,-1.0495846271514893,-1500.0,467.41009521484375,999.9155883789062,560.3373413085938,13.73052978515625,-897.1405029296875,-1500.0,467.41009521484375,999.9155883789062,560.3373413085938,13.73052978515625,-897.1405029296875,-1500.0,467.41009521484375,999.9155883789062,560.3373413085938,13.73052978515625,-897.1405029296875
16.06666750460863,1.2185096740722656,-2.93776273727417,0.5740944743156433,-1.2752958536148071,1.3187311887741089,-0.5101087689399719,0.2744288146495819,0.27727511525154114,1.221500277519226,0.1655198484659195,0.33404529094696045,-1.0323798656463623,-1.3279876708984375,41.035400390625,33.6385498046875,10.397430419921875,-1.806020736694336,0.00714111328125,-1.3279876708984375,41.035400390625,33.6385498046875,10.397430419921875,-1.806020736694336,0.00714111328125,-1.3279876708984375,41.035400390625,33.6385498046875,10.397430419921875,-1.806020736694336,0.00714111328125
16.083334172144532,1.222275733947754,-2.9332988262176514,0.5942685604095459,-1.272438645362854,1.324235200881958,-0.5273799300193787,0.22419695556163788,0.2834135890007019,1.224006175994873,0.17651855945587158,0.3286220133304596,-1.0363014936447144,-1500.0,456.9363708496094,934.762939453125,562.8740844726562,1.7750396728515625,-847.7496948242188,-1500.0,456.9363708496094,934.762939453125,562.8740844726562,1.7750396728515625,-847.7496948242188,-1500.0,456.9363708496094,934.762939453125,562.8740844726562,1.7750396728515625,-847.7496948242188
16.100000839680433,1.2259578704833984,-2.9288370609283447,0.6141716241836548,-1.2695937156677246,1.3296294212341309,-0.5443648099899292,0.220505490899086,0.2792045772075653,1.2043087482452393,0.17373771965503693,0.3232158124446869,-1.0193169116973877,-1.220703125,32.8409423828125,27.56353759765625,8.6373291015625,-1.4543533325195312,-0.03814697265625,-1.220703125,32.8409423828125,27.56353759765625,8.6373291015625,-1.4543533325195312,-0.03814697265625,-1.220703125,32.8409423828125,27.56353759765625,8.6373291015625,-1.4543533325195312,-0.03814697265625
16.116667507216334,1.2285354137420654,-2.924283027648926,0.634142279624939,-1.2665313482284546,1.3349546194076538,-0.5615063309669495,0.15241287648677826,0.2886962592601776,1.2122480869293213,0.18929916620254517,0.31756532192230225,-1.028457760810852,-1500.0,589.45654296875,1140.2965087890625,752.5610961914062,-14.287261962890625,-1051.2947998046875,-1500.0,589.45654296875,1140.2965087890625,752.5610961914062,-14.287261962890625,-1051.2947998046875,-1500.0,589.45654296875,1140.2965087890625,752.5610961914062,-14.287261962890625,-1051.2947998046875
16.133334174752235,1.2310398817062378,-2.9197187423706055,0.6538617014884949,-1.2634739875793457,1.3401668071746826,-0.5783631801605225,0.1498977541923523,0.2843908667564392,1.1927473545074463,0.18631094694137573,0.3123409152030945,-1.0115995407104492,-1.1998443603515625,27.6279296875,23.8966064453125,7.608551025390625,-1.2755355834960938,0.0,-1.1998443603515625,27.6279296875,23.8966064453125,7.608551025390625,-1.2755355834960938,0.0,-1.1998443603515625,27.6279296875,23.8966064453125,7.608551025390625,-1.2755355834960938,0.0
16.150000842288136,1.2326792478561401,-2.915099859237671,0.6735265851020813,-1.2602660655975342,1.3453024625778198,-0.5952444076538086,0.09657900035381317,0.29026782512664795,1.1922684907913208,0.1971767097711563,0.30666661262512207,-1.0129122734069824,-1500.0,439.67242431640625,785.167236328125,568.6378784179688,-22.46380615234375,-727.80126953125,-1500.0,439.67242431640625,785.167236328125,568.6378784179688,-22.46380615234375,-727.80126953125,-1500.0,439.67242431640625,785.167236328125,568.6378784179688,-22.46380615234375,-727.80126953125
16.166667509824038,1.2342675924301147,-2.9104957580566406,0.6929240226745605,-1.2570774555206299,1.3503341674804688,-0.6118461489677429,0.09498342126607895,0.28582119941711426,1.1730066537857056,0.19403165578842163,0.3016277849674225,-0.9963115453720093,-0.9861602783203125,19.83880615234375,17.72637939453125,5.690460205078125,-0.9179115295410156,-0.04290771484375,-0.9861602783203125,19.83880615234375,17.72637939453125,5.690460205078125,-0.9179115295410156,-0.04290771484375,-0.9861602783203125,19.83880615234375,17.72637939453125,5.690460205078125,-0.9179115295410156,-0.04290771484375
16.18333417735994,1.2349729537963867,-2.905834913253784,0.7122488617897034,-1.2537384033203125,1.3552892208099365,-0.6284543871879578,0.040534794330596924,0.291628897190094,1.1713608503341675,0.20484673976898193,0.29591062664985657,-0.9965672492980957,-1500.0,434.255615234375,721.5618896484375,570.8223876953125,-31.228057861328125,-674.58154296875,-1500.0,434.255615234375,721.5618896484375,570.8223876953125,-31.228057861328125,-674.58154296875,-1500.0,434.255615234375,721.5618896484375,570.8223876953125,-31.228057861328125,-674.58154296875
16.20000084489584,1.2356419563293457,-2.901193141937256,0.7313097715377808,-1.2504216432571411,1.3601434230804443,-0.644787609577179,0.03985963389277458,0.28711017966270447,1.1524099111557007,0.20156563818454742,0.29105091094970703,-0.9802335500717163,-0.884979248046875,15.513916015625,14.4005126953125,4.656890869140625,-0.743865966796875,-0.023834228515625,-0.884979248046875,15.513916015625,14.4005126953125,4.656890869140625,-0.743865966796875,-0.023834228515625,-0.884979248046875,15.513916015625,14.4005126953125,4.656890869140625,-0.743865966796875,-0.023834228515625
16.21666751243174,1.2351088523864746,-2.8964521884918213,0.7503482103347778,-1.246886134147644,1.3649204969406128,-0.661191463470459,-0.03428678959608078,0.2962976098060608,1.1545932292938232,0.2170175462961197,0.28495100140571594,-0.9842087030410767,-1500.0,569.8382568359375,861.1417236328125,763.4627685546875,-53.51544189453125,-815.1602783203125,-1500.0,569.8382568359375,861.1417236328125,763.4627685546875,-53.51544189453125,-815.1602783203125,-1500.0,569.8382568359375,861.1417236328125,763.4627685546875,-53.51544189453125,-815.1602783203125
16.233334179967642,1.2345505952835083,-2.8917200565338135,0.7691423892974854,-1.2433667182922363,1.3695937395095825,-0.6773229241371155,-0.033735256642103195,0.2916913628578186,1.1359169483184814,0.2135355919599533,0.280272901058197,-0.9680769443511963,-0.842071533203125,12.70294189453125,12.2713623046875,3.966094970703125,-0.6020050048828125,0.0,-0.842071533203125,12.70294189453125,12.2713623046875,3.966094970703125,-0.6020050048828125,0.0,-0.842071533203125,12.70294189453125,12.2713623046875,3.966094970703125,-0.6020050048828125,0.0
16.250000847503543,1.2330734729766846,-2.8869292736053467,0.7878187298774719,-1.239698052406311,1.374188780784607,-0.6934167146682739,-0.09038730710744858,0.29734349250793457,1.1313965320587158,0.22418558597564697,0.2744874358177185,-0.9656592607498169,-1500.0,426.5475158691406,575.134765625,575.681884765625,-48.068756103515625,-547.0419311523438,-1500.0,426.5475158691406,575.134765625,575.681884765625,-48.068756103515625,-547.0419311523438,-1500.0,426.5475158691406,575.134765625,575.681884765625,-48.068756103515625,-547.0419311523438
16.266667515039444,1.2315949201583862,-2.8821678161621094,0.8062384128570557,-1.2360589504241943,1.3786890506744385,-0.7092435359954834,-0.08891229331493378,0.29265350103378296,1.1130448579788208,0.22056922316551208,0.2699848413467407,-0.9498321413993835,-0.6744232177734375,8.8310546875,8.8978271484375,2.935516357421875,-0.45180511474609375,0.00238037109375,-0.6744232177734375,8.8310546875,8.8978271484375,2.935516357421875,-0.45180511474609375,0.00238037109375,-0.6744232177734375,8.8310546875,8.8978271484375,2.935516357421875,-0.45180511474609375,0.00238037109375
16.283334182575345,1.2291853427886963,-2.877345561981201,0.8245227336883545,-1.2322701215744019,1.3831114768981934,-0.7250142097473145,-0.14631697535514832,0.29828599095344543,1.1074142456054688,0.23116295039653778,0.2642275393009186,-0.9463387727737427,-1500.0,425.0144958496094,513.32470703125,577.6566162109375,-53.768157958984375,-491.11126708984375,-1500.0,425.0144958496094,513.32470703125,577.6566162109375,-53.768157958984375,-491.11126708984375,-1500.0,425.0144958496094,513.32470703125,577.6566162109375,-53.768157958984375,-491.11126708984375
16.300000850111246,1.2267885208129883,-2.872556447982788,0.8425552845001221,-1.2285144329071045,1.3874415159225464,-0.7405239343643188,-0.1439235657453537,0.2935507893562317,1.0894360542297363,0.22742429375648499,0.2598952054977417,-0.9308291077613831,-0.604400634765625,6.82476806640625,7.1763916015625,2.3543701171875,-0.3731250762939453,-0.019073486328125,-0.604400634765625,6.82476806640625,7.1763916015625,2.3543701171875,-0.3731250762939453,-0.019073486328125,-0.604400634765625,6.82476806640625,7.1763916015625,2.3543701171875,-0.3731250762939453,-0.019073486328125
16.316667517647147,1.223118782043457,-2.867659330368042,0.8604774475097656,-1.2245385646820068,1.391692876815796,-0.7560157775878906,-0.22241538763046265,0.3026348352432251,1.0860599279403687,0.24271704256534576,0.2536793053150177,-0.9295070171356201,-1500.0,564.634765625,587.759033203125,772.679443359375,-78.87600708007812,-566.7711181640625,-1500.0,564.634765625,587.759033203125,772.679443359375,-78.87600708007812,-566.7711181640625,-1500.0,564.634765625,587.759033203125,772.679443359375,-78.87600708007812,-566.7711181640625
16.33333418518305,1.219473123550415,-2.8627872467041016,0.8781676888465881,-1.220590591430664,1.3958481550216675,-0.7712504267692566,-0.21877330541610718,0.2978192865848541,1.068428874015808,0.23878780007362366,0.24952179193496704,-0.9142714142799377,-0.5286941528320312,5.38824462890625,5.9176025390625,1.93475341796875,-0.2944488525390625,0.019073486328125,-0.5286941528320312,5.38824462890625,5.9176025390625,1.93475341796875,-0.2944488525390625,0.019073486328125,-0.5286941528320312,5.38824462890625,5.9176025390625,1.93475341796875,-0.2944488525390625,0.019073486328125
16.35000085271895,1.214876651763916,-2.8578503131866455,0.8956798911094666,-1.2164934873580933,1.3999278545379639,-0.786384642124176,-0.27744096517562866,0.3034132421016693,1.0600907802581787,0.24920451641082764,0.24385881423950195,-0.9080970287322998,-1500.0,424.7939453125,371.1080322265625,581.9225463867188,-63.554046630859375,-358.40032958984375,-1500.0,424.7939453125,371.1080322265625,581.9225463867188,-63.554046630859375,-358.40032958984375,-1500.0,424.7939453125,371.1080322265625,581.9225463867188,-63.554046630859375,-358.40032958984375
16.36666752025485,1.2103285789489746,-2.8529558181762695,0.9129502177238464,-1.2124371528625488,1.4039208889007568,-0.8012677431106567,-0.2728938162326813,0.29854616522789,1.042851448059082,0.24515773355960846,0.23986493051052094,-0.8932146430015564,-0.41603851318359375,3.558349609375,4.14373779296875,1.369720458984375,-0.22292327880859375,-0.00714111328125,-0.41603851318359375,3.558349609375,4.14373779296875,1.369720458984375,-0.22292327880859375,-0.00714111328125,-0.41603851318359375,3.558349609375,4.14373779296875,1.369720458984375,-0.22292327880859375,-0.00714111328125
16.38333418779075,1.20482337474823,-2.847994327545166,0.9300263524055481,-1.2082313299179077,1.4078397750854492,-0.8160327076911926,-0.3319176733493805,0.3041720688343048,1.0334796905517578,0.25551751255989075,0.23429162800312042,-0.8859694600105286,-1500.0,426.2435302734375,311.484375,583.7357177734375,-66.3858642578125,-300.772216796875,-1500.0,426.2435302734375,311.484375,583.7357177734375,-66.3858642578125,-300.772216796875,-1500.0,426.2435302734375,311.484375,583.7357177734375,-66.3858642578125,-300.772216796875
16.400000855326653,1.1993814706802368,-2.8430778980255127,0.9468668103218079,-1.2040690183639526,1.4116753339767456,-0.8305527567863464,-0.3264758884906769,0.29927539825439453,1.016661286354065,0.2513625919818878,0.23045577108860016,-0.8714488744735718,-0.3719329833984375,2.747802734375,3.30926513671875,1.11163330078125,-0.2092123031616211,0.019073486328125,-0.3719329833984375,2.747802734375,3.30926513671875,1.11163330078125,-0.2092123031616211,0.019073486328125,-0.3719329833984375,2.747802734375,3.30926513671875,1.11163330078125,-0.2092123031616211,0.019073486328125
16.416667522862554,1.1926246881484985,-2.8380422592163086,0.9635133147239685,-1.1996840238571167,1.4154340028762817,-0.8449659943580627,-0.40749576687812805,0.3084735572338104,1.0080336332321167,0.26647788286209106,0.2244139164686203,-0.8648116588592529,-1500.0,571.3236083984375,323.269287109375,780.8446655273438,-91.48538208007812,-311.02178955078125,-1500.0,571.3236083984375,323.269287109375,780.8446655273438,-91.48538208007812,-311.02178955078125,-1500.0,571.3236083984375,323.269287109375,780.8446655273438,-91.48538208007812,-311.02178955078125
16.433334190398455,1.18594229221344,-2.833045244216919,0.9799440503120422,-1.1953394412994385,1.4191057682037354,-0.8591400980949402,-0.4008142948150635,0.3034992814064026,0.9916293025016785,0.26214170455932617,0.2207411825656891,-0.8506375551223755,-0.29206085205078125,1.97174072265625,2.515380859375,0.833282470703125,-0.15795135498046875,0.019073486328125,-0.29206085205078125,1.97174072265625,2.515380859375,0.833282470703125,-0.15795135498046875,0.019073486328125,-0.29206085205078125,1.97174072265625,2.515380859375,0.833282470703125,-0.15795135498046875,0.019073486328125
16.450000857934356,1.1782983541488647,-2.8279781341552734,0.9961411952972412,-1.190845251083374,1.4227056503295898,-0.8731516003608704,-0.4601282477378845,0.30920350551605225,0.979770839214325,0.272327721118927,0.21539658308029175,-0.8407644033432007,-1500.0,432.0871887207031,175.1136474609375,587.7387084960938,-69.87928771972656,-165.52685546875,-1500.0,432.0871887207031,175.1136474609375,587.7387084960938,-69.87928771972656,-165.52685546875,-1500.0,432.0871887207031,175.1136474609375,587.7387084960938,-69.87928771972656,-165.52685546875
16.466667525470257,1.1707528829574585,-2.8229618072509766,1.0121148824691772,-1.1864031553268433,1.4262295961380005,-0.8869309425354004,-0.4525820016860962,0.30419617891311646,0.9638062715530396,0.2678873836994171,0.21187439560890198,-0.8269846439361572,-0.2384185791015625,1.23382568359375,1.56640625,0.530487060546875,-0.09059906005859375,0.007171630859375,-0.2384185791015625,1.23382568359375,1.56640625,0.530487060546875,-0.09059906005859375,0.007171630859375,-0.2384185791015625,1.23382568359375,1.56640625,0.530487060546875,-0.09059906005859375,0.007171630859375
16.483334193006158,1.1622458696365356,-2.8178699016571045,1.0278401374816895,-1.181810736656189,1.4296824932098389,-0.9005303382873535,-0.511846125125885,0.3099829852581024,0.9510101675987244,0.2780245840549469,0.20666824281215668,-0.8160722255706787,-1500.0,436.0079650878906,118.4129638671875,589.5841064453125,-70.22917175292969,-107.4766845703125,-1500.0,436.0079650878906,118.4129638671875,589.5841064453125,-70.22917175292969,-107.4766845703125,-1500.0,436.0079650878906,118.4129638671875,589.5841064453125,-70.22917175292969,-107.4766845703125
16.50000086054206,1.153852105140686,-2.812833309173584,1.0433489084243774,-1.1772725582122803,1.4330614805221558,-0.91390460729599,-0.5034507513046265,0.30494993925094604,0.9355069994926453,0.2734868824481964,0.2032899111509323,-0.8026980757713318,-0.2074127197265625,0.8594970703125,1.24688720703125,0.39935302734375,-0.09894371032714844,0.00238037109375,-0.2074127197265625,0.8594970703125,1.24688720703125,0.39935302734375,-0.09894371032714844,0.00238037109375,-0.2074127197265625,0.8594970703125,1.24688720703125,0.39935302734375,-0.09894371032714844,0.00238037109375
16.51666752807796,1.1441313028335571,-2.807664632797241,1.058586835861206,-1.1725099086761475,1.436368703842163,-0.9270846247673035,-0.585114061832428,0.3144772946834564,0.9220315217971802,0.2884385287761688,0.19766265153884888,-0.7908459901809692,-1500.0,588.2608642578125,71.1512451171875,788.81982421875,-92.87237548828125,-53.10772705078125,-1500.0,588.2608642578125,71.1512451171875,788.81982421875,-92.87237548828125,-53.10772705078125,-1500.0,588.2608642578125,71.1512451171875,788.81982421875,-92.87237548828125,-53.10772705078125
16.53333419561386,1.134535312652588,-2.802546262741089,1.0736286640167236,-1.167798399925232,1.4395993947982788,-0.940045952796936,-0.5755162239074707,0.30936533212661743,0.9069988131523132,0.2837299108505249,0.1944325715303421,-0.7778844237327576,-0.10728836059570312,0.41961669921875,0.6533203125,0.24798583984375,-0.07093048095703125,0.009521484375,-0.10728836059570312,0.41961669921875,0.6533203125,0.24798583984375,-0.07093048095703125,0.009521484375,-0.10728836059570312,0.41961669921875,0.6533203125,0.24798583984375,-0.07093048095703125,0.009521484375
16.550000863149762,1.123988389968872,-2.7973473072052,1.0883867740631104,-1.1629377603530884,1.4427635669708252,-0.9527856111526489,-0.6340880990028381,0.31534144282341003,0.8919769525527954,0.29370975494384766,0.1895609200000763,-0.7644575834274292,-1500.0,447.11468505859375,-10.366455078125,593.7039794921875,-68.33790588378906,27.5135498046875,-1500.0,447.11468505859375,-10.366455078125,593.7039794921875,-68.33790588378906,27.5135498046875,-1500.0,447.11468505859375,-10.366455078125,593.7039794921875,-68.33790588378906,27.5135498046875
16.566667530685663,1.113588809967041,-2.792208671569824,1.1029425859451294,-1.1581382751464844,1.445861577987671,-0.9653138518333435,-0.6236864328384399,0.31020206212997437,0.8774189352989197,0.28890928626060486,0.1864655315876007,-0.7519285678863525,-0.09059906005859375,0.112060546875,0.18359375,0.084625244140625,-0.0387420654296875,0.026214599609375,-0.09059906005859375,0.112060546875,0.18359375,0.084625244140625,-0.0387420654296875,0.026214599609375,-0.09059906005859375,0.112060546875,0.18359375,0.084625244140625,-0.0387420654296875,0.026214599609375
16.583334198221564,1.1022452116012573,-2.7869858741760254,1.1172021627426147,-1.1531884670257568,1.4488945007324219,-0.9776045083999634,-0.6818011999130249,0.3163057863712311,0.8615738749504089,0.29885080456733704,0.1817682981491089,-0.7375167608261108,-1500.0,453.1025695800781,-63.33349609375,595.672119140625,-66.6248779296875,84.86505126953125,-1500.0,453.1025695800781,-63.33349609375,595.672119140625,-66.6248779296875,84.86505126953125,-1500.0,453.1025695800781,-63.33349609375,595.672119140625,-66.6248779296875,84.86505126953125
16.600000865757465,1.0910636186599731,-2.781825542449951,1.1312673091888428,-1.1483027935028076,1.4518628120422363,-0.9896910786628723,-0.6706163883209229,0.3111431300640106,0.8475042581558228,0.29396194219589233,0.17880086600780487,-0.7254300117492676,-0.0691375732421875,0.041748046875,0.0858154296875,0.019073486328125,-0.05245208740234375,0.019073486328125,-0.0691375732421875,0.041748046875,0.0858154296875,0.019073486328125,-0.05245208740234375,0.019073486328125,-0.0691375732421875,0.041748046875,0.0858154296875,0.019073486328125,-0.05245208740234375,0.019073486328125
16.616667533293366,1.0785731077194214,-2.7765188217163086,1.144992709159851,-1.1431893110275269,1.4547653198242188,-1.0014997720718384,-0.751017689704895,0.32120317220687866,0.8296704292297363,0.3087867498397827,0.17377080023288727,-0.7085821032524109,-1500.0,614.401123046875,-164.7640380859375,797.4099731445312,-85.10054016113281,201.58770751953125,-1500.0,614.401123046875,-164.7640380859375,797.4099731445312,-85.10054016113281,201.58770751953125,-1500.0,614.401123046875,-164.7640380859375,797.4099731445312,-85.10054016113281,201.58770751953125
16.633334200829268,1.0662561655044556,-2.771273612976074,1.1585432291030884,-1.138137936592102,1.4576027393341064,-1.0131126642227173,-0.7386972308158875,0.31595563888549805,0.8161178827285767,0.30373358726501465,0.1709354966878891,-0.6969689130783081,0.04052734375,-0.26947021484375,-0.4267578125,-0.12158203125,0.0017852783203125,0.019073486328125,0.04052734375,-0.26947021484375,-0.4267578125,-0.12158203125,0.0017852783203125,0.019073486328125,0.04052734375,-0.26947021484375,-0.4267578125,-0.12158203125,0.0017852783203125,0.019073486328125
16.65000086836517,1.0530208349227905,-2.7659358978271484,1.171767234802246,-1.1329363584518433,1.4603807926177979,-1.0244475603103638,-0.79515141248703,0.32235080003738403,0.7983450889587402,0.31354647874832153,0.16664409637451172,-0.6802154183387756,-1500.0,468.95623779296875,-182.59521484375,600.3987426757812,-60.527923583984375,216.74151611328125,-1500.0,468.95623779296875,-182.59521484375,600.3987426757812,-60.527923583984375,216.74151611328125,-1500.0,468.95623779296875,-182.59521484375,600.3987426757812,-60.527923583984375,216.74151611328125
16.66666753590107,1.039980173110962,-2.7606654167175293,1.184812068939209,-1.1278055906295776,1.4630999565124512,-1.035595178604126,-0.782106339931488,0.31707608699798584,0.7852910161018372,0.3084118068218231,0.1639268845319748,-0.6690676212310791,0.06437301635742188,-0.35882568359375,-0.6436767578125,-0.17999267578125,0.00595855712890625,-0.00238037109375,0.06437301635742188,-0.35882568359375,-0.6436767578125,-0.17999267578125,0.00595855712890625,-0.00238037109375,0.06437301635742188,-0.35882568359375,-0.6436767578125,-0.17999267578125,0.00595855712890625,-0.00238037109375
16.68333420343697,1.0260347127914429,-2.7552993297576904,1.1975195407867432,-1.122523546218872,1.465762972831726,-1.0464494228363037,-0.8377066254615784,0.3236376941204071,0.7668217420578003,0.3182012736797333,0.15983374416828156,-0.6514096260070801,-1500.0,476.75250244140625,-231.0919189453125,602.6840209960938,-57.21449279785156,272.13812255859375,-1500.0,476.75250244140625,-231.0919189453125,602.6840209960938,-57.21449279785156,272.13812255859375,-1500.0,476.75250244140625,-231.0919189453125,602.6840209960938,-57.21449279785156,272.13812255859375
16.700000870972872,1.0122971534729004,-2.750005006790161,1.2100553512573242,-1.1173145771026611,1.4683711528778076,-1.0571240186691284,-0.8239643573760986,0.3183360993862152,0.7542747855186462,0.31298747658729553,0.15722841024398804,-0.6407349705696106,0.03337860107421875,-0.355255126953125,-0.619873046875,-0.17645263671875,-0.0095367431640625,-0.011932373046875,0.03337860107421875,-0.355255126953125,-0.619873046875,-0.17645263671875,-0.0095367431640625,-0.011932373046875,0.03337860107421875,-0.355255126953125,-0.619873046875,-0.17645263671875,-0.0095367431640625,-0.011932373046875
16.716667538508773,0.9972994327545166,-2.744546890258789,1.2221922874450684,-1.1118743419647217,1.4709216356277466,-1.06744384765625,-0.901223361492157,0.3291126787662506,0.7326402068138123,0.3277384638786316,0.1529119610786438,-0.6192255616188049,-1500.0,648.8418579101562,-380.9595947265625,807.3377685546875,-70.60765075683594,447.6165771484375,-1500.0,648.8418579101562,-380.9595947265625,807.3377685546875,-70.60765075683594,447.6165771484375,-1500.0,648.8418579101562,-380.9595947265625,807.3377685546875,-70.60765075683594,447.6165771484375
16.733334206044674,0.982519805431366,-2.7391574382781982,1.2341773509979248,-1.1065064668655396,1.4734152555465698,-1.0775920152664185,-0.8864395022392273,0.323718786239624,0.7206474542617798,0.3223673701286316,0.15041999518871307,-0.609076201915741,0.135894775390625,-0.54595947265625,-1.0538330078125,-0.311126708984375,0.0309906005859375,0.03338623046875,0.135894775390625,-0.54595947265625,-1.0538330078125,-0.311126708984375,0.0309906005859375,0.03338623046875,0.135894775390625,-0.54595947265625,-1.0538330078125,-0.311126708984375,0.0309906005859375,0.03338623046875
16.750000873580575,0.9668764472007751,-2.7336645126342773,1.2458007335662842,-1.1009865999221802,1.4758583307266235,-1.0874124765396118,-0.9394462704658508,0.33065545558929443,0.7005757689476013,0.3320629894733429,0.1467706561088562,-0.5893048048019409,-1500.0,496.6604919433594,-339.1146240234375,608.254638671875,-48.23744201660156,398.0635986328125,-1500.0,496.6604919433594,-339.1146240234375,608.254638671875,-48.23744201660156,398.0635986328125,-1500.0,496.6604919433594,-339.1146240234375,608.254638671875,-48.23744201660156,398.0635986328125
16.766667541116476,0.9514711499214172,-2.7282447814941406,1.2572689056396484,-1.0955449342727661,1.4782524108886719,-1.0970690250396729,-0.9240360856056213,0.3252308964729309,0.6890943050384521,0.32661664485931396,0.1443793624639511,-0.5796462893486023,0.16689300537109375,-0.5233154296875,-1.18255615234375,-0.364776611328125,0.01311492919921875,0.026214599609375,0.16689300537109375,-0.5233154296875,-1.18255615234375,-0.364776611328125,0.01311492919921875,0.026214599609375,0.16689300537109375,-0.5233154296875,-1.18255615234375,-0.364776611328125,0.01311492919921875,0.026214599609375
16.783334208652377,0.9352216720581055,-2.722717046737671,1.268367052078247,-1.0899521112442017,1.4805985689163208,-1.1063858270645142,-0.9758119583129883,0.332367867231369,0.6684619784355164,0.33630478382110596,0.14093293249607086,-0.5590729713439941,-1500.0,506.0744323730469,-382.4854736328125,610.9404296875,-44.065711975097656,450.30596923828125,-1500.0,506.0744323730469,-382.4854736328125,610.9404296875,-44.065711975097656,450.30596923828125,-1500.0,506.0744323730469,-382.4854736328125,610.9404296875,-44.065711975097656,450.30596923828125
16.800000876188278,0.9192211031913757,-2.717266798019409,1.27931809425354,-1.0844393968582153,1.482897400856018,-1.1155474185943604,-0.959806501865387,0.3269102871417999,0.6574963927268982,0.3307873606681824,0.13863608241081238,-0.549910306930542,0.14066314697265625,-0.513763427734375,-1.11822509765625,-0.2980194091796875,-0.054836273193359375,0.0452880859375,0.14066314697265625,-0.513763427734375,-1.11822509765625,-0.2980194091796875,-0.054836273193359375,0.0452880859375,0.14066314697265625,-0.513763427734375,-1.11822509765625,-0.2980194091796875,-0.054836273193359375,0.0452880859375
16.81666754372418,0.9020379781723022,-2.7116336822509766,1.2898199558258057,-1.0786919593811035,1.4851469993591309,-1.1242823600769043,-1.0321093797683716,0.33855220675468445,0.6326726078987122,0.34552937746047974,0.1350885033607483,-0.5241813659667969,-1500.0,690.2837524414062,-574.40283203125,819.1204223632812,-51.883453369140625,679.7743530273438,-1500.0,690.2837524414062,-574.40283203125,819.1204223632812,-51.883453369140625,679.7743530273438,-1500.0,690.2837524414062,-574.40283203125,819.1204223632812,-51.883453369140625,679.7743530273438
16.83333421126008,0.8851141333580017,-2.7060768604278564,1.3001933097839355,-1.0730249881744385,1.4873502254486084,-1.1328742504119873,-1.0151811838150024,0.33298972249031067,0.6222870349884033,0.33985766768455505,0.13288870453834534,-0.5155903697013855,0.238433837890625,-0.7176513671875,-1.52587890625,-0.457763671875,0.03575897216796875,0.014312744140625,0.238433837890625,-0.7176513671875,-1.52587890625,-0.457763671875,0.03575897216796875,0.014312744140625,0.238433837890625,-0.7176513671875,-1.52587890625,-0.457763671875,0.03575897216796875,0.014312744140625
16.85000087879598,0.8674015998840332,-2.7004027366638184,1.3101776838302612,-1.0672056674957275,1.4895111322402954,-1.1410924196243286,-1.0634883642196655,0.3405665457248688,0.6003968119621277,0.34949061274528503,0.12988799810409546,-0.4931802451610565,-1500.0,529.3643188476562,-477.771728515625,617.65673828125,-33.63072204589844,567.6901245117188,-1500.0,529.3643188476562,-477.771728515625,617.65673828125,-33.63072204589844,567.6901245117188,-1500.0,529.3643188476562,-477.771728515625,617.65673828125,-33.63072204589844,567.6901245117188
16.866667546331882,0.849964439868927,-2.6948094367980957,1.3200312852859497,-1.0614713430404663,1.4916272163391113,-1.1491732597351074,-1.0460454225540161,0.33496689796447754,0.5905272364616394,0.3437519669532776,0.12777194380760193,-0.48509758710861206,0.2551078796386719,-0.67352294921875,-1.537841796875,-0.433929443359375,-0.0387420654296875,0.011932373046875,0.2551078796386719,-0.67352294921875,-1.537841796875,-0.433929443359375,-0.0387420654296875,0.011932373046875,0.2551078796386719,-0.67352294921875,-1.537841796875,-0.433929443359375,-0.0387420654296875,0.011932373046875
16.883334213867784,0.8317639827728271,-2.689093589782715,1.3294910192489624,-1.0555839538574219,1.4937043190002441,-1.1568726301193237,-1.0927729606628418,0.34276920557022095,0.5682192444801331,0.3533954620361328,0.1249694749712944,-0.462009072303772,-1500.0,540.0860595703125,-515.3990478515625,620.830078125,-29.00421142578125,615.6050415039062,-1500.0,540.0860595703125,-515.3990478515625,620.830078125,-29.00421142578125,615.6050415039062,-1500.0,540.0860595703125,-515.3990478515625,620.830078125,-29.00421142578125,615.6050415039062
16.900000881403685,0.8138483762741089,-2.6834607124328613,1.3388272523880005,-1.0497829914093018,1.4957406520843506,-1.1644424200057983,-1.074851632118225,0.33712947368621826,0.5588663816452026,0.3475901782512665,0.1229352280497551,-0.45443692803382874,0.20503997802734375,-0.640167236328125,-1.46868896484375,-0.4053192138671875,0.01042938232421875,0.039337158203125,0.20503997802734375,-0.640167236328125,-1.46868896484375,-0.4053192138671875,0.01042938232421875,0.039337158203125,0.20503997802734375,-0.640167236328125,-1.46868896484375,-0.4053192138671875,0.01042938232421875,0.039337158203125
16.916667548939586,0.7948567271232605,-2.677628755569458,1.3476769924163818,-1.0437461137771606,1.4977391958236694,-1.1715240478515625,-1.1405004262924194,0.3497518002986908,0.5315021276473999,0.3623921275138855,0.12014583498239517,-0.4250313341617584,-1500.0,737.439453125,-742.43310546875,833.0809936523438,-31.624130249023438,892.9550170898438,-1500.0,737.439453125,-742.43310546875,833.0809936523438,-31.624130249023438,892.9550170898438,-1500.0,737.439453125,-742.43310546875,833.0809936523438,-31.624130249023438,892.9550170898438
16.933334216475487,0.7761585712432861,-2.6718780994415283,1.3564213514328003,-1.0377957820892334,1.4996955394744873,-1.1784909963607788,-1.121797800064087,0.3439968228340149,0.5227435827255249,0.35643845796585083,0.11818937957286835,-0.4180656671524048,0.3194732666015625,-0.731964111328125,-1.8525390625,-0.472076416015625,0.00983428955078125,-0.003570556640625,0.3194732666015625,-0.731964111328125,-1.8525390625,-0.472076416015625,0.00983428955078125,-0.003570556640625,0.3194732666015625,-0.731964111328125,-1.8525390625,-0.472076416015625,0.00983428955078125,-0.003570556640625
16.950000884011388,0.7567659020423889,-2.6659955978393555,1.3647589683532715,-1.0316908359527588,1.5016192197799683,-1.1850461959838867,-1.1642611026763916,0.3522835373878479,0.4995320439338684,0.36606472730636597,0.11580387502908707,-0.39346376061439514,-1500.0,566.0009155273438,-596.84033203125,628.7384033203125,-18.46312713623047,721.84326171875,-1500.0,566.0009155273438,-596.84033203125,628.7384033203125,-18.46312713623047,721.84326171875,-1500.0,566.0009155273438,-596.84033203125,628.7384033203125,-18.46312713623047,721.84326171875
16.96666755154729,0.7376798987388611,-2.660201072692871,1.3729896545410156,-1.025678038597107,1.5035065412521362,-1.1914944648742676,-1.1451698541641235,0.3464815020561218,0.4912838339805603,0.3600465953350067,0.11391879618167877,-0.3870164752006531,0.30755615234375,-0.767730712890625,-1.88348388671875,-0.510223388671875,0.00983428955078125,-0.0250244140625,0.30755615234375,-0.767730712890625,-1.88348388671875,-0.510223388671875,0.00983428955078125,-0.0250244140625,0.30755615234375,-0.767730712890625,-1.88348388671875,-0.510223388671875,0.00983428955078125,-0.0250244140625
16.98333421908319,0.7179303169250488,-2.654269218444824,1.3808090686798096,-1.0195096731185913,1.5053613185882568,-1.1975232362747192,-1.1857410669326782,0.35500991344451904,0.46779850125312805,0.36970096826553345,0.11170673370361328,-0.36187276244163513,-1500.0,577.6918334960938,-628.366455078125,632.4446411132812,-14.277694702148438,764.560791015625,-1500.0,577.6918334960938,-628.366455078125,632.4446411132812,-14.277694702148438,764.560791015625,-1500.0,577.6918334960938,-628.366455078125,632.4446411132812,-14.277694702148438,764.560791015625
17.00000088661909,0.6984937191009521,-2.6484267711639404,1.3885294198989868,-1.0134340524673462,1.5071810483932495,-1.2034529447555542,-1.1663000583648682,0.3491603434085846,0.46006107330322266,0.3636209964752197,0.10988862812519073,-0.3559440076351166,0.25272369384765625,-0.71881103515625,-1.729736328125,-0.4649200439453125,0.01371002197265625,-0.036956787109375,0.25272369384765625,-0.71881103515625,-1.729736328125,-0.4649200439453125,0.01371002197265625,-0.036956787109375,0.25272369384765625,-0.71881103515625,-1.729736328125,-0.4649200439453125,0.01371002197265625,-0.036956787109375
17.016667554154992,0.678114116191864,-2.6423635482788086,1.395736813545227,-1.0071172714233398,1.5089720487594604,-1.2088432312011719,-1.2237454652786255,0.3628387749195099,0.4308275282382965,0.37855154275894165,0.10778027772903442,-0.3234836161136627,-1500.0,788.8377075195312,-883.198974609375,849.3065185546875,-12.681182861328125,1082.8304443359375,-1500.0,788.8377075195312,-883.198974609375,849.3065185546875,-12.681182861328125,1082.8304443359375,-1500.0,788.8377075195312,-883.198974609375,849.3065185546875,-12.681182861328125,1082.8304443359375
17.033334221690893,0.6580544710159302,-2.6363890171051025,1.402861475944519,-1.0008941888809204,1.5107271671295166,-1.2141436338424683,-1.2036802768707275,0.3568592071533203,0.4236876368522644,0.37232404947280884,0.10602548718452454,-0.31818193197250366,0.4124603271484375,-0.8284912109375,-2.1529541015625,-0.58648681640625,0.0128173828125,0.026214599609375,0.4124603271484375,-0.8284912109375,-2.1529541015625,-0.58648681640625,0.0128173828125,0.026214599609375,0.4124603271484375,-0.8284912109375,-2.1529541015625,-0.58648681640625,0.0128173828125,0.026214599609375
17.050000889226794,0.6374123096466064,-2.630270481109619,1.4095690250396729,-0.9945146441459656,1.512455701828003,-1.219006896018982,-1.2392914295196533,0.3658929765224457,0.3996560871601105,0.3819942772388458,0.10416904091835022,-0.2918873727321625,-1500.0,605.33642578125,-695.1010131835938,641.41748046875,-5.095306396484375,857.2769775390625,-1500.0,605.33642578125,-695.1010131835938,641.41748046875,-5.095306396484375,857.2769775390625,-1500.0,605.33642578125,-695.1010131835938,641.41748046875,-5.095306396484375,857.2769775390625
17.066667556762695,0.6170998811721802,-2.6242451667785645,1.4161930084228516,-0.9882329702377319,1.514153242111206,-1.2237893342971802,-1.2189743518829346,0.35986125469207764,0.39301395416259766,0.3757071793079376,0.10247326642274857,-0.2871032655239105,0.3719329833984375,-0.755767822265625,-2.1409912109375,-0.5734100341796875,0.021160125732421875,0.0250396728515625,0.3719329833984375,-0.755767822265625,-2.1409912109375,-0.5734100341796875,0.021160125732421875,0.0250396728515625,0.3719329833984375,-0.755767822265625,-2.1409912109375,-0.5734100341796875,0.021160125732421875,0.0250396728515625
17.083334224298596,0.5962396264076233,-2.6180689334869385,1.4223991632461548,-0.9817935824394226,1.515824556350708,-1.2281283140182495,-1.2524235248565674,0.3691432774066925,0.3688540458679199,0.3854200541973114,0.10075788199901581,-0.2604186236858368,-1500.0,617.6090087890625,-720.186279296875,645.569580078125,-1.7499923706054688,893.8538818359375,-1500.0,617.6090087890625,-720.186279296875,645.569580078125,-1.7499923706054688,893.8538818359375,-1500.0,617.6090087890625,-720.186279296875,645.569580078125,-1.7499923706054688,893.8538818359375
17.100000891834497,0.5757138133049011,-2.611987590789795,1.428528904914856,-0.9754531979560852,1.5174659490585327,-1.2323951721191406,-1.231892704963684,0.3630555272102356,0.36270657181739807,0.37907496094703674,0.09911766648292542,-0.25615009665489197,0.3552436828613281,-0.721221923828125,-2.03607177734375,-0.52093505859375,0.012813568115234375,0.0274200439453125,0.3552436828613281,-0.721221923828125,-2.03607177734375,-0.52093505859375,0.012813568115234375,0.0274200439453125,0.3552436828613281,-0.721221923828125,-2.03607177734375,-0.52093505859375,0.012813568115234375,0.0274200439453125
17.1166675593704,0.5544010400772095,-2.605665683746338,1.4341301918029785,-0.9688661694526672,1.5190848112106323,-1.2360821962356567,-1.27977454662323,0.37782198190689087,0.3322773873806,0.3941902220249176,0.0975557491183281,-0.22133111953735352,-1500.0,842.6988525390625,-995.5477294921875,867.4597778320312,2.3218994140625,1245.271484375,-1500.0,842.6988525390625,-995.5477294921875,867.4597778320312,2.3218994140625,1245.271484375,-1500.0,842.6988525390625,-995.5477294921875,867.4597778320312,2.3218994140625,1245.271484375
17.1333342269063,0.533427357673645,-2.5994393825531006,1.4396710395812988,-0.9623793363571167,1.520673394203186,-1.2397085428237915,-1.2587947845458984,0.371590256690979,0.3267216682434082,0.38769951462745667,0.09596806764602661,-0.21770428121089935,0.481597900390625,-0.835662841796875,-2.431884765625,-0.631805419921875,0.04410552978515625,-0.006561279296875,0.481597900390625,-0.835662841796875,-2.431884765625,-0.631805419921875,0.04410552978515625,-0.006561279296875,0.481597900390625,-0.835662841796875,-2.431884765625,-0.631805419921875,0.04410552978515625,-0.006561279296875
17.1500008944422,0.511996865272522,-2.5930538177490234,1.4447922706604004,-0.9557333588600159,1.5222415924072266,-1.2428779602050781,-1.2867012023925781,0.38137584924697876,0.3023640513420105,0.3974542021751404,0.09451697021722794,-0.19025065004825592,-1500.0,646.0606689453125,-771.8551025390625,655.3983764648438,4.6747894287109375,971.3828125,-1500.0,646.0606689453125,-771.8551025390625,655.3983764648438,4.6747894287109375,971.3828125,-1500.0,646.0606689453125,-771.8551025390625,655.3983764648438,4.6747894287109375,971.3828125
17.1666675619781,0.4909113049507141,-2.5867671966552734,1.4498529434204102,-0.9491907954216003,1.5237809419631958,-1.2459964752197266,-1.2656114101409912,0.37508389353752136,0.29728594422340393,0.3909068703651428,0.09297771751880646,-0.18713276088237762,0.4124755859375,-0.78558349609375,-2.399658203125,-0.62823486328125,-0.00923919677734375,0.0142974853515625,0.4124755859375,-0.78558349609375,-2.399658203125,-0.62823486328125,-0.00923919677734375,0.0142974853515625,0.4124755859375,-0.78558349609375,-2.399658203125,-0.62823486328125,-0.00923919677734375,0.0142974853515625
17.183334229514003,0.4694083333015442,-2.580317258834839,1.4544954299926758,-0.9424874782562256,1.5252996683120728,-1.2486534118652344,-1.2911375761032104,0.38511160016059875,0.27294039726257324,0.40071433782577515,0.09162323921918869,-0.15944762527942657,-1500.0,658.3809814453125,-790.4266967773438,659.829345703125,6.604194641113281,1001.164306640625,-1500.0,658.3809814453125,-790.4266967773438,659.829345703125,6.604194641113281,1001.164306640625,-1500.0,658.3809814453125,-790.4266967773438,659.829345703125,6.604194641113281,1001.164306640625
17.200000897049904,0.4482521116733551,-2.573967933654785,1.4590840339660645,-0.9358892440795898,1.5267932415008545,-1.251265525817871,-1.2699755430221558,0.3787568509578705,0.268334299325943,0.39411115646362305,0.09013182669878006,-0.1568336933851242,0.4291534423828125,-0.72479248046875,-2.3043212890625,-0.6020050048828125,0.034271240234375,0.0363616943359375,0.4291534423828125,-0.72479248046875,-2.3043212890625,-0.6020050048828125,0.034271240234375,0.0363616943359375,0.4291534423828125,-0.72479248046875,-2.3043212890625,-0.6020050048828125,0.034271240234375,0.0363616943359375
17.216667564585805,0.4264848828315735,-2.5673584938049316,1.4631400108337402,-0.929038941860199,1.5282700061798096,-1.2532708644866943,-1.3071534633636475,0.3945949375629425,0.23737256228923798,0.4094500243663788,0.0889279693365097,-0.12039726972579956,-1500.0,897.0582275390625,-1078.943603515625,886.8658447265625,10.879341125488281,1377.25732421875,-1500.0,897.0582275390625,-1078.943603515625,886.8658447265625,10.879341125488281,1377.25732421875,-1500.0,897.0582275390625,-1078.943603515625,886.8658447265625,10.879341125488281,1377.25732421875
17.233334232121706,0.4050663411617279,-2.5608510971069336,1.4671560525894165,-0.9222947955131531,1.5297186374664307,-1.2552438974380493,-1.2857307195663452,0.3880828320980072,0.23334123194217682,0.40270116925239563,0.08747848123311996,-0.11842451989650726,0.49591064453125,-0.84283447265625,-2.7132568359375,-0.700958251953125,-0.036956787109375,0.014007568359375,0.49591064453125,-0.84283447265625,-2.7132568359375,-0.700958251953125,-0.036956787109375,0.014007568359375,0.49591064453125,-0.84283447265625,-2.7132568359375,-0.700958251953125,-0.036956787109375,0.014007568359375
17.250000899657607,0.38332924246788025,-2.5541703701019287,1.470758318901062,-0.9153886437416077,1.5311497449874878,-1.2567490339279175,-1.3052599430084229,0.39858925342559814,0.20913410186767578,0.41256600618362427,0.0862727016210556,-0.09037037193775177,-1500.0,686.6276245117188,-826.8731689453125,670.1576538085938,9.017585754394531,1061.9666748046875,-1500.0,686.6276245117188,-826.8731689453125,670.1576538085938,9.017585754394531,1061.9666748046875,-1500.0,686.6276245117188,-826.8731689453125,670.1576538085938,9.017585754394531,1061.9666748046875
17.266667567193508,0.36194369196891785,-2.547595739364624,1.4743210077285767,-0.908591091632843,1.5325565338134766,-1.2582296133041382,-1.2838690280914307,0.39200809597969055,0.20555423200130463,0.40576446056365967,0.08486708998680115,-0.0888892337679863,0.553131103515625,-0.858306884765625,-2.678619384765625,-0.6818695068359375,0.0044708251953125,0.006256103515625,0.553131103515625,-0.858306884765625,-2.678619384765625,-0.6818695068359375,0.0044708251953125,0.006256103515625,0.553131103515625,-0.858306884765625,-2.678619384765625,-0.6818695068359375,0.0044708251953125,0.006256103515625
17.28333423472941,0.3402818441390991,-2.5408437252044678,1.4774736166000366,-0.9016302227973938,1.5339457988739014,-1.2592427730560303,-1.3008508682250977,0.40274161100387573,0.1814914047718048,0.4156857430934906,0.08370378613471985,-0.06077089160680771,-1500.0,698.6009521484375,-838.996826171875,674.61962890625,8.990768432617188,1084.253662109375,-1500.0,698.6009521484375,-838.996826171875,674.61962890625,8.990768432617188,1084.253662109375,-1500.0,698.6009521484375,-838.996826171875,674.61962890625,8.990768432617188,1084.253662109375
17.30000090226531,0.31897062063217163,-2.534198760986328,1.4805933237075806,-0.8947795629501343,1.5353111028671265,-1.2602378129959106,-1.2795345783233643,0.3960908353328705,0.1783553659915924,0.4088309109210968,0.08233874291181564,-0.05977420136332512,0.4649162292480469,-0.820159912109375,-2.5880126953125,-0.6663818359375,-0.0476837158203125,0.0463409423828125,0.4649162292480469,-0.820159912109375,-2.5880126953125,-0.6663818359375,-0.0476837158203125,0.0463409423828125,0.4649162292480469,-0.820159912109375,-2.5880126953125,-0.6663818359375,-0.0476837158203125,0.0463409423828125
17.31666756980121,0.29724013805389404,-2.5272762775421143,1.48318612575531,-0.8876715302467346,1.5366590023040771,-1.260611653327942,-1.305115818977356,0.41293737292289734,0.14749540388584137,0.424406498670578,0.08126181364059448,-0.022489814087748528,-1500.0,949.8858642578125,-1133.680419921875,906.5985717773438,10.842384338378906,1476.431884765625,-1500.0,949.8858642578125,-1133.680419921875,906.5985717773438,10.842384338378906,1476.431884765625,-1500.0,949.8858642578125,-1133.680419921875,906.5985717773438,10.842384338378906,1476.431884765625
17.333334237337112,0.27585914731025696,-2.5204622745513916,1.4857579469680786,-0.8806754946708679,1.5379828214645386,-1.2609803676605225,-1.2837311029434204,0.4061189889907837,0.14490775763988495,0.4174071252346039,0.07993730157613754,-0.02212117239832878,0.586517333984375,-0.875,-2.993927001953125,-0.746246337890625,0.00357818603515625,0.0099029541015625,0.586517333984375,-0.875,-2.993927001953125,-0.746246337890625,0.00357818603515625,0.0099029541015625,0.586517333984375,-0.875,-2.993927001953125,-0.746246337890625,0.00357818603515625,0.0099029541015625
17.350000904873013,0.25430649518966675,-2.513462781906128,1.487929344177246,-0.8735145926475525,1.5392887592315674,-1.2608803510665894,-1.2943990230560303,0.41728025674819946,0.12129690498113632,0.4273851215839386,0.07879156619310379,0.005963723640888929,-1288.232177734375,725.50537109375,-860.532470703125,684.814453125,6.436408996582031,1127.42626953125,-1288.232177734375,725.50537109375,-860.532470703125,684.814453125,6.436408996582031,1127.42626953125,-1288.232177734375,725.50537109375,-860.532470703125,684.814453125,6.436408996582031,1127.42626953125
17.366667572408915,0.23310326039791107,-2.5065736770629883,1.4900814294815063,-0.8664678931236267,1.540574550628662,-1.260782241821289,-1.2731914520263672,0.41038691997528076,0.11912880837917328,0.4203343093395233,0.07750764489173889,0.005866564344614744,0.5906829833984375,-0.925048828125,-2.95428466796875,-0.741485595703125,0.02831268310546875,0.0299072265625,0.5906829833984375,-0.925048828125,-2.95428466796875,-0.741485595703125,0.02831268310546875,0.0299072265625,0.5906829833984375,-0.925048828125,-2.95428466796875,-0.741485595703125,0.02831268310546875,0.0299072265625
17.383334239944816,0.21177233755588531,-2.4994988441467285,1.491837978363037,-0.8592550158500671,1.5418421030044556,-1.260217308998108,-1.2812076807022095,0.4217480421066284,0.09578315913677216,0.4303675591945648,0.07634191960096359,0.033852361142635345,-1173.3489990234375,736.5786743164062,-866.4557495117188,689.1239013671875,4.0125885009765625,1142.018310546875,-1173.3489990234375,736.5786743164062,-866.4557495117188,689.1239013671875,4.0125885009765625,1142.018310546875,-1173.3489990234375,736.5786743164062,-866.4557495117188,689.1239013671875,4.0125885009765625,1142.018310546875
17.400000907480717,0.19078728556632996,-2.492537260055542,1.4935811758041382,-0.852157473564148,1.5430866479873657,-1.2596628665924072,-1.2602181434631348,0.414780855178833,0.09402409940958023,0.42326581478118896,0.07509566843509674,0.033297035843133926,0.5370368957519531,-0.8594970703125,-2.8917236328125,-0.721221923828125,-0.060497283935546875,-0.0108795166015625,0.5370368957519531,-0.8594970703125,-2.8917236328125,-0.721221923828125,-0.060497283935546875,-0.0108795166015625,0.5370368957519531,-0.8594970703125,-2.8917236328125,-0.721221923828125,-0.060497283935546875,-0.0108795166015625
17.416667575016618,0.16958609223365784,-2.485280990600586,1.49481201171875,-0.8447979688644409,1.5443130731582642,-1.2584848403930664,-1.2735743522644043,0.43252867460250854,0.06385935842990875,0.43906331062316895,0.07388145476579666,0.07065372169017792,-1381.6016845703125,999.2015380859375,-1160.604248046875,925.4777221679688,0.44911956787109375,1500.0,-1381.6016845703125,999.2015380859375,-1160.604248046875,925.4777221679688,0.44911956787109375,1500.0,-1381.6016845703125,999.2015380859375,-1160.604248046875,925.4777221679688,0.44911956787109375,1500.0
17.43333424255252,0.14872649312019348,-2.4781405925750732,1.49604070186615,-0.8375557661056519,1.545519471168518,-1.2573264837265015,-1.2527092695236206,0.425383061170578,0.0626165047287941,0.4318173825740814,0.07267561554908752,0.06949607282876968,0.69439697265625,-0.962005615234375,-3.248016357421875,-0.802276611328125,-0.039337158203125,0.0357666015625,0.69439697265625,-0.962005615234375,-3.248016357421875,-0.802276611328125,-0.039337158203125,0.0357666015625,0.69439697265625,-0.962005615234375,-3.248016357421875,-0.802276611328125,-0.039337158203125,0.0357666015625
17.45000091008842,0.12784698605537415,-2.4708056449890137,1.4968878030776978,-0.8301463723182678,1.546703815460205,-1.2557088136672974,-1.2542407512664795,0.4371010959148407,0.040006618946790695,0.44189003109931946,0.07137902081012726,0.09705369919538498,-895.783935546875,761.190673828125,-873.75390625,698.4901123046875,-4.50909423828125,1167.0482177734375,-895.783935546875,761.190673828125,-873.75390625,698.4901123046875,-4.50909423828125,1167.0482177734375,-895.783935546875,761.190673828125,-873.75390625,698.4901123046875,-4.50909423828125,1167.0482177734375
17.46666757762432,0.10730618238449097,-2.463588237762451,1.4977339506149292,-0.8228560090065002,1.5478688478469849,-1.254117727279663,-1.2336945533752441,0.42987945675849915,0.039144836366176605,0.43459632992744446,0.0702144056558609,0.0954633355140686,0.6556549072265625,-0.92864990234375,-3.24249267578125,-0.79156494140625,-0.019073486328125,0.0363616943359375,0.6556549072265625,-0.92864990234375,-3.24249267578125,-0.79156494140625,-0.019073486328125,0.0363616943359375,0.6556549072265625,-0.92864990234375,-3.24249267578125,-0.79156494140625,-0.019073486328125,0.0363616943359375
17.483334245160222,0.08679037541151047,-2.45617413520813,1.4982056617736816,-0.8153977394104004,1.5490115880966187,-1.2520722150802612,-1.2325303554534912,0.4417644739151001,0.016908634454011917,0.44471314549446106,0.06883537769317627,0.1227637380361557,-773.4265747070312,771.0516357421875,-873.7521362304688,702.2225341796875,-9.492935180664062,1173.8681640625,-773.4265747070312,771.0516357421875,-873.7521362304688,702.2225341796875,-9.492935180664062,1173.8681640625,-773.4265747070312,771.0516357421875,-873.7521362304688,702.2225341796875,-9.492935180664062,1173.8681640625
17.500000912696123,0.0666072815656662,-2.448878765106201,1.4986817836761475,-0.8080596923828125,1.5501350164413452,-1.2500600814819336,-1.2123421430587769,0.4344644248485565,0.0164174884557724,0.4373714029788971,0.06771156191825867,0.12075228244066238,0.6377716064453125,-0.91314697265625,-3.17242431640625,-0.78082275390625,-0.041423797607421875,0.0316009521484375,0.6377716064453125,-0.91314697265625,-3.17242431640625,-0.78082275390625,-0.041423797607421875,0.0316009521484375,0.6377716064453125,-0.91314697265625,-3.17242431640625,-0.78082275390625,-0.041423797607421875,0.0316009521484375
17.516667580232024,0.046417538076639175,-2.4412755966186523,1.4986692667007446,-0.800456166267395,1.5512323379516602,-1.2474360466003418,-1.2131232023239136,0.4529602527618408,-0.01251396257430315,0.45333775877952576,0.06606829911470413,0.15742211043834686,-838.0926513671875,1042.90966796875,-1161.277587890625,941.9453125,-21.88652801513672,1500.0,-838.0926513671875,1042.90966796875,-1161.277587890625,941.9453125,-21.88652801513672,1500.0,-838.0926513671875,1042.90966796875,-1161.277587890625,941.9453125,-21.88652801513672,1500.0
17.533334247767925,0.026552794501185417,-2.4337949752807617,1.4986711740493774,-0.7929749488830566,1.5523102283477783,-1.2448562383651733,-1.193253993988037,0.4454742670059204,-0.012529289349913597,0.4458529055118561,0.0649893581867218,0.1548416167497635,0.739410400390625,-1.050262451171875,-3.518951416015625,-0.8499755859375,-0.0488739013671875,0.004180908203125,0.739410400390625,-1.050262451171875,-3.518951416015625,-0.8499755859375,-0.0488739013671875,0.004180908203125,0.739410400390625,-1.050262451171875,-3.518951416015625,-0.8499755859375,-0.0488739013671875,0.004180908203125
17.550000915303826,0.006821590010076761,-2.4261114597320557,1.498315691947937,-0.7853251695632935,1.5533618927001953,-1.2418346405029297,-1.185579776763916,0.4576209783554077,-0.033781133592128754,0.4559725522994995,0.06332720816135406,0.18133941292762756,-481.517822265625,792.162353515625,-867.788818359375,709.9235229492188,-24.466964721679688,1180.8216552734375,-481.517822265625,792.162353515625,-867.788818359375,709.9235229492188,-24.466964721679688,1180.8216552734375,-481.517822265625,792.162353515625,-867.788818359375,709.9235229492188,-24.466964721679688,1180.8216552734375
17.566667582839727,-0.012589867226779461,-2.418553352355957,1.4979768991470337,-0.7777993083000183,1.5543944835662842,-1.2388625144958496,-1.1661630868911743,0.4500569701194763,-0.03345661982893944,0.44844338297843933,0.0622929148375988,0.17836812138557434,0.7616424560546875,-1.046630859375,-3.495819091796875,-0.853546142578125,-0.047534942626953125,0.0458984375,0.7616424560546875,-1.046630859375,-3.495819091796875,-0.853546142578125,-0.047534942626953125,0.0458984375,0.7616424560546875,-1.046630859375,-3.495819091796875,-0.853546142578125,-0.047534942626953125,0.0458984375
17.58333425037563,-0.0318230465054512,-2.4107909202575684,1.4972888231277466,-0.7701044678688049,1.5553970336914062,-1.2354557514190674,-1.155808687210083,0.46232855319976807,-0.054241616278886795,0.4585872292518616,0.060481566935777664,0.20445969700813293,-354.41680908203125,800.3676147460938,-862.3621826171875,712.7201538085938,-32.32121276855469,1179.9818115234375,-354.41680908203125,800.3676147460938,-862.3621826171875,712.7201538085938,-32.32121276855469,1179.9818115234375,-354.41680908203125,800.3676147460938,-862.3621826171875,712.7201538085938,-32.32121276855469,1179.9818115234375
17.60000091791153,-0.05074476823210716,-2.403153419494629,1.4966224431991577,-0.7625347375869751,1.5563840866088867,-1.2321045398712158,-1.136881709098816,0.454687237739563,-0.053588394075632095,0.4510139524936676,0.05949543043971062,0.20110996067523956,0.7343292236328125,-0.993011474609375,-3.4393310546875,-0.8273086547851562,0.030696868896484375,0.04827880859375,0.7343292236328125,-0.993011474609375,-3.4393310546875,-0.8273086547851562,0.030696868896484375,0.04827880859375,0.7343292236328125,-0.993011474609375,-3.4393310546875,-0.8273086547851562,0.030696868896484375,0.04827880859375
17.61666758544743,-0.06946223974227905,-2.3951992988586426,1.4954971075057983,-0.7546974420547485,1.5573333501815796,-1.2281651496887207,-1.1250252723693848,0.47373801469802856,-0.080815888941288,0.4670567810535431,0.057124651968479156,0.23637403547763824,-273.57952880859375,1079.113525390625,-1137.86474609375,954.3240356445312,-56.91767120361328,1500.0,-273.57952880859375,1079.113525390625,-1137.86474609375,954.3240356445312,-56.91767120361328,1500.0,-273.57952880859375,1079.113525390625,-1137.86474609375,954.3240356445312,-56.91767120361328,1500.0
17.63333425298333,-0.08787912875413895,-2.3873720169067383,1.4944018125534058,-0.7469871044158936,1.5582668781280518,-1.2242902517318726,-1.106602668762207,0.4659078121185303,-0.07973269373178482,0.45934343338012695,0.05619111284613609,0.2324996143579483,0.86187744140625,-1.082427978515625,-3.7515106201171875,-0.8809661865234375,-0.057071685791015625,0.00714874267578125,0.86187744140625,-1.082427978515625,-3.7515106201171875,-0.8809661865234375,-0.057071685791015625,0.00714874267578125,0.86187744140625,-1.082427978515625,-3.7515106201171875,-0.8809661865234375,-0.057071685791015625,0.00714874267578125
17.650000920519233,-0.10601119697093964,-2.3793389797210693,1.492977499961853,-0.7391085624694824,1.559162974357605,-1.21999990940094,-1.0898630619049072,0.4783267676830292,-0.09932456165552139,0.4694311022758484,0.0539403036236763,0.2574446499347687,-54.83331298828125,816.9924926757812,-844.3736572265625,717.7841796875,-54.237998962402344,1169.4151611328125,-54.83331298828125,816.9924926757812,-844.3736572265625,717.7841796875,-54.237998962402344,1169.4151611328125,-54.83331298828125,816.9924926757812,-844.3736572265625,717.7841796875,-54.237998962402344,1169.4151611328125
17.666667588055134,-0.1238500252366066,-2.3714349269866943,1.491585612297058,-0.7313582897186279,1.5600435733795166,-1.2157806158065796,-1.072018027305603,0.47041961550712585,-0.09794536232948303,0.4616782069206238,0.05305894836783409,0.2532249689102173,0.865142822265625,-1.087188720703125,-3.726470947265625,-0.8642730712890625,-0.049472808837890625,0.0,0.865142822265625,-1.087188720703125,-3.726470947265625,-0.8642730712890625,-0.049472808837890625,0.0,0.865142822265625,-1.087188720703125,-3.726470947265625,-0.8642730712890625,-0.049472808837890625,0.0
17.683334255591035,-0.1413605958223343,-2.3633241653442383,1.4898744821548462,-0.7234397530555725,1.560882806777954,-1.2111542224884033,-1.0526750087738037,0.48291268944740295,-0.11699464172124863,0.47176221013069153,0.05059339106082916,0.2776312530040741,74.1383056640625,823.0948486328125,-834.1145629882812,719.2515869140625,-65.04505920410156,1161.3441162109375,74.1383056640625,823.0948486328125,-834.1145629882812,719.2515869140625,-65.04505920410156,1161.3441162109375,74.1383056640625,823.0948486328125,-834.1145629882812,719.2515869140625,-65.04505920410156,1161.3441162109375
17.700000923126936,-0.1585882604122162,-2.355343818664551,1.4881994724273682,-0.7156503200531006,1.5617079734802246,-1.206603765487671,-1.035441517829895,0.4749295711517334,-0.11533226817846298,0.4639703035354614,0.049767956137657166,0.2730819284915924,0.840423583984375,-1.0585784912109375,-3.69818115234375,-0.8499603271484375,0.00789642333984375,0.036956787109375,0.840423583984375,-1.0585784912109375,-3.69818115234375,-0.8499603271484375,0.00789642333984375,0.036956787109375,0.840423583984375,-1.0585784912109375,-3.69818115234375,-0.8499603271484375,0.00789642333984375,0.036956787109375
17.716667590662837,-0.17540444433689117,-2.347041606903076,1.4861018657684326,-0.7075939178466797,1.5624788999557495,-1.2015002965927124,-1.0111690759658813,0.4943092167377472,-0.1404583901166916,0.47995445132255554,0.046371523290872574,0.30628329515457153,299.25048828125,1106.096435546875,-1092.90576171875,960.683837890625,-105.08313751220703,1500.0,299.25048828125,1106.096435546875,-1092.90576171875,960.683837890625,-105.08313751220703,1500.0,299.25048828125,1106.096435546875,-1092.90576171875,960.683837890625,-105.08313751220703,1500.0
17.733334258198738,-0.19195154309272766,-2.3388729095458984,1.48404860496521,-0.6996687054634094,1.5632350444793701,-1.19648015499115,-0.9946154356002808,0.48613691329956055,-0.13841548562049866,0.4720262289047241,0.04561344534158707,0.3012639284133911,1.000152587890625,-1.177764892578125,-3.9565582275390625,-0.93817138671875,-0.0628814697265625,0.05007171630859375,1.000152587890625,-1.177764892578125,-3.9565582275390625,-0.93817138671875,-0.0628814697265625,0.05007171630859375,1.000152587890625,-1.177764892578125,-3.9565582275390625,-0.93817138671875,-0.0628814697265625,0.05007171630859375
17.75000092573464,-0.20806832611560822,-2.330496311187744,1.4816982746124268,-0.6915773153305054,1.563941478729248,-1.1910779476165771,-0.9691532254219055,0.4986530542373657,-0.15610665082931519,0.48197370767593384,0.04256347566843033,0.32422250509262085,374.78985595703125,834.524658203125,-805.5943603515625,720.6285400390625,-93.75334167480469,1134.471923828125,374.78985595703125,834.524658203125,-805.5943603515625,720.6285400390625,-93.75334167480469,1134.471923828125,374.78985595703125,834.524658203125,-805.5943603515625,720.6285400390625,-93.75334167480469,1134.471923828125
17.76666759327054,-0.22392520308494568,-2.3222553730010986,1.4793943166732788,-0.6836183667182922,1.5646361112594604,-1.185764193534851,-0.9532907605171204,0.4904080629348755,-0.1538137048482895,0.47401201725006104,0.04186873883008957,0.31890901923179626,0.97271728515625,-1.1849365234375,-3.9345016479492188,-0.9262542724609375,-0.011920928955078125,0.04052734375,0.97271728515625,-1.1849365234375,-3.9345016479492188,-0.9262542724609375,-0.011920928955078125,0.04052734375,0.97271728515625,-1.1849365234375,-3.9345016479492188,-0.9262542724609375,-0.011920928955078125,0.04052734375
17.78333426080644,-0.23931066691875458,-2.31380558013916,1.4768035411834717,-0.6754938960075378,1.5652754306793213,-1.180078148841858,-0.9253590106964111,0.5029430389404297,-0.1709052324295044,0.48391735553741455,0.03854076564311981,0.3412154018878937,502.79913330078125,838.2093505859375,-791.189697265625,720.29833984375,-107.5428695678711,1119.6947021484375,502.79913330078125,838.2093505859375,-791.189697265625,720.29833984375,-107.5428695678711,1119.6947021484375,502.79913330078125,838.2093505859375,-791.189697265625,720.29833984375,-107.5428695678711,1119.6947021484375
17.800000928342342,-0.254448264837265,-2.3054912090301514,1.4742628335952759,-0.6675023436546326,1.5659050941467285,-1.1744859218597412,-0.9102153182029724,0.49462583661079407,-0.16837480664253235,0.47592341899871826,0.03791213780641556,0.33562225103378296,0.947723388671875,-1.181365966796875,-3.8975448608398438,-0.894073486328125,0.003276824951171875,-0.0023956298828125,0.947723388671875,-1.181365966796875,-3.8975448608398438,-0.894073486328125,0.003276824951171875,-0.0023956298828125,0.947723388671875,-1.181365966796875,-3.8975448608398438,-0.894073486328125,0.003276824951171875,-0.0023956298828125
17.816667595878243,-0.26897579431533813,-2.2968552112579346,1.4713397026062012,-0.6592479348182678,1.5664560794830322,-1.1683839559555054,-0.8740231990814209,0.5140783786773682,-0.1910858005285263,0.491669237613678,0.03320353105664253,0.36618784070014954,867.7017822265625,1122.2779541015625,-1029.5098876953125,959.0804443359375,-166.31201171875,1466.724853515625,867.7017822265625,1122.2779541015625,-1029.5098876953125,959.0804443359375,-166.31201171875,1466.724853515625,867.7017822265625,1122.2779541015625,-1029.5098876953125,959.0804443359375,-166.31201171875,1466.724853515625
17.833334263414145,-0.28327178955078125,-2.2883567810058594,1.4684727191925049,-0.6511282324790955,1.5669981241226196,-1.1623817682266235,-0.8597210049629211,0.505577564239502,-0.18822850286960602,0.4835481345653534,0.03266219422221184,0.36018550395965576,1.118194580078125,-1.263641357421875,-4.144905090332031,-0.9286346435546875,-0.007152557373046875,0.02265167236328125,1.118194580078125,-1.263641357421875,-4.144905090332031,-0.9286346435546875,-0.007152557373046875,0.02265167236328125,1.118194580078125,-1.263641357421875,-4.144905090332031,-0.9286346435546875,-0.007152557373046875,0.02265167236328125
17.850000930950046,-0.2970013916492462,-2.2796525955200195,1.465343952178955,-0.6428471803665161,1.5674728155136108,-1.1560362577438354,-0.8260733485221863,0.5179941058158875,-0.20384098589420319,0.49321404099464417,0.028613051399588585,0.38079220056533813,797.84033203125,843.5511474609375,-753.777587890625,716.9568481445312,-142.98684692382812,1078.1109619140625,797.84033203125,843.5511474609375,-753.777587890625,716.9568481445312,-142.98684692382812,1078.1109619140625,797.84033203125,843.5511474609375,-753.777587890625,716.9568481445312,-142.98684692382812,1078.1109619140625
17.866667598485947,-0.3105100095272064,-2.2710886001586914,1.4622732400894165,-0.6347015500068665,1.567939043045044,-1.1497952938079834,-0.8125585913658142,0.5094273090362549,-0.20078004896640778,0.48506635427474976,0.02814657799899578,0.37455078959465027,1.1181640625,-1.277923583984375,-4.127620697021484,-0.921478271484375,-0.008792877197265625,0.02265167236328125,1.1181640625,-1.277923583984375,-4.127620697021484,-0.921478271484375,-0.008792877197265625,0.02265167236328125,1.1181640625,-1.277923583984375,-4.127620697021484,-0.921478271484375,-0.008792877197265625,0.02265167236328125
17.883334266021848,-0.3234145939350128,-2.262319326400757,1.4589506387710571,-0.626396119594574,1.5683337450027466,-1.1432238817214966,-0.7766308188438416,0.5218031406402588,-0.21575571596622467,0.4946437180042267,0.02376534789800644,0.3944146931171417,922.0374145507812,844.5191650390625,-735.9951782226562,714.406982421875,-159.48973083496094,1057.4578857421875,922.0374145507812,844.5191650390625,-735.9951782226562,714.406982421875,-159.48973083496094,1057.4578857421875,922.0374145507812,844.5191650390625,-735.9951782226562,714.406982421875,-159.48973083496094,1057.4578857421875
17.90000093355775,-0.33611157536506653,-2.2536916732788086,1.4556894302368164,-0.6182264685630798,1.5687204599380493,-1.136759638786316,-0.7639277577400208,0.5131720304489136,-0.21250338852405548,0.4864724278450012,0.02337757870554924,0.38795098662376404,1.109832763671875,-1.2850799560546875,-4.064441680908203,-0.9048004150390625,-0.0286102294921875,0.0452880859375,1.109832763671875,-1.2850799560546875,-4.064441680908203,-0.9048004150390625,-0.0286102294921875,0.0452880859375,1.109832763671875,-1.2850799560546875,-4.064441680908203,-0.9048004150390625,-0.0286102294921875,0.0452880859375
17.91666760109365,-0.34801343083381653,-2.2447450160980225,1.4520890712738037,-0.6098016500473022,1.5690051317214966,-1.1298381090164185,-0.7165744304656982,0.5324203968048096,-0.2325698733329773,0.5017583966255188,0.017101220786571503,0.415404736995697,1419.355712890625,1126.453857421875,-950.9407958984375,947.4837646484375,-239.71871948242188,1375.0457763671875,1419.355712890625,1126.453857421875,-950.9407958984375,947.4837646484375,-239.71871948242188,1375.0457763671875,1419.355712890625,1126.453857421875,-950.9407958984375,947.4837646484375,-239.71871948242188,1375.0457763671875
17.93333426862955,-0.3597257137298584,-2.23594069480896,1.4485563039779663,-0.6015148162841797,1.5692843198776245,-1.1230294704437256,-0.70485520362854,0.5236142873764038,-0.22904515266418457,0.4934695363044739,0.016822196543216705,0.4085961878299713,1.2969970703125,-1.3470611572265625,-4.267097473144531,-0.9477081298828125,-0.05126190185546875,0.03457069396972656,1.2969970703125,-1.3470611572265625,-4.267097473144531,-0.9477081298828125,-0.05126190185546875,0.03457069396972656,1.2969970703125,-1.3470611572265625,-4.267097473144531,-0.9477081298828125,-0.05126190185546875,0.03457069396972656
17.950000936165452,-0.37074851989746094,-2.2269365787506104,1.444797158241272,-0.5930739045143127,1.5694774389266968,-1.1159214973449707,-0.6637381911277771,0.5357266664505005,-0.24246768653392792,0.5026848912239075,0.011602216400206089,0.42656856775283813,1205.0628662109375,843.2960205078125,-691.5247802734375,705.322021484375,-201.13296508789062,1003.2415771484375,1205.0628662109375,843.2960205078125,-691.5247802734375,705.322021484375,-201.13296508789062,1003.2415771484375,1205.0628662109375,843.2960205078125,-691.5247802734375,705.322021484375,-201.13296508789062,1003.2415771484375
17.966667603701353,-0.3815937638282776,-2.2180769443511963,1.4411062002182007,-0.5847713947296143,1.5696656703948975,-1.108929991722107,-0.6528863906860352,0.526864767074585,-0.23878540098667145,0.4943806827068329,0.011413030326366425,0.41957685351371765,1.29461669921875,-1.3637542724609375,-4.257560729980469,-0.9286422729492188,-0.05852508544921875,0.0274200439453125,1.29461669921875,-1.3637542724609375,-4.257560729980469,-0.9286422729492188,-0.05852508544921875,0.0274200439453125,1.29461669921875,-1.3637542724609375,-4.257560729980469,-0.9286422729492188,-0.05852508544921875,0.0274200439453125
17.983334271237254,-0.39171600341796875,-2.209019184112549,1.4372000694274902,-0.576317548751831,1.5697615146636963,-1.1016533374786377,-0.6097272634506226,0.5388747453689575,-0.2515522241592407,0.5034511685371399,0.0058143772184848785,0.43674108386039734,1322.78564453125,841.3433837890625,-671.128662109375,700.0553588867188,-220.1239471435547,977.6830444335938,1322.78564453125,841.3433837890625,-671.128662109375,700.0553588867188,-220.1239471435547,977.6830444335938,1322.78564453125,841.3433837890625,-671.128662109375,700.0553588867188,-220.1239471435547,977.6830444335938
18.000000938773155,-0.4016750752925873,-2.2001054286956787,1.4333641529083252,-0.5680021047592163,1.5698546171188354,-1.0944952964782715,-0.5997610092163086,0.5299593806266785,-0.24772483110427856,0.49513450264930725,0.005721103399991989,0.4295833110809326,1.3101043701171875,-1.3661346435546875,-4.210472106933594,-0.9179115295410156,-0.011585235595703125,0.0476837158203125,1.3101043701171875,-1.3661346435546875,-4.210472106933594,-0.9179115295410156,-0.011585235595703125,0.0476837158203125,1.3101043701171875,-1.3661346435546875,-4.210472106933594,-0.9179115295410156,-0.011585235595703125,0.0476837158203125
18.016667606309056,-0.41067230701446533,-2.1908812522888184,1.4292348623275757,-0.5594438910484314,1.5698161125183105,-1.086937665939331,-0.5422457456588745,0.5487124919891357,-0.2650061249732971,0.5096983313560486,-0.002345374086871743,0.4535660445690155,1500.0,1117.55615234375,-860.7626342773438,923.9351806640625,-324.2464294433594,1261.6455078125,1500.0,1117.55615234375,-860.7626342773438,923.9351806640625,-324.2464294433594,1261.6455078125,1500.0,1117.55615234375,-860.7626342773438,923.9351806640625,-324.2464294433594,1261.6455078125
18.033334273844957,-0.4195250868797302,-2.1818044185638428,1.4251817464828491,-0.5510256290435791,1.5697755813598633,-1.0795034170150757,-0.5333861112594604,0.5396320819854736,-0.26095929741859436,0.5012784004211426,-0.0023057814687490463,0.44613152742385864,1.48773193359375,-1.5354156494140625,-4.3392181396484375,-0.9465179443359375,-0.047161102294921875,0.030994415283203125,1.48773193359375,-1.5354156494140625,-4.3392181396484375,-0.9465179443359375,-0.047161102294921875,0.030994415283203125,1.48773193359375,-1.5354156494140625,-4.3392181396484375,-0.9465179443359375,-0.047161102294921875,0.030994415283203125
18.05000094138086,-0.42758098244667053,-2.1725354194641113,1.420938491821289,-0.5424644947052002,1.5696280002593994,-1.071818470954895,-0.4856741428375244,0.5512288212776184,-0.27214574813842773,0.5098456740379333,-0.008834809064865112,0.46127820014953613,1500.0,833.096435546875,-621.51904296875,684.2017211914062,-267.0860595703125,913.34814453125,1500.0,833.096435546875,-621.51904296875,684.2017211914062,-267.0860595703125,913.34814453125,1500.0,833.096435546875,-621.51904296875,684.2017211914062,-267.0860595703125,913.34814453125
18.06666760891676,-0.43550580739974976,-2.1634154319763184,1.4167717695236206,-0.5340433716773987,1.5694812536239624,-1.064258337020874,-0.47774261236190796,0.5421055555343628,-0.2679859399795532,0.5014238953590393,-0.008688252419233322,0.45371899008750916,1.499664306640625,-1.5330352783203125,-4.33087158203125,-0.934600830078125,-0.021717071533203125,0.08344650268554688,1.499664306640625,-1.5330352783203125,-4.33087158203125,-0.934600830078125,-0.021717071533203125,0.08344650268554688,1.499664306640625,-1.5330352783203125,-4.33087158203125,-0.934600830078125,-0.021717071533203125,0.08344650268554688
18.08333427645266,-0.4426056444644928,-2.154106855392456,1.4124256372451782,-0.5254833102226257,1.5692214965820312,-1.0564602613449097,-0.42826882004737854,0.5535370111465454,-0.2785167396068573,0.5097813606262207,-0.01563301682472229,0.46802061796188354,1500.0,828.06591796875,-599.3509521484375,675.792724609375,-288.22705078125,884.033447265625,1500.0,828.06591796875,-599.3509521484375,675.792724609375,-288.22705078125,884.033447265625,1500.0,828.06591796875,-599.3509521484375,675.792724609375,-288.22705078125,884.033447265625
18.10000094398856,-0.4495890736579895,-2.144946813583374,1.4081575870513916,-0.5170634388923645,1.5689637660980225,-1.0487899780273438,-0.4212782382965088,0.5443743467330933,-0.2742552161216736,0.5013599395751953,-0.015375823713839054,0.46035000681877136,1.524688720703125,-1.5354156494140625,-4.273651123046875,-0.9083747863769531,-0.046192169189453125,0.0453033447265625,1.524688720703125,-1.5354156494140625,-4.273651123046875,-0.9083747863769531,-0.046192169189453125,0.0453033447265625,1.524688720703125,-1.5354156494140625,-4.273651123046875,-0.9083747863769531,-0.046192169189453125,0.0453033447265625
18.116667611524463,-0.4554665982723236,-2.135490655899048,1.4036426544189453,-0.5084179639816284,1.5685412883758545,-1.04078209400177,-0.35481321811676025,0.5623366236686707,-0.28869712352752686,0.5149033665657043,-0.025405338034033775,0.48063039779663086,1500.0,1095.101806640625,-762.6712646484375,886.6429443359375,-418.1097717285156,1131.569091796875,1500.0,1095.101806640625,-762.6712646484375,886.6429443359375,-418.1097717285156,1131.569091796875,1500.0,1095.101806640625,-762.6712646484375,886.6429443359375,-418.1097717285156,1131.569091796875
18.133334279060364,-0.461246132850647,-2.1261837482452393,1.399209976196289,-0.4999135732650757,1.5681232213974,-1.0329049825668335,-0.34902703762054443,0.553027331829071,-0.28426995873451233,0.5063984394073486,-0.024987295269966125,0.47275251150131226,1.7344970703125,-1.63555908203125,-4.3976287841796875,-0.91314697265625,-0.030099868774414062,0.03814697265625,1.7344970703125,-1.63555908203125,-4.3976287841796875,-0.91314697265625,-0.030099868774414062,0.03814697265625,1.7344970703125,-1.63555908203125,-4.3976287841796875,-0.91314697265625,-0.030099868774414062,0.03814697265625
18.150000946596265,-0.4661403000354767,-2.1166980266571045,1.3946237564086914,-0.4912814497947693,1.5675749778747559,-1.0248242616653442,-0.29573091864585876,0.5638983249664307,-0.2932373285293579,0.5140959620475769,-0.032927822321653366,0.4849805235862732,1500.0,812.58056640625,-546.5030517578125,652.2869873046875,-339.57867431640625,812.3839111328125,1500.0,812.58056640625,-546.5030517578125,652.2869873046875,-339.57867431640625,812.3839111328125,1500.0,812.58056640625,-546.5030517578125,652.2869873046875,-339.57867431640625,812.3839111328125
18.166667614132166,-0.47095122933387756,-2.10736346244812,1.3901195526123047,-0.4827902317047119,1.5670347213745117,-1.0168755054473877,-0.29091331362724304,0.5545599460601807,-0.28873878717422485,0.5056039094924927,-0.03238647058606148,0.477031409740448,1.758331298828125,-1.6880035400390625,-4.3594818115234375,-0.898834228515625,-0.027866363525390625,0.03457069396972656,1.758331298828125,-1.6880035400390625,-4.3594818115234375,-0.898834228515625,-0.027866363525390625,0.03457069396972656,1.758331298828125,-1.6880035400390625,-4.3594818115234375,-0.898834228515625,-0.027866363525390625,0.03457069396972656
18.183334281668067,-0.4748547077178955,-2.0978541374206543,1.3854721784591675,-0.4741762578487396,1.5663565397262573,-1.0087380409240723,-0.23617063462734222,0.5652040243148804,-0.29706794023513794,0.5130234956741333,-0.040766678750514984,0.48840630054473877,1500.0,804.452880859375,-523.3681640625,640.4602661132812,-362.37567138671875,780.5430908203125,1500.0,804.452880859375,-523.3681640625,640.4602661132812,-362.37567138671875,780.5430908203125,1500.0,804.452880859375,-523.3681640625,640.4602661132812,-362.37567138671875,780.5430908203125
18.200000949203968,-0.4786893129348755,-2.0884957313537598,1.3809078931808472,-0.4657028019428253,1.565686821937561,-1.000733494758606,-0.232329323887825,0.5558428764343262,-0.2925092875957489,0.5045491456985474,-0.04009713977575302,0.4804013967514038,1.778594970703125,-1.6832351684570312,-4.307037353515625,-0.8821487426757812,-0.0400848388671875,0.0488739013671875,1.778594970703125,-1.6832351684570312,-4.307037353515625,-0.8821487426757812,-0.0400848388671875,0.0488739013671875,1.778594970703125,-1.6832351684570312,-4.307037353515625,-0.8821487426757812,-0.0400848388671875,0.0488739013671875
18.21666761673987,-0.4813000559806824,-2.0788609981536865,1.3761425018310547,-0.45702722668647766,1.5648192167282104,-0.992455244064331,-0.15830786526203156,0.5727226734161377,-0.30414074659347534,0.5167439579963684,-0.052206821739673615,0.4968814551830292,1500.0,1058.823974609375,-660.269287109375,833.901123046875,-519.1405029296875,990.384765625,1500.0,1058.823974609375,-660.269287109375,833.901123046875,-519.1405029296875,990.384765625,1500.0,1058.823974609375,-660.269287109375,833.901123046875,-519.1405029296875,990.384765625
18.23333428427577,-0.4838589131832123,-2.06937575340271,1.3714643716812134,-0.4484923481941223,1.563962459564209,-0.9843114018440247,-0.15574297308921814,0.5632360577583313,-0.2994663119316101,0.508207380771637,-0.05134963244199753,0.4887370765209198,2.003326416015625,-1.75714111328125,-4.3952484130859375,-0.914337158203125,-0.04902458190917969,0.05245208740234375,2.003326416015625,-1.75714111328125,-4.3952484130859375,-0.914337158203125,-0.04902458190917969,0.05245208740234375,2.003326416015625,-1.75714111328125,-4.3952484130859375,-0.914337158203125,-0.04902458190917969,0.05245208740234375
18.25000095181167,-0.48546499013900757,-2.059729814529419,1.36666738986969,-0.4398491680622101,1.5629528760910034,-0.9760134816169739,-0.09798390418291092,0.5731778740882874,-0.30629095435142517,0.5147980451583862,-0.0607585646212101,0.49805307388305664,1500.0,781.7125244140625,-469.23040771484375,608.4811401367188,-416.83404541015625,704.6174926757812,1500.0,781.7125244140625,-469.23040771484375,608.4811401367188,-416.83404541015625,704.6174926757812,1500.0,781.7125244140625,-469.23040771484375,608.4811401367188,-416.83404541015625,704.6174926757812
18.266667619347572,-0.48703551292419434,-2.0502355098724365,1.3619557619094849,-0.43134647607803345,1.561955213546753,-0.9678507447242737,-0.0964074432849884,0.5636805295944214,-0.30158454179763794,0.506294310092926,-0.05976184830069542,0.4898900091648102,2.0369873046875,-1.7976760864257812,-4.365447998046875,-0.8726119995117188,-0.0934295654296875,0.06079673767089844,2.0369873046875,-1.7976760864257812,-4.365447998046875,-0.8726119995117188,-0.0934295654296875,0.06079673767089844,2.0369873046875,-1.7976760864257812,-4.365447998046875,-0.8726119995117188,-0.0934295654296875,0.06079673767089844
18.283334286883473,-0.48763757944107056,-2.040583610534668,1.3571346998214722,-0.4227416515350342,1.5607973337173462,-0.9595475792884827,-0.037544794380664825,0.5733382701873779,-0.3078043758869171,0.5125320553779602,-0.06961815804243088,0.4983762800693512,1500.0,770.5330810546875,-445.8987731933594,592.86474609375,-440.6206359863281,671.6334838867188,1500.0,770.5330810546875,-445.8987731933594,592.86474609375,-440.6206359863281,671.6334838867188,1500.0,770.5330810546875,-445.8987731933594,592.86474609375,-440.6206359863281,671.6334838867188
18.300000954419374,-0.48821818828582764,-2.031083583831787,1.3524000644683838,-0.41427624225616455,1.5596545934677124,-0.9513798356056213,-0.03695867583155632,0.5638347864151001,-0.30307430028915405,0.5040661096572876,-0.06847521662712097,0.49020785093307495,2.069915771484375,-1.8525123596191406,-4.2629241943359375,-0.8380413055419922,-0.05304718017578125,0.0560302734375,2.069915771484375,-1.8525123596191406,-4.2629241943359375,-0.8380413055419922,-0.05304718017578125,0.0560302734375,2.069915771484375,-1.8525123596191406,-4.2629241943359375,-0.8380413055419922,-0.05304718017578125,0.0560302734375
18.316667621955276,-0.4874853491783142,-2.021331787109375,1.3475090265274048,-0.4056386947631836,1.5582810640335083,-0.9430010914802551,0.04308050870895386,0.5793541073799133,-0.31200259923934937,0.5145597457885742,-0.0827200785279274,0.5029296875,1500.0,1008.9158935546875,-557.1019287109375,764.4188232421875,-624.8289184570312,844.0804443359375,1500.0,1008.9158935546875,-557.1019287109375,764.4188232421875,-624.8289184570312,844.0804443359375,1500.0,1008.9158935546875,-557.1019287109375,764.4188232421875,-624.8289184570312,844.0804443359375
18.333334289491177,-0.48674526810646057,-2.0117297172546387,1.3427067995071411,-0.3971398174762726,1.5569243431091309,-0.9347583055496216,0.042344797402620316,0.5697500705718994,-0.30720406770706177,0.5060602426528931,-0.08136288821697235,0.49468642473220825,2.26617431640625,-1.928802490234375,-4.3284912109375,-0.8285064697265625,-0.09328079223632812,0.057220458984375,2.26617431640625,-1.928802490234375,-4.3284912109375,-0.8285064697265625,-0.09328079223632812,0.057220458984375,2.26617431640625,-1.928802490234375,-4.3284912109375,-0.8285064697265625,-0.09328079223632812,0.057220458984375
18.350000957027078,-0.48500707745552063,-2.001986265182495,1.33781898021698,-0.3885565400123596,1.5553901195526123,-0.9264082908630371,0.10336314141750336,0.5785744786262512,-0.31201469898223877,0.5112925171852112,-0.09224867820739746,0.5011996030807495,1500.0,740.7450561523438,-392.2021179199219,551.797119140625,-496.86016845703125,594.5968627929688,1500.0,740.7450561523438,-392.2021179199219,551.797119140625,-496.86016845703125,594.5968627929688,1500.0,740.7450561523438,-392.2021179199219,551.797119140625,-496.86016845703125,594.5968627929688
18.36666762456298,-0.4832799434661865,-1.992393970489502,1.3330180644989014,-0.3801116645336151,1.5538769960403442,-0.918194055557251,0.1016405001282692,0.5689794421195984,-0.30721792578697205,0.502845823764801,-0.09073406457901001,0.4929848611354828,2.321014404296875,-1.9693374633789062,-4.264129638671875,-0.8249282836914062,-0.059604644775390625,0.06914138793945312,2.321014404296875,-1.9693374633789062,-4.264129638671875,-0.8249282836914062,-0.059604644775390625,0.06914138793945312,2.321014404296875,-1.9693374633789062,-4.264129638671875,-0.8249282836914062,-0.059604644775390625,0.06914138793945312
18.38333429209888,-0.48054566979408264,-1.9826669692993164,1.328140377998352,-0.3715900778770447,1.5521798133850098,-0.9098855257034302,0.1634007841348648,0.5774660110473633,-0.31147319078445435,0.5076488852500916,-0.10206173360347748,0.49872085452079773,1500.0,726.592529296875,-369.4820556640625,532.2182006835938,-521.0765991210938,561.8536376953125,1500.0,726.592529296875,-369.4820556640625,532.2182006835938,-521.0765991210938,561.8536376953125,1500.0,726.592529296875,-369.4820556640625,532.2182006835938,-521.0765991210938,561.8536376953125
18.40000095963478,-0.4778357148170471,-1.973090648651123,1.3233492374420166,-0.3632052540779114,1.5505050420761108,-0.9017122983932495,0.16069459915161133,0.5678866505622864,-0.30668601393699646,0.4992627799510956,-0.10038647055625916,0.49054718017578125,2.3502197265625,-1.9502639770507812,-4.163970947265625,-0.7677078247070312,-0.08255386352539062,0.07271575927734375,2.3502197265625,-1.9502639770507812,-4.163970947265625,-0.7677078247070312,-0.08255386352539062,0.07271575927734375,2.3502197265625,-1.9502639770507812,-4.163970947265625,-0.7677078247070312,-0.08255386352539062,0.07271575927734375
18.416667627170682,-0.47375303506851196,-1.9632915258407593,1.318443775177002,-0.354684978723526,1.5485655069351196,-0.8933884501457214,0.2451033890247345,0.5817882418632507,-0.3130888044834137,0.5076924562454224,-0.11675336211919785,0.49969029426574707,1500.0,945.9781494140625,-456.5179138183594,677.2470703125,-732.3479614257812,698.7655029296875,1500.0,945.9781494140625,-456.5179138183594,677.2470703125,-732.3479614257812,698.7655029296875,1500.0,945.9781494140625,-456.5179138183594,677.2470703125,-732.3479614257812,698.7655029296875
18.433334294706583,-0.4697052240371704,-1.9536404609680176,1.3136265277862549,-0.34629929065704346,1.5466495752334595,-0.8851987719535828,0.24105799198150635,0.5721346735954285,-0.3082747757434845,0.49930593371391296,-0.11483696848154068,0.4915007948875427,2.5105438232421875,-2.0503997802734375,-4.18780517578125,-0.7510223388671875,-0.0908970832824707,0.08702850341796875,2.5105438232421875,-2.0503997802734375,-4.18780517578125,-0.7510223388671875,-0.0908970832824707,0.08702850341796875,2.5105438232421875,-2.0503997802734375,-4.18780517578125,-0.7510223388671875,-0.0908970832824707,0.08702850341796875
18.450000962242484,-0.46463653445243835,-1.9438709020614624,1.3087542057037354,-0.3378582000732422,1.5445352792739868,-0.8769451975822449,0.3040788471698761,0.5796731114387512,-0.3112485706806183,0.5029242634773254,-0.1271553337574005,0.49541911482810974,1500.0,690.2503662109375,-317.94903564453125,481.6448669433594,-577.4190673828125,486.94732666015625,1500.0,690.2503662109375,-317.94903564453125,481.6448669433594,-577.4190673828125,486.94732666015625,1500.0,690.2503662109375,-317.94903564453125,481.6448669433594,-577.4190673828125,486.94732666015625
18.466667629778385,-0.45962369441986084,-1.9342515468597412,1.3039679527282715,-0.329551100730896,1.5424493551254272,-0.8688257932662964,0.2990681827068329,0.5700501799583435,-0.30646562576293945,0.4946155846118927,-0.12506835162639618,0.48729920387268066,2.552276611328125,-2.0694732666015625,-4.1043701171875,-0.7319488525390625,-0.11265182495117188,0.07152557373046875,2.552276611328125,-2.0694732666015625,-4.1043701171875,-0.7319488525390625,-0.11265182495117188,0.07152557373046875,2.552276611328125,-2.0694732666015625,-4.1043701171875,-0.7319488525390625,-0.11265182495117188,0.07152557373046875
18.483334297314286,-0.4535873532295227,-1.9245213270187378,1.2991348505020142,-0.32119789719581604,1.5401581525802612,-0.8606542944908142,0.3624587059020996,0.5772057771682739,-0.30894574522972107,0.49772703647613525,-0.13780911266803741,0.49052098393440247,1500.0,673.4037475585938,-296.5104675292969,457.9305725097656,-601.4049072265625,455.8145751953125,1500.0,673.4037475585938,-296.5104675292969,457.9305725097656,-601.4049072265625,455.8145751953125,1500.0,673.4037475585938,-296.5104675292969,457.9305725097656,-601.4049072265625,455.8145751953125
18.500000964850187,-0.44761958718299866,-1.9149396419525146,1.294386863708496,-0.3129764497280121,1.5378972291946411,-0.8526153564453125,0.3564920425415039,0.5676206946372986,-0.30420076847076416,0.4895038306713104,-0.13554705679416656,0.48248180747032166,2.578521728515625,-2.028942108154297,-3.981597900390625,-0.6556510925292969,-0.12636184692382812,0.08344650268554688,2.578521728515625,-2.028942108154297,-3.981597900390625,-0.6556510925292969,-0.12636184692382812,0.08344650268554688,2.578521728515625,-2.028942108154297,-3.981597900390625,-0.6556510925292969,-0.12636184692382812,0.08344650268554688
18.51666763238609,-0.4402489960193634,-1.9051682949066162,1.2895632982254028,-0.30466383695602417,1.5353399515151978,-0.8444805145263672,0.4435545802116394,0.5796770453453064,-0.3083174228668213,0.49550122022628784,-0.15395402908325195,0.4883587658405304,1500.0,870.9812622070312,-361.58917236328125,571.7551879882812,-838.6898193359375,560.5709228515625,1500.0,870.9812622070312,-361.58917236328125,571.7551879882812,-838.6898193359375,560.5709228515625,1500.0,870.9812622070312,-361.58917236328125,571.7551879882812,-838.6898193359375,560.5709228515625
18.53333429992199,-0.43295353651046753,-1.8955422639846802,1.2848258018493652,-0.2964787781238556,1.5328136682510376,-0.8364768028259277,0.4362589716911316,0.5700480341911316,-0.30358225107192993,0.48731425404548645,-0.15142664313316345,0.48035508394241333,2.6631317138671875,-2.1266937255859375,-3.980377197265625,-0.644927978515625,-0.11980533599853516,0.09894561767578125,2.6631317138671875,-2.1266937255859375,-3.980377197265625,-0.644927978515625,-0.11980533599853516,0.09894561767578125,2.6631317138671875,-2.1266937255859375,-3.980377197265625,-0.644927978515625,-0.11980533599853516,0.09894561767578125
18.55000096745789,-0.4246358275413513,-1.8858232498168945,1.2800604104995728,-0.28827255964279175,1.5300692319869995,-0.8284472823143005,0.5000011920928955,0.5761584043502808,-0.30493685603141785,0.48906564712524414,-0.16508615016937256,0.4819795787334442,1500.0,631.0343627929688,-248.68011474609375,397.7239074707031,-656.3132934570312,386.2416687011719,1500.0,631.0343627929688,-248.68011474609375,397.7239074707031,-656.3132934570312,386.2416687011719,1500.0,631.0343627929688,-248.68011474609375,397.7239074707031,-656.3132934570312,386.2416687011719
18.56666763499379,-0.41641727089881897,-1.8762516975402832,1.2753775119781494,-0.28019338846206665,1.5273607969284058,-0.8205483555793762,0.49178171157836914,0.566582977771759,-0.3002576529979706,0.48098447918891907,-0.16237637400627136,0.4740801155567169,2.6977081298828125,-2.1409988403320312,-3.880279541015625,-0.5805511474609375,-0.15556812286376953,0.08106231689453125,2.6977081298828125,-2.1409988403320312,-3.880279541015625,-0.5805511474609375,-0.15556812286376953,0.08106231689453125,2.6977081298828125,-2.1409988403320312,-3.880279541015625,-0.5805511474609375,-0.15556812286376953,0.08106231689453125
18.583334302529693,-0.4071796238422394,-1.866594910621643,1.2706743478775024,-0.27210402488708496,1.5244272947311401,-0.8126336336135864,0.5555203557014465,0.5722719430923462,-0.30118826031684875,0.4821552336215973,-0.1764221489429474,0.47511470317840576,1500.0,611.7510986328125,-229.07855224609375,369.8694763183594,-679.3290405273438,358.03912353515625,1500.0,611.7510986328125,-229.07855224609375,369.8694763183594,-679.3290405273438,358.03912353515625,1500.0,611.7510986328125,-229.07855224609375,369.8694763183594,-679.3290405273438,358.03912353515625
18.600000970065594,-0.39805302023887634,-1.8570841550827026,1.2660530805587769,-0.26413866877555847,1.5215325355529785,-0.8048475384712219,0.5463923215866089,0.5627573132514954,-0.2965694069862366,0.4741869568824768,-0.17352552711963654,0.4673278033733368,2.70843505859375,-2.079010009765625,-3.7276611328125,-0.5352497100830078,-0.15795135498046875,0.0667572021484375,2.70843505859375,-2.079010009765625,-3.7276611328125,-0.5352497100830078,-0.15795135498046875,0.0667572021484375,2.70843505859375,-2.079010009765625,-3.7276611328125,-0.5352497100830078,-0.15795135498046875,0.0667572021484375
18.616667637601495,-0.3875214159488678,-1.847419261932373,1.261389970779419,-0.2561338543891907,1.5183131694793701,-0.7970123291015625,0.6343644261360168,0.5727777481079102,-0.2986896336078644,0.47739043831825256,-0.1938197761774063,0.47037631273269653,1500.0,785.2340087890625,-275.0050964355469,447.8406982421875,-940.6912841796875,435.43218994140625,1500.0,785.2340087890625,-275.0050964355469,447.8406982421875,-940.6912841796875,435.43218994140625,1500.0,785.2340087890625,-275.0050964355469,447.8406982421875,-940.6912841796875,435.43218994140625
18.633334305137396,-0.3771041929721832,-1.8378961086273193,1.2568081617355347,-0.24824653565883636,1.5151325464248657,-0.7893034815788269,0.6239430904388428,0.5632506608963013,-0.2941094934940338,0.46950027346611023,-0.19063709676265717,0.46266695857048035,2.6559829711914062,-2.17913818359375,-3.671630859375,-0.4911346435546875,-0.14662742614746094,0.08344268798828125,2.6559829711914062,-2.17913818359375,-3.671630859375,-0.4911346435546875,-0.14662742614746094,0.08344268798828125,2.6559829711914062,-2.17913818359375,-3.671630859375,-0.4911346435546875,-0.14662742614746094,0.08344268798828125
18.650000972673297,-0.36568301916122437,-1.828306794166565,1.2522228956222534,-0.24037733674049377,1.5117155313491821,-0.781601071357727,0.6871330738067627,0.5678197145462036,-0.29409149289131165,0.4691430330276489,-0.20549434423446655,0.46238255500793457,1500.0,564.1698608398438,-186.26214599609375,300.053955078125,-731.151123046875,296.7977600097656,1500.0,564.1698608398438,-186.26214599609375,300.053955078125,-731.151123046875,296.7977600097656,1500.0,564.1698608398438,-186.26214599609375,300.053955078125,-731.151123046875,296.7977600097656
18.666667640209198,-0.354403018951416,-1.818861484527588,1.2477158308029175,-0.23262560367584229,1.5083436965942383,-0.7740235924720764,0.6758491396903992,0.5583696961402893,-0.2895873188972473,0.46138840913772583,-0.20212028920650482,0.454804390668869,2.6786346435546875,-2.1648406982421875,-3.571502685546875,-0.42438507080078125,-0.1806020736694336,0.07748794555664062,2.6786346435546875,-2.1648406982421875,-3.571502685546875,-0.42438507080078125,-0.1806020736694336,0.07748794555664062,2.6786346435546875,-2.1648406982421875,-3.571502685546875,-0.42438507080078125,-0.1806020736694336,0.07748794555664062
18.6833343077451,-0.34212779998779297,-1.8093581199645996,1.243210792541504,-0.22490455210208893,1.5047314167022705,-0.7664598822593689,0.738667905330658,0.5624901652336121,-0.2892239987850189,0.46037939190864563,-0.21731358766555786,0.4540581703186035,1500.0,542.8504638671875,-169.08050537109375,268.1285095214844,-752.47705078125,272.7699279785156,1500.0,542.8504638671875,-169.08050537109375,268.1285095214844,-752.47705078125,272.7699279785156,1500.0,542.8504638671875,-169.08050537109375,268.1285095214844,-752.47705078125,272.7699279785156
18.700000975281,-0.33000507950782776,-1.799997091293335,1.238782286643982,-0.21729695796966553,1.5011651515960693,-0.7590190172195435,0.7265409231185913,0.5531243681907654,-0.2847979962825775,0.45276787877082825,-0.21374619007110596,0.4466167390346527,2.68341064453125,-2.1028518676757812,-3.411773681640625,-0.3528594970703125,-0.25391578674316406,0.07033348083496094,2.68341064453125,-2.1028518676757812,-3.411773681640625,-0.3528594970703125,-0.25391578674316406,0.07033348083496094,2.68341064453125,-2.1028518676757812,-3.411773681640625,-0.3528594970703125,-0.25391578674316406,0.07033348083496094
18.7166676428169,-0.3165011703968048,-1.7905194759368896,1.2343417406082153,-0.20970861613750458,1.4972498416900635,-0.7515671849250793,0.8136916756629944,0.5609607100486755,-0.2852509915828705,0.4528358280658722,-0.2357078194618225,0.44738394021987915,1500.0,690.3743896484375,-199.046142578125,305.90533447265625,-1035.246826171875,328.83404541015625,1500.0,690.3743896484375,-199.046142578125,305.90533447265625,-1035.246826171875,328.83404541015625,1500.0,690.3743896484375,-199.046142578125,305.90533447265625,-1035.246826171875,328.83404541015625
18.733334310352802,-0.30315011739730835,-1.7811795473098755,1.2299762964248657,-0.2022245228290558,1.4933815002441406,-0.7442353367805481,0.8003336787223816,0.551616370677948,-0.2808871865272522,0.44534772634506226,-0.23183687031269073,0.44005176424980164,2.5069713592529297,-2.1839141845703125,-3.304473876953125,-0.34630584716796875,-0.16927719116210938,0.07271575927734375,2.5069713592529297,-2.1839141845703125,-3.304473876953125,-0.34630584716796875,-0.16927719116210938,0.07271575927734375,2.5069713592529297,-2.1839141845703125,-3.304473876953125,-0.34630584716796875,-0.16927719116210938,0.07271575927734375
18.750000977888703,-0.2888316512107849,-1.7718007564544678,1.225626826286316,-0.1948026716709137,1.4892629384994507,-0.7369338870048523,0.8617319464683533,0.5545651912689209,-0.27976560592651367,0.4426577687263489,-0.2477017641067505,0.4383131265640259,1500.0,490.95867919921875,-132.31878662109375,189.021240234375,-799.56591796875,222.59593200683594,1500.0,490.95867919921875,-132.31878662109375,189.021240234375,-799.56591796875,222.59593200683594,1500.0,490.95867919921875,-132.31878662109375,189.021240234375,-799.56591796875,222.59593200683594
18.766667645424604,-0.27469515800476074,-1.76256263256073,1.2213495969772339,-0.1874857395887375,1.4851986169815063,-0.7297510504722595,0.8475879430770874,0.5453215837478638,-0.27549102902412415,0.43533629179000854,-0.2436341792345047,0.43113023042678833,2.5296249389648438,-2.1457672119140625,-3.203155517578125,-0.25450897216796875,-0.2276897430419922,0.08344650268554688,2.5296249389648438,-2.1457672119140625,-3.203155517578125,-0.25450897216796875,-0.2276897430419922,0.08344650268554688,2.5296249389648438,-2.1457672119140625,-3.203155517578125,-0.25450897216796875,-0.2276897430419922,0.08344650268554688
18.783334312960505,-0.25960472226142883,-1.753293514251709,1.2170931100845337,-0.18024490773677826,1.4808787107467651,-0.722603976726532,0.908266007900238,0.5478053092956543,-0.2741078734397888,0.43193137645721436,-0.2597726881504059,0.42907804250717163,1500.0,468.05145263671875,-117.97311401367188,153.27394104003906,-818.5833740234375,203.8538360595703,1500.0,468.05145263671875,-117.97311401367188,153.27394104003906,-818.5833740234375,203.8538360595703,1500.0,468.05145263671875,-117.97311401367188,153.27394104003906,-818.5833740234375,203.8538360595703
18.800000980496407,-0.2447073757648468,-1.7441630363464355,1.2129067182540894,-0.17310409247875214,1.4766160249710083,-0.715572714805603,0.893360435962677,0.5386692881584167,-0.2699240446090698,0.42478519678115845,-0.2555062770843506,0.4220457971096039,2.5045928955078125,-2.0623207092285156,-3.03985595703125,-0.1627206802368164,-0.2467632293701172,0.05841255187988281,2.5045928955078125,-2.0623207092285156,-3.03985595703125,-0.1627206802368164,-0.2467632293701172,0.05841255187988281,2.5045928955078125,-2.0623207092285156,-3.03985595703125,-0.1627206802368164,-0.2467632293701172,0.05841255187988281
18.816667648032308,-0.2284763753414154,-1.7349531650543213,1.208731770515442,-0.16604788601398468,1.4719841480255127,-0.7085577249526978,0.9780135154724121,0.5442219376564026,-0.2690654397010803,0.4214046001434326,-0.2788529098033905,0.4211721420288086,1500.0,588.3502807617188,-135.57318115234375,146.83248901367188,-1119.351318359375,245.72251892089844,1500.0,588.3502807617188,-135.57318115234375,146.83248901367188,-1119.351318359375,245.72251892089844,1500.0,588.3502807617188,-135.57318115234375,146.83248901367188,-1119.351318359375,245.72251892089844
18.83333431556821,-0.21243666112422943,-1.725877285003662,1.204624891281128,-0.15907935798168182,1.4674081802368164,-0.7016556859016418,0.9619640111923218,0.5351406931877136,-0.26496022939682007,0.41443002223968506,-0.27427300810813904,0.4142703413963318,2.267955780029297,-2.1505355834960938,-2.91943359375,-0.191925048828125,-0.21099853515625,0.0691375732421875,2.267955780029297,-2.1505355834960938,-2.91943359375,-0.191925048828125,-0.21099853515625,0.0691375732421875,2.267955780029297,-2.1505355834960938,-2.91943359375,-0.191925048828125,-0.21099853515625,0.0691375732421875
18.85000098310411,-0.1954822838306427,-1.7167894840240479,1.2005492448806763,-0.15222135186195374,1.4625697135925293,-0.694799542427063,1.020400047302246,0.5364283323287964,-0.26301810145378113,0.40921148657798767,-0.2909144163131714,0.4115917682647705,1500.0,412.933837890625,-88.15283203125,65.49298095703125,-859.4215087890625,167.15289306640625,1500.0,412.933837890625,-88.15283203125,65.49298095703125,-859.4215087890625,167.15289306640625,1500.0,412.933837890625,-88.15283203125,65.49298095703125,-859.4215087890625,167.15289306640625
18.86666765064001,-0.1787494719028473,-1.7078380584716797,1.1965391635894775,-0.1454528123140335,1.457795262336731,-0.6880548000335693,1.0036566257476807,0.5274710655212402,-0.2590106725692749,0.40243640542030334,-0.2861359715461731,0.4048463702201843,2.241729736328125,-2.0837783813476562,-2.812164306640625,-0.0858306884765625,-0.22649765014648438,0.05007171630859375,2.241729736328125,-2.0837783813476562,-2.812164306640625,-0.0858306884765625,-0.22649765014648438,0.05007171630859375,2.241729736328125,-2.0837783813476562,-2.812164306640625,-0.0858306884765625,-0.22649765014648438,0.05007171630859375
18.883334318175912,-0.16111989319324493,-1.698883056640625,1.1925636529922485,-0.13880987465381622,1.4527558088302612,-0.6813584566116333,1.0610454082489014,0.5282876491546631,-0.25689202547073364,0.3964484632015228,-0.30297502875328064,0.40201467275619507,1500.0,388.8916931152344,-76.91796875,26.219482421875,-875.3800048828125,154.65377807617188,1500.0,388.8916931152344,-76.91796875,26.219482421875,-875.3800048828125,154.65377807617188,1500.0,388.8916931152344,-76.91796875,26.219482421875,-875.3800048828125,154.65377807617188
18.900000985711813,-0.1437222808599472,-1.690062165260315,1.18865168094635,-0.1322506219148636,1.4477832317352295,-0.6747710108757019,1.0436370372772217,0.519461452960968,-0.2529820501804352,0.3898817300796509,-0.2979978919029236,0.3954266607761383,2.213134765625,-1.9717216491699219,-2.643463134765625,0.019669532775878906,-0.2396106719970703,0.06794929504394531,2.213134765625,-1.9717216491699219,-2.643463134765625,0.019669532775878906,-0.2396106719970703,0.06794929504394531,2.213134765625,-1.9717216491699219,-2.643463134765625,0.019669532775878906,-0.2396106719970703,0.06794929504394531
18.916667653247714,-0.12506090104579926,-1.6811994314193726,1.1847689151763916,-0.12584686279296875,1.4424259662628174,-0.6682148575782776,1.124210000038147,0.5226820707321167,-0.25118488073349,0.38278093934059143,-0.32238835096359253,0.393624871969223,1500.0,481.271728515625,-85.9630126953125,-27.937591552734375,-1190.1092529296875,190.2282257080078,1500.0,481.271728515625,-85.9630126953125,-27.937591552734375,-1190.1092529296875,190.2282257080078,1500.0,481.271728515625,-85.9630126953125,-27.937591552734375,-1190.1092529296875,190.2282257080078
18.933334320783615,-0.10662830621004105,-1.6724663972854614,1.1809468269348145,-0.11951123178005219,1.437135100364685,-0.6617645621299744,1.1057653427124023,0.5139436721801758,-0.2473641335964203,0.3764367997646332,-0.31709301471710205,0.38717377185821533,1.918670654296875,-2.0623245239257812,-2.53912353515625,-0.05632781982421875,-0.2002716064453125,0.05364227294921875,1.918670654296875,-2.0623245239257812,-2.53912353515625,-0.05632781982421875,-0.2002716064453125,0.05364227294921875,1.918670654296875,-2.0623245239257812,-2.53912353515625,-0.05632781982421875,-0.2002716064453125,0.05364227294921875
18.950000988319516,-0.0873488262295723,-1.663748025894165,1.1771656274795532,-0.1133376881480217,1.4315749406814575,-0.6553669571876526,1.1601585149765015,0.5135682821273804,-0.24488934874534607,0.3685285449028015,-0.3342408835887909,0.3841096758842468,1500.0,331.7308349609375,-54.6580810546875,-69.34823608398438,-908.539306640625,133.4202423095703,1500.0,331.7308349609375,-54.6580810546875,-69.34823608398438,-908.539306640625,133.4202423095703,1500.0,331.7308349609375,-54.6580810546875,-69.34823608398438,-908.539306640625,133.4202423095703
18.966667655855417,-0.06832829117774963,-1.6551614999771118,1.17344331741333,-0.1072356179356575,1.4260891675949097,-0.6490728855133057,1.1411250829696655,0.5049759745597839,-0.2411688268184662,0.36241647601127625,-0.32875046133995056,0.37781548500061035,1.9094352722167969,-1.9884109497070312,-2.4014892578125,0.04022979736328125,-0.2181529998779297,0.07987213134765625,1.9094352722167969,-1.9884109497070312,-2.4014892578125,0.04022979736328125,-0.2181529998779297,0.07987213134765625,1.9094352722167969,-1.9884109497070312,-2.4014892578125,0.04022979736328125,-0.2181529998779297,0.07987213134765625
18.98333432339132,-0.048482783138751984,-1.646596908569336,1.1697642803192139,-0.10131150484085083,1.4203323125839233,-0.6428306698799133,1.1941760778427124,0.5041351914405823,-0.23860108852386475,0.35369595885276794,-0.34601128101348877,0.37476837635040283,1500.0,307.0640563964844,-46.72052001953125,-111.69046020507812,-920.9478149414062,127.85910034179688,1500.0,307.0640563964844,-46.72052001953125,-111.69046020507812,-920.9478149414062,127.85910034179688,1500.0,307.0640563964844,-46.72052001953125,-111.69046020507812,-920.9478149414062,127.85910034179688
19.00000099092722,-0.028905820101499557,-1.6381620168685913,1.1661418676376343,-0.09545235335826874,1.4146534204483032,-0.6366899013519287,1.1745855808258057,0.49569469690322876,-0.23498095571994781,0.3478267192840576,-0.34032654762268066,0.36862704157829285,1.9168701171875,-1.888275146484375,-2.2685546875,0.16570091247558594,-0.24080276489257812,0.054836273193359375,1.9168701171875,-1.888275146484375,-2.2685546875,0.16570091247558594,-0.24080276489257812,0.054836273193359375,1.9168701171875,-1.888275146484375,-2.2685546875,0.16570091247558594,-0.24080276489257812,0.054836273193359375
19.01666765846312,-0.008155263029038906,-1.6297216415405273,1.1625603437423706,-0.08982359617948532,1.4085801839828491,-0.6305833458900452,1.249627709388733,0.49659058451652527,-0.23262089490890503,0.3367852568626404,-0.36537569761276245,0.36665937304496765,1500.0,371.4704284667969,-51.011474609375,-216.4620361328125,-1245.1016845703125,165.5972137451172,1500.0,371.4704284667969,-51.011474609375,-216.4620361328125,-1245.1016845703125,165.5972137451172,1500.0,371.4704284667969,-51.011474609375,-216.4620361328125,-1245.1016845703125,165.5972137451172
19.03333432599902,0.012330849654972553,-1.62140691280365,1.159031867980957,-0.08424101769924164,1.4025830030441284,-0.6245754361152649,1.229127049446106,0.4882701337337494,-0.22909337282180786,0.3311913013458252,-0.35937419533729553,0.3606504201889038,1.586090087890625,-1.9800643920898438,-2.15289306640625,0.04619598388671875,-0.20623016357421875,0.0417327880859375,1.586090087890625,-1.9800643920898438,-2.15289306640625,0.04619598388671875,-0.20623016357421875,0.0417327880859375,1.586090087890625,-1.9800643920898438,-2.15289306640625,0.04619598388671875,-0.20623016357421875,0.0417327880859375
19.050000993534923,0.033582653850317,-1.6131315231323242,1.1555507183074951,-0.07887419313192368,1.3963139057159424,-0.6186167001724243,1.2785156965255737,0.486270010471344,-0.22636759281158447,0.3204728662967682,-0.3767299950122833,0.35777756571769714,1500.0,249.1021270751953,-32.28369140625,-213.9058837890625,-945.21044921875,123.48771667480469,1500.0,249.1021270751953,-32.28369140625,-213.9058837890625,-945.21044921875,123.48771667480469,1500.0,249.1021270751953,-32.28369140625,-213.9058837890625,-945.21044921875,123.48771667480469
19.066667661070824,0.054541345685720444,-1.604982852935791,1.152121663093567,-0.07355863600969315,1.3901301622390747,-0.6127543449401855,1.2575432062149048,0.4781152904033661,-0.2229403257369995,0.315144419670105,-0.37054115533828735,0.3519148528575897,1.6058979034423828,-1.9085407257080078,-2.06890869140625,0.15855026245117188,-0.21457672119140625,0.05245208740234375,1.6058979034423828,-1.9085407257080078,-2.06890869140625,0.15855026245117188,-0.21457672119140625,0.05245208740234375,1.6058979034423828,-1.9085407257080078,-2.06890869140625,0.15855026245117188,-0.21457672119140625,0.05245208740234375
19.083334328606725,0.0762401893734932,-1.5968807935714722,1.1487399339675903,-0.0684751495718956,1.383674144744873,-0.6069377660751343,1.3053330183029175,0.47566741704940796,-0.22020438313484192,0.3035842180252075,-0.3879195749759674,0.3492313325405121,1500.0,224.36260986328125,-27.761474609375,-258.76727294921875,-953.602783203125,125.36405944824219,1500.0,224.36260986328125,-27.761474609375,-258.76727294921875,-953.602783203125,125.36405944824219,1500.0,224.36260986328125,-27.761474609375,-258.76727294921875,-953.602783203125,125.36405944824219
19.100000996142626,0.09763754904270172,-1.5889036655426025,1.145407795906067,-0.06343596428632736,1.3773071765899658,-0.6012157797813416,1.283920168876648,0.46768444776535034,-0.2168743759393692,0.29853126406669617,-0.38154613971710205,0.3435085415840149,1.6027679443359375,-1.8048248291015625,-1.92999267578125,0.3013019561767578,-0.22530555725097656,0.04172515869140625,1.6027679443359375,-1.8048248291015625,-1.92999267578125,0.3013019561767578,-0.22530555725097656,0.04172515869140625,1.6027679443359375,-1.8048248291015625,-1.92999267578125,0.3013019561767578,-0.22530555725097656,0.04172515869140625
19.116667663678527,0.12009962648153305,-1.5809556245803833,1.1421228647232056,-0.0587044283747673,1.3705424070358276,-0.5955173373222351,1.3521418571472168,0.46631667017936707,-0.2143201231956482,0.28339141607284546,-0.4068301320075989,0.3421606719493866,1500.0,261.3520812988281,-31.08203125,-416.2187805175781,-1282.1435546875,174.05271911621094,1500.0,261.3520812988281,-31.08203125,-416.2187805175781,-1282.1435546875,174.05271911621094,1500.0,261.3520812988281,-31.08203125,-416.2187805175781,-1282.1435546875,174.05271911621094
19.133334331214428,0.1422649472951889,-1.5731284618377686,1.1388832330703735,-0.05399544537067413,1.363864779472351,-0.5899109244346619,1.329959511756897,0.4584842026233673,-0.21108151972293854,0.27866724133491516,-0.4001474678516388,0.33655333518981934,1.2275543212890625,-1.8584728240966797,-1.85491943359375,0.1136932373046875,-0.193115234375,0.0298004150390625,1.2275543212890625,-1.8584728240966797,-1.85491943359375,0.1136932373046875,-0.193115234375,0.0298004150390625,1.2275543212890625,-1.8584728240966797,-1.85491943359375,0.1136932373046875,-0.193115234375,0.0298004150390625
19.15000099875033,0.16510289907455444,-1.5653634071350098,1.1356924772262573,-0.04955664649605751,1.3569166660308838,-0.5843411087989807,1.373518466949463,0.4549371004104614,-0.20837648212909698,0.2650676667690277,-0.41739439964294434,0.3344503939151764,1500.0,166.88941955566406,-21.2001953125,-366.1712951660156,-967.997314453125,138.73696899414062,1500.0,166.88941955566406,-21.2001953125,-366.1712951660156,-967.997314453125,138.73696899414062,1500.0,166.88941955566406,-21.2001953125,-366.1712951660156,-967.997314453125,138.73696899414062
19.16666766628623,0.18761789798736572,-1.5577201843261719,1.1325464248657227,-0.04514734074473381,1.3500655889511108,-0.5788614153862,1.3509880304336548,0.44728797674179077,-0.205232635140419,0.26064205169677734,-0.4105373024940491,0.3289707899093628,1.3053436279296875,-1.8286705017089844,-1.771484375,0.25972747802734375,-0.19550323486328125,0.06198883056640625,1.3053436279296875,-1.8286705017089844,-1.771484375,0.25972747802734375,-0.19550323486328125,0.06198883056640625,1.3053436279296875,-1.8286705017089844,-1.771484375,0.25972747802734375,-0.19550323486328125,0.06198883056640625
19.18333433382213,0.21077698469161987,-1.5501459836959839,1.1294487714767456,-0.04102456197142601,1.3429452180862427,-0.5734118819236755,1.3927348852157593,0.44332221150398254,-0.20259331166744232,0.24618636071681976,-0.4277105927467346,0.3272280693054199,1500.0,142.60769653320312,-19.99261474609375,-412.893310546875,-971.975341796875,148.31541442871094,1500.0,142.60769653320312,-19.99261474609375,-412.893310546875,-971.975341796875,148.31541442871094,1500.0,142.60769653320312,-19.99261474609375,-412.893310546875,-971.975341796875,148.31541442871094
19.200001001358032,0.2336062490940094,-1.542690396308899,1.1263941526412964,-0.03692398965358734,1.3359249830245972,-0.5680508613586426,1.3698896169662476,0.4358614981174469,-0.1995403915643692,0.2420681267976761,-0.4206841289997101,0.32186609506607056,1.3208389282226562,-1.7297286987304688,-1.659423828125,0.42319297790527344,-0.2288818359375,0.04291534423828125,1.3208389282226562,-1.7297286987304688,-1.659423828125,0.42319297790527344,-0.2288818359375,0.04291534423828125,1.3208389282226562,-1.7297286987304688,-1.659423828125,0.42319297790527344,-0.2288818359375,0.04291534423828125
19.216667668893933,0.257375031709671,-1.5352962017059326,1.123386263847351,-0.03320874646306038,1.3285088539123535,-0.5626897215843201,1.4301855564117432,0.432344913482666,-0.19714267551898956,0.2227417677640915,-0.4457555413246155,0.3219211995601654,1500.0,153.31982421875,-26.00494384765625,-624.2993774414062,-1299.61962890625,216.67837524414062,1500.0,153.31982421875,-26.00494384765625,-624.2993774414062,-1299.61962890625,216.67837524414062,1500.0,153.31982421875,-26.00494384765625,-624.2993774414062,-1299.61962890625,216.67837524414062
19.233334336429834,0.2808191478252411,-1.5280178785324097,1.1204167604446411,-0.02949151024222374,1.3211922645568848,-0.557415246963501,1.4067248106002808,0.4250617027282715,-0.19417445361614227,0.21900507807731628,-0.4384322762489319,0.31664595007896423,1.00372314453125,-1.7845630645751953,-1.5980224609375,0.14528656005859375,-0.11801910400390625,0.028594970703125,1.00372314453125,-1.7845630645751953,-1.5980224609375,0.14528656005859375,-0.11801910400390625,0.028594970703125,1.00372314453125,-1.7845630645751953,-1.5980224609375,0.14528656005859375,-0.11801910400390625,0.028594970703125
19.250001003965735,0.3048332929611206,-1.5208231210708618,1.1174930334091187,-0.02609817497432232,1.3136117458343506,-0.5521546602249146,1.4437814950942993,0.4200824201107025,-0.19174037873744965,0.20250757038593292,-0.4552411437034607,0.31587663292884827,1500.0,86.88091278076172,-21.09588623046875,-523.8523559570312,-975.7363891601562,179.6817626953125,1500.0,86.88091278076172,-21.09588623046875,-523.8523559570312,-975.7363891601562,179.6817626953125,1500.0,86.88091278076172,-21.09588623046875,-523.8523559570312,-975.7363891601562,179.6817626953125
19.266667671501637,0.32849982380867004,-1.5137436389923096,1.1146090030670166,-0.022711630910634995,1.306139588356018,-0.5469794273376465,1.4200985431671143,0.412997841835022,-0.18885718286037445,0.19909988343715668,-0.4477618932723999,0.3107006251811981,1.0359268188476562,-1.7380752563476562,-1.509765625,0.3144874572753906,-0.1609344482421875,0.03099822998046875,1.0359268188476562,-1.7380752563476562,-1.509765625,0.3144874572753906,-0.1609344482421875,0.03099822998046875,1.0359268188476562,-1.7380752563476562,-1.509765625,0.3144874572753906,-0.1609344482421875,0.03099822998046875
19.283334339037538,0.35270509123802185,-1.5067534446716309,1.111769437789917,-0.01966487430036068,1.2984061241149902,-0.5418089628219604,1.4551759958267212,0.4076400697231293,-0.1865592747926712,0.18174941837787628,-0.46440017223358154,0.3104533851146698,1500.0,63.623191833496094,-23.123046875,-571.6495361328125,-975.0831298828125,196.94686889648438,1500.0,63.623191833496094,-23.123046875,-571.6495361328125,-975.0831298828125,196.94686889648438,1500.0,63.623191833496094,-23.123046875,-571.6495361328125,-975.0831298828125,196.94686889648438
19.30000100657344,0.3765578866004944,-1.4998762607574463,1.1089667081832886,-0.01661752350628376,1.2907835245132446,-0.5367229580879211,1.431306004524231,0.40075773000717163,-0.18375840783119202,0.17867957055568695,-0.45677080750465393,0.3053668439388275,1.0955352783203125,-1.6736907958984375,-1.45672607421875,0.49881744384765625,-0.21338462829589844,0.017879486083984375,1.0955352783203125,-1.6736907958984375,-1.45672607421875,0.49881744384765625,-0.21338462829589844,0.017879486083984375,1.0955352783203125,-1.6736907958984375,-1.45672607421875,0.49881744384765625,-0.21338462829589844,0.017879486083984375
19.31666767410934,0.4012112319469452,-1.493088722229004,1.106205701828003,-0.014031496830284595,1.2827751636505127,-0.5316005945205688,1.4827851057052612,0.39526042342185974,-0.18183915317058563,0.15515515208244324,-0.48117002844810486,0.3075766861438751,1500.0,49.86286926269531,-35.08447265625,-837.3639526367188,-1296.426025390625,293.2953796386719,1500.0,49.86286926269531,-35.08447265625,-837.3639526367188,-1296.426025390625,293.2953796386719,1500.0,49.86286926269531,-35.08447265625,-837.3639526367188,-1296.426025390625,293.2953796386719
19.33333434164524,0.425517737865448,-1.486411452293396,1.103476643562317,-0.011418900452554226,1.2748769521713257,-0.5265614986419678,1.458460807800293,0.3885788917541504,-0.1791115403175354,0.15251889824867249,-0.47326603531837463,0.30253639817237854,0.73907470703125,-1.7464141845703125,-1.4144287109375,0.17169952392578125,-0.1227874755859375,0.0071563720703125,0.73907470703125,-1.7464141845703125,-1.4144287109375,0.17169952392578125,-0.1227874755859375,0.0071563720703125,0.73907470703125,-1.7464141845703125,-1.4144287109375,0.17169952392578125,-0.1227874755859375,0.0071563720703125
19.350001009181142,0.4502836763858795,-1.479836344718933,1.1007872819900513,-0.009181621484458447,1.2667263746261597,-0.5215051770210266,1.488505244255066,0.38231801986694336,-0.17717361450195312,0.1331639438867569,-0.48930585384368896,0.30362725257873535,1500.0,10.856399536132812,-31.3973388671875,-684.33056640625,-967.7589111328125,245.9239959716797,1500.0,10.856399536132812,-31.3973388671875,-684.33056640625,-967.7589111328125,245.9239959716797,1500.0,10.856399536132812,-31.3973388671875,-684.33056640625,-967.7589111328125,245.9239959716797
19.366667676717043,0.474683552980423,-1.4733697175979614,1.0981322526931763,-0.006928179878741503,1.2586947679519653,-0.5165309906005859,1.464089035987854,0.3758465051651001,-0.1745193749666214,0.1308857798576355,-0.48126763105392456,0.29865244030952454,0.853546142578125,-1.7130355834960938,-1.33990478515625,0.37640380859375,-0.1430511474609375,0.03694915771484375,0.853546142578125,-1.7130355834960938,-1.33990478515625,0.37640380859375,-0.1430511474609375,0.03694915771484375,0.853546142578125,-1.7130355834960938,-1.33990478515625,0.37640380859375,-0.1430511474609375,0.03694915771484375
19.383334344252944,0.49950987100601196,-1.4670096635818481,1.095514178276062,-0.00506497360765934,1.2504147291183472,-0.5115281939506531,1.4920374155044556,0.3692569136619568,-0.1727786362171173,0.11069756746292114,-0.4970408082008362,0.3004130423069,1500.0,-10.848045349121094,-36.39044189453125,-732.4105834960938,-962.3146362304688,270.5621643066406,1500.0,-10.848045349121094,-36.39044189453125,-732.4105834960938,-962.3146362304688,270.5621643066406,1500.0,-10.848045349121094,-36.39044189453125,-732.4105834960938,-962.3146362304688,270.5621643066406
19.400001011788845,0.5239673256874084,-1.460755705833435,1.092928409576416,-0.003178363898769021,1.24225652217865,-0.5066067576408386,1.4675624370574951,0.3629981577396393,-0.17019377648830414,0.10878439247608185,-0.4888751804828644,0.29549121856689453,0.9191036224365234,-1.666534423828125,-1.2969970703125,0.5896205902099609,-0.18596649169921875,0.026226043701171875,0.9191036224365234,-1.666534423828125,-1.2969970703125,0.5896205902099609,-0.18596649169921875,0.026226043701171875,0.9191036224365234,-1.666534423828125,-1.2969970703125,0.5896205902099609,-0.18596649169921875,0.026226043701171875
19.416667679324746,0.5490759611129761,-1.4546165466308594,1.0903741121292114,-0.00182517955545336,1.233728289604187,-0.5016019940376282,1.5095491409301758,0.355732262134552,-0.16903895139694214,0.0811331570148468,-0.5121445059776306,0.30055248737335205,1500.0,-46.81230163574219,-57.27410888671875,-1051.736083984375,-1271.992919921875,402.66754150390625,1500.0,-46.81230163574219,-57.27410888671875,-1051.736083984375,-1271.992919921875,402.66754150390625,1500.0,-46.81230163574219,-57.27410888671875,-1051.736083984375,-1271.992919921875,402.66754150390625
19.433334346860647,0.5738217234611511,-1.4485819339752197,1.0878466367721558,-0.00042175990529358387,1.225321650505066,-0.49667835235595703,1.4847862720489502,0.34969377517700195,-0.16651253402233124,0.07970216870307922,-0.5037310719490051,0.29562801122665405,0.61273193359375,-1.7428359985351562,-1.295166015625,0.18596649169921875,-0.0905914306640625,0.0262298583984375,0.61273193359375,-1.7428359985351562,-1.295166015625,0.18596649169921875,-0.0905914306640625,0.0262298583984375,0.61273193359375,-1.7428359985351562,-1.295166015625,0.18596649169921875,-0.0905914306640625,0.0262298583984375
19.45000101439655,0.5989108681678772,-1.442664623260498,1.085349678993225,0.0005588863277807832,1.216679334640503,-0.4916982054710388,1.5074809789657593,0.342332661151886,-0.16526451706886292,0.05759153515100479,-0.5186815857887268,0.2990512251853943,1500.0,-59.472320556640625,-51.20989990234375,-844.7879028320312,-943.8634033203125,336.14874267578125,1500.0,-59.472320556640625,-51.20989990234375,-844.7879028320312,-943.8634033203125,336.14874267578125,1500.0,-59.472320556640625,-51.20989990234375,-844.7879028320312,-943.8634033203125,336.14874267578125
19.46666768193245,0.6236222982406616,-1.4368488788604736,1.0828816890716553,0.001578162657096982,1.2081654071807861,-0.48679912090301514,1.4827529191970825,0.33651259541511536,-0.1627974659204483,0.056542590260505676,-0.5101613998413086,0.2941513955593109,0.700958251953125,-1.7201919555664062,-1.2523193359375,0.4116172790527344,-0.15020751953125,0.01430511474609375,0.700958251953125,-1.7201919555664062,-1.2523193359375,0.4116172790527344,-0.15020751953125,0.01430511474609375,0.700958251953125,-1.7201919555664062,-1.2523193359375,0.4116172790527344,-0.15020751953125,0.01430511474609375
19.48333434946835,0.6486433148384094,-1.4311538934707642,1.0804413557052612,0.0021612043492496014,1.1994208097457886,-0.4818304479122162,1.5032836198806763,0.32888028025627136,-0.1617964506149292,0.03363744542002678,-0.5247527956962585,0.2983711361885071,1500.0,-79.17761993408203,-58.813720703125,-892.2123413085938,-933.6304931640625,367.5675354003906,1500.0,-79.17761993408203,-58.813720703125,-892.2123413085938,-933.6304931640625,367.5675354003906,1500.0,-79.17761993408203,-58.813720703125,-892.2123413085938,-933.6304931640625,367.5675354003906
19.50000101700425,0.6732856035232544,-1.425557017326355,1.0780287981033325,0.0027897381223738194,1.1908072233200073,-0.4769427478313446,1.478626012802124,0.32328006625175476,-0.15938468277454376,0.032977987080812454,-0.5161325335502625,0.2934829890727997,0.8130073547363281,-1.6844329833984375,-1.240966796875,0.6717910766601562,-0.19073486328125,0.0309906005859375,0.8130073547363281,-1.6844329833984375,-1.240966796875,0.6717910766601562,-0.19073486328125,0.0309906005859375,0.8130073547363281,-1.6844329833984375,-1.240966796875,0.6717910766601562,-0.19073486328125,0.0309906005859375
19.516667684540153,0.6984224319458008,-1.4200963973999023,1.0756338834762573,0.002818894339725375,1.181847333908081,-0.4719134271144867,1.510675311088562,0.314500093460083,-0.15923655033111572,0.0013574245385825634,-0.5378308892250061,0.3020087480545044,1500.0,-134.57655334472656,-91.11407470703125,-1263.4630126953125,-1226.367919921875,542.2330322265625,1500.0,-134.57655334472656,-91.11407470703125,-1263.4630126953125,-1226.367919921875,542.2330322265625,1500.0,-134.57655334472656,-91.11407470703125,-1263.4630126953125,-1226.367919921875,542.2330322265625
19.533334352076054,0.7231873273849487,-1.41473388671875,1.0732613801956177,0.0029201244469732046,1.1730191707611084,-0.4669659435749054,1.4858946800231934,0.3091335594654083,-0.1568644940853119,0.001224287087097764,-0.5289948582649231,0.2970607578754425,0.54595947265625,-1.8024444580078125,-1.2427978515625,0.19321060180664062,-0.03814697265625,0.0298004150390625,0.54595947265625,-1.8024444580078125,-1.2427978515625,0.19321060180664062,-0.03814697265625,0.0298004150390625,0.54595947265625,-1.8024444580078125,-1.2427978515625,0.19321060180664062,-0.03814697265625,0.0298004150390625
19.550001019611955,0.7481771111488342,-1.409500241279602,1.0709075927734375,0.0025567032862454653,1.1639763116836548,-0.46191632747650146,1.501071572303772,0.3008798360824585,-0.15646301209926605,-0.023478500545024872,-0.5425536036491394,0.30321362614631653,1500.0,-122.60436248779297,-79.3421630859375,-1002.188720703125,-904.185791015625,448.1268005371094,1500.0,-122.60436248779297,-79.3421630859375,-1002.188720703125,-904.185791015625,448.1268005371094,1500.0,-122.60436248779297,-79.3421630859375,-1002.188720703125,-904.185791015625,448.1268005371094
19.566667687147856,0.7727841138839722,-1.4043604135513306,1.0685795545578003,0.0022531927097588778,1.1550706624984741,-0.4569492042064667,1.4764493703842163,0.2957362234592438,-0.154135599732399,-0.02320875972509384,-0.5336401462554932,0.2982461154460907,0.6461029052734375,-1.8012542724609375,-1.24993896484375,0.4596080780029297,-0.1215972900390625,0.0274200439453125,0.6461029052734375,-1.8012542724609375,-1.24993896484375,0.4596080780029297,-0.1215972900390625,0.0274200439453125,0.6461029052734375,-1.8012542724609375,-1.24993896484375,0.4596080780029297,-0.1215972900390625,0.0274200439453125
19.583334354683757,0.7975819110870361,-1.399351954460144,1.0662661790847778,0.0014735086588189006,1.1459561586380005,-0.45186495780944824,1.4894461631774902,0.2872750759124756,-0.1540205478668213,-0.04864965379238129,-0.5467560887336731,0.30529913306236267,1500.0,-139.91714477539062,-89.19415283203125,-1048.0670166015625,-889.3775634765625,485.5299072265625,1500.0,-139.91714477539062,-89.19415283203125,-1048.0670166015625,-889.3775634765625,485.5299072265625,1500.0,-139.91714477539062,-89.19415283203125,-1048.0670166015625,-889.3775634765625,485.5299072265625
19.600001022219658,0.8219980597496033,-1.3944342136383057,1.063976764678955,0.0007600049139000475,1.1369816064834595,-0.4468638300895691,1.4650143384933472,0.2823541462421417,-0.1517324149608612,-0.047971248626708984,-0.5377736687660217,0.30029788613319397,0.7271766662597656,-1.809600830078125,-1.26123046875,0.7561216354370117,-0.15974044799804688,0.039337158203125,0.7271766662597656,-1.809600830078125,-1.26123046875,0.7561216354370117,-0.15974044799804688,0.039337158203125,0.7271766662597656,-1.809600830078125,-1.26123046875,0.7561216354370117,-0.15974044799804688,0.039337158203125
19.61666768975556,0.8467486500740051,-1.3896688222885132,1.061689019203186,-0.000610537244938314,1.1276898384094238,-0.4416545629501343,1.4869176149368286,0.27234819531440735,-0.15278266370296478,-0.08331745862960815,-0.5574880838394165,0.3127954304218292,1500.0,-211.56430053710938,-134.82452392578125,-1468.4599609375,-1160.268798828125,708.2879638671875,1500.0,-211.56430053710938,-134.82452392578125,-1468.4599609375,-1160.268798828125,708.2879638671875,1500.0,-211.56430053710938,-134.82452392578125,-1468.4599609375,-1160.268798828125,708.2879638671875
19.63333435729146,0.8711248636245728,-1.3849948644638062,1.059418797492981,-0.0018898394191637635,1.1185377836227417,-0.4365302622318268,1.4625271558761597,0.26767000555992126,-0.15051396191120148,-0.08207414299249649,-0.5483291149139404,0.3076705038547516,0.46728515625,-1.941925048828125,-1.30474853515625,0.21012496948242188,-0.0214691162109375,0.0155029296875,0.46728515625,-1.941925048828125,-1.30474853515625,0.21012496948242188,-0.0214691162109375,0.0155029296875,0.46728515625,-1.941925048828125,-1.30474853515625,0.21012496948242188,-0.0214691162109375,0.0155029296875
19.65000102482736,0.8956071734428406,-1.3804579973220825,1.057154655456543,-0.003668540855869651,1.1091960668563843,-0.43125295639038086,1.4701899290084839,0.25875070691108704,-0.1510763019323349,-0.10914456099271774,-0.5602186918258667,0.3168637454509735,1286.370849609375,-177.24395751953125,-114.3848876953125,-1153.450439453125,-849.36376953125,578.8326416015625,1286.370849609375,-177.24395751953125,-114.3848876953125,-1153.450439453125,-849.36376953125,578.8326416015625,1286.370849609375,-177.24395751953125,-114.3848876953125,-1153.450439453125,-849.36376953125,578.8326416015625
19.666667692363262,0.9197085499763489,-1.3760061264038086,1.0549126863479614,-0.005367905832827091,1.0999996662139893,-0.4260621666908264,1.4460740089416504,0.25429588556289673,-0.1488351672887802,-0.10748261213302612,-0.5510150790214539,0.3116725981235504,0.5674285888671875,-1.9467010498046875,-1.32562255859375,0.5143042802810669,-0.11205291748046875,0.0107269287109375,0.5674285888671875,-1.9467010498046875,-1.32562255859375,0.5143042802810669,-0.11205291748046875,0.0107269287109375,0.5674285888671875,-1.9467010498046875,-1.32562255859375,0.5143042802810669,-0.11205291748046875,0.0107269287109375
19.683334359899163,0.9438822865486145,-1.3716931343078613,1.0526725053787231,-0.007575809955596924,1.090620994567871,-0.42070212960243225,1.4515882730484009,0.2452380359172821,-0.14971141517162323,-0.13521729409694672,-0.5623884797096252,0.3218400478363037,1188.18994140625,-191.81130981445312,-126.05010986328125,-1196.8585205078125,-830.240234375,621.1304931640625,1188.18994140625,-191.81130981445312,-126.05010986328125,-1196.8585205078125,-830.240234375,621.1304931640625,1188.18994140625,-191.81130981445312,-126.05010986328125,-1196.8585205078125,-830.240234375,621.1304931640625
19.700001027435064,0.9676783084869385,-1.3674622774124146,1.0504533052444458,-0.009698914363980293,1.0813881158828735,-0.41543006896972656,1.4277788400650024,0.24100418388843536,-0.14749349653720856,-0.13313288986682892,-0.553148627281189,0.31656765937805176,0.6699600219726562,-2.0170135498046875,-1.3929443359375,0.8448581695556641,-0.15735626220703125,0.03099822998046875,0.6699600219726562,-2.0170135498046875,-1.3929443359375,0.8448581695556641,-0.15735626220703125,0.03099822998046875,0.6699600219726562,-2.0170135498046875,-1.3929443359375,0.8448581695556641,-0.15735626220703125,0.03099822998046875
19.716667694970965,0.9916484951972961,-1.3633960485458374,1.0482165813446045,-0.012526384554803371,1.071874737739563,-0.40987706184387207,1.439549446105957,0.2300858348608017,-0.14988289773464203,-0.17187665402889252,-0.5705059766769409,0.33341678977012634,1430.0584716796875,-276.2419128417969,-186.50714111328125,-1500.0,-1074.879150390625,896.1140747070312,1430.0584716796875,-276.2419128417969,-186.50714111328125,-1500.0,-1074.879150390625,896.1140747070312,1430.0584716796875,-276.2419128417969,-186.50714111328125,-1500.0,-1074.879150390625,896.1140747070312
19.733334362506866,1.015248417854309,-1.3594129085540771,1.0459948778152466,-0.015246890485286713,1.0625079870224,-0.4044150114059448,1.4159363508224487,0.22609926760196686,-0.1476621925830841,-0.16919538378715515,-0.5611327886581421,0.32795438170433044,0.4267578125,-2.1570892333984375,-1.46209716796875,0.2586479187011719,-0.0500640869140625,0.0286102294921875,0.4267578125,-2.1570892333984375,-1.46209716796875,0.2586479187011719,-0.0500640869140625,0.0286102294921875,0.4267578125,-2.1570892333984375,-1.46209716796875,0.2586479187011719,-0.0500640869140625,0.0286102294921875
19.750001030042768,1.0388387441635132,-1.3555717468261719,1.0437644720077515,-0.018493015319108963,1.0529807806015015,-0.3987456262111664,1.4162507057189941,0.21675488352775574,-0.1492663472890854,-0.19835054874420166,-0.5711178779602051,0.3403955101966858,956.7308959960938,-222.35513305664062,-154.91009521484375,-1295.46533203125,-780.6015014648438,724.45751953125,956.7308959960938,-222.35513305664062,-154.91009521484375,-1295.46533203125,-780.6015014648438,724.45751953125,956.7308959960938,-222.35513305664062,-154.91009521484375,-1295.46533203125,-780.6015014648438,724.45751953125
19.76666769757867,1.062056303024292,-1.351806640625,1.0415542125701904,-0.02164284884929657,1.0436038970947266,-0.3931693434715271,1.3930195569992065,0.21298739314079285,-0.14705657958984375,-0.19524116814136505,-0.5617345571517944,0.33481916785240173,0.543609619140625,-2.2262420654296875,-1.52764892578125,0.5863609313964844,-0.10967254638671875,0.036956787109375,0.543609619140625,-2.2262420654296875,-1.52764892578125,0.5863609313964844,-0.10967254638671875,0.036956787109375,0.543609619140625,-2.2262420654296875,-1.52764892578125,0.5863609313964844,-0.10967254638671875,0.036956787109375
19.78333436511457,1.085231065750122,-1.34818434715271,1.0393304824829102,-0.02532464824616909,1.034075379371643,-0.3873686194419861,1.3912636041641235,0.20357577502727509,-0.14898955821990967,-0.22497013211250305,-0.5711396336555481,0.34827783703804016,857.391357421875,-233.91604614257812,-167.89849853515625,-1335.485595703125,-757.517822265625,770.394775390625,857.391357421875,-233.91604614257812,-167.89849853515625,-1335.485595703125,-757.517822265625,770.394775390625,857.391357421875,-233.91604614257812,-167.89849853515625,-1335.485595703125,-757.517822265625,770.394775390625
19.80000103265047,1.1080390214920044,-1.344635248184204,1.0371259450912476,-0.028905685991048813,1.0246976613998413,-0.3816632330417633,1.3684426546096802,0.20002414286136627,-0.14678587019443512,-0.22143039107322693,-0.5617562532424927,0.3425719738006592,0.6389617919921875,-2.3430633544921875,-1.63018798828125,0.9449571371078491,-0.17404556274414062,0.019073486328125,0.6389617919921875,-2.3430633544921875,-1.63018798828125,0.9449571371078491,-0.17404556274414062,0.019073486328125,0.6389617919921875,-2.3430633544921875,-1.63018798828125,0.9449571371078491,-0.17404556274414062,0.019073486328125
19.816667700186372,1.1308636665344238,-1.3412578105926514,1.0348840951919556,-0.033226292580366135,1.0150800943374634,-0.3756001591682434,1.370314359664917,0.18852439522743225,-0.15059958398342133,-0.26316186785697937,-0.576439380645752,0.36400923132896423,988.3117065429688,-327.44110107421875,-244.0029296875,-1500.0,-972.0778198242188,1100.0203857421875,988.3117065429688,-327.44110107421875,-244.0029296875,-1500.0,-972.0778198242188,1100.0203857421875,988.3117065429688,-327.44110107421875,-244.0029296875,-1500.0,-972.0778198242188,1100.0203857421875
19.833334367722273,1.1533293724060059,-1.3379549980163574,1.032654881477356,-0.037428323179483414,1.0056138038635254,-0.3696366846561432,1.3478370904922485,0.1852179616689682,-0.1483715921640396,-0.25900155305862427,-0.5669676661491394,0.35804468393325806,0.457763671875,-2.5486907958984375,-1.78033447265625,0.3184356689453125,-0.0500640869140625,0.0071563720703125,0.457763671875,-2.5486907958984375,-1.78033447265625,0.3184356689453125,-0.0500640869140625,0.0071563720703125,0.457763671875,-2.5486907958984375,-1.78033447265625,0.3184356689453125,-0.0500640869140625,0.0071563720703125
19.850001035258174,1.1756728887557983,-1.3347952365875244,1.0304025411605835,-0.04217245429754257,0.9960193634033203,-0.3634101152420044,1.3411214351654053,0.17569616436958313,-0.15105268359184265,-0.2899044454097748,-0.5748536586761475,0.37383031845092773,625.7152709960938,-257.1529235839844,-199.26251220703125,-1425.20849609375,-699.3174438476562,880.5191650390625,625.7152709960938,-257.1529235839844,-199.26251220703125,-1425.20849609375,-699.3174438476562,880.5191650390625,625.7152709960938,-257.1529235839844,-199.26251220703125,-1425.20849609375,-699.3174438476562,880.5191650390625
19.866667702794075,1.1976597309112549,-1.3317029476165771,1.0281678438186646,-0.046806346625089645,0.9865790605545044,-0.3572857975959778,1.3191242218017578,0.17260108888149261,-0.14881937205791473,-0.2853127419948578,-0.5654078722000122,0.3677056133747101,0.600799560546875,-2.6714935302734375,-1.92523193359375,0.6724891662597656,-0.10013580322265625,0.03099822998046875,0.600799560546875,-2.6714935302734375,-1.92523193359375,0.6724891662597656,-0.10013580322265625,0.03099822998046875,0.600799560546875,-2.6714935302734375,-1.92523193359375,0.6724891662597656,-0.10013580322265625,0.03099822998046875
19.883334370329976,1.2194935083389282,-1.328752875328064,1.0259054899215698,-0.05198558047413826,0.9770196676254272,-0.3508812189102173,1.310455322265625,0.16308476030826569,-0.15183162689208984,-0.3166837990283966,-0.5726656317710876,0.3845159113407135,527.3008422851562,-265.512451171875,-213.07708740234375,-1460.9716796875,-672.8339233398438,928.6260375976562,527.3008422851562,-265.512451171875,-213.07708740234375,-1460.9716796875,-672.8339233398438,928.6260375976562,527.3008422851562,-265.512451171875,-213.07708740234375,-1460.9716796875,-672.8339233398438,928.6260375976562
19.900001037865877,1.2409770488739014,-1.3258674144744873,1.0236608982086182,-0.057051241397857666,0.9676143527030945,-0.3445819616317749,1.2889621257781982,0.1601964831352234,-0.14958804845809937,-0.31166088581085205,-0.5632545948028564,0.37821632623672485,0.705718994140625,-2.862213134765625,-2.09271240234375,1.0399513244628906,-0.14781951904296875,0.03099822998046875,0.705718994140625,-2.862213134765625,-2.09271240234375,1.0399513244628906,-0.14781951904296875,0.03099822998046875,0.705718994140625,-2.862213134765625,-2.09271240234375,1.0399513244628906,-0.14781951904296875,0.03099822998046875
19.916667705401778,1.2623264789581299,-1.3231549263000488,1.0213594436645508,-0.0628780722618103,0.9580144882202148,-0.33784714341163635,1.2813688516616821,0.14845295250415802,-0.15485718846321106,-0.355895459651947,-0.5750098824501038,0.4043198525905609,550.7755737304688,-364.400146484375,-305.17999267578125,-1500.0,-854.2490234375,1313.56591796875,550.7755737304688,-364.400146484375,-305.17999267578125,-1500.0,-854.2490234375,1313.56591796875,550.7755737304688,-364.400146484375,-305.17999267578125,-1500.0,-854.2490234375,1313.56591796875
19.93333437293768,1.2833343744277954,-1.3205090761184692,1.0190677642822266,-0.06857932358980179,0.9485693573951721,-0.3312230110168457,1.2603514194488525,0.1458023488521576,-0.15256842970848083,-0.35023602843284607,-0.5655593276023865,0.397695392370224,0.529296875,-3.158447265625,-2.35614013671875,0.3895111083984375,-0.04290771484375,0.0321807861328125,0.529296875,-3.158447265625,-2.35614013671875,0.3895111083984375,-0.04290771484375,0.0321807861328125,0.529296875,-3.158447265625,-2.35614013671875,0.3895111083984375,-0.04290771484375,0.0321807861328125
19.95000104047358,1.304115891456604,-1.3180034160614014,1.0167384147644043,-0.07482850551605225,0.9390307068824768,-0.32428017258644104,1.2470614910125732,0.13635055720806122,-0.15632089972496033,-0.3825012147426605,-0.571205735206604,0.41680121421813965,300.3072509765625,-281.1878662109375,-245.82266235351562,-1500.0,-607.4857788085938,1041.9774169921875,300.3072509765625,-281.1878662109375,-245.82266235351562,-1500.0,-607.4857788085938,1041.9774169921875,300.3072509765625,-281.1878662109375,-245.82266235351562,-1500.0,-607.4857788085938,1041.9774169921875
19.96666770800948,1.3245612382888794,-1.3155558109283447,1.014426350593567,-0.08095692098140717,0.9296472668647766,-0.3174515962600708,1.226607322692871,0.1339002102613449,-0.1540101170539856,-0.3764150142669678,-0.5618176460266113,0.40997233986854553,0.64373779296875,-3.342620849609375,-2.5499267578125,0.7250900268554688,-0.0834503173828125,0.03099822998046875,0.64373779296875,-3.342620849609375,-2.5499267578125,0.7250900268554688,-0.0834503173828125,0.03099822998046875,0.64373779296875,-3.342620849609375,-2.5499267578125,0.7250900268554688,-0.0834503173828125,0.03099822998046875
19.983334375545382,1.3447514772415161,-1.313247561454773,1.0120723247528076,-0.08763319998979568,0.920180082321167,-0.3102876543998718,1.2115192413330078,0.12452428042888641,-0.15808585286140442,-0.40902918577194214,-0.5668022036552429,0.4300742447376251,204.844482421875,-286.32403564453125,-260.04913330078125,-1500.0,-578.2079467773438,1090.667236328125,204.844482421875,-286.32403564453125,-260.04913330078125,-1500.0,-578.2079467773438,1090.667236328125,204.844482421875,-286.32403564453125,-260.04913330078125,-1500.0,-578.2079467773438,1090.667236328125
20.000001043081284,1.36461341381073,-1.3109943866729736,1.009735345840454,-0.09418663382530212,0.9108681082725525,-0.30324167013168335,1.1916491985321045,0.12226832658052444,-0.15575018525123596,-0.402517706155777,-0.5574855804443359,0.42302805185317993,0.7581787109375,-3.6168212890625,-2.858642578125,1.07080078125,-0.13828277587890625,0.03337860107421875,0.7581787109375,-3.6168212890625,-2.858642578125,1.07080078125,-0.13828277587890625,0.03337860107421875,0.7581787109375,-3.6168212890625,-2.858642578125,1.07080078125,-0.13828277587890625,0.03337860107421875
20.016667710617185,1.384199857711792,-1.3089112043380737,1.007322072982788,-0.10150820761919022,0.9014096856117249,-0.2956836223602295,1.1752082109451294,0.11061658710241318,-0.16245192289352417,-0.44870367646217346,-0.5661303997039795,0.45371079444885254,126.4619140625,-386.80462646484375,-367.8953552246094,-1500.0,-724.172607421875,1500.0,126.4619140625,-386.80462646484375,-367.8953552246094,-1500.0,-724.172607421875,1500.0,126.4619140625,-386.80462646484375,-367.8953552246094,-1500.0,-724.172607421875,1500.0
20.033334378153086,1.4034678936004639,-1.3068859577178955,1.0049172639846802,-0.10870211571455002,0.8921070098876953,-0.2882499098777771,1.1559325456619263,0.10858501493930817,-0.16005149483680725,-0.44154995679855347,-0.5568233728408813,0.4462766647338867,0.64373779296875,-4.062347412109375,-3.29498291015625,0.3793792724609375,-0.0429229736328125,0.0357513427734375,0.64373779296875,-4.062347412109375,-3.29498291015625,0.3793792724609375,-0.0429229736328125,0.0357513427734375,0.64373779296875,-4.062347412109375,-3.29498291015625,0.3793792724609375,-0.0429229736328125,0.0357513427734375
20.050001045688987,1.422413945198059,-1.3049952983856201,1.0024611949920654,-0.11643866449594498,0.8827463984489441,-0.28044426441192627,1.1366443634033203,0.09944313764572144,-0.1648331731557846,-0.47474905848503113,-0.5601428151130676,0.46855640411376953,-12.969970703125,-294.37451171875,-293.1236877441406,-1500.0,-507.2665100097656,1203.439208984375,-12.969970703125,-294.37451171875,-293.1236877441406,-1500.0,-507.2665100097656,1203.439208984375,-12.969970703125,-294.37451171875,-293.1236877441406,-1500.0,-507.2665100097656,1203.439208984375
20.066667713224888,1.4410492181777954,-1.3031537532806396,1.000022053718567,-0.12404756247997284,0.8735407590866089,-0.27276742458343506,1.1180009841918945,0.09759785979986191,-0.16239582002162933,-0.4671805202960968,-0.5509330034255981,0.46087875962257385,0.71527099609375,-4.3258056640625,-3.61383056640625,0.6356887817382812,-0.06436920166015625,0.02384185791015625,0.71527099609375,-4.3258056640625,-3.61383056640625,0.6356887817382812,-0.06436920166015625,0.02384185791015625,0.71527099609375,-4.3258056640625,-3.61383056640625,0.6356887817382812,-0.06436920166015625,0.02384185791015625
20.08333438076079,1.4593369960784912,-1.3014436960220337,0.9975278377532959,-0.13219566643238068,0.8642882108688354,-0.26470324397087097,1.0971019268035889,0.08859988301992416,-0.16748151183128357,-0.5005977749824524,-0.553577184677124,0.48408934473991394,-103.6119384765625,-296.2967529296875,-307.3060607910156,-1500.0,-475.96453857421875,1251.037109375,-103.6119384765625,-296.2967529296875,-307.3060607910156,-1500.0,-475.96453857421875,1251.037109375,-103.6119384765625,-296.2967529296875,-307.3060607910156,-1500.0,-475.96453857421875,1251.037109375
20.10000104829669,1.4773236513137817,-1.299780011177063,0.9950499534606934,-0.14021532237529755,0.855189323425293,-0.25677210092544556,1.0791077613830566,0.08693192899227142,-0.16500599682331085,-0.492617666721344,-0.5444750189781189,0.4761582016944885,0.8392333984375,-4.77996826171875,-4.1097412109375,0.8720169067382812,-0.095367431640625,0.046489715576171875,0.8392333984375,-4.77996826171875,-4.1097412109375,0.8720169067382812,-0.095367431640625,0.046489715576171875,0.8392333984375,-4.77996826171875,-4.1097412109375,0.8720169067382812,-0.095367431640625,0.046489715576171875
20.11666771583259,1.49490487575531,-1.29827880859375,0.9924781322479248,-0.14899510145187378,0.8459945321083069,-0.2482563555240631,1.0545945167541504,0.07569555938243866,-0.17306818068027496,-0.5401435494422913,-0.5499060750007629,0.5111631751060486,-276.46533203125,-394.8125305175781,-430.1619567871094,-1500.0,-585.0482177734375,1500.0,-276.46533203125,-394.8125305175781,-430.1619567871094,-1500.0,-585.0482177734375,1500.0,-276.46533203125,-394.8125305175781,-430.1619567871094,-1500.0,-585.0482177734375,1500.0
20.133334383368492,1.5121957063674927,-1.2968270778656006,0.9899134635925293,-0.15764999389648438,0.8369540572166443,-0.23988090455532074,1.037298321723938,0.07423432916402817,-0.1705104112625122,-0.5315256714820862,-0.540861964225769,0.5027880072593689,0.815399169921875,-5.405853271484375,-4.8017578125,0.0554351806640625,-0.0142974853515625,0.0554351806640625,0.815399169921875,-5.405853271484375,-4.8017578125,0.0554351806640625,-0.0142974853515625,0.0554351806640625,0.815399169921875,-5.405853271484375,-4.8017578125,0.0554351806640625,-0.0142974853515625,0.0554351806640625
20.150001050904393,1.5290790796279907,-1.2955000400543213,0.9872856736183167,-0.1668311059474945,0.8278923630714417,-0.23108501732349396,1.0126864910125732,0.06562818586826324,-0.17624269425868988,-0.5651951432228088,-0.5418291091918945,0.5279722213745117,-308.2275390625,-296.973876953125,-339.72564697265625,-1500.0,-401.1726379394531,1359.224365234375,-308.2275390625,-296.973876953125,-339.72564697265625,-1500.0,-401.1726379394531,1359.224365234375,-308.2275390625,-296.973876953125,-339.72564697265625,-1500.0,-401.1726379394531,1359.224365234375
20.166667718440294,1.5456823110580444,-1.294213891029358,0.9846746921539307,-0.17588134109973907,0.8189829587936401,-0.22243429720401764,0.9960775375366211,0.0643359124660492,-0.17363479733467102,-0.5561807751655579,-0.5329161286354065,0.5193207859992981,0.9107666015625,-5.809661865234375,-5.32269287109375,0.1317291259765625,-0.019073486328125,0.02027130126953125,0.9107666015625,-5.809661865234375,-5.32269287109375,0.1317291259765625,-0.019073486328125,0.02027130126953125,0.9107666015625,-5.809661865234375,-5.32269287109375,0.1317291259765625,-0.019073486328125,0.02027130126953125
20.183334385976195,1.5618563890457153,-1.2930488586425781,0.9819970726966858,-0.18545104563236237,0.8100635409355164,-0.21334923803806305,0.9700679779052734,0.05593608319759369,-0.17964136600494385,-0.5899291634559631,-0.5332111120223999,0.545335054397583,-392.427490234375,-295.844970703125,-353.4948425292969,-1500.0,-368.6237487792969,1404.004638671875,-392.427490234375,-295.844970703125,-353.4948425292969,-1500.0,-368.6237487792969,1404.004638671875,-392.427490234375,-295.844970703125,-353.4948425292969,-1500.0,-368.6237487792969,1404.004638671875
20.200001053512096,1.5777606964111328,-1.2919224500656128,0.9793359637260437,-0.1948903650045395,0.8012942671775818,-0.20441412925720215,0.9541572332382202,0.0548022985458374,-0.17698436975479126,-0.5805244445800781,-0.5244390964508057,0.5363996624946594,0.9918212890625,-6.453094482421875,-6.12738037109375,0.115631103515625,-0.0476837158203125,0.031589508056640625,0.9918212890625,-6.453094482421875,-6.12738037109375,0.115631103515625,-0.0476837158203125,0.031589508056640625,0.9918212890625,-6.453094482421875,-6.12738037109375,0.115631103515625,-0.0476837158203125,0.031589508056640625
20.216667721047997,1.5931435823440552,-1.2909460067749023,0.9765651226043701,-0.20506718754768372,0.7924798727035522,-0.194829061627388,0.9224780797958374,0.04428430274128914,-0.18628863990306854,-0.6287311911582947,-0.5266370177268982,0.5753031969070435,-650.8326416015625,-389.01104736328125,-490.24163818359375,-1500.0,-440.4449462890625,1500.0,-650.8326416015625,-389.01104736328125,-490.24163818359375,-1500.0,-440.4449462890625,1500.0,-650.8326416015625,-389.01104736328125,-490.24163818359375,-1500.0,-440.4449462890625,1500.0
20.2333343885839,1.6082687377929688,-1.2900103330612183,0.9738008379936218,-0.21512630581855774,0.7838162779808044,-0.18540221452713013,0.9073497653007507,0.04333462566137314,-0.18353569507598877,-0.618704617023468,-0.517971396446228,0.5658763647079468,1.018035888671875,-7.348968505859375,-7.2371826171875,-1.000152587890625,0.0476837158203125,0.0309906005859375,1.018035888671875,-7.348968505859375,-7.2371826171875,-1.000152587890625,0.0476837158203125,0.0309906005859375,1.018035888671875,-7.348968505859375,-7.2371826171875,-1.000152587890625,0.0476837158203125,0.0309906005859375
20.2500010561198,1.6229133605957031,-1.2891875505447388,0.9709630012512207,-0.22568459808826447,0.7751685976982117,-0.1755128651857376,0.878168523311615,0.03546912223100662,-0.19010840356349945,-0.6523522734642029,-0.5166213512420654,0.5935761332511902,-580.3751220703125,-289.6189880371094,-384.490478515625,-1500.0,-291.8457946777344,1500.0,-580.3751220703125,-289.6189880371094,-384.490478515625,-1500.0,-291.8457946777344,1500.0,-580.3751220703125,-289.6189880371094,-384.490478515625,-1500.0,-291.8457946777344,1500.0
20.2666677236557,1.6373119354248047,-1.2883973121643066,0.9681424498558044,-0.23611222207546234,0.766667902469635,-0.1657867729663849,0.8637658953666687,0.034669626504182816,-0.18729381263256073,-0.6419552564620972,-0.5081185698509216,0.5838503241539001,1.089599609375,-7.910125732421875,-8.06866455078125,-1.33514404296875,0.05960845947265625,0.0476837158203125,1.089599609375,-7.910125732421875,-8.06866455078125,-1.33514404296875,0.05960845947265625,0.0476837158203125,1.089599609375,-7.910125732421875,-8.06866455078125,-1.33514404296875,0.05960845947265625,0.0476837158203125
20.2833343911916,1.6512103080749512,-1.2877156734466553,0.96524578332901,-0.2470294088125229,0.758192777633667,-0.1555863469839096,0.8334165215492249,0.027065588161349297,-0.19410279393196106,-0.6755343675613403,-0.5061179399490356,0.6122460961341858,-656.7955322265625,-285.6993713378906,-397.56060791015625,-1500.0,-258.8748779296875,1500.0,-656.7955322265625,-285.6993713378906,-397.56060791015625,-1500.0,-258.8748779296875,1500.0,-656.7955322265625,-285.6993713378906,-397.56060791015625,-1500.0,-258.8748779296875,1500.0
20.300001058727503,1.6648740768432617,-1.287063717842102,0.9623664021492004,-0.2578173279762268,0.749862551689148,-0.14555448293685913,0.8197487592697144,0.026403333991765976,-0.1912306845188141,-0.6647751331329346,-0.4977857768535614,0.6022142767906189,1.2445526123046875,-8.80340576171875,-9.33465576171875,-1.89483642578125,0.1049041748046875,0.025630950927734375,1.2445526123046875,-8.80340576171875,-9.33465576171875,-1.89483642578125,0.1049041748046875,0.025630950927734375,1.2445526123046875,-8.80340576171875,-9.33465576171875,-1.89483642578125,0.1049041748046875,0.025630950927734375
20.316667726263404,1.6779173612594604,-1.2865463495254517,0.9593639969825745,-0.26930665969848633,0.7415380477905273,-0.13481710851192474,0.781908392906189,0.01687469892203808,-0.20161879062652588,-0.712964653968811,-0.49681398272514343,0.6444306969642639,-990.5767211914062,-370.5482177734375,-546.7122802734375,-1500.0,-293.92242431640625,1500.0,-990.5767211914062,-370.5482177734375,-546.7122802734375,-1500.0,-293.92242431640625,1500.0,-990.5767211914062,-370.5482177734375,-546.7122802734375,-1500.0,-293.92242431640625,1500.0
20.333334393799305,1.6907377243041992,-1.286062240600586,0.9563676714897156,-0.28068897128105164,0.7333585023880005,-0.12425710260868073,0.7690865993499756,0.016368838027119637,-0.19864165782928467,-0.7016109228134155,-0.4886329472064972,0.6338701844215393,1.306549072265625,-10.097564697265625,-11.09185791015625,-3.63470458984375,0.1859588623046875,0.0095367431640625,1.306549072265625,-10.097564697265625,-11.09185791015625,-3.63470458984375,0.1859588623046875,0.0095367431640625,1.306549072265625,-10.097564697265625,-11.09185791015625,-3.63470458984375,0.1859588623046875,0.0095367431640625
20.350001061335206,1.7030165195465088,-1.2856758832931519,0.9532898664474487,-0.2925342619419098,0.7252298593521118,-0.11320067942142487,0.7361450791358948,0.009422828443348408,-0.20591813325881958,-0.7347254753112793,-0.4850635230541229,0.6635885238647461,-825.1118774414062,-273.2411804199219,-426.5403747558594,-1500.0,-182.1160430908203,1500.0,-825.1118774414062,-273.2411804199219,-426.5403747558594,-1500.0,-182.1160430908203,1500.0,-825.1118774414062,-273.2411804199219,-426.5403747558594,-1500.0,-182.1160430908203,1500.0
20.366667728871107,1.7150863409042358,-1.2853143215179443,0.9502298831939697,-0.30425164103507996,0.7172417044639587,-0.10232695937156677,0.7240729331970215,0.009047030471265316,-0.20286907255649567,-0.7230323553085327,-0.4770730137825012,0.6527153253555298,1.397125244140625,-10.855072021484375,-12.36920166015625,-4.6646728515625,0.2527313232421875,0.01519775390625,1.397125244140625,-10.855072021484375,-12.36920166015625,-4.6646728515625,0.2527313232421875,0.01519775390625,1.397125244140625,-10.855072021484375,-12.36920166015625,-4.6646728515625,0.2527313232421875,0.01519775390625
20.383334396407008,1.7265995740890503,-1.2850459814071655,0.9470866322517395,-0.3164200782775879,0.709314227104187,-0.09094788879156113,0.6902049779891968,0.0024079123977571726,-0.21033735573291779,-0.7559260129928589,-0.47289204597473145,0.6829630136489868,-892.6272583007812,-266.9190673828125,-438.7545471191406,-1500.0,-149.57310485839844,1500.0,-892.6272583007812,-266.9190673828125,-438.7545471191406,-1500.0,-149.57310485839844,1500.0,-892.6272583007812,-266.9190673828125,-438.7545471191406,-1500.0,-149.57310485839844,1500.0
20.40000106394291,1.7379159927368164,-1.2848002910614014,0.9439613223075867,-0.3284626007080078,0.7015242576599121,-0.07975688576698303,0.6788875460624695,0.00214573135599494,-0.20722532272338867,-0.7439059019088745,-0.4651004672050476,0.6717719435691833,1.5616455078125,-12.08795166015625,-14.29315185546875,-6.178619384765625,0.28729248046875,-0.008045196533203125,1.5616455078125,-12.08795166015625,-14.29315185546875,-6.178619384765625,0.28729248046875,-0.008045196533203125,1.5616455078125,-12.08795166015625,-14.29315185546875,-6.178619384765625,0.28729248046875,-0.008045196533203125
20.41666773147881,1.7485288381576538,-1.2846704721450806,0.9407026767730713,-0.34115925431251526,0.6937877535820007,-0.06781704723834991,0.6359612345695496,-0.006159748882055283,-0.2185051143169403,-0.7913529872894287,-0.4611087739467621,0.7165671586990356,-1290.86962890625,-340.8480529785156,-598.5087280273438,-1500.0,-149.36328125,1500.0,-1290.86962890625,-340.8480529785156,-598.5087280273438,-1500.0,-149.36328125,1500.0,-1290.86962890625,-340.8480529785156,-598.5087280273438,-1500.0,-149.36328125,1500.0
20.43333439901471,1.758956789970398,-1.2845664024353027,0.9374502301216125,-0.35376134514808655,0.686188817024231,-0.0560745932161808,0.6255342364311218,-0.006295511033385992,-0.21528421342372894,-0.7787795662879944,-0.45350828766822815,0.7048246264457703,1.6689453125,-13.82159423828125,-16.97125244140625,-9.0992431640625,0.4291534423828125,-0.0187835693359375,1.6689453125,-13.82159423828125,-16.97125244140625,-9.0992431640625,0.4291534423828125,-0.0187835693359375,1.6689453125,-13.82159423828125,-16.97125244140625,-9.0992431640625,0.4291534423828125,-0.0187835693359375
20.450001066550612,1.7687957286834717,-1.2845436334609985,0.9341103434562683,-0.3667830526828766,0.6786736249923706,-0.04381179437041283,0.5896709561347961,-0.01217687502503395,-0.22310680150985718,-0.8108360171318054,-0.4478754699230194,0.7359631657600403,-1039.19970703125,-249.13613891601562,-465.3412170410156,-1500.0,-74.78475952148438,1500.0,-1039.19970703125,-249.13613891601562,-465.3412170410156,-1500.0,-74.78475952148438,1500.0,-1039.19970703125,-249.13613891601562,-465.3412170410156,-1500.0,-74.78475952148438,1500.0
20.466667734086514,1.7784645557403564,-1.2845385074615479,0.9307900071144104,-0.37968093156814575,0.6712903380393982,-0.03175172954797745,0.5800021290779114,-0.012203131802380085,-0.21980510652065277,-0.797957718372345,-0.4404904842376709,0.723903238773346,1.773834228515625,-14.7923583984375,-18.84222412109375,-11.259307861328125,0.5102081298828125,-0.043365478515625,1.773834228515625,-14.7923583984375,-18.84222412109375,-11.259307861328125,0.5102081298828125,-0.043365478515625,1.773834228515625,-14.7923583984375,-18.84222412109375,-11.259307861328125,0.5102081298828125,-0.043365478515625
20.483334401622415,1.7875330448150635,-1.2846097946166992,0.9273805618286133,-0.3929848372936249,0.6639997959136963,-0.019165633246302605,0.5434592366218567,-0.017742356285452843,-0.22776992619037628,-0.8296399116516113,-0.4343024492263794,0.7553790211677551,-1097.018798828125,-240.81565856933594,-476.6243896484375,-1500.0,-43.486358642578125,1500.0,-1097.018798828125,-240.81565856933594,-476.6243896484375,-1500.0,-43.486358642578125,1500.0,-1097.018798828125,-240.81565856933594,-476.6243896484375,-1500.0,-43.486358642578125,1500.0
20.500001069158316,1.7964434623718262,-1.2846972942352295,0.9239909648895264,-0.406167209148407,0.6568375825881958,-0.006787629798054695,0.5345491170883179,-0.017679478973150253,-0.2244025617837906,-0.8164774179458618,-0.42713865637779236,0.743000864982605,1.9574127197265625,-16.395172119140625,-21.65374755859375,-14.292022705078125,0.6139297485351562,-0.08471298217773438,1.9574127197265625,-16.395172119140625,-21.65374755859375,-14.292022705078125,0.6139297485351562,-0.08471298217773438,1.9574127197265625,-16.395172119140625,-21.65374755859375,-14.292022705078125,0.6139297485351562,-0.08471298217773438
20.516667736694217,1.804585337638855,-1.2848786115646362,0.9204601049423218,-0.419948011636734,0.6497740745544434,0.006368087604641914,0.48765137791633606,-0.024574510753154755,-0.23635715246200562,-0.8624440431594849,-0.4203548729419708,0.7895095944404602,-1500.0,-301.7265930175781,-644.9979858398438,-1500.0,-10.40576171875,1500.0,-1500.0,-301.7265930175781,-644.9979858398438,-1500.0,-10.40576171875,1500.0,-1500.0,-301.7265930175781,-644.9979858398438,-1500.0,-10.40576171875,1500.0
20.533334404230118,1.8125815391540527,-1.2850791215896606,0.9169362783432007,-0.4336465895175934,0.6428383588790894,0.019306223839521408,0.47965914011001587,-0.024418972432613373,-0.23288404941558838,-0.8487826585769653,-0.41341713070869446,0.7765710353851318,2.156494140625,-18.672637939453125,-25.57989501953125,-19.04486083984375,0.783203125,-0.11663818359375,2.156494140625,-18.672637939453125,-25.57989501953125,-19.04486083984375,0.783203125,-0.11663818359375,2.156494140625,-18.672637939453125,-25.57989501953125,-19.04486083984375,0.783203125,-0.11663818359375
20.55000107176602,1.8199549913406372,-1.2853429317474365,0.9133208394050598,-0.447716623544693,0.6360166072845459,0.032777201384305954,0.44172239303588867,-0.029128234833478928,-0.24108074605464935,-0.8792576789855957,-0.4059336483478546,0.8084477782249451,-1220.2740478515625,-218.748291015625,-500.6259765625,-1500.0,27.3704833984375,1500.0,-1220.2740478515625,-218.748291015625,-500.6259765625,-1500.0,27.3704833984375,1500.0,-1220.2740478515625,-218.748291015625,-500.6259765625,-1500.0,27.3704833984375,1500.0
20.56666773930192,1.8271976709365845,-1.285618782043457,0.9097270369529724,-0.4616667628288269,0.6293159127235413,0.04602542147040367,0.43448156118392944,-0.02888314053416252,-0.23751823604106903,-0.8653283715248108,-0.39923131465911865,0.7951995134353638,2.257843017578125,-19.825408935546875,-28.14056396484375,-22.691497802734375,0.9012222290039062,-0.1552581787109375,2.257843017578125,-19.825408935546875,-28.14056396484375,-22.691497802734375,0.9012222290039062,-0.1552581787109375,2.257843017578125,-19.825408935546875,-28.14056396484375,-22.691497802734375,0.9012222290039062,-0.1552581787109375
20.58333440683782,1.833810806274414,-1.2859523296356201,0.9060407280921936,-0.47597408294677734,0.622736930847168,0.05980858579277992,0.39610955119132996,-0.03322644904255867,-0.2458048313856125,-0.8952758312225342,-0.391262948513031,0.827198326587677,-1267.89453125,-208.86346435546875,-510.931640625,-1500.0,56.6243896484375,1500.0,-1267.89453125,-208.86346435546875,-510.931640625,-1500.0,56.6243896484375,1500.0,-1267.89453125,-208.86346435546875,-510.931640625,-1500.0,56.6243896484375,1500.0
20.600001074373722,1.8403055667877197,-1.2862962484359741,0.9023767113685608,-0.4901634454727173,0.6162754893302917,0.0733637884259224,0.3896172046661377,-0.03291678801178932,-0.24217720329761505,-0.8811103105545044,-0.3848000466823578,0.8136425614356995,2.460479736328125,-21.78924560546875,-32.01544189453125,-27.7960205078125,1.049041748046875,-0.1971435546875,2.460479736328125,-21.78924560546875,-32.01544189453125,-27.7960205078125,1.049041748046875,-0.1971435546875,2.460479736328125,-21.78924560546875,-32.01544189453125,-27.7960205078125,1.049041748046875,-0.1971435546875
20.616667741909623,1.845984697341919,-1.2867107391357422,0.8985653519630432,-0.5048905611038208,0.6099535822868347,0.08770932257175446,0.33986857533454895,-0.038268957287073135,-0.25457486510276794,-0.9248639941215515,-0.3755266070365906,0.8608884811401367,-1500.0,-255.2548065185547,-685.734130859375,-1500.0,119.30465698242188,1500.0,-1500.0,-255.2548065185547,-685.734130859375,-1500.0,119.30465698242188,1500.0,-1500.0,-255.2548065185547,-685.734130859375,-1500.0,119.30465698242188,1500.0
20.633334409445524,1.8515576124191284,-1.2871389389038086,0.8947634100914001,-0.5195448994636536,0.6037486791610718,0.10181748867034912,0.3343014121055603,-0.03790123388171196,-0.25084927678108215,-0.9102687835693359,-0.36931943893432617,0.8467801809310913,2.722747802734375,-24.588409423828125,-37.373291015625,-35.03564453125,1.2433624267578125,-0.239013671875,2.722747802734375,-24.588409423828125,-37.373291015625,-35.03564453125,1.2433624267578125,-0.239013671875,2.722747802734375,-24.588409423828125,-37.373291015625,-35.03564453125,1.2433624267578125,-0.239013671875
20.650001076981425,1.8564873933792114,-1.287611484527588,0.8908671736717224,-0.5345206260681152,0.597683310508728,0.11645850539207458,0.2951245605945587,-0.04137297347187996,-0.25924351811408997,-0.9386536478996277,-0.3602461516857147,0.8786453604698181,-1367.032470703125,-183.61582946777344,-532.234375,-1500.0,121.71743774414062,1500.0,-1367.032470703125,-183.61582946777344,-532.234375,-1500.0,121.71743774414062,1500.0,-1367.032470703125,-183.61582946777344,-532.234375,-1500.0,121.71743774414062,1500.0
20.666667744517326,1.8613264560699463,-1.2880915403366089,0.886995792388916,-0.549378514289856,0.5917273759841919,0.1308574080467224,0.29028937220573425,-0.04093479365110397,-0.2554202079772949,-0.923827052116394,-0.3542889356613159,0.8642463684082031,2.85028076171875,-25.84442138671875,-40.61517333984375,-40.33087158203125,1.4007034301757812,-0.2828216552734375,2.85028076171875,-25.84442138671875,-40.61517333984375,-40.33087158203125,1.4007034301757812,-0.2828216552734375,2.85028076171875,-25.84442138671875,-40.61517333984375,-40.33087158203125,1.4007034301757812,-0.2828216552734375
20.683334412053227,1.8655195236206055,-1.288610577583313,0.8830294609069824,-0.5645436644554138,0.5859178900718689,0.1457873284816742,0.2509130835533142,-0.04402995482087135,-0.26385173201560974,-0.9515397548675537,-0.3448154926300049,0.8960033059120178,-1404.25732421875,-172.62161254882812,-541.5052490234375,-1500.0,148.16403198242188,1500.0,-1404.25732421875,-172.62161254882812,-541.5052490234375,-1500.0,148.16403198242188,1500.0,-1404.25732421875,-172.62161254882812,-541.5052490234375,-1500.0,148.16403198242188,1500.0
20.70000107958913,1.869633436203003,-1.2891349792480469,0.8790889382362366,-0.579592227935791,0.5802139043807983,0.16047032177448273,0.24680308997631073,-0.04355045035481453,-0.25996625423431396,-0.9365310668945312,-0.3391101658344269,0.8813198804855347,3.071441650390625,-28.05364990234375,-45.59100341796875,-47.71710205078125,1.6057510375976562,-0.3397483825683594,3.071441650390625,-28.05364990234375,-45.59100341796875,-47.71710205078125,1.6057510375976562,-0.3397483825683594,3.071441650390625,-28.05364990234375,-45.59100341796875,-47.71710205078125,1.6057510375976562,-0.3397483825683594
20.71666774712503,1.872902750968933,-1.2897053956985474,0.8749974966049194,-0.5951161980628967,0.5746843218803406,0.17593848705291748,0.19530153274536133,-0.04728464037179947,-0.2725735902786255,-0.977368950843811,-0.3277168869972229,0.9282423257827759,-1500.0,-203.45986938476562,-720.3341064453125,-1500.0,236.40396118164062,1500.0,-1500.0,-203.45986938476562,-720.3341064453125,-1500.0,236.40396118164062,1500.0,-1500.0,-203.45986938476562,-720.3341064453125,-1500.0,236.40396118164062,1500.0
20.73333441466093,1.8761051893234253,-1.2902847528457642,0.8709185719490051,-0.610571563243866,0.5692591667175293,0.1911506950855255,0.1921069324016571,-0.04678153619170189,-0.2686024308204651,-0.9620089530944824,-0.32228896021842957,0.9130298495292664,3.3980712890625,-31.275604248046875,-52.3829345703125,-57.65673828125,1.8560867309570312,-0.42913818359375,3.3980712890625,-31.275604248046875,-52.3829345703125,-57.65673828125,1.8560867309570312,-0.42913818359375,3.3980712890625,-31.275604248046875,-52.3829345703125,-57.65673828125,1.8560867309570312,-0.42913818359375
20.75000108219683,1.878657341003418,-1.290890097618103,0.8667439222335815,-0.6262989640235901,0.5639950037002563,0.20688247680664062,0.15248724818229675,-0.04899561032652855,-0.2770211398601532,-0.9878296852111816,-0.31193044781684875,0.9440891742706299,-1479.172119140625,-145.24996948242188,-559.8413696289062,-1500.0,205.82318115234375,1500.0,-1479.172119140625,-145.24996948242188,-559.8413696289062,-1500.0,205.82318115234375,1500.0,-1479.172119140625,-145.24996948242188,-559.8413696289062,-1500.0,205.82318115234375,1500.0
20.766667749732733,1.881157398223877,-1.2914986610412598,0.8625981211662292,-0.641907274723053,0.5588274598121643,0.22235403954982758,0.14999227225780487,-0.048439521342515945,-0.27294453978538513,-0.972275972366333,-0.30676141381263733,0.9286165833473206,3.529205322265625,-32.47320556640625,-56.1070556640625,-64.3587646484375,2.0492019653320312,-0.5024566650390625,3.529205322265625,-32.47320556640625,-56.1070556640625,-64.3587646484375,2.0492019653320312,-0.5024566650390625,3.529205322265625,-32.47320556640625,-56.1070556640625,-64.3587646484375,2.0492019653320312,-0.5024566650390625
20.783334417268634,1.8830076456069946,-1.2921271324157715,0.8583560585975647,-0.6577736139297485,0.5538263320922852,0.238339364528656,0.11039503663778305,-0.050280287861824036,-0.28135228157043457,-0.9972937703132629,-0.29609835147857666,0.9593272805213928,-1500.0,-133.5697021484375,-567.880859375,-1500.0,228.76739501953125,1500.0,-1500.0,-133.5697021484375,-567.880859375,-1500.0,228.76739501953125,1500.0,-1500.0,-133.5697021484375,-567.880859375,-1500.0,228.76739501953125,1500.0
20.800001084804535,1.8848177194595337,-1.2927576303482056,0.8541442155838013,-0.6735207438468933,0.5489175319671631,0.2540602684020996,0.10859081149101257,-0.049705639481544495,-0.27721717953681946,-0.9816126227378845,-0.2911876440048218,0.943605899810791,3.7905426025390625,-34.8001708984375,-61.888671875,-73.68084716796875,2.2900123596191406,-0.5704154968261719,3.7905426025390625,-34.8001708984375,-61.888671875,-73.68084716796875,2.2900123596191406,-0.5704154968261719,3.7905426025390625,-34.8001708984375,-61.888671875,-73.68084716796875,2.2900123596191406,-0.5704154968261719
20.816667752340436,1.8857707977294922,-1.2934099435806274,0.8497784733772278,-0.6896820664405823,0.5442119240760803,0.27054262161254883,0.05638313293457031,-0.05180950090289116,-0.28981083631515503,-1.0188934803009033,-0.2781013250350952,0.9890865683555603,-1500.0,-148.399169921875,-748.07763671875,-1500.0,337.83197021484375,1500.0,-1500.0,-148.399169921875,-748.07763671875,-1500.0,337.83197021484375,1500.0,-1500.0,-148.399169921875,-748.07763671875,-1500.0,337.83197021484375,1500.0
20.833334419876337,1.886695384979248,-1.2940670251846313,0.8454307913780212,-0.7057724595069885,0.5395969748497009,0.2867521345615387,0.05546826869249344,-0.05124187096953392,-0.28560346364974976,-1.0029488801956177,-0.27348262071609497,0.9728758931159973,4.1645660400390625,-38.152191162109375,-69.70166015625,-85.7901611328125,2.6035308837890625,-0.672332763671875,4.1645660400390625,-38.152191162109375,-69.70166015625,-85.7901611328125,2.6035308837890625,-0.672332763671875,4.1645660400390625,-38.152191162109375,-69.70166015625,-85.7901611328125,2.6035308837890625,-0.672332763671875
20.850001087412238,1.8869744539260864,-1.294731616973877,0.8409861922264099,-0.7220873236656189,0.5351595282554626,0.30345427989959717,0.016149040311574936,-0.052224427461624146,-0.2938888370990753,-1.0257877111434937,-0.26217758655548096,1.0023099184036255,-1500.0,-105.03366088867188,-582.6138916015625,-1500.0,277.49658203125,1500.0,-1500.0,-105.03366088867188,-582.6138916015625,-1500.0,277.49658203125,1500.0,-1500.0,-105.03366088867188,-582.6138916015625,-1500.0,277.49658203125,1500.0
20.86666775494814,1.8872390985488892,-1.2953966856002808,0.8365758657455444,-0.7382777333259583,0.5308049917221069,0.31988006830215454,0.015890784561634064,-0.05162109062075615,-0.2895696461200714,-1.0096851587295532,-0.25782114267349243,0.9858831167221069,4.2884368896484375,-39.147735595703125,-73.4150390625,-92.9522705078125,2.793071746826172,-0.7331390380859375,4.2884368896484375,-39.147735595703125,-73.4150390625,-92.9522705078125,2.793071746826172,-0.7331390380859375,4.2884368896484375,-39.147735595703125,-73.4150390625,-92.9522705078125,2.793071746826172,-0.7331390380859375
20.88333442248404,1.88686203956604,-1.2960635423660278,0.8320680856704712,-0.7546798586845398,0.5266313552856445,0.33678868412971497,-0.023203695192933083,-0.05224728584289551,-0.2978006601333618,-1.0316133499145508,-0.246316596865654,1.0147238969802856,-1500.0,-93.0313720703125,-588.9462890625,-1500.0,296.3209228515625,1500.0,-1500.0,-93.0313720703125,-588.9462890625,-1500.0,296.3209228515625,1500.0,-1500.0,-93.0313720703125,-588.9462890625,-1500.0,296.3209228515625,1500.0
20.90000109001994,1.886481523513794,-1.2967300415039062,0.827596127986908,-0.7709558606147766,0.5225361585617065,0.35341763496398926,-0.022816354408860207,-0.051644954830408096,-0.29342782497406006,-1.0154379606246948,-0.2422192096710205,0.9980940222740173,4.5564117431640625,-41.309326171875,-79.39459228515625,-102.996826171875,3.0845413208007812,-0.7927398681640625,4.5564117431640625,-41.309326171875,-79.39459228515625,-102.996826171875,3.0845413208007812,-0.7927398681640625,4.5564117431640625,-41.309326171875,-79.39459228515625,-102.996826171875,3.0845413208007812,-0.7927398681640625
20.916667757555842,1.885247826576233,-1.2973945140838623,0.822968065738678,-0.78758704662323,0.5186654925346375,0.3707650601863861,-0.07475794851779938,-0.0521685928106308,-0.305806428194046,-1.0486048460006714,-0.22790884971618652,1.040990948677063,-1500.0,-91.99606323242188,-767.6041259765625,-1500.0,421.0203857421875,1500.0,-1500.0,-91.99606323242188,-767.6041259765625,-1500.0,421.0203857421875,1500.0,-1500.0,-91.99606323242188,-767.6041259765625,-1500.0,421.0203857421875,1500.0
20.933334425091743,1.8840221166610718,-1.2980608940124512,0.8183653950691223,-0.8041373491287231,0.5148714184761047,0.3878253400325775,-0.07352113723754883,-0.05159987136721611,-0.3013721704483032,-1.032250165939331,-0.2241102159023285,1.0239282846450806,4.9653778076171875,-44.47161865234375,-87.3375244140625,-115.73321533203125,3.4326324462890625,-0.910736083984375,4.9653778076171875,-44.47161865234375,-87.3375244140625,-115.73321533203125,3.4326324462890625,-0.910736083984375,4.9653778076171875,-44.47161865234375,-87.3375244140625,-115.73321533203125,3.4326324462890625,-0.910736083984375
20.950001092627645,1.8821667432785034,-1.2987174987792969,0.8136647939682007,-0.8208678960800171,0.511265218257904,0.4053375720977783,-0.11186758428812027,-0.05142207071185112,-0.30938631296157837,-1.051766276359558,-0.21222282946109772,1.0509175062179565,-1500.0,-64.21237182617188,-598.8955688476562,-1500.0,334.888671875,1500.0,-1500.0,-64.21237182617188,-598.8955688476562,-1500.0,334.888671875,1500.0,-1500.0,-64.21237182617188,-598.8955688476562,-1500.0,334.888671875,1500.0
20.966667760163546,1.880332350730896,-1.2993719577789307,0.8090049624443054,-0.837463915348053,0.5077276825904846,0.4225601851940155,-0.1100260391831398,-0.05083397775888443,-0.30483779311180115,-1.0352935791015625,-0.2086830735206604,1.0336936712265015,5.0684661865234375,-45.060211181640625,-90.30584716796875,-121.8819580078125,3.641246795654297,-0.9512939453125,5.0684661865234375,-45.060211181640625,-90.30584716796875,-121.8819580078125,3.641246795654297,-0.9512939453125,5.0684661865234375,-45.060211181640625,-90.30584716796875,-121.8819580078125,3.641246795654297,-0.9512939453125
20.983334427699447,1.8778746128082275,-1.300011396408081,0.8042464852333069,-0.8542283773422241,0.5043799877166748,0.44022083282470703,-0.14796887338161469,-0.05033009871840477,-0.31276190280914307,-1.0538122653961182,-0.1967054158449173,1.0598498582839966,-1500.0,-52.243927001953125,-602.7662353515625,-1500.0,349.14434814453125,1500.0,-1500.0,-52.243927001953125,-602.7662353515625,-1500.0,349.14434814453125,1500.0,-1500.0,-52.243927001953125,-602.7662353515625,-1500.0,349.14434814453125,1500.0
21.000001095235348,1.8754481077194214,-1.3006490468978882,0.7995308041572571,-0.8708550333976746,0.5010967254638672,0.4575892984867096,-0.14553484320640564,-0.049760617315769196,-0.30816417932510376,-1.0373204946517944,-0.1934199333190918,1.042479157447815,5.3435516357421875,-46.821533203125,-95.4627685546875,-130.9036865234375,3.9458274841308594,-1.028778076171875,5.3435516357421875,-46.821533203125,-95.4627685546875,-130.9036865234375,3.9458274841308594,-1.028778076171875,5.3435516357421875,-46.821533203125,-95.4627685546875,-130.9036865234375,3.9458274841308594,-1.028778076171875
21.01666776277125,1.8721867799758911,-1.3012629747390747,0.7946566343307495,-0.887780487537384,0.49805131554603577,0.4756145179271698,-0.196334108710289,-0.048813775181770325,-0.3201551139354706,-1.065917730331421,-0.17838631570339203,1.0816576480865479,-1500.0,-36.095855712890625,-776.80224609375,-1500.0,483.8359375,1500.0,-1500.0,-36.095855712890625,-776.80224609375,-1500.0,483.8359375,1500.0,-1500.0,-36.095855712890625,-776.80224609375,-1500.0,483.8359375,1500.0
21.03333443030715,1.8689672946929932,-1.3018771409988403,0.7898167967796326,-0.9046084880828857,0.4950680434703827,0.4933414161205292,-0.1931031495332718,-0.04829828441143036,-0.3155011236667633,-1.0493218898773193,-0.17539775371551514,1.0639278888702393,5.7381439208984375,-49.41241455078125,-102.1981201171875,-142.0115966796875,4.3076324462890625,-1.12890625,5.7381439208984375,-49.41241455078125,-102.1981201171875,-142.0115966796875,4.3076324462890625,-1.12890625,5.7381439208984375,-49.41241455078125,-102.1981201171875,-142.0115966796875,4.3076324462890625,-1.12890625
21.05000109784305,1.8651432991027832,-1.3024656772613525,0.7848778367042542,-0.921575129032135,0.4922771453857422,0.511466383934021,-0.22988827526569366,-0.04707246646285057,-0.32312914729118347,-1.0652519464492798,-0.16330568492412567,1.0876750946044922,-1500.0,-23.963470458984375,-606.201904296875,-1461.44873046875,376.54815673828125,1500.0,-1500.0,-23.963470458984375,-606.201904296875,-1461.44873046875,376.54815673828125,1500.0,-1500.0,-23.963470458984375,-606.201904296875,-1461.44873046875,376.54815673828125,1500.0
21.066667765378952,1.8613739013671875,-1.3030511140823364,0.7799871563911438,-0.9383931756019592,0.4895409345626831,0.5292912721633911,-0.22611069679260254,-0.04655350744724274,-0.3183639943599701,-1.048585295677185,-0.16056717932224274,1.0698484182357788,5.8275604248046875,-49.4547119140625,-103.52252197265625,-145.580810546875,4.5013427734375,-1.130096435546875,5.8275604248046875,-49.4547119140625,-103.52252197265625,-145.580810546875,4.5013427734375,-1.130096435546875,5.8275604248046875,-49.4547119140625,-103.52252197265625,-145.580810546875,4.5013427734375,-1.130096435546875
21.083334432914853,1.857008934020996,-1.303606629371643,0.7749970555305481,-0.955338716506958,0.4869973361492157,0.5474968552589417,-0.2623405158519745,-0.04504251480102539,-0.3258724510669708,-1.063454031944275,-0.14849652349948883,1.0925341844558716,-1500.0,-12.343658447265625,-606.6656494140625,-1424.2196044921875,385.8697204589844,1500.0,-1500.0,-12.343658447265625,-606.6656494140625,-1424.2196044921875,385.8697204589844,1500.0,-1500.0,-12.343658447265625,-606.6656494140625,-1424.2196044921875,385.8697204589844,1500.0
21.100001100450754,1.8527071475982666,-1.3041595220565796,0.7700573801994324,-0.972131609916687,0.48450398445129395,0.5654011368751526,-0.25803110003471375,-0.044555895030498505,-0.32106196880340576,-1.0468214750289917,-0.14600101113319397,1.074628233909607,6.043914794921875,-50.562774658203125,-106.72332763671875,-151.64849853515625,4.787445068359375,-1.1682510375976562,6.043914794921875,-50.562774658203125,-106.72332763671875,-151.64849853515625,4.787445068359375,-1.1682510375976562,6.043914794921875,-50.562774658203125,-106.72332763671875,-151.64849853515625,4.787445068359375,-1.1682510375976562
21.116667767986655,1.8476014137268066,-1.3046690225601196,0.76495760679245,-0.9891684651374817,0.4822535812854767,0.5838819742202759,-0.3069256544113159,-0.042300429195165634,-0.3325178027153015,-1.0704914331436157,-0.1307615339756012,1.1089916229248047,-1500.0,17.52392578125,-773.1103515625,-1500.0,524.6841430664062,1500.0,-1500.0,17.52392578125,-773.1103515625,-1500.0,524.6841430664062,1500.0,-1500.0,17.52392578125,-773.1103515625,-1500.0,524.6841430664062,1500.0
21.133334435522556,1.842568039894104,-1.3051776885986328,0.7599024176597595,-1.0060861110687256,0.48005104064941406,0.6020573377609253,-0.30188170075416565,-0.04188261553645134,-0.3276495933532715,-1.053817629814148,-0.12855392694473267,1.0908139944076538,6.384849548339844,-52.314697265625,-110.8861083984375,-158.884521484375,5.1212310791015625,-1.22308349609375,6.384849548339844,-52.314697265625,-110.8861083984375,-158.884521484375,5.1212310791015625,-1.22308349609375,6.384849548339844,-52.314697265625,-110.8861083984375,-158.884521484375,5.1212310791015625,-1.22308349609375
21.150001103058457,1.8369643688201904,-1.3056472539901733,0.7547471523284912,-1.0231022834777832,0.478039413690567,0.620563805103302,-0.3366115391254425,-0.039756469428539276,-0.33479565382003784,-1.065970778465271,-0.11663796752691269,1.1105716228485107,-1500.0,14.4776611328125,-601.9114990234375,-1325.531005859375,401.43310546875,1500.0,-1500.0,14.4776611328125,-601.9114990234375,-1325.531005859375,401.43310546875,1500.0,-1500.0,14.4776611328125,-601.9114990234375,-1325.531005859375,401.43310546875,1500.0
21.16666777059436,1.8314446210861206,-1.3061140775680542,0.7496485114097595,-1.039953351020813,0.4760687053203583,0.6387642621994019,-0.33108431100845337,-0.03935094550251961,-0.32982707023620605,-1.0492838621139526,-0.1146649569272995,1.0923694372177124,6.4289703369140625,-51.785552978515625,-109.8585205078125,-158.758056640625,5.2598114013671875,-1.22308349609375,6.4289703369140625,-51.785552978515625,-109.8585205078125,-158.758056640625,5.2598114013671875,-1.22308349609375,6.4289703369140625,-51.785552978515625,-109.8585205078125,-158.758056640625,5.2598114013671875,-1.22308349609375
21.18333443813026,1.8253649473190308,-1.3065383434295654,0.7444490790367126,-1.0568915605545044,0.47428709268569946,0.6572751402854919,-0.36513590812683105,-0.036988988518714905,-0.33682817220687866,-1.0603302717208862,-0.10288194566965103,1.1108551025390625,-1500.0,25.38226318359375,-598.2042236328125,-1279.978759765625,405.5497131347656,1478.626708984375,-1500.0,25.38226318359375,-598.2042236328125,-1279.978759765625,405.5497131347656,1478.626708984375,-1500.0,25.38226318359375,-598.2042236328125,-1279.978759765625,405.5497131347656,1478.626708984375
21.20000110566616,1.8193774223327637,-1.3069597482681274,0.7393087148666382,-1.0736610889434814,0.4725422263145447,0.6754802465438843,-0.3591407239437103,-0.036626026034355164,-0.33181753754615784,-1.0437263250350952,-0.1011347770690918,1.092647910118103,6.601806640625,-52.125396728515625,-110.1827392578125,-160.593994140625,5.493760108947754,-1.2350082397460938,6.601806640625,-52.125396728515625,-110.1827392578125,-160.593994140625,5.493760108947754,-1.2350082397460938,6.601806640625,-52.125396728515625,-110.1827392578125,-160.593994140625,5.493760108947754,-1.2350082397460938
21.21666777320206,1.8126273155212402,-1.3073216676712036,0.7340070009231567,-1.0906181335449219,0.47103700041770935,0.6941642165184021,-0.4054943323135376,-0.03326874226331711,-0.34260818362236023,-1.0622018575668335,-0.08620834350585938,1.1211779117584229,-1500.0,66.91329956054688,-754.5555419921875,-1500.0,542.5634765625,1500.0,-1500.0,66.91329956054688,-754.5555419921875,-1500.0,542.5634765625,1500.0,-1500.0,66.91329956054688,-754.5555419921875,-1500.0,542.5634765625,1500.0
21.233334440737963,1.8059773445129395,-1.3076822757720947,0.7287612557411194,-1.1074329614639282,0.46956589818000793,0.7125390768051147,-0.39883485436439514,-0.03298346698284149,-0.3375321626663208,-1.0456125736236572,-0.0847327709197998,1.102799892425537,6.84857177734375,-52.901275634765625,-110.861083984375,-162.7254638671875,5.715190887451172,-1.251708984375,6.84857177734375,-52.901275634765625,-110.861083984375,-162.7254638671875,5.715190887451172,-1.251708984375,6.84857177734375,-52.901275634765625,-110.861083984375,-162.7254638671875,5.715190887451172,-1.251708984375
21.250001108273864,1.7987971305847168,-1.3079928159713745,0.7234153747558594,-1.1243045330047607,0.4682779610157013,0.731167733669281,-0.4311170279979706,-0.030132118612527847,-0.34410956501960754,-1.0538582801818848,-0.07336755841970444,1.1178920269012451,-1500.0,49.720428466796875,-584.30078125,-1163.6019287109375,408.87652587890625,1347.61572265625,-1500.0,49.720428466796875,-584.30078125,-1163.6019287109375,408.87652587890625,1347.61572265625,-1500.0,49.720428466796875,-584.30078125,-1163.6019287109375,408.87652587890625,1347.61572265625
21.266667775809765,1.7917269468307495,-1.3083009719848633,0.718134343624115,-1.140995740890503,0.46701791882514954,0.7494882345199585,-0.42404019832611084,-0.029874272644519806,-0.33895131945610046,-1.0373220443725586,-0.07210583239793777,1.09956955909729,6.845001220703125,-51.91192626953125,-107.36944580078125,-158.9107666015625,5.785524368286133,-1.2159423828125,6.845001220703125,-51.91192626953125,-107.36944580078125,-158.9107666015625,5.785524368286133,-1.2159423828125,6.845001220703125,-51.91192626953125,-107.36944580078125,-158.9107666015625,5.785524368286133,-1.2159423828125
21.283334443345666,1.7841393947601318,-1.308557152748108,0.7127534747123718,-1.1577316522598267,0.4659375250339508,0.7680384516716003,-0.4555512070655823,-0.02684459462761879,-0.34535831212997437,-1.0444326400756836,-0.06097988411784172,1.1132032871246338,-1500.0,59.387603759765625,-576.2899169921875,-1110.3868408203125,407.73406982421875,1286.165771484375,-1500.0,59.387603759765625,-576.2899169921875,-1110.3868408203125,407.73406982421875,1286.165771484375,-1500.0,59.387603759765625,-576.2899169921875,-1110.3868408203125,407.73406982421875,1286.165771484375
21.300001110881567,1.776668667793274,-1.308811068534851,0.7074398994445801,-1.1742833852767944,0.46488115191459656,0.7862818837165833,-0.448074609041214,-0.026636701077222824,-0.3401627838611603,-1.0280312299728394,-0.05992162972688675,1.0949572324752808,6.903411865234375,-51.55230712890625,-104.77545166015625,-156.526611328125,5.911886692047119,-1.1920928955078125,6.903411865234375,-51.55230712890625,-104.77545166015625,-156.526611328125,5.911886692047119,-1.1920928955078125,6.903411865234375,-51.55230712890625,-104.77545166015625,-156.526611328125,5.911886692047119,-1.1920928955078125
21.316667778417468,1.7684855461120605,-1.3089933395385742,0.7019667625427246,-1.1909633874893188,0.4640527367591858,0.8048921227455139,-0.4913848042488098,-0.022420277819037437,-0.35016804933547974,-1.0411226749420166,-0.04581521451473236,1.1167396306991577,-1500.0,109.954345703125,-721.22216796875,-1344.671142578125,537.1263427734375,1500.0,-1500.0,109.954345703125,-721.22216796875,-1344.671142578125,537.1263427734375,1500.0,-1500.0,109.954345703125,-721.22216796875,-1344.671142578125,537.1263427734375,1500.0
21.33333444595337,1.7604271173477173,-1.3091741800308228,0.6965604424476624,-1.2074792385101318,0.4632457196712494,0.8231942653656006,-0.4833183288574219,-0.022293705493211746,-0.34489932656288147,-1.024786114692688,-0.045005183666944504,1.0984361171722412,7.054805755615234,-51.411773681640625,-102.0860595703125,-153.8133544921875,6.006360054016113,-1.158721923828125,7.054805755615234,-51.411773681640625,-102.0860595703125,-153.8133544921875,6.006360054016113,-1.158721923828125,7.054805755615234,-51.411773681640625,-102.0860595703125,-153.8133544921875,6.006360054016113,-1.158721923828125
21.35000111348927,1.7518831491470337,-1.3092979192733765,0.6910560727119446,-1.2240079641342163,0.462608277797699,0.8416627049446106,-0.5128645896911621,-0.01891477406024933,-0.35082635283470154,-1.029050350189209,-0.034546930342912674,1.1082769632339478,-1500.0,80.070556640625,-554.0549926757812,-979.2041015625,398.82391357421875,1131.274658203125,-1500.0,80.070556640625,-554.0549926757812,-979.2041015625,398.82391357421875,1131.274658203125,-1500.0,80.070556640625,-554.0549926757812,-979.2041015625,398.82391357421875,1131.274658203125
21.36666778102517,1.7434725761413574,-1.3094202280044556,0.6856247782707214,-1.240342617034912,0.4619867503643036,0.8598259687423706,-0.5044490694999695,-0.018827948719263077,-0.34549829363822937,-1.0128421783447266,-0.033924512565135956,1.0901126861572266,6.9713592529296875,-50.13714599609375,-96.79913330078125,-147.4857177734375,5.991458892822266,-1.096710205078125,6.9713592529296875,-50.13714599609375,-96.79913330078125,-147.4857177734375,5.991458892822266,-1.096710205078125,6.9713592529296875,-50.13714599609375,-96.79913330078125,-147.4857177734375,5.991458892822266,-1.096710205078125
21.383334448561072,1.7345902919769287,-1.3094840049743652,0.680096447467804,-1.2566767930984497,0.4615296423435211,0.8781288266181946,-0.5331631302833557,-0.01533198170363903,-0.35123226046562195,-1.0159595012664795,-0.02380586974322796,1.0983420610427856,-1496.87060546875,87.99142456054688,-542.5810546875,-920.20751953125,392.4775085449219,1060.21875,-1496.87060546875,87.99142456054688,-542.5810546875,-920.20751953125,392.4775085449219,1060.21875,-1496.87060546875,87.99142456054688,-542.5810546875,-920.20751953125,392.4775085449219,1060.21875
21.400001116096973,1.7258470058441162,-1.3095462322235107,0.6746436357498169,-1.2728149890899658,0.46108517050743103,0.89612877368927,-0.5244148373603821,-0.015299893915653229,-0.34587419033050537,-0.9999359250068665,-0.023360764607787132,1.0803406238555908,6.9832916259765625,-49.296173095703125,-92.08917236328125,-142.1475830078125,6.016120433807373,-1.07049560546875,6.9832916259765625,-49.296173095703125,-92.08917236328125,-142.1475830078125,6.016120433807373,-1.07049560546875,6.9832916259765625,-49.296173095703125,-92.08917236328125,-142.1475830078125,6.016120433807373,-1.07049560546875
21.416667783632874,1.7164466381072998,-1.3095293045043945,0.6690360307693481,-1.2890160083770752,0.4608488976955414,0.9143702387809753,-0.5643180012702942,-0.01049527246505022,-0.35498571395874023,-1.0075396299362183,-0.010553503409028053,1.0945955514907837,-1500.0,144.38394165039062,-675.923828125,-1088.454833984375,508.8046569824219,1298.8519287109375,-1500.0,144.38394165039062,-675.923828125,-1088.454833984375,508.8046569824219,1298.8519287109375,-1500.0,144.38394165039062,-675.923828125,-1088.454833984375,508.8046569824219,1298.8519287109375
21.433334451168776,1.707191824913025,-1.3095110654830933,0.6635054349899292,-1.3050360679626465,0.46062251925468445,0.9323098659515381,-0.5550578236579895,-0.010544072836637497,-0.34955140948295593,-0.991637110710144,-0.010326141491532326,1.0766550302505493,7.01904296875,-48.47802734375,-87.15869140625,-136.2657470703125,5.965121269226074,-1.00372314453125,7.01904296875,-48.47802734375,-87.15869140625,-136.2657470703125,5.965121269226074,-1.00372314453125,7.01904296875,-48.47802734375,-87.15869140625,-136.2657470703125,5.965121269226074,-1.00372314453125
21.450001118704677,1.6974996328353882,-1.3094327449798584,0.6578818559646606,-1.3210210800170898,0.4605466425418854,0.9503204226493835,-0.5816848278045654,-0.006850296165794134,-0.35475781559944153,-0.9919127225875854,-0.0011041942052543163,1.0807762145996094,-1445.8560791015625,103.72610473632812,-514.49658203125,-779.547607421875,371.73876953125,884.3112182617188,-1445.8560791015625,103.72610473632812,-514.49658203125,-779.547607421875,371.73876953125,884.3112182617188,-1445.8560791015625,103.72610473632812,-514.49658203125,-779.547607421875,371.73876953125,884.3112182617188
21.466667786240578,1.6879602670669556,-1.309353232383728,0.6523388624191284,-1.3368030786514282,0.46047624945640564,0.9680330753326416,-0.5721420049667358,-0.006947696208953857,-0.34928998351097107,-0.9762136936187744,-0.0010341323213651776,1.0630625486373901,6.911750793457031,-47.15777587890625,-81.297119140625,-129.122802734375,5.895952224731445,-0.95843505859375,6.911750793457031,-47.15777587890625,-81.297119140625,-129.122802734375,5.895952224731445,-0.95843505859375,6.911750793457031,-47.15777587890625,-81.297119140625,-129.122802734375,5.895952224731445,-0.95843505859375
21.48333445377648,1.6779979467391968,-1.3092131614685059,0.6467048525810242,-1.3525364398956299,0.460549533367157,0.9857879281044006,-0.5979047417640686,-0.0032025384716689587,-0.3542865514755249,-0.9753525257110596,0.007758458144962788,1.0654546022415161,-1422.1763916015625,109.31045532226562,-501.06048583984375,-717.558837890625,360.459228515625,804.944091796875,-1422.1763916015625,109.31045532226562,-501.06048583984375,-717.558837890625,360.459228515625,804.944091796875,-1422.1763916015625,109.31045532226562,-501.06048583984375,-717.558837890625,360.459228515625,804.944091796875
21.50000112131238,1.6681926250457764,-1.3090729713439941,0.64115309715271,-1.3680657148361206,0.46062541007995605,1.003249168395996,-0.5880973935127258,-0.0033560472074896097,-0.3488003611564636,-0.9598920345306396,0.007681948598474264,1.0479915142059326,6.825927734375,-46.09869384765625,-75.83740234375,-122.671142578125,5.824249267578125,-0.932220458984375,6.825927734375,-46.09869384765625,-75.83740234375,-122.671142578125,5.824249267578125,-0.932220458984375,6.825927734375,-46.09869384765625,-75.83740234375,-122.671142578125,5.824249267578125,-0.932220458984375
21.51666778884828,1.6577905416488647,-1.308850646018982,0.6354564428329468,-1.3835891485214233,0.4608824551105499,1.0208162069320679,-0.6243646740913391,0.0017458689399063587,-0.3569349944591522,-0.9620059132575989,0.018749743700027466,1.0541040897369385,-1500.0,168.07208251953125,-623.4718017578125,-821.111083984375,458.6776428222656,946.3214111328125,-1500.0,168.07208251953125,-623.4718017578125,-821.111083984375,458.6776428222656,946.3214111328125,-1500.0,168.07208251953125,-623.4718017578125,-821.111083984375,458.6776428222656,946.3214111328125
21.533334456384182,1.6475505828857422,-1.3086272478103638,0.6298449039459229,-1.3989193439483643,0.46113961935043335,1.0380922555923462,-0.6141228675842285,0.0015156856970861554,-0.35137900710105896,-0.946727454662323,0.018491476774215698,1.0368266105651855,6.773471832275391,-44.8975830078125,-70.22021484375,-115.61865234375,5.684047698974609,-0.863067626953125,6.773471832275391,-44.8975830078125,-70.22021484375,-115.61865234375,5.684047698974609,-0.863067626953125,6.773471832275391,-44.8975830078125,-70.22021484375,-115.61865234375,5.684047698974609,-0.863067626953125
21.550001123920083,1.6369225978851318,-1.3083442449569702,0.6241487264633179,-1.4141645431518555,0.46152323484420776,1.0553385019302368,-0.6377474069595337,0.005301434081047773,-0.3558202087879181,-0.9430863261222839,0.026185400784015656,1.0348877906799316,-1363.4013671875,118.96316528320312,-470.39990234375,-573.453857421875,328.68341064453125,611.4959716796875,-1363.4013671875,118.96316528320312,-470.39990234375,-573.453857421875,328.68341064453125,611.4959716796875,-1363.4013671875,118.96316528320312,-470.39990234375,-573.453857421875,328.68341064453125,611.4959716796875
21.566667791455984,1.6264634132385254,-1.3080614805221558,0.6185390949249268,-1.4292036294937134,0.46190348267555237,1.0722986459732056,-0.627286970615387,0.005017292685806751,-0.35025617480278015,-0.9280852675437927,0.02580384537577629,1.0179263353347778,6.699562072753906,-43.78692626953125,-64.9046630859375,-109.291015625,5.581825256347656,-0.80108642578125,6.699562072753906,-43.78692626953125,-64.9046630859375,-109.291015625,5.581825256347656,-0.80108642578125,6.699562072753906,-43.78692626953125,-64.9046630859375,-109.291015625,5.581825256347656,-0.80108642578125
21.583334458991885,1.615630865097046,-1.3077197074890137,0.6128478646278381,-1.4441429376602173,0.4624021649360657,1.0891988277435303,-0.650043785572052,0.008787841536104679,-0.35448089241981506,-0.9233433604240417,0.03299044445157051,1.0141801834106445,-1336.9798583984375,121.763671875,-456.5072021484375,-511.1407470703125,312.86895751953125,525.4459228515625,-1336.9798583984375,121.763671875,-456.5072021484375,-511.1407470703125,312.86895751953125,525.4459228515625,-1336.9798583984375,121.763671875,-456.5072021484375,-511.1407470703125,312.86895751953125,525.4459228515625
21.600001126527786,1.604970097541809,-1.3073785305023193,0.6072445511817932,-1.4588767290115356,0.4628952145576477,1.1058193445205688,-0.6393827795982361,0.008450237102806568,-0.34891432523727417,-0.9086344242095947,0.032495446503162384,0.997559130191803,6.59466552734375,-42.72918701171875,-59.8692626953125,-103.2447509765625,5.457698822021484,-0.715240478515625,6.59466552734375,-42.72918701171875,-59.8692626953125,-103.2447509765625,5.457698822021484,-0.715240478515625,6.59466552734375,-42.72918701171875,-59.8692626953125,-103.2447509765625,5.457698822021484,-0.715240478515625
21.616667794063687,1.5937741994857788,-1.3069581985473633,0.6015092134475708,-1.4735312461853027,0.46353578567504883,1.1224030256271362,-0.6719172596931458,0.013545578345656395,-0.3560321033000946,-0.9053751826286316,0.041437868028879166,0.9950951933860779,-1500.0,179.20343017578125,-568.8333129882812,-552.36572265625,388.588623046875,564.126953125,-1500.0,179.20343017578125,-568.8333129882812,-552.36572265625,388.588623046875,564.126953125,-1500.0,179.20343017578125,-568.8333129882812,-552.36572265625,388.588623046875,564.126953125
21.63333446159959,1.5827540159225464,-1.3065377473831177,0.5958648920059204,-1.4879893064498901,0.4641684889793396,1.13871169090271,-0.6608985662460327,0.01313888467848301,-0.35040926933288574,-0.8909156918525696,0.04080217331647873,0.9787861108779907,6.482601165771484,-41.4234619140625,-54.708740234375,-96.5548095703125,5.268901824951172,-0.66278076171875,6.482601165771484,-41.4234619140625,-54.708740234375,-96.5548095703125,5.268901824951172,-0.66278076171875,6.482601165771484,-41.4234619140625,-54.708740234375,-96.5548095703125,5.268901824951172,-0.66278076171875
21.65000112913549,1.5713955163955688,-1.3060611486434937,0.5901473760604858,-1.502310872077942,0.4648993909358978,1.1548868417739868,-0.6815308928489685,0.01679098606109619,-0.354076087474823,-0.8835199475288391,0.046721991151571274,0.9705897569656372,-1273.1956787109375,124.47103881835938,-425.97412109375,-368.73583984375,271.2001037597656,318.5057373046875,-1273.1956787109375,124.47103881835938,-425.97412109375,-368.73583984375,271.2001037597656,318.5057373046875,-1273.1956787109375,124.47103881835938,-425.97412109375,-368.73583984375,271.2001037597656,318.5057373046875
21.66666779667139,1.5602179765701294,-1.305586338043213,0.5845205783843994,-1.5164291858673096,0.4656200408935547,1.1707936525344849,-0.6703543066978455,0.01632959581911564,-0.3484702408313751,-0.8694014549255371,0.0459987111389637,0.9546820521354675,6.4373016357421875,-40.67694091796875,-50.60076904296875,-91.702880859375,5.171298980712891,-0.6461181640625,6.4373016357421875,-40.67694091796875,-50.60076904296875,-91.702880859375,5.171298980712891,-0.6461181640625,6.4373016357421875,-40.67694091796875,-50.60076904296875,-91.702880859375,5.171298980712891,-0.6461181640625
21.68333446420729,1.5487159490585327,-1.3050570487976074,0.5788236260414124,-1.5303958654403687,0.46642959117889404,1.186535358428955,-0.690140962600708,0.019898753613233566,-0.35192570090293884,-0.860967755317688,0.051348619163036346,0.9446452856063843,-1245.2149658203125,124.12289428710938,-412.66796875,-308.134521484375,251.427734375,227.6134033203125,-1245.2149658203125,124.12289428710938,-412.66796875,-308.134521484375,251.427734375,227.6134033203125,-1245.2149658203125,124.12289428710938,-412.66796875,-308.134521484375,251.427734375,227.6134033203125
21.700001131743193,1.5373971462249756,-1.304530143737793,0.573218047618866,-1.5441616773605347,0.46722736954689026,1.202017068862915,-0.6788241863250732,0.019389253109693527,-0.3463347256183624,-0.8471910357475281,0.050547972321510315,0.9291636943817139,6.3323974609375,-39.81500244140625,-46.571533203125,-86.8154296875,5.049407958984375,-0.5841217041015625,6.3323974609375,-39.81500244140625,-46.571533203125,-86.8154296875,5.049407958984375,-0.5841217041015625,6.3323974609375,-39.81500244140625,-46.571533203125,-86.8154296875,5.049407958984375,-0.5841217041015625
21.716667799279094,1.5256043672561646,-1.3039311170578003,0.5674962997436523,-1.5577741861343384,0.4681335985660553,1.2173142433166504,-0.7076485753059387,0.0241707693785429,-0.3524397611618042,-0.8387981057167053,0.057044412940740585,0.9178912043571472,-1500.0,176.62823486328125,-515.4871826171875,-289.9696044921875,300.95355224609375,160.450927734375,-1500.0,176.62823486328125,-515.4871826171875,-289.9696044921875,300.95355224609375,160.450927734375,-1500.0,176.62823486328125,-515.4871826171875,-289.9696044921875,300.95355224609375,160.450927734375
21.733334466814995,1.5139979124069214,-1.3033325672149658,0.561869204044342,-1.5711941719055176,0.469026118516922,1.2323589324951172,-0.6960453987121582,0.023603171110153198,-0.34681108593940735,-0.8253374695777893,0.05614735931158066,0.9028473496437073,6.239410400390625,-38.593475341796875,-42.41583251953125,-81.186279296875,4.846752166748047,-0.53643798828125,6.239410400390625,-38.593475341796875,-42.41583251953125,-81.186279296875,4.846752166748047,-0.53643798828125,6.239410400390625,-38.593475341796875,-42.41583251953125,-81.186279296875,4.846752166748047,-0.53643798828125
21.750001134350896,1.5021005868911743,-1.3026851415634155,0.5561811923980713,-1.5844265222549438,0.46998506784439087,1.24716317653656,-0.713779866695404,0.026896502822637558,-0.34973037242889404,-0.8144373297691345,0.060100894421339035,0.8883481025695801,-1179.0394287109375,119.3594970703125,-383.839599609375,-171.232177734375,201.27281188964844,11.689697265625,-1179.0394287109375,119.3594970703125,-383.839599609375,-171.232177734375,201.27281188964844,11.689697265625,-1179.0394287109375,119.3594970703125,-383.839599609375,-171.232177734375,201.27281188964844,11.689697265625
21.766667801886797,1.4903936386108398,-1.3020411729812622,0.5505859851837158,-1.597463846206665,0.47092893719673157,1.2617231607437134,-0.7020753622055054,0.026277685537934303,-0.3441389501094818,-0.8013709783554077,0.05915321782231331,0.8737889528274536,6.232261657714844,-38.27081298828125,-39.54766845703125,-77.9437255859375,4.7734375,-0.510223388671875,6.232261657714844,-38.27081298828125,-39.54766845703125,-77.9437255859375,4.7734375,-0.510223388671875,6.232261657714844,-38.27081298828125,-39.54766845703125,-77.9437255859375,4.7734375,-0.510223388671875
21.783334469422698,1.4784090518951416,-1.3013510704040527,0.5449336767196655,-1.6102993488311768,0.4719294309616089,1.2760123014450073,-0.7190088033676147,0.02942316234111786,-0.3468606173992157,-0.7895205616950989,0.06249137222766876,0.8574621677398682,-1150.55078125,115.75643920898438,-371.57293701171875,-113.7518310546875,178.20208740234375,-82.0040283203125,-1150.55078125,115.75643920898438,-371.57293701171875,-113.7518310546875,178.20208740234375,-82.0040283203125,-1150.55078125,115.75643920898438,-371.57293701171875,-113.7518310546875,178.20208740234375,-82.0040283203125
21.8000011369586,1.4666166305541992,-1.3006649017333984,0.5393742918968201,-1.6229442358016968,0.4729139804840088,1.2900651693344116,-0.7072195410728455,0.02876509167253971,-0.3413008749485016,-0.7768397927284241,0.061502501368522644,0.8434097766876221,6.1702728271484375,-37.666717529296875,-36.6138916015625,-74.3485107421875,4.656166076660156,-0.498291015625,6.1702728271484375,-37.666717529296875,-36.6138916015625,-74.3485107421875,4.656166076660156,-0.498291015625,6.1702728271484375,-37.666717529296875,-36.6138916015625,-74.3485107421875,4.656166076660156,-0.498291015625
21.8166678044945,1.4544087648391724,-1.299918532371521,0.533715546131134,-1.6353635787963867,0.47396326065063477,1.3037859201431274,-0.7324617505073547,0.032931700348854065,-0.34643781185150146,-0.7636643052101135,0.06530794501304626,0.8233100771903992,-1491.9208984375,159.8887939453125,-465.35614013671875,-39.7109375,198.6688232421875,-255.59661865234375,-1491.9208984375,159.8887939453125,-465.35614013671875,-39.7109375,198.6688232421875,-255.59661865234375,-1491.9208984375,159.8887939453125,-465.35614013671875,-39.7109375,198.6688232421875,-255.59661865234375
21.8333344720304,1.442394733428955,-1.2991735935211182,0.5281525254249573,-1.6476010084152222,0.4749952554702759,1.3172792196273804,-0.720453143119812,0.0322297029197216,-0.34086036682128906,-0.7513642311096191,0.06427023559808731,0.8098169565200806,6.082061767578125,-36.630340576171875,-33.52880859375,-69.956787109375,4.479885101318359,-0.438690185546875,6.082061767578125,-36.630340576171875,-33.52880859375,-69.956787109375,4.479885101318359,-0.438690185546875,6.082061767578125,-36.630340576171875,-33.52880859375,-69.956787109375,4.479885101318359,-0.438690185546875
21.850001139566302,1.4301352500915527,-1.2983901500701904,0.522541344165802,-1.6596019268035889,0.4760596752166748,1.3304301500320435,-0.7354544997215271,0.03495081886649132,-0.3430860638618469,-0.737284779548645,0.06612448394298553,0.7891305088996887,-1084.339599609375,103.48587036132812,-345.1358642578125,15.122802734375,121.18965148925781,-301.8546142578125,-1084.339599609375,103.48587036132812,-345.1358642578125,15.122802734375,121.18965148925781,-301.8546142578125,-1084.339599609375,103.48587036132812,-345.1358642578125,15.122802734375,121.18965148925781,-301.8546142578125
21.866667807102203,1.4180718660354614,-1.2976118326187134,0.5170233249664307,-1.6714218854904175,0.47710639238357544,1.3433626890182495,-0.7233957052230835,0.034205444157123566,-0.33756160736083984,-0.7254193425178528,0.06507287919521332,0.7761973142623901,6.0939788818359375,-36.69647216796875,-31.66082763671875,-68.0184326171875,4.44293212890625,-0.433929443359375,6.0939788818359375,-36.69647216796875,-31.66082763671875,-68.0184326171875,4.44293212890625,-0.433929443359375,6.0939788818359375,-36.69647216796875,-31.66082763671875,-68.0184326171875,4.44293212890625,-0.433929443359375
21.883334474638104,1.4057756662368774,-1.296798825263977,0.5114607810974121,-1.6829923391342163,0.4781751334667206,1.3559232950210571,-0.7376588582992554,0.03671817108988762,-0.33960944414138794,-0.7104969620704651,0.06628424674272537,0.7537433505058289,-1056.3134765625,96.68572998046875,-334.05902099609375,68.5263671875,95.57038116455078,-396.13726806640625,-1056.3134765625,96.68572998046875,-334.05902099609375,68.5263671875,95.57038116455078,-396.13726806640625,-1056.3134765625,96.68572998046875,-334.05902099609375,68.5263671875,95.57038116455078,-396.13726806640625
21.900001142174006,1.3936772346496582,-1.2959908246994019,0.5059908628463745,-1.6943877935409546,0.47922590374946594,1.368275761604309,-0.7255646586418152,0.03594541922211647,-0.3341311812400818,-0.6990535855293274,0.06522880494594574,0.7413909435272217,6.060600280761719,-36.3436279296875,-29.643798828125,-65.55078125,4.366039276123047,-0.402923583984375,6.060600280761719,-36.3436279296875,-29.643798828125,-65.55078125,4.366039276123047,-0.402923583984375,6.060600280761719,-36.3436279296875,-29.643798828125,-65.55078125,4.366039276123047,-0.402923583984375
21.916667809709907,1.381218671798706,-1.2951383590698242,0.5004383325576782,-1.7054896354675293,0.48029497265815735,1.3801530599594116,-0.747443437576294,0.03921373933553696,-0.33837342262268066,-0.6815437078475952,0.06617943197488785,0.7126654386520386,-1367.485595703125,129.27828979492188,-419.242431640625,194.11083984375,84.99652099609375,-674.3121337890625,-1367.485595703125,129.27828979492188,-419.242431640625,194.11083984375,84.99652099609375,-674.3121337890625,-1367.485595703125,129.27828979492188,-419.242431640625,194.11083984375,84.99652099609375,-674.3121337890625
21.933334477245808,1.3689587116241455,-1.2942887544631958,0.4949807822704315,-1.7164247035980225,0.4813453257083893,1.3918336629867554,-0.735190212726593,0.03841347247362137,-0.33289602398872375,-0.6705361604690552,0.06512273102998734,0.7009857296943665,6.008148193359375,-35.5531005859375,-27.45147705078125,-62.2105712890625,4.20867919921875,-0.38385009765625,6.008148193359375,-35.5531005859375,-27.45147705078125,-62.2105712890625,4.20867919921875,-0.38385009765625,6.008148193359375,-35.5531005859375,-27.45147705078125,-62.2105712890625,4.20867919921875,-0.38385009765625
21.95000114478171,1.356494426727295,-1.293413758277893,0.4894871711730957,-1.7270792722702026,0.48239269852638245,1.403072476387024,-0.7476836442947388,0.04036708176136017,-0.3344992995262146,-0.6536667346954346,0.06480784714221954,0.6743829846382141,-992.219482421875,77.23104858398438,-310.20050048828125,187.35888671875,33.504364013671875,-614.9220581054688,-992.219482421875,77.23104858398438,-310.20050048828125,187.35888671875,33.504364013671875,-614.9220581054688,-992.219482421875,77.23104858398438,-310.20050048828125,187.35888671875,33.504364013671875,-614.9220581054688
21.96666781231761,1.3442307710647583,-1.292545199394226,0.4840857982635498,-1.737570881843567,0.4834218919277191,1.414124608039856,-0.7354242205619812,0.03953548148274422,-0.32908686995506287,-0.6431238055229187,0.06377386301755905,0.6633307933807373,6.089210510253906,-35.91314697265625,-26.32501220703125,-61.2353515625,4.204811096191406,-0.364776611328125,6.089210510253906,-35.91314697265625,-26.32501220703125,-61.2353515625,4.204811096191406,-0.364776611328125,6.089210510253906,-35.91314697265625,-26.32501220703125,-61.2353515625,4.204811096191406,-0.364776611328125
21.98333447985351,1.331773281097412,-1.29165518283844,0.47865140438079834,-1.7477706670761108,0.48443734645843506,1.4247080087661743,-0.7472559809684753,0.04122723266482353,-0.33053651452064514,-0.6255344152450562,0.06280715763568878,0.6350675821304321,-965.4951171875,67.4490966796875,-300.3489990234375,235.9962158203125,6.11468505859375,-707.5548706054688,-965.4951171875,67.4490966796875,-300.3489990234375,235.9962158203125,6.11468505859375,-707.5548706054688,-965.4951171875,67.4490966796875,-300.3489990234375,235.9962158203125,6.11468505859375,-707.5548706054688
22.000001147389412,1.3195164203643799,-1.2907723188400269,0.4733082354068756,-1.7578140497207642,0.48543503880500793,1.4351152181625366,-0.7350043058395386,0.04038139432668686,-0.3251815140247345,-0.6154395341873169,0.06180517375469208,0.6246600151062012,6.0749053955078125,-35.8216552734375,-24.98748779296875,-59.587890625,4.164722442626953,-0.362396240234375,6.0749053955078125,-35.8216552734375,-24.98748779296875,-59.587890625,4.164722442626953,-0.362396240234375,6.0749053955078125,-35.8216552734375,-24.98748779296875,-59.587890625,4.164722442626953,-0.362396240234375
22.016667814925313,1.3069500923156738,-1.2898635864257812,0.4678976833820343,-1.7675023078918457,0.4864029288291931,1.4449102878570557,-0.753807783126831,0.042497001588344574,-0.32862231135368347,-0.5941258668899536,0.059823911637067795,0.5877277851104736,-1248.729248046875,85.71279907226562,-377.55133056640625,407.867431640625,-36.49577331542969,-1085.83447265625,-1248.729248046875,85.71279907226562,-377.55133056640625,407.867431640625,-36.49577331542969,-1085.83447265625,-1248.729248046875,85.71279907226562,-377.55133056640625,407.867431640625,-36.49577331542969,-1085.83447265625
22.033334482461214,1.2945846319198608,-1.2889596223831177,0.4625798761844635,-1.7770439386367798,0.48735302686691284,1.4545427560806274,-0.7414494156837463,0.04164270684123039,-0.32328444719314575,-0.5845130085945129,0.05886796489357948,0.5780954360961914,6.06298828125,-35.2607421875,-23.497314453125,-57.14892578125,4.0391082763671875,-0.34808349609375,6.06298828125,-35.2607421875,-23.497314453125,-57.14892578125,4.0391082763671875,-0.34808349609375,6.06298828125,-35.2607421875,-23.497314453125,-57.14892578125,4.0391082763671875,-0.34808349609375
22.050001149997115,1.282051682472229,-1.288045048713684,0.4572365880012512,-1.7862663269042969,0.48826438188552856,1.4636425971984863,-0.7517005205154419,0.04266023263335228,-0.3243476450443268,-0.5652934312820435,0.056378792971372604,0.5460072755813599,-905.1776123046875,41.460968017578125,-279.1190185546875,343.115234375,-59.05181884765625,-919.8784790039062,-905.1776123046875,41.460968017578125,-279.1190185546875,343.115234375,-59.05181884765625,-919.8784790039062,-905.1776123046875,41.460968017578125,-279.1190185546875,343.115234375,-59.05181884765625,-919.8784790039062
22.066667817533016,1.2697211503982544,-1.2871383428573608,0.4519832730293274,-1.7953475713729858,0.4891592860221863,1.4725905656814575,-0.7393746376037598,0.041789647191762924,-0.3190826177597046,-0.556162416934967,0.05547962710261345,0.53705894947052,6.184577941894531,-35.822998046875,-22.85955810546875,-56.772216796875,4.060863494873047,-0.345703125,6.184577941894531,-35.822998046875,-22.85955810546875,-56.772216796875,4.060863494873047,-0.345703125,6.184577941894531,-35.822998046875,-22.85955810546875,-56.772216796875,4.060863494873047,-0.345703125
22.083334485068917,1.257232666015625,-1.2862263917922974,0.4467070996761322,-1.8041001558303833,0.4900049567222595,1.4809809923171997,-0.7490501999855042,0.04250078648328781,-0.3200179934501648,-0.536357581615448,0.05235010012984276,0.5034597516059875,-880.3844604492188,29.03179931640625,-270.4715576171875,386.35009765625,-87.33495330810547,-1008.6739501953125,-880.3844604492188,29.03179931640625,-270.4715576171875,386.35009765625,-87.33495330810547,-1008.6739501953125,-880.3844604492188,29.03179931640625,-270.4715576171875,386.35009765625,-87.33495330810547,-1008.6739501953125
22.10000115260482,1.2449461221694946,-1.2853227853775024,0.44151973724365234,-1.8127188682556152,0.4908350706100464,1.4892324209213257,-0.736768364906311,0.041632279753685,-0.3148190379142761,-0.5276914834976196,0.05151594802737236,0.49520909786224365,6.177425384521484,-35.891845703125,-22.00958251953125,-55.7398681640625,4.019290924072266,-0.32305908203125,6.177425384521484,-35.891845703125,-22.00958251953125,-55.7398681640625,4.019290924072266,-0.32305908203125,6.177425384521484,-35.891845703125,-22.00958251953125,-55.7398681640625,4.019290924072266,-0.32305908203125
22.11666782014072,1.2323945760726929,-1.2844139337539673,0.43627843260765076,-1.8209279775619507,0.491587370634079,1.4967435598373413,-0.7528380155563354,0.04237985238432884,-0.31756341457366943,-0.5031703114509583,0.04661508649587631,0.4507003128528595,-1138.639404296875,30.62933349609375,-340.46173095703125,598.4150390625,-162.00604248046875,-1480.1837158203125,-1138.639404296875,30.62933349609375,-340.46173095703125,598.4150390625,-162.00604248046875,-1480.1837158203125,-1138.639404296875,30.62933349609375,-340.46173095703125,598.4150390625,-162.00604248046875,-1480.1837158203125
22.13333448767662,1.2200446128845215,-1.283511996269226,0.43112659454345703,-1.8290133476257324,0.4923246204853058,1.5041298866271973,-0.7404942512512207,0.041521769016981125,-0.31239408254623413,-0.49502402544021606,0.045872751623392105,0.4433145523071289,6.208404541015625,-35.62762451171875,-21.03448486328125,-54.0673828125,3.9364395141601562,-0.27777099609375,6.208404541015625,-35.62762451171875,-21.03448486328125,-54.0673828125,3.9364395141601562,-0.27777099609375,6.208404541015625,-35.62762451171875,-21.03448486328125,-54.0673828125,3.9364395141601562,-0.27777099609375
22.15000115521252,1.2075588703155518,-1.282616376876831,0.4259585440158844,-1.8367478847503662,0.49298831820487976,1.5109009742736816,-0.7487983107566833,0.041467487812042236,-0.3130051791667938,-0.4739305377006531,0.041270140558481216,0.40631699562072754,-825.245361328125,-2.60369873046875,-251.89398193359375,480.2989501953125,-153.58880615234375,-1209.335205078125,-825.245361328125,-2.60369873046875,-251.89398193359375,480.2989501953125,-153.58880615234375,-1209.335205078125,-825.245361328125,-2.60369873046875,-251.89398193359375,480.2989501953125,-153.58880615234375,-1209.335205078125
22.166667822748423,1.1952756643295288,-1.2817296981811523,0.4208771288394928,-1.8443645238876343,0.49363917112350464,1.517559289932251,-0.7365179061889648,0.0406118705868721,-0.30791404843330383,-0.4662735164165497,0.040615908801555634,0.3996589183807373,6.346702575683594,-36.2572021484375,-20.7281494140625,-54.05908203125,3.967731475830078,-0.276580810546875,6.346702575683594,-36.2572021484375,-20.7281494140625,-54.05908203125,3.967731475830078,-0.276580810546875,6.346702575683594,-36.2572021484375,-20.7281494140625,-54.05908203125,3.967731475830078,-0.276580810546875
22.183334490284324,1.1828640699386597,-1.28085458278656,0.41578173637390137,-1.851622223854065,0.49420636892318726,1.5235811471939087,-0.7443389296531677,0.04021794721484184,-0.30842313170433044,-0.44473958015441895,0.035402439534664154,0.36134326457977295,-802.9127197265625,-17.235595703125,-244.41839599609375,517.579345703125,-181.90383911132812,-1292.0606689453125,-802.9127197265625,-17.235595703125,-244.41839599609375,517.579345703125,-181.90383911132812,-1292.0606689453125,-802.9127197265625,-17.235595703125,-244.41839599609375,517.579345703125,-181.90383911132812,-1292.0606689453125
22.200001157820225,1.170654058456421,-1.2799890041351318,0.4107716381549835,-1.8587702512741089,0.4947621524333954,1.529502272605896,-0.7321321368217468,0.03938063979148865,-0.30340445041656494,-0.4375542104244232,0.034843508154153824,0.3554219603538513,6.392002105712891,-36.483245849609375,-20.2393798828125,-53.4700927734375,3.947021484375,-0.308746337890625,6.392002105712891,-36.483245849609375,-20.2393798828125,-53.4700927734375,3.947021484375,-0.308746337890625,6.392002105712891,-36.483245849609375,-20.2393798828125,-53.4700927734375,3.947021484375,-0.308746337890625
22.216667825356126,1.1582173109054565,-1.279141902923584,0.4057193398475647,-1.8654651641845703,0.49519357085227966,1.534571647644043,-0.7458381652832031,0.03859279677271843,-0.3055627644062042,-0.4104739725589752,0.02712388150393963,0.3041718006134033,-1039.26416015625,-34.09503173828125,-308.10357666015625,762.9764404296875,-287.63128662109375,-1500.0,-1039.26416015625,-34.09503173828125,-308.10357666015625,762.9764404296875,-287.63128662109375,-1500.0,-1039.26416015625,-34.09503173828125,-308.10357666015625,762.9764404296875,-287.63128662109375,-1500.0
22.233334492892027,1.1459816694259644,-1.2783031463623047,0.40075239539146423,-1.8720611333847046,0.4956147372722626,1.5395557880401611,-0.7336062788963318,0.03778684511780739,-0.300584077835083,-0.40383392572402954,0.02669912576675415,0.29918766021728516,6.44683837890625,-36.465362548828125,-19.6790771484375,-52.4365234375,3.8970260620117188,-0.265838623046875,6.44683837890625,-36.465362548828125,-19.6790771484375,-52.4365234375,3.8970260620117188,-0.265838623046875,6.44683837890625,-36.465362548828125,-19.6790771484375,-52.4365234375,3.8970260620117188,-0.265838623046875
22.250001160427928,1.1336368322372437,-1.277488112449646,0.3957769274711609,-1.8782814741134644,0.4959293603897095,1.54385507106781,-0.7402697801589966,0.03656478971242905,-0.30083167552948,-0.38137108087539673,0.020106665790081024,0.2579927146434784,-753.774658203125,-53.401123046875,-228.47650146484375,597.065673828125,-247.1802978515625,-1476.1102294921875,-753.774658203125,-53.401123046875,-228.47650146484375,597.065673828125,-247.1802978515625,-1476.1102294921875,-753.774658203125,-53.401123046875,-228.47650146484375,597.065673828125,-247.1802978515625,-1476.1102294921875
22.26666782796383,1.1214925050735474,-1.2766836881637573,0.39088431000709534,-1.8844095468521118,0.4962365925312042,1.548082709312439,-0.7281284928321838,0.03578055277466774,-0.29593294858932495,-0.37521636486053467,0.01979740895330906,0.2537653148174286,6.558891296386719,-37.12030029296875,-19.55389404296875,-52.634521484375,3.9331588745117188,-0.283721923828125,6.558891296386719,-37.12030029296875,-19.55389404296875,-52.634521484375,3.9331588745117188,-0.283721923828125,6.558891296386719,-37.12030029296875,-19.55389404296875,-52.634521484375,3.9331588745117188,-0.283721923828125
22.28333449549973,1.1092453002929688,-1.27590811252594,0.38598474860191345,-1.8901562690734863,0.4964279532432556,1.5516067743301392,-0.734398603439331,0.03419884294271469,-0.2961041331291199,-0.35246241092681885,0.01264207810163498,0.2114795446395874,-734.0645751953125,-69.6861572265625,-222.16082763671875,627.8836669921875,-274.63690185546875,-1500.0,-734.0645751953125,-69.6861572265625,-222.16082763671875,627.8836669921875,-274.63690185546875,-1500.0,-734.0645751953125,-69.6861572265625,-222.16082763671875,627.8836669921875,-274.63690185546875,-1500.0
22.30000116303563,1.097197413444519,-1.2751432657241821,0.38116663694381714,-1.8958189487457275,0.49661383032798767,1.5550718307495117,-0.7223525643348694,0.033450499176979065,-0.291281521320343,-0.3467780351638794,0.012454384937882423,0.20801511406898499,6.6280364990234375,-37.440826416015625,-19.3309326171875,-52.405517578125,3.9219093322753906,-0.2640533447265625,6.6280364990234375,-37.440826416015625,-19.3309326171875,-52.405517578125,3.9219093322753906,-0.2640533447265625,6.6280364990234375,-37.440826416015625,-19.3309326171875,-52.405517578125,3.9219093322753906,-0.2640533447265625
22.316667830571532,1.0849554538726807,-1.274420976638794,0.3763159513473511,-1.9009939432144165,0.4966316819190979,1.557589054107666,-0.7340760231018066,0.031015880405902863,-0.29296571016311646,-0.3178199827671051,0.0021019442938268185,0.1510375440120697,-951.8909912109375,-106.20159912109375,-280.5185546875,899.3101806640625,-409.470458984375,-1500.0,-951.8909912109375,-106.20159912109375,-280.5185546875,899.3101806640625,-409.470458984375,-1500.0,-951.8909912109375,-106.20159912109375,-280.5185546875,899.3101806640625,-409.470458984375,-1500.0
22.333334498107433,1.0729122161865234,-1.2737091779708862,0.3715461194515228,-1.9060969352722168,0.4966457486152649,1.5600632429122925,-0.722034215927124,0.03031877428293228,-0.2881915867328644,-0.3126968443393707,0.0020865481346845627,0.14856354892253876,6.725799560546875,-37.70843505859375,-19.12359619140625,-52.01220703125,3.9130935668945312,-0.25689697265625,6.725799560546875,-37.70843505859375,-19.12359619140625,-52.01220703125,3.9130935668945312,-0.25689697265625,6.725799560546875,-37.70843505859375,-19.12359619140625,-52.01220703125,3.9130935668945312,-0.25689697265625
22.350001165643334,1.0607810020446777,-1.2730382680892944,0.366773784160614,-1.9108071327209473,0.4965234398841858,1.5617965459823608,-0.7273606061935425,0.027877239510416985,-0.28816086053848267,-0.28938189148902893,-0.006312627345323563,0.1039997786283493,-691.4448852539062,-109.10064697265625,-208.79864501953125,691.926513671875,-336.9159240722656,-1500.0,-691.4448852539062,-109.10064697265625,-208.79864501953125,691.926513671875,-336.9159240722656,-1500.0,-691.4448852539062,-109.10064697265625,-208.79864501953125,691.926513671875,-336.9159240722656,-1500.0
22.366667833179235,1.048848271369934,-1.27237868309021,0.3620799779891968,-1.9154514074325562,0.4964006245136261,1.563499927520752,-0.7154271602630615,0.027223357930779457,-0.2834670841693878,-0.2847295105457306,-0.0061896806582808495,0.10229626297950745,6.8592987060546875,-38.275665283203125,-19.13433837890625,-52.2637939453125,3.9434432983398438,-0.270904541015625,6.8592987060546875,-38.275665283203125,-19.13433837890625,-52.2637939453125,3.9434432983398438,-0.270904541015625,6.8592987060546875,-38.275665283203125,-19.13433837890625,-52.2637939453125,3.9434432983398438,-0.270904541015625
22.383334500715137,1.0368317365646362,-1.2717653512954712,0.3573850393295288,-1.9196999073028564,0.49613314867019653,1.564448356628418,-0.7204489707946777,0.024414503946900368,-0.2833840847015381,-0.2612744867801666,-0.015087517909705639,0.05690319091081619,-674.5767822265625,-126.51123046875,-203.58087158203125,715.91259765625,-362.6715087890625,-1500.0,-674.5767822265625,-126.51123046875,-203.58087158203125,715.91259765625,-362.6715087890625,-1500.0,-674.5767822265625,-126.51123046875,-203.58087158203125,715.91259765625,-362.6715087890625,-1500.0
22.400001168251038,1.0250122547149658,-1.2711632251739502,0.3527669906616211,-1.9238910675048828,0.49586737155914307,1.565380334854126,-0.7086282968521118,0.02381301298737526,-0.2787679135799408,-0.25708261132240295,-0.014821716584265232,0.055971983820199966,6.957054138183594,-38.690338134765625,-19.103271484375,-52.348388671875,3.9410247802734375,-0.2631683349609375,6.957054138183594,-38.690338134765625,-19.103271484375,-52.348388671875,3.9410247802734375,-0.2631683349609375,6.957054138183594,-38.690338134765625,-19.103271484375,-52.348388671875,3.9410247802734375,-0.2631683349609375
22.41666783578694,1.0130242109298706,-1.2706278562545776,0.34812456369400024,-1.927570104598999,0.4953942596912384,1.5652880668640137,-0.7187405824661255,0.019680535420775414,-0.28008410334587097,-0.22694502770900726,-0.027540942654013634,-0.005561025347560644,-876.901123046875,-183.17153930664062,-257.556396484375,1005.732421875,-523.7236938476562,-1500.0,-876.901123046875,-183.17153930664062,-257.556396484375,1005.732421875,-523.7236938476562,-1500.0,-876.901123046875,-183.17153930664062,-257.556396484375,1005.732421875,-523.7236938476562,-1500.0
22.43333450332284,1.0012321472167969,-1.2701047658920288,0.3435578942298889,-1.9312055110931396,0.49492526054382324,1.5651955604553223,-0.7069457769393921,0.0191484522074461,-0.2755230665206909,-0.22332043945789337,-0.027070501819252968,-0.005468765273690224,7.112030029296875,-39.287200927734375,-19.2117919921875,-52.6094970703125,3.969818115234375,-0.2668304443359375,7.112030029296875,-39.287200927734375,-19.2117919921875,-52.6094970703125,3.969818115234375,-0.2668304443359375,7.112030029296875,-39.287200927734375,-19.2117919921875,-52.6094970703125,3.969818115234375,-0.2668304443359375
22.45000117085874,0.9893686771392822,-1.269639492034912,0.3389934301376343,-1.934438705444336,0.4942936897277832,1.5643210411071777,-0.7112211585044861,0.015480884350836277,-0.2752935290336609,-0.19967101514339447,-0.03703828901052475,-0.05247262865304947,-638.356201171875,-167.78326416015625,-192.6707763671875,763.8406982421875,-419.9986877441406,-1500.0,-638.356201171875,-167.78326416015625,-192.6707763671875,763.8406982421875,-419.9986877441406,-1500.0,-638.356201171875,-167.78326416015625,-192.6707763671875,763.8406982421875,-419.9986877441406,-1500.0
22.466667838394642,0.9776996970176697,-1.2691866159439087,0.3345029950141907,-1.93763267993927,0.4936698377132416,1.5634602308273315,-0.6995494961738586,0.01501390803605318,-0.27081000804901123,-0.1964922845363617,-0.036412712186574936,-0.05161166936159134,7.1978607177734375,-39.6915283203125,-19.27374267578125,-52.80853271484375,3.9756317138671875,-0.2686767578125,7.1978607177734375,-39.6915283203125,-19.27374267578125,-52.80853271484375,3.9756317138671875,-0.2686767578125,7.1978607177734375,-39.6915283203125,-19.27374267578125,-52.80853271484375,3.9756317138671875,-0.2686767578125
22.483334505930543,0.9659632444381714,-1.2687968015670776,0.33001580834388733,-1.9404240846633911,0.4928765594959259,1.561807632446289,-0.7035998106002808,0.010986607521772385,-0.27054935693740845,-0.1728522777557373,-0.04679989069700241,-0.09915956854820251,-624.1536254882812,-185.6439208984375,-188.49969482421875,780.7589111328125,-443.2225341796875,-1500.0,-624.1536254882812,-185.6439208984375,-188.49969482421875,780.7589111328125,-443.2225341796875,-1500.0,-624.1536254882812,-185.6439208984375,-188.49969482421875,780.7589111328125,-443.2225341796875,-1500.0
22.500001173466444,0.9544194936752319,-1.268418550491333,0.3256009519100189,-1.9431843757629395,0.49209368228912354,1.5601812601089478,-0.6920515298843384,0.010588496923446655,-0.26614436507225037,-0.17011556029319763,-0.04601447284221649,-0.09753292798995972,7.317066192626953,-40.14447021484375,-19.438262939453125,-53.18524169921875,3.9957427978515625,-0.2571868896484375,7.317066192626953,-40.14447021484375,-19.438262939453125,-53.18524169921875,3.9957427978515625,-0.2571868896484375,7.317066192626953,-40.14447021484375,-19.438262939453125,-53.18524169921875,3.9957427978515625,-0.2571868896484375
22.516667841002345,0.9427272081375122,-1.2681307792663574,0.32116812467575073,-1.945420265197754,0.49106958508491516,1.5574764013290405,-0.7008959054946899,0.0047727786004543304,-0.26718953251838684,-0.13949811458587646,-0.06076302379369736,-0.1623198688030243,-813.8870849609375,-262.19683837890625,-238.9693603515625,1081.1495361328125,-626.8358154296875,-1500.0,-813.8870849609375,-262.19683837890625,-238.9693603515625,1081.1495361328125,-626.8358154296875,-1500.0,-813.8870849609375,-262.19683837890625,-238.9693603515625,1081.1495361328125,-626.8358154296875,-1500.0
22.533334508538246,0.9312272071838379,-1.2678560018539429,0.31680577993392944,-1.9476392269134521,0.4900586009025574,1.5548149347305298,-0.6893879175186157,0.004460555966943502,-0.26284492015838623,-0.13732467591762543,-0.05974775180220604,-0.15965792536735535,7.5793304443359375,-41.07891845703125,-19.84954833984375,-54.1126708984375,4.070102691650391,-0.2586822509765625,7.5793304443359375,-41.07891845703125,-19.84954833984375,-54.1126708984375,4.070102691650391,-0.2586822509765625,7.5793304443359375,-41.07891845703125,-19.84954833984375,-54.1126708984375,4.070102691650391,-0.2586822509765625
22.550001176074147,0.9196683168411255,-1.2676560878753662,0.3124494254589081,-1.949455976486206,0.48886361718177795,1.551346778869629,-0.6928693652153015,-0.0003903862088918686,-0.2624857425689697,-0.11384879052639008,-0.07099917531013489,-0.20810025930404663,-593.9888916015625,-227.26739501953125,-179.8343505859375,812.15625,-493.8055419921875,-1500.0,-593.9888916015625,-227.26739501953125,-179.8343505859375,812.15625,-493.8055419921875,-1500.0,-593.9888916015625,-227.26739501953125,-179.8343505859375,812.15625,-493.8055419921875,-1500.0
22.56666784361005,0.9083001017570496,-1.26746666431427,0.3081621825695038,-1.9512594938278198,0.4876856803894043,1.5479350090026855,-0.6814935803413391,-0.0006151620182208717,-0.25821536779403687,-0.11208797246217728,-0.06981711834669113,-0.2046884298324585,7.6246337890625,-41.22625732421875,-19.947265625,-54.209228515625,4.050727844238281,-0.26702880859375,7.6246337890625,-41.22625732421875,-19.947265625,-54.209228515625,4.050727844238281,-0.26702880859375,7.6246337890625,-41.22625732421875,-19.947265625,-54.209228515625,4.050727844238281,-0.26702880859375
22.58333451114595,0.8968753218650818,-1.2673568725585938,0.3038816452026367,-1.9526617527008057,0.48631832003593445,1.5437124967575073,-0.6848196983337402,-0.005805150605738163,-0.25784289836883545,-0.08876367658376694,-0.08139673620462418,-0.25337138772010803,-582.2587280273438,-244.9710693359375,-176.57516479492188,822.001708984375,-513.7991943359375,-1500.0,-582.2587280273438,-244.9710693359375,-176.57516479492188,822.001708984375,-513.7991943359375,-1500.0,-582.2587280273438,-244.9710693359375,-176.57516479492188,822.001708984375,-513.7991943359375,-1500.0
22.60000117868185,0.8856393694877625,-1.2672582864761353,0.2996685206890106,-1.9540590047836304,0.48497065901756287,1.5395585298538208,-0.6735745668411255,-0.005947616882622242,-0.2536497414112091,-0.08741898834705353,-0.08004385977983475,-0.24921731650829315,7.777214050292969,-41.76318359375,-20.252471923828125,-54.8797607421875,4.079933166503906,-0.2574920654296875,7.777214050292969,-41.76318359375,-20.252471923828125,-54.8797607421875,4.079933166503906,-0.2574920654296875,7.777214050292969,-41.76318359375,-20.252471923828125,-54.8797607421875,4.079933166503906,-0.2574920654296875
22.61666784621775,0.8742697238922119,-1.267271876335144,0.29544249176979065,-1.9549298286437988,0.4833545684814453,1.534294605255127,-0.6814491152763367,-0.013366923667490482,-0.25450587272644043,-0.05700131505727768,-0.0964212566614151,-0.3158624768257141,-761.6854248046875,-340.41143798828125,-224.28271484375,1125.30908203125,-715.5504760742188,-1500.0,-761.6854248046875,-340.41143798828125,-224.28271484375,1125.30908203125,-715.5504760742188,-1500.0,-761.6854248046875,-340.41143798828125,-224.28271484375,1125.30908203125,-715.5504760742188,-1500.0
22.633334513753653,0.8630883693695068,-1.2672988176345825,0.29128164052963257,-1.955810785293579,0.4817613363265991,1.529116153717041,-0.6702538132667542,-0.013410807587206364,-0.25037798285484314,-0.05620772764086723,-0.09482043981552124,-0.3106839954853058,8.0823974609375,-43.0955810546875,-20.996337890625,-56.56500244140625,4.1890106201171875,-0.2586822509765625,8.0823974609375,-43.0955810546875,-20.996337890625,-56.56500244140625,4.1890106201171875,-0.2586822509765625,8.0823974609375,-43.0955810546875,-20.996337890625,-56.56500244140625,4.1890106201171875,-0.2586822509765625
22.650001181289554,0.8518567681312561,-1.2674157619476318,0.28712940216064453,-1.9562960863113403,0.4799681007862091,1.5231245756149292,-0.6731585264205933,-0.01935480907559395,-0.2499457150697708,-0.03338652849197388,-0.10703250765800476,-0.359513521194458,-557.33203125,-285.38006591796875,-169.8768310546875,836.913818359375,-556.0565185546875,-1500.0,-557.33203125,-285.38006591796875,-169.8768310546875,836.913818359375,-556.0565185546875,-1500.0,-557.33203125,-285.38006591796875,-169.8768310546875,836.913818359375,-556.0565185546875,-1500.0
22.666667848825455,0.8408114314079285,-1.2675426006317139,0.2830415368080139,-1.956794023513794,0.478201687335968,1.5172308683395386,-0.6621007919311523,-0.019290002062916756,-0.24588626623153687,-0.03296409174799919,-0.10525903850793839,-0.3536200225353241,8.120529174804688,-42.94219970703125,-21.0780029296875,-56.52203369140625,4.155635833740234,-0.2658233642578125,8.120529174804688,-42.94219970703125,-21.0780029296875,-56.52203369140625,4.155635833740234,-0.2658233642578125,8.120529174804688,-42.94219970703125,-21.0780029296875,-56.52203369140625,4.155635833740234,-0.2658233642578125
22.683334516361356,0.8297175765037537,-1.2677631378173828,0.27896273136138916,-1.9568997621536255,0.47623154520988464,1.510525107383728,-0.6649040579795837,-0.02553676627576351,-0.245454341173172,-0.010427907109260559,-0.11769771575927734,-0.402377724647522,-547.6116943359375,-302.2010498046875,-167.41217041015625,839.7449340820312,-572.1801147460938,-1500.0,-547.6116943359375,-302.2010498046875,-167.41217041015625,839.7449340820312,-572.1801147460938,-1500.0,-547.6116943359375,-302.2010498046875,-167.41217041015625,839.7449340820312,-572.1801147460938,-1500.0
22.700001183897257,0.8188078999519348,-1.2679932117462158,0.27494657039642334,-1.9570246934890747,0.4742911159992218,1.5039292573928833,-0.6539806127548218,-0.025377469137310982,-0.241470605134964,-0.010388935916125774,-0.11574989557266235,-0.3957817554473877,8.273124694824219,-43.509002685546875,-21.536956787109375,-57.472900390625,4.172630310058594,-0.2777557373046875,8.273124694824219,-43.509002685546875,-21.536956787109375,-57.472900390625,4.172630310058594,-0.2777557373046875,8.273124694824219,-43.509002685546875,-21.536956787109375,-57.472900390625,4.172630310058594,-0.2777557373046875
22.716667851433158,0.8077757358551025,-1.268354892730713,0.27092182636260986,-1.9566317796707153,0.47206252813339233,1.496216058731079,-0.661129355430603,-0.03425511717796326,-0.24220208823680878,0.019183602184057236,-0.13330669701099396,-0.4628317356109619,-718.5125732421875,-414.85614013671875,-212.91134643554688,1138.5908203125,-787.0650634765625,-1500.0,-718.5125732421875,-414.85614013671875,-212.91134643554688,1138.5908203125,-787.0650634765625,-1500.0,-718.5125732421875,-414.85614013671875,-212.91134643554688,1138.5908203125,-787.0650634765625,-1500.0
22.73333451896906,0.7969273328781128,-1.2687300443649292,0.2669566869735718,-1.9562749862670898,0.46986687183380127,1.488628625869751,-0.6502599716186523,-0.033989161252975464,-0.23828856647014618,0.018690455704927444,-0.13109976053237915,-0.45524415373802185,8.723724365234375,-45.282989501953125,-22.66229248046875,-60.02740478515625,4.3505401611328125,-0.268218994140625,8.723724365234375,-45.282989501953125,-22.66229248046875,-60.02740478515625,4.3505401611328125,-0.268218994140625,8.723724365234375,-45.282989501953125,-22.66229248046875,-60.02740478515625,4.3505401611328125,-0.268218994140625
22.75000118650496,0.7860348224639893,-1.2692073583602905,0.2630023956298828,-1.9555368423461914,0.4674610197544098,1.4802398681640625,-0.6527553200721741,-0.04088906943798065,-0.237825408577919,0.04041029140353203,-0.14391982555389404,-0.5033915042877197,-526.823974609375,-339.851806640625,-162.33087158203125,838.5783081054688,-604.7528686523438,-1500.0,-526.823974609375,-339.851806640625,-162.33087158203125,838.5783081054688,-604.7528686523438,-1500.0,-526.823974609375,-339.851806640625,-162.33087158203125,838.5783081054688,-604.7528686523438,-1500.0
22.76666785404086,0.7753239870071411,-1.2696930170059204,0.25910720229148865,-1.9548346996307373,0.46509218215942383,1.4719880819320679,-0.6420267224311829,-0.04049505293369293,-0.23397353291511536,0.039595503360033035,-0.14154089987277985,-0.49514034390449524,8.690353393554688,-44.762939453125,-22.685546875,-59.7408447265625,4.283786773681641,-0.2980194091796875,8.690353393554688,-44.762939453125,-22.685546875,-59.7408447265625,4.283786773681641,-0.2980194091796875,8.690353393554688,-44.762939453125,-22.685546875,-59.7408447265625,4.283786773681641,-0.2980194091796875
22.783334521576762,0.764569878578186,-1.270283818244934,0.2552233040332794,-1.9537560939788818,0.4625110626220703,1.4629404544830322,-0.6444605588912964,-0.04764910042285919,-0.23351849615573883,0.060909658670425415,-0.1544797718524933,-0.5429032444953918,-518.6319580078125,-355.15606689453125,-160.45870971679688,834.6547241210938,-616.5033569335938,-1500.0,-518.6319580078125,-355.15606689453125,-160.45870971679688,834.6547241210938,-616.5033569335938,-1500.0,-518.6319580078125,-355.15606689453125,-160.45870971679688,834.6547241210938,-616.5033569335938,-1500.0
22.800001189112663,0.753995418548584,-1.2708821296691895,0.25139689445495605,-1.9527205228805542,0.45996996760368347,1.4540413618087769,-0.6338664293289185,-0.04715185984969139,-0.22974033653736115,0.05974796041846275,-0.15192820131778717,-0.5340040326118469,8.885860443115234,-45.36212158203125,-23.30419921875,-61.05572509765625,4.296302795410156,-0.2884979248046875,8.885860443115234,-45.36212158203125,-23.30419921875,-61.05572509765625,4.296302795410156,-0.2884979248046875,8.885860443115234,-45.36212158203125,-23.30419921875,-61.05572509765625,4.296302795410156,-0.2884979248046875
22.816667856648564,0.7433062195777893,-1.271628499031067,0.2475656419992447,-1.9511849880218506,0.45712873339653015,1.4440433979034424,-0.6404651999473572,-0.057280533015728,-0.2303912341594696,0.08788086473941803,-0.17017865180969238,-0.599984884262085,-682.048828125,-482.57440185546875,-204.1119384765625,1122.183837890625,-839.13330078125,-1500.0,-682.048828125,-482.57440185546875,-204.1119384765625,1122.183837890625,-839.13330078125,-1500.0,-682.048828125,-482.57440185546875,-204.1119384765625,1122.183837890625,-839.13330078125,-1500.0
22.833334524184465,0.7327967882156372,-1.2723872661590576,0.2437882274389267,-1.9497106075286865,0.4543308615684509,1.4342083930969238,-0.6299257874488831,-0.0566725991666317,-0.22668813169002533,0.08621244132518768,-0.16736505925655365,-0.5901510715484619,9.469970703125,-47.572723388671875,-24.825958251953125,-64.5535888671875,4.534125328063965,-0.34332275390625,9.469970703125,-47.572723388671875,-24.825958251953125,-64.5535888671875,4.534125328063965,-0.34332275390625,9.469970703125,-47.572723388671875,-24.825958251953125,-64.5535888671875,4.534125328063965,-0.34332275390625
22.850001191720366,0.7222472429275513,-1.273257851600647,0.24002350866794586,-1.9478745460510254,0.451318621635437,1.4236000776290894,-0.6321284174919128,-0.064349465072155,-0.22621871531009674,0.10643245279788971,-0.18042245507240295,-0.6365557312965393,-500.69805908203125,-388.5386657714844,-156.57720947265625,818.2400512695312,-638.3746948242188,-1500.0,-500.69805908203125,-388.5386657714844,-156.57720947265625,818.2400512695312,-638.3746948242188,-1500.0,-500.69805908203125,-388.5386657714844,-156.57720947265625,818.2400512695312,-638.3746948242188,-1500.0
22.866667859256268,0.7118747234344482,-1.2741345167160034,0.23631295561790466,-1.9460972547531128,0.4483535885810852,1.4131660461425781,-0.6217315196990967,-0.06359655410051346,-0.2225690484046936,0.10449762642383575,-0.17744460701942444,-0.6261215806007385,9.388916015625,-46.640655517578125,-24.76513671875,-64.00286865234375,4.410743713378906,-0.30517578125,9.388916015625,-46.640655517578125,-24.76513671875,-64.00286865234375,4.410743713378906,-0.30517578125,9.388916015625,-46.640655517578125,-24.76513671875,-64.00286865234375,4.410743713378906,-0.30517578125
22.88333452679217,0.7014623880386353,-1.2751253843307495,0.23261547088623047,-1.9439659118652344,0.4451739490032196,1.4019702672958374,-0.6238946914672852,-0.07146681845188141,-0.2221110761165619,0.12420666962862015,-0.19050978124141693,-0.6718376874923706,-493.3881530761719,-401.67572021484375,-155.13836669921875,807.9732055664062,-645.3526000976562,-1500.0,-493.3881530761719,-401.67572021484375,-155.13836669921875,807.9732055664062,-645.3526000976562,-1500.0,-493.3881530761719,-401.67572021484375,-155.13836669921875,807.9732055664062,-645.3526000976562,-1500.0
22.90000119432807,0.6912252306938171,-1.2761207818984985,0.2289704531431198,-1.9418988227844238,0.44204434752464294,1.3909581899642944,-0.6136305928230286,-0.07060479372739792,-0.21853330731391907,0.12196719646453857,-0.18736660480499268,-0.6608259677886963,9.632110595703125,-47.230438232421875,-25.557891845703125,-65.64227294921875,4.439949035644531,-0.3314056396484375,9.632110595703125,-47.230438232421875,-25.557891845703125,-65.64227294921875,4.439949035644531,-0.3314056396484375,9.632110595703125,-47.230438232421875,-25.557891845703125,-65.64227294921875,4.439949035644531,-0.3314056396484375
22.91666786186397,0.6808797121047974,-1.2772771120071411,0.22532397508621216,-1.939359188079834,0.43861129879951477,1.3788890838623047,-0.619784414768219,-0.08172030001878738,-0.219124436378479,0.14813147485256195,-0.20580244064331055,-0.7242870330810547,-649.6262817382812,-540.7601318359375,-197.06246948242188,1077.9482421875,-870.0526123046875,-1500.0,-649.6262817382812,-540.7601318359375,-197.06246948242188,1077.9482421875,-870.0526123046875,-1500.0,-649.6262817382812,-540.7601318359375,-197.06246948242188,1077.9482421875,-870.0526123046875,-1500.0
22.933334529399872,0.6707095503807068,-1.2784442901611328,0.22172562777996063,-1.936902403831482,0.4352315664291382,1.3670166730880737,-0.6095740795135498,-0.08074860274791718,-0.21562810242176056,0.145414337515831,-0.20240269601345062,-0.7124166488647461,10.34735107421875,-49.88671875,-27.5582275390625,-70.20831298828125,4.70280647277832,-0.400543212890625,10.34735107421875,-49.88671875,-27.5582275390625,-70.20831298828125,4.70280647277832,-0.400543212890625,10.34735107421875,-49.88671875,-27.5582275390625,-70.20831298828125,4.70280647277832,-0.400543212890625
22.950001196935773,0.6605024337768555,-1.2797300815582275,0.21814170479774475,-1.9341107606887817,0.431639701128006,1.3544172048568726,-0.6115428805351257,-0.08898454159498215,-0.21516010165214539,0.16379107534885406,-0.2153199166059494,-0.7560575008392334,-476.8371887207031,-429.3337707519531,-152.00375366210938,777.4376831054688,-655.828125,-1500.0,-476.8371887207031,-429.3337707519531,-152.00375366210938,777.4376831054688,-655.828125,-1500.0,-476.8371887207031,-429.3337707519531,-152.00375366210938,777.4376831054688,-655.828125,-1500.0
22.966667864471674,0.6504676938056946,-1.2810180187225342,0.2146068960428238,-1.9313974380493164,0.42810478806495667,1.342024564743042,-0.6014757752418518,-0.08785336464643478,-0.21170777082443237,0.16086886823177338,-0.2117687612771988,-0.7436656355857849,10.199554443359375,-48.464508056640625,-27.366851806640625,-69.29754638671875,4.535316467285156,-0.36716461181640625,10.199554443359375,-48.464508056640625,-27.366851806640625,-69.29754638671875,4.535316467285156,-0.36716461181640625,10.199554443359375,-48.464508056640625,-27.366851806640625,-69.29754638671875,4.535316467285156,-0.36716461181640625
22.983334532007575,0.6403961181640625,-1.2824257612228394,0.21108704805374146,-1.9283579587936401,0.4243592321872711,1.3289214372634888,-0.603411078453064,-0.09621214866638184,-0.21124915778636932,0.17864812910556793,-0.22458305954933167,-0.7863306403160095,-469.78948974609375,-439.7374572753906,-150.79141235351562,761.4028930664062,-657.8242797851562,-1500.0,-469.78948974609375,-439.7374572753906,-150.79141235351562,761.4028930664062,-657.8242797851562,-1500.0,-469.78948974609375,-439.7374572753906,-150.79141235351562,761.4028930664062,-657.8242797851562,-1500.0
23.000001199543476,0.6304950714111328,-1.2838348150253296,0.20761467516422272,-1.9254026412963867,0.4206733703613281,1.316033124923706,-0.593475341796875,-0.09497076272964478,-0.2078668475151062,0.17546506226062775,-0.22088003158569336,-0.7734431028366089,10.485649108886719,-49.076385498046875,-28.342010498046875,-71.34674072265625,4.569889068603516,-0.3862457275390625,10.485649108886719,-49.076385498046875,-28.342010498046875,-71.34674072265625,4.569889068603516,-0.3862457275390625,10.485649108886719,-49.076385498046875,-28.342010498046875,-71.34674072265625,4.569889068603516,-0.3862457275390625
23.016667867079377,0.6204914450645447,-1.2854124307632446,0.2041444033384323,-1.922008752822876,0.4166891574859619,1.302152395248413,-0.5992152094841003,-0.1067594662308693,-0.20839697122573853,0.199210986495018,-0.23898881673812866,-0.8329967856407166,-618.3743896484375,-586.8428955078125,-190.88864135742188,1008.4486083984375,-878.8484497070312,-1500.0,-618.3743896484375,-586.8428955078125,-190.88864135742188,1008.4486083984375,-878.8484497070312,-1500.0,-618.3743896484375,-586.8428955078125,-190.88864135742188,1008.4486083984375,-878.8484497070312,-1500.0
23.03333453461528,0.6106588840484619,-1.28699791431427,0.20071637630462646,-1.9187179803848267,0.41276755928993225,1.2884982824325562,-0.589331865310669,-0.10541535168886185,-0.20510409772396088,0.19558125734329224,-0.23504282534122467,-0.8193451166152954,11.36541748046875,-52.190093994140625,-30.872802734375,-77.14385986328125,4.871487617492676,-0.4458427429199219,11.36541748046875,-52.190093994140625,-30.872802734375,-77.14385986328125,4.871487617492676,-0.4458427429199219,11.36541748046875,-52.190093994140625,-30.872802734375,-77.14385986328125,4.871487617492676,-0.4458427429199219
23.05000120215118,0.6007924675941467,-1.2887048721313477,0.19730480015277863,-1.9151231050491333,0.4086421728134155,1.2741789817810059,-0.5910700559616089,-0.11396295577287674,-0.20462800562381744,0.2118363380432129,-0.2474469542503357,-0.8592709302902222,-453.03582763671875,-460.45037841796875,-147.92977905273438,718.2252197265625,-656.518310546875,-1500.0,-453.03582763671875,-460.45037841796875,-147.92977905273438,718.2252197265625,-656.518310546875,-1500.0,-453.03582763671875,-460.45037841796875,-147.92977905273438,718.2252197265625,-656.518310546875,-1500.0
23.06666786968708,0.5910937786102295,-1.2904101610183716,0.1939373016357422,-1.9116244316101074,0.4045829176902771,1.2600945234298706,-0.5813302993774414,-0.11244909465312958,-0.20136907696723938,0.20806807279586792,-0.2433680295944214,-0.8451879620552063,11.1484375,-50.267852783203125,-30.51043701171875,-75.77301025390625,4.662275314331055,-0.4124641418457031,11.1484375,-50.267852783203125,-30.51043701171875,-75.77301025390625,4.662275314331055,-0.4124641418457031,11.1484375,-50.267852783203125,-30.51043701171875,-75.77301025390625,4.662275314331055,-0.4124641418457031
23.08333453722298,0.5813613533973694,-1.2922372817993164,0.1905869096517563,-1.9078320264816284,0.40032315254211426,1.2453655004501343,-0.5830265283584595,-0.12104099243879318,-0.20089533925056458,0.22365917265415192,-0.25556156039237976,-0.8838747143745422,-445.6138610839844,-467.6082763671875,-146.73651123046875,697.1216430664062,-653.4517211914062,-1500.0,-445.6138610839844,-467.6082763671875,-146.73651123046875,697.1216430664062,-653.4517211914062,-1500.0,-445.6138610839844,-467.6082763671875,-146.73651123046875,697.1216430664062,-653.4517211914062,-1500.0
23.100001204758883,0.5717946887016296,-1.2940617799758911,0.18727892637252808,-1.9041398763656616,0.3961317241191864,1.2308787107467651,-0.5734153985977173,-0.1194191500544548,-0.1977049857378006,0.21967610716819763,-0.25134938955307007,-0.8693892359733582,11.532310485839844,-50.8475341796875,-31.670318603515625,-78.21856689453125,4.680152893066406,-0.436309814453125,11.532310485839844,-50.8475341796875,-31.670318603515625,-78.21856689453125,4.680152893066406,-0.436309814453125,11.532310485839844,-50.8475341796875,-31.670318603515625,-78.21856689453125,4.680152893066406,-0.436309814453125
23.116667872294784,0.5621321797370911,-1.296058177947998,0.18397705256938934,-1.900050401687622,0.39165544509887695,1.2154842615127563,-0.5787020325660706,-0.13152910768985748,-0.19814881682395935,0.24063964188098907,-0.2686273157596588,-0.9237508773803711,-585.3795776367188,-618.6172485351562,-184.66116333007812,916.706298828125,-865.1709594726562,-1500.0,-585.3795776367188,-618.6172485351562,-184.66116333007812,916.706298828125,-865.1709594726562,-1500.0,-585.3795776367188,-618.6172485351562,-184.66116333007812,916.706298828125,-865.1709594726562,-1500.0
23.133334539830685,0.5526363849639893,-1.2980583906173706,0.18071158230304718,-1.8960814476013184,0.38725045323371887,1.2003430128097534,-0.5691419839859009,-0.12981604039669037,-0.1950584352016449,0.2362407147884369,-0.26419395208358765,-0.9086107611656189,12.586105346679688,-54.363006591796875,-34.832977294921875,-85.4140625,4.99725341796875,-0.438690185546875,12.586105346679688,-54.363006591796875,-34.832977294921875,-85.4140625,4.99725341796875,-0.438690185546875,12.586105346679688,-54.363006591796875,-34.832977294921875,-85.4140625,4.99725341796875,-0.438690185546875
23.150001207366586,0.5431105494499207,-1.300180196762085,0.17746499180793762,-1.8918437957763672,0.3826558291912079,1.184612512588501,-0.5706031918525696,-0.13840463757514954,-0.1945488005876541,0.25016480684280396,-0.2757277488708496,-0.9439672231674194,-427.18170166015625,-480.2942199707031,-143.6925048828125,643.036376953125,-640.4042358398438,-1500.0,-427.18170166015625,-480.2942199707031,-143.6925048828125,643.036376953125,-640.4042358398438,-1500.0,-427.18170166015625,-480.2942199707031,-143.6925048828125,643.036376953125,-640.4042358398438,-1500.0
23.166667874902487,0.5337479114532471,-1.302295207977295,0.17425751686096191,-1.8877172470092773,0.3781352937221527,1.1691405773162842,-0.5611892342567444,-0.1365148276090622,-0.1914808303117752,0.2456979751586914,-0.2711845338344574,-0.9284964799880981,12.300018310546875,-51.878082275390625,-34.214263916015625,-83.43338012695312,4.732608795166016,-0.4744529724121094,12.300018310546875,-51.878082275390625,-34.214263916015625,-83.43338012695312,4.732608795166016,-0.4744529724121094,12.300018310546875,-51.878082275390625,-34.214263916015625,-83.43338012695312,4.732608795166016,-0.4744529724121094
23.183334542438388,0.5243558883666992,-1.3045306205749512,0.17106977105140686,-1.8833320140838623,0.3734302818775177,1.1531033515930176,-0.5625838041305542,-0.14506372809410095,-0.19096152484416962,0.25891369581222534,-0.28240713477134705,-0.9623855948448181,-418.710693359375,-483.7769470214844,-142.31741333007812,617.7293701171875,-632.3719482421875,-1500.0,-418.710693359375,-483.7769470214844,-142.31741333007812,617.7293701171875,-632.3719482421875,-1500.0,-418.710693359375,-483.7769470214844,-142.31741333007812,617.7293701171875,-632.3719482421875,-1500.0
23.20000120997429,0.5151249170303345,-1.306757926940918,0.16791950166225433,-1.8790613412857056,0.36880117654800415,1.1373298168182373,-0.5532975792884827,-0.14307227730751038,-0.18796172738075256,0.25427812337875366,-0.27775436639785767,-0.9466136693954468,12.753013610839844,-52.4044189453125,-35.579803466796875,-86.3087158203125,4.732608795166016,-0.5006790161132812,12.753013610839844,-52.4044189453125,-35.579803466796875,-86.3087158203125,4.732608795166016,-0.5006790161132812,12.753013610839844,-52.4044189453125,-35.579803466796875,-86.3087158203125,4.732608795166016,-0.5006790161132812
23.21666787751019,0.5058064460754395,-1.309154987335205,0.16478003561496735,-1.8744397163391113,0.3639088571071625,1.1207544803619385,-0.5580275058746338,-0.15512458980083466,-0.18827508389949799,0.27219071984291077,-0.2937246263027191,-0.9946399927139282,-547.8764038085938,-634.3072509765625,-177.53659057617188,806.37451171875,-829.4129638671875,-1500.0,-547.8764038085938,-634.3072509765625,-177.53659057617188,806.37451171875,-829.4129638671875,-1500.0,-547.8764038085938,-634.3072509765625,-177.53659057617188,806.37451171875,-829.4129638671875,-1500.0
23.23333454504609,0.49664995074272156,-1.3115513324737549,0.16167132556438446,-1.86995267868042,0.35909488797187805,1.1044520139694214,-0.5487914681434631,-0.15305987000465393,-0.1853875070810318,0.2671702802181244,-0.28887832164764404,-0.9783399105072021,14.059539794921875,-56.33233642578125,-39.4237060546875,-94.99429321289062,5.090232849121094,-0.5435791015625,14.059539794921875,-56.33233642578125,-39.4237060546875,-94.99429321289062,5.090232849121094,-0.5435791015625,14.059539794921875,-56.33233642578125,-39.4237060546875,-94.99429321289062,5.090232849121094,-0.5435791015625
23.250001212581992,0.48746898770332336,-1.314064860343933,0.15858440101146698,-1.865234613418579,0.35411110520362854,1.087647557258606,-0.5498825907707214,-0.16140584647655487,-0.1848059892654419,0.2786267101764679,-0.29921263456344604,-1.0083955526351929,-397.1875,-487.65185546875,-138.67971801757812,554.7106323242188,-607.962646484375,-1500.0,-397.1875,-487.65185546875,-138.67971801757812,554.7106323242188,-607.962646484375,-1500.0,-397.1875,-487.65185546875,-138.67971801757812,554.7106323242188,-607.962646484375,-1500.0
23.266667880117893,0.47844624519348145,-1.3165664672851562,0.15553176403045654,-1.8606396913528442,0.3492080569267273,1.071120023727417,-0.5407965779304504,-0.15916195511817932,-0.18192823231220245,0.2736107110977173,-0.294283926486969,-0.9918702244758606,13.695968627929688,-53.271636962890625,-38.463470458984375,-92.2691650390625,4.761219024658203,-0.5483627319335938,13.695968627929688,-53.271636962890625,-38.463470458984375,-92.2691650390625,4.761219024658203,-0.5483627319335938,13.695968627929688,-53.271636962890625,-38.463470458984375,-92.2691650390625,4.761219024658203,-0.5483627319335938
23.283334547653794,0.4694003462791443,-1.3191823959350586,0.15250207483768463,-1.8558241128921509,0.34414172172546387,1.0541186332702637,-0.5417841672897339,-0.16738244891166687,-0.1813211590051651,0.28433656692504883,-0.30421674251556396,-1.0202704668045044,-387.1297607421875,-487.1719970703125,-136.93215942382812,526.1242065429688,-595.2191162109375,-1500.0,-387.1297607421875,-487.1719970703125,-136.93215942382812,526.1242065429688,-595.2191162109375,-1500.0,-387.1297607421875,-487.1719970703125,-136.93215942382812,526.1242065429688,-595.2191162109375,-1500.0
23.300001215189695,0.4605106711387634,-1.3217852115631104,0.14950507879257202,-1.8511340618133545,0.33915773034095764,1.0373971462249756,-0.5328270196914673,-0.16504739224910736,-0.17851224541664124,0.2791982889175415,-0.2992054224014282,-1.00355064868927,14.209747314453125,-53.715087890625,-40.02748107910156,-95.53311157226562,4.746913909912109,-0.57220458984375,14.209747314453125,-53.715087890625,-40.02748107910156,-95.53311157226562,4.746913909912109,-0.57220458984375,14.209747314453125,-53.715087890625,-40.02748107910156,-95.53311157226562,4.746913909912109,-0.57220458984375
23.316667882725596,0.4515443742275238,-1.3245508670806885,0.1465243250131607,-1.846142053604126,0.33393925428390503,1.0199953317642212,-0.5368404388427734,-0.17664970457553864,-0.17863476276397705,0.2938888370990753,-0.3134312331676483,-1.0442765951156616,-503.376708984375,-632.622802734375,-168.73001098632812,681.456298828125,-772.7039184570312,-1500.0,-503.376708984375,-632.622802734375,-168.73001098632812,681.456298828125,-772.7039184570312,-1500.0,-503.376708984375,-632.622802734375,-168.73001098632812,681.456298828125,-772.7039184570312,-1500.0
23.333334550261497,0.4427357614040375,-1.32731032371521,0.14356881380081177,-1.8412963151931763,0.32880493998527527,1.0028793811798096,-0.5279344320297241,-0.1742616891860962,-0.17595301568508148,0.28839293122291565,-0.3082617223262787,-1.0271631479263306,15.811920166015625,-57.90411376953125,-44.59918212890625,-105.845947265625,5.067584991455078,-0.658050537109375,15.811920166015625,-57.90411376953125,-44.59918212890625,-105.845947265625,5.067584991455078,-0.658050537109375,15.811920166015625,-57.90411376953125,-44.59918212890625,-105.845947265625,5.067584991455078,-0.658050537109375
23.3500012177974,0.43391022086143494,-1.3301782608032227,0.1406385898590088,-1.8362594842910767,0.3235253095626831,0.9853599667549133,-0.5285255908966064,-0.18207947909832,-0.17525005340576172,0.2973167598247528,-0.317105233669281,-1.051335096359253,-361.35198974609375,-481.70623779296875,-132.29013061523438,456.3641662597656,-560.2383422851562,-1500.0,-361.35198974609375,-481.70623779296875,-132.29013061523438,456.3641662597656,-560.2383422851562,-1500.0,-361.35198974609375,-481.70623779296875,-132.29013061523438,456.3641662597656,-560.2383422851562,-1500.0
23.3666678853333,0.4252380132675171,-1.333028793334961,0.13773804903030396,-1.8313542604446411,0.318331778049469,0.96812903881073,-0.5197771191596985,-0.17951509356498718,-0.1725647896528244,0.2919030785560608,-0.3118838667869568,-1.0341068506240845,15.316009521484375,-54.277191162109375,-43.19966125488281,-102.06222534179688,4.687309265136719,-0.667572021484375,15.316009521484375,-54.277191162109375,-43.19966125488281,-102.06222534179688,4.687309265136719,-0.667572021484375,15.316009521484375,-54.277191162109375,-43.19966125488281,-102.06222534179688,4.687309265136719,-0.667572021484375
23.3833345528692,0.41655102372169495,-1.335984468460083,0.1348642259836197,-1.8262685537338257,0.3130008578300476,0.9505245685577393,-0.5202199816703796,-0.18712292611598969,-0.1718190610408783,0.3000953197479248,-0.32024797797203064,-1.056480884552002,-349.25225830078125,-477.10064697265625,-129.995361328125,425.497314453125,-543.184326171875,-1500.0,-349.25225830078125,-477.10064697265625,-129.995361328125,425.497314453125,-543.184326171875,-1500.0,-349.25225830078125,-477.10064697265625,-129.995361328125,425.497314453125,-543.184326171875,-1500.0
23.4000012204051,0.4080151915550232,-1.3389211893081665,0.13201867043972015,-1.8213157653808594,0.3077569007873535,0.9332098960876465,-0.5116028785705566,-0.18448039889335632,-0.16920243203639984,0.29460418224334717,-0.3149758577346802,-1.0391693115234375,15.941864013671875,-54.560302734375,-44.87156677246094,-105.62063598632812,4.616975784301758,-0.7104873657226562,15.941864013671875,-54.560302734375,-44.87156677246094,-105.62063598632812,4.616975784301758,-0.7104873657226562,15.941864013671875,-54.560302734375,-44.87156677246094,-105.62063598632812,4.616975784301758,-0.7104873657226562
23.416667887941003,0.3994172513484955,-1.3420079946517944,0.1291954070329666,-1.8161139488220215,0.3023134469985962,0.9153489470481873,-0.5146989226341248,-0.19524310529232025,-0.1690642386674881,0.3059976100921631,-0.3270759880542755,-1.0718367099761963,-449.9029846191406,-612.9038696289062,-157.54611206054688,546.3516845703125,-696.7949829101562,-1500.0,-449.9029846191406,-612.9038696289062,-157.54611206054688,546.3516845703125,-696.7949829101562,-1500.0,-449.9029846191406,-612.9038696289062,-157.54611206054688,546.3516845703125,-696.7949829101562,-1500.0
23.433334555476904,0.39097195863723755,-1.3450828790664673,0.12639249861240387,-1.811064600944519,0.29695838689804077,0.8977818489074707,-0.5061367750167847,-0.19257193803787231,-0.16659094393253326,0.3001762628555298,-0.3216836750507355,-1.054274082183838,17.856369018554688,-58.923370361328125,-50.143310546875,-117.45809936523438,4.9483795166015625,-0.7891693115234375,17.856369018554688,-58.923370361328125,-50.143310546875,-117.45809936523438,4.9483795166015625,-0.7891693115234375,17.856369018554688,-58.923370361328125,-50.143310546875,-117.45809936523438,4.9483795166015625,-0.7891693115234375
23.450001223012805,0.38252004981040955,-1.3482543230056763,0.12361887842416763,-1.8058652877807617,0.2914867401123047,0.8799164295196533,-0.5060732960700989,-0.19958534836769104,-0.16571380198001862,0.3065720498561859,-0.3287926912307739,-1.0721430778503418,-318.30670166015625,-462.113037109375,-124.02952575683594,351.390869140625,-498.74188232421875,-1430.184814453125,-318.30670166015625,-462.113037109375,-124.02952575683594,351.390869140625,-498.74188232421875,-1430.184814453125,-318.30670166015625,-462.113037109375,-124.02952575683594,351.390869140625,-498.74188232421875,-1430.184814453125
23.466667890548706,0.3742160201072693,-1.3514028787612915,0.12087079882621765,-1.8008016347885132,0.28610458970069885,0.8623450398445129,-0.49767810106277466,-0.1967450976371765,-0.16322284936904907,0.30090945959091187,-0.3233817219734192,-1.0545762777328491,17.230499267578125,-54.7188720703125,-48.170379638671875,-112.41317749023438,4.484653472900391,-0.8082427978515625,17.230499267578125,-54.7188720703125,-48.170379638671875,-112.41317749023438,4.484653472900391,-0.8082427978515625,17.230499267578125,-54.7188720703125,-48.170379638671875,-112.41317749023438,4.484653472900391,-0.8082427978515625
23.483334558084607,0.3659086227416992,-1.3546429872512817,0.11815360933542252,-1.795599102973938,0.2806146740913391,0.8445063233375549,-0.49741607904434204,-0.2034684121608734,-0.16228462755680084,0.3065914511680603,-0.3299495577812195,-1.0705596208572388,-303.87164306640625,-453.34161376953125,-121.03019714355469,319.34857177734375,-477.94696044921875,-1353.6715087890625,-303.87164306640625,-453.34161376953125,-121.03019714355469,319.34857177734375,-477.94696044921875,-1353.6715087890625,-303.87164306640625,-453.34161376953125,-121.03019714355469,319.34857177734375,-477.94696044921875,-1353.6715087890625
23.500001225620508,0.35774677991867065,-1.3578587770462036,0.11546073108911514,-1.7905329465866089,0.2752147614955902,0.8269616961479187,-0.4891582429409027,-0.20056627690792084,-0.1598624736070633,0.30089589953422546,-0.3245213031768799,-1.0530178546905518,17.943382263183594,-54.8046875,-49.87150573730469,-116.03237915039062,4.363059997558594,-0.7891654968261719,17.943382263183594,-54.8046875,-49.87150573730469,-116.03237915039062,4.363059997558594,-0.7891654968261719,17.943382263183594,-54.8046875,-49.87150573730469,-116.03237915039062,4.363059997558594,-0.7891654968261719
23.51666789315641,0.3495412766933441,-1.361206293106079,0.11279674619436264,-1.7852723598480225,0.2696554958820343,0.8090132474899292,-0.49111053347587585,-0.21011771261692047,-0.1593911349773407,0.30900463461875916,-0.3341837525367737,-1.0771045684814453,-386.10455322265625,-575.1210327148438,-143.4188995361328,405.69781494140625,-604.205078125,-1500.0,-386.10455322265625,-575.1210327148438,-143.4188995361328,405.69781494140625,-604.205078125,-1500.0,-386.10455322265625,-575.1210327148438,-143.4188995361328,405.69781494140625,-604.205078125,-1500.0
23.53333456069231,0.3414826989173889,-1.3645364046096802,0.11014899611473083,-1.7801666259765625,0.2641870379447937,0.7913604974746704,-0.4829142093658447,-0.2072124183177948,-0.15712791681289673,0.3030093312263489,-0.32867807149887085,-1.0594573020935059,20.2071533203125,-59.1629638671875,-55.71305847167969,-129.07504272460938,4.6634674072265625,-0.9250640869140625,20.2071533203125,-59.1629638671875,-55.71305847167969,-129.07504272460938,4.6634674072265625,-0.9250640869140625,20.2071533203125,-59.1629638671875,-55.71305847167969,-129.07504272460938,4.6634674072265625,-0.9250640869140625
23.55000122822821,0.3334310054779053,-1.3679472208023071,0.10753470659255981,-1.7749525308609009,0.2586336135864258,0.773517906665802,-0.48202863335609436,-0.21316659450531006,-0.15602508187294006,0.3069431185722351,-0.33386605978012085,-1.0707900524139404,-267.21954345703125,-429.02532958984375,-113.46638488769531,243.4539794921875,-425.4925231933594,-1167.9267578125,-267.21954345703125,-429.02532958984375,-113.46638488769531,243.4539794921875,-425.4925231933594,-1167.9267578125,-267.21954345703125,-429.02532958984375,-113.46638488769531,243.4539794921875,-425.4925231933594,-1167.9267578125
23.566667895764112,0.3255210220813751,-1.3713293075561523,0.10494253039360046,-1.769875168800354,0.25317147374153137,0.7559694051742554,-0.474012166261673,-0.21010419726371765,-0.15372945368289948,0.301181435585022,-0.32837536931037903,-1.0532461404800415,19.425155639648438,-54.42559814453125,-53.00819396972656,-122.46133422851562,4.163980484008789,-0.91314697265625,19.425155639648438,-54.42559814453125,-53.00819396972656,-122.46133422851562,4.163980484008789,-0.91314697265625,19.425155639648438,-54.42559814453125,-53.00819396972656,-122.46133422851562,4.163980484008789,-0.91314697265625
23.583334563300014,0.3176219165325165,-1.3747868537902832,0.10238564014434814,-1.7647000551223755,0.24763403832912445,0.7382628321647644,-0.47287654876708984,-0.21569809317588806,-0.15254874527454376,0.3044377267360687,-0.3329789936542511,-1.0626598596572876,-250.31210327148438,-416.28302001953125,-109.62338256835938,211.49398803710938,-401.6328125,-1085.7296142578125,-250.31210327148438,-416.28302001953125,-109.62338256835938,211.49398803710938,-401.6328125,-1085.7296142578125,-250.31210327148438,-416.28302001953125,-109.62338256835938,211.49398803710938,-401.6328125,-1085.7296142578125
23.600001230835915,0.30986207723617554,-1.3782145977020264,0.09984981268644333,-1.7596604824066162,0.2421877384185791,0.7208482027053833,-0.46500542759895325,-0.21259188652038574,-0.15032121539115906,0.2986888289451599,-0.3275047838687897,-1.045249104499817,20.227432250976562,-54.225311279296875,-54.57609558105469,-125.76223754882812,4.009604454040527,-0.9179115295410156,20.227432250976562,-54.225311279296875,-54.57609558105469,-125.76223754882812,4.009604454040527,-0.9179115295410156,20.227432250976562,-54.225311279296875,-54.57609558105469,-125.76223754882812,4.009604454040527,-0.9179115295410156
23.616667898371816,0.3020813465118408,-1.3817516565322876,0.09734964370727539,-1.7544825077056885,0.2366260588169098,0.7031772136688232,-0.46557968854904175,-0.22059673070907593,-0.1494518667459488,0.3036037087440491,-0.3344976007938385,-1.0604885816574097,-311.3818054199219,-520.0117797851562,-125.925537109375,264.3895263671875,-497.96282958984375,-1317.477294921875,-311.3818054199219,-520.0117797851562,-125.925537109375,264.3895263671875,-497.96282958984375,-1317.477294921875,-311.3818054199219,-520.0117797851562,-125.925537109375,264.3895263671875,-497.96282958984375,-1317.477294921875
23.633334565907717,0.29444101452827454,-1.3852647542953491,0.09486265480518341,-1.7494559288024902,0.23115581274032593,0.6857975125312805,-0.45778128504753113,-0.21751189231872559,-0.1473945528268814,0.29759225249290466,-0.3289923369884491,-1.0431158542633057,22.817840576171875,-58.33563232421875,-60.69273376464844,-139.32464599609375,4.2170257568359375,-1.05859375,22.817840576171875,-58.33563232421875,-60.69273376464844,-139.32464599609375,4.2170257568359375,-1.05859375,22.817840576171875,-58.33563232421875,-60.69273376464844,-139.32464599609375,4.2170257568359375,-1.05859375
23.650001233443618,0.2868240177631378,-1.3888403177261353,0.09241334348917007,-1.7443633079528809,0.22563427686691284,0.6683378219604492,-0.4559067189693451,-0.2221863865852356,-0.14602354168891907,0.2991829514503479,-0.3321363627910614,-1.047871708869934,-207.84854125976562,-383.1803894042969,-100.2725830078125,136.45053100585938,-342.92401123046875,-889.6422729492188,-207.84854125976562,-383.1803894042969,-100.2725830078125,136.45053100585938,-342.92401123046875,-889.6422729492188,-207.84854125976562,-383.1803894042969,-100.2725830078125,136.45053100585938,-342.92401123046875,-889.6422729492188
23.66666790097952,0.2793419361114502,-1.3923825025558472,0.08998353034257889,-1.7394033670425415,0.2202039659023285,0.6511656045913696,-0.4483034312725067,-0.21896257996559143,-0.1439201980829239,0.2934757471084595,-0.3266797959804535,-1.0307049751281738,21.848678588867188,-53.178070068359375,-57.140594482421875,-130.88226318359375,3.698467254638672,-1.02044677734375,21.848678588867188,-53.178070068359375,-57.140594482421875,-130.88226318359375,3.698467254638672,-1.02044677734375,21.848678588867188,-53.178070068359375,-57.140594482421875,-130.88226318359375,3.698467254638672,-1.02044677734375
23.68333456851542,0.27188777923583984,-1.3959803581237793,0.08759323507547379,-1.7343876361846924,0.2147323042154312,0.6339446306228638,-0.4461313486099243,-0.2232169657945633,-0.14245827496051788,0.2944364547729492,-0.32921555638313293,-1.0335657596588135,-188.5628662109375,-366.72235107421875,-95.47950744628906,105.77560424804688,-316.7962951660156,-804.3336791992188,-188.5628662109375,-366.72235107421875,-95.47950744628906,105.77560424804688,-316.7962951660156,-804.3336791992188,-188.5628662109375,-366.72235107421875,-95.47950744628906,105.77560424804688,-316.7962951660156,-804.3336791992188
23.70000123605132,0.26456591486930847,-1.399543285369873,0.08522175997495651,-1.7295016050338745,0.20935118198394775,0.6170076727867126,-0.4386839270591736,-0.2199687510728836,-0.14042051136493683,0.2887898087501526,-0.32380935549736023,-1.0166332721710205,22.7200927734375,-52.6326904296875,-58.3446044921875,-133.28195190429688,3.5005807876586914,-1.0633468627929688,22.7200927734375,-52.6326904296875,-58.3446044921875,-133.28195190429688,3.5005807876586914,-1.0633468627929688,22.7200927734375,-52.6326904296875,-58.3446044921875,-133.28195190429688,3.5005807876586914,-1.0633468627929688
23.716667903587222,0.25724971294403076,-1.4031890630722046,0.08289232105016708,-1.7245334386825562,0.20390088856220245,0.5999621748924255,-0.4376571476459503,-0.2261437177658081,-0.1391056627035141,0.29066652059555054,-0.3279915153980255,-1.0230298042297363,-226.03390502929688,-449.0244140625,-104.82997131347656,127.49673461914062,-381.6515197753906,-938.8851928710938,-226.03390502929688,-449.0244140625,-104.82997131347656,127.49673461914062,-381.6515197753906,-938.8851928710938,-226.03390502929688,-449.0244140625,-104.82997131347656,127.49673461914062,-381.6515197753906,-938.8851928710938
23.733334571123123,0.2500665783882141,-1.406805157661438,0.0805744007229805,-1.7197084426879883,0.1985408067703247,0.5831970572471619,-0.43029889464378357,-0.22293806076049805,-0.1372416764497757,0.28480860590934753,-0.3226008117198944,-1.0062730312347412,25.542984008789062,-56.19464111328125,-64.24635314941406,-146.29840087890625,3.6466140747070312,-1.204010009765625,25.542984008789062,-56.19464111328125,-64.24635314941406,-146.29840087890625,3.6466140747070312,-1.204010009765625,25.542984008789062,-56.19464111328125,-64.24635314941406,-146.29840087890625,3.6466140747070312,-1.204010009765625
23.750001238659024,0.24292588233947754,-1.4104622602462769,0.07829799503087997,-1.714858889579773,0.19316381216049194,0.5664588212966919,-0.42728403210639954,-0.2261561006307602,-0.13557490706443787,0.2842162549495697,-0.32364794611930847,-1.0046110153198242,-140.68899536132812,-325.80914306640625,-84.19871520996094,34.42169189453125,-253.82220458984375,-604.1907958984375,-140.68899536132812,-325.80914306640625,-84.19871520996094,34.42169189453125,-253.82220458984375,-604.1907958984375,-140.68899536132812,-325.80914306640625,-84.19871520996094,34.42169189453125,-253.82220458984375,-604.1907958984375
23.766667906194925,0.2359122484922409,-1.41408109664917,0.07603959739208221,-1.710132360458374,0.18787619471549988,0.5499963760375977,-0.4201386868953705,-0.2228364795446396,-0.13365472853183746,0.2787227928638458,-0.318338006734848,-0.9881547093391418,24.344329833984375,-50.80340576171875,-59.813262939453125,-135.86639404296875,3.1429519653320312,-1.14202880859375,24.344329833984375,-50.80340576171875,-59.813262939453125,-135.86639404296875,3.1429519653320312,-1.14202880859375,24.344329833984375,-50.80340576171875,-59.813262939453125,-135.86639404296875,3.1429519653320312,-1.14202880859375
23.783334573730826,0.2289465218782425,-1.417734146118164,0.07382442057132721,-1.7053918838500977,0.18258166313171387,0.5335904955863953,-0.4167853593826294,-0.225591778755188,-0.13189058005809784,0.2775581479072571,-0.31877511739730835,-0.9846840500831604,-119.30047607421875,-306.1973876953125,-78.39830017089844,6.265625,-226.32479858398438,-518.5365600585938,-119.30047607421875,-306.1973876953125,-78.39830017089844,6.265625,-226.32479858398438,-518.5365600585938,-119.30047607421875,-306.1973876953125,-78.39830017089844,6.265625,-226.32479858398438,-518.5365600585938
23.800001241266727,0.22210480272769928,-1.4213476181030273,0.07162695378065109,-1.7007708549499512,0.17737525701522827,0.5174554586410522,-0.40980955958366394,-0.22226804494857788,-0.1300302892923355,0.2721734642982483,-0.3135472536087036,-0.9685536623001099,25.195480346679688,-49.86346435546875,-60.357147216796875,-136.76763916015625,2.9408931732177734,-1.1277198791503906,25.195480346679688,-49.86346435546875,-60.357147216796875,-136.76763916015625,2.9408931732177734,-1.1277198791503906,25.195480346679688,-49.86346435546875,-60.357147216796875,-136.76763916015625,2.9408931732177734,-1.1277198791503906
23.81666790880263,0.21529929339885712,-1.4250149726867676,0.06947702914476395,-1.696123719215393,0.17214643955230713,0.501354455947876,-0.4069885015487671,-0.22639738023281097,-0.1282479614019394,0.27121827006340027,-0.3148755133152008,-0.9663875102996826,-131.31976318359375,-364.4049072265625,-80.08808898925781,0.0691375732421875,-259.27960205078125,-558.6552734375,-131.31976318359375,-364.4049072265625,-80.08808898925781,0.0691375732421875,-259.27960205078125,-558.6552734375,-131.31976318359375,-364.4049072265625,-80.08808898925781,0.0691375732421875,-259.27960205078125,-558.6552734375
23.83333457633853,0.20861802995204926,-1.4286473989486694,0.06733862310647964,-1.6916053295135498,0.16700488328933716,0.48551854491233826,-0.40012410283088684,-0.22313319146633148,-0.12655360996723175,0.2656976282596588,-0.30970925092697144,-0.9505599141120911,28.05828857421875,-52.537322998046875,-65.38420104980469,-147.60850524902344,3.00347900390625,-1.26123046875,28.05828857421875,-52.537322998046875,-65.38420104980469,-147.60850524902344,3.00347900390625,-1.26123046875,28.05828857421875,-52.537322998046875,-65.38420104980469,-147.60850524902344,3.00347900390625,-1.26123046875
23.85000124387443,0.2020007222890854,-1.432298183441162,0.06524484604597092,-1.6871026754379272,0.16188040375709534,0.46980997920036316,-0.39584723114967346,-0.22477295994758606,-0.12458426505327225,0.2631165385246277,-0.30868154764175415,-0.9428427815437317,-67.00335693359375,-258.74139404296875,-65.14979553222656,-58.573486328125,-161.30389404296875,-320.8243408203125,-67.00335693359375,-258.74139404296875,-65.14979553222656,-58.573486328125,-161.30389404296875,-320.8243408203125,-67.00335693359375,-258.74139404296875,-65.14979553222656,-58.573486328125,-161.30389404296875,-320.8243408203125
23.86666791141033,0.19550137221813202,-1.4359066486358643,0.06316878646612167,-1.68271005153656,0.15684163570404053,0.4543606638908386,-0.38921409845352173,-0.22142580151557922,-0.12282952666282654,0.25800013542175293,-0.3036246597766876,-0.9273996353149414,26.61407470703125,-47.1192626953125,-60.17253112792969,-135.43606567382812,2.5671730041503906,-1.16705322265625,26.61407470703125,-47.1192626953125,-60.17253112792969,-135.43606567382812,2.5671730041503906,-1.16705322265625,26.61407470703125,-47.1192626953125,-60.17253112792969,-135.43606567382812,2.5671730041503906,-1.16705322265625
23.883334578946233,0.1890721619129181,-1.4395263195037842,0.061138737946748734,-1.6783429384231567,0.1518295407295227,0.43906646966934204,-0.3845685124397278,-0.22257903218269348,-0.12076376378536224,0.25491225719451904,-0.30200764536857605,-0.9180171489715576,-44.050811767578125,-236.64413452148438,-58.380218505859375,-83.0030517578125,-133.43214416503906,-237.62106323242188,-44.050811767578125,-236.64413452148438,-58.380218505859375,-83.0030517578125,-133.43214416503906,-237.62106323242188,-44.050811767578125,-236.64413452148438,-58.380218505859375,-83.0030517578125,-133.43214416503906,-237.62106323242188
23.900001246482134,0.18275748193264008,-1.4431028366088867,0.05912649258971214,-1.6740806102752686,0.1469014585018158,0.42402470111846924,-0.37812188267707825,-0.21924784779548645,-0.11906114220619202,0.24995450675487518,-0.29706302285194397,-0.9029808044433594,27.294158935546875,-45.72808837890625,-59.80879211425781,-134.17242431640625,2.371072769165039,-1.1527519226074219,27.294158935546875,-45.72808837890625,-59.80879211425781,-134.17242431640625,2.371072769165039,-1.1527519226074219,27.294158935546875,-45.72808837890625,-59.80879211425781,-134.17242431640625,2.371072769165039,-1.1527519226074219
23.916667914018035,0.17651253938674927,-1.4467016458511353,0.05716598033905029,-1.6698460578918457,0.1419965922832489,0.4091499447822571,-0.37336230278015137,-0.2211950123310089,-0.11681966483592987,0.24642033874988556,-0.29559797048568726,-0.8928105235099792,-29.603851318359375,-269.03570556640625,-51.940216064453125,-113.09324645996094,-135.20120239257812,-189.41522216796875,-29.603851318359375,-269.03570556640625,-51.940216064453125,-113.09324645996094,-135.20120239257812,-189.41522216796875,-29.603851318359375,-269.03570556640625,-51.940216064453125,-113.09324645996094,-135.20120239257812,-189.41522216796875
23.933334581553936,0.17038139700889587,-1.4502604007720947,0.055218636989593506,-1.6657211780548096,0.13717447221279144,0.3945207893848419,-0.36705735325813293,-0.217934712767601,-0.11526110768318176,0.24142538011074066,-0.2907571494579315,-0.8781887292861938,29.810653686523438,-47.196746826171875,-63.17884826660156,-141.108642578125,2.3913421630859375,-1.2362060546875,29.810653686523438,-47.196746826171875,-63.17884826660156,-141.108642578125,2.3913421630859375,-1.2362060546875,29.810653686523438,-47.196746826171875,-63.17884826660156,-141.108642578125,2.3913421630859375,-1.2362060546875
23.950001249089837,0.16433772444725037,-1.4538140296936035,0.05331799387931824,-1.6616495847702026,0.13240164518356323,0.38011032342910767,-0.3614390790462494,-0.21793952584266663,-0.11300422996282578,0.23708510398864746,-0.2877526879310608,-0.8649761080741882,11.073944091796875,-184.40426635742188,-43.243316650390625,-138.6517333984375,-68.71461486816406,-49.04388427734375,11.073944091796875,-184.40426635742188,-43.243316650390625,-138.6517333984375,-68.71461486816406,-49.04388427734375,11.073944091796875,-184.40426635742188,-43.243316650390625,-138.6517333984375,-68.71461486816406,-49.04388427734375
23.966667916625738,0.15840139985084534,-1.4573224782943726,0.0514359250664711,-1.657671570777893,0.127709299325943,0.36593806743621826,-0.3553817570209503,-0.21463456749916077,-0.1113908439874649,0.23250609636306763,-0.28304755687713623,-0.8508087396621704,28.089881896972656,-42.066558837890625,-57.492706298828125,-127.90438842773438,2.0200042724609375,-1.130096435546875,28.089881896972656,-42.066558837890625,-57.492706298828125,-127.90438842773438,2.0200042724609375,-1.130096435546875,28.089881896972656,-42.066558837890625,-57.492706298828125,-127.90438842773438,2.0200042724609375,-1.130096435546875
23.98333458416164,0.15255911648273468,-1.4608181715011597,0.04960155487060547,-1.6537556648254395,0.12307511270046234,0.35200899839401245,-0.3493803143501282,-0.21414953470230103,-0.10904668271541595,0.22773116827011108,-0.2794964611530304,-0.8361315727233887,34.744720458984375,-160.66732788085938,-35.64506530761719,-158.4547882080078,-41.48095703125,28.810546875,34.744720458984375,-160.66732788085938,-35.64506530761719,-158.4547882080078,-41.48095703125,28.810546875,34.744720458984375,-160.66732788085938,-35.64506530761719,-158.4547882080078,-41.48095703125,28.810546875
24.00000125169754,0.14682023227214813,-1.4642683267593384,0.0477861724793911,-1.6499269008636475,0.11851927638053894,0.3383100926876068,-0.3435284197330475,-0.210881307721138,-0.10747605562210083,0.22335673868656158,-0.2749292254447937,-0.8224372863769531,28.378372192382812,-40.240875244140625,-56.036705017089844,-124.09390258789062,1.8426780700683594,-1.1134109497070312,28.378372192382812,-40.240875244140625,-56.036705017089844,-124.09390258789062,1.8426780700683594,-1.1134109497070312,28.378372192382812,-40.240875244140625,-56.036705017089844,-124.09390258789062,1.8426780700683594,-1.1134109497070312
24.01666791923344,0.14118674397468567,-1.4677088260650635,0.04602515324950218,-1.6461764574050903,0.11402949690818787,0.32489776611328125,-0.3367554843425751,-0.21060346066951752,-0.10481417179107666,0.21755051612854004,-0.2708375155925751,-0.8050951361656189,75.52743530273438,-166.6778564453125,-20.96636962890625,-207.76211547851562,-14.0941162109375,156.05804443359375,75.52743530273438,-166.6778564453125,-20.96636962890625,-207.76211547851562,-14.0941162109375,156.05804443359375,75.52743530273438,-166.6778564453125,-20.96636962890625,-207.76211547851562,-14.0941162109375,156.05804443359375
24.033334586769342,0.13565467298030853,-1.4711052179336548,0.04428030550479889,-1.6425118446350098,0.10961640626192093,0.3117070496082306,-0.33108609914779663,-0.2074112445116043,-0.10335200279951096,0.2132597714662552,-0.2664121985435486,-0.7919093370437622,29.949539184570312,-40.1717529296875,-57.00096130371094,-125.53094482421875,1.8286666870117188,-1.134857177734375,29.949539184570312,-40.1717529296875,-57.00096130371094,-125.53094482421875,1.8286666870117188,-1.134857177734375,29.949539184570312,-40.1717529296875,-57.00096130371094,-125.53094482421875,1.8286666870117188,-1.134857177734375
24.050001254305243,0.1302344650030136,-1.4744733572006226,0.04258317872881889,-1.6389350891113281,0.10528183728456497,0.29881396889686584,-0.324105441570282,-0.20579391717910767,-0.10084281116724014,0.20742996037006378,-0.26160597801208496,-0.7739499807357788,90.43753051757812,-105.65878295898438,-18.888107299804688,-202.65579223632812,20.420242309570312,201.62109375,90.43753051757812,-105.65878295898438,-18.888107299804688,-202.65579223632812,20.420242309570312,201.62109375,90.43753051757812,-105.65878295898438,-18.888107299804688,-202.65579223632812,20.420242309570312,201.62109375
24.066667921841145,0.12490920722484589,-1.4777942895889282,0.04090633615851402,-1.635431170463562,0.10102112591266632,0.28613436222076416,-0.3186945617198944,-0.20260034501552582,-0.09934402257204056,0.20353208482265472,-0.25733715295791626,-0.7612735033035278,28.019546508789062,-35.62628173828125,-51.370704650878906,-112.5335693359375,1.5541915893554688,-1.02996826171875,28.019546508789062,-35.62628173828125,-51.370704650878906,-112.5335693359375,1.5541915893554688,-1.02996826171875,28.019546508789062,-35.62628173828125,-51.370704650878906,-112.5335693359375,1.5541915893554688,-1.02996826171875
24.083334589377046,0.11970272660255432,-1.4810799360275269,0.03927769884467125,-1.6320226192474365,0.09684669971466064,0.2737726867198944,-0.3113340437412262,-0.20051360130310059,-0.09676473587751389,0.19734705984592438,-0.2520504295825958,-0.7421038150787354,113.77243041992188,-81.32461547851562,-10.7662353515625,-217.35549926757812,45.90898132324219,271.33465576171875,113.77243041992188,-81.32461547851562,-10.7662353515625,-217.35549926757812,45.90898132324219,271.33465576171875,113.77243041992188,-81.32461547851562,-10.7662353515625,-217.35549926757812,45.90898132324219,271.33465576171875
24.100001256912947,0.11458686739206314,-1.4843182563781738,0.03766996040940285,-1.6286801099777222,0.0927436426281929,0.2616156041622162,-0.3061489462852478,-0.19737625122070312,-0.09529994428157806,0.19368861615657806,-0.24794043600559235,-0.7299488186836243,27.61095428466797,-33.368438720703125,-48.792213439941406,-106.29653930664062,1.4170989990234375,-0.9858627319335938,27.61095428466797,-33.368438720703125,-48.792213439941406,-106.29653930664062,1.4170989990234375,-0.9858627319335938,27.61095428466797,-33.368438720703125,-48.792213439941406,-106.29653930664062,1.4170989990234375,-0.9858627319335938
24.116667924448848,0.10961275547742844,-1.4875162839889526,0.03611762076616287,-1.625460147857666,0.08874493837356567,0.24984608590602875,-0.29737669229507446,-0.19493067264556885,-0.09228161722421646,0.18597911298274994,-0.2414947748184204,-0.7065236568450928,179.40313720703125,-61.65142822265625,11.816024780273438,-280.92144775390625,99.22891235351562,465.28936767578125,179.40313720703125,-61.65142822265625,11.816024780273438,-280.92144775390625,99.22891235351562,465.28936767578125,179.40313720703125,-61.65142822265625,11.816024780273438,-280.92144775390625,99.22891235351562,465.28936767578125
24.13333459198475,0.10472548007965088,-1.4906672239303589,0.034585364162921906,-1.6223007440567017,0.08481555432081223,0.23827175796031952,-0.29242491722106934,-0.19186940789222717,-0.09087880700826645,0.18253478407859802,-0.23755931854248047,-0.6949517130851746,27.477432250976562,-31.55352783203125,-46.82347869873047,-101.33982849121094,1.3506393432617188,-0.9364013671875,27.477432250976562,-31.55352783203125,-46.82347869873047,-101.33982849121094,1.3506393432617188,-0.9364013671875,27.477432250976562,-31.55352783203125,-46.82347869873047,-101.33982849121094,1.3506393432617188,-0.9364013671875
24.15000125952065,0.09997435659170151,-1.493767499923706,0.033100783824920654,-1.6192572116851807,0.08098985254764557,0.22705894708633423,-0.2841339707374573,-0.18871837854385376,-0.0881696343421936,0.175531804561615,-0.23120152950286865,-0.6731685996055603,167.09030151367188,-25.91070556640625,7.0577239990234375,-248.5686492919922,102.44609069824219,421.9859619140625,167.09030151367188,-25.91070556640625,7.0577239990234375,-248.5686492919922,102.44609069824219,421.9859619140625,167.09030151367188,-25.91070556640625,7.0577239990234375,-248.5686492919922,102.44609069824219,421.9859619140625
24.16666792705655,0.09530410170555115,-1.4968197345733643,0.03163871169090271,-1.6162649393081665,0.07723008841276169,0.21603187918663025,-0.27944216132164,-0.18570327758789062,-0.086760975420475,0.17241938412189484,-0.22743819653987885,-0.6621417999267578,25.49737548828125,-27.94085693359375,-41.92597961425781,-90.19076538085938,1.1625900268554688,-0.82611083984375,25.49737548828125,-27.94085693359375,-41.92597961425781,-90.19076538085938,1.1625900268554688,-0.82611083984375,25.49737548828125,-27.94085693359375,-41.92597961425781,-90.19076538085938,1.1625900268554688,-0.82611083984375
24.183334594592452,0.09077659249305725,-1.4998154640197754,0.03022420033812523,-1.613395094871521,0.07358036190271378,0.20538143813610077,-0.27079930901527405,-0.1821291148662567,-0.08400548249483109,0.16515040397644043,-0.22068701684474945,-0.6394510269165039,188.80397033691406,-2.2286376953125,15.201858520507812,-258.117919921875,125.08601379394531,480.83721923828125,188.80397033691406,-2.2286376953125,15.201858520507812,-258.117919921875,125.08601379394531,480.83721923828125,188.80397033691406,-2.2286376953125,15.201858520507812,-258.117919921875,125.08601379394531,480.83721923828125
24.200001262128353,0.08632518351078033,-1.502763271331787,0.02883283607661724,-1.6105701923370361,0.0699937716126442,0.19490750133991241,-0.26635152101516724,-0.17918947339057922,-0.08262480050325394,0.16229720413684845,-0.21709823608398438,-0.6289767622947693,24.19024658203125,-25.365936279296875,-38.43739318847656,-82.15249633789062,1.0278816223144531,-0.7760543823242188,24.19024658203125,-25.365936279296875,-38.43739318847656,-82.15249633789062,1.0278816223144531,-0.7760543823242188,24.19024658203125,-25.365936279296875,-38.43739318847656,-82.15249633789062,1.0278816223144531,-0.7760543823242188
24.216667929664254,0.08205050230026245,-1.5056415796279907,0.02749640680849552,-1.607903242111206,0.06654371321201324,0.18490064144134521,-0.25571033358573914,-0.17474180459976196,-0.07933541387319565,0.15312892198562622,-0.20867501199245453,-0.6007928848266602,276.3280334472656,40.98773193359375,44.75556945800781,-330.90472412109375,199.84423828125,726.4041748046875,276.3280334472656,40.98773193359375,44.75556945800781,-330.90472412109375,199.84423828125,726.4041748046875,276.3280334472656,40.98773193359375,44.75556945800781,-330.90472412109375,199.84423828125,726.4041748046875
24.233334597200155,0.07784614711999893,-1.5084714889526367,0.026184260845184326,-1.605271577835083,0.06315449625253677,0.175059974193573,-0.2515536844730377,-0.17187412083148956,-0.07796502858400345,0.15061500668525696,-0.20528554916381836,-0.5909508466720581,21.667770385742188,-21.786712646484375,-33.36273193359375,-70.8514404296875,0.9176101684570312,-0.676513671875,21.667770385742188,-21.786712646484375,-33.36273193359375,-70.8514404296875,0.9176101684570312,-0.676513671875,21.667770385742188,-21.786712646484375,-33.36273193359375,-70.8514404296875,0.9176101684570312,-0.676513671875
24.250001264736056,0.07380014657974243,-1.5112313032150269,0.02491873875260353,-1.6027764081954956,0.05988888815045357,0.16562645137310028,-0.24209924042224884,-0.16735979914665222,-0.075121209025383,0.14280499517917633,-0.19769862294197083,-0.5664219856262207,236.40692138671875,50.756317138671875,33.15814208984375,-275.83953857421875,173.6560516357422,603.2067260742188,236.40692138671875,50.756317138671875,33.15814208984375,-275.83953857421875,173.6560516357422,603.2067260742188,236.40692138671875,50.756317138671875,33.15814208984375,-275.83953857421875,173.6560516357422,603.2067260742188
24.266667932271957,0.0698193609714508,-1.5139434337615967,0.023677987977862358,-1.6003117561340332,0.05668032169342041,0.15634958446025848,-0.23818981647491455,-0.1645868867635727,-0.07378732413053513,0.14053155481815338,-0.19449082016944885,-0.5571429133415222,20.069175720214844,-19.4239501953125,-29.973770141601562,-63.245880126953125,0.8033218383789062,-0.606781005859375,20.069175720214844,-19.4239501953125,-29.973770141601562,-63.245880126953125,0.8033218383789062,-0.606781005859375,20.069175720214844,-19.4239501953125,-29.973770141601562,-63.245880126953125,0.8033218383789062,-0.606781005859375
24.28333459980786,0.06600278615951538,-1.5165808200836182,0.022483088076114655,-1.5979883670806885,0.053599949926137924,0.14748914539813995,-0.22844097018241882,-0.15972045063972473,-0.07092660665512085,0.1325553059577942,-0.1866186261177063,-0.5320515632629395,255.18447875976562,72.44290161132812,40.649993896484375,-280.6234130859375,192.34820556640625,648.7178955078125,255.18447875976562,72.44290161132812,40.649993896484375,-280.6234130859375,192.34820556640625,648.7178955078125,255.18447875976562,72.44290161132812,40.649993896484375,-280.6234130859375,192.34820556640625,648.7178955078125
24.30000126734376,0.06224631145596504,-1.5191705226898193,0.02131347544491291,-1.5956887006759644,0.05057365447282791,0.1387760192155838,-0.22478806972503662,-0.15704014897346497,-0.0696186050772667,0.13054083287715912,-0.1835945099592209,-0.5233352184295654,17.89360809326172,-16.719085693359375,-25.982711791992188,-54.509063720703125,0.675323486328125,-0.5185546875,17.89360809326172,-16.719085693359375,-25.982711791992188,-54.509063720703125,0.675323486328125,-0.5185546875,17.89360809326172,-16.719085693359375,-25.982711791992188,-54.509063720703125,0.675323486328125,-0.5185546875
24.31666793487966,0.05869733542203903,-1.5216666460037231,0.020196989178657532,-1.5935728549957275,0.04770837351679802,0.1305837780237198,-0.21255601942539215,-0.15086951851844788,-0.06615825742483139,0.12042795121669769,-0.17366954684257507,-0.49192795157432556,360.1116027832031,135.41522216796875,75.60603332519531,-357.7566223144531,282.8797607421875,928.2391967773438,360.1116027832031,135.41522216796875,75.60603332519531,-357.7566223144531,282.8797607421875,928.2391967773438,360.1116027832031,135.41522216796875,75.60603332519531,-357.7566223144531,282.8797607421875,928.2391967773438
24.33333460241556,0.05520079284906387,-1.5241141319274902,0.019108660519123077,-1.5914679765701294,0.04489470273256302,0.12252799421548843,-0.20925015211105347,-0.14825451374053955,-0.06481078267097473,0.11885775625705719,-0.17086130380630493,-0.48386693000793457,12.788619995117188,-11.565093994140625,-18.148422241210938,-37.87518310546875,0.49248504638671875,-0.36181640625,12.788619995117188,-11.565093994140625,-18.148422241210938,-37.87518310546875,0.49248504638671875,-0.36181640625,12.788619995117188,-11.565093994140625,-18.148422241210938,-37.87518310546875,0.49248504638671875,-0.36181640625
24.350001269951463,0.05188051238656044,-1.526475429534912,0.018064938485622406,-1.5895121097564697,0.042218174785375595,0.11490501463413239,-0.19889339804649353,-0.14262890815734863,-0.061909209936857224,0.11064746975898743,-0.162435844540596,-0.4578034579753876,293.70233154296875,119.79934692382812,57.344329833984375,-285.41058349609375,230.41769409179688,737.2767333984375,293.70233154296875,119.79934692382812,57.344329833984375,-285.41058349609375,230.41769409179688,737.2767333984375,293.70233154296875,119.79934692382812,57.344329833984375,-285.41058349609375,230.41769409179688,737.2767333984375
24.366667937487364,0.04860887676477432,-1.528790831565857,0.01704784668982029,-1.5875667333602905,0.03958919271826744,0.10740894824266434,-0.1958054155111313,-0.14015565812587738,-0.06064716354012489,0.10920470207929611,-0.1598118096590042,-0.4503026008605957,12.243392944335938,-10.77294921875,-16.969703674316406,-35.233795166015625,0.46044921875,-0.343017578125,12.243392944335938,-10.77294921875,-16.969703674316406,-35.233795166015625,0.46044921875,-0.343017578125,12.243392944335938,-10.77294921875,-16.969703674316406,-35.233795166015625,0.46044921875,-0.343017578125
24.383334605023265,0.0455179288983345,-1.5310169458389282,0.01607394590973854,-1.5857735872268677,0.037099920213222504,0.10034870356321335,-0.18524795770645142,-0.13427460193634033,-0.05776220187544823,0.10093600302934647,-0.15122833847999573,-0.42405617237091064,308.27703857421875,137.943603515625,63.35731506347656,-286.07635498046875,244.11395263671875,767.1885986328125,308.27703857421875,137.943603515625,63.35731506347656,-286.07635498046875,244.11395263671875,767.1885986328125,308.27703857421875,137.943603515625,63.35731506347656,-286.07635498046875,244.11395263671875,767.1885986328125
24.400001272559166,0.04247049242258072,-1.5331976413726807,0.01512693241238594,-1.583985447883606,0.0346551351249218,0.09340610355138779,-0.18241770565509796,-0.13190965354442596,-0.056529004126787186,0.09973334521055222,-0.14878997206687927,-0.4171079397201538,9.616615295410156,-8.254058837890625,-13.085121154785156,-27.05426025390625,0.34600830078125,-0.2586822509765625,9.616615295410156,-8.254058837890625,-13.085121154785156,-27.05426025390625,0.34600830078125,-0.2586822509765625,9.616615295410156,-8.254058837890625,-13.085121154785156,-27.05426025390625,0.34600830078125,-0.2586822509765625
24.416667940095067,0.03965359926223755,-1.5352661609649658,0.014229942113161087,-1.5823951959609985,0.032386600971221924,0.0870097279548645,-0.1690468192100525,-0.12441011518239975,-0.0530131496489048,0.0892459899187088,-0.13793328404426575,-0.384189248085022,424.53240966796875,215.28036499023438,101.46888732910156,-362.73272705078125,343.6368408203125,1060.831787109375,424.53240966796875,215.28036499023438,101.46888732910156,-362.73272705078125,343.6368408203125,1060.831787109375,424.53240966796875,215.28036499023438,101.46888732910156,-362.73272705078125,343.6368408203125,1060.831787109375
24.433334607630968,0.03687100484967232,-1.537286639213562,0.013364065438508987,-1.580793857574463,0.03015998750925064,0.08072040975093842,-0.16660653054714203,-0.12210271507501602,-0.051699478179216385,0.08855916559696198,-0.13571734726428986,-0.37789085507392883,2.372711181640625,-1.960418701171875,-3.285675048828125,-6.84857177734375,0.1107177734375,-0.0608062744140625,2.372711181640625,-1.960418701171875,-3.285675048828125,-6.84857177734375,0.1107177734375,-0.0608062744140625,2.372711181640625,-1.960418701171875,-3.285675048828125,-6.84857177734375,0.1107177734375,-0.0608062744140625
24.45000127516687,0.03427574038505554,-1.5392102003097534,0.012539832852780819,-1.579345703125,0.028076795861124992,0.07486751675605774,-0.15573787689208984,-0.11570373922586441,-0.04882942512631416,0.08038073033094406,-0.12690536677837372,-0.35161077976226807,334.5300598144531,176.05929565429688,77.01690673828125,-279.1681823730469,269.2907409667969,817.0062255859375,334.5300598144531,176.05929565429688,77.01690673828125,-279.1681823730469,269.2907409667969,817.0062255859375,334.5300598144531,176.05929565429688,77.01690673828125,-279.1681823730469,269.2907409667969,817.0062255859375
24.46666794270277,0.03171267360448837,-1.5410908460617065,0.011743264272809029,-1.577890396118164,0.026031380519270897,0.06911243498325348,-0.15347068011760712,-0.11357938498258591,-0.04765148088335991,0.07970058917999268,-0.1248689666390419,-0.3458474278450012,3.594451904296875,-2.957305908203125,-4.8159027099609375,-9.95697021484375,0.1391754150390625,-0.0810546875,3.594451904296875,-2.957305908203125,-4.8159027099609375,-9.95697021484375,0.1391754150390625,-0.0810546875,3.594451904296875,-2.957305908203125,-4.8159027099609375,-9.95697021484375,0.1391754150390625,-0.0810546875
24.48333461023867,0.029339129105210304,-1.5428744554519653,0.010986271314322948,-1.5765891075134277,0.024129603058099747,0.06379012763500214,-0.14253517985343933,-0.10704679787158966,-0.04483570158481598,0.07157644629478455,-0.1160440593957901,-0.31979015469551086,343.6581726074219,189.06594848632812,80.70625305175781,-276.3927001953125,276.97869873046875,829.3682861328125,343.6581726074219,189.06594848632812,80.70625305175781,-276.3927001953125,276.97869873046875,829.3682861328125,343.6581726074219,189.06594848632812,80.70625305175781,-276.3927001953125,276.97869873046875,829.3682861328125
24.500001277774572,0.0269930362701416,-1.544615626335144,0.010256816633045673,-1.5752769708633423,0.022262588143348694,0.058556850999593735,-0.14051218330860138,-0.10504183918237686,-0.04369412362575531,0.0710994228720665,-0.11418676376342773,-0.31454840302467346,1.1799468994140625,-0.8931884765625,-1.64520263671875,-3.478546142578125,0.053497314453125,-0.0304107666015625,1.1799468994140625,-0.8931884765625,-1.64520263671875,-3.478546142578125,0.053497314453125,-0.0304107666015625,1.1799468994140625,-0.8931884765625,-1.64520263671875,-3.478546142578125,0.053497314453125,-0.0304107666015625
24.516667945310473,0.0248890221118927,-1.54623281955719,0.009573021903634071,-1.5741636753082275,0.020576460286974907,0.053864337503910065,-0.12664289772510529,-0.09672745317220688,-0.04025617614388466,0.06083889305591583,-0.10305441915988922,-0.28197184205055237,463.421142578125,273.722412109375,119.17288208007812,-347.7808837890625,377.64569091796875,1115.55078125,463.421142578125,273.722412109375,119.17288208007812,-347.7808837890625,377.64569091796875,1115.55078125,463.421142578125,273.722412109375,119.17288208007812,-347.7808837890625,377.64569091796875,1115.55078125
24.533334612846375,0.02280237339437008,-1.547805666923523,0.008921852335333824,-1.5730230808258057,0.01892254315316677,0.04925079643726349,-0.1250283122062683,-0.09477481991052628,-0.03900737315416336,0.060906440019607544,-0.10141505300998688,-0.27734601497650146,-7.189735412597656,5.834686279296875,9.006759643554688,18.108489990234375,-0.20294952392578125,0.1887969970703125,-7.189735412597656,5.834686279296875,9.006759643554688,18.108489990234375,-0.20294952392578125,0.1887969970703125,-7.189735412597656,5.834686279296875,9.006759643554688,18.108489990234375,-0.20294952392578125,0.1887969970703125
24.550001280382276,0.020904704928398132,-1.5492768287658691,0.00830828957259655,-1.572029709815979,0.01741006225347519,0.04505428299307823,-0.11417064815759659,-0.08802518248558044,-0.03627511113882065,0.053198352456092834,-0.09272521734237671,-0.25224289298057556,354.5900573730469,214.22354125976562,89.42695617675781,-259.2611083984375,287.0014343261719,836.3681640625,354.5900573730469,214.22354125976562,89.42695617675781,-259.2611083984375,287.0014343261719,836.3681640625,354.5900573730469,214.22354125976562,89.42695617675781,-259.2611083984375,287.0014343261719,836.3681640625
24.566667947918177,0.019024161621928215,-1.5507093667984009,0.007722238544374704,-1.5710158348083496,0.015925796702504158,0.04092821106314659,-0.1126745268702507,-0.08628595620393753,-0.03520664572715759,0.05315757170319557,-0.09125245362520218,-0.24810676276683807,-3.8097763061523438,3.08453369140625,4.678977966308594,9.3275146484375,-0.0927581787109375,0.103851318359375,-3.8097763061523438,3.08453369140625,4.678977966308594,9.3275146484375,-0.0927581787109375,0.103851318359375,-3.8097763061523438,3.08453369140625,4.678977966308594,9.3275146484375,-0.0927581787109375,0.103851318359375
24.583334615454078,0.01733173243701458,-1.5520410537719727,0.007171131670475006,-1.5701487064361572,0.014580607414245605,0.037208423018455505,-0.10192406177520752,-0.07954957336187363,-0.032570190727710724,0.04561959579586983,-0.08270944654941559,-0.223649799823761,356.8990478515625,220.512451171875,90.08113098144531,-253.51361083984375,287.7655944824219,829.6341552734375,356.8990478515625,220.512451171875,90.08113098144531,-253.51361083984375,287.7655944824219,829.6341552734375,356.8990478515625,220.512451171875,90.08113098144531,-253.51361083984375,287.7655944824219,829.6341552734375
24.60000128298998,0.01565244421362877,-1.5533361434936523,0.006646944209933281,-1.5692585706710815,0.013260784558951855,0.03355121240019798,-0.10064399987459183,-0.07793845236301422,-0.03154822066426277,0.04573153331875801,-0.08140157163143158,-0.2199820578098297,-5.422386169433594,4.324615478515625,6.667205810546875,13.3203125,-0.1471099853515625,0.1472320556640625,-5.422386169433594,4.324615478515625,6.667205810546875,13.3203125,-0.1471099853515625,0.1472320556640625,-5.422386169433594,4.324615478515625,6.667205810546875,13.3203125,-0.1471099853515625,0.1472320556640625
24.61666795052588,0.014211711473762989,-1.5545053482055664,0.006162699777632952,-1.5685557126998901,0.01211458258330822,0.030396852642297745,-0.08710138499736786,-0.06944620609283447,-0.028346264734864235,0.036307234317064285,-0.07072468847036362,-0.1896994262933731,470.36968994140625,303.7442626953125,125.62895202636719,-314.9101257324219,380.8307189941406,1085.48583984375,470.36968994140625,303.7442626953125,125.62895202636719,-314.9101257324219,380.8307189941406,1085.48583984375,470.36968994140625,303.7442626953125,125.62895202636719,-314.9101257324219,380.8307189941406,1085.48583984375
24.63333461806178,0.012774148024618626,-1.555634617805481,0.005710640922188759,-1.5678132772445679,0.010991331189870834,0.027296053245663643,-0.08621547371149063,-0.06788260489702225,-0.02720951847732067,0.03694206103682518,-0.06961815804243088,-0.18658462166786194,-13.70556640625,10.82257080078125,16.920486450195312,33.947540283203125,-0.396514892578125,0.3549346923828125,-13.70556640625,10.82257080078125,16.920486450195312,33.947540283203125,-0.396514892578125,0.3549346923828125,-13.70556640625,10.82257080078125,16.920486450195312,33.947540283203125,-0.396514892578125,0.3549346923828125
24.650001285597682,0.011515369638800621,-1.5566651821136475,0.0052909706719219685,-1.5672045946121216,0.009998545981943607,0.024568872526288033,-0.07601837068796158,-0.06129330396652222,-0.02474120259284973,0.03013354353606701,-0.061604857444763184,-0.16409726440906525,349.2366027832031,228.876953125,92.1039047241211,-227.6632080078125,280.59344482421875,790.623046875,349.2366027832031,228.876953125,92.1039047241211,-227.6632080078125,280.59344482421875,790.623046875,349.2366027832031,228.876953125,92.1039047241211,-227.6632080078125,280.59344482421875,790.623046875
24.666667953133583,0.010261273942887783,-1.5576632022857666,0.004897112026810646,-1.5665663480758667,0.009025040082633495,0.021887827664613724,-0.07519357651472092,-0.05995919555425644,-0.023816976696252823,0.030560776591300964,-0.060644231736660004,-0.16140517592430115,-8.296371459960938,6.5274658203125,10.158088684082031,20.330169677734375,-0.22714996337890625,0.2159881591796875,-8.296371459960938,6.5274658203125,10.158088684082031,20.330169677734375,-0.22714996337890625,0.2159881591796875,-8.296371459960938,6.5274658203125,10.158088684082031,20.330169677734375,-0.22714996337890625,0.2159881591796875
24.683334620669484,0.009181282483041286,-1.558565616607666,0.0045324815437197685,-1.5660579204559326,0.008176838047802448,0.019562503322958946,-0.0653168335556984,-0.053553227335214615,-0.021489262580871582,0.02404114417731762,-0.052950210869312286,-0.13999512791633606,343.11907958984375,226.99502563476562,89.2138900756836,-219.07777404785156,273.5955810546875,763.6196899414062,343.11907958984375,226.99502563476562,89.2138900756836,-219.07777404785156,273.5955810546875,763.6196899414062,343.11907958984375,226.99502563476562,89.2138900756836,-219.07777404785156,273.5955810546875,763.6196899414062
24.700001288205385,0.00810305681079626,-1.5594375133514404,0.004192527383565903,-1.5655195713043213,0.007345394231379032,0.017276637256145477,-0.06466583907604218,-0.05234792083501816,-0.020623212680220604,0.024558182805776596,-0.05213136225938797,-0.13769830763339996,-8.750972747802734,6.8529052734375,10.690536499023438,21.37042236328125,-0.2371673583984375,0.230743408203125,-8.750972747802734,6.8529052734375,10.690536499023438,21.37042236328125,-0.2371673583984375,0.230743408203125,-8.750972747802734,6.8529052734375,10.690536499023438,21.37042236328125,-0.2371673583984375,0.230743408203125
24.716667955741286,0.007241483777761459,-1.560192584991455,0.003885351587086916,-1.5651438236236572,0.00666735228151083,0.01542231347411871,-0.0524509996175766,-0.0444357767701149,-0.017842885106801987,0.01657133921980858,-0.04270576685667038,-0.11171676963567734,438.3665771484375,298.5720520019531,118.2112808227539,-265.8244934082031,349.46136474609375,965.4964599609375,438.3665771484375,298.5720520019531,118.2112808227539,-265.8244934082031,349.46136474609375,965.4964599609375,438.3665771484375,298.5720520019531,118.2112808227539,-265.8244934082031,349.46136474609375,965.4964599609375
24.733334623277187,0.006372933741658926,-1.5609148740768433,0.0036075010430067778,-1.5647236108779907,0.00600391486659646,0.013599955476820469,-0.05214356631040573,-0.04327716305851936,-0.016875524073839188,0.017534267157316208,-0.04205900803208351,-0.1098799929022789,-15.764068603515625,12.28912353515625,19.28520965576172,38.619354248046875,-0.44075775146484375,0.4079132080078125,-15.764068603515625,12.28912353515625,19.28520965576172,38.619354248046875,-0.44075775146484375,0.4079132080078125,-15.764068603515625,12.28912353515625,19.28520965576172,38.619354248046875,-0.44075775146484375,0.4079132080078125
24.75000129081309,0.005658960435539484,-1.5615499019622803,0.0033555489499121904,-1.5644135475158691,0.0054503255523741245,0.012083682231605053,-0.04337486997246742,-0.037441618740558624,-0.014818140305578709,0.0120388837531209,-0.03531473129987717,-0.09145990014076233,313.2764892578125,214.97235107421875,83.06033325195312,-185.73321533203125,247.39346313476562,676.3844604492188,313.2764892578125,214.97235107421875,83.06033325195312,-185.73321533203125,247.39346313476562,676.3844604492188,313.2764892578125,214.97235107421875,83.06033325195312,-185.73321533203125,247.39346313476562,676.3844604492188
24.76666795834899,0.004940993618220091,-1.5621589422225952,0.0031258342787623405,-1.5640711784362793,0.004908230621367693,0.010593404993414879,-0.04307331517338753,-0.03650892525911331,-0.014077868312597275,0.012720147147774696,-0.0347849540412426,-0.08995901793241501,-8.912429809570312,6.951690673828125,10.84307861328125,21.679595947265625,-0.234039306640625,0.231689453125,-8.912429809570312,6.951690673828125,10.84307861328125,21.679595947265625,-0.234039306640625,0.231689453125,-8.912429809570312,6.951690673828125,10.84307861328125,21.679595947265625,-0.234039306640625,0.231689453125
24.78333462588489,0.004368321504443884,-1.5626872777938843,0.002918505808338523,-1.5638327598571777,0.00446784682571888,0.009384187869727612,-0.034876078367233276,-0.031049298122525215,-0.012207452207803726,0.007633750326931477,-0.028542252257466316,-0.07304462790489197,296.90081787109375,203.5458984375,76.33790588378906,-174.29791259765625,231.88510131835938,628.4151611328125,296.90081787109375,203.5458984375,76.33790588378906,-174.29791259765625,231.88510131835938,628.4151611328125,296.90081787109375,203.5458984375,76.33790588378906,-174.29791259765625,231.88510131835938,628.4151611328125
24.80000129342079,0.00379011407494545,-1.5631927251815796,0.0027316678315401077,-1.5635631084442139,0.004036893602460623,0.008195826783776283,-0.034692615270614624,-0.030238021165132523,-0.011537269689142704,0.008332830853760242,-0.028122950345277786,-0.07184623181819916,-8.081794738769531,6.29425048828125,9.814399719238281,19.6212158203125,-0.2076263427734375,0.2082061767578125,-8.081794738769531,6.29425048828125,9.814399719238281,19.6212158203125,-0.2076263427734375,0.2082061767578125,-8.081794738769531,6.29425048828125,9.814399719238281,19.6212158203125,-0.2076263427734375,0.2082061767578125
24.816667960956693,0.003385174088180065,-1.5636024475097656,0.002568937139585614,-1.5634174346923828,0.00372528494335711,0.007334137801080942,-0.02497238479554653,-0.02378053218126297,-0.00939080212265253,0.00236421637237072,-0.020796073600649834,-0.0521833710372448,359.92138671875,251.75027465820312,94.79664611816406,-202.01853942871094,280.27044677734375,752.3739013671875,359.92138671875,251.75027465820312,94.79664611816406,-202.01853942871094,280.27044677734375,752.3739013671875,359.92138671875,251.75027465820312,94.79664611816406,-202.01853942871094,280.27044677734375,752.3739013671875
24.833334628492594,0.002968395361676812,-1.5639879703521729,0.002429795218631625,-1.5632317066192627,0.0034213638864457607,0.006487734150141478,-0.02504172921180725,-0.023018958047032356,-0.008656897582113743,0.0033696407917886972,-0.020506499335169792,-0.05132465437054634,-12.69021987915039,9.839614868164062,15.447166442871094,30.899078369140625,-0.3402862548828125,0.3270263671875,-12.69021987915039,9.839614868164062,15.447166442871094,30.899078369140625,-0.3402862548828125,0.3270263671875,-12.69021987915039,9.839614868164062,15.447166442871094,30.899078369140625,-0.3402862548828125,0.3270263671875
24.850001296028495,0.002665917854756117,-1.5643075704574585,0.0023087463341653347,-1.5631226301193237,0.003196544712409377,0.005856115370988846,-0.018580565229058266,-0.018609317019581795,-0.007174988277256489,-0.00042233284329995513,-0.015652108937501907,-0.038401003926992416,241.05564880371094,167.72105407714844,60.826133728027344,-134.56004333496094,185.06396484375,491.818115234375,241.05564880371094,167.72105407714844,60.826133728027344,-134.56004333496094,185.06396484375,491.818115234375,241.05564880371094,167.72105407714844,60.826133728027344,-134.56004333496094,185.06396484375,491.818115234375
24.866667963564396,0.0023556153755635023,-1.5646100044250488,0.002204189309850335,-1.562986135482788,0.0029770731925964355,0.005235632881522179,-0.018605710938572884,-0.018047641962766647,-0.006660373881459236,0.0002621276944410056,-0.015442490577697754,-0.03777205944061279,-5.29180908203125,4.1194305419921875,6.3917083740234375,12.75579833984375,-0.1188812255859375,0.1368255615234375,-5.29180908203125,4.1194305419921875,6.3917083740234375,12.75579833984375,-0.1188812255859375,0.1368255615234375,-5.29180908203125,4.1194305419921875,6.3917083740234375,12.75579833984375,-0.1188812255859375,0.1368255615234375
24.883334631100297,0.0021449828054755926,-1.5648554563522339,0.0021140417084097862,-1.5629172325134277,0.0028254666831344366,0.004797973670065403,-0.01300308108329773,-0.014224737882614136,-0.00541202537715435,-0.0029994456563144922,-0.011279170401394367,-0.026771221309900284,212.4876251220703,145.59066772460938,50.15465545654297,-120.07371520996094,160.41217041015625,422.6146240234375,212.4876251220703,145.59066772460938,50.15465545654297,-120.07371520996094,160.41217041015625,422.6146240234375,212.4876251220703,145.59066772460938,50.15465545654297,-120.07371520996094,160.41217041015625,422.6146240234375
24.900001298636198,0.001926640048623085,-1.5650866031646729,0.0020379836205393076,-1.562824010848999,0.002677755430340767,0.00436814920976758,-0.013077154755592346,-0.013767882250249386,-0.004978679120540619,-0.002377290977165103,-0.011140053160488605,-0.02633395791053772,-3.1922569274902344,2.4925994873046875,3.8266220092773438,7.633087158203125,-0.05640411376953125,0.0874481201171875,-3.1922569274902344,2.4925994873046875,3.8266220092773438,7.633087158203125,-0.05640411376953125,0.0874481201171875,-3.1922569274902344,2.4925994873046875,3.8266220092773438,7.633087158203125,-0.05640411376953125,0.0874481201171875
24.9166679661721,0.0018138231243938208,-1.565258502960205,0.001975852297618985,-1.5628020763397217,0.0026008004788309336,0.00412714434787631,-0.0071740662679076195,-0.009748744778335094,-0.003700417932122946,-0.005774326156824827,-0.006799520459026098,-0.014971161261200905,227.3623046875,157.2108917236328,53.764434814453125,-124.78875732421875,170.45797729492188,444.98480224609375,227.3623046875,157.2108917236328,53.764434814453125,-124.78875732421875,170.45797729492188,444.98480224609375,227.3623046875,157.2108917236328,53.764434814453125,-124.78875732421875,170.45797729492188,444.98480224609375
24.933334633708,0.0016907983226701617,-1.5654160976409912,0.001928271958604455,-1.562753677368164,0.0025265607982873917,0.003890756983309984,-0.007365786470472813,-0.009347932413220406,-0.0032683759927749634,-0.005053413100540638,-0.006734534632414579,-0.014726833440363407,-4.248584747314453,3.3214111328125,5.119232177734375,10.21527099609375,-0.085113525390625,0.113128662109375,-4.248584747314453,3.3214111328125,5.119232177734375,10.21527099609375,-0.085113525390625,0.113128662109375,-4.248584747314453,3.3214111328125,5.119232177734375,10.21527099609375,-0.085113525390625,0.113128662109375
24.9500013012439,0.0016238399548456073,-1.5655401945114136,0.0018896829569712281,-1.5627403259277344,0.002490213606506586,0.003754975041374564,-0.004193644504994154,-0.0071057602763175964,-0.002539878012612462,-0.00678030913695693,-0.0044099679216742516,-0.008674759417772293,126.77961730957031,82.78216552734375,24.38665771484375,-74.98492431640625,91.64511108398438,236.59246826171875,126.77961730957031,82.78216552734375,24.38665771484375,-74.98492431640625,91.64511108398438,236.59246826171875,126.77961730957031,82.78216552734375,24.38665771484375,-74.98492431640625,91.64511108398438,236.59246826171875
24.966667968779802,0.0015511690871790051,-1.5656554698944092,0.0018593943677842617,-1.5627115964889526,0.0024552212562412024,0.003621782874688506,-0.004298368468880653,-0.006853089667856693,-0.0022929792758077383,-0.006375202909111977,-0.004380200989544392,-0.008537109941244125,2.5722808837890625,-1.9408721923828125,-3.2097015380859375,-6.443145751953125,0.1163330078125,-0.0592041015625,2.5722808837890625,-1.9408721923828125,-3.2097015380859375,-6.443145751953125,0.1163330078125,-0.0592041015625,2.5722808837890625,-1.9408721923828125,-3.2097015380859375,-6.443145751953125,0.1163330078125,-0.0592041015625
24.983334636315703,0.0015138573944568634,-1.5657494068145752,0.0018344797426834702,-1.562705397605896,0.0024437031242996454,0.0035506661515682936,-0.0023056131321936846,-0.005425561219453812,-0.001842294237576425,-0.007448211777955294,-0.0029407681431621313,-0.004803030285984278,84.0626220703125,48.863189697265625,9.828445434570312,-57.0958251953125,57.33000183105469,146.376708984375,84.0626220703125,48.863189697265625,9.828445434570312,-57.0958251953125,57.33000183105469,146.376708984375,84.0626220703125,48.863189697265625,9.828445434570312,-57.0958251953125,57.33000183105469,146.376708984375
25.000001303851604,0.001472890144214034,-1.5658376216888428,0.001814770745113492,-1.5626893043518066,0.0024328383151441813,0.003480939893051982,-0.002375839278101921,-0.005251321941614151,-0.0016868481179699302,-0.007192229852080345,-0.002933184150606394,-0.004730517044663429,5.844875335693359,-4.48046875,-7.202369689941406,-14.423431396484375,0.213409423828125,-0.141815185546875,5.844875335693359,-4.48046875,-7.202369689941406,-14.423431396484375,0.213409423828125,-0.141815185546875,5.844875335693359,-4.48046875,-7.202369689941406,-14.423431396484375,0.213409423828125,-0.141815185546875
