0.05000000260770321,8.217507e-05,-1.5718443,-0.0038143613,-1.5715327,-7.2126044e-05,4.2243228e-06,0.0012144542,-0.04341406,-0.2437545,0.0021002083,0.0005155985,0.0002638291,-2.371435415528329,24.890861683841205,13.489634607251656,3.2341800840561,-1.596397891005709,0.34649823163006754,-2.371435415528329,24.890861683841205,13.489634607251656,3.2341800840561,-1.596397891005709,0.34649823163006754,-35.263245,330.05283,150.13963,34.346992,-17.608269,3.9743347
0.06666667014360428,0.00018162692,-1.572076,-0.003821022,-1.5716875,-6.0585167e-05,1.3244222e-05,0.0027818051,0.006317511,0.008529142,0.0030441086,0.00094619463,0.0005418299,-2.0399728555685734,16.728685704111875,10.462227107593847,1.2381850887377608,-0.8534012982116865,0.019542640359274905,-2.0399728555685734,16.728685704111875,10.462227107593847,1.2381850887377608,-0.8534012982116865,0.019542640359274905,-30.334396,221.82237,116.44459,13.149526,-9.413016,0.22415408
0.08333333767950535,0.00024444397,-1.5719495,-0.0036746857,-1.5716062,-3.6291196e-05,2.4811203e-05,0.0037348906,0.0077506434,0.008703597,0.0035809733,0.0012007327,0.0006936909,0.003013545904050518,0.17171202741597033,0.09130858560992272,-0.006626536561046392,-0.008398899006389642,-0.018173178175582817,0.003013545904050518,0.17171202741597033,0.09130858560992272,-0.006626536561046392,-0.008398899006389642,-0.018173178175582817,0.044811428,2.2769015,1.0162646,-0.07037382,-0.092639856,-0.20844635
0.10000000521540642,0.000350294,-1.5717727,-0.0035206696,-1.57151,-1.1675052e-06,4.2209853e-05,0.006287663,0.010949182,0.0092543345,0.00467162,0.0018556843,0.0010436028,0.01594016895890637,0.3493781542885897,0.18574595986886377,0.0055171917639883225,-0.013889087294840532,-0.01782187193294349,0.01594016895890637,0.3493781542885897,0.18574595986886377,0.0055171917639883225,-0.013889087294840532,-0.01782187193294349,0.23703031,4.6327543,2.0673525,0.058592577,-0.15319663,-0.20441687
0.11666667275130749,0.00050866423,-1.5715315,-0.003355179,-1.5713917,4.7266054e-05,6.558916e-05,0.009425707,0.014916357,0.009983779,0.006057083,0.002656586,0.0014024165,0.018842637578993737,0.4272385420303,0.22686074043541263,0.010763137494327883,-0.016393152454822365,-0.017678327111441256,0.018842637578993737,0.4272385420303,0.22686074043541263,0.010763137494327883,-0.016393152454822365,-0.017678327111441256,0.28019002,5.665183,2.52496,0.11430452,-0.18081647,-0.20277041
0.13333334028720856,0.0006933242,-1.5712532,-0.0031836568,-1.5712602,0.00010247972,9.145045e-05,0.011041676,0.01692369,0.01024525,0.006733809,0.003058552,0.001551669,0.01092565163879805,0.21638787529946812,0.11313340734600057,-0.0038727854857337008,-0.008966714981352321,-0.018102752975307553,0.01092565163879805,0.21638787529946812,0.11313340734600057,-0.0038727854857337008,-0.008966714981352321,-0.018102752975307553,0.16246444,2.8693032,1.2591748,-0.04112898,-0.098902866,-0.20763858
0.15000000782310963,0.0009452681,-1.5708958,-0.002998486,-1.571101,0.000174303,0.00012259129,0.015024301,0.022002572,0.011223004,0.008547451,0.0040638717,0.0018683455,0.023061037063598633,0.5353716523758786,0.2835100658927431,0.017953974154484926,-0.019697886862110683,-0.017482684088875752,0.023061037063598633,0.5353716523758786,0.2835100658927431,0.017953974154484926,-0.019697886862110683,-0.017482684088875752,0.34291762,7.099028,3.155467,0.1906712,-0.21726769,-0.20052639
0.1666666753590107,0.0012726513,-1.5704437,-0.0027951326,-1.5709077,0.00026492882,0.00015792674,0.019538337,0.027791461,0.012349648,0.010638332,0.0051938337,0.0021198574,0.02562994714863924,0.6039236106124579,0.31941631090930206,0.022515446901770413,-0.02179136086029025,-0.017366742141993022,0.02562994714863924,0.6039236106124579,0.31941631090930206,0.022515446901770413,-0.02179136086029025,-0.017366742141993022,0.3811173,8.008027,3.5551035,0.23911405,-0.24035871,-0.19919653
0.18333334289491177,0.0016342542,-1.5699408,-0.0025822818,-1.570694,0.00036428374,0.00019421261,0.021653589,0.03047235,0.0127583975,0.011584996,0.005710225,0.0021773262,0.013320025735520323,0.2697298070064677,0.1395639597780514,-0.0006235052047476258,-0.010006730246306115,-0.018019563702780367,0.013320025735520323,0.2697298070064677,0.1395639597780514,-0.0006235052047476258,-0.010006730246306115,-0.018019563702780367,0.19806878,3.5766172,1.5533469,-0.0066216253,-0.110374235,-0.2066844
0.20000001043081284,0.002085129,-1.5693312,-0.0023507848,-1.5704435,0.00048518818,0.0002322067,0.026936324,0.037285395,0.014087631,0.01407922,0.007014306,0.0022796085,0.029464858686194455,0.6957454738933396,0.36695695416089763,0.02849737354142069,-0.024322113013764673,-0.01721070866638822,0.029464858686194455,0.6957454738933396,0.36695695416089763,0.02849737354142069,-0.024322113013764673,-0.01721070866638822,0.43814245,9.225585,4.084231,0.3026421,-0.2682729,-0.19740683
0.2166666779667139,0.0026321711,-1.568599,-0.0020956523,-1.5701474,0.00062953774,0.00026967344,0.032694776,0.044745218,0.015535384,0.016837928,0.008422241,0.0022476779,0.0317210047214562,0.7535348290951184,0.3968678394739197,0.032267706879114705,-0.025922165388209326,-0.01712105356306227,0.0317210047214562,0.7535348290951184,0.3968678394739197,0.032267706879114705,-0.025922165388209326,-0.01712105356306227,0.47169134,9.991872,4.417139,0.34268305,-0.28592148,-0.19637848
0.23333334550261497,0.0032194399,-1.5678046,-0.0018284206,-1.569827,0.00078395463,0.00030529467,0.03519447,0.047956914,0.016040057,0.01800789,0.0090167625,0.0021373609,0.015193650845961838,0.29666930841644423,0.1513771933686701,0.0006809735954818079,-0.00976092660848595,-0.017985494997362104,0.015193650845961838,0.29666930841644423,0.1513771933686701,0.0006809735954818079,-0.00976092660848595,-0.017985494997362104,0.22592959,3.933835,1.6848282,0.0072319396,-0.10766302,-0.20629363
0.25000001303851604,0.003915758,-1.56688,-0.0015387856,-1.5694602,0.00096403493,0.00033624124,0.04164479,0.056352373,0.017644815,0.021147316,0.010569771,0.0018566044,0.03517139414932877,0.8270992952234605,0.43423816307321494,0.03688783295410501,-0.02755701055552672,-0.01700175723098316,0.03517139414932877,0.8270992952234605,0.43423816307321494,0.03688783295410501,-0.02755701055552672,-0.01700175723098316,0.52299863,10.967337,4.8330708,0.3917488,-0.30395383,-0.19501016
0.2666666805744171,0.0047267396,-1.5658069,-0.0012213213,-1.5690368,0.0011713834,0.00035921356,0.048513576,0.0653336,0.019337632,0.024534069,0.012206485,0.0013778263,0.03706304996544351,0.8734892935774445,0.45779721756187086,0.03980979632074101,-0.028618267743239487,-0.016936820906561772,0.03706304996544351,0.8734892935774445,0.45779721756187086,0.03980979632074101,-0.028618267743239487,-0.016936820906561772,0.55112755,11.582468,5.095283,0.42278004,-0.3156595,-0.19426534
0.2833333481103182,0.00558212,-1.5646633,-0.0008899687,-1.5685856,0.0013895798,0.00037650167,0.051287904,0.06894133,0.019890197,0.025883088,0.01284604,0.0010369121,0.016569727486865027,0.2955161068773917,0.14765410410426055,-0.00010359897050241855,-0.008094825478758687,-0.017993918635477266,0.016569727486865027,0.2955161068773917,0.14765410410426055,-0.00010359897050241855,-0.008094825478758687,-0.017993918635477266,0.24639185,3.9185436,1.6433902,-0.0011002211,-0.089285925,-0.20639025
0.30000001564621925,0.0065640807,-1.5633665,-0.0005336902,-1.5680785,0.0016367616,0.0003801378,0.058771223,0.078769326,0.021694709,0.029624732,0.014600135,0.00021752405,0.04015293551036473,0.927124843338496,0.48409245191987094,0.04293383739313388,-0.0292482639807306,-0.01685196613371632,0.04015293551036473,0.927124843338496,0.48409245191987094,0.04293383739313388,-0.0292482639807306,-0.01685196613371632,0.59707415,12.293675,5.387949,0.45595735,-0.32260835,-0.19329205
0.3166666831821203,0.0076769437,-1.561898,-0.00014663728,-1.5675044,0.0019142523,0.00036585928,0.06661475,0.0891163,0.023556916,0.033593416,0.016418597,-0.0008576013,0.04175907024699085,0.9607327290070363,0.5005689108575236,0.044904696963825694,-0.02969388300358763,-0.016810632625037725,0.04175907024699085,0.9607327290070363,0.5005689108575236,0.044904696963825694,-0.02969388300358763,-0.016810632625037725,0.6209574,12.739316,5.571332,0.47688788,-0.32752353,-0.19281796
0.3333333507180214,0.008836638,-1.5603532,0.00025532505,-1.5668997,0.002202866,0.00034122838,0.06955938,0.09299011,0.024112767,0.0350749,0.017073208,-0.0014792018,0.017557091254392726,0.26451034603435347,0.12746436683743897,-0.0031248496217467243,-0.004874169151024287,-0.01803983941531327,0.017557091254392726,0.26451034603435347,0.12746436683743897,-0.0031248496217467243,-0.004874169151024287,-0.01803983941531327,0.26107395,3.5074072,1.4186784,-0.033185903,-0.053762086,-0.20691696
0.35000001825392246,0.010138176,-1.5586351,0.0006835223,-1.5662297,0.0025230336,0.0002916103,0.07793997,0.10409541,0.02604187,0.03936993,0.01898291,-0.0029785477,0.04453935635995769,0.9930527228215881,0.5150556350118495,0.04641813859203217,-0.029227902212687656,-0.01675748211878117,0.04453935635995769,0.9930527228215881,0.5150556350118495,0.04641813859203217,-0.029227902212687656,-0.01675748211878117,0.6623002,13.167879,5.732569,0.49296063,-0.32238376,-0.19220832
0.36666668578982353,0.011584575,-1.5567251,0.0011441954,-1.5654848,0.002875806,0.0002118759,0.086621694,0.11565297,0.027998477,0.043868627,0.02093845,-0.004785577,0.04588736330172161,1.0132221434810402,0.5241075723104828,0.04738370577494304,-0.029017789085021586,-0.01673821064317964,0.04588736330172161,1.0132221434810402,0.5241075723104828,0.04738370577494304,-0.029017789085021586,-0.01673821064317964,0.6823451,13.435326,5.8333173,0.50321496,-0.3200662,-0.19198728
0.3833333533257246,0.013078605,-1.5547338,0.0016200829,-1.5647064,0.0032395248,0.00011650407,0.089638226,0.11967156,0.028516555,0.045438446,0.021581419,-0.0057252184,0.018269244503798545,0.20264403312993806,0.09030418575934643,-0.00847276307207492,-9.886426082791142e-06,-0.0181157989614199,0.018269244503798545,0.20264403312993806,0.09030418575934643,-0.00847276307207492,-9.886426082791142e-06,-0.0181157989614199,0.27166367,2.6870599,1.0050856,-0.089980744,-0.00010904728,-0.20778821
0.40000002086162567,0.014727451,-1.5525533,0.00212232,-1.5638559,0.0036366526,-1.730934e-05,0.09877988,0.13189788,0.030495966,0.050234802,0.0236036,-0.008031492,0.04848081069900113,1.0229141643863637,0.5261163720116354,0.04718464758885558,-0.027376002651501655,-0.016713377539760252,0.04848081069900113,1.0229141643863637,0.5261163720116354,0.04718464758885558,-0.027376002651501655,-0.016713377539760252,0.72090966,13.563842,5.855675,0.50110096,-0.3019573,-0.19170244
0.41666668839752674,0.016532866,-1.5501627,0.0026575045,-1.5629219,0.0040679825,-0.00019544503,0.10816364,0.14451185,0.032472998,0.055212714,0.02565419,-0.010690432,0.049620894834188786,1.0293354995290258,0.5275950813122087,0.04711891971738999,-0.026486050725955914,-0.016713424308879954,0.049620894834188786,1.0293354995290258,0.5275950813122087,0.04711891971738999,-0.026486050725955914,-0.016713424308879954,0.7378627,13.648989,5.8721333,0.5004029,-0.29214114,-0.19170298
0.4333333559334278,0.018385172,-1.5476888,0.0032075497,-1.561953,0.0045096814,-0.0003949229,0.11115966,0.14855963,0.03291615,0.05682594,0.026261885,-0.011973781,0.018914948795654668,0.10892692194804887,0.03571512189301305,-0.016234185118684213,0.006575949307689857,-0.018215839407604052,0.018914948795654668,0.10892692194804887,0.03571512189301305,-0.016234185118684213,0.006575949307689857,-0.018215839407604052,0.2812653,1.444371,0.3975093,-0.17240705,0.07253272,-0.20893568
0.4500000234693289,0.020403003,-1.5450099,0.003782888,-1.5609043,0.004985978,-0.0006481583,0.12092678,0.16175443,0.034872644,0.06206913,0.028356211,-0.015198475,0.052169288014435655,1.0155684268312757,0.5167213947196747,0.04513731222817229,-0.023614292996424712,-0.01671372311158916,0.052169288014435655,1.0155684268312757,0.5167213947196747,0.04513731222817229,-0.023614292996424712,-0.01671372311158916,0.7757573,13.466437,5.751109,0.47935826,-0.26046565,-0.1917064
0.46666669100522995,0.022586837,-1.5421057,0.0043904483,-1.5597649,0.005497418,-0.0009616782,0.13087702,0.17526643,0.03679769,0.06746754,0.030462632,-0.01881453,0.053282828642044124,1.0071722091053406,0.5100971283617045,0.04396433266767225,-0.021991759187399207,-0.016731939683712973,0.053282828642044124,1.0071722091053406,0.5100971283617045,0.04396433266767225,-0.021991759187399207,-0.016731939683712973,0.79231566,13.3551035,5.677381,0.4669012,-0.2425691,-0.19191535
0.483333358541131,0.02481541,-1.5391186,0.005011906,-1.5585887,0.0060183024,-0.0013024643,0.1337668,0.1792338,0.03713219,0.06907915,0.031014483,-0.020455176,0.019784026203655766,-0.017350539003202457,-0.03659367721999752,-0.02646673814500568,0.014943068176643048,-0.01833380931548274,0.019784026203655766,-0.017350539003202457,-0.03659367721999752,-0.02646673814500568,0.014943068176643048,-0.01833380931548274,0.29418847,-0.23006815,-0.40728763,-0.28107676,0.16482204,-0.2102888
0.5000000260770321,0.027217964,-1.5359148,0.0056564654,-1.5573287,0.006574353,-0.0017139273,0.14402504,0.19324106,0.03899444,0.07470757,0.033143483,-0.02469417,0.05598521585342623,0.9694178539523532,0.4861198881137296,0.04015428535008835,-0.017856230329408068,-0.016753922469114987,0.05598521585342623,0.9694178539523532,0.4861198881137296,0.04015428535008835,-0.017856230329408068,-0.016753922469114987,0.83250016,12.854481,5.4105144,0.4264385,-0.19695422,-0.19216749
0.5166666936129332,0.029793723,-1.5324725,0.0063313385,-1.5559717,0.0071658855,-0.0022031274,0.15440801,0.20749919,0.0407968,0.080468155,0.035269443,-0.029356558,0.05716974493153719,0.9463220340274219,0.47149246915010107,0.03788147381245529,-0.015504875727815188,-0.01678706098870807,0.05716974493153719,0.9463220340274219,0.47149246915010107,0.03788147381245529,-0.015504875727815188,-0.01678706098870807,0.8501141,12.54823,5.247711,0.40230125,-0.17101878,-0.19254759
0.5333333611488342,0.03241078,-1.5289485,0.0070186,-1.5545788,0.007765637,-0.0027255507,0.15711245,0.21128617,0.040992744,0.08203724,0.035747934,-0.031356987,0.021166471161935343,-0.1761170713790042,-0.12646734660954917,-0.039172119227730846,0.025099110624947987,-0.018462749180215902,0.021166471161935343,-0.1761170713790042,-0.12646734660954917,-0.039172119227730846,0.025099110624947987,-0.018462749180215902,0.31474543,-2.3353124,-1.4075816,-0.4160079,0.2768432,-0.21176773
0.5500000286847353,0.035208043,-1.525198,0.0077256695,-1.5530958,0.008400554,-0.0033369104,0.16772993,0.2259517,0.042691354,0.08799425,0.03787712,-0.036690477,0.06034685688365123,0.883775455020312,0.43407060600890834,0.0321906979025645,-0.010068514000148203,-0.01682734349133559,0.06034685688365123,0.883775455020312,0.43407060600890834,0.0321906979025645,-0.010068514000148203,-0.01682734349133559,0.89735776,11.718863,4.831206,0.3418652,-0.11105571,-0.19300963
0.5666666962206364,0.03818356,-1.5211986,0.008460008,-1.5515106,0.009070732,-0.004044678,0.17841472,0.24080093,0.04430245,0.09405399,0.039989147,-0.042471875,0.06180652132271598,0.8456185572467418,0.41129329883613136,0.028792419339303918,-0.006971621070249667,-0.01687378003063052,0.06180652132271598,0.8456185572467418,0.41129329883613136,0.028792419339303918,-0.006971621070249667,-0.01687378003063052,0.919063,11.212902,4.5776944,0.3057755,-0.07689698,-0.19354226
0.5833333637565374,0.041195743,-1.5171213,0.0092047285,-1.5498899,0.009747658,-0.0047914884,0.18086153,0.24431261,0.044334047,0.095537975,0.04037965,-0.044824544,0.023472565649015918,-0.36756312685314885,-0.2338612068909733,-0.05435991870930415,0.03705758294082185,-0.018597054502292622,0.023472565649015918,-0.36756312685314885,-0.2338612068909733,-0.05435991870930415,0.03705758294082185,-0.018597054502292622,0.34903705,-4.873887,-2.6028752,-0.57730234,0.40874514,-0.21330822
0.6000000312924385,0.044392176,-1.5128093,0.0099649085,-1.5481753,0.010459233,-0.0056465613,0.19170927,0.25948477,0.045801613,0.10175754,0.042477712,-0.051316246,0.06574543033900002,0.7582386874145692,0.3604951466083098,0.021217889704946747,-0.00023557935399784355,-0.016928794805964077,0.06574543033900002,0.7582386874145692,0.3604951466083098,0.021217889704946747,-0.00023557935399784355,-0.016928794805964077,0.97763455,10.054245,4.012311,0.22533399,-0.0025984403,-0.19417328
0.6166666988283396,0.047769755,-1.508242,0.010748209,-1.5463549,0.011205346,-0.0066176616,0.20256802,0.27477178,0.047155555,0.10805151,0.04454589,-0.05827358,0.06770952964839153,0.7047591346061787,0.32949674697149367,0.016681657728726807,0.0036106432229955957,-0.016986392276018936,0.06770952964839153,0.7047591346061787,0.32949674697149367,0.016681657728726807,0.0036106432229955957,-0.016986392276018936,1.0068407,9.345106,3.6672988,0.1771592,0.039825395,-0.19483392
0.6333333663642406,0.051178332,-1.5036005,0.0115394555,-1.5445002,0.0119565325,-0.0076333196,0.2046924,0.27792454,0.047000676,0.109412394,0.04483674,-0.060960386,0.02706108393088715,-0.5908703911897824,-0.35817916609634715,-0.07196504292964037,0.05077419233451837,-0.018730427040259734,0.02706108393088715,-0.5908703911897824,-0.35817916609634715,-0.07196504292964037,0.05077419233451837,-0.018730427040259734,0.40239832,-7.8349414,-3.986534,-0.76426876,0.56003934,-0.214838
0.6500000339001417,0.054773085,-1.4987195,0.012340805,-1.5425484,0.012741383,-0.008777363,0.21564484,0.29345188,0.048173025,0.11582954,0.046875123,-0.06865774,0.0727397127286171,0.5926166724295637,0.26547383962187376,0.007236138575494626,0.011630581923214178,-0.017052771947440003,0.0727397127286171,0.5926166724295637,0.26547383962187376,0.007236138575494626,0.011630581923214178,-0.017052771947440003,1.0816395,7.858097,2.9547238,0.07684779,0.12828532,-0.1955953
0.6666667014360428,0.058549844,-1.4935774,0.01316007,-1.5404884,0.013559602,-0.010057734,0.22655472,0.3090295,0.04920642,0.12229143,0.048872758,-0.07683143,0.07541524377860075,0.5241620954165451,0.22649687898126894,0.0015913023001281107,0.016205767988618246,-0.01711886710671622,0.07541524377860075,0.5241620954165451,0.22649687898126894,0.0015913023001281107,0.016205767988618246,-0.01711886710671622,1.1214247,6.9503894,2.5209103,0.01689963,0.17874962,-0.1963534
0.6833333689719439,0.062351007,-1.4883676,0.013984473,-1.5383949,0.014381059,-0.011387715,0.22829868,0.31174096,0.04884698,0.12349145,0.049054597,-0.07982535,0.03240423548838879,-0.8459985166293643,-0.49920240609579436,-0.09196425337351424,0.06622694236845292,-0.01885823535212456,0.03240423548838879,-0.8459985166293643,-0.49920240609579436,-0.09196425337351424,0.06622694236845292,-0.01885823535212456,0.48185098,-11.21794,-5.556123,-0.9766604,0.7304832,-0.21630396
0.7000000365078449,0.06633824,-1.4829155,0.014812661,-1.5362035,0.01523479,-0.012866726,0.23923568,0.32747644,0.049662415,0.13003786,0.05100868,-0.08875952,0.08188671286505345,0.38733144331481845,0.14941770539879262,-0.009708131072435901,0.025488237629991604,-0.017193854894446827,0.08188671286505345,0.38733144331481845,0.14941770539879262,-0.009708131072435901,0.025488237629991604,-0.017193854894446827,1.2176554,5.136015,1.6630191,-0.10310035,0.28113526,-0.19721352
0.716666704043746,0.070506364,-1.4772009,0.01565256,-1.5339011,0.016120322,-0.014502774,0.2500778,0.34319738,0.050315317,0.13660136,0.05291172,-0.09817366,0.08548130985868002,0.30400875287178236,0.10259939760960443,-0.01644320828092974,0.03077310534465994,-0.017266239201180707,0.08548130985868002,0.30400875287178236,0.10259939760960443,-0.01644320828092974,0.03077310534465994,-0.017266239201180707,1.2711071,4.031156,1.1419313,-0.17462687,0.33942735,-0.19804376
0.7333333715796471,0.074691534,-1.4714253,0.01649446,-1.5315702,0.017007148,-0.016192872,0.2513912,0.34540045,0.04973704,0.1376037,0.052978165,-0.10143898,0.03976769790444185,-1.1310839904739127,-0.6557448319454827,-0.11421159162359723,0.08330519698688581,-0.018975356920137545,0.03976769790444185,-1.1310839904739127,-0.6557448319454827,-0.11421159162359723,0.08330519698688581,-0.018975356920137545,0.59134567,-14.998174,-7.29844,-1.2129271,0.9188563,-0.21764734
0.7500000391155481,0.07906069,-1.4654074,0.017332945,-1.5291396,0.017924488,-0.018052908,0.26219714,0.3612015,0.050137613,0.14421533,0.05482595,-0.11162527,0.09366365271121284,0.14326712664435892,0.01301374102324274,-0.029523785729417246,0.04125698684889516,-0.01734648591659333,0.09366365271121284,0.14326712664435892,0.01301374102324274,-0.029523785729417246,0.04125698684889516,-0.01734648591659333,1.3927785,1.8997221,0.14484294,-0.3135426,0.45506456,-0.1989642
0.7666667066514492,0.08360771,-1.4591248,0.01817598,-1.5265974,0.018871734,-0.020090824,0.27285904,0.37692562,0.05035354,0.15081221,0.056614373,-0.12228748,0.09836833911528906,0.04549978545348569,-0.04134603105786675,-0.03730930289755209,0.047220399135475474,-0.017423760194620466,0.09836833911528906,0.04549978545348569,-0.04134603105786675,-0.03730930289755209,0.047220399135475474,-0.017423760194620466,1.4627372,0.60332716,-0.46018133,-0.3962248,0.520841,-0.19985053
0.7833333741873503,0.0881637,-1.452791,0.019017648,-1.5240297,0.019818246,-0.022186512,0.27369884,0.37855268,0.049545806,0.15158711,0.056561276,-0.12578115,0.04950962614997089,-1.445612468690714,-0.8272967034380176,-0.13862742767046626,0.1019442719107634,-0.0190786231364389,0.04950962614997089,-1.445612468690714,-0.8272967034380176,-0.13862742767046626,0.1019442719107634,-0.0190786231364389,0.73620814,-19.168821,-9.207812,-1.4722233,1.1244453,-0.2188318
0.8000000417232513,0.092899784,-1.446216,0.019847844,-1.5213625,0.020793214,-0.024473028,0.28426507,0.39427915,0.049477037,0.15819336,0.058284327,-0.13721852,0.10851769136276194,-0.13868146172835635,-0.14303543496967325,-0.05211530993438261,0.05885504746804536,-0.017507352201233974,0.10851769136276194,-0.13868146172835635,-0.14303543496967325,-0.05211530993438261,0.05885504746804536,-0.017507352201233974,1.6136581,-1.8389162,-1.5919844,-0.5534646,0.6491712,-0.20080933
0.8166667092591524,0.097809024,-1.4393792,0.020674547,-1.5185839,0.021795888,-0.026958134,0.29464045,0.4098664,0.04920334,0.16475497,0.059940707,-0.14912085,0.11447869296352897,-0.25057111210772715,-0.2046759237818962,-0.060913365215006975,0.06546332202817999,-0.017587860044231598,0.11447869296352897,-0.25057111210772715,-0.2046759237818962,-0.060913365215006975,0.06546332202817999,-0.017587860044231598,1.7022982,-3.322573,-2.278043,-0.64689994,0.72206044,-0.20173275
0.8333333767950535,0.10271865,-1.4325012,0.021496315,-1.5157838,0.022795776,-0.029503882,0.29497093,0.41086525,0.048159894,0.16527084,0.05976589,-0.15279225,0.06165221062937919,-1.7870471488296715,-1.0122849292189604,-0.1650064117266409,0.12198450991162796,-0.019164356129420978,0.06165221062937919,-1.7870471488296715,-1.0122849292189604,-0.1650064117266409,0.12198450991162796,-0.019164356129420978,0.9167684,-23.696245,-11.266731,-1.7523681,1.3454891,-0.21981516
0.8500000443309546,0.10780267,-1.4253864,0.022297788,-1.5128851,0.02382182,-0.03226107,0.30519482,0.42638353,0.04757114,0.17180315,0.06134929,-0.16546364,0.1266526149757452,-0.4567663414266135,-0.3175616799874661,-0.07732094119946611,0.07815026523628131,-0.017672529039740457,0.1266526149757452,-0.4567663414266135,-0.3175616799874661,-0.07732094119946611,0.07815026523628131,-0.017672529039740457,1.8833244,-6.0567217,-3.5344615,-0.8211484,0.8619974,-0.20270391
0.8666667118668556,0.11305341,-1.4180135,0.023086911,-1.5098774,0.024873154,-0.035237186,0.3151845,0.441705,0.046758957,0.17825961,0.06285972,-0.17858294,0.13390918185266779,-0.5818633831823933,-0.3859166507772358,-0.08705374547990703,0.08534431349442206,-0.017755025869467617,0.13390918185266779,-0.5818633831823933,-0.3859166507772358,-0.08705374547990703,0.08534431349442206,-0.017755025869467617,1.9912295,-7.7155085,-4.2952523,-0.9245108,0.9413478,-0.20365015
0.8833333794027567,0.11829557,-1.41061,0.023867384,-1.5068524,0.025919631,-0.03827588,0.3149778,0.44202843,0.045477264,0.17849077,0.06256364,-0.18237618,0.07617961021582392,-2.1535506615271935,-1.209488583382249,-0.1931718513790497,0.14328857172864845,-0.01923067474115799,0.07617961021582392,-2.1535506615271935,-1.209488583382249,-0.1931718513790497,0.14328857172864845,-0.01923067474115799,1.1327908,-28.556082,-13.461608,-2.051485,1.580473,-0.22057584
0.9000000469386578,0.12370482,-1.402975,0.024618052,-1.5037315,0.026989754,-0.04154608,0.3247643,0.4572099,0.044322267,0.18488093,0.063994594,-0.19624911,0.1481101107260647,-0.8090767925141624,-0.50930415630769,-0.10495797613470793,0.09899852714642329,-0.017839436335675904,0.1481101107260647,-0.8090767925141624,-0.50930415630769,-0.10495797613470793,0.09899852714642329,-0.017839436335675904,2.2023973,-10.728358,-5.6685553,-1.1146537,1.0919538,-0.20461833
0.9166667144745588,0.1292729,-1.3950884,0.025346756,-1.5005047,0.028082559,-0.045054905,0.33427697,0.47213638,0.04292763,0.19116618,0.06534821,-0.2105469,0.15668194006975658,-0.9469325006637458,-0.584037434594222,-0.11557176737237561,0.10673732835384034,-0.017923163453079663,0.15668194006975658,-0.9469325006637458,-0.584037434594222,-0.11557176737237561,0.10673732835384034,-0.017923163453079663,2.3298604,-12.556325,-6.5003366,-1.2273722,1.1773127,-0.20557868
0.9333333820104599,0.1348231,-1.3871826,0.026063036,-1.4972656,0.029168475,-0.048627164,0.3335122,0.4717452,0.041408256,0.19108911,0.06493272,-0.21439965,0.09284180607183234,-2.5428084406557847,-1.4174341405712583,-0.2229094954309266,0.16569006151214904,-0.019277313946638296,0.09284180607183234,-2.5428084406557847,-1.4174341405712583,-0.2229094954309266,0.16569006151214904,-0.019277313946638296,1.3805577,-33.71764,-15.776042,-2.3672988,1.8275614,-0.22111079
0.950000049546361,0.14053166,-1.3790537,0.026739392,-1.4939343,0.030275395,-0.052450273,0.3427745,0.4864642,0.039645623,0.1972712,0.06620254,-0.22942859,0.17270894361648612,-1.1936089212178824,-0.716937263056917,-0.1348288045764643,0.12124651470512882,-0.018007037373553594,0.17270894361648612,-1.1936089212178824,-0.716937263056917,-0.1348288045764643,0.12124651470512882,-0.018007037373553594,2.568182,-15.827254,-7.9795117,-1.4318819,1.337349,-0.20654072
0.966666717082262,0.1463897,-1.3706816,0.02738348,-1.4905002,0.031402238,-0.05653082,0.35172644,0.5008767,0.037628215,0.20332105,0.06739159,-0.24485205,0.18238671770333123,-1.3428529822808406,-0.7972457659533724,-0.14621037323371616,0.1294473680926796,-0.018090583910189615,0.18238671770333123,-1.3428529822808406,-0.7972457659533724,-0.14621037323371616,0.1294473680926796,-0.018090583910189615,2.7120905,-17.80623,-8.873345,-1.5527542,1.4278045,-0.207499
0.9833333846181631,0.15222037,-1.3623027,0.028011348,-1.4870592,0.03252023,-0.06067456,0.35039037,0.49973914,0.035876364,0.20291458,0.06686045,-0.24869758,0.11115734739117601,-2.9520259183995865,-1.6343902491923397,-0.2539690380491555,0.18899851459216122,-0.019303973644010482,0.11115734739117601,-2.9520259183995865,-1.6343902491923397,-0.2539690380491555,0.18899851459216122,-0.019303973644010482,1.6529098,-39.143864,-18.190763,-2.6971512,2.0846536,-0.22141658
1.0000000521540642,0.15819925,-1.3537097,0.028588599,-1.4835308,0.033656467,-0.06508746,0.35904953,0.513882,0.033468172,0.2088225,0.06796261,-0.26482102,0.19985460641805808,-1.6070988742834122,-0.9384981277068241,-0.16665133154773892,0.14468393645714547,-0.018174075882852646,0.19985460641805808,-1.6070988742834122,-0.9384981277068241,-0.16665133154773892,0.14468393645714547,-0.018174075882852646,2.971838,-21.310131,-10.445484,-1.7698371,1.5958638,-0.20845665
1.0166667196899652,0.16431709,-1.3448836,0.029122712,-1.479904,0.034809813,-0.0697755,0.36736634,0.5276655,0.030793754,0.21457024,0.06898189,-0.28130272,0.21046970062153245,-1.767121540834821,-1.0239585711949597,-0.17873308079390876,0.1532992447708697,-0.018257935512762228,0.21046970062153245,-1.767121540834821,-1.0239585711949597,-0.17873308079390876,0.1532992447708697,-0.018257935512762228,3.1296844,-23.432032,-11.396659,-1.8981453,1.6908907,-0.20941852
1.0333333872258663,0.17039809,-1.3360637,0.029636847,-1.4762775,0.03595242,-0.07452535,0.36545214,0.52575684,0.028817523,0.21381696,0.06834045,-0.28507227,0.1304225786949214,-3.37828122652494,-1.8585719188268615,-0.2860877024476362,0.21301364206986761,-0.019312563572329026,0.1304225786949214,-3.37828122652494,-1.8585719188268615,-0.2860877024476362,0.21301364206986761,-0.019312563572329026,1.9393837,-44.79601,-20.685905,-3.0382514,2.3495405,-0.2215151
1.0500000547617674,0.176616,-1.3270409,0.030089246,-1.4725677,0.037110485,-0.07956143,0.37343895,0.5392112,0.025732534,0.21938941,0.06927154,-0.3022164,0.22883517836754805,-2.0470312817603755,-1.1723887674035194,-0.2001803024564984,0.16913214058413467,-0.018341456066553966,0.22883517836754805,-2.0470312817603755,-1.1723887674035194,-0.2001803024564984,0.16913214058413467,-0.018341456066553966,3.402779,-27.143635,-13.048687,-2.1259148,1.8655275,-0.2103765
1.0666667222976685,0.18296124,-1.3177968,0.030487092,-1.4687666,0.038282774,-0.084889024,0.38105524,0.5522595,0.022370633,0.22477223,0.07011889,-0.31967652,0.23999538049652983,-2.2164439723502456,-1.2622007248322382,-0.21284728849450524,0.17807988394203775,-0.01842603282296564,0.23999538049652983,-2.2164439723502456,-1.2622007248322382,-0.21284728849450524,0.17807988394203775,-0.01842603282296564,3.5687313,-29.390047,-14.048294,-2.2604382,1.9642211,-0.2113466
1.0833333898335695,0.18926018,-1.308573,0.030861301,-1.4649717,0.039442573,-0.09027579,0.37856328,0.5495634,0.020181475,0.22366026,0.06937367,-0.32329705,0.14974064047735813,-3.8182550605785432,-2.0879909998644393,-0.318969126699559,0.23751658736200412,-0.019304988274079567,0.14974064047735813,-3.8182550605785432,-2.0879909998644393,-0.318969126699559,0.23751658736200412,-0.019304988274079567,2.2266433,-50.630062,-23.23934,-3.3874521,2.619808,-0.22142822
1.1000000573694706,0.1956837,-1.2991588,0.031162243,-1.4610997,0.040614966,-0.0959644,0.38581738,0.5622279,0.016391695,0.22883534,0.0701328,-0.34137422,0.25853857388012186,-2.509767581255008,-1.4164719834374824,-0.2351015301074012,0.19436554809321305,-0.018510749886736417,0.25853857388012186,-2.509767581255008,-1.4164719834374824,-0.2351015301074012,0.19436554809321305,-0.018510749886736417,3.8444686,-33.27952,-15.765333,-2.4967782,2.143852,-0.2123183
1.1166667249053717,0.20222199,-1.2895373,0.03139682,-1.457143,0.041798756,-0.1019594,0.39267656,0.57444024,0.012318233,0.23379436,0.07080847,-0.35972193,0.26979651640306485,-2.687459114270333,-1.5099545159215662,-0.24825188624207808,0.2035761355056832,-0.01859704410915491,0.26979651640306485,-2.687459114270333,-1.5099545159215662,-0.24825188624207808,0.2035761355056832,-0.01859704410915491,4.011874,-35.635708,-16.805794,-2.636435,2.2454448,-0.2133081
1.1333333924412727,0.20870474,-1.279949,0.031604256,-1.4531993,0.042968392,-0.108009696,0.38961375,0.57094896,0.0099315625,0.2323123,0.069967255,-0.36311847,0.16802878851207537,-4.268236289736373,-2.320474005987916,-0.352298427660811,0.26227491937327796,-0.019284587843894127,0.16802878851207537,-4.268236289736373,-2.320474005987916,-0.352298427660811,0.26227491937327796,-0.019284587843894127,2.498588,-56.596813,-25.826876,-3.7414093,2.8928924,-0.22119422
1.1500000599771738,0.21529873,-1.2701851,0.03172662,-1.4491855,0.044147827,-0.11437584,0.39608413,0.5827263,0.0054157265,0.23703146,0.07055585,-0.38203052,0.28770474996355133,-2.992047731333369,-1.6687909012320656,-0.2711205832702292,0.2201783257187872,-0.01868497654990518,0.28770474996355133,-2.992047731333369,-1.6687909012320656,-0.2711205832702292,0.2201783257187872,-0.01868497654990518,4.2781696,-39.674553,-18.573643,-2.8793006,2.428567,-0.21431668
1.1666667275130749,0.22199415,-1.2602292,0.031770427,-1.4450953,0.045335833,-0.12106149,0.4021407,0.5940124,0.00061054906,0.24150999,0.07106229,-0.4011617,0.2985320318923673,-3.1763387481551364,-1.7650001025478366,-0.28461864439107604,0.22956179362043727,-0.01877295575977515,0.2985320318923673,-3.1763387481551364,-1.7650001025478366,-0.28461864439107604,0.22956179362043727,-0.01877295575977515,4.4391713,-42.11825,-19.644451,-3.02265,2.5320666,-0.2153258
1.183333395048976,0.22862494,-1.2503209,0.0317838,-1.441025,0.046508193,-0.12779729,0.39852062,0.589724,-0.0019558351,0.23965184,0.07013372,-0.4042586,0.18417317352602766,-4.724768096325445,-2.554002883513554,-0.3857737431642924,0.2870686359007793,-0.0192558547155485,0.18417317352602766,-4.724768096325445,-2.554002883513554,-0.3857737431642924,0.2870686359007793,-0.0192558547155485,2.738655,-62.650425,-28.426052,-4.096917,3.166367,-0.22086465
1.200000062584877,0.23535317,-1.2402517,0.031700082,-1.4368926,0.04768764,-0.13486113,0.4041666,0.6005293,-0.007214596,0.24386074,0.07055594,-0.42389667,0.31484903388161267,-3.4895791906756695,-1.9268951004727508,-0.30787812787934216,0.24632555943451898,-0.018866878545273878,0.31484903388161267,-3.4895791906756695,-1.9268951004727508,-0.30787812787934216,0.24632555943451898,-0.018866878545273878,4.681805,-46.27182,-21.446342,-3.2696657,2.716971,-0.2164031
1.216666730120778,0.24216887,-1.230007,0.031525396,-1.432692,0.04887291,-0.1422557,0.40938368,0.6108046,-0.012764821,0.24780652,0.07089802,-0.44369704,0.324681339122821,-3.679335351083793,-2.0251574863320734,-0.32162217321593434,0.25581652104368235,-0.01895852523361379,0.324681339122821,-3.679335351083793,-2.0251574863320734,-0.32162217321593434,0.25581652104368235,-0.01895852523361379,4.8280115,-48.787987,-22.540003,-3.4156275,2.8216562,-0.21745428
1.2333333976566792,0.2489112,-1.2198247,0.031317227,-1.4285185,0.050041188,-0.14969404,0.40522525,0.6057229,-0.015489791,0.2455694,0.0698916,-0.44641986,0.19698450849131602,-5.184207530762455,-2.7864843473066,-0.4190867454543177,0.31167496796207655,-0.01922355544182562,0.19698450849131602,-5.184207530762455,-2.7864843473066,-0.4190867454543177,0.31167496796207655,-0.01922355544182562,2.9291596,-68.74259,-31.01357,-4.450701,3.437775,-0.22049418
1.2500000651925802,0.2557365,-1.2094982,0.030999832,-1.4242917,0.051213924,-0.15747058,0.41001663,0.61547637,-0.021502271,0.24921624,0.07015307,-0.46666357,0.3385098732471787,-3.9987566963759664,-2.1887017495977052,-0.34506531982996597,0.27260067024127205,-0.01906102365686671,0.3385098732471787,-3.9987566963759664,-2.1887017495977052,-0.34506531982996597,0.27260067024127205,-0.01906102365686671,5.033642,-53.023514,-24.36025,-3.6645937,3.0067854,-0.21862994
1.2666667327284813,0.26263493,-1.1990144,0.030578883,-1.4200069,0.052389864,-0.16558707,0.41436842,0.62466735,-0.02780676,0.25257906,0.0703373,-0.4870116,0.3467425132807903,-4.192313457506275,-2.288095349143029,-0.3589247579628465,0.2821134634700993,-0.01915739272715428,0.3467425132807903,-4.192313457506275,-2.288095349143029,-0.3589247579628465,0.2821134634700993,-0.01915739272715428,5.156061,-55.590076,-25.466501,-3.811781,3.1117115,-0.2197353
1.2833334002643824,0.26945174,-1.1886065,0.030121706,-1.4157559,0.05354763,-0.17373967,0.4096969,0.6188058,-0.030666662,0.24996553,0.069262885,-0.4892842,0.20533271820335158,-5.6424084831686585,-3.015594962258009,-0.4519029750213336,0.33585776660189454,-0.019192201943634486,0.20533271820335158,-5.6424084831686585,-3.015594962258009,-0.4519029750213336,0.33585776660189454,-0.019192201943634486,3.0532975,-74.81834,-33.563572,-4.7992096,3.7045112,-0.22013456
1.3000000678002834,0.2763366,-1.1780722,0.029543148,-1.4114612,0.054707356,-0.18223853,0.41361302,0.6274364,-0.03743842,0.25300413,0.06937128,-0.5100065,0.3571886140865693,-4.515557842916313,-2.4519460220542557,-0.3823494058095354,0.29878508255682745,-0.01927166397714989,0.3571886140865693,-4.515557842916313,-2.4519460220542557,-0.3823494058095354,0.29878508255682745,-0.01927166397714989,5.3113947,-59.876297,-27.29016,-4.0605507,3.2955995,-0.22104599
1.3166667353361845,0.28328001,-1.1673998,0.02884837,-1.4071187,0.0558678,-0.19108431,0.41708353,0.6354759,-0.04449975,0.2557403,0.06940622,-0.5307694,0.3632728253424208,-4.711430752439197,-2.5516391764432593,-0.39620588054764744,0.30824718752019753,-0.019373899973675595,0.3632728253424208,-4.711430752439197,-2.5516391764432593,-0.39620588054764744,0.30824718752019753,-0.019373899973675595,5.401867,-62.47357,-28.399744,-4.2077065,3.3999665,-0.22221863
1.3333334028720856,0.290134,-1.1568171,0.028114984,-1.402817,0.05700905,-0.19995734,0.4119295,0.62885225,-0.047468327,0.25275415,0.06827434,-0.53251934,0.20828195763019083,-6.09589773785115,-3.2393949907959203,-0.4839434686578151,0.35941883962152227,-0.019168315914889055,0.20828195763019083,-6.09589773785115,-3.2393949907959203,-0.4839434686578151,0.35941883962152227,-0.019168315914889055,3.0971527,-80.831604,-36.054466,-5.1394796,3.9643898,-0.21986058
1.3500000704079866,0.2970412,-1.1461264,0.027248122,-1.3984815,0.058149923,-0.20918244,0.41495946,0.6362986,-0.054999303,0.25514224,0.0682388,-0.55358493,0.36951564026905054,-5.035878522363723,-2.714347325245325,-0.4194055797914552,0.3246686724457866,-0.019503627118590404,0.36951564026905054,-5.035878522363723,-2.714347325245325,-0.4194055797914552,0.3246686724457866,-0.019503627118590404,5.4946976,-66.77575,-30.210686,-4.4540873,3.5810955,-0.2237066
1.3666667379438877,0.30399212,-1.1353178,0.026252404,-1.3941095,0.059289176,-0.21875913,0.41754326,0.64312893,-0.06281507,0.2572104,0.068134,-0.57462454,0.37300395901442057,-5.232647856975572,-2.8135615003505268,-0.43315079252598654,0.33401398905168744,-0.019613425421943432,0.37300395901442057,-5.232647856975572,-2.8135615003505268,-0.43315079252598654,0.33401398905168744,-0.019613425421943432,5.546569,-69.38491,-31.31494,-4.6000614,3.6841743,-0.22496599
1.3833334054797888,0.31084642,-1.124613,0.025216073,-1.3897855,0.060408425,-0.22835302,0.4119414,0.63576674,-0.06586343,0.25386027,0.066955365,-0.5757806,0.2050494698766261,-6.540971068415347,-3.455851127302336,-0.5149221689687611,0.38215925989643834,-0.019156350815098703,0.2050494698766261,-6.540971068415347,-3.455851127302336,-0.5149221689687611,0.38215925989643834,-0.019156350815098703,3.0490856,-86.73328,-38.463623,-5.4684734,4.2152166,-0.21972334
1.4000000730156898,0.3177389,-1.1138195,0.024034318,-1.3854383,0.06152511,-0.23830242,0.41408616,0.6419768,-0.074148916,0.25556102,0.06678653,-0.59704643,0.37446422871921237,-5.555824636514011,-2.973770731114527,-0.4559306326110036,0.35006241266660443,-0.019760779328416925,0.37446422871921237,-5.555824636514011,-2.973770731114527,-0.4559306326110036,0.35006241266660443,-0.019760779328416925,5.568283,-73.670235,-33.09807,-4.8419833,3.8611884,-0.22665614
1.416666740551591,0.3246603,-1.1029291,0.022711193,-1.381066,0.062638044,-0.24860573,0.41578722,0.6475492,-0.082711026,0.25692698,0.066553175,-0.6182199,0.37492281972119373,-5.752027232542656,-3.071702544151505,-0.4694566888324285,0.3592236303569832,-0.019880160104739947,0.37492281972119373,-5.752027232542656,-3.071702544151505,-0.4694566888324285,0.3592236303569832,-0.019880160104739947,5.5751023,-76.27188,-34.18805,-4.98563,3.9622366,-0.22802544
1.433333408087492,0.3314788,-1.0921559,0.021345884,-1.3767486,0.063730314,-0.25891507,0.40977767,0.63947964,-0.085808836,0.25322476,0.065338105,-0.6187132,0.1952078331214274,-6.9740640631628255,-3.6630423135406134,-0.5445750644202512,0.40389784659889755,-0.019161220000116535,0.1952078331214274,-6.9740640631628255,-3.6630423135406134,-0.5445750644202512,0.40389784659889755,-0.019161220000116535,2.9027405,-92.47609,-40.76966,-5.783387,4.4549932,-0.2197792
1.450000075623393,0.33832052,-1.0813136,0.01982344,-1.372419,0.06481804,-0.26958084,0.4110462,0.64440906,-0.09483698,0.25420466,0.0650476,-0.6400325,0.371176393222873,-6.071584364947151,-3.228135293170555,-0.49164281726556985,0.3747874352462921,-0.02004811321015761,0.371176393222873,-6.071584364947151,-3.228135293170555,-0.49164281726556985,0.3747874352462921,-0.02004811321015761,5.519393,-80.50921,-35.929146,-5.2212467,4.1339054,-0.22995186
1.4666667431592941,0.34517696,-1.0703961,0.018147314,-1.3680772,0.0659001,-0.2806005,0.4118795,0.64868414,-0.104132555,0.2548387,0.06469785,-0.6611902,0.3684372250955219,-6.265856022209064,-3.3240596774667632,-0.5048517453468453,0.38370874289048335,-0.020177715637419883,0.3684372250955219,-6.265856022209064,-3.3240596774667632,-0.5048517453468453,0.38370874289048335,-0.020177715637419883,5.4786615,-83.08525,-36.996784,-5.3615255,4.2323074,-0.2314384
1.4833334106951952,0.35192442,-1.0596086,0.016427908,-1.3637964,0.06696102,-0.2916138,0.40550497,0.63994277,-0.10724684,0.2508018,0.063456856,-0.6609571,0.17857028881655337,-7.391929338780284,-3.859228458044664,-0.5726725368176477,0.4244757260610489,-0.019186896246832768,0.17857028881655337,-7.391929338780284,-3.859228458044664,-0.5726725368176477,0.4244757260610489,-0.019186896246832768,2.6553402,-98.01698,-42.953213,-6.0817823,4.6819673,-0.2200737
1.5000000782310963,0.35868078,-1.0487721,0.0145399785,-1.3595152,0.06801563,-0.30298197,0.40591788,0.64355564,-0.11700169,0.25103423,0.063056774,-0.68217826,0.35937193182385363,-6.579706068312241,-3.475593642297352,-0.5262907390989602,0.3986936640112593,-0.02036848687668312,0.35937193182385363,-6.579706068312241,-3.475593642297352,-0.5262907390989602,0.3986936640112593,-0.02036848687668312,5.3438606,-87.2469,-38.683357,-5.5892076,4.397591,-0.23362654
1.5166667457669973,0.36543784,-1.0378827,0.012486354,-1.355234,0.06906282,-0.31470114,0.40590706,0.6465009,-0.12701179,0.2509124,0.06260337,-0.70316774,0.3533027279513269,-6.770794208233173,-3.5688319724632187,-0.539097902689501,0.4073245030365959,-0.020509238542425392,0.3533027279513269,-6.770794208233173,-3.5688319724632187,-0.539097902689501,0.4073245030365959,-0.020509238542425392,5.2536116,-89.78073,-39.7211,-5.7252197,4.4927893,-0.23524097
1.5333334133028984,0.37208068,-1.027136,0.010388854,-1.3510205,0.070088536,-0.32640085,0.3992142,0.6371272,-0.13010862,0.24655859,0.06134699,-0.70214874,0.1553945919773125,-7.791761970807705,-4.042938520323555,-0.5990256472944989,0.44376575611768154,-0.019237250999044934,0.1553945919773125,-7.791761970807705,-4.042938520323555,-0.5990256472944989,0.44376575611768154,-0.019237250999044934,2.3107176,-103.31876,-44.997906,-6.3616524,4.8947363,-0.22065127
1.5500000808387995,0.3787185,-1.0163611,0.008111849,-1.3468183,0.07110643,-0.3384513,0.39880037,0.63939846,-0.14056844,0.24602325,0.060850672,-0.723119,0.33901755891554936,-7.0766155536358175,-3.7142394580823925,-0.5596347672342132,0.42163281687151166,-0.02072462852664272,0.33901755891554936,-7.0766155536358175,-3.7142394580823925,-0.5596347672342132,0.42163281687151166,-0.02072462852664272,5.041191,-93.83592,-41.339485,-5.943321,4.65061,-0.23771149
1.5666667483747005,0.38534325,-1.0055557,0.0056575215,-1.342629,0.07211537,-0.35084736,0.397979,0.64099455,-0.15126923,0.24512763,0.060306568,-0.74378616,0.3297092614754303,-7.263103042073199,-3.804042504268622,-0.5719472234980985,0.42991772199476835,-0.02087650864458957,0.3297092614754303,-7.263103042073199,-3.804042504268622,-0.5719472234980985,0.42991772199476835,-0.02087650864458957,4.9027767,-96.30875,-42.338993,-6.0740795,4.7419925,-0.23945355
1.5833334159106016,0.39184982,-0.9949053,0.0031592532,-1.3385135,0.07310277,-0.36320993,0.39101875,0.6310337,-0.15431301,0.24047858,0.059044555,-0.7419261,0.12630970588689214,-8.170775446596908,-4.212722024292102,-0.6234580289621587,0.46165104033400123,-0.019314295328900204,0.12630970588689214,-8.170775446596908,-4.212722024292102,-0.6234580289621587,0.46165104033400123,-0.019314295328900204,1.8782253,-108.34448,-46.887596,-6.6211243,5.092011,-0.22153497
1.6000000834465027,0.39833802,-0.98424715,0.0004709883,-1.3344209,0.07408097,-0.37591654,0.3898168,0.63194656,-0.16545135,0.23916051,0.05846516,-0.76248896,0.3106486019706598,-7.55920755377722,-3.9424371847887887,-0.5914715050304004,0.4434834149136721,-0.021117546294394426,0.3106486019706598,-7.55920755377722,-3.9424371847887887,-0.5914715050304004,0.4434834149136721,-0.021117546294394426,4.6193447,-100.23509,-43.879326,-6.2814274,4.891622,-0.24221826
1.6166667509824038,0.4048005,-0.9735816,-0.0024057582,-1.3303546,0.07504895,-0.3889609,0.3882275,0.6321798,-0.17681324,0.23747776,0.057844006,-0.7826781,0.29837435816628227,-7.740082316448966,-4.0282617039436275,-0.6032279206759064,0.4513876284671068,-0.02128087705181491,0.29837435816628227,-7.740082316448966,-4.0282617039436275,-0.6032279206759064,0.4513876284671068,-0.02128087705181491,4.4368267,-102.63349,-44.834553,-6.4062805,4.9788055,-0.24409166
1.6333334185183048,0.41114128,-0.9630818,-0.0053259525,-1.3263685,0.07599536,-0.4019567,0.38105077,0.6216822,-0.17976817,0.23255943,0.05658531,-0.77992743,0.09208286698424104,-8.52655321584388,-4.367336537103233,-0.6458270347724527,0.47803491435046647,-0.0194176862628541,0.09208286698424104,-8.52655321584388,-4.367336537103233,-0.6458270347724527,0.47803491435046647,-0.0194176862628541,1.3692722,-113.062096,-48.608456,-6.858683,5.272725,-0.22272086
1.650000086054206,0.41745114,-0.9525953,-0.008446078,-1.322417,0.07693147,-0.41528735,0.37910792,0.6212282,-0.19155337,0.23045039,0.05593658,-0.79992855,0.27518923361187586,-8.02477610776507,-4.158756225256907,-0.6216376065758887,0.4641497880895897,-0.02154739607700391,0.27518923361187586,-8.02477610776507,-4.158756225256907,-0.6216376065758887,0.4641497880895897,-0.02154739607700391,4.092064,-106.40853,-46.286957,-6.6017914,5.119572,-0.24714863
1.666666753590107,0.42372325,-0.9421241,-0.011765289,-1.318505,0.077856295,-0.42894506,0.37680185,0.62009525,-0.20354314,0.22797556,0.05525156,-0.8194847,0.26035963005881707,-8.198847130592773,-4.239977059445719,-0.6327658723303154,0.4716288254462041,-0.021720738024324983,0.26035963005881707,-8.198847130592773,-4.239977059445719,-0.6327658723303154,0.4716288254462041,-0.021720738024324983,3.8715477,-108.71671,-47.190945,-6.7199736,5.202066,-0.24913687
1.683333421126008,0.42987132,-0.931829,-0.015126871,-1.314678,0.078759715,-0.4425387,0.36946243,0.6091138,-0.2063714,0.22281645,0.05400539,-0.8158004,0.053932174549218226,-8.857103926024285,-4.505762749712208,-0.6660233334183918,0.49284786283159304,-0.019547169169032687,0.053932174549218226,-8.857103926024285,-4.505762749712208,-0.6660233334183918,0.49284786283159304,-0.019547169169032687,0.80197144,-117.4452,-50.14914,-7.073168,5.436112,-0.22420603
1.700000088661909,0.43597686,-0.921568,-0.018697683,-1.3108978,0.07965197,-0.45645523,0.3668344,0.60729307,-0.218767,0.21991232,0.053300295,-0.8350831,0.23395189440482883,-8.470685449660634,-4.361816022381093,-0.6499808162394666,0.4835396815945858,-0.02201198232412962,0.23395189440482883,-8.470685449660634,-4.361816022381093,-0.6499808162394666,0.4835396815945858,-0.02201198232412962,3.4788647,-112.32129,-48.547012,-6.9027963,5.3334427,-0.25247744
1.7166667561978102,0.44203362,-0.9113453,-0.022477552,-1.3071703,0.080532104,-0.47068596,0.3638702,0.6047987,-0.23134619,0.21664524,0.052564424,-0.8538534,0.21708590437601138,-8.636993592321243,-4.4379218033810295,-0.6604269174981702,0.49056003878360865,-0.022194683291959887,0.21708590437601138,-8.636993592321243,-4.4379218033810295,-0.6604269174981702,0.49056003878360865,-0.022194683291959887,3.2280674,-114.526535,-49.39407,-7.013734,5.410877,-0.25457302
1.7333334237337112,0.4479647,-0.9013084,-0.026298126,-1.3035336,0.08139112,-0.4848362,0.35642317,0.5933889,-0.23401025,0.21127503,0.05133891,-0.84919965,0.013231894436023664,-9.160805036219717,-4.627170888347231,-0.6839686194382145,0.5060385274325083,-0.019699937900253865,0.013231894436023664,-9.160805036219717,-4.627170888347231,-0.6839686194382145,0.5060385274325083,-0.019699937900253865,0.19675827,-121.472275,-51.500412,-7.2637467,5.581605,-0.22595829
1.7500000912696123,0.4538427,-0.89132607,-0.03033651,-1.2999552,0.082238294,-0.49929485,0.35317332,0.5902124,-0.24697535,0.20758136,0.050589945,-0.8676121,0.18852877793251147,-8.89440798291973,-4.550280232528042,-0.6763584869729597,0.5015655095644248,-0.022506890550528593,0.18852877793251147,-8.89440798291973,-4.550280232528042,-0.6763584869729597,0.5015655095644248,-0.022506890550528593,2.803423,-117.93985,-50.64462,-7.182927,5.5322676,-0.25815403
1.7666667588055134,0.45966214,-0.8814046,-0.03459322,-1.2964429,0.08307269,-0.51405203,0.34961826,0.5863694,-0.2601006,0.20352866,0.04981613,-0.88544434,0.1703289265430607,-9.052284666495805,-4.620902514736179,-0.686086234399828,0.5081071706652533,-0.022696612082882973,0.1703289265430607,-9.052284666495805,-4.620902514736179,-0.686086234399828,0.5081071706652533,-0.022696612082882973,2.5327911,-120.033295,-51.430645,-7.286236,5.604422,-0.26033014
1.7833334263414145,0.46535522,-0.8716775,-0.038888358,-1.2930253,0.08388639,-0.52871215,0.3421185,0.57459223,-0.262563,0.19798338,0.04861822,-0.8797926,-0.028607022786348878,-9.4360150183308,-4.730720211553445,-0.6995813545758667,0.517554425804159,-0.019871170040619508,-0.028607022786348878,-9.4360150183308,-4.730720211553445,-0.6995813545758667,0.517554425804159,-0.019871170040619508,-0.42538643,-125.12156,-52.652916,-7.429554,5.7086253,-0.22792232
1.8000000938773155,0.47098577,-0.8620249,-0.043409124,-1.289678,0.08468778,-0.54366374,0.33831745,0.5700765,-0.27605203,0.19350857,0.047838207,-0.89718646,0.14078067145895942,-9.29413992535115,-4.723180957667375,-0.7006791127379107,0.5181740547242428,-0.023027160631228033,0.14078067145895942,-9.29413992535115,-4.723180957667375,-0.7006791127379107,0.5181740547242428,-0.023027160631228033,2.0934086,-123.240295,-52.569004,-7.441212,5.71546,-0.26412153
1.8166667614132166,0.47654903,-0.85245544,-0.04815669,-1.2864095,0.085475944,-0.5588958,0.33424392,0.5649062,-0.28967676,0.188683,0.047038216,-0.9139342,0.12191267084097333,-9.442718068578843,-4.787857384694554,-0.7096390715202145,0.5242036454588959,-0.02322077959022422,0.12191267084097333,-9.442718068578843,-4.787857384694554,-0.7096390715202145,0.5242036454588959,-0.02322077959022422,1.8128414,-125.21044,-53.288853,-7.536367,5.781966,-0.26634234
1.8333334289491177,0.48198625,-0.84308815,-0.0529398,-1.2832394,0.08624393,-0.57401377,0.32674742,0.55282277,-0.2919002,0.1829973,0.045874074,-0.9072615,-0.06997006486226988,-9.68179947290665,-4.815916830852882,-0.7128257086946017,0.5273732940175808,-0.020055523517345904,-0.06997006486226988,-9.68179947290665,-4.815916830852882,-0.7128257086946017,0.5273732940175808,-0.020055523517345904,-1.0404549,-128.38066,-53.601154,-7.570209,5.8169274,-0.23003685
1.8500000964850187,0.48735297,-0.83381504,-0.05795552,-1.2801509,0.086999334,-0.58940375,0.32247192,0.546993,-0.3058639,0.17775778,0.045074116,-0.9234915,0.09267803158788931,-9.66794688597344,-4.879472840507075,-0.7228411748135383,0.5332986117490075,-0.023564958738677897,0.09267803158788931,-9.66794688597344,-4.879472840507075,-0.7228411748135383,0.5332986117490075,-0.023564958738677897,1.3781223,-128.19698,-54.308533,-7.6765733,5.8822837,-0.27029008
1.8666667640209198,0.49264514,-0.824647,-0.06320569,-1.277154,0.08774126,-0.60505354,0.31795987,0.5405254,-0.31993687,0.17217846,0.044259332,-0.9390142,0.07391764801784739,-9.806384148461067,-4.937741398704234,-0.7309856612354574,0.5387844438457748,-0.023759557250903392,0.07391764801784739,-9.806384148461067,-4.937741398704234,-0.7309856612354574,0.5387844438457748,-0.023759557250903392,1.0991554,-130.03265,-54.95706,-7.7630677,5.9427924,-0.27252212
1.8833334315568209,0.49781224,-0.815688,-0.0684879,-1.2742587,0.0884636,-0.62057227,0.3105213,0.52819955,-0.3218832,0.16638936,0.0431342,-0.9313072,-0.1094366611052297,-9.897004784861661,-4.882127705288704,-0.723645287493977,0.5354599420957314,-0.020243969292046197,-0.1094366611052297,-9.897004784861661,-4.882127705288704,-0.723645287493977,0.5354599420957314,-0.020243969292046197,-1.6273232,-131.23428,-54.33808,-7.685113,5.906123,-0.23219833
1.900000099092722,0.5029022,-0.80684215,-0.07400882,-1.2714562,0.08917327,-0.6363414,0.30585384,0.5210903,-0.33626938,0.16040799,0.042324957,-0.9462347,0.046191956264185444,-10.013942804811228,-5.018117721297134,-0.7427413135823109,0.5468728643920566,-0.024110580280540087,0.046191956264185444,-10.013942804811228,-5.018117721297134,-0.7427413135823109,0.5468728643920566,-0.024110580280540087,0.6868744,-132.78488,-55.85165,-7.8879128,6.0320077,-0.27654836
1.916666766628623,0.5079116,-0.79812247,-0.07977092,-1.2687577,0.08986938,-0.65234786,0.3009881,0.5133633,-0.35073602,0.15410006,0.041505318,-0.9603969,0.02831816272440579,-10.141606855895905,-5.069608594100965,-0.7500304116143122,0.5517869674392105,-0.02430170228820109,0.02831816272440579,-10.141606855895905,-5.069608594100965,-0.7500304116143122,0.5517869674392105,-0.02430170228820109,0.42109108,-134.4777,-56.424744,-7.965323,6.0862103,-0.27874053
1.933333434164524,0.51279813,-0.7896174,-0.08556093,-1.2661635,0.09054656,-0.66820556,0.29366162,0.5008599,-0.352369,0.14824834,0.040423866,-0.95164776,-0.14560689201431942,-10.081004377224147,-4.928977877196169,-0.7320080773305085,0.5417949593510286,-0.020427291249854727,-0.14560689201431942,-10.081004377224147,-4.928977877196169,-0.7320080773305085,0.5417949593510286,-0.020427291249854727,-2.1651745,-133.67412,-54.859524,-7.773926,5.9759984,-0.23430103
1.9500001017004251,0.5176022,-0.78124416,-0.091594815,-1.2636722,0.091211125,-0.68428975,0.28868946,0.49251196,-0.36712113,0.14155371,0.03961437,-0.9651402,0.003285462534018788,-10.330697314232184,-5.138281370644513,-0.7602959253918204,0.5588403098278444,-0.024652548634496684,0.003285462534018788,-10.330697314232184,-5.138281370644513,-0.7602959253918204,0.5588403098278444,-0.024652548634496684,0.048854828,-136.98505,-57.18907,-8.074343,6.1640086,-0.28276473
1.9666667692363262,0.5223215,-0.7730177,-0.09787564,-1.2612965,0.09186219,-0.70058686,0.28355935,0.4835696,-0.38192424,0.1345489,0.038798485,-0.97781366,-0.01295945270797432,-10.446937986808305,-5.1826219995709435,-0.7666887761060353,0.5631528112527359,-0.02483569650724855,-0.01295945270797432,-10.446937986808305,-5.1826219995709435,-0.7666887761060353,0.5631528112527359,-0.02483569650724855,-0.19270706,-138.5264,-57.682583,-8.142235,6.2115755,-0.28486544
1.9833334367722273,0.52692056,-0.7650103,-0.10417965,-1.2590277,0.09249508,-0.7167176,0.27639675,0.47095704,-0.3832084,0.12867428,0.037764117,-0.96802473,-0.17734186394389395,-10.232870754972662,-4.9559110793998835,-0.7378551246082716,0.5463408213362084,-0.020593584051522982,-0.17734186394389395,-10.232870754972662,-4.9559110793998835,-0.7378551246082716,0.5463408213362084,-0.020593584051522982,-2.6370735,-135.68787,-55.15929,-7.8360214,6.0261393,-0.23620841
2.0000001043081284,0.5314337,-0.757152,-0.110731706,-1.2568717,0.09311552,-0.73304904,0.27121225,0.46141896,-0.3982667,0.12130219,0.036962423,-0.97995853,-0.034188358432587634,-10.616553351170698,-5.2389890357169175,-0.7753963075339683,0.5691279742464842,-0.025177137063915247,-0.034188358432587634,-10.616553351170698,-5.2389890357169175,-0.7753963075339683,0.5691279742464842,-0.025177137063915247,-0.5083809,-140.7755,-58.309948,-8.234709,6.2774816,-0.28878176
2.0166667718440294,0.535859,-0.7494604,-0.11753545,-1.254842,0.09372265,-0.7495667,0.26591033,0.45131204,-0.41334617,0.11363869,0.036157697,-0.991022,-0.04819961065563005,-10.720918405109941,-5.275908998830406,-0.7808579338921442,0.5728121141034263,-0.0253473168990876,-0.04819961065563005,-10.720918405109941,-5.275908998830406,-0.7808579338921442,0.5728121141034263,-0.0253473168990876,-0.7167282,-142.15938,-58.720867,-8.292711,6.3181176,-0.29073372
2.0333334393799305,0.54016787,-0.74199104,-0.12435708,-1.2529205,0.09431237,-0.7659004,0.25896245,0.43865716,-0.41424683,0.10778337,0.035172567,-0.98020303,-0.2035507838358876,-10.352274806970565,-4.962639752959519,-0.7411474561960685,0.5490727567283652,-0.020731599723762702,-0.2035507838358876,-10.352274806970565,-4.962639752959519,-0.7411474561960685,0.5490727567283652,-0.020731599723762702,-3.0268002,-137.27116,-55.23418,-7.870986,6.0562725,-0.23779145
2.0500001069158316,0.5443884,-0.7346877,-0.1314299,-1.2511209,0.09488993,-0.78240705,0.25365978,0.42798266,-0.42954978,0.09977346,0.03438529,-0.9904631,-0.06468567017668754,-10.87032335376308,-5.319492857625435,-0.7879535581656993,0.5776736915705968,-0.025669932885074364,-0.06468567017668754,-10.87032335376308,-5.319492857625435,-0.7879535581656993,0.5776736915705968,-0.025669932885074364,-0.9618759,-144.14049,-59.205956,-8.368067,6.371741,-0.29443413
2.0666667744517326,0.54852,-0.7275694,-0.13875814,-1.2494586,0.09545447,-0.7990714,0.24828291,0.41676998,-0.444842,0.09149376,0.033597536,-0.99980676,-0.07581858323898265,-10.96201532746512,-5.348519173593855,-0.7924196634813442,0.5806857201584015,-0.02582025663064892,-0.07581858323898265,-10.96201532746512,-5.348519173593855,-0.7924196634813442,0.5806857201584015,-0.02582025663064892,-1.1274223,-145.35632,-59.52902,-8.415497,6.4049635,-0.29615834
2.0833334419876337,0.55253965,-0.72067595,-0.14609836,-1.2479047,0.09600237,-0.81553465,0.24159789,0.40413907,-0.44532642,0.085701115,0.03266332,-0.9879769,-0.22354023361975664,-10.438806870404411,-4.948805048994833,-0.7418272858959134,0.5499539760060453,-0.020826674848405193,-0.22354023361975664,-10.438806870404411,-4.948805048994833,-0.7418272858959134,0.5499539760060453,-0.020826674848405193,-3.3240433,-138.41858,-55.0802,-7.878206,6.0659924,-0.23888196
2.1000001095235348,0.55647075,-0.71396416,-0.15369193,-1.2464815,0.09653851,-0.8321411,0.23627496,0.39239004,-0.46080977,0.077099346,0.03189532,-0.99645746,-0.08684503366743548,-11.090376725923242,-5.378784495008388,-0.7978311815279802,0.5843846449934129,-0.02611420314625854,-0.08684503366743548,-11.090376725923242,-5.378784495008388,-0.7978311815279802,0.5843846449934129,-0.02611420314625854,-1.2913857,-147.0584,-59.86587,-8.472967,6.4457626,-0.2995299
2.116666777059436,0.560313,-0.7074554,-0.16154358,-1.245205,0.097061925,-0.84887457,0.23092063,0.3801355,-0.47625053,0.06825298,0.031128988,-1.0039802,-0.09468632732050164,-11.168908857112557,-5.399610411446049,-0.8012554290828957,0.5866888535638777,-0.02623928455861631,-0.09468632732050164,-11.168908857112557,-5.399610411446049,-0.8012554290828957,0.5866888535638777,-0.02623928455861631,-1.4079857,-148.09973,-60.097664,-8.509333,6.471178,-0.3009646
2.133333444595337,0.5640486,-0.7011727,-0.16940068,-1.2440369,0.09756954,-0.8653912,0.22454272,0.36759743,-0.47628644,0.0625661,0.030245889,-0.9911677,-0.23692656300896836,-10.491663729982678,-4.913817797281243,-0.7397963277813181,0.5489179899988668,-0.020865539986877308,-0.23692656300896836,-10.491663729982678,-4.913817797281243,-0.7397963277813181,0.5489179899988668,-0.020865539986877308,-3.523098,-139.11946,-54.690792,-7.856637,6.0545654,-0.23932774
2.150000112131238,0.5676965,-0.69508594,-0.17751217,-1.2430068,0.09806579,-0.88201976,0.21929836,0.3548408,-0.4918849,0.05342461,0.029500548,-0.9977722,-0.09967237009485858,-11.275421188607655,-5.415999557344311,-0.8048979800524236,0.5891709574114056,-0.0264929472724562,-0.09967237009485858,-11.275421188607655,-5.415999557344311,-0.8048979800524236,0.5891709574114056,-0.0264929472724562,-1.4821281,-149.51208,-60.280075,-8.548017,6.4985557,-0.3038741
2.166666779667139,0.571258,-0.6892189,-0.18588328,-1.242132,0.098549746,-0.89874345,0.21406718,0.3416132,-0.5074064,0.044064306,0.028758213,-1.003385,-0.10379978531386601,-11.34024917809672,-5.428272394692694,-0.8072218203499717,0.5907270979686747,-0.026585794368201788,-0.10379978531386601,-11.34024917809672,-5.428272394692694,-0.8072218203499717,0.5907270979686747,-0.026585794368201788,-1.5435028,-150.3717,-60.41667,-8.572696,6.51572,-0.30493906
2.18333344720304,0.57471883,-0.68357754,-0.19425294,-1.2413652,0.099018656,-0.9152344,0.20803694,0.32923475,-0.50696474,0.038525894,0.02792575,-0.9896219,-0.24354956497982516,-10.510606032151442,-4.857350338287216,-0.7349734925954355,0.5459120137412659,-0.02083245343297278,-0.24354956497982516,-10.510606032151442,-4.857350338287216,-0.7349734925954355,0.5459120137412659,-0.02083245343297278,-3.621582,-139.37064,-54.06231,-7.8054185,6.0214095,-0.23894824
2.200000114738941,0.5780951,-0.67814595,-0.20287688,-1.2407433,0.099476695,-0.9318046,0.20297068,0.31554177,-0.52261025,0.028900817,0.027204663,-0.9942676,-0.1025127418584766,-11.42414029726975,-5.43023423900073,-0.8090039880037757,0.5919313387555203,-0.02678881651854245,-0.1025127418584766,-11.42414029726975,-5.43023423900073,-0.8090039880037757,0.5919313387555203,-0.02678881651854245,-1.5243645,-151.4841,-60.438507,-8.591622,6.5290027,-0.30726773
2.2166667822748423,0.5813882,-0.6729495,-0.21176076,-1.2402844,0.099922836,-0.948437,0.19796023,0.30141643,-0.5381448,0.019085988,0.02648701,-0.9978919,-0.10286932754773138,-11.47455068734976,-5.433517346377856,-0.8101541443733172,0.5926862372556602,-0.026842767296402788,-0.10286932754773138,-11.47455068734976,-5.433517346377856,-0.8101541443733172,0.5926862372556602,-0.026842767296402788,-1.5296669,-152.15254,-60.475048,-8.603837,6.537329,-0.30788654
2.2333334498107433,0.5845868,-0.6679776,-0.2206357,-1.2399317,0.10035469,-0.96482134,0.19231573,0.28926253,-0.53719866,0.013740493,0.025703818,-0.9832194,-0.24344695039298925,-10.495250581076782,-4.778967734831255,-0.7272517389272342,0.5408645865059072,-0.020713076554076403,-0.24344695039298925,-10.495250581076782,-4.778967734831255,-0.7272517389272342,0.5408645865059072,-0.020713076554076403,-3.6200562,-139.16702,-53.18991,-7.7234135,5.9657364,-0.23757899
2.2500001173466444,0.5877057,-0.6632278,-0.22976382,-1.2397295,0.100776106,-0.98125124,0.18752779,0.27471104,-0.5528227,0.0036929606,0.02500662,-0.98583424,-0.09505240485903876,-11.534956389782476,-5.420429815821891,-0.8099625115116214,0.5925400734812373,-0.026982703100834705,-0.09505240485903876,-11.534956389782476,-5.420429815821891,-0.8099625115116214,0.5925400734812373,-0.026982703100834705,-1.4134293,-152.95352,-60.329384,-8.601802,6.535717,-0.3094916
2.2666667848825455,0.59074676,-0.6587272,-0.23915112,-1.2396973,0.10118602,-0.997709,0.18283817,0.25976697,-0.56830215,-0.006514185,0.024313098,-0.98740345,-0.09155914778667724,-11.570506146231029,-5.414432549626572,-0.8098778302611156,0.5924523579242115,-0.02699216345443659,-0.09155914778667724,-11.570506146231029,-5.414432549626572,-0.8098778302611156,0.5924523579242115,-0.02699216345443659,-1.3614845,-153.42491,-60.262634,-8.600903,6.5347495,-0.3096001
2.2833334524184465,0.5937008,-0.65444857,-0.24852163,-1.239769,0.10158237,-1.0139045,0.17761181,0.24790289,-0.5668258,-0.011624752,0.023576729,-0.971873,-0.2371287137450351,-10.444914988982372,-4.678051683780639,-0.7164872523306005,0.5336774443888384,-0.02049437895378239,-0.2371287137450351,-10.444914988982372,-4.678051683780639,-0.7164872523306005,0.5336774443888384,-0.02049437895378239,-3.526104,-138.49957,-52.066715,-7.6090946,5.886462,-0.23507053
2.3000001199543476,0.59658045,-0.6504034,-0.25814286,-1.2399955,0.10196871,-1.0301093,0.17319927,0.23257291,-0.58235866,-0.022029651,0.022901786,-0.97239685,-0.07751967655225496,-11.606645080658465,-5.385685224096087,-0.8075915262973017,0.590878406223771,-0.027057258274208074,-0.07751967655225496,-11.606645080658465,-5.385685224096087,-0.8075915262973017,0.590878406223771,-0.027057258274208074,-1.1527176,-153.90411,-59.942677,-8.576622,6.517389,-0.31034675
2.3166667874902487,0.5993894,-0.6466201,-0.26802137,-1.240398,0.10234387,-1.0463079,0.16892834,0.21689343,-0.59771305,-0.032562118,0.022229344,-0.9718605,-0.070193251588638,-11.626682885631716,-5.370000751834674,-0.806191546768792,0.5898912279365934,-0.027015979329502466,-0.070193251588638,-11.626682885631716,-5.370000751834674,-0.806191546768792,0.5898912279365934,-0.027015979329502466,-1.0437737,-154.16982,-59.76811,-8.561754,6.5065002,-0.30987328
2.3333334550261497,0.60211885,-0.6430551,-0.2778747,-1.240901,0.102706194,-1.0622314,0.16414915,0.20538136,-0.59568405,-0.03739572,0.021537071,-0.95552945,-0.2251730882327831,-10.35929200875813,-4.554157651231188,-0.7025455575429339,0.5242594565895613,-0.020162176597398992,-0.2251730882327831,-10.35929200875813,-4.554157651231188,-0.7025455575429339,0.5242594565895613,-0.020162176597398992,-3.3483238,-137.36421,-50.687775,-7.461034,5.782582,-0.23126017
2.350000122562051,0.60478246,-0.6397333,-0.28797537,-1.2415631,0.103058815,-1.0781304,0.16020972,0.18935834,-0.6110573,-0.04808931,0.020880533,-0.95391536,-0.0502588288769597,-11.63778060521835,-5.324992807941831,-0.8016816191305101,0.5868061823079722,-0.02699691311837074,-0.0502588288769597,-11.63778060521835,-5.324992807941831,-0.8016816191305101,0.5868061823079722,-0.02699691311837074,-0.7473488,-154.31697,-59.26717,-8.513859,6.472472,-0.3096546
2.366666790097952,0.60738343,-0.6366848,-0.2983303,-1.242405,0.10340052,-1.093985,0.15645044,0.17302898,-0.62621796,-0.058875717,0.020225096,-0.9512265,-0.03958383340841985,-11.641869178185097,-5.299312663528154,-0.7988927952538327,0.5848709497252921,-0.02689846152311423,-0.03958383340841985,-11.641869178185097,-5.299312663528154,-0.7988927952538327,0.5848709497252921,-0.02689846152311423,-0.5886116,-154.37119,-58.98135,-8.4842415,6.4511266,-0.30852535
2.383333457633853,0.6099127,-0.6338498,-0.30865136,-1.2433447,0.10373,-1.109552,0.15214124,0.16192895,-0.6236158,-0.06339312,0.019572886,-0.93415904,-0.20857517881207444,-10.237930551013976,-4.406760216616127,-0.6852720192372238,0.5125014217788267,-0.019706046466943794,-0.20857517881207444,-10.237930551013976,-4.406760216616127,-0.6852720192372238,0.5125014217788267,-0.019706046466943794,-3.101513,-135.75496,-49.04724,-7.277589,5.6528907,-0.22602835
2.400000125169754,0.6123855,-0.6312668,-0.3192152,-1.2444451,0.10405004,-1.1250588,0.14876767,0.14530031,-0.6387592,-0.074301116,0.018929323,-0.9303744,-0.014289594289834819,-11.62704076522436,-5.2373593065616575,-0.7920082006077309,0.5801762436480276,-0.026784669656595563,-0.014289594289834819,-11.62704076522436,-5.2373593065616575,-0.7920082006077309,0.5801762436480276,-0.026784669656595563,-0.21248627,-154.17456,-58.29181,-8.411127,6.399344,-0.30722016
2.416666792705655,0.6148055,-0.62896657,-0.330029,-1.2457289,0.104359336,-1.1404854,0.14561306,0.12841077,-0.6536566,-0.08526786,0.018284593,-0.92550945,-0.0005656629099329607,-11.614642711426518,-5.20134109264007,-0.7877524065208077,0.5772384857980101,-0.026626059981980525,-0.0005656629099329607,-11.614642711426518,-5.20134109264007,-0.7877524065208077,0.5772384857980101,-0.026626059981980525,-0.0084114075,-154.01016,-57.890926,-8.365931,6.3669405,-0.3054009
2.433333460241556,0.61716294,-0.62687397,-0.34079996,-1.2471056,0.104656965,-1.1556131,0.14179276,0.11778048,-0.6504651,-0.08942902,0.01766819,-0.90777683,-0.18836985359114936,-10.080449721392464,-4.235357951175384,-0.664504189500252,0.4982905072292629,-0.019115996859649417,-0.18836985359114936,-10.080449721392464,-4.235357951175384,-0.664504189500252,0.4982905072292629,-0.019115996859649417,-2.8010597,-133.66676,-47.139534,-7.0570345,5.4961443,-0.21926048
2.4500001277774572,0.619474,-0.62504077,-0.35180816,-1.2486444,0.104945295,-1.170643,0.1390732,0.10063601,-0.66531014,-0.10047838,0.017030574,-0.9017997,0.02908533502923777,-11.573288631295366,-5.121910389971326,-0.7783564695081694,0.5708471818718172,-0.02640889277121453,0.02908533502923777,-11.573288631295366,-5.121910389971326,-0.7783564695081694,0.5708471818718172,-0.02640889277121453,0.43249893,-153.4618,-57.006863,-8.266146,6.2964444,-0.30291
2.4666667953133583,0.62174445,-0.6234988,-0.3630608,-1.2503685,0.105222926,-1.185557,0.1366106,0.08327752,-0.6798757,-0.1115495,0.016388696,-0.89474773,0.04538104449171466,-11.543903379598534,-5.0752195922083825,-0.7725507301574822,0.5668540273270387,-0.02618547928468393,0.04538104449171466,-11.543903379598534,-5.0752195922083825,-0.7725507301574822,0.5668540273270387,-0.02618547928468393,0.67481613,-153.07216,-56.487194,-8.204489,6.2524,-0.30034745
2.4833334628492594,0.62396055,-0.6221573,-0.37426126,-1.2521807,0.10548935,-1.2001625,0.13329034,0.07317174,-0.6760806,-0.11531811,0.01580342,-0.8764262,-0.1660075697549334,-9.886470927012633,-4.039447369708312,-0.6400758488254583,0.48150761172864404,-0.018385053980111452,-0.1660075697549334,-9.886470927012633,-4.039447369708312,-0.6400758488254583,0.48150761172864404,-0.018385053980111452,-2.4685326,-131.0946,-44.95905,-6.7976055,5.311029,-0.21087657
2.5000001303851604,0.62614197,-0.6210811,-0.3856921,-1.2541549,0.105746426,-1.2146317,0.1313103,0.055603735,-0.69055927,-0.1264306,0.015162939,-0.868253,0.07840806233778687,-11.475361957808966,-4.9777470508997,-0.7604949218405169,0.5586678616479648,-0.025859020436028342,0.07840806233778687,-11.475361957808966,-4.9777470508997,-0.7604949218405169,0.5586678616479648,-0.025859020436028342,1.1659279,-152.1633,-55.402325,-8.076456,6.1621065,-0.29660296
2.5166667979210615,0.6282959,-0.62030286,-0.39736095,-1.2563157,0.10599268,-1.2289501,0.12962231,0.037868943,-0.7047271,-0.13752812,0.014514835,-0.8590156,0.0965669961607368,-11.42873979801506,-4.920207500886188,-0.7530784427333911,0.553576295633048,-0.025569420850266554,0.0965669961607368,-11.42873979801506,-4.920207500886188,-0.7530784427333911,0.553576295633048,-0.025569420850266554,1.4359512,-151.54509,-54.76191,-7.997693,6.1059465,-0.29328126
2.5333334654569626,0.63040364,-0.61971676,-0.4089683,-1.2585578,0.10622818,-1.2429519,0.12681064,0.02833875,-0.7003169,-0.14086801,0.0139557645,-0.84018904,-0.14269404869874855,-9.65586758666808,-3.8186795627974432,-0.6118339782829788,0.4620445714900414,-0.017507853670128554,-0.14269404869874855,-9.65586758666808,-3.8186795627974432,-0.6118339782829788,0.4620445714900414,-0.017507853670128554,-2.1218605,-128.0368,-42.501904,-6.497677,5.0963516,-0.20081508
2.5500001329928637,0.63249093,-0.619401,-0.42079815,-1.2609617,0.10645408,-1.256784,0.12565103,0.010439919,-0.71436346,-0.15196534,0.013301765,-0.82982475,0.13188847616846,-11.33251736786211,-4.8042204823455394,-0.7382230345587723,0.5435055640212861,-0.02512766572840856,0.13188847616846,-11.33251736786211,-4.8042204823455394,-0.7382230345587723,0.5435055640212861,-0.02512766572840856,1.9611816,-150.26918,-53.470974,-7.8399286,5.9948664,-0.28821433
2.5666668005287647,0.6345647,-0.6193882,-0.4328585,-1.2635506,0.10666889,-1.2704256,0.12481328,-0.0075772884,-0.72806686,-0.16300878,0.012636324,-0.81840765,0.1509568317672432,-11.268230225345848,-4.7355391372995985,-0.7291154448370926,0.5372646172697287,-0.024768125522417302,0.1509568317672432,-11.268230225345848,-4.7355391372995985,-0.7291154448370926,0.5372646172697287,-0.024768125522417302,2.244728,-149.41673,-52.70655,-7.743206,5.9260287,-0.2840904
2.583333468064666,0.6366012,-0.6195585,-0.44484764,-1.2662153,0.106873214,-1.2837433,0.12251187,-0.016483903,-0.7230329,-0.16588904,0.012097484,-0.79916304,-0.11999108443423735,-9.38856490237321,-3.572762173141109,-0.5796429352122736,0.4397924445697857,-0.016484238733492838,-0.11999108443423735,-9.38856490237321,-3.572762173141109,-0.5796429352122736,0.4397924445697857,-0.016484238733492838,-1.7842674,-124.49237,-39.764843,-6.155808,4.8509107,-0.18907422
2.600000135600567,0.6386315,-0.62000227,-0.4570504,-1.2690386,0.10706757,-1.2968544,0.12224447,-0.03461905,-0.7365819,-0.17689072,0.011419081,-0.7866322,0.18725853761571642,-11.143956249116233,-4.600659256461281,-0.7113380845208177,0.5252250626426552,-0.024211853612685266,0.18725853761571642,-11.143956249116233,-4.600659256461281,-0.7113380845208177,0.5252250626426552,-0.024211853612685266,2.7845345,-147.76886,-51.205338,-7.5544105,5.7932324,-0.27770996
2.616666803136468,0.6406636,-0.62075245,-0.4694751,-1.2720456,0.10725031,-1.3097405,0.122327894,-0.05282478,-0.74975824,-0.18780032,0.010724139,-0.7730709,0.20655674988901207,-11.062037495286576,-4.520835088162623,-0.7005039581471244,0.5178088398273707,-0.02378444881572241,0.20655674988901207,-11.062037495286576,-4.520835088162623,-0.7005039581471244,0.5178088398273707,-0.02378444881572241,3.0714989,-146.68262,-50.316895,-7.439352,5.7114315,-0.27280763
2.633333470672369,0.64266676,-0.62167525,-0.48181877,-1.2751213,0.1074228,-1.3222985,0.12053321,-0.061064795,-0.74409586,-0.19019063,0.0102004,-0.7535028,-0.09931616921030441,-9.084919602982419,-3.301688003197299,-0.5434016947916896,0.4146752309928887,-0.015316691830975133,-0.09931616921030441,-9.084919602982419,-3.301688003197299,-0.5434016947916896,0.4146752309928887,-0.015316691830975133,-1.4768314,-120.466034,-36.747787,-5.770926,4.573868,-0.17568246
2.65000013820827,0.6446799,-0.6228736,-0.49436614,-1.2783518,0.10758473,-1.3346124,0.121225916,-0.079343736,-0.7570861,-0.20101476,0.009484205,-0.73883516,0.2425647214826675,-10.909680903047818,-4.366886862097617,-0.6797027677690467,0.5037348376332038,-0.023110999474862188,0.2425647214826675,-10.909680903047818,-4.366886862097617,-0.6797027677690467,0.5037348376332038,-0.023110999474862188,3.6069374,-144.66237,-48.60345,-7.2184434,5.5561953,-0.26508316
2.666666805744171,0.6467114,-0.6243806,-0.50712574,-1.281763,0.107734315,-1.346667,0.122293316,-0.097645104,-0.76967245,-0.21171008,0.008746644,-0.7231715,0.26109229820882546,-10.809952173477564,-4.275783802728233,-0.6670945557272816,0.4951089701648204,-0.022617146151940926,0.26109229820882546,-10.809952173477564,-4.275783802728233,-0.6670945557272816,0.4951089701648204,-0.022617146151940926,3.8824425,-143.33997,-47.589474,-7.084544,5.461052,-0.25941867
2.683333473280072,0.64872235,-0.62604886,-0.51979446,-1.2852347,0.10787378,-1.3583896,0.120995246,-0.10517853,-0.76338035,-0.21358404,0.008231784,-0.70337474,-0.08212296691771394,-8.745316035067873,-3.0055286856460226,-0.5030388212473379,0.38662293988363594,-0.014010656368451837,-0.08212296691771394,-8.745316035067873,-3.0055286856460226,-0.5030388212473379,0.38662293988363594,-0.014010656368451837,-1.2211685,-115.96289,-33.451534,-5.3422723,4.264451,-0.16070223
2.7000001408159733,0.6507601,-0.6279935,-0.53265613,-1.2888564,0.10800181,-1.3698337,0.12270602,-0.123507634,-0.77575094,-0.22415096,0.007464031,-0.6866235,0.29546048870484304,-10.629537130732702,-4.102681889152698,-0.6431945075198532,0.4789429800356937,-0.02183033885806149,0.29546048870484304,-10.629537130732702,-4.102681889152698,-0.6431945075198532,0.4789429800356937,-0.02183033885806149,4.3934975,-140.94766,-45.66285,-6.8307257,5.282741,-0.250394
2.7166668083518744,0.65283346,-0.6302471,-0.5457196,-1.2926545,0.10811653,-1.3809842,0.12481226,-0.14181146,-0.78769016,-0.23455113,0.0066694715,-0.6689085,0.3124144707418723,-10.512275753337693,-4.000464453958544,-0.6288050707226195,0.4691019775860978,-0.02127271584042696,0.3124144707418723,-10.512275753337693,-4.000464453958544,-0.6288050707226195,0.4691019775860978,-0.02127271584042696,4.645603,-139.39278,-44.52517,-6.67791,5.174195,-0.24399805
2.7333334758877754,0.6548943,-0.63264954,-0.5586825,-1.2965053,0.10822121,-1.3917989,0.123995654,-0.14860348,-0.78076965,-0.23588574,0.0061582387,-0.6489829,-0.06956627646307058,-8.370627608953738,-2.6846872828398753,-0.45854066500331503,0.3556088977582003,-0.012574454650945421,-0.06956627646307058,-8.370627608953738,-2.6846872828398753,-0.45854066500331503,0.3556088977582003,-0.012574454650945421,-1.0344505,-110.99452,-29.88057,-4.869702,3.9223661,-0.144229
2.7500001434236765,0.65699995,-0.63532805,-0.5718267,-1.3005,0.10831332,-1.4023039,0.12677547,-0.16689152,-0.7924625,-0.24611454,0.0053238543,-0.6302123,0.3439607600999023,-10.30418890813537,-3.808341150549437,-0.6017713672472709,0.4508123112503011,-0.02037898914234058,0.3439607600999023,-10.30418890813537,-3.808341150549437,-0.6017713672472709,0.4508123112503011,-0.02037898914234058,5.1146965,-136.63354,-42.386837,-6.390812,4.97246,-0.233747
2.7666668109595776,0.659159,-0.6383141,-0.5851609,-1.304665,0.108390905,-1.4124811,0.12996665,-0.18510693,-0.8036988,-0.2561384,0.004457009,-0.61051315,0.358507147393294,-10.169690622643289,-3.695192020001544,-0.5856056446858494,0.43975552535554224,-0.019761343156137774,0.358507147393294,-10.169690622643289,-3.695192020001544,-0.5856056446858494,0.43975552535554224,-0.019761343156137774,5.3310013,-134.8501,-41.127487,-6.219132,4.8505034,-0.2266626
2.7833334784954786,0.66131395,-0.6414363,-0.598385,-1.3088739,0.10845843,-1.422323,0.12961084,-0.19112755,-0.7961542,-0.25691453,0.00394349,-0.590562,-0.06259605238400776,-7.9620965465701,-2.3398835489799175,-0.4099588609684659,0.3216437826562987,-0.011022520148452718,-0.06259605238400776,-7.9620965465701,-2.3398835489799175,-0.4099588609684659,0.3216437826562987,-0.011022520148452718,-0.9308033,-105.5774,-26.042904,-4.353763,3.547731,-0.1264283
2.8000001460313797,0.66353154,-0.6448327,-0.6117774,-1.3132193,0.10851202,-1.4318216,0.13350044,-0.20928392,-0.80711544,-0.2667266,0.003027079,-0.56984204,0.3861635743008417,-9.934575237659667,-3.4844116594806405,-0.5554492864231606,0.4193375138726326,-0.018768050198775327,0.3861635743008417,-9.934575237659667,-3.4844116594806405,-0.5554492864231606,0.4193375138726326,-0.018768050198775327,5.7422523,-131.73247,-38.7815,-5.8988714,4.625293,-0.21526954
2.8166668135672808,0.66582084,-0.6485339,-0.62534744,-1.3177277,0.10854959,-1.4409609,0.1378149,-0.2273218,-0.81759566,-0.27629775,0.0020724155,-0.54824185,0.3977446565711426,-9.783438427955318,-3.3607095613848057,-0.5375510555202678,0.4070877704637654,-0.0180970146641486,0.3977446565711426,-9.783438427955318,-3.3607095613848057,-0.5375510555202678,0.4070877704637654,-0.0180970146641486,5.914463,-129.7284,-37.404697,-5.708792,4.490178,-0.20757276
2.833333481103182,0.66811377,-0.6523575,-0.638798,-1.3222717,0.10857697,-1.4497684,0.13789397,-0.23254487,-0.8094373,-0.27649972,0.0015519125,-0.5283704,-0.061806433138305424,-7.521318346486732,-1.9721654119088856,-0.35741558182710986,0.28478578340974814,-0.009369896927811108,-0.061806433138305424,-7.521318346486732,-1.9721654119088856,-0.35741558182710986,0.28478578340974814,-0.009369896927811108,-0.91906166,-99.73268,-21.950201,-3.7957535,3.1411872,-0.10747272
2.850000148639083,0.6704884,-0.656452,-0.65240353,-1.3269438,0.10858877,-1.4581989,0.1429271,-0.2504816,-0.8196158,-0.28581744,0.0005374806,-0.50578505,0.4207590561067008,-9.522278384385606,-3.13189421702588,-0.504337012655542,0.38456774147012945,-0.01701434332075177,0.4207590561067008,-9.522278384385606,-3.13189421702588,-0.504337012655542,0.38456774147012945,-0.01701434332075177,6.256687,-126.26541,-34.857983,-5.356059,4.241782,-0.19515452
2.866666816174984,0.67295444,-0.6608472,-0.66617346,-1.3317698,0.10858282,-1.4662409,0.14839296,-0.26825646,-0.8292912,-0.29485762,-0.00052173896,-0.4823779,0.42883097604368065,-9.355391420390271,-2.998201930619314,-0.4847839053741283,0.3711673636276508,-0.016297702697847027,0.42883097604368065,-9.355391420390271,-2.998201930619314,-0.4847839053741283,0.3711673636276508,-0.016297702697847027,6.3767166,-124.05249,-33.369987,-5.148405,4.093976,-0.18693465
2.883333483710885,0.67543054,-0.66535026,-0.6798144,-1.3366226,0.10856647,-1.4739542,0.14887324,-0.27266082,-0.82052964,-0.2944731,-0.0010538993,-0.4626892,-0.0675292486461442,-7.050230276530685,-1.58286544511903,-0.30110403193816854,0.24513454731226186,-0.007634430006471216,-0.0675292486461442,-7.050230276530685,-1.58286544511903,-0.30110403193816854,0.24513454731226186,-0.007634430006471216,-1.0041599,-93.48605,-17.617292,-3.1977248,2.703834,-0.08756691
2.900000151246786,0.6780073,-0.67012024,-0.69359636,-1.3415937,0.1085326,-1.4812613,0.15507248,-0.29029432,-0.82987785,-0.30322114,-0.0021832038,-0.43834117,0.4467410694935535,-9.069548041572398,-2.752269974508911,-0.44864135497931934,0.3466094502079844,-0.015138062374843341,0.4467410694935535,-9.069548041572398,-2.752269974508911,-0.44864135497931934,0.3466094502079844,-0.015138062374843341,6.6430397,-120.26221,-30.632765,-4.764571,3.8231022,-0.17363358
2.916666818782687,0.6806948,-0.675185,-0.7075289,-1.3467093,0.108478926,-1.4881505,0.16170873,-0.30772212,-0.8387038,-0.31165823,-0.0033628761,-0.41322765,0.45106268281814793,-8.887723344483527,-2.609164502742798,-0.4275272570536411,0.3321124333634986,-0.014383125637756186,0.45106268281814793,-8.887723344483527,-2.609164502742798,-0.4275272570536411,0.3321124333634986,-0.014383125637756186,6.707302,-117.85121,-29.04,-4.5403395,3.6632001,-0.16497445
2.9333334863185883,0.68339866,-0.68034303,-0.7213231,-1.351841,0.10841469,-1.4947156,0.16255529,-0.31129178,-0.8293538,-0.31067917,-0.003910891,-0.39383012,-0.07929272834454597,-6.5514030859301355,-1.1738446416452137,-0.24132180797627195,0.20286582970986666,-0.005837045967215128,-0.07929272834454597,-6.5514030859301355,-1.1738446416452137,-0.24132180797627195,0.20286582970986666,-0.005837045967215128,-1.1790829,-86.871605,-13.064891,-2.5628376,2.23761,-0.06695092
2.9500001538544893,0.68622315,-0.68576217,-0.7352433,-1.3570812,0.108330674,-1.5008476,0.16993472,-0.3285396,-0.83782953,-0.31878677,-0.0051716752,-0.36783102,0.46380664489376683,-8.578884188046462,-2.347316382066259,-0.38864935858774996,0.30561859566627153,-0.013161755273315109,0.46380664489376683,-8.578884188046462,-2.347316382066259,-0.38864935858774996,0.30561859566627153,-0.013161755273315109,6.896805,-113.756004,-26.125631,-4.127456,3.370973,-0.15096533
2.9666668213903904,0.6891778,-0.6914689,-0.74929965,-1.3624545,0.108224615,-1.5065352,0.17774892,-0.34554136,-0.8457647,-0.32654953,-0.006488268,-0.34112716,0.4642743108732715,-8.383353623149981,-2.195610190337559,-0.36611271892339275,0.2901020854144127,-0.012376605684900658,0.4642743108732715,-8.383353623149981,-2.195610190337559,-0.36611271892339275,0.2901020854144127,-0.012376605684900658,6.903759,-111.16327,-24.437141,-3.888117,3.199826,-0.14195967
2.9833334889262915,0.69215465,-0.6972538,-0.7632087,-1.3678354,0.10810764,-1.5119056,0.17891951,-0.3482653,-0.8358439,-0.32497323,-0.007055707,-0.32212728,-0.09650183589809601,-6.027671042970223,-0.7472514677776052,-0.17844579987606762,0.1582002812694228,-0.004000381063978466,-0.09650183589809601,-6.027671042970223,-0.7472514677776052,-0.17844579987606762,0.1582002812694228,-0.004000381063978466,-1.4349823,-79.92692,-8.316909,-1.8950944,1.7449491,-0.04588437
3.0000001564621925,0.6952712,-0.703293,-0.7772286,-1.3733119,0.10796842,-1.5168172,0.18748094,-0.3650501,-0.84340745,-0.33236945,-0.008463806,-0.2945948,0.4721579330434075,-8.053474944101739,-1.9193010081713624,-0.32475041804340604,0.26181005718269246,-0.011107494442381854,0.4721579330434075,-8.053474944101739,-1.9193010081713624,-0.32475041804340604,0.26181005718269246,-0.011107494442381854,7.0209885,-106.78908,-21.36182,-3.4488494,2.887765,-0.12740296
3.0166668239980936,0.6985383,-0.70961165,-0.79136896,-1.37891,0.107804604,-1.5212598,0.19647191,-0.38154975,-0.85041517,-0.3393935,-0.009933911,-0.26642546,0.469067694760844,-7.845602136212057,-1.7599558251887317,-0.3009657401823055,0.24537421958833422,-0.010302561516333582,0.469067694760844,-7.845602136212057,-1.7599558251887317,-0.3009657401823055,0.24537421958833422,-0.010302561516333582,6.9750366,-104.032684,-19.588308,-3.1962562,2.7064776,-0.11817038
3.0333334915339947,0.70183194,-0.7159927,-0.8053534,-1.384505,0.10762953,-1.5253934,0.1979195,-0.38342097,-0.83994544,-0.3372185,-0.010523341,-0.247927,-0.11797765797228323,-5.482276928011289,-0.3056440499058095,-0.11293606345038405,0.11142383136213205,-0.00214658826979327,-0.11797765797228323,-5.482276928011289,-0.3056440499058095,-0.11293606345038405,0.11142383136213205,-0.00214658826979327,-1.7543278,-72.69499,-3.4018183,-1.199381,1.2290049,-0.024621367
3.0500001590698957,0.70528483,-0.72261995,-0.81943274,-1.390183,0.107429475,-1.5290451,0.20765544,-0.39966905,-0.84656346,-0.34384072,-0.01209536,-0.21899258,0.472778109952597,-7.497037194253453,-1.4709709146916061,-0.2574444041638276,0.2154668244252071,-0.009002328022937725,0.472778109952597,-7.497037194253453,-1.4709709146916061,-0.2574444041638276,0.2154668244252071,-0.009002328022937725,7.0302105,-99.41071,-16.371906,-2.7340596,2.376599,-0.1032567
3.066666826605797,0.70890707,-0.7295174,-0.8336172,-1.3959692,0.10720192,-1.5322056,0.21780983,-0.4155967,-0.852612,-0.35006273,-0.013734214,-0.1894897,0.46657236454546175,-7.27844295818162,-1.3050976467903732,-0.232615870495525,0.19823153885731565,-0.00818589509001169,0.46657236454546175,-7.27844295818162,-1.3050976467903732,-0.232615870495525,0.19823153885731565,-0.00818589509001169,6.937931,-96.51215,-14.525737,-2.4703805,2.1864939,-0.09389222
3.083333494141698,0.71256095,-0.7364614,-0.8476374,-1.4017429,0.10696277,-1.5350671,0.21948603,-0.4166126,-0.8416171,-0.3472969,-0.014347986,-0.1715991,-0.14205886440623425,-4.918766740939915,0.1480989379060236,-0.04533917104681558,0.06288005780438781,-0.0002994055111925812,-0.14205886440623425,-4.918766740939915,0.1480989379060236,-0.04533917104681558,0.06288005780438781,-0.0002994055111925812,-2.1124153,-65.22285,1.6483412,-0.481502,0.69356704,-0.0034341812
3.100000161677599,0.7163926,-0.74364287,-0.861736,-1.4075873,0.10669564,-1.5374259,0.23037708,-0.43225524,-0.8472588,-0.35308492,-0.016098352,-0.14139926,0.46711314341808696,-6.913565150932669,-1.0053424715246044,-0.18730455423703526,0.16691669592074881,-0.006870674692035865,0.46711314341808696,-6.913565150932669,-1.0053424715246044,-0.18730455423703526,0.16691669592074881,-0.006870674692035865,6.9459724,-91.673874,-11.189462,-1.9891744,1.8410912,-0.07880664
3.1166668292135,0.72041315,-0.75108373,-0.87592363,-1.4135247,0.10639793,-1.5392734,0.24167214,-0.4475431,-0.85232025,-0.35844463,-0.017920762,-0.110706,0.4585157085282737,-6.685744295652456,-0.8340496258594275,-0.16164456383656647,0.14900845608058458,-0.006051373253101459,0.4585157085282737,-6.685744295652456,-0.8340496258594275,-0.16164456383656647,0.14900845608058458,-0.006051373253101459,6.8181286,-88.65297,-9.282972,-1.7166653,1.6435633,-0.06940925
3.133333496749401,0.7244681,-0.7585553,-0.8899388,-1.4194404,0.10608832,-1.5408342,0.24352089,-0.4477064,-0.8408277,-0.3550952,-0.018559802,-0.09352201,-0.16707950738266802,-4.341023360262449,0.6107565956081448,0.0237322628161328,0.01296125426685821,0.001519996390305297,-0.16707950738266802,-4.341023360262449,0.6107565956081448,0.0237322628161328,0.01296125426685821,0.001519996390305297,-2.4844723,-57.56197,6.797721,0.25203663,0.14296263,0.017434359
3.150000164285302,0.7287193,-0.7662544,-0.90401626,-1.4254113,0.105747394,-1.5418732,0.25553894,-0.46267918,-0.84546924,-0.3599919,-0.020503659,-0.06220334,0.4572354632892622,-6.3075271307253375,-0.5258825804238263,-0.11499078484802822,0.11654909588700517,-0.004737223348309917,0.4572354632892622,-6.3075271307253375,-0.5258825804238263,-0.11499078484802822,0.11654909588700517,-0.004737223348309917,6.7990913,-83.63781,-5.853073,-1.2212021,1.2855365,-0.05433595
3.1666668318212032,0.7331772,-0.7742002,-0.9181656,-1.4314603,0.105372645,-1.5423832,0.26794115,-0.47726583,-0.84952044,-0.3644397,-0.02252384,-0.030469028,0.4470578920304094,-6.072201736012915,-0.3504261280755577,-0.08874869503768376,0.09811472482067396,-0.003924105826313847,0.4470578920304094,-6.072201736012915,-0.3504261280755577,-0.08874869503768376,0.09811472482067396,-0.003924105826313847,6.647751,-80.517395,-3.9002428,-0.94251114,1.0822054,-0.045009494
3.1833334993571043,0.7376717,-0.7821614,-0.932135,-1.4374783,0.10498554,-1.5426205,0.269907,-0.4765859,-0.83756036,-0.36052108,-0.023188088,-0.014091717,-0.19093021580093889,-3.753305380520598,1.078757657087931,0.09359178008781764,-0.03787431518056667,0.0032896983072668337,-0.19093021580093889,-3.753305380520598,1.078757657087931,0.09359178008781764,-0.03787431518056667,0.0032896983072668337,-2.8391323,-49.76883,12.006573,0.9939447,-0.4177537,0.03773284
3.2000001668930054,0.742381,-0.7903396,-0.9461493,-1.4435349,0.10456367,-1.5423199,0.2830142,-0.4908306,-0.84118026,-0.36447743,-0.025338309,0.018193282,0.44545210201466096,-5.683551402832768,-0.036250409625825424,-0.04122385478064615,0.06479610666186833,-0.002625441696712424,0.44545210201466096,-5.683551402832768,-0.036250409625825424,-0.04122385478064615,0.06479610666186833,-0.002625441696712424,6.6238728,-75.36389,-0.40346706,-0.43779734,0.71470106,-0.030113816
3.2166668344289064,0.7473156,-0.7987523,-0.9602191,-1.4496559,0.10410443,-1.5414752,0.2964796,-0.50465983,-0.8442062,-0.36796793,-0.02756909,0.050813075,0.4345976592873918,-5.442589692220789,0.1419402732574929,-0.01467544929231403,0.045997498798456826,-0.00182730068615861,0.4345976592873918,-5.442589692220789,0.1419402732574929,-0.01467544929231403,0.045997498798456826,-0.00182730068615861,6.462467,-72.16874,1.5797952,-0.15585327,0.5073524,-0.020959139
3.2333335019648075,0.75228727,-0.8071642,-0.9741013,-1.4557357,0.10363258,-1.540373,0.2984998,-0.50314564,-0.8318107,-0.3634953,-0.028257458,0.06628865,-0.21193606306741763,-3.1592589158278246,1.5487009410052714,0.16355955668088407,-0.08917489272296591,0.004991512248696923,-0.21193606306741763,-3.1592589158278246,1.5487009410052714,0.16355955668088407,-0.08917489272296591,0.004991512248696923,-3.1514893,-41.891773,17.237041,1.7370025,-0.98359907,0.057252645
3.2500001695007086,0.75749075,-0.81578094,-0.988012,-1.461839,0.10312215,-1.538719,0.3126448,-0.5166076,-0.8343961,-0.3664679,-0.030626085,0.09937988,0.4340665646663992,-5.046361747730192,0.45964522931560775,0.033227063841738944,0.012118132246264738,-0.0005573735823294548,0.4340665646663992,-5.046361747730192,0.45964522931560775,0.033227063841738944,0.012118132246264738,-0.0005573735823294548,6.45457,-66.91476,5.1158514,0.35287142,0.133663,-0.006393075
3.2666668370366096,0.76293576,-0.8246186,-1.0019605,-1.4679886,0.10257074,-1.5365092,0.3271186,-0.5296295,-0.83638215,-0.36895534,-0.033078395,0.1327229,0.4235122054715083,-4.801606916194588,0.6392182472688275,0.0598201419449571,-0.006877068271446747,0.00021970053808317041,0.4235122054715083,-4.801606916194588,0.6392182472688275,0.0598201419449571,-0.006877068271446747,0.00021970053808317041,6.2976265,-63.669308,7.114499,0.6352899,-0.07585406,0.0025199652
3.2833335045725107,0.768419,-0.8334403,-1.0157148,-1.4740882,0.10200636,-1.5340585,0.3291335,-0.52729803,-0.82358825,-0.36395353,-0.033788715,0.1472063,-0.22818864233636504,-2.5635013033721603,2.01654117169513,0.23286697330223416,-0.14040331784314927,0.006607187864774189,-0.22818864233636504,-2.5635013033721603,2.01654117169513,0.23286697330223416,-0.14040331784314927,0.006607187864774189,-3.393165,-33.992027,22.444103,2.4730473,-1.5486486,0.075784445
3.300000172108412,0.7741495,-0.84245443,-1.0294803,-1.4801956,0.10139964,-1.5310454,0.34425563,-0.5399302,-0.8251278,-0.36590415,-0.036386337,0.18094134,0.4254205161160724,-4.400828665018441,0.9577841985793341,0.10757110662155009,-0.04098910368904674,0.0014480550910663688,0.4254205161160724,-4.400828665018441,0.9577841985793341,0.10757110662155009,-0.04098910368904674,0.0014480550910663688,6.326003,-58.35499,10.660138,1.1424052,-0.4521098,0.016609192
3.316666839644313,0.78013784,-0.851675,-1.0432665,-1.4863317,0.10074797,-1.5274668,0.35967398,-0.5520987,-0.8260683,-0.3673552,-0.03907011,0.2148437,0.4160844486033909,-4.154031560791384,1.1373012642119236,0.13393122148603595,-0.060004422800819766,0.0021976081828189707,0.4160844486033909,-4.154031560791384,1.1373012642119236,0.13393122148603595,-0.060004422800819766,0.0021976081828189707,6.1871758,-55.08246,12.658163,1.4223496,-0.6618488,0.025206566
3.333333507180214,0.78616303,-0.86086494,-1.0568532,-1.4924085,0.10008315,-1.5236655,0.3616174,-0.54896945,-0.8129118,-0.3618495,-0.039799027,0.22824876,-0.23858914378511883,-1.969741228658869,2.4787028844787105,0.300808725159496,-0.19106363450410901,0.008123941596113501,-0.23858914378511883,-1.969741228658869,2.4787028844787105,0.300808725159496,-0.19106363450410901,0.008123941596113501,-3.5478206,-26.118769,27.587963,3.1945887,-2.107432,0.09318161
3.350000174716115,0.7924507,-0.87023383,-1.0704335,-1.4984758,0.099371925,-1.5192939,0.37764832,-0.5607283,-0.8133993,-0.36274633,-0.042634428,0.2624596,0.4215767340284911,-3.7515827253753065,1.454126438576149,0.18101965415724702,-0.09401597872930338,0.003374610242369701,0.4215767340284911,-3.7515827253753065,1.454126438576149,0.18101965415724702,-0.09401597872930338,0.003374610242369701,6.268846,-49.745987,16.184427,1.9224287,-1.0369962,0.03870678
3.366666842252016,0.7990103,-0.8797937,-1.0840163,-1.5045549,0.09861171,-1.5143504,0.39393604,-0.5720047,-0.81329066,-0.36313465,-0.04555715,0.29675302,0.41412194463015406,-3.5045802143724076,1.6321295355208156,0.20687016614637357,-0.1128738183707188,0.004090572713038769,0.41412194463015406,-3.5045802143724076,1.6321295355208156,0.20687016614637357,-0.1128738183707188,0.004090572713038769,6.1579933,-46.470734,18.165602,2.1969612,-1.2449982,0.04691887
3.383333509787917,0.80560505,-0.88930833,-1.0973927,-1.510565,0.0978383,-1.5092037,0.3957437,-0.5681018,-0.7998131,-0.3571551,-0.0463004,0.30900016,-0.24220161014703112,-1.382152419284458,2.931198298342037,0.3666475443292248,-0.24060991171372553,0.009529093814706843,-0.24220161014703112,-1.382152419284458,2.931198298342037,0.3666475443292248,-0.24060991171372553,0.009529093814706843,-3.601538,-18.327341,32.624237,3.893797,-2.6539273,0.109298706
3.400000177323818,0.8124755,-0.89898777,-1.1107469,-1.5165492,0.09701423,-1.503481,0.41260287,-0.5789534,-0.7992529,-0.35697567,-0.04937985,0.34351587,0.42403711115023235,-3.1036670391376204,1.94429018855202,0.25275153179851184,-0.14642170095919266,0.005205694030655293,0.42403711115023235,-3.1036670391376204,1.94429018855202,0.25275153179851184,-0.14642170095919266,0.005205694030655293,6.305432,-41.154625,21.63995,2.6842213,-1.6150314,0.05970931
3.4166668448597193,0.81963223,-0.90884304,-1.1240858,-1.5225267,0.09613725,-1.4971825,0.42967856,-0.5893042,-0.79809964,-0.3562803,-0.052546866,0.37802875,0.41903779261370355,-2.8579205589236896,2.1195090363289144,0.2778515303875767,-0.16495371988872345,0.0058846153585206135,0.41903779261370355,-2.8579205589236896,2.1195090363289144,0.2778515303875767,-0.16495371988872345,0.0058846153585206135,6.231092,-37.896027,23.590136,2.9507833,-1.8194395,0.06749654
3.4333335123956203,0.8268194,-0.91863877,-1.1372142,-1.5284275,0.09524694,-1.4907019,0.4312817,-0.5846555,-0.7843421,-0.34986222,-0.053298853,0.38904175,-0.23893566041804035,-0.804286341142151,3.370428642279804,0.42971163819738706,-0.2885414704558856,0.010813810353499449,-0.23893566041804035,-0.804286341142151,3.370428642279804,0.42971163819738706,-0.2885414704558856,0.010813810353499449,-3.5529733,-10.664837,37.51287,4.5635376,-3.1826124,0.124034405
3.4500001799315214,0.83429533,-0.9285846,-1.1503024,-1.5342839,0.09430185,-1.483643,0.44888204,-0.5945683,-0.78273743,-0.34858623,-0.056626752,0.42369214,0.43372652557927166,-2.461045611857649,2.424565544025596,0.3220641680356473,-0.19771536155278752,0.00693261779279634,0.43372652557927166,-2.461045611857649,2.424565544025596,0.3220641680356473,-0.19771536155278752,0.00693261779279634,6.4495134,-32.633465,26.985415,3.4203215,-2.1808004,0.079517126
3.4666668474674225,0.842069,-0.93869084,-1.1633586,-1.5401149,0.09329959,-1.4760076,0.4666523,-0.60396916,-0.7805464,-0.34679538,-0.06004263,0.45825222,0.431428183303556,-2.2183861308148183,2.5955028825264628,0.34615153871238125,-0.21574136244634662,0.007569405340379284,0.431428183303556,-2.2183861308148183,2.5955028825264628,0.34615153871238125,-0.21574136244634662,0.007569405340379284,6.415337,-29.4158,28.887947,3.6761293,-2.3796272,0.08682108
3.4833335150033236,0.84986866,-0.94872385,-1.1761985,-1.5458606,0.09228409,-1.4682119,0.46798566,-0.59860396,-0.7665539,-0.33997762,-0.060796276,0.46796465,-0.22903697636597256,-0.23951390210319967,3.792852725622789,0.48937936736141,-0.3343598581073723,0.011971273314152578,-0.22903697636597256,-0.23951390210319967,3.792852725622789,0.48937936736141,-0.3343598581073723,0.011971273314152578,-3.4057798,-3.1759543,42.21445,5.197209,-3.6879892,0.1373105
3.5000001825392246,0.85796833,-0.9588926,-1.1889827,-1.551546,0.09120949,-1.4598384,0.48622948,-0.6075548,-0.76391524,-0.33760145,-0.06437502,0.5025777,0.4508496292822299,-1.82800566269082,2.8909609538418475,0.38824584300010667,-0.24738973200807546,0.00854405300868732,0.4508496292822299,-1.82800566269082,2.8909609538418475,0.38824584300010667,-0.24738973200807546,0.00854405300868732,6.704134,-24.239355,32.176395,4.123171,-2.7287087,0.09800029
3.5166668500751257,0.8663747,-0.9692048,-1.2017177,-1.5571876,0.090073645,-1.4508902,0.50459284,-0.6159823,-0.7607008,-0.33470622,-0.068039864,0.5370146,0.4512355242628497,-1.5896256333202978,3.0564626057942705,0.4111259895080452,-0.2647586659961469,0.009137667462216737,0.4512355242628497,-1.5896256333202978,3.0564626057942705,0.4111259895080452,-0.2647586659961469,0.009137667462216737,6.7098722,-21.078436,34.01843,4.366158,-2.920288,0.104809046
3.5333335176110268,0.8748016,-0.9794306,-1.2142321,-1.5627363,0.088924795,-1.4418046,0.50559115,-0.60993564,-0.7465162,-0.32752946,-0.06878756,0.5453636,-0.21343295335288648,0.3090267267701852,4.195209719100088,0.5451080264793727,-0.37761733192589103,0.0129974709455096,-0.21343295335288648,0.3090267267701852,4.195209719100088,0.5451080264793727,-0.37761733192589103,0.0129974709455096,-3.173748,4.0976944,46.692684,5.7890472,-4.165119,0.14908099
3.550000185146928,0.8835375,-0.9897768,-1.2266744,-1.5682073,0.08771256,-1.4321445,0.5243741,-0.61790776,-0.74285954,-0.32404575,-0.072617166,0.5797659,0.47501382526328445,-1.2082993175109586,3.3398846731674317,0.4507001959446909,-0.29498089040719916,0.010034512101616563,0.47501382526328445,-1.2082993175109586,3.3398846731674317,0.4507001959446909,-0.29498089040719916,0.010034512101616563,7.0634556,-16.022049,37.172916,4.786436,-3.2536392,0.115095854
3.566666852682829,0.8925888,-1.00025,-1.23905,-1.5736154,0.08643486,-1.4219147,0.54322463,-0.6253488,-0.7386382,-0.32004914,-0.07652904,0.61390847,0.4778845645311942,-0.9755292089816132,3.498748820425686,0.47218036292411963,-0.3115375584509842,0.010581627657024778,0.4778845645311942,-0.9755292089816132,3.498748820425686,0.47218036292411963,-0.3115375584509842,0.010581627657024778,7.1061435,-12.935517,38.941074,5.0145555,-3.4362593,0.12137127
3.58333352021873,0.9016533,-1.0106251,-1.251202,-1.5789243,0.08514464,-1.4115716,0.54382074,-0.6186592,-0.7243092,-0.31255844,-0.07726129,0.6208412,-0.19353117490664537,0.8384252205873147,4.574360466174788,0.5964189823962426,-0.417900388065729,0.013888640931718953,-0.19353117490664537,0.8384252205873147,4.574360466174788,0.5964189823962426,-0.417900388065729,0.013888640931718953,-2.8778086,11.117518,50.912632,6.3339696,-4.6094413,0.15930271
3.600000187754631,0.9110343,-1.0211046,-1.2632651,-1.5841385,0.083786786,-1.4006599,0.5630298,-0.6256404,-0.71965456,-0.30797336,-0.0813382,0.65486544,0.5051058093893824,-0.6051834532218462,3.7680551369556516,0.5089098450827734,-0.3400671838741355,0.011398507494872407,0.5051058093893824,-0.6051834532218462,3.7680551369556516,0.5089098450827734,-0.3400671838741355,0.011398507494872407,7.5109234,-8.024733,41.938454,5.4046226,-3.750941,0.13074088
3.616666855290532,0.9207366,-1.0316948,-1.2752461,-1.5892708,0.0823595,-1.389186,0.5822522,-0.6320873,-0.7144506,-0.3028828,-0.08549386,0.68854463,0.51003461246452,-0.3792735066708756,3.919137713080146,0.5288322542122305,-0.35567378738417155,0.011897502822676428,0.51003461246452,-0.3792735066708756,3.919137713080146,0.5288322542122305,-0.35567378738417155,0.011897502822676428,7.5842147,-5.0291667,43.620003,5.6161985,-3.9230819,0.13646436
3.633333522826433,0.93044394,-1.0421754,-1.287,-1.5942965,0.08092015,-1.3776234,0.582384,-0.62479305,-0.7000245,-0.29512596,-0.08620104,0.69401383,-0.17096513698144336,1.3466448086239453,4.92786260092462,0.6429784042013568,-0.45487952037821655,0.01464499113553487,-0.17096513698144336,1.3466448086239453,4.92786260092462,0.6429784042013568,-0.45487952037821655,0.01464499113553487,-2.5422516,17.85651,54.84711,6.8284307,-5.017321,0.16797805
3.6500001903623343,0.94047284,-1.0527453,-1.2986507,-1.5992113,0.07940908,-1.3655018,0.60190207,-0.63077855,-0.6943961,-0.28945467,-0.09051943,0.72749156,0.5396426726125115,-0.02163857176652681,4.172523066682635,0.5624642704390761,-0.3822746864796117,0.012632276872603291,0.5396426726125115,-0.02163857176652681,4.172523066682635,0.5624642704390761,-0.3822746864796117,0.012632276872603291,8.024487,-0.28692746,46.44018,5.9733706,-4.21649,0.14489222
3.6666668578982353,0.9508281,-1.0634087,-1.3102022,-1.6040269,0.07782451,-1.3528278,0.621376,-0.6362281,-0.6882337,-0.28328702,-0.094911635,0.76054436,0.5459397450019309,0.19664667310757875,4.315027200950766,0.5807316235903293,-0.39682967600126434,0.013082985682599734,0.5459397450019309,0.19664667310757875,4.315027200950766,0.5807316235903293,-0.39682967600126434,0.013082985682599734,8.118124,2.607535,48.026253,6.16737,-4.3770313,0.15006185
3.6833335254341364,0.96117884,-1.0739509,-1.3215256,-1.60873,0.07622871,-1.3400904,0.6209796,-0.62837255,-0.6737566,-0.27531308,-0.095582016,0.7645118,-0.14768727449418398,1.8315756842381634,5.253474945863516,0.6845324277428809,-0.4882866538662535,0.015266791778537845,-0.14768727449418398,1.8315756842381634,5.253474945863516,0.6845324277428809,-0.4882866538662535,0.015266791778537845,-2.1961098,24.286694,58.471176,7.2697344,-5.385802,0.1751101
3.7000001929700375,0.97185475,-1.0845672,-1.3327297,-1.613305,0.07455721,-1.3268055,0.6406825,-0.63336617,-0.6671819,-0.26857308,-0.10013327,0.7972799,0.576704431878855,0.539705907956867,4.5507467017983485,0.6110706796304879,-0.4212977771637987,0.013733596103338958,0.576704431878855,0.539705907956867,4.5507467017983485,0.6110706796304879,-0.4212977771637987,0.013733596103338958,8.575595,7.1565003,50.64981,6.4895706,-4.6469145,0.15752435
3.7166668605059385,0.9828591,-1.0952607,-1.3438191,-1.6177633,0.07280843,-1.312981,0.6602805,-0.6378244,-0.6600925,-0.2613541,-0.10475189,0.82954437,0.5835854454014874,0.7495589565547524,4.68384022125765,0.6276002711495438,-0.434705504264382,0.01413448021114652,0.5835854454014874,0.7495589565547524,4.68384022125765,0.6276002711495438,-0.434705504264382,0.01413448021114652,8.677916,9.939152,52.13114,6.665115,-4.7948017,0.16212249
3.7333335280418396,0.99384844,-1.1058235,-1.3546792,-1.6221031,0.07104938,-1.299119,0.6592974,-0.62945247,-0.64561385,-0.25321501,-0.10537382,0.83197784,-0.1254744231500478,2.2916404010663385,5.549426562916771,0.7209460389591655,-0.5179269899591358,0.015755082174499033,-0.1254744231500478,2.2916404010663385,5.549426562916771,0.7209460389591655,-0.5179269899591358,0.015755082174499033,-1.8658047,30.387152,61.765118,7.656447,-5.7127347,0.18071079
3.7500001955777407,1.0051649,-1.1164455,-1.3654056,-1.6263001,0.06921082,-1.2847241,0.6790551,-0.6334592,-0.6381258,-0.24543607,-0.110146664,0.8638788,0.6141307294649331,1.0771552182250792,4.9008293186129475,0.6545700371377662,-0.4569134059432195,0.014701571377236216,0.6141307294649331,1.0771552182250792,4.9008293186129475,0.6545700371377662,-0.4569134059432195,0.014701571377236216,9.132124,14.283078,54.54623,6.951534,-5.039755,0.16862702
3.7666668631136417,1.0168083,-1.1271267,-1.376002,-1.6303627,0.067291446,-1.2698053,0.69864655,-0.6369336,-0.63014406,-0.23719536,-0.11497899,0.89519906,0.6208146588467237,1.2779980942854154,5.023936762642667,0.6693346127727386,-0.46911027792466303,0.01505271392795659,0.6208146588467237,1.2779980942854154,5.023936762642667,0.6693346127727386,-0.46911027792466303,0.01505271392795659,9.231514,16.946255,55.916416,7.1083336,-5.1742864,0.17265463
3.783333530649543,1.0284265,-1.1376684,-1.3863682,-1.6343032,0.065362945,-1.2548752,0.6970207,-0.6280938,-0.61571,-0.22894701,-0.115539,0.8960781,-0.10607718780045551,2.7256210465237025,5.814537740674837,0.7522085067691552,-0.5436996708971095,0.01611189937840988,-0.10607718780045551,2.7256210465237025,5.814537740674837,0.7522085067691552,-0.5436996708971095,0.01611189937840988,-1.5773678,36.141735,64.715805,7.9884543,-5.9970074,0.18480349
3.800000198185444,1.0403699,-1.148253,-1.3965883,-1.6380862,0.06335136,-1.2394288,0.7166999,-0.6311285,-0.60734636,-0.22016199,-0.12051827,0.9269583,0.6498644635752696,1.5888298978273325,5.221136046869735,0.6929025362664922,-0.4889557389702888,0.01553543360210442,0.6498644635752696,1.5888298978273325,5.221136046869735,0.6929025362664922,-0.4889557389702888,0.01553543360210442,9.663485,21.067884,58.111244,7.358625,-5.393182,0.17819142
3.816666865721345,1.0526386,-1.1588815,-1.4066632,-1.6417185,0.061255645,-1.2234768,0.736153,-0.63364094,-0.59850854,-0.21093448,-0.1255497,0.9571853,0.6556653944373372,1.7799522722109051,5.3337659261725765,0.7059040716138937,-0.4998986545953552,0.015835545846661383,0.6556653944373372,1.7799522722109051,5.3337659261725765,0.7059040716138937,-0.4998986545953552,0.015835545846661383,9.749744,23.602167,59.364815,7.4967012,-5.513882,0.18163371
3.833333533257246,1.0648705,-1.1693631,-1.4165076,-1.6452246,0.05915219,-1.2075397,0.7338303,-0.6243802,-0.58416754,-0.20262827,-0.12603429,0.9564964,-0.09108070727555481,3.1329918770768526,6.048256324843469,0.7784371097658089,-0.5656030539048335,0.0163412343551516,-0.09108070727555481,3.1329918770768526,6.048256324843469,0.7784371097658089,-0.5656030539048335,0.0163412343551516,-1.3543701,41.543472,67.31709,8.267002,-6.2386017,0.18743396
3.850000200793147,1.0774243,-1.1798728,-1.4261923,-1.6485593,0.056962393,-1.1911057,0.7532944,-0.62646115,-0.57496744,-0.19287783,-0.1312033,0.98621124,0.6818840627150802,2.0738403182223912,5.5108717295465866,0.7261582462576599,-0.5173665874131895,0.01623514120539272,0.6818840627150802,2.0738403182223912,5.5108717295465866,0.7261582462576599,-0.5173665874131895,0.01623514120539272,10.139616,27.499123,61.336002,7.7118006,-5.7065535,0.18621707
3.866666868329048,1.0902992,-1.1904103,-1.4357188,-1.6517261,0.054685473,-1.1741875,0.77246815,-0.628031,-0.5653173,-0.1827103,-0.13641372,1.0152031,0.6859263078270138,2.255053973305819,5.612775557553136,0.7374393962421885,-0.5270434852524012,0.016484243930061693,0.6859263078270138,2.255053973305819,5.612775557553136,0.7374393962421885,-0.5270434852524012,0.016484243930061693,10.199724,29.902016,62.470192,7.8316064,-5.8132896,0.18907428
3.8833335358649492,1.1031232,-1.2007935,-1.4450164,-1.6547655,0.05240245,-1.15731,0.76939917,-0.61839783,-0.55111563,-0.1744042,-0.13680872,1.0129427,-0.08161733354107999,3.5134302544917455,6.250536045509742,0.7998467389697634,-0.5837102857159142,0.01644647526761814,-0.08161733354107999,3.5134302544917455,6.250536045509742,0.7998467389697634,-0.5837102857159142,0.01644647526761814,-1.2136497,46.588085,69.56847,8.494372,-6.4383245,0.18864107
3.9000002034008503,1.1162645,-1.2111901,-1.4541409,-1.6576189,0.050030157,-1.1399571,0.788511,-0.61955076,-0.54111874,-0.16373712,-0.14214699,1.0413526,0.7084670127760907,2.5314762581527503,5.769716247394078,0.7545288897728067,-0.54215887732,0.016800902049855345,0.7084670127760907,2.5314762581527503,5.769716247394078,0.7545288897728067,-0.54215887732,0.016800902049855345,10.5349045,33.567375,64.21694,8.013097,-5.9800124,0.19270635
3.9166668709367514,1.1297194,-1.2215993,-1.4630947,-1.6602901,0.047568098,-1.1221424,0.8072666,-0.6202058,-0.53069997,-0.15268119,-0.14751501,1.068975,0.7100938387821406,2.7025593891402715,5.860761726427378,0.7641596533708879,-0.5505765446293711,0.016998600315403293,0.7100938387821406,2.7025593891402715,5.860761726427378,0.7641596533708879,-0.5505765446293711,0.016998600315403293,10.559095,35.835938,65.23028,8.1153755,-6.0728593,0.19497395
3.9333335384726524,1.1431105,-1.2318467,-1.4718202,-1.6628324,0.045101825,-1.1043949,0.8034078,-0.610251,-0.516683,-0.14443128,-0.14780493,1.0651442,-0.07842601989048315,3.8668038438707817,6.4218025858725705,0.8167398851470086,-0.5981703401152264,0.016429846247279757,-0.07842601989048315,3.8668038438707817,6.4218025858725705,0.8167398851470086,-0.5981703401152264,0.016429846247279757,-1.1661949,51.27382,71.47466,8.673778,-6.597819,0.18845034
3.9500002060085535,1.1568098,-1.2420936,-1.4803623,-1.6651771,0.042543735,-1.086196,0.822024,-0.61050993,-0.50593853,-0.13290182,-0.15328929,1.092121,0.7280557525983655,2.961131997777326,5.997589741969901,0.7782689146627365,-0.5634006974055134,0.017231843111924532,0.7280557525983655,2.961131997777326,5.997589741969901,0.7782689146627365,-0.5634006974055134,0.017231843111924532,10.826189,39.26461,66.753174,8.265216,-6.2143097,0.19764924
3.9666668735444546,1.1708145,-1.2523379,-1.488721,-1.6673251,0.039893657,-1.0675595,0.84022534,-0.61028427,-0.49479577,-0.121012725,-0.15879059,1.118248,0.7269071105669711,3.122270448894702,6.0781103581431095,0.7863855631338001,-0.5706144697754792,0.01737878129288957,0.7269071105669711,3.122270448894702,6.0781103581431095,0.7863855631338001,-0.5706144697754792,0.01737878129288957,10.809109,41.401306,67.64937,8.351415,-6.2938776,0.19933462
3.9833335410803556,1.18474,-1.2624161,-1.4968548,-1.6693431,0.03724148,-1.0490165,0.8355352,-0.6000622,-0.4810098,-0.11287366,-0.15896079,1.1128579,-0.08199059410069562,4.193252459910121,6.562952554022419,0.8294964016269606,-0.6092059860852018,0.016295255113915972,-0.08199059410069562,4.193252459910121,6.562952554022419,0.8294964016269606,-0.6092059860852018,0.016295255113915972,-1.2192001,55.602528,73.04566,8.809252,-6.719542,0.18690658
4.000000208616257,1.1989651,-1.2724801,-1.5047946,-1.6711515,0.034495376,-1.0300479,0.8535195,-0.5994592,-0.4695618,-0.100542486,-0.1645652,1.1382792,0.7396913488679231,3.3635123642681233,6.195672267423699,0.7977995719837828,-0.5812837768444017,0.01752989751521462,0.7396913488679231,3.3635123642681233,6.195672267423699,0.7977995719837828,-0.5812837768444017,0.01752989751521462,10.99921,44.600174,68.95783,8.472631,-6.41156,0.20106792
4.016666876152158,1.213484,-1.2825276,-1.5125381,-1.6727506,0.031655475,-1.0106692,0.8710223,-0.5983912,-0.45774192,-0.087886296,-0.17017305,1.1627946,0.7351257693631263,3.5146273099459133,6.2658291085818165,0.8045186655220564,-0.5873460933930855,0.01762536887823236,0.7351257693631263,3.5146273099459133,6.2658291085818165,0.8045186655220564,-0.5873460933930855,0.01762536887823236,10.93132,46.60396,69.73868,8.543988,-6.4784274,0.20216298
4.033333543688059,1.227909,-1.2924045,-1.5200607,-1.6742206,0.028815905,-0.99140936,0.8654658,-0.5879511,-0.44423103,-0.079916514,-0.17020753,1.1558695,-0.09239776549759374,4.493809177864731,6.675681827953026,0.8385882763763831,-0.6171183270534817,0.0160467863706474,-0.09239776549759374,4.493809177864731,6.675681827953026,0.8385882763763831,-0.6171183270534817,0.0160467863706474,-1.3739548,59.58791,74.30034,8.9058075,-6.806815,0.18405664
4.05000021122396,1.2426189,-1.3022542,-1.527378,-1.6754705,0.025880786,-0.97175163,0.88267505,-0.58652645,-0.43212977,-0.06685048,-0.17590289,1.1796213,0.742377285678353,3.738852395910663,6.3649947859634715,0.8135332226079737,-0.5960137651708055,0.017694836610695954,0.742377285678353,3.738852395910663,6.3649947859634715,0.8135332226079737,-0.5960137651708055,0.017694836610695954,11.03915,49.577183,70.84239,8.639723,-6.574032,0.20295978
4.066666878759861,1.2576084,-1.3120738,-1.5344899,-1.6764995,0.022850595,-0.9517116,0.89934427,-0.5846585,-0.41968805,-0.053494584,-0.181587,1.2024218,0.7343628299100013,3.879973467658548,6.425110713276687,0.818993771368052,-0.6009934927697411,0.017738425430257942,0.7343628299100013,3.879973467658548,6.425110713276687,0.818993771368052,-0.6009934927697411,0.017738425430257942,10.919975,51.44845,71.51148,8.697714,-6.628958,0.20345974
4.083333546295762,1.2724899,-1.3217189,-1.5413842,-1.6774013,0.01982338,-0.9318167,0.8928983,-0.57405245,-0.40649214,-0.04574964,-0.18146977,1.1939856,-0.10918705112275134,4.7692389509796556,6.761927574685534,0.8445179395082981,-0.6222435699628898,0.01568778660781714,-0.10918705112275134,4.7692389509796556,6.761927574685534,0.8445179395082981,-0.6222435699628898,0.01568778660781714,-1.6236115,63.24011,75.260254,8.9687805,-6.8633466,0.17993891
4.100000213831663,1.2876424,-1.331324,-1.5480645,-1.6780736,0.01669952,-0.911553,0.9091965,-0.5718537,-0.39379016,-0.03201807,-0.18722512,1.2159712,0.735853819856727,4.087681432295349,6.507130474628678,0.825940776903975,-0.607855062752773,0.0177257250159745,0.735853819856727,4.087681432295349,6.507130474628678,0.825940776903975,-0.607855062752773,0.0177257250159745,10.942146,54.202656,72.42436,8.771491,-6.7046413,0.20331407
4.116666881367564,1.3030584,-1.3408871,-1.5545294,-1.678514,0.013479837,-0.8909374,0.924893,-0.56923455,-0.38077626,-0.018035509,-0.1929539,1.2369583,0.7240592992458075,4.219254828865892,6.557919072976331,0.8303180701764066,-0.6118556097865862,0.017717857410726904,0.7240592992458075,4.219254828865892,6.557919072976331,0.8303180701764066,-0.6118556097865862,0.017717857410726904,10.766762,55.94732,72.98964,8.817978,-6.7487674,0.20322382
4.133333548903465,1.3183502,-1.3502729,-1.5607814,-1.678829,0.010266035,-0.87049127,0.91752934,-0.5585147,-0.36793658,-0.010570218,-0.19266972,1.2270517,-0.13229175149472513,5.020675544105863,6.823899096877105,0.8477941969244719,-0.6249490912567996,0.015221498484391176,-0.13229175149472513,5.020675544105863,6.823899096877105,0.8477941969244719,-0.6249490912567996,0.015221498484391176,-1.9671783,66.57416,75.95,9.003574,-6.8931885,0.17459059
4.150000216439366,1.3338957,-1.3596073,-1.5668119,-1.6789075,0.0069550583,-0.8497073,0.9327797,-0.5555905,-0.3546866,0.0037457435,-0.19845112,1.2471807,0.7197995112097817,4.411216666795549,6.6242139187356095,0.835533644968956,-0.6171164681234905,0.017622884918319315,0.7197995112097817,4.411216666795549,6.6242139187356095,0.835533644968956,-0.6171164681234905,0.017622884918319315,10.703419,58.492733,73.7275,8.873367,-6.8067946,0.20213449
4.166666883975267,1.349686,-1.3688884,-1.572618,-1.6787434,0.0035480906,-0.8286025,0.94737095,-0.5522695,-0.34115273,0.018275898,-0.2041891,1.2662703,0.704221590782222,4.533711314021552,6.666455950055803,0.8390087192341433,-0.6202480302328213,0.017564880816751494,0.704221590782222,4.533711314021552,6.666455950055803,0.8390087192341433,-0.6202480302328213,0.017564880816751494,10.471775,60.117012,74.197655,8.910273,-6.841336,0.20146918
4.1833335515111685,1.3653367,-1.3779906,-1.578216,-1.6784583,0.00015016948,-0.80769163,0.93907714,-0.5414867,-0.3287077,0.025405653,-0.20372261,1.2549348,-0.16076114246648035,5.249391098367682,6.86418271129022,0.8489419286982938,-0.6256201217526862,0.014650613823036784,-0.16076114246648035,5.249391098367682,6.86418271129022,0.8489419286982938,-0.6256201217526862,0.014650613823036784,-2.3905182,69.606926,76.39835,9.015763,-6.90059,0.16804254
4.2000002190470695,1.3812217,-1.3870313,-1.5835842,-1.677929,-0.0033448553,-0.7864751,0.95314884,-0.53788847,-0.31496355,0.040226597,-0.20949419,1.2731274,0.6942928598964463,4.710714130200232,6.718579863816473,0.842825841095488,-0.6241265795820968,0.01738759467366891,0.6942928598964463,4.710714130200232,6.718579863816473,0.842825841095488,-0.6241265795820968,0.01738759467366891,10.324135,62.46407,74.777794,8.95081,-6.884116,0.19943571
4.216666886582971,1.397332,-1.3960074,-1.5887201,-1.6771507,-0.0069354284,-0.7649717,0.9665048,-0.53392,-0.30096695,0.055217035,-0.21520497,1.2902478,0.6749125559536819,4.824383478179057,6.752898429603268,0.8455403107034285,-0.6264838757346354,0.01727773920805847,0.6749125559536819,4.824383478179057,6.752898429603268,0.8455403107034285,-0.6264838757346354,0.01727773920805847,10.03595,63.971325,75.15976,8.979638,-6.910117,0.19817567
4.233333554118872,1.413286,-1.4048023,-1.5936551,-1.6762555,-0.010513541,-0.7436839,0.9572675,-0.52312315,-0.2889556,0.06196103,-0.21454096,1.2775403,-0.19414012834539973,5.456900272973522,6.885495661403933,0.8484651813399321,-0.6246449184331263,0.013978936512156372,-0.19414012834539973,5.456900272973522,6.885495661403933,0.8484651813399321,-0.6246449184331263,0.013978936512156372,-2.8868637,72.3585,76.63557,9.0107,-6.8898335,0.1603384
4.250000221654773,1.4294529,-1.4135267,-1.5983543,-1.6751114,-0.014188042,-0.7221238,0.9700319,-0.5189109,-0.27477118,0.0772006,-0.22026438,1.2937295,0.659493944672185,4.987184458368684,6.7925609989628954,0.8482863000557248,-0.6292030147715039,0.017018134217732038,0.659493944672185,4.987184458368684,6.7925609989628954,0.8482863000557248,-0.6292030147715039,0.017018134217732038,9.806675,66.130066,75.601204,9.0088005,-6.9401093,0.195198
4.266666889190674,1.4458222,-1.4221759,-1.602815,-1.6737115,-0.017956996,-0.70030946,0.98202765,-0.5143549,-0.2603649,0.09256891,-0.22590917,1.3088206,0.6363995057588948,5.092589779676895,6.819892465157864,0.8504141970991864,-0.6309040654062252,0.016858417673950726,0.6363995057588948,5.092589779676895,6.819892465157864,0.8504141970991864,-0.6309040654062252,0.016858417673950726,9.463261,67.52774,75.9054,9.031399,-6.958872,0.19336605
4.283333556726575,1.4620186,-1.4306451,-1.6070812,-1.6722001,-0.021709844,-0.678734,0.9718467,-0.5035963,-0.24881633,0.09887575,-0.22503342,1.2947931,-0.23146054050468645,5.644468304618272,6.890721076903638,0.8468417798058462,-0.6224042593298019,0.013207872223625416,-0.23146054050468645,5.644468304618272,6.890721076903638,0.8468417798058462,-0.6224042593298019,0.013207872223625416,-3.4418182,74.84565,76.693726,8.99346,-6.865119,0.1514943
4.300000224262476,1.4784045,-1.4390343,-1.6111047,-1.670435,-0.025557702,-0.65692055,0.98318386,-0.49882728,-0.23424576,0.114445806,-0.23066925,1.3089268,0.6157716649766729,5.242353758660917,6.848915010985231,0.8523924876067599,-0.632681375401515,0.01651748638103189,0.6157716649766729,5.242353758660917,6.848915010985231,0.8523924876067599,-0.632681375401515,0.01651748638103189,9.156525,69.51361,76.228424,9.052408,-6.9784756,0.18945557
4.316666891798377,1.4949685,-1.4473401,-1.6148832,-1.6684093,-0.029498244,-0.6348881,0.99370253,-0.49374482,-0.21948569,0.13009794,-0.23620744,1.3219376,0.5890887939617309,5.339742462020115,6.869956510943115,0.8540535152744215,-0.633817138395197,0.01630637057469841,0.5890887939617309,5.339742462020115,6.869956510943115,0.8540535152744215,-0.633817138395197,0.01630637057469841,8.75975,70.804985,76.462616,9.070048,-6.991003,0.18703407
4.333333559334278,1.511344,-1.4554662,-1.6184762,-1.6662787,-0.033418816,-0.61311483,0.98258346,-0.4830699,-0.20843664,0.13591842,-0.23510602,1.3066617,-0.27203152623846777,5.813722912542421,6.882543298219199,0.8444751049839171,-0.6192367290866884,0.012340983205394528,-0.27203152623846777,5.813722912542421,6.882543298219199,0.8444751049839171,-0.6192367290866884,0.012340983205394528,-4.045109,77.089966,76.60271,8.968326,-6.830181,0.14155108
4.350000226870179,1.5278844,-1.4635062,-1.6218222,-1.6638914,-0.037432317,-0.5911385,0.99237627,-0.47780815,-0.19353409,0.15172547,-0.24061249,1.3186953,0.5633658824066388,5.477358672773496,6.890049306315981,0.8555242570780092,-0.6348491471568132,0.015883733629660703,0.5633658824066388,5.477358672773496,6.890049306315981,0.8555242570780092,-0.6348491471568132,0.015883733629660703,8.377251,72.629776,76.68625,9.085668,-7.002386,0.18218642
4.36666689440608,1.5445746,-1.4714537,-1.6249174,-1.66124,-0.04153605,-0.56897825,1.0013032,-0.47225988,-0.17847285,0.1675681,-0.24600254,1.3295908,0.5331479388751996,5.567517863139847,6.905835915125926,0.8568676627063931,-0.6355298613810259,0.0156238986911624,0.5331479388751996,5.567517863139847,6.905835915125926,0.8568676627063931,-0.6355298613810259,0.0156238986911624,7.92791,73.82529,76.86195,9.099935,-7.0098944,0.17920612
4.383333561941981,1.5610613,-1.4792236,-1.6278343,-1.6584922,-0.04561572,-0.5470968,0.989257,-0.46171522,-0.16794986,0.17285575,-0.24466293,1.3131373,-0.3152117443790192,5.96614509686086,6.863824890630264,0.8417400712122801,-0.6154646575180704,0.011380448118956481,-0.3152117443790192,5.96614509686086,6.863824890630264,0.8417400712122801,-0.6154646575180704,0.011380448118956481,-4.6871986,79.111084,76.39437,8.93928,-6.788575,0.13053374
4.400000229477882,1.5776854,-1.4868996,-1.6304996,-1.655486,-0.049785513,-0.52504784,0.9973998,-0.4560228,-0.15277287,0.18880646,-0.24999729,1.3230392,0.5028040359384195,5.693712421492035,6.918478226297521,0.8580270684596061,-0.635978425510991,0.015119158556488356,0.5028040359384195,5.693712421492035,6.918478226297521,0.8580270684596061,-0.635978425510991,0.015119158556488356,7.476696,75.49863,77.00266,9.112247,-7.014842,0.17341675
4.4166668970137835,1.5944308,-1.4944775,-1.632911,-1.652213,-0.054042347,-0.5028504,1.0046333,-0.4500784,-0.1374687,0.2047445,-0.25519583,1.3317947,0.4692860072943374,5.776619659469858,6.929585747320375,0.8591279247161808,-0.6362702342886765,0.014810288794267249,0.4692860072943374,5.776619659469858,6.929585747320375,0.8591279247161808,-0.6362702342886765,0.014810288794267249,6.978283,76.59798,77.12629,9.123939,-7.0180607,0.16987401
4.4333335645496845,1.6109579,-1.5018804,-1.6351522,-1.6488528,-0.058270875,-0.4809504,0.99167955,-0.43970662,-0.12749958,0.2094558,-0.25360617,1.3142401,-0.3603290693825656,6.103092728696797,6.837047977910208,0.8389138008017101,-0.6113499375980547,0.010328837966752654,-0.3603290693825656,6.103092728696797,6.837047977910208,0.8389138008017101,-0.6113499375980547,0.010328837966752654,-5.3580933,80.92701,76.096344,8.909265,-6.74319,0.11847177
4.450000232085586,1.6275926,-1.5091848,-1.6371399,-1.6452347,-0.06258599,-0.4589187,0.9980705,-0.43365088,-0.1121024,0.22545183,-0.25872514,1.3219944,0.43433727477329565,5.892596237619898,6.9365049843732445,0.8601666394824588,-0.6362953082280924,0.014225565670050011,0.43433727477329565,5.892596237619898,6.9365049843732445,0.8601666394824588,-0.6362953082280924,0.014225565670050011,6.4585953,78.135826,77.2033,9.13497,-7.0183372,0.16316724
4.466666899621487,1.6443204,-1.5163842,-1.6388686,-1.6413493,-0.06698419,-0.4367746,1.0035173,-0.42737192,-0.09660612,0.24138944,-0.26368827,1.3285983,0.3977859589423441,5.969093288231759,6.94398014586141,0.861135040972866,-0.6362922820629905,0.013869954070113696,0.3977859589423441,5.969093288231759,6.94398014586141,0.861135040972866,-0.6362922820629905,0.013869954070113696,5.915077,79.15018,77.2865,9.145254,-7.018304,0.15908837
4.483333567157388,1.6608142,-1.5234125,-1.6404369,-1.6373854,-0.07134971,-0.4149446,0.9896797,-0.41721568,-0.08721734,0.24548578,-0.26183838,1.3100272,-0.4069042911285832,6.2257395610550414,6.804446540003088,0.8361963677990011,-0.6070995590196128,0.009190059269420355,-0.4069042911285832,6.2257395610550414,6.804446540003088,0.8361963677990011,-0.6070995590196128,0.009190059269420355,-6.050667,82.55331,75.73349,8.880405,-6.696308,0.10540998
4.500000234693289,1.6773856,-1.5303365,-1.6417491,-1.6331658,-0.07579749,-0.3930188,0.9942288,-0.41086268,-0.07165295,0.26142853,-0.26669717,1.3156265,0.3584619969750862,6.075304126307975,6.946333399358785,0.8621407093974831,-0.635990876018839,0.013205557152200181,0.3584619969750862,6.075304126307975,6.946333399358785,0.8621407093974831,-0.635990876018839,0.013205557152200181,5.33033,80.55853,77.31269,9.155934,-7.0149794,0.15146774
4.51666690222919,1.694018,-1.5371529,-1.642801,-1.6286815,-0.08032374,-0.37101647,0.9977988,-0.40432143,-0.056020427,0.27726683,-0.27138057,1.3200784,0.3189394757823008,6.145352439822834,6.950602569991366,0.8630003632798707,-0.6357269079600911,0.012804241729177592,0.3189394757823008,6.145352439822834,6.950602569991366,0.8630003632798707,-0.6357269079600911,0.012804241729177592,4.74263,81.48737,77.36021,9.165064,-7.012068,0.14686465
4.533333569765091,1.710403,-1.5437999,-1.6437012,-1.6241286,-0.08481269,-0.34934375,0.9831133,-0.3944179,-0.04723021,0.28071412,-0.2692607,1.3005799,-0.4542624621721587,6.335472233514801,6.768330645154214,0.8337432157297369,-0.6028929301423586,0.007969322886379677,-0.4542624621721587,6.335472233514801,6.768330645154214,0.8337432157297369,-0.6028929301423586,0.007969322886379677,-6.754883,84.00836,75.33152,8.854353,-6.649909,0.09140813
4.550000237300992,1.7268332,-1.5503395,-1.6443444,-1.6193221,-0.08937889,-0.32761112,0.9857381,-0.38783875,-0.03155158,0.2965083,-0.27381456,1.3040305,0.2755504369575383,6.242620315666832,6.949709389301859,0.8640490458285517,-0.6351917090463509,0.012063720274096275,0.2755504369575383,6.242620315666832,6.949709389301859,0.8640490458285517,-0.6351917090463509,0.012063720274096275,4.097435,82.777145,77.350266,9.176201,-7.0061646,0.13837087
4.566666904836893,1.7432914,-1.5567681,-1.6447246,-1.6142532,-0.09401817,-0.30583757,0.98735726,-0.38110384,-0.015832646,0.31214842,-0.27817407,1.3063433,0.233359423434085,6.306716435635252,6.95151288768566,0.8648373088369712,-0.6347177251295296,0.011619372064379265,0.233359423434085,6.306716435635252,6.95151288768566,0.8648373088369712,-0.6347177251295296,0.011619372064379265,3.4700546,83.62706,77.37034,9.184572,-7.0009365,0.1332742
4.583333572372794,1.7594888,-1.5630331,-1.644964,-1.6091263,-0.098615445,-0.28440747,0.97186273,-0.37149292,-0.00766356,0.31491062,-0.2757768,1.2860085,-0.5020567452097869,6.4327562196941575,6.730030810415262,0.831546801407234,-0.5987995663017764,0.0066675823880156535,-0.5020567452097869,6.4327562196941575,6.730030810415262,0.831546801407234,-0.5987995663017764,0.0066675823880156535,-7.465584,85.29835,74.90524,8.831027,-6.604759,0.07647717
4.600000239908695,1.7756981,-1.5691897,-1.6449454,-1.6037507,-0.103284165,-0.26295292,0.97249424,-0.36475423,0.008079524,0.33045328,-0.27998105,1.2873296,0.18609155322692503,6.3957340936675156,6.948379557730373,0.8659363690967166,-0.6339967196785312,0.010806088252179812,0.18609155322692503,6.3957340936675156,6.948379557730373,0.8659363690967166,-0.6339967196785312,0.010806088252179812,2.7671814,84.807434,77.335464,9.196244,-6.992984,0.12394583
4.616666907444596,1.7919017,-1.5752323,-1.6446635,-1.5981181,-0.10801977,-0.24149282,0.9720977,-0.35788983,0.023833197,0.3457966,-0.28397155,1.2875253,0.14138340388838685,6.454245680957179,6.9482164134448,0.8666521636330701,-0.6333350270635306,0.010321227591663417,0.14138340388838685,6.454245680957179,6.9482164134448,0.8666521636330701,-0.6333350270635306,0.010321227591663417,2.1023712,85.5833,77.33365,9.203846,-6.9856853,0.11838448
4.633333574980497,1.8078328,-1.5811158,-1.6442506,-1.5924388,-0.11270868,-0.22038847,0.9558428,-0.34860256,0.03136746,0.34784696,-0.28129128,1.266452,-0.5497884333494453,6.518985063601763,6.691349163209653,0.8296219418053349,-0.5948987530235367,0.005294243563957181,-0.5497884333494453,6.518985063601763,6.691349163209653,0.8296219418053349,-0.5948987530235367,0.005294243563957181,-8.175354,86.44174,74.47472,8.810585,-6.5617332,0.060724974
4.650000242516398,1.8237408,-1.5868888,-1.643579,-1.5865176,-0.11746246,-0.19929475,0.9544191,-0.34177303,0.047124542,0.36304224,-0.28510144,1.265672,0.09041935626339737,6.535233487550669,6.943520874133114,0.86774233370851,-0.6324363424901193,0.009439629685286345,0.09041935626339737,6.535233487550669,6.943520874133114,0.86774233370851,-0.6324363424901193,0.009439629685286345,1.3445358,86.657196,77.28139,9.215424,-6.975773,0.10827255
4.6666669100522995,1.8396089,-1.5925473,-1.642644,-1.5803444,-0.122276254,-0.17823014,0.9519522,-0.3348525,0.062863305,0.37799314,-0.28867888,1.263788,0.04352602929818847,6.588034536324296,6.941651569650928,0.8683394128544407,-0.631583396240677,0.008916834072123014,0.04352602929818847,6.588034536324296,6.941651569650928,0.8683394128544407,-0.631583396240677,0.008916834072123014,0.64723206,87.35734,77.26058,9.221765,-6.966365,0.10227609
4.683333577588201,1.8551924,-1.5980527,-1.6415889,-1.5741374,-0.12703846,-0.15753187,0.9349898,-0.3259215,0.06974597,0.37930596,-0.28571153,1.2420735,-0.5971127415793649,6.594370501073777,6.65302602214419,0.827814540396078,-0.5911566837203579,0.0038552512889752305,-0.5971127415793649,6.594370501073777,6.65302602214419,0.827814540396078,-0.5911566837203579,0.0038552512889752305,-8.879066,87.44135,74.04818,8.79139,-6.520458,0.044219732
4.700000245124102,1.8707188,-1.6034479,-1.6402773,-1.5676949,-0.13185833,-0.13687856,0.9314627,-0.31906998,0.08546849,0.39405736,-0.28908342,1.2392349,-0.010882790006882566,6.661605259591818,6.936071760892225,0.8693384360907891,-0.6305017583713896,0.007973116381644371,-0.010882790006882566,6.661605259591818,6.936071760892225,0.8693384360907891,-0.6305017583713896,0.007973116381644371,-0.16182709,88.332886,77.19848,9.232374,-6.9544344,0.091451645
4.716666912660003,1.8861701,-1.6087289,-1.6387026,-1.5610096,-0.13673058,-0.1162883,0.92688155,-0.3121589,0.10114816,0.4085176,-0.2922048,1.2353166,-0.05977350990485247,6.709096802126049,6.93296242274364,0.8697824963068559,-0.6294631785084093,0.0074171354797682556,-0.05977350990485247,6.709096802126049,6.93296242274364,0.8697824963068559,-0.6294631785084093,0.0074171354797682556,-0.8888321,88.96262,77.16387,9.23709,-6.942979,0.085074544
4.733333580195904,1.9013244,-1.6138622,-1.6370187,-1.5543027,-0.14154643,-0.096073285,0.90926945,-0.30361086,0.10737107,0.40907505,-0.28894797,1.2130624,-0.6436818064501724,6.6597991759241255,6.61606355925883,0.8259789418365996,-0.5875418862751799,0.002361102632158407,-0.6436818064501724,6.6597991759241255,6.61606355925883,0.8259789418365996,-0.5875418862751799,0.002361102632158407,-9.571548,88.30894,73.63679,8.771896,-6.480587,0.027081847
4.750000247731805,1.9163858,-1.6188874,-1.635079,-1.5473701,-0.14641179,-0.075936764,0.9036051,-0.29680514,0.123015225,0.4232875,-0.29183888,1.208216,-0.1171186456122331,6.775291868644243,6.926782818817385,0.8705426519648953,-0.6281560481080983,0.006418926568268275,-0.1171186456122331,6.775291868644243,6.926782818817385,0.8705426519648953,-0.6281560481080983,0.006418926568268275,-1.7415543,89.84037,77.09509,9.245163,-6.928561,0.07362509
4.766666915267706,1.9313372,-1.6237992,-1.6328775,-1.5402036,-0.15132129,-0.0558963,0.89688087,-0.28996935,0.13858926,0.43716738,-0.294462,1.202321,-0.16775330041347933,6.817612568897,6.922571228520889,0.8707545795907634,-0.626908057620065,0.005835206381840194,-0.16775330041347933,6.817612568897,6.922571228520889,0.8707545795907634,-0.626908057620065,0.005835206381840194,-2.4944916,90.40154,77.04822,9.247414,-6.914796,0.06692982
4.783333582803607,1.9459829,-1.6285701,-1.6305777,-1.5330276,-0.15616967,-0.03623823,0.8786873,-0.28182897,0.14414205,0.43695405,-0.29091582,1.1796294,-0.6888424861166569,6.71538731271505,6.580672216972357,0.8238442200051863,-0.5839488772187359,0.0008213281007881464,-0.6888424861166569,6.71538731271505,6.580672216972357,0.8238442200051863,-0.5839488772187359,0.0008213281007881464,-10.243088,89.046036,73.24288,8.749226,-6.440956,0.009420633
4.800000250339508,1.960499,-1.6332341,-1.6280234,-1.5256368,-0.1610589,-0.016691132,0.8708585,-0.2751338,0.15966187,0.45053488,-0.29328415,1.1728386,-0.22787005611129793,6.876652345038827,6.915939207668252,0.8710950107897742,-0.6253117122978702,0.0047901140261236855,-0.22787005611129793,6.876652345038827,6.915939207668252,0.8710950107897742,-0.6253117122978702,0.0047901140261236855,-3.3884277,91.18441,76.9744,9.251029,-6.897188,0.054942608
4.816666917875409,1.9748682,-1.6377878,-1.6252112,-1.5180233,-0.16598319,0.0027280205,0.8619706,-0.2684405,0.17508551,0.46374193,-0.295368,1.1650349,-0.2798684587715934,6.913633619857949,6.910626736184229,0.8709695604112414,-0.6238182565891408,0.004183528936730329,-0.2798684587715934,6.913633619857949,6.910626736184229,0.8709695604112414,-0.6238182565891408,0.004183528936730329,-4.161644,91.67478,76.915276,9.249697,-6.8807154,0.047985077
4.83333358541131,1.9889231,-1.6422079,-1.6223122,-1.5104128,-0.17084152,0.021759346,0.8432705,-0.2607291,0.17996463,0.4627465,-0.291534,1.1420093,-0.7320314264970894,6.761533066877592,6.547104251995241,0.8211389997809172,-0.5802645644380737,-0.0007495738780280249,-0.7320314264970894,6.761533066877592,6.547104251995241,0.8211389997809172,-0.5802645644380737,-0.0007495738780280249,-10.885307,89.65793,72.86927,8.720496,-6.400318,-0.008597612
4.850000252947211,2.0028129,-1.6465251,-1.6191618,-1.5025986,-0.17573133,0.04064841,0.8332673,-0.2542083,0.19532149,0.4756063,-0.29333997,1.1333449,-0.34215961756446495,6.965850093605652,6.90376302302687,0.8707136308630533,-0.6218803869197289,0.003102684187286297,-0.34215961756446495,6.965850093605652,6.90376302302687,0.8707136308630533,-0.6218803869197289,0.003102684187286297,-5.0879135,92.36717,76.83888,9.246979,-6.8593407,0.035587788
4.866666920483112,2.0165188,-1.6507338,-1.6157551,-1.4945748,-0.1806466,0.05937889,0.8222117,-0.24771787,0.21055967,0.48805118,-0.29484653,1.123707,-0.3951574863005422,6.997737625605381,6.89749841955687,0.8701593862415035,-0.6201181212880886,0.002479262214800328,-0.3951574863005422,6.997737625605381,6.89749841955687,0.8701593862415035,-0.6201181212880886,0.002479262214800328,-5.875992,92.79,76.76916,9.241093,-6.839903,0.028437138
4.883333588019013,2.0299032,-1.6548167,-1.6122729,-1.4865685,-0.18549117,0.07771791,0.8030817,-0.240454,0.21476062,0.4862674,-0.290729,1.1004543,-0.7728735712765846,6.7983440324371935,6.5150888996518415,0.8175237479631959,-0.5763319331953338,-0.0023376245340681534,-0.7728735712765846,6.7983440324371935,6.5150888996518415,0.8175237479631959,-0.5763319331953338,-0.0023376245340681534,-11.49263,90.14604,72.51294,8.682102,-6.356941,-0.026812553
4.9000002555549145,2.0430882,-1.6587999,-1.6085416,-1.4783714,-0.19035715,0.09588467,0.7909049,-0.23416992,0.2299144,0.49832273,-0.29193515,1.089997,-0.459143838067943,7.0428419616607165,6.889995153380854,0.8690546685917454,-0.6177357511961341,0.0013733076446453382,-0.459143838067943,7.0428419616607165,6.889995153380854,0.8690546685917454,-0.6177357511961341,0.0013733076446453382,-6.827469,93.388084,76.685646,9.229361,-6.8136253,0.015751839
4.9166669230908155,2.056053,-1.6626804,-1.6045591,-1.4699776,-0.19523835,0.11386367,0.777686,-0.22794737,0.2449254,0.50992537,-0.29282725,1.0786113,-0.5127999793785727,7.06936820420025,6.8825247902540285,0.8679343257695717,-0.6156492535892878,0.0007392015265919586,-0.5127999793785727,7.06936820420025,6.8825247902540285,0.8679343257695717,-0.6156492535892878,0.0007392015265919586,-7.6253357,93.73982,76.6025,9.217463,-6.7906113,0.0084786415
4.933333590626717,2.0686893,-1.6664424,-1.6005121,-1.4616148,-0.20004429,0.1314493,0.75820625,-0.2211437,0.2484494,0.5073515,-0.28843313,1.0552354,-0.810813262467426,6.826219515563136,6.484432854528161,0.8126805731132206,-0.5720122986669878,-0.003924781380265093,-0.810813262467426,6.826219515563136,6.484432854528161,0.8126805731132206,-0.5720122986669878,-0.003924781380265093,-12.056793,90.51567,72.17174,8.630668,-6.3092957,-0.045017242
4.950000258162618,2.081089,-1.6701101,-1.5962193,-1.4530758,-0.20486093,0.14883417,0.7438692,-0.21515617,0.2633652,0.51851976,-0.2890035,1.0430737,-0.5778458267550542,7.107728638800022,6.8743812855791635,0.8657837991660599,-0.6127624650057727,-0.000377603479333826,-0.5778458267550542,7.107728638800022,6.8743812855791635,0.8657837991660599,-0.6127624650057727,-0.000377603479333826,-8.592567,94.24848,76.51186,9.194624,-6.75877,-0.004331112
4.966666925698519,2.093236,-1.6736801,-1.5916797,-1.4443564,-0.20968208,0.1660036,0.7285119,-0.20925675,0.2781158,0.52920014,-0.2892478,1.0300322,-0.6314496346263976,7.129093820333122,6.865701049914364,0.863990945331121,-0.6103315898103273,-0.0010158876387472244,-0.6314496346263976,7.129093820333122,6.865701049914364,0.863990945331121,-0.6103315898103273,-0.0010158876387472244,-9.389656,94.531784,76.41525,9.175584,-6.7319574,-0.011652231
4.98333359323442,2.1050487,-1.67714,-1.587086,-1.4356822,-0.21442367,0.1827795,0.70876765,-0.20292507,0.28096434,0.5258431,-0.2845856,1.0066359,-0.8451481032227219,6.8451111852493405,6.454482168521521,0.8062531494600401,-0.56713930823429,-0.005494935053166038,-0.8451481032227219,6.8451111852493405,6.454482168521521,0.8062531494600401,-0.56713930823429,-0.005494935053166038,-12.567352,90.766174,71.83839,8.562408,-6.2555466,-0.063026905
5.000000260770321,2.116588,-1.6805114,-1.5822517,-1.4268459,-0.2191647,0.19932784,0.69229615,-0.1972901,0.2956066,0.5360513,-0.28448784,0.99286896,-0.6971188656179074,7.1605578806605275,6.856403196597035,0.8605541257983996,-0.6068465716170919,-0.002130863452435787,-0.6971188656179074,7.1605578806605275,6.856403196597035,0.8605541257983996,-0.6068465716170919,-0.002130863452435787,-10.366158,94.949,76.31177,9.139085,-6.6935177,-0.024441004
5.016666928306222,2.1278384,-1.683792,-1.5771745,-1.4178452,-0.22389893,0.2156347,0.6748328,-0.19176942,0.31006598,0.5457366,-0.2840526,0.9782712,-0.7501429010736277,7.176801126287354,6.846418492127835,0.8579849523339569,-0.604041835338769,-0.002765385295997626,-0.7501429010736277,7.176801126287354,6.846418492127835,0.8579849523339569,-0.604041835338769,-0.002765385295997626,-11.154625,95.16438,76.20064,9.1118,-6.6625814,-0.03171897
5.033333595842123,2.138757,-1.6869689,-1.5720557,-1.4089035,-0.2285493,0.23154959,0.65492225,-0.18591549,0.31224215,0.5416028,-0.2791338,0.954958,-0.8747688298587761,6.855306150686687,6.424641159345518,0.7979203527705594,-0.5615826638741377,-0.007029232400962344,-0.8747688298587761,6.855306150686687,6.424641159345518,0.7979203527705594,-0.5615826638741377,-0.007029232400962344,-13.0078125,90.90136,71.506256,8.473914,-6.194257,-0.080625296
5.050000263378024,2.1493647,-1.6900644,-1.566701,-1.3998171,-0.23318753,0.24721175,0.6363505,-0.18068866,0.32658362,0.5507775,-0.27833796,0.9396867,-0.815939374152814,7.201388950261595,6.835567340696596,0.8530510796440973,-0.599893654678912,-0.003866371946326524,-0.815939374152814,7.201388950261595,6.835567340696596,0.8530510796440973,-0.599893654678912,-0.003866371946326524,-12.1330185,95.49042,76.079865,9.059402,-6.616827,-0.044347286
5.066666930913925,2.1596503,-1.6930761,-1.5611079,-1.3905839,-0.23780715,0.2626082,0.6168221,-0.17560036,0.34072492,0.5594012,-0.2771956,0.92364174,-0.8677602535778833,7.212556289511748,6.8240821200882325,0.8496045617284973,-0.5966949981661785,-0.004489253475651495,-0.8677602535778833,7.212556289511748,6.8240821200882325,0.8496045617284973,-0.5966949981661785,-0.004489253475651495,-12.903595,95.6385,75.952034,9.0228,-6.581546,-0.051491737
5.083333598449826,2.1696007,-1.6959937,-1.5554845,-1.3814217,-0.24233893,0.2776159,0.5968334,-0.17023075,0.3422363,0.5545067,-0.27203274,0.9005123,-0.8995322950269524,6.8569505556316575,6.394161968111241,0.7874032647371741,-0.5552076580085651,-0.008507957641415317,-0.8995322950269524,6.8569505556316575,6.394161968111241,0.7874032647371741,-0.5552076580085651,-0.008507957641415317,-13.376045,90.923164,71.16702,8.362223,-6.1239405,-0.097586274
5.100000265985727,2.1792078,-1.6988379,-1.5496316,-1.3721327,-0.24684644,0.2923476,0.5762198,-0.16545974,0.3562494,0.56258214,-0.27051347,0.88384616,-0.9324638813072672,7.230494572566106,6.811321220843511,0.843001220185878,-0.5918456982831358,-0.0055631556091042525,-0.9324638813072672,7.230494572566106,6.811321220843511,0.843001220185878,-0.5918456982831358,-0.0055631556091042525,-13.865738,95.87636,75.810005,8.952673,-6.528058,-0.063809395
5.116666933521628,2.1884568,-1.7016062,-1.5435452,-1.3627156,-0.2513231,0.3067912,0.5546857,-0.16084895,0.37004757,0.5700807,-0.26863882,0.86646503,-0.9827670909930334,7.236858730402467,6.798230605626684,0.8386092895392869,-0.5882411033374444,-0.00616597838264605,-0.9827670909930334,7.236858730402467,6.798230605626684,0.8386092895392869,-0.5882411033374444,-0.00616597838264605,-14.613747,95.96075,75.66431,8.906031,-6.4882994,-0.07072377
5.1333336010575294,2.19737,-1.7042865,-1.5374396,-1.3533837,-0.25570822,0.32085094,0.5347206,-0.15596074,0.3709056,0.5644416,-0.26324874,0.84361595,-0.9182758754584,6.850851642959618,6.362584637610203,0.7745039665092857,-0.5479529027169332,-0.009912257622716317,-0.9182758754584,6.850851642959618,6.362584637610203,0.7745039665092857,-0.5479529027169332,-0.009912257622716317,-13.654762,90.84229,70.81557,8.225232,-6.0439205,-0.113693595
5.1500002685934305,2.2059095,-1.7069032,-1.531109,-1.343944,-0.26005659,0.33461323,0.5121338,-0.15169519,0.3845669,0.57136154,-0.26098278,0.8256724,-1.0454132962563571,7.24787071999022,6.782962219841504,0.8301682840408354,-0.5826522087034915,-0.007200022832975246,-1.0454132962563571,7.24787071999022,6.782962219841504,0.8301682840408354,-0.5826522087034915,-0.007200022832975246,-15.545296,96.106766,75.49437,8.816387,-6.426654,-0.08258426
5.166666936129332,2.2140596,-1.7094518,-1.5245517,-1.3343953,-0.26436147,0.348067,0.48866463,-0.14760776,0.39799675,0.5776828,-0.25835553,0.8070722,-1.0937996654600286,7.249680255872631,6.768053025676662,0.8247709543691517,-0.5786409836299616,-0.007777195342645087,-1.0937996654600286,7.249680255872631,6.768053025676662,0.8247709543691517,-0.5786409836299616,-0.007777195342645087,-16.264801,96.13076,75.32843,8.759068,-6.38241,-0.08920443
5.183333603665233,2.2218747,-1.7119219,-1.517985,-1.3249446,-0.26857156,0.36114347,0.46881944,-0.14320086,0.39821246,0.5713251,-0.25275654,0.7845987,-0.9306327240051804,6.8371555564270485,6.32899542274715,0.7590371112141008,-0.5397383343168313,-0.011227290944213335,-0.9306327240051804,6.8371555564270485,6.32899542274715,0.7590371112141008,-0.5397383343168313,-0.011227290944213335,-13.838509,90.66068,70.44172,8.060974,-5.953314,-0.12877703
5.200000271201134,2.2292848,-1.7143353,-1.5111995,-1.3154049,-0.27273187,0.3739029,0.44433245,-0.13947928,0.41149852,0.57703817,-0.24972467,0.7654948,-1.1538374079259837,7.2544259003744225,6.750098243021044,0.8144321190210835,-0.5723207081218038,-0.008759263711279126,-1.1538374079259837,7.2544259003744225,6.750098243021044,0.8144321190210835,-0.5723207081218038,-0.008759263711279126,-17.157562,96.19369,75.12859,8.649269,-6.3126974,-0.100468755
5.216666938737035,2.2362728,-1.7166913,-1.5041941,-1.3057767,-0.27683607,0.38633543,0.41901198,-0.13595934,0.42454123,0.5821305,-0.24632865,0.74579734,-1.19944394797227,7.251453543500483,6.733097648791975,0.8079717388260836,-0.567906830165998,-0.009304674792102657,-1.19944394797227,7.251453543500483,6.733097648791975,0.8079717388260836,-0.567906830165998,-0.009304674792102657,-17.835732,96.154274,74.93938,8.58066,-6.2640123,-0.10672462
5.233333606272936,2.2429338,-1.7189765,-1.4971907,-1.2962588,-0.2808424,0.3983985,0.39939272,-0.13202628,0.424127,0.57508165,-0.24054061,0.72378993,-0.9356667390988831,6.816793243270115,6.292954930719339,0.7409457657521279,-0.5305634340370988,-0.012437457506201427,-0.9356667390988831,6.816793243270115,6.292954930719339,0.7409457657521279,-0.5305634340370988,-0.012437457506201427,-13.913364,90.39068,70.04059,7.868844,-5.8521147,-0.14265764
5.250000273808837,2.249155,-1.7212155,-1.4899755,-1.2866724,-0.28478596,0.41012734,0.37308982,-0.12888964,0.4370235,0.5795409,-0.2367285,0.7036503,-1.256418131948239,7.250525473109917,6.712289212099196,0.7957201668547148,-0.560884743739774,-0.010224186864851242,-1.256418131948239,7.250525473109917,6.712289212099196,0.7957201668547148,-0.560884743739774,-0.010224186864851242,-18.682938,96.14197,74.70778,8.450548,-6.1865587,-0.11727142
5.266666941344738,2.2549262,-1.7234062,-1.4825456,-1.2770191,-0.28866023,0.42151296,0.34601498,-0.12596968,0.4496661,0.5833643,-0.23255016,0.6829785,-1.298405455516823,7.243501366892911,6.693317862319603,0.7882295130785352,-0.5561193118609846,-0.010731954000883758,-1.298405455516823,7.243501366892911,6.693317862319603,0.7882295130785352,-0.5561193118609846,-0.010731954000883758,-19.30729,96.04883,74.49663,8.370997,-6.133996,-0.12309551
5.283333608880639,2.2603753,-1.7255332,-1.4751285,-1.267488,-0.29243404,0.43253842,0.32672283,-0.122501425,0.44863805,0.575659,-0.22659652,0.66152483,-0.9331598647424818,6.790714062536824,6.254069695896858,0.7202673766572597,-0.5204550050543528,-0.01352933976789506,-0.9331598647424818,6.790714062536824,6.254069695896858,0.7202673766572597,-0.5204550050543528,-0.01352933976789506,-13.876087,90.04487,69.607796,7.6492395,-5.7406187,-0.15518153
5.30000027641654,2.265359,-1.7276255,-1.4675049,-1.2579087,-0.29613194,0.4432145,0.29871044,-0.11998488,0.4611297,0.5788293,-0.22199363,0.6404733,-1.3514423177958979,7.236924322482148,6.6691889595792615,0.7740546979024137,-0.5484210072272708,-0.011581468291145463,-1.3514423177958979,7.236924322482148,6.6691889595792615,0.7740546979024137,-0.5484210072272708,-0.011581468291145463,-20.095947,95.96162,74.22807,8.220461,-6.0490837,-0.13283944
5.316666943952441,2.2698634,-1.7296801,-1.4596759,-1.2482847,-0.29974726,0.45353308,0.2699804,-0.117697395,0.47335464,0.58135,-0.21702535,0.6189552,-1.3899115002548126,7.226315666647518,6.648133750017548,0.7655704088803739,-0.5433351476951177,-0.012047060074344758,-1.3899115002548126,7.226315666647518,6.648133750017548,0.7655704088803739,-0.5433351476951177,-0.012047060074344758,-20.667984,95.820946,73.99373,8.130358,-5.9929867,-0.13817978
5.333333611488342,2.2740536,-1.7316785,-1.4518689,-1.2387934,-0.30325973,0.46350256,0.25111696,-0.11468027,0.47173294,0.57302475,-0.21093065,0.5981379,-0.9227880953780421,6.760244240048784,6.212214275404663,0.6971348027949504,-0.5094878368775411,-0.01449362547790474,-0.9227880953780421,6.760244240048784,6.212214275404663,0.6971348027949504,-0.5094878368775411,-0.01449362547790474,-13.721859,89.64084,69.141945,7.4035716,-5.619651,-0.16624188
5.350000279024243,2.2777493,-1.7336531,-1.4438618,-1.2292747,-0.306683,0.47310922,0.22150286,-0.11281095,0.48380825,0.5748751,-0.20553206,0.57630086,-1.4383219838863905,7.215052240754325,6.6208447835944515,0.7495944333839776,-0.5350508045739514,-0.012819197454344426,-1.4383219838863905,7.215052240754325,6.6208447835944515,0.7495944333839776,-0.5350508045739514,-0.012819197454344426,-21.387848,95.67159,73.69,7.960693,-5.9016104,-0.1470362
5.366666946560144,2.2809415,-1.7356014,-1.4356569,-1.2197344,-0.3100106,0.48234624,0.19124092,-0.11118258,0.49560815,0.5760657,-0.1997704,0.5540627,-1.4723289710367455,7.201237052813914,6.597760552665936,0.7401826017993992,-0.5297038302244323,-0.013239589481636452,-1.4723289710367455,7.201237052813914,6.597760552665936,0.7401826017993992,-0.5297038302244323,-0.013239589481636452,-21.893532,95.4884,73.433075,7.860739,-5.8426332,-0.15185809
5.3833336140960455,2.2838275,-1.7374994,-1.4274832,-1.2103374,-0.31323382,0.49124637,0.17290942,-0.10859913,0.4934099,0.56716067,-0.19356097,0.53395873,-0.9043192655028477,6.7266306006890435,6.16720633151182,0.6717537756020067,-0.4977537952329717,-0.015324930990895916,-0.9043192655028477,6.7266306006890435,6.16720633151182,0.6717537756020067,-0.4977537952329717,-0.015324930990895916,-13.4472275,89.19512,68.64101,7.134025,-5.4902244,-0.17577696
5.400000281631947,2.2861958,-1.7393848,-1.4191166,-1.2009357,-0.31635427,0.49977255,0.14181884,-0.10740352,0.50505924,0.56766963,-0.1873648,0.51146483,-1.5158139545001996,7.185804502277173,6.567155918556617,0.7225345532548406,-0.5208997648624756,-0.013930598028660236,-1.5158139545001996,7.185804502277173,6.567155918556617,0.7225345532548406,-0.5208997648624756,-0.013930598028660236,-22.540154,95.28377,73.092445,7.673317,-5.7455244,-0.15978396
5.416666949167848,2.2880373,-1.7412552,-1.4105597,-1.1915331,-0.31936565,0.5079191,0.110146165,-0.10645816,0.5164263,0.5675152,-0.18081057,0.48863557,-1.5454310896257146,7.169497390678026,6.542196213824194,0.7123168578929148,-0.515355354855521,-0.01430268275186926,-1.5454310896257146,7.169497390678026,6.542196213824194,0.7123168578929148,-0.515355354855521,-0.01430268275186926,-22.98056,95.067535,72.814644,7.564805,-5.6843696,-0.16405177
5.433333616703749,2.2895815,-1.7430843,-1.4020442,-1.1822844,-0.32227132,0.515742,0.092447534,-0.1042929,0.5136717,0.55807585,-0.17451595,0.4693167,-0.8778198180618748,6.691093502361131,6.119069170544839,0.6444097238745393,-0.4853735808772816,-0.016021614191110173,-0.8778198180618748,6.691093502361131,6.119069170544839,0.6444097238745393,-0.4853735808772816,-0.016021614191110173,-13.053181,88.7239,68.10524,6.8436313,-5.3536706,-0.18376791
5.45000028423965,2.2905855,-1.7449104,-1.3933431,-1.1730516,-0.325061,0.5231821,0.060011692,-0.10378639,0.5248913,0.55722857,-0.16752636,0.44629446,-1.5834728823304578,7.151213310782547,6.5086926839850765,0.6932388366727955,-0.5061583635705444,-0.014909870643249883,-1.5834728823304578,7.151213310782547,6.5086926839850765,0.6932388366727955,-0.5061583635705444,-0.014909870643249883,-23.546242,94.82509,72.44175,7.3621964,-5.5829268,-0.17101622
5.466666951775551,2.2910407,-1.7467333,-1.3844571,-1.1638427,-0.3277286,0.5302347,0.027066426,-0.10354157,0.5358235,0.55571526,-0.16018586,0.42299998,-1.6082984293236697,7.132733030017145,6.481885610136596,0.6823218699453466,-0.5004721561130998,-0.015233757190321877,-1.6082984293236697,7.132733030017145,6.481885610136596,0.6823218699453466,-0.5004721561130998,-0.015233757190321877,-23.915398,94.58004,72.14339,7.2462583,-5.520208,-0.1747312
5.483333619311452,2.2912128,-1.7485214,-1.3756224,-1.154795,-0.33028972,0.5369781,0.010105691,-0.101772465,0.53253186,0.54579234,-0.1538368,0.4045337,-0.8432902661280578,6.655463769604897,6.06819008881191,0.6154951178196909,-0.47250481378135095,-0.016584511726133285,-0.8432902661280578,6.655463769604897,6.06819008881191,0.6154951178196909,-0.47250481378135095,-0.016584511726133285,-12.539726,88.25145,67.538956,6.536558,-5.211728,-0.19022435
5.500000286847353,2.2908266,-1.7503191,-1.3666084,-1.1457866,-0.3327215,0.54333186,-0.023537347,-0.101973504,0.543316,0.54358155,-0.14606166,0.3811083,-1.6409175541870693,7.112198106124211,6.445475644285573,0.6620324039638829,-0.49096463705773585,-0.01575974869333149,-1.6409175541870693,7.112198106124211,6.445475644285573,0.6620324039638829,-0.49096463705773585,-0.01575974869333149,-24.400444,94.30775,71.738144,7.030784,-5.41534,-0.18076432
5.516666954383254,2.2898703,-1.7521256,-1.3574167,-1.1368238,-0.33501825,0.54929245,-0.057618305,-0.10243974,0.553807,0.54070914,-0.13794583,0.35747612,-1.6610882469849373,7.0926959698016825,6.417225634634012,0.6506142643211925,-0.48522607694402786,-0.016033883290178585,-1.6610882469849373,7.0926959698016825,6.417225634634012,0.6506142643211925,-0.48522607694402786,-0.016033883290178585,-24.700382,94.04915,71.42372,6.9095235,-5.3520436,-0.18390864
5.533333621919155,2.2886455,-1.7539016,-1.3482866,-1.1280309,-0.33720827,0.55495924,-0.07374557,-0.10104103,0.55000025,0.53035355,-0.13157447,0.33992207,-0.8015281815775787,6.6216654367576355,6.015121583347372,0.5854576994470284,-0.4593133277927651,-0.017017832816738403,-0.8015281815775787,6.6216654367576355,6.015121583347372,0.5854576994470284,-0.4593133277927651,-0.017017832816738403,-11.918724,87.80328,66.9483,6.217561,-5.066226,-0.19519454
5.550000289455056,2.2868423,-1.7557001,-1.3389852,-1.1192986,-0.33925605,0.5602316,-0.10844902,-0.101961695,0.56034887,0.5267826,-0.12302883,0.3162193,-1.6879683945430712,7.070686374854178,6.378253343827212,0.6293936188836107,-0.47551697206194576,-0.016479702128881772,-1.6879683945430712,7.070686374854178,6.378253343827212,0.6293936188836107,-0.47551697206194576,-0.016479702128881772,-25.10009,93.7573,70.98996,6.68416,-5.244952,-0.18902218
5.566666956990957,2.284457,-1.7575203,-1.3295137,-1.1106359,-0.34115613,0.5651071,-0.14350584,-0.10314754,0.57040304,0.52255535,-0.11415368,0.29237348,-1.7029883481547108,7.05102025833245,6.348962775244973,0.6176544448076668,-0.4698081115971667,-0.016707291058487964,-1.7029883481547108,7.05102025833245,6.348962775244973,0.6176544448076668,-0.4698081115971667,-0.016707291058487964,-25.323437,93.49653,70.663956,6.55949,-5.1819835,-0.19163263
5.583333624526858,2.281817,-1.7593162,-1.3201116,-1.1021495,-0.34294972,0.5697051,-0.15870912,-0.10209279,0.5661084,0.51182383,-0.10779354,0.27578622,-0.7532600756852357,6.5915373835268785,5.960570384228647,0.5547928495820185,-0.44597113878210354,-0.017329497033861687,-0.7532600756852357,6.5915373835268785,5.960570384228647,0.5547928495820185,-0.44597113878210354,-0.017329497033861687,-11.200977,87.403786,66.34115,5.8919,-4.9190617,-0.19876933
5.600000292062759,2.278585,-1.7611458,-1.3105438,-1.0937456,-0.34458864,0.57390606,-0.19431856,-0.10373325,0.5760233,0.5069024,-0.098494954,0.2519287,-1.7247423840274567,7.029006635801106,6.307968317873287,0.5958495616014844,-0.4600155277892015,-0.017076974966885632,-1.7247423840274567,7.029006635801106,6.307968317873287,0.5958495616014844,-0.4600155277892015,-0.017076974966885632,-25.64692,93.20463,70.20769,6.3279223,-5.0739713,-0.1958729
5.6166669595986605,2.2747521,-1.763008,-1.3008133,-1.0854328,-0.3460675,0.5777085,-0.2302013,-0.10564056,0.5856383,0.5013352,-0.08888144,0.22799,-1.7349912724241605,7.0095723930347384,6.2777132786616265,0.583957278795835,-0.45438340222522117,-0.017258454741034802,-1.7349912724241605,7.0095723930347384,6.2777132786616265,0.583957278795835,-0.45438340222522117,-0.017258454741034802,-25.79932,92.94693,69.87095,6.2016263,-5.011849,-0.19795448
5.6333336271345615,2.270684,-1.7648517,-1.291161,-1.0773032,-0.34744072,0.58125055,-0.24437834,-0.10490381,0.58087575,0.49028262,-0.082567915,0.21241724,-0.698512371707139,6.5662809806351925,5.904901852397798,0.5239452570396179,-0.4326166721873141,-0.017530614641716714,-0.698512371707139,6.5662809806351925,5.904901852397798,0.5239452570396179,-0.4326166721873141,-0.017530614641716714,-10.386879,87.068886,65.72156,5.5642986,-4.771762,-0.20107615
5.650000294670463,2.2660105,-1.7667426,-1.2813516,-1.0692779,-0.34864697,0.58439475,-0.28072923,-0.10726672,0.590358,0.48402858,-0.07253969,0.18852365,-1.7513157139709514,6.988291215393159,6.235095604196498,0.5618723996839505,-0.44460486846951497,-0.0175592321464053,-1.7513157139709514,6.988291215393159,6.235095604196498,0.5618723996839505,-0.44460486846951497,-0.0175592321464053,-26.042065,92.66474,69.396614,5.967085,-4.9039917,-0.2014044
5.666666962206364,2.2607272,-1.7686766,-1.2713859,-1.0613654,-0.34968126,0.5871408,-0.31726757,-0.109891064,0.5995426,0.47714344,-0.062212832,0.16460927,-1.7568212430911652,6.970426004217042,6.204601332398009,0.5500637205307094,-0.4391429863079829,-0.017698754823613185,-1.7568212430911652,6.970426004217042,6.204601332398009,0.5500637205307094,-0.4391429863079829,-0.017698754823613185,-26.123932,92.42785,69.05721,5.8416767,-4.843747,-0.20300472
5.683333629742265,2.2552276,-1.7705973,-1.2615061,-1.0536413,-0.3506116,0.5896444,-0.33033732,-0.10944089,0.59433866,0.46583062,-0.05598237,0.15009287,-0.6390703069177666,6.548258118320195,5.849240860849056,0.4934801220220361,-0.4194321463784627,-0.017632937680770754,-0.6390703069177666,6.548258118320195,5.849240860849056,0.4934801220220361,-0.4194321463784627,-0.017632937680770754,-9.502975,86.8299,65.10205,5.240759,-4.6263366,-0.2022498
5.700000297278166,2.2491124,-1.7725763,-1.2514758,-1.0460438,-0.35136303,0.5917513,-0.3672657,-0.11252032,0.60339445,0.45826983,-0.04525316,0.12627828,-1.7684957046354868,6.950781176352753,6.1607401968655235,0.5280249536374195,-0.42946435923157017,-0.017937339692918133,-1.7684957046354868,6.950781176352753,6.1607401968655235,0.5280249536374195,-0.42946435923157017,-0.017937339692918133,-26.297531,92.16736,68.56904,5.607625,-4.736992,-0.20574129
5.716666964814067,2.2423792,-1.7746114,-1.2412963,-1.0385796,-0.35193118,0.59346217,-0.40429395,-0.11585799,0.6121509,0.45009688,-0.034244142,0.10250173,-1.7694856788619862,6.934768078373928,6.130099232306056,0.5164586442563045,-0.42420899122277933,-0.018038914426056946,-1.7694856788619862,6.934768078373928,6.130099232306056,0.5164586442563045,-0.42420899122277933,-0.018038914426056946,-26.312252,91.955025,68.228004,5.484791,-4.679025,-0.20690635
5.733333632349968,2.2354488,-1.7766366,-1.2312102,-1.0313077,-0.35239738,0.5949489,-0.41617215,-0.11566087,0.60652864,0.43858734,-0.02813259,0.08907545,-0.5755598302968172,6.538949221327654,5.794330470109992,0.4638806574762205,-0.4065559003316373,-0.017649655042779683,-0.5755598302968172,6.538949221327654,5.794330470109992,0.4638806574762205,-0.4065559003316373,-0.017649655042779683,-8.558575,86.70647,64.4909,4.9264126,-4.4843116,-0.20244154
5.750000299885869,2.2278965,-1.7787324,-1.2209797,-1.0241821,-0.3526736,0.59604204,-0.4535049,-0.11944826,0.6151637,0.42975247,-0.016736064,0.0654509,-1.7767382213230813,6.917916667587257,6.085674632056168,0.49480758817855924,-0.4147283618058925,-0.018223192552534934,-1.7767382213230813,6.917916667587257,6.085674632056168,0.49480758817855924,-0.4147283618058925,-0.018223192552534934,-26.420097,91.731575,67.73356,5.2548566,-4.574454,-0.20902002
5.76666696742177,2.2197208,-1.7808949,-1.2106091,-1.0172123,-0.35275558,0.5967431,-0.49085018,-0.123485655,0.62349784,0.42032468,-0.0050799754,0.041919958,-1.7735928277000936,6.90466879359917,6.055345560983827,0.48368080412151676,-0.4097367889321294,-0.018291522236419118,-1.7735928277000936,6.90466879359917,6.055345560983827,0.48368080412151676,-0.4097367889321294,-0.018291522236419118,-26.373325,91.55591,67.395996,5.13669,-4.519397,-0.20980376
5.783333634957671,2.2113707,-1.7830528,-1.200338,-1.0104365,-0.35273838,0.59723896,-0.50145715,-0.12350991,0.61748445,0.4086829,0.0008743586,0.029612608,-0.5089993916186376,6.539709859304299,5.7409757766655085,0.4356061895912875,-0.39411615698529934,-0.017595748435754618,-0.5089993916186376,6.539709859304299,5.7409757766655085,0.4356061895912875,-0.39411615698529934,-0.017595748435754618,-7.568821,86.71655,63.89706,4.6261377,-4.347101,-0.20182323
5.800000302493572,2.2023938,-1.7852913,-1.189929,-1.003828,-0.35252067,0.597346,-0.5390229,-0.12798849,0.62570655,0.39861372,0.01290076,0.006282415,-1.7771271306071894,6.8916476150443655,6.010955234743514,0.46274334248400906,-0.4005402299564531,-0.0184295249172367,-1.7771271306071894,6.8916476150443655,6.010955234743514,0.46274334248400906,-0.4005402299564531,-0.0184295249172367,-26.42588,91.38325,66.90193,4.9143343,-4.4179587,-0.21138665
5.816666970029473,2.1927915,-1.7876098,-1.179387,-0.9973961,-0.35209852,0.59706664,-0.5765102,-0.13271047,0.6336283,0.38797906,0.02516395,-0.016900903,-1.7700410803132356,6.881592464303179,5.981227329799107,0.45221996846172097,-0.39584889589173083,-0.01846848099566379,-1.7700410803132356,6.881592464303179,5.981227329799107,0.45221996846172097,-0.39584889589173083,-0.01846848099566379,-26.32051,91.249916,66.57106,4.802576,-4.3662133,-0.21183348
5.833333637565374,2.1830356,-1.7899264,-1.1689522,-0.99115956,-0.35158068,0.59660125,-0.5857752,-0.13291743,0.6272456,0.37626976,0.030922882,-0.028067771,-0.4406501241554409,6.55219479383926,5.690065162843771,0.4091145179590488,-0.38224356020999195,-0.01748514596337116,-0.4406501241554409,6.55219479383926,5.690065162843771,0.4091145179590488,-0.38224356020999195,-0.01748514596337116,-6.5524673,86.8821,63.330425,4.344796,-4.2161465,-0.20055462
5.850000305101275,2.1726518,-1.7923342,-1.1583852,-0.98510957,-0.35085234,0.59575355,-0.62339324,-0.13806824,0.6350654,0.36501688,0.043537665,-0.05100404,-1.7702085986262452,6.873283558841205,5.937423774602706,0.43229203664201354,-0.3870095540908717,-0.01856855392040329,-1.7702085986262452,6.873283558841205,5.937423774602706,0.43229203664201354,-0.3870095540908717,-0.01856855392040329,-26.323002,91.13974,66.08353,4.5909414,-4.2687154,-0.21298131
5.8666669726371765,2.1616433,-1.7948331,-1.1476908,-0.97925514,-0.34991017,0.5945268,-0.6608419,-0.1434518,0.64258456,0.35322648,0.056363385,-0.07374383,-1.75961518175424,6.867129986102764,5.908680904693466,0.42253766356214967,-0.38265965791150647,-0.01858367983320015,-1.75961518175424,6.867129986102764,5.908680904693466,0.42253766356214967,-0.38265965791150647,-0.01858367983320015,-26.165478,91.05814,65.76362,4.48735,-4.220736,-0.21315481
5.883333640173078,2.1505055,-1.7973319,-1.1371096,-0.973597,-0.34887633,0.5931334,-0.6686946,-0.14380752,0.63585514,0.34151506,0.061889224,-0.08375549,-0.3712408480102293,6.5770254235821435,5.642123020991267,0.3847583763567966,-0.37101908153765656,-0.017332136890840406,-0.3712408480102293,6.5770254235821435,5.642123020991267,0.3847583763567966,-0.37101908153765656,-0.017332136890840406,-5.5203514,87.21136,62.79683,4.086134,-4.0923405,-0.19879961
5.900000307708979,2.1387422,-1.7999336,-1.1264038,-0.968144,-0.3476229,0.59136564,-0.70618755,-0.14960897,0.6432775,0.32913306,0.075044446,-0.10620598,-1.7571396048468235,6.863762350643382,5.865614926183105,0.4038438509637578,-0.37421782451225,-0.018654970262189895,-1.7571396048468235,6.863762350643382,5.865614926183105,0.4038438509637578,-0.37421782451225,-0.018654970262189895,-26.128666,91.01349,65.284294,4.2888217,-4.1276226,-0.21397251
5.91666697524488,2.1263564,-1.8026364,-1.1155777,-0.96290463,-0.34614703,0.58922756,-0.743422,-0.15562789,0.65040416,0.31624597,0.08838448,-0.12841167,-1.7435223926372312,6.862414836164334,5.838436322070838,0.39503331911765927,-0.37025787132173266,-0.01864915660078253,-1.7435223926372312,6.862414836164334,5.838436322070838,0.39503331911765927,-0.37025787132173266,-0.01864915660078253,-25.926178,90.99562,64.9818,4.195254,-4.0839443,-0.21390583
5.933333642780781,2.113867,-1.8053424,-1.1048701,-0.9578604,-0.3445842,0.58694255,-0.749802,-0.15609597,0.6433538,0.30459833,0.09363917,-0.13726068,-0.3019316210871827,6.615388735027515,5.5979918062633365,0.3628975478493786,-0.36055123060266214,-0.017149260538811256,-0.3019316210871827,6.615388735027515,5.5979918062633365,0.3628975478493786,-0.36055123060266214,-0.017149260538811256,-4.489723,87.720055,62.30565,3.853972,-3.97688,-0.19670202
5.950000310316682,2.100757,-1.8081605,-1.094044,-0.9530391,-0.34279346,0.58429265,-0.78699076,-0.16251734,0.6503909,0.29114804,0.10728495,-0.15913881,-1.738790320965293,6.864745656469469,5.7966405383553035,0.3778195426064472,-0.36227800364074986,-0.01869934116536467,-1.738790320965293,6.864745656469469,5.7966405383553035,0.3778195426064472,-0.36227800364074986,-0.01869934116536467,-25.855812,91.02653,64.51661,4.0124435,-3.9959264,-0.21448144
5.966666977852583,2.0870311,-1.8110896,-1.0831048,-0.94844896,-0.34077248,0.58128256,-0.8238324,-0.16914202,0.6571337,0.2772281,0.121086426,-0.18072957,-1.7225330919728796,6.868299711523732,5.771098860940307,0.3700453009309069,-0.3587188444025173,-0.018677915711972436,-1.7225330919728796,6.868299711523732,5.771098860940307,0.3700453009309069,-0.3587188444025173,-0.018677915711972436,-25.614067,91.073654,64.23233,3.929881,-3.9566689,-0.2142357
5.983333645388484,2.073228,-1.8140233,-1.0722888,-0.9440523,-0.3386698,0.5781451,-0.8286892,-0.16968541,0.64978683,0.26571068,0.12603189,-0.18841365,-0.23375192422873237,6.667946402663379,5.558214761711731,0.34381840413124104,-0.3509198981636995,-0.016947776572851896,-0.23375192422873237,6.667946402663379,5.558214761711731,0.34381840413124104,-0.3509198981636995,-0.016947776572851896,-3.475891,88.41697,61.86293,3.6513515,-3.8706465,-0.194391
6.000000312924385,2.0588126,-1.8170791,-1.0613608,-0.9398946,-0.33633187,0.5746534,-0.86539614,-0.17669727,0.656448,0.2512616,0.14011306,-0.2096418,-1.7160601638352704,6.876624727321067,5.730863230140597,0.35450449546627183,-0.3512460755307569,-0.018712706740461646,-1.7160601638352704,6.876624727321067,5.730863230140597,0.35450449546627183,-0.3512460755307569,-0.018712706740461646,-25.517815,91.184044,63.784508,3.7648377,-3.8742442,-0.21463475
6.016666980460286,2.0437896,-1.8202549,-1.0503253,-0.9359844,-0.33375692,0.570813,-0.90167135,-0.18389414,0.6628196,0.23637956,0.15432033,-0.23054145,-1.6977193456571538,6.885729943645126,5.707386904542551,0.3478913657409323,-0.34812130067744046,-0.018678783538971344,-1.6977193456571538,6.885729943645126,5.707386904542551,0.3478913657409323,-0.34812130067744046,-0.018678783538971344,-25.245087,91.30478,63.523216,3.6946063,-3.839778,-0.21424565
6.033333647996187,2.0287151,-1.8234376,-1.0394186,-0.93226445,-0.3311062,0.5668647,-0.904959,-0.1844753,0.6551962,0.22505835,0.1589199,-0.2370657,-0.16732693680517613,6.735000495277738,5.523160332939374,0.32774153851295373,-0.34219265416440164,-0.016736284015276374,-0.16732693680517613,6.735000495277738,5.523160332939374,0.32774153851295373,-0.34219265416440164,-0.016736284015276374,-2.4881516,89.30611,61.472775,3.4806151,-3.774385,-0.19196518
6.050000315532088,2.013039,-1.8267505,-1.0284057,-0.928799,-0.3282138,0.56257415,-0.9410065,-0.19203955,0.66149306,0.20968315,0.17337847,-0.2575725,-1.6897467053329376,6.900486435465863,5.669057594155365,0.33419617151809955,-0.34120893435162625,-0.01870361924067516,-1.6897467053329376,6.900486435465863,5.669057594155365,0.33419617151809955,-0.34120893435162625,-0.01870361924067516,-25.126534,91.50045,63.09661,3.5491633,-3.7635345,-0.21453051
6.066666983067989,1.9967691,-1.8301936,-1.0172913,-0.9255958,-0.3250786,0.5579474,-0.97653633,-0.19977067,0.6675022,0.19391653,0.18793163,-0.2777148,-1.6695134176370998,6.91514741601268,5.647702829749972,0.32880535233492236,-0.33852541760110033,-0.018660292847840394,-1.6695134176370998,6.91514741601268,5.647702829749972,0.32880535233492236,-0.33852541760110033,-0.018660292847840394,-24.825665,91.694855,62.858932,3.4919128,-3.7339354,-0.21403356
6.08333365060389,1.9804744,-1.8336422,-1.0063096,-0.9225791,-0.32187414,0.5532321,-0.978217,-0.20034903,0.659625,0.18285644,0.19214953,-0.28308958,-0.10340317993574522,6.817175288365797,5.493440311017169,0.3148814154659063,-0.334455312000873,-0.01652135392740278,-0.10340317993574522,6.817175288365797,5.493440311017169,0.3148814154659063,-0.334455312000873,-0.01652135392740278,-1.5376053,90.395744,61.14199,3.3440406,-3.689042,-0.18949993
6.1000003181397915,1.9635912,-1.8372298,-0.9952276,-0.9198306,-0.3184227,0.5481875,-1.0134344,-0.20842828,0.6655662,0.16663617,0.2069244,-0.3028126,-1.660745001191971,6.936398674460018,5.611437157479258,0.3170835096283821,-0.3322112160386114,-0.018678931641183734,-1.660745001191971,6.936398674460018,5.611437157479258,0.3170835096283821,-0.3322112160386114,-0.018678931641183734,-24.695278,91.97665,62.455296,3.3674269,-3.6642897,-0.21424735
6.116666985675693,1.946129,-1.8409553,-0.9840502,-0.91735786,-0.3147236,0.5428203,-1.0480478,-0.21665314,0.6712229,0.15006651,0.22176093,-0.32213858,-1.638791379947829,6.956874910702712,5.592437017531622,0.31298104877076804,-0.3299868549959074,-0.01862773244653251,-1.638791379947829,6.956874910702712,5.592437017531622,0.31298104877076804,-0.3299868549959074,-0.01862773244653251,-24.368828,92.24816,62.243824,3.3238587,-3.639755,-0.21366009
6.133333653211594,1.92867,-1.8446875,-0.97301024,-0.9150661,-0.31096235,0.53738344,-1.0480905,-0.21719462,0.663111,0.13933212,0.2255621,-0.32638073,-0.042337752382628616,6.91374639220547,5.468930624030456,0.3053173731500371,-0.32773670670344196,-0.016308377749418942,-0.042337752382628616,6.91374639220547,5.468930624030456,0.3053173731500371,-0.32773670670344196,-0.016308377749418942,-0.6295624,91.67628,60.869198,3.2424705,-3.6149359,-0.1870571
6.150000320747495,1.9106392,-1.8485649,-0.9618758,-0.91305536,-0.30694985,0.53163123,-1.0823059,-0.2257435,0.66870785,0.122348934,0.24058832,-0.34526503,-1.6294303642637231,6.9850231187915375,5.5586034289803035,0.30335230566912,-0.3243286395656555,-0.01864255176176688,-1.6294303642637231,6.9850231187915375,5.5586034289803035,0.30335230566912,-0.3243286395656555,-0.01864255176176688,-24.22963,92.62141,61.867256,3.2216015,-3.577345,-0.21383007
6.166666988283396,1.8920475,-1.8525879,-0.9506512,-0.9113324,-0.30268598,0.52557075,-1.1158363,-0.23441863,0.67402375,0.10506283,0.2556439,-0.3637233,-1.6061630197716146,7.011169042342749,5.541967852953202,0.3005656818885588,-0.3225655741618097,-0.01858535053008727,-1.6061630197716146,7.011169042342749,5.541967852953202,0.3005656818885588,-0.3225655741618097,-0.01858535053008727,-23.883644,92.9681,61.682102,3.1920075,-3.5578983,-0.21317397
6.183333655819297,1.8734866,-1.8566167,-0.9395678,-0.90978456,-0.29836753,0.5194594,-1.1142201,-0.23488508,0.66569793,0.094716,0.25899434,-0.36685446,0.015349602971849782,7.024974449008119,5.450063124499874,0.2991740986452264,-0.3221158644121988,-0.016098238898030342,0.015349602971849782,7.024974449008119,5.450063124499874,0.2991740986452264,-0.3221158644121988,-0.016098238898030342,0.2282486,93.15116,60.659203,3.177229,-3.552938,-0.1846468
6.200000323355198,1.8543733,-1.8607978,-0.9283953,-0.9085282,-0.2937946,0.5130474,-1.1472688,-0.24386059,0.6709586,0.077061124,0.27420667,-0.38485408,-1.5963561437077065,7.045868403231936,5.510509796005482,0.2930810222517973,-0.3175876406464702,-0.01859712985254103,-1.5963561437077065,7.045868403231936,5.510509796005482,0.2930810222517973,-0.3175876406464702,-0.01859712985254103,-23.737816,93.428215,61.331974,3.1125205,-3.5029917,-0.21330908
6.216666990891099,1.8347201,-1.8651315,-0.9171384,-0.90757084,-0.2889678,0.5063422,-1.1795535,-0.2529376,0.6759407,0.059148435,0.28941208,-0.40240237,-1.5719936450375915,7.077970547913426,5.496461222221052,0.2916473453327761,-0.3163107286662485,-0.0185341188568807,-1.5719936450375915,7.077970547913426,5.496461222221052,0.2916473453327761,-0.3163107286662485,-0.0185341188568807,-23.375546,93.85389,61.175613,3.0972948,-3.4889073,-0.21258634
6.233333658427,1.8151256,-1.8694698,-0.9060262,-0.906781,-0.28409466,0.49960428,-1.1762645,-0.25329274,0.6674206,0.049250327,0.29228038,-0.40445018,0.06953985320696032,7.150304802942061,5.436838840645707,0.2964839198944035,-0.3176354108241506,-0.015891195902537552,0.06953985320696032,7.150304802942061,5.436838840645707,0.2964839198944035,-0.3176354108241506,-0.015891195902537552,1.0340576,94.81304,60.512016,3.1486592,-3.5035186,-0.18227202
6.250000325962901,1.7950003,-1.8739656,-0.8948304,-0.9062926,-0.278965,0.49258095,-1.2079866,-0.26264456,0.6723541,0.031015351,0.30760908,-0.42152667,-1.5618104299764628,7.119244651736897,5.46756788940978,0.28636028986641693,-0.3120570429216594,-0.018541453813820583,-1.5618104299764628,7.119244651736897,5.46756788940978,0.28636028986641693,-0.3120570429216594,-0.018541453813820583,-23.224121,94.401184,60.85403,3.0411463,-3.4419892,-0.21267048
6.266666993498802,1.774358,-1.8786209,-0.8835557,-0.9061116,-0.27358,0.48528013,-1.2388715,-0.2720744,0.67701185,0.012571629,0.3228965,-0.43813106,-1.5365898168239325,7.157011880773944,5.456047366571554,0.28627125332359993,-0.31126219904217417,-0.018472087414449674,-1.5365898168239325,7.157011880773944,5.456047366571554,0.28627125332359993,-0.31126219904217417,-0.018472087414449674,-22.84909,94.90198,60.725807,3.0402007,-3.433222,-0.21187484
6.283333661034703,1.7538034,-1.8832781,-0.8724287,-0.9060902,-0.26815745,0.47796422,-1.2339029,-0.27228132,0.66831553,0.003179721,0.3252518,-0.43912727,0.12023658983324227,7.2891845242829705,5.429272510292074,0.297253796385282,-0.3143421650365171,-0.01568348644708901,0.12023658983324227,7.2891845242829705,5.429272510292074,0.297253796385282,-0.3143421650365171,-0.01568348644708901,1.7879181,96.65459,60.427803,3.1568353,-3.467194,-0.17988959
6.300000328570604,1.7327422,-1.8880987,-0.8612234,-0.9063776,-0.26247743,0.4703788,-1.2641462,-0.28195927,0.67292905,-0.015539106,0.3406274,-0.45525065,-1.525990243076717,7.204534493240656,5.4296964797905085,0.28318305922542364,-0.30775934809030236,-0.018473576231426845,-1.525990243076717,7.204534493240656,5.4296964797905085,0.28318305922542364,-0.30775934809030236,-0.018473576231426845,-22.691475,95.53213,60.43252,3.007404,-3.3945856,-0.21189192
6.316666996106505,1.7111903,-1.8930818,-0.84994495,-0.9069801,-0.25654182,0.46253198,-1.2934803,-0.29168752,0.67726976,-0.034418333,0.35592622,-0.47088537,-1.4999035628112918,7.2480755513969415,5.420871607805305,0.2844416938034604,-0.30746276229484887,-0.01839629805597307,-1.4999035628112918,7.2480755513969415,5.420871607805305,0.2844416938034604,-0.30746276229484887,-0.01839629805597307,-22.303566,96.10948,60.3343,3.0207708,-3.3913143,-0.21100554
6.3333336636424065,1.6897537,-1.8980656,-0.83881664,-0.9077335,-0.2505777,0.45468715,-1.286837,-0.2917161,0.66841435,-0.04324862,0.35774148,-0.47086665,0.1673649042023054,7.440314429557881,5.427005284558731,0.30141274134318036,-0.3122486207880762,-0.015471632727978014,0.1673649042023054,7.440314429557881,5.427005284558731,0.30141274134318036,-0.3122486207880762,-0.015471632727978014,2.4887161,98.65857,60.40257,3.2010033,-3.4441023,-0.17745963
6.3500003311783075,1.6678375,-1.9032164,-0.82761526,-0.9088018,-0.24435656,0.4465889,-1.3154569,-0.30166698,0.672715,-0.062352218,0.3730919,-0.48601535,-1.4888909653520617,7.30135127969457,5.396983994092367,0.2835273518176178,-0.30473173475222276,-0.01838869807402154,-1.4888909653520617,7.30135127969457,5.396983994092367,0.2835273518176178,-0.30473173475222276,-0.01838869807402154,-22.139809,96.81592,60.06843,3.0110605,-3.361191,-0.21091837
6.366666998714209,1.6454583,-1.908535,-0.8163456,-0.91019076,-0.23788078,0.43824562,-1.3430995,-0.31164256,0.6767459,-0.0815661,0.38832977,-0.5006626,-1.4619210300304462,7.35011208650753,5.390682374692027,0.2860831226557213,-0.30492084845562795,-0.018300603240494533,-1.4619210300304462,7.35011208650753,5.390682374692027,0.2860831226557213,-0.30492084845562795,-0.018300603240494533,-21.738766,97.46249,59.998295,3.0382028,-3.363277,-0.20990792
6.38333366625011,1.6232227,-1.9138517,-0.8052291,-0.9117202,-0.23138615,0.42992073,-1.3347932,-0.3114559,0.66774565,-0.0897821,0.38957867,-0.49966973,0.2112167348136979,7.6033377899123895,5.430151295897559,0.3089241613326998,-0.31140453687928965,-0.015248375138513086,0.2112167348136979,7.6033377899123895,5.430151295897559,0.3089241613326998,-0.31140453687928965,-0.015248375138513086,3.1407928,100.82026,60.437584,3.2807746,-3.434792,-0.17489886
6.400000333786011,1.6005368,-1.9193372,-0.7940442,-0.91356975,-0.22463594,0.42135885,-1.361651,-0.3216229,0.67173934,-0.109171435,0.40483177,-0.5138302,-1.450208088016061,7.409155890233197,5.369430775055452,0.2873234605160586,-0.3029937216723279,-0.018278523019426472,-1.450208088016061,7.409155890233197,5.369430775055452,0.2873234605160586,-0.3029937216723279,-0.018278523019426472,-21.564594,98.24541,59.761765,3.0513752,-3.3420208,-0.20965466
6.416667001321912,1.5774181,-1.9249938,-0.7827965,-0.9157441,-0.21763322,0.4125685,-1.3874681,-0.33178973,0.67546445,-0.12861882,0.41993728,-0.52748,-1.4223043599542389,7.462608256850667,5.365474868870381,0.2911160221207614,-0.30365266912327177,-0.018178299394190155,-1.4223043599542389,7.462608256850667,5.365474868870381,0.2911160221207614,-0.30365266912327177,-0.018178299394190155,-21.149666,98.954185,59.717735,3.0916522,-3.349289,-0.2085051
6.433333668857813,1.5544707,-1.930645,-0.7717045,-0.91804826,-0.21062161,0.40381205,-1.3775196,-0.33135855,0.6663348,-0.13617061,0.42059755,-0.5255575,0.2521589288153581,7.776611926508885,5.438233450095287,0.319641929561809,-0.3117962955671987,-0.015006256602386234,0.2521589288153581,7.776611926508885,5.438233450095287,0.319641929561809,-0.3117962955671987,-0.015006256602386234,3.7496033,103.117874,60.52754,3.3945973,-3.4391131,-0.17212176
6.450000336393714,1.5311043,-1.9364674,-0.76054895,-0.92067486,-0.20335717,0.3948351,-1.4024878,-0.3416873,0.6700259,-0.15574186,0.43568224,-0.5387241,-1.4096899487945003,7.526767667422288,5.346731098514361,0.29443156696757805,-0.30253238280253963,-0.01813631891268902,-1.4096899487945003,7.526767667422288,5.346731098514361,0.29443156696757805,-0.30253238280253963,-0.01813631891268902,-20.96209,99.80494,59.509117,3.1268632,-3.3369322,-0.20802358
6.466667003929615,1.5073375,-1.9424629,-0.7493359,-0.9236287,-0.19584359,0.38564637,-1.4263579,-0.3519875,0.6734495,-0.17532068,0.4505813,-0.55137485,-1.3807818804640215,7.584807452033548,5.345185683422653,0.29941487447016657,-0.30366559517135,-0.01802070045221756,-1.3807818804640215,7.584807452033548,5.345185683422653,0.29941487447016657,-0.30366559517135,-0.01802070045221756,-20.532227,100.57455,59.491917,3.179786,-3.3494315,-0.20669743
6.483333671465516,1.4837689,-1.9484496,-0.7382805,-0.9267008,-0.1883314,0.37650636,-1.4147962,-0.35128272,0.6642056,-0.18216337,0.4506329,-0.54856956,0.2906783924218225,7.95899243016768,5.451012171824987,0.33342557662848926,-0.31342171368983696,-0.014736624832452642,0.2906783924218225,7.95899243016768,5.451012171824987,0.33342557662848926,-0.31342171368983696,-0.014736624832452642,4.3223877,105.53624,60.669765,3.5409796,-3.4570415,-0.16902909
6.500000339001417,1.459815,-1.9546076,-0.7271668,-0.93009615,-0.18057032,0.36716238,-1.4377545,-0.3617147,0.66759586,-0.20181432,0.4654756,-0.5607444,-1.3666097798761139,7.653409862949838,5.3287958520442,0.3047008074385074,-0.30333706171860614,-0.017952970972036214,-1.3666097798761139,7.653409862949838,5.3287958520442,0.3047008074385074,-0.30333706171860614,-0.017952970972036214,-20.321487,101.484215,59.309498,3.2359226,-3.3458078,-0.20592058
6.516667006537318,1.4354947,-1.9609408,-0.7160004,-0.93381995,-0.17256472,0.35762316,-1.459564,-0.37209243,0.67072064,-0.22142188,0.48009768,-0.57240134,-1.3365832125491237,7.715334539859363,5.329430949441613,0.31078288335135656,-0.3049133262738032,-0.01781778353239623,-1.3365832125491237,7.715334539859363,5.329430949441613,0.31078288335135656,-0.3049133262738032,-0.01781778353239623,-19.874992,102.305336,59.316566,3.3005142,-3.363194,-0.20436998
6.533333674073219,1.411399,-1.96726,-0.7049939,-0.93764985,-0.16457103,0.3481465,-1.446426,-0.371086,0.661375,-0.22751333,0.47952348,-0.56876445,0.32733437513134667,8.149065043591806,5.468104277659619,0.35008645551577355,-0.31625353414582213,-0.014430154585900676,0.32733437513134667,8.149065043591806,5.468104277659619,0.35008645551577355,-0.31625353414582213,-0.014430154585900676,4.867462,108.0566,60.86,3.7179182,-3.4882765,-0.16551387
6.55000034160912,1.3869534,-1.9737517,-0.69393396,-0.9418023,-0.15633363,0.33848226,-1.4672667,-0.3815649,0.6644669,-0.24714042,0.4940532,-0.5799567,-1.3204521994985186,7.787839104147518,5.315326509021577,0.31792560764176253,-0.3053624524058587,-0.017718457614429743,-1.3204521994985186,7.787839104147518,5.315326509021577,0.31792560764176253,-0.3053624524058587,-0.017718457614429743,-19.635124,103.26675,59.159584,3.37637,-3.3681479,-0.20323071
6.566667009145021,1.3621782,-1.980418,-0.68282646,-0.9462816,-0.14785746,0.328639,-1.486912,-0.39195946,0.6672942,-0.26667264,0.508328,-0.5906331,-1.2890262257435536,7.853453623223628,5.3181544575515565,0.32503488149122106,-0.3073662492435625,-0.017560811903337446,-1.2890262257435536,7.853453623223628,5.3181544575515565,0.32503488149122106,-0.3073662492435625,-0.017560811903337446,-19.16782,104.136795,59.19106,3.4518704,-3.3902497,-0.20142251
6.5833336766809225,1.3376526,-1.987067,-0.6718807,-0.95085454,-0.13940403,0.31887138,-1.4722444,-0.3906269,0.657859,-0.27197674,0.5071134,-0.58621645,0.36286262353154425,8.34511056385069,5.488981262371546,0.3693894253387739,-0.3202309094011406,-0.014079088684570924,0.36286262353154425,8.34511056385069,5.488981262371546,0.3693894253387739,-0.3202309094011406,-0.014079088684570924,5.395767,110.656166,61.09236,3.9229157,-3.532147,-0.16148715
6.600000344216824,1.3128134,-1.9938862,-0.66088617,-0.9557482,-0.13071315,0.30893227,-1.4908706,-0.40109113,0.6606526,-0.29147735,0.5212603,-0.59644294,-1.270293932916658,7.929249874247326,5.306225731259301,0.3338940399514754,-0.30855685067198435,-0.017423760194620466,-1.270293932916658,7.929249874247326,5.306225731259301,0.3338940399514754,-0.30855685067198435,-0.017423760194620466,-18.88927,105.14185,59.058292,3.5459547,-3.403382,-0.19985053
6.616667011752725,1.2876811,-2.0008805,-0.6498492,-0.9609656,-0.121790394,0.29883015,-1.5082589,-0.41144526,0.6631807,-0.3108314,0.5351177,-0.6061576,-1.2370332103490669,7.997537558254972,5.3108503233711675,0.3418977426719307,-0.3109320660450193,-0.017240365484847954,-1.2370332103490669,7.997537558254972,5.3108503233711675,0.3418977426719307,-0.3109320660450193,-0.017240365484847954,-18.394684,106.04735,59.109764,3.630954,-3.4295807,-0.19774699
6.633333679288626,1.2628242,-2.0078504,-0.6389757,-0.9662632,-0.11290137,0.28881583,-1.4921113,-0.40976134,0.65366673,-0.31531402,0.53325135,-0.6010163,0.39820308723783204,8.545772270559366,5.513306897926844,0.39110004116137376,-0.32528471319867824,-0.013674107082220607,0.39820308723783204,8.545772270559366,5.513306897926844,0.39110004116137376,-0.32528471319867824,-0.013674107082220607,5.92128,113.31694,61.363106,4.1534824,-3.5878904,-0.15684201
6.650000346824527,1.2376924,-2.0149906,-0.6280584,-0.9718773,-0.10378239,0.27864566,-1.5084354,-0.42015627,0.65615904,-0.33458605,0.546945,-0.6102993,-1.214968508814675,8.075645067033724,5.300801869244159,0.3522927029209173,-0.31279551366838887,-0.01706116440614203,-1.214968508814675,8.075645067033724,5.300801869244159,0.3522927029209173,-0.31279551366838887,-0.01706116440614203,-18.066582,107.08305,58.997925,3.7413485,-3.4501345,-0.19569156
6.666667014360428,1.212307,-2.022303,-0.6171039,-0.9778106,-0.09443955,0.26832798,-1.5234879,-0.43040863,0.65838677,-0.35366252,0.5603184,-0.6190789,-1.1797221939918092,8.14672962033371,5.307416067611817,0.36112099268566644,-0.3155239257397483,-0.016849208054796134,-1.1797221939918092,8.14672962033371,5.307416067611817,0.36112099268566644,-0.3155239257397483,-0.016849208054796134,-17.542469,108.025635,59.07154,3.835105,-3.480229,-0.19326042
6.683333681896329,1.18722,-2.0295875,-0.6063145,-0.9838106,-0.08514154,0.25810942,-1.5059255,-0.4283556,0.64880484,-0.35729524,0.55779433,-0.6132679,0.4338898751746911,8.748901735423736,5.540311390070474,0.41489942374651495,-0.33129322885494283,-0.013209207741821341,0.4338898751746911,8.748901735423736,5.540311390070474,0.41489942374651495,-0.33129322885494283,-0.013209207741821341,6.4519424,116.01044,61.663666,4.406232,-3.6541643,-0.15150961
6.70000034943223,1.1618975,-2.0370371,-0.5954862,-0.99012095,-0.07562215,0.24775021,-1.5198718,-0.43861604,0.6509928,-0.3762385,0.5709691,-0.62163645,-1.1534749218979858,8.226793384120475,5.299266050875133,0.37289750104570124,-0.3179991126384718,-0.016623396351738606,-1.1534749218979858,8.226793384120475,5.299266050875133,0.37289750104570124,-0.3179991126384718,-0.016623396351738606,-17.152172,109.08728,58.98083,3.9601715,-3.5075302,-0.19067036
6.716667016968131,1.136361,-2.0446572,-0.58462596,-0.99674475,-0.06588806,0.23725861,-1.5325187,-0.44871232,0.6529162,-0.39493868,0.583793,-0.6295124,-1.1157065970671602,8.299058019485589,5.3071668955622116,0.38236521058163403,-0.3209818522711829,-0.01638194947213636,-1.1157065970671602,8.299058019485589,5.3071668955622116,0.38236521058163403,-0.3209818522711829,-0.01638194947213636,-16.590557,110.04551,59.068768,4.0607185,-3.5404298,-0.18790096
6.733333684504032,1.1111459,-2.0522437,-0.57393205,-1.0034208,-0.056209955,0.22687621,-1.5136065,-0.44626907,0.6432749,-0.39769807,0.5806054,-0.62308955,0.471187968661341,8.953280326647636,5.569697583139424,0.4405083180371876,-0.33814018678362545,-0.012680367219936567,0.471187968661341,8.953280326647636,5.569697583139424,0.4405083180371876,-0.33814018678362545,-0.012680367219936567,7.006565,118.7205,61.990734,4.6781983,-3.7296863,-0.14544381
6.750000352039933,1.0857358,-2.0599918,-0.5632042,-1.0103996,-0.046320144,0.21636789,-1.5251154,-0.45634043,0.6451538,-0.4162147,0.5931974,-0.6305783,-1.0846551665541464,8.380415788423242,5.300757998511904,0.3953341036866614,-0.32397812318499264,-0.01610672359582956,-1.0846551665541464,8.380415788423242,5.300757998511904,0.3953341036866614,-0.32397812318499264,-0.01610672359582956,-16.128822,111.12431,58.997437,4.198448,-3.5734787,-0.18474412
6.766667019575834,1.0601528,-2.067906,-0.5524494,-1.017684,-0.036225803,0.20574158,-1.5352987,-0.46621904,0.64676684,-0.43444243,0.6054088,-0.63758683,-1.043704250312605,8.453847272363724,5.310043170445691,0.40535109640290284,-0.3271683280509057,-0.01583410379880391,-1.043704250312605,8.453847272363724,5.310043170445691,0.40535109640290284,-0.3271683280509057,-0.01583410379880391,-15.519882,112.098015,59.10078,4.3048286,-3.6086667,-0.18161717
6.783333687111735,1.0349125,-2.0757797,-0.541863,-1.025006,-0.026198577,0.1952338,-1.5151126,-0.46337256,0.6370741,-0.43631038,0.60155946,-0.63060915,0.5108115652221598,9.15661462291873,5.600571610963997,0.46755558128859814,-0.34563867805875226,-0.012084949557014205,0.5108115652221598,9.15661462291873,5.600571610963997,0.46755558128859814,-0.34563867805875226,-0.012084949557014205,7.595768,121.41671,62.334362,4.9654403,-3.8123946,-0.13861437
6.800000354647636,1.0095184,-2.0838113,-0.5312476,-1.0326223,-0.01597035,0.18461406,-1.5241315,-0.4731982,0.63863724,-0.4543073,0.6135079,-0.6372567,-1.00699721684613,8.535423681566979,5.305010032139698,0.41928744810000207,-0.33055685480831976,-0.015509804124507887,-1.00699721684613,8.535423681566979,5.305010032139698,0.41928744810000207,-0.33055685480831976,-0.015509804124507887,-14.974049,113.17972,59.04476,4.4528327,-3.646042,-0.17789745
6.8166670221835375,0.98399377,-2.0920048,-0.52061087,-1.0405345,-0.005548755,0.17389001,-1.531809,-0.4828031,0.63993233,-0.4719681,0.6250475,-0.64344096,-0.9626028116068427,8.609438014426022,5.315482113025045,0.4297263204714673,-0.33388466372451026,-0.015206449220984939,-0.9626028116068427,8.609438014426022,5.315482113025045,0.4297263204714673,-0.33388466372451026,-0.015206449220984939,-14.313904,114.16115,59.161316,4.5636935,-3.6827478,-0.17441797
6.8333336897194386,0.9588313,-2.1001525,-0.51014346,-1.0484693,0.004794637,0.16329287,-1.5104325,-0.47953832,0.63019747,-0.47293168,0.6205383,-0.635966,0.5535959475939917,9.357868959821008,5.63268738615545,0.495738498235153,-0.3536390155851031,-0.011423174308088414,0.5535959475939917,9.357868959821008,5.63268738615545,0.495738498235153,-0.3536390155851031,-0.011423174308088414,8.231972,124.08534,62.69181,5.264743,-3.9006383,-0.13102381
6.85000035725534,0.9335572,-2.1084497,-0.49965203,-1.0566877,0.015327373,0.15259701,-1.5169221,-0.48905808,0.63143635,-0.4903163,0.6317861,-0.64181674,-0.9191914541094434,8.691037438394078,5.3118703178960995,0.444458029364462,-0.33755103566921096,-0.014833927985992031,-0.9191914541094434,8.691037438394078,5.3118703178960995,0.444458029364462,-0.33755103566921096,-0.014833927985992031,-13.668377,115.24316,59.121117,4.7201443,-3.723188,-0.17014515
6.866667024791241,0.908195,-2.1169043,-0.4891451,-1.0651921,0.026041377,0.14181,-1.5220606,-0.49833548,0.6324046,-0.5073233,0.6425986,-0.647222,-0.8708327908442176,8.764487334146398,5.323031649113986,0.4551525169846702,-0.3409084361570052,-0.014502511610648064,-0.8708327908442176,8.764487334146398,5.323031649113986,0.4551525169846702,-0.3409084361570052,-0.014502511610648064,-12.949284,116.2171,59.245342,4.8337197,-3.76022,-0.16634381
6.883333692327142,0.8832133,-2.1253068,-0.47880897,-1.0737038,0.036666237,0.1311571,-1.4995788,-0.49464354,0.62263405,-0.5073723,0.63743675,-0.6393063,0.6006683370132293,9.55500883214614,5.665205538219304,0.5246762277491798,-0.36191127566132675,-0.010699849598492968,0.6006683370132293,9.55500883214614,5.665205538219304,0.5246762277491798,-0.36191127566132675,-0.010699849598492968,8.931938,126.69942,63.053738,5.5720615,-3.9918814,-0.122727275
6.900000359863043,0.85816234,-2.133853,-0.46845388,-1.0824875,0.047467873,0.12041798,-1.5035156,-0.5038043,0.62353855,-0.5240571,0.64792985,-0.64440787,-0.820231229247226,8.845589063825651,5.3207034156436,0.4704865583143217,-0.34472646220424236,-0.014084881559702864,-0.820231229247226,8.845589063825651,5.3207034156436,0.4704865583143217,-0.34472646220424236,-0.014084881559702864,-12.196838,117.29251,59.21943,4.9965672,-3.8023329,-0.16155359
6.916667027398944,0.83306545,-2.1425486,-0.45808893,-1.0915433,0.058437806,0.10959975,-1.5060982,-0.5126967,0.62416995,-0.5403228,0.65796405,-0.64908415,-0.7674981061451854,8.918534936228848,5.33266333128457,0.4813511717341939,-0.34805174211102624,-0.01372799939868132,-0.7674981061451854,8.918534936228848,5.33266333128457,0.4813511717341939,-0.34805174211102624,-0.01372799939868132,-11.412697,118.25977,59.352543,5.1119494,-3.8390107,-0.15746015
6.933333694934845,0.8083663,-2.1511848,-0.44789594,-1.1005918,0.06930786,0.09892215,-1.4826009,-0.50857115,0.61436975,-0.53945726,0.6521606,-0.64078367,0.652727282279758,9.746664286019396,5.697586594244862,0.5540255548365821,-0.37024434004063406,-0.009921525703270536,0.652727282279758,9.746664286019396,5.697586594244862,0.5540255548365821,-0.37024434004063406,-0.009921525703270536,9.706055,129.24077,63.41414,5.8837514,-4.083795,-0.1137999
6.950000362470746,0.7836409,-2.159958,-0.4376893,-1.1098979,0.0803413,0.08816993,-1.4839712,-0.51732206,0.61492866,-0.5553602,0.66184914,-0.6451881,-0.7086209346563446,8.99798708264105,5.33112614195516,0.49705379651315695,-0.351840933127935,-0.01327284492402879,-0.7086209346563446,8.99798708264105,5.33112614195516,0.49705379651315695,-0.351840933127935,-0.01327284492402879,-10.537193,119.31331,59.335434,5.2787113,-3.8808055,-0.15223953
6.966667030006647,0.7589124,-2.168875,-0.4274786,-1.1194634,0.09152927,0.0773499,-1.4839901,-0.5257792,0.61521065,-0.57080764,0.67105794,-0.6491865,-0.6511626663669774,9.06992548371512,5.343671114939563,0.5079686529443314,-0.3550457284327323,-0.012894825719186504,-0.6511626663669774,9.06992548371512,5.343671114939563,0.5079686529443314,-0.3550457284327323,-0.012894825719186504,-9.682789,120.26721,59.47506,5.394627,-3.9161544,-0.14790365
6.983333697542548,0.7345964,-2.1777258,-0.4174411,-1.129006,0.10260686,0.06667598,-1.4595815,-0.521211,0.6053864,-0.5690291,0.6646267,-0.6405563,0.7098446136043628,9.932232334603013,5.729634506897356,0.5834931483151998,-0.3784653930802402,-0.009096957541800834,0.7098446136043628,9.932232334603013,5.729634506897356,0.5834931483151998,-0.3784653930802402,-0.009096957541800834,10.555389,131.7014,63.770832,6.196697,-4.1744733,-0.1043421
7.000000365078449,0.71029735,-2.1867044,-0.4073954,-1.1387924,0.11383366,0.055938203,-1.4583826,-0.52949524,0.60558605,-0.58407307,0.6734665,-0.6443159,-0.5834947597603711,9.148205603229874,5.34323652049816,0.5239198436844821,-0.3587023301872468,-0.012409167385350754,-0.5834947597603711,9.148205603229874,5.34323652049816,0.5239198436844821,-0.3587023301872468,-0.012409167385350754,-8.676567,121.30521,59.470222,5.5640287,-3.9564867,-0.14233315
7.01666703261435,0.6860376,-2.1958172,-0.39735174,-1.1488228,0.12520063,0.045142993,-1.455844,-0.53746533,0.605505,-0.5986255,0.68180907,-0.6476917,-0.5211117609122815,9.218415595467453,5.356026209910924,0.5347637582408956,-0.3616920083842273,-0.012015958609743126,-0.5211117609122815,9.218415595467453,5.356026209910924,0.5347637582408956,-0.3616920083842273,-0.012015958609743126,-7.748932,122.23619,59.61257,5.679191,-3.9894629,-0.13782305
7.033333700150251,0.66220385,-2.2048573,-0.38748208,-1.1588148,0.13644706,0.034498475,-1.430624,-0.5324578,0.59566313,-0.59594053,0.6747671,-0.6387862,0.7728592052344275,10.109847631209936,5.7604567809674725,0.6127211558167769,-0.38632520846853663,-0.008240562994374123,0.7728592052344275,10.109847631209936,5.7604567809674725,0.6127211558167769,-0.38632520846853663,-0.008240562994374123,11.492416,134.05658,64.113884,6.5070987,-4.261167,-0.09451926
7.0500003676861525,0.6384295,-2.2140167,-0.3776098,-1.1690347,0.14782785,0.023799935,-1.4268708,-0.54022926,0.5954887,-0.6100537,0.68271774,-0.6419559,-0.44428627203997145,9.294808504268595,5.356355583142934,0.5507755189741175,-0.3650644532356712,-0.011509604940439372,-0.44428627203997145,9.294808504268595,5.356355583142934,0.5507755189741175,-0.3650644532356712,-0.011509604940439372,-6.606537,123.24916,59.616238,5.849236,-4.026661,-0.13201517
7.0666670352220535,0.6147373,-2.2233014,-0.3677459,-1.1794826,0.15933374,0.013053404,-1.4217921,-0.5476644,0.5950289,-0.62364316,0.690155,-0.64476556,-0.37656346662940804,9.363284333978484,5.369405412288367,0.5614775497810092,-0.3677721793070125,-0.011108071261524842,-0.37656346662940804,9.363284333978484,5.369405412288367,0.5614775497810092,-0.3677721793070125,-0.011108071261524842,-5.5994987,124.15715,59.761482,5.9628916,-4.056527,-0.12740958
7.083333702757955,0.5914823,-2.2325072,-0.35805666,-1.1898766,0.17070916,0.0024613193,-1.3958668,-0.54221505,0.58517396,-0.6200638,0.68252414,-0.63563484,0.841762078393604,10.279579220134568,5.790090775125646,0.6414786570489743,-0.3936722617957772,-0.007365055466695983,0.841762078393604,10.279579220134568,5.790090775125646,0.6414786570489743,-0.3936722617957772,-0.007365055466695983,12.517002,136.30722,64.44371,6.8125033,-4.342205,-0.084477186
7.100000370293856,0.5683291,-2.2418215,-0.34837076,-1.200482,0.18220362,-0.008175919,-1.3895818,-0.5494239,0.58460885,-0.63318026,0.68955356,-0.6382726,-0.29038234933880086,9.438005220116892,5.370602260702704,0.5774357449087945,-0.37075083361683603,-0.010591480351575271,-0.29038234933880086,9.438005220116892,5.370602260702704,0.5774357449087945,-0.37075083361683603,-0.010591480351575271,-4.3179855,125.14795,59.774803,6.1323676,-4.0893817,-0.12148428
7.116667037829757,0.5452997,-2.251252,-0.33869982,-1.211298,0.19380756,-0.01885267,-1.3819925,-0.55627877,0.5837551,-0.6457419,0.69605386,-0.6405743,-0.21727330426522046,9.504309606767887,5.383693218659626,0.5879107617164512,-0.3731076974600743,-0.010188943734871583,-0.21727330426522046,9.504309606767887,5.383693218659626,0.5879107617164512,-0.3731076974600743,-0.010188943734871583,-3.230854,126.027145,59.920506,6.2436123,-4.115378,-0.116867185
7.133333705365658,0.5227176,-2.2605956,-0.32920405,-1.2220458,0.2052717,-0.029372064,-1.3554717,-0.5503915,0.5738903,-0.6412876,0.6878588,-0.6312679,0.9162751475515668,10.440583610246984,5.81803368965142,0.6694997097812804,-0.40033812535857466,-0.006485931127094245,0.9162751475515668,10.440583610246984,5.81803368965142,0.6694997097812804,-0.40033812535857466,-0.006485931127094245,13.625011,138.44214,64.754715,7.110087,-4.4157295,-0.07439363
7.150000372901559,0.50027865,-2.2700381,-0.31971776,-1.2329875,0.21683897,-0.039928682,-1.346691,-0.5569961,0.57291853,-0.6533448,0.6939363,-0.6334301,-0.12178530048506327,9.577188736353165,5.385637925962874,0.6036896714607426,-0.37558738037552064,-0.009673703932824504,-0.12178530048506327,9.577188736353165,5.385637925962874,0.6036896714607426,-0.37558738037552064,-0.009673703932824504,-1.8109474,126.99352,59.94215,6.4111843,-4.142729,-0.110957384
7.16666704043746,0.4780048,-2.2795858,-0.31025317,-1.2441211,0.22849971,-0.050517276,-1.3366326,-0.56322616,0.57165205,-0.6648212,0.6994747,-0.6352807,-0.043414051130303784,9.641612816719988,5.3988673509184775,0.6139051218266317,-0.37755689508571266,-0.009277309660508305,-0.043414051130303784,9.641612816719988,5.3988673509184775,0.6139051218266317,-0.37755689508571266,-0.009277309660508305,-0.64556694,127.847786,60.089394,6.5196724,-4.1644526,-0.10641074
7.183333707973361,0.4561861,-2.289041,-0.30096406,-1.2551712,0.24001172,-0.06094638,-1.3096299,-0.556907,0.5617826,-0.6595114,0.6907435,-0.62584466,0.9957742594838864,10.592979327585903,5.844271129460775,0.6966023346349569,-0.4062211632404345,-0.005616950489898921,0.9957742594838864,10.592979327585903,5.844271129460775,0.6966023346349569,-0.4062211632404345,-0.005616950489898921,14.807163,140.4629,65.04674,7.397917,-4.4806194,-0.06442642
7.200000375509262,0.4345515,-2.2985837,-0.29169104,-1.2663962,0.25161064,-0.07140573,-1.2984009,-0.5628616,0.5603858,-0.6704568,0.69584626,-0.6275901,0.06109159427275975,9.713160542161576,5.401766589388371,0.6294374412062479,-0.3794794610058948,-0.00877352309621929,0.06109159427275975,9.713160542161576,5.401766589388371,0.6294374412062479,-0.3794794610058948,-0.00877352309621929,0.908432,128.79651,60.121662,6.6846256,-4.1856585,-0.10063231
7.216667043045163,0.4131223,-2.3082206,-0.28244665,-1.2777947,0.26328656,-0.08189051,-1.2859263,-0.5684248,0.55868924,-0.6807993,0.7004014,-0.6290469,0.14452623214670374,9.775529404031746,5.415013151348761,0.6393408371230304,-0.3810226322841558,-0.008391211525502158,0.14452623214670374,9.775529404031746,5.415013151348761,0.6393408371230304,-0.3810226322841558,-0.008391211525502158,2.149105,129.62352,60.269096,6.7897997,-4.2026796,-0.096247196
7.233333710581064,0.39215413,-2.317757,-0.27337784,-1.2890964,0.27480543,-0.092214376,-1.2585546,-0.5616825,0.5488186,-0.6746627,0.691166,-0.6195256,1.079606400613586,10.736735302218845,5.8686330954662225,0.722607785025559,-0.4112299420243486,-0.004773245963617938,1.079606400613586,10.736735302218845,5.8686330954662225,0.722607785025559,-0.4112299420243486,-0.004773245963617938,16.053747,142.36911,65.31789,7.6740947,-4.5358663,-0.05474913
7.250000378116965,0.37141,-2.3273695,-0.26433203,-1.3005531,0.28639463,-0.102562465,-1.2449365,-0.56695026,0.5469782,-0.6844476,0.695277,-0.6209094,0.2573663625608135,9.845668050498444,5.418731538647482,0.654531288506172,-0.3823287251421461,-0.007909926104358516,0.2573663625608135,9.845668050498444,5.418731538647482,0.654531288506172,-0.3823287251421461,-0.007909926104358516,3.8270378,130.55356,60.310482,6.9511223,-4.217086,-0.09072685
7.266667045652866,0.35091075,-2.3370638,-0.25532225,-1.3121638,0.2980442,-0.11293035,-1.2301099,-0.57181156,0.544833,-0.6936096,0.6988349,-0.6220294,0.34548279095914597,9.90606569776348,5.431975358687106,0.6640988779157794,-0.3834318487836573,-0.007546924983509333,0.34548279095914597,9.90606569776348,5.431975358687106,0.6640988779157794,-0.3834318487836573,-0.007546924983509333,5.137329,131.35443,60.457886,7.05273,-4.2292533,-0.08656323
7.283333713188767,0.3308764,-2.3466527,-0.2464878,-1.3236631,0.30952895,-0.12313659,-1.2024858,-0.56465876,0.5349659,-0.6866756,0.68912876,-0.61246234,1.1664165453214974,10.872265799912213,5.891175111563272,0.7473938433688464,-0.4153416790101924,-0.003965564052644977,1.1664165453214974,10.872265799912213,5.891175111563272,0.7473938433688464,-0.4153416790101924,-0.003965564052644977,17.344614,144.16624,65.56878,7.9373226,-4.5812187,-0.04548502
7.3000003807246685,0.31110516,-2.3563035,-0.23768377,-1.3352987,0.32106724,-0.13336195,-1.1865457,-0.5692005,0.5326622,-0.69525987,0.69223654,-0.61354166,0.46602029806828454,9.975752104101858,5.43690464674409,0.6789263134397805,-0.3841212956557356,-0.00709564455093876,0.46602029806828454,9.975752104101858,5.43690464674409,0.6789263134397805,-0.3841212956557356,-0.00709564455093876,6.929722,132.27847,60.51275,7.2101974,-4.236858,-0.08138704
7.31666704826057,0.29161656,-2.3660247,-0.22892328,-1.3470665,0.33264932,-0.14360237,-1.1694425,-0.5733269,0.530051,-0.7032038,0.69479066,-0.61437964,0.5579833625223947,10.03404620186416,5.450011370745416,0.6881221764056248,-0.3847809131860949,-0.006757992292967898,0.5579833625223947,10.03404620186416,5.450011370745416,0.6881221764056248,-0.3847809131860949,-0.006757992292967898,8.297213,133.05145,60.658627,7.3078575,-4.2441335,-0.07751417
7.333333715796471,0.27259493,-2.3756323,-0.22033782,-1.358711,0.34405932,-0.15368105,-1.1416831,-0.56577605,0.5201918,-0.6955086,0.6846506,-0.60480493,1.2546485433982537,11.000380940386972,5.912129555536837,0.7708712935223194,-0.41857630365670867,-0.003202063370083557,1.2546485433982537,11.000380940386972,5.912129555536837,0.7708712935223194,-0.41857630365670867,-0.003202063370083557,18.656624,145.86505,65.802,8.186653,-4.6168966,-0.036727667
7.350000383332372,0.2538736,-2.3852904,-0.21179052,-1.3704706,0.35550606,-0.16377467,-1.1235012,-0.56956613,0.5174065,-0.7028577,0.6867507,-0.60563225,0.6850531859612737,10.103093948479332,5.455935976040438,0.7024958982306012,-0.38483910201791194,-0.006343846541440476,0.6850531859612737,10.103093948479332,5.455935976040438,0.7024958982306012,-0.38483910201791194,-0.006343846541440476,10.186741,133.96703,60.724567,7.4605064,-4.2447753,-0.07276392
7.366667050868273,0.23547187,-2.3950076,-0.20329465,-1.3823425,0.3669797,-0.17387953,-1.1042029,-0.57292444,0.5143089,-0.7095538,0.68829846,-0.6062419,0.7802870903707786,10.160405315784667,5.4693940086399015,0.7113670449696917,-0.3851075228624526,-0.006034744232763075,0.7802870903707786,10.160405315784667,5.4693940086399015,0.7113670449696917,-0.3851075228624526,-0.006034744232763075,11.602869,134.72697,60.874355,7.554718,-4.247736,-0.06921852
7.383333718404174,0.21753718,-2.4046042,-0.19497322,-1.394078,0.3782749,-0.18382312,-1.0764259,-0.5649905,0.5044636,-0.7011338,0.67776513,-0.5966931,1.3424926583367702,11.12204619302649,5.931795982230598,0.7929697773101865,-0.4209904484822333,-0.0024884497485372845,1.3424926583367702,11.12204619302649,5.931795982230598,0.7929697773101865,-0.4209904484822333,-0.0024884497485372845,19.962866,147.47833,66.02089,8.421339,-4.6435246,-0.028542519
7.400000385940075,0.19993888,-2.4142373,-0.1866982,-1.4059081,0.38958997,-0.19377826,-1.0560895,-0.56799376,0.5011778,-0.70722127,0.67885876,-0.5973202,0.9124346683709992,10.229840861186723,5.476730703129387,0.7252784772107831,-0.38459169140536464,-0.005659271346660105,0.9124346683709992,10.229840861186723,5.476730703129387,0.7252784772107831,-0.38459169140536464,-0.005659271346660105,13.5679035,135.64769,60.956013,7.7024574,-4.2420464,-0.06491184
7.416667053475976,0.18269522,-2.4239154,-0.17848282,-1.4178289,0.40091538,-0.20374164,-1.0346911,-0.5705575,0.49757665,-0.7126449,0.6794051,-0.59775174,1.0098055856854786,10.28587951199861,5.4903213761459035,0.7337841834950133,-0.38448858563724914,-0.0053809846912972695,1.0098055856854786,10.28587951199861,5.4903213761459035,0.7337841834950133,-0.38448858563724914,-0.0053809846912972695,15.015809,136.39076,61.107277,7.792788,-4.240909,-0.061719894
7.433333721011877,0.16591677,-2.4334676,-0.17044106,-1.4296024,0.41205645,-0.2135447,-1.0070126,-0.5622635,0.48775098,-0.70354277,0.6685198,-0.58825886,1.4280879746047779,11.237385837560685,5.950048263289322,0.8135701303428177,-0.42263119196956633,-0.0018259080057052705,1.4280879746047779,11.237385837560685,5.950048263289322,0.8135701303428177,-0.42263119196956633,-0.0018259080057052705,21.235668,149.00774,66.22404,8.640115,-4.661622,-0.020943165
7.450000388547778,0.14950913,-2.4430442,-0.16245437,-1.4414487,0.42320073,-0.2233568,-0.98462015,-0.56445575,0.48394722,-0.70834786,0.66861635,-0.5887348,1.1454927897244873,10.35604347470659,5.499128768386224,0.747167413068581,-0.3834412298954733,-0.0050466998099449305,1.1454927897244873,10.35604347470659,5.499128768386224,0.747167413068581,-0.3834412298954733,-0.0050466998099449305,17.033478,137.32114,61.205303,7.934918,-4.229357,-0.057885647
7.466667056083679,0.13348956,-2.452651,-0.15453589,-1.4533644,0.43433872,-0.23317495,-0.9612229,-0.56619847,0.4798242,-0.7124832,0.6681712,-0.5890348,1.2440009973316923,10.411522866733833,5.513121475535047,0.7553208345747264,-0.38302932559417147,-0.004799239201034373,1.2440009973316923,10.411522866733833,5.513121475535047,0.7553208345747264,-0.38302932559417147,-0.004799239201034373,18.498295,138.0568,61.361042,8.021507,-4.2248135,-0.055047274
7.48333372361958,0.11793136,-2.4621265,-0.14679004,-1.4651219,0.44528744,-0.2428342,-0.9337591,-0.5575623,0.47002566,-0.7027451,0.65697914,-0.5796249,1.5092086535455722,11.348213437455811,5.967663047769962,0.8326585234446265,-0.4236350141648045,-0.0012128791709307908,1.5092086535455722,11.348213437455811,5.967663047769962,0.8326585234446265,-0.4236350141648045,-0.0012128791709307908,22.441933,150.47731,66.42009,8.8428335,-4.672694,-0.013911724
7.500000391155481,0.10277657,-2.471612,-0.13910824,-1.4769312,0.45622295,-0.25250062,-0.9094161,-0.5589208,0.46568635,-0.70625484,0.65609205,-0.57999426,1.3815711149050234,10.48273400124022,5.523462629703819,0.7681111157950709,-0.3815078994737143,-0.004504760037117038,1.3815711149050234,10.48273400124022,5.523462629703819,0.7681111157950709,-0.3815078994737143,-0.004504760037117038,20.543962,139.00105,61.47614,8.15734,-4.208032,-0.051669598
7.516667058691382,0.08804148,-2.4811134,-0.13150342,-1.4887884,0.46713597,-0.2621717,-0.8841291,-0.55982363,0.46102569,-0.7090913,0.65467364,-0.5802063,1.4801066436459736,10.537854362936582,5.537892330474716,0.7758939782553923,-0.38083349696528557,-0.004286691221654571,1.4801066436459736,10.537854362936582,5.537892330474716,0.7758939782553923,-0.38083349696528557,-0.004286691221654571,22.009186,139.73195,61.63674,8.239994,-4.2005935,-0.04916835
7.5333337262272835,0.073762044,-2.4904785,-0.12407008,-1.5004771,0.47785532,-0.27168563,-0.85699314,-0.5508705,0.4512623,-0.698765,0.6432202,-0.5709022,1.5837971444248593,11.454928298881152,5.984696545048222,0.8501270172061669,-0.42409053847450406,-0.0006423998419471481,1.5837971444248593,11.454928298881152,5.984696545048222,0.8501270172061669,-0.42409053847450406,-0.0006423998419471481,23.551064,151.89235,66.60967,9.028349,-4.6777186,-0.007368326
7.5500003937631845,0.059916794,-2.4998405,-0.116710216,-1.5121962,0.48854548,-0.28120577,-0.8308125,-0.5513773,0.4463709,-0.7009729,0.6413703,-0.5712057,1.617720244150476,10.610555703463778,5.549906741790908,0.7880191120499721,-0.3789112336616136,-0.004026987496519878,1.617720244150476,10.610555703463778,5.549906741790908,0.7880191120499721,-0.3789112336616136,-0.004026987496519878,24.0555,140.69597,61.770462,8.368763,-4.179391,-0.046189547
7.566667061299086,0.046520926,-2.5092037,-0.109436415,-1.5239408,0.49919724,-0.29072955,-0.8037525,-0.55142057,0.44115704,-0.7025094,0.6390021,-0.5713697,1.7149863021840326,10.66595339307598,5.565041458938749,0.7954270601721583,-0.3780479984508248,-0.003835317250844594,1.7149863021840326,10.66595339307598,5.565041458938749,0.7954270601721583,-0.3780479984508248,-0.003835317250844594,25.501846,141.43054,61.93891,8.447435,-4.1698694,-0.04399109
7.583333728834987,0.03357313,-2.5184247,-0.102332674,-1.5355089,0.5096519,-0.3000984,-0.7770569,-0.54217416,0.431438,-0.6916479,0.62733597,-0.56219125,1.6496173471272513,11.558795083162472,6.001683429673461,0.8659080821466536,-0.4241263769154968,-0.0001075897615893363,1.6496173471272513,11.558795083162472,6.001683429673461,0.8659080821466536,-0.4241263769154968,-0.0001075897615893363,24.52981,153.26962,66.79874,9.195944,-4.678114,-0.0012340546
7.600000396370888,0.021088244,-2.5276284,-0.09531221,-1.5470852,0.52006125,-0.309473,-0.74915904,-0.5418137,0.4259807,-0.69255644,0.62455046,-0.5624665,1.8507810591368685,10.740238149421428,5.5787078775164245,0.8067854829202714,-0.37578710727224757,-0.0036051923956368003,1.8507810591368685,10.740238149421428,5.5787078775164245,0.8067854829202714,-0.37578710727224757,-0.0036051923956368003,27.521114,142.41556,62.09102,8.568062,-4.144932,-0.041351557
7.616667063906789,0.009080415,-2.5368195,-0.08838714,-1.5586661,0.53041744,-0.31885096,-0.72044843,-0.5409875,0.42019975,-0.6927981,0.62126374,-0.56261736,1.9456999367647871,10.795829163057952,5.594435877769998,0.8137629306024526,-0.3747724773445026,-0.0034368235647106752,1.9456999367647871,10.795829163057952,5.594435877769998,0.8137629306024526,-0.3747724773445026,-0.0034368235647106752,28.932558,143.1527,62.26607,8.642162,-4.1337404,-0.039420366
7.63333373144269,-0.0024887293,-2.5458634,-0.08163051,-1.5700619,0.5405738,-0.32807627,-0.69430184,-0.53147346,0.4105359,-0.6814537,0.6094334,-0.5535785,1.7047462642954434,11.660485821431939,6.018906804964763,0.8798979994491893,-0.42384118247010555,0.00040242229218886223,1.7047462642954434,11.660485821431939,6.018906804964763,0.8798979994491893,-0.42384118247010555,0.00040242229218886223,25.349577,154.61804,66.99043,9.344517,-4.6749682,0.0046157837
7.650000398978591,-0.0135682905,-2.5548754,-0.074967206,-1.5814451,0.5506701,-0.3373069,-0.66481113,-0.5302349,0.40449944,-0.6810718,0.6057443,-0.55385864,2.0780002822311596,10.87208513400853,5.609921903515976,0.8242660996604101,-0.372246796719507,-0.0032300832693537315,2.0780002822311596,10.87208513400853,5.609921903515976,0.8242660996604101,-0.372246796719507,-0.0032300832693537315,30.899864,144.16385,62.43843,8.753706,-4.105882,-0.037049055
7.666667066514492,-0.02414527,-2.5638604,-0.06840887,-1.5928112,0.5606981,-0.34654167,-0.6345778,-0.52852815,0.39813974,-0.6800295,0.6015728,-0.5540288,2.1692610781066115,10.92828488817402,5.626430322967557,0.8307848497523651,-0.3711434569233456,-0.003078759184274449,2.1692610781066115,10.92828488817402,5.626430322967557,0.8307848497523651,-0.3711434569233456,-0.003078759184274449,32.256912,144.90906,62.62217,8.822935,-4.0937123,-0.035313368
7.683333734050393,-0.03429474,-2.572694,-0.062017184,-1.6039855,0.57052433,-0.35562643,-0.6090868,-0.5187772,0.38854215,-0.66825986,0.5896293,-0.54514104,1.7473951954126519,11.760227209122831,6.036454412386638,0.8919554241633012,-0.4233071940224061,0.000897759235518438,1.7473951954126519,11.760227209122831,6.036454412386638,0.8919554241633012,-0.4233071940224061,0.000897759235518438,25.983767,155.94061,67.18574,9.472567,-4.6690784,0.010297298
7.700000401586294,-0.04393014,-2.581481,-0.05572912,-1.6151255,0.58027565,-0.36471766,-0.57813424,-0.51665115,0.3819157,-0.66660124,0.5850756,-0.545453,2.2963179464539025,11.006601831312453,5.643768858931028,0.8403246461110376,-0.3684113918383988,-0.0028865900679890134,2.2963179464539025,11.006601831312453,5.643768858931028,0.8403246461110376,-0.3684113918383988,-0.0028865900679890134,34.146248,145.94754,62.815147,8.924248,-4.0635777,-0.033109188
7.716667069122195,-0.05303964,-2.5902257,-0.049555793,-1.6262277,0.589945,-0.3738131,-0.5465119,-0.5140586,0.37496713,-0.6642952,0.5800632,-0.5456655,2.382750726018725,11.063337829497785,5.660990863261946,0.8463114219421273,-0.3672541863034232,-0.002748132687396554,2.382750726018725,11.063337829497785,5.660990863261946,0.8463114219421273,-0.3672541863034232,-0.002748132687396554,35.431503,146.69986,63.00683,8.987827,-4.0508137,-0.031521082
7.733333736658096,-0.06173451,-2.5988152,-0.0435471,-1.6371318,0.59941196,-0.38276118,-0.5217785,-0.504102,0.36544865,-0.6521578,0.5680564,-0.53693837,1.776061349854665,11.858520968107797,6.054603185936447,0.9019602939009442,-0.422594488909973,0.001389126000242225,1.776061349854665,11.858520968107797,6.054603185936447,0.9019602939009442,-0.422594488909973,0.001389126000242225,26.410032,157.24399,67.38773,9.578818,-4.661217,0.015933275
7.750000404193997,-0.06989307,-2.6073444,-0.037652515,-1.6479815,0.60879076,-0.39171618,-0.48949915,-0.5010864,0.3582228,-0.64924693,0.56268394,-0.53730446,2.5031235367159916,11.14343726616999,5.680053724647103,0.8547565582332863,-0.3643532179748591,-0.002563176408682892,2.5031235367159916,11.14343726616999,5.680053724647103,0.8547565582332863,-0.3643532179748591,-0.002563176408682892,37.221447,147.76198,63.218998,9.077515,-4.018816,-0.029399633
7.7666670717298985,-0.07750469,-2.6158164,-0.03188256,-1.6587721,0.6180731,-0.4006769,-0.45662355,-0.49760517,0.35067743,-0.6457004,0.5568742,-0.5375805,2.5837470479835662,11.201060483538367,5.698168224187338,0.8601731050710445,-0.3631934185840818,-0.0024321189421410132,2.5837470479835662,11.201060483538367,5.698168224187338,0.8601731050710445,-0.3631934185840818,-0.0024321189421410132,38.42032,148.52606,63.420612,9.135038,-4.0060234,-0.027896404
7.7833337392657995,-0.084716186,-2.6241302,-0.026274994,-1.6693604,0.62715346,-0.40949306,-0.43274584,-0.4874733,0.34125304,-0.63325596,0.5448583,-0.52901804,1.789618404262725,11.955807831132754,6.073643083735189,0.9097982934639279,-0.42175191808373735,0.0018864376397369836,1.789618404262725,11.955807831132754,6.073643083735189,0.9097982934639279,-0.42175191808373735,0.0018864376397369836,26.611626,158.53401,67.59965,9.662058,-4.6519237,0.02163744
7.800000406801701,-0.09137145,-2.6323688,-0.02079216,-1.6798733,0.63613224,-0.4183174,-0.3992773,-0.48356524,0.33342108,-0.6291191,0.5387152,-0.52945524,2.6961259258298482,11.282846902470423,5.718951983593223,0.8674129478899998,-0.3601602933024236,-0.002247412098732427,2.6961259258298482,11.282846902470423,5.718951983593223,0.8674129478899998,-0.3601602933024236,-0.002247412098732427,40.091393,149.61055,63.651936,9.2119255,-3.972568,-0.025777817
7.816667074337602,-0.09746104,-2.640536,-0.015444015,-1.6903074,0.64500314,-0.4271486,-0.3652891,-0.47919807,0.32527298,-0.62436694,0.5321633,-0.52980894,2.7699122271765457,11.340931565873044,5.737739624681498,0.872162192105798,-0.35900674078103534,-0.002117996747948963,2.7699122271765457,11.340931565873044,5.737739624681498,0.872162192105798,-0.35900674078103534,-0.002117996747948963,41.188595,150.38075,63.861042,9.2623625,-3.9598444,-0.024293423
7.833333741873503,-0.10316658,-2.6485415,-0.010255729,-1.700534,0.65367204,-0.43583798,-0.34235972,-0.46892327,0.3159578,-0.6116753,0.5201864,-0.52141327,1.7872887966050828,12.051999191353223,6.09362277487646,0.9153444214729267,-0.42080174547266336,0.0023986114661591717,1.7872887966050828,12.051999191353223,6.09362277487646,0.9153444214729267,-0.42080174547266336,0.0023986114661591717,26.576984,159.80951,67.82202,9.720958,-4.6414433,0.027512074
7.850000409409404,-0.10829832,-2.6564572,-0.00520291,-1.7106657,0.6622286,-0.44453722,-0.30784327,-0.4641273,0.30751565,-0.60635054,0.51332945,-0.5219333,2.8732505033861173,11.42408966478719,5.76013323431709,0.8780893408421518,-0.35586612179186383,-0.0019282180533371702,2.8732505033861173,11.42408966478719,5.76013323431709,0.8780893408421518,-0.35586612179186383,-0.0019282180533371702,42.725235,151.48343,64.11028,9.325309,-3.9252033,-0.022116661
7.866667076945305,-0.11284803,-2.6642869,-0.000294866,-1.7206994,0.6706651,-0.4532445,-0.272884,-0.458878,0.2987626,-0.60043156,0.5060903,-0.52237463,2.939451277937437,11.482845208583734,5.779742080674766,0.8821280887122434,-0.35475054764250463,-0.0017961004867487194,2.939451277937437,11.482845208583734,5.779742080674766,0.8821280887122434,-0.35475054764250463,-0.0017961004867487194,43.70964,152.26253,64.32853,9.3682,-3.9128985,-0.020601273
7.883333744481206,-0.11703121,-2.6719532,0.004456085,-1.7305231,0.6789011,-0.46181276,-0.25099143,-0.44849643,0.2895732,-0.5875551,0.4942035,-0.5141427,1.7686116591186114,12.146592176158324,6.114397623039856,0.9184679293587608,-0.4197324716493636,0.0029303243914789597,1.7686116591186114,12.146592176158324,6.114397623039856,0.9184679293587608,-0.4197324716493636,0.0029303243914789597,26.299255,161.06381,68.053246,9.754129,-4.629649,0.03361082
7.900000412017107,-0.12062537,-2.6795156,0.009060798,-1.7402326,0.68701345,-0.47039202,-0.21556959,-0.44281808,0.28051874,-0.5810834,0.48669085,-0.51475155,3.0329059736794406,11.566827236077724,5.803549493205301,0.8866452901376843,-0.35151302652367655,-0.0015957831504974764,3.0329059736794406,11.566827236077724,5.803549493205301,0.8866452901376843,-0.35151302652367655,-0.0015957831504974764,45.09931,153.37613,64.593506,9.416173,-3.8771887,-0.018303633
7.916667079553008,-0.12362351,-2.686977,0.013510622,-1.7498254,0.69499546,-0.4789811,-0.17978257,-0.436696,0.27116027,-0.57403946,0.47882816,-0.5152829,3.090878341048856,11.625924549131552,5.823844505234655,0.8899011629898446,-0.3504366412123873,-0.0014565774639897899,3.090878341048856,11.625924549131552,5.823844505234655,0.8899011629898446,-0.3504366412123873,-0.0014565774639897899,45.96136,154.15976,64.81939,9.45075,-3.8653162,-0.016706944
7.933333747088909,-0.12627405,-2.6942732,0.0178064,-1.7592059,0.7027794,-0.4874339,-0.15900908,-0.4262415,0.26211467,-0.5610419,0.46708322,-0.5072123,1.7335669819588782,12.239617855480533,6.1361211757882685,0.9191105370243167,-0.41854154598896653,0.003486315686492787,1.7335669819588782,12.239617855480533,6.1361211757882685,0.9191105370243167,-0.41854154598896653,0.003486315686492787,25.778141,162.29733,68.29503,9.760954,-4.6165133,0.03998804
7.95000041462481,-0.12832275,-2.7014515,0.021945197,-1.768454,0.7104301,-0.4958993,-0.12282547,-0.41969243,0.25245,-0.55346996,0.4589795,-0.50790924,3.173885076095694,11.710186206017864,5.848875499906994,0.8929363976315141,-0.34711248530978417,-0.0012429153389169948,3.173885076095694,11.710186206017864,5.848875499906994,0.8929363976315141,-0.34711248530978417,-0.0012429153389169948,47.19567,155.27707,65.097984,9.482985,-3.8286507,-0.014256239
7.966667082160711,-0.12976392,-2.7085154,0.02591902,-1.777568,0.7179409,-0.50437593,-0.0863546,-0.41270864,0.24248813,-0.54535365,0.45055768,-0.5085295,3.2231323816829187,11.769566600678733,5.869850508286303,0.8953602749524593,-0.34608527518140114,-0.0010946884088757355,3.2231323816829187,11.769566600678733,5.869850508286303,0.8953602749524593,-0.34608527518140114,-0.0010946884088757355,47.92798,156.06445,65.331436,9.508726,-3.8173206,-0.012556076
7.983333749696612,-0.1308776,-2.715412,0.029742133,-1.7864691,0.7252574,-0.5127187,-0.06677683,-0.40221658,0.23360562,-0.53229487,0.43900457,-0.5006107,1.68245427145121,12.33056530154129,6.158674845048573,0.9172231239563103,-0.4172060560985576,0.00406754151987011,1.68245427145121,12.33056530154129,6.158674845048573,0.9172231239563103,-0.4172060560985576,0.00406754151987011,25.018095,163.5033,68.54605,9.74091,-4.601783,0.0466547
8.000000417232513,-0.13137905,-2.722178,0.03339759,-1.79522,0.73243135,-0.5210748,-0.02997532,-0.39481026,0.22333409,-0.5236747,0.43037626,-0.5013908,3.295337392246475,11.853462322804724,5.895867908954192,0.896869271488513,-0.34267705673535953,-0.0008655197223373985,3.295337392246475,11.853462322804724,5.895867908954192,0.896869271488513,-0.34267705673535953,-0.0008655197223373985,49.001667,157.17691,65.62101,9.524752,-3.779728,-0.009927511
8.016667084768414,-0.13126375,-2.7288146,0.03687807,-1.8038192,0.73945695,-0.529444,0.007035965,-0.38697833,0.21277541,-0.5145388,0.42146546,-0.5020936,3.3355456354157913,11.913136155716794,5.917597631024329,0.8984416667126442,-0.3417035394220707,-0.0007048210270423523,3.3355456354157913,11.913136155716794,5.917597631024329,0.8984416667126442,-0.3417035394220707,-0.0007048210270423523,49.599564,157.96819,65.86286,9.5414505,-3.76899,-0.008084297
8.033333752304316,-0.13084243,-2.7352836,0.04021149,-1.8122059,0.74629265,-0.5376818,0.02534723,-0.3764864,0.2040757,-0.5014844,0.41015196,-0.494318,1.6158439364301815,12.418709549249387,6.181800204788578,0.9127866525883505,-0.4156941840136365,0.004672629997433011,1.6158439364301815,12.418709549249387,6.181800204788578,0.9127866525883505,-0.4156941840136365,0.004672629997433011,24.0276,164.67209,68.80344,9.693794,-4.585107,0.053595066
8.050000419840217,-0.12980077,-2.7416077,0.04336673,-1.820426,0.7529782,-0.5459349,0.0626237,-0.36823878,0.19320552,-0.49187332,0.40107167,-0.49517056,3.3968419457892884,11.995974349400218,5.944329302051746,0.8984072733733615,-0.3382127715151416,-0.0004602289241401652,3.3968419457892884,11.995974349400218,5.944329302051746,0.8984072733733615,-0.3382127715151416,-0.0004602289241401652,50.51104,159.06662,66.160385,9.541085,-3.7304869,-0.0052788258
8.066667087376118,-0.12813556,-2.74779,0.046337128,-1.8284785,0.75950885,-0.5542017,0.10003271,-0.3595812,0.18205817,-0.4817779,0.39174446,-0.4959395,3.4278130803881033,12.055094677218845,5.9663955948959035,0.8990616448181498,-0.33727208809320863,-0.0002871623949684469,3.4278130803881033,12.055094677218845,5.9663955948959035,0.8990616448181498,-0.33727208809320863,-0.0002871623949684469,50.97158,159.85056,66.40598,9.548035,-3.7201111,-0.0032937527
8.083333754912019,-0.12618674,-2.7538042,0.049164418,-1.8363194,0.7658543,-0.56233925,0.117013395,-0.34912366,0.17356297,-0.4687875,0.38071617,-0.48829463,1.5346239778766235,12.503921715921946,6.205558948225516,0.9058740403917102,-0.4139956407728567,0.005298795758274813,1.5346239778766235,12.503921715921946,6.205558948225516,0.9058740403917102,-0.4139956407728567,0.005298795758274813,22.819859,165.802,69.06787,9.620382,-4.566372,0.060777187
8.10000042244792,-0.12361198,-2.7596602,0.051803198,-1.8439785,0.7720424,-0.57049316,0.154623,-0.3400549,0.16210446,-0.4582489,0.37125766,-0.48920336,3.478260207031907,12.13667511400594,5.993821657357297,0.8975323535179239,-0.3337190028006449,-2.910078559216979e-05,3.478260207031907,12.13667511400594,5.993821657357297,0.8975323535179239,-0.3337190028006449,-2.910078559216979e-05,51.72173,160.93231,66.711235,9.531794,-3.6809206,-0.000333786
8.116667089983821,-0.12040919,-2.7653599,0.05424746,-1.8514551,0.7780703,-0.57866126,0.19228894,-0.33059198,0.1503809,-0.44725707,0.36159042,-0.49002147,3.4999439519126705,12.195163686530803,6.016235488658538,0.897275885170687,-0.3328108506535576,0.00015812119714259684,3.4999439519126705,12.195163686530803,6.016235488658538,0.897275885170687,-0.3328108506535576,0.00015812119714259684,52.044167,161.70787,66.9607,9.52907,-3.6709037,0.0018136501
8.133333757519722,-0.1169462,-2.7708938,0.056552947,-1.8587224,0.7839183,-0.58670235,0.20788154,-0.3202111,0.14211196,-0.43439162,0.35089335,-0.48249283,1.4398968612578547,12.584830121576877,6.22931083686054,0.8965230930996481,-0.4120607108066867,0.005939678202116084,1.4398968612578547,12.584830121576877,6.22931083686054,0.8965230930996481,-0.4120607108066867,0.005939678202116084,21.411266,166.87485,69.33223,9.521075,-4.5450296,0.06812811
8.150000425055623,-0.11285387,-2.776256,0.058659803,-1.8657932,0.78960466,-0.5947594,0.24568458,-0.3103434,0.13007931,-0.42299002,0.34113407,-0.4834359,3.5397599508238065,12.274916750992766,6.0441173954472704,0.8943143761988639,-0.3292063854006563,0.0004284674952938542,3.5397599508238065,12.274916750992766,6.0441173954472704,0.8943143761988639,-0.3292063854006563,0.0004284674952938542,52.63623,162.7654,67.27103,9.497619,-3.6311464,0.004914522
8.166667092591524,-0.10813141,-2.7814498,0.06056273,-1.8726679,0.79512626,-0.6028319,0.28346908,-0.30009988,0.11779535,-0.4111705,0.33120298,-0.48428112,3.5522004302588583,12.332360453195701,6.066691629113319,0.8931420392684793,-0.3283249283528609,0.0006277247314985253,3.5522004302588583,12.332360453195701,6.066691629113319,0.8931420392684793,-0.3283249283528609,0.0006277247314985253,52.82122,163.5271,67.52228,9.485168,-3.621424,0.0072000027
8.183333760127425,-0.103172995,-2.7864769,0.06233157,-1.879336,0.8004744,-0.6107788,0.29762277,-0.2898289,0.10977601,-0.39848918,0.32087862,-0.47685453,1.3328213617957192,12.661889307818981,6.253335546611775,0.884936309354678,-0.40991325758850156,0.006591036928770536,1.3328213617957192,12.661889307818981,6.253335546611775,0.884936309354678,-0.40991325758850156,0.006591036928770536,19.819054,167.89665,69.599625,9.398024,-4.521343,0.07559919
8.200000427663326,-0.09758417,-2.7913222,0.06389197,-1.885795,0.8056571,-0.618742,0.3354824,-0.27919328,0.097186334,-0.38629478,0.3108967,-0.4778055,3.5817793414507766,12.409272344943085,6.094533778050946,0.8888124297118681,-0.324667613288001,0.0009070091280816634,3.5817793414507766,12.409272344943085,6.094533778050946,0.8888124297118681,-0.324667613288001,0.0009070091280816634,53.26106,164.54695,67.83216,9.439188,-3.5810838,0.010403395
8.216667095199227,-0.091365285,-2.7959857,0.06523932,-1.8920448,0.8106716,-0.6267205,0.37325016,-0.2681952,0.084360726,-0.3737176,0.30078074,-0.4786472,3.5851217550804892,12.466096949972899,6.117500791866717,0.8867928312772188,-0.3238287170908177,0.0011190499236714664,3.5851217550804892,12.466096949972899,6.117500791866717,0.8867928312772188,-0.3238287170908177,0.0011190499236714664,53.31076,165.30045,68.08778,9.41774,-3.5718307,0.012835503
8.233333762735128,-0.084935434,-2.8004854,0.06645763,-1.8980924,0.8155199,-0.63457495,0.38592118,-0.25807235,0.076614805,-0.36127877,0.2908698,-0.47130617,1.2147776456831603,12.734138408217854,6.277121709256373,0.8712626670937978,-0.40753417304722916,0.007243767549602904,1.2147776456831603,12.734138408217854,6.277121709256373,0.8712626670937978,-0.40753417304722916,0.007243767549602904,18.063744,168.85468,69.864365,9.25281,-4.495102,0.083086014
8.25000043027103,-0.077876344,-2.804791,0.06745809,-1.9039185,0.82019985,-0.64244604,0.42370397,-0.24669294,0.06348956,-0.3483625,0.28074458,-0.47223324,3.604903025521315,12.540100926187783,6.1452874169088325,0.8812428418750369,-0.32015397996115663,0.0014041544773730384,3.604903025521315,12.540100926187783,6.1452874169088325,0.8812428418750369,-0.32015397996115663,0.0014041544773730384,53.604908,166.28174,68.39705,9.358799,-3.5312984,0.016105652
8.26666709780693,-0.070189506,-2.8089023,0.068236805,-1.909524,0.8247101,-0.6503311,0.4613239,-0.2349716,0.05014487,-0.3351023,0.27052566,-0.47303805,3.5994057055680484,12.595426119290865,6.168187939146029,0.8783749941378665,-0.3193338676030703,0.0016264429067463695,3.5994057055680484,12.595426119290865,6.168187939146029,0.8783749941378665,-0.3193338676030703,0.0016264429067463695,53.523163,167.01535,68.65193,9.328342,-3.5222526,0.0186553
8.283333765342832,-0.062317286,-2.8128529,0.06889188,-1.9149328,0.8290609,-0.6580933,0.47247463,-0.22503439,0.0426966,-0.3229618,0.26106578,-0.4657643,1.0870224850724508,12.801274778616374,6.300445172771718,0.8557341193075234,-0.4049405334002304,0.007891925189842218,1.0870224850724508,12.801274778616374,6.300445172771718,0.8557341193075234,-0.4049405334002304,0.007891925189842218,16.164024,169.7449,70.123955,9.087896,-4.466494,0.09052038
8.300000432878733,-0.05381913,-2.8165972,0.0693201,-1.9201095,0.8332432,-0.6658713,0.5100518,-0.2129431,0.02905995,-0.3093985,0.25088033,-0.46663186,3.6098908640509415,12.66624715353389,6.195749726685338,0.8717639298088807,-0.31567322375659823,0.0019136676605410853,3.6098908640509415,12.66624715353389,6.195749726685338,0.8717639298088807,-0.31567322375659823,0.0019136676605410853,53.679077,167.95444,68.958694,9.258133,-3.4818757,0.021949768
8.316667100414634,-0.04469768,-2.8201358,0.06951823,-1.9250549,0.8372549,-0.67366177,0.54739606,-0.2005335,0.015222494,-0.29553,0.24063866,-0.46736297,3.5957462128650124,12.71973576840592,6.218392508370536,0.8680945286867534,-0.31487652094712176,0.0021445616079395296,3.5957462128650124,12.71973576840592,6.218392508370536,0.8680945286867534,-0.31487652094712176,0.0021445616079395296,53.468746,168.6637,69.21071,9.219164,-3.473088,0.024598122
8.333333767950535,-0.035416905,-2.8235168,0.0695986,-1.92981,0.84111595,-0.6813301,0.5569972,-0.1908185,0.008097111,-0.28374156,0.23166433,-0.46013832,0.9510064012826331,12.86309358760782,6.323094123778638,0.8386115345353237,-0.4021583636673818,0.008526987476565055,0.9510064012826331,12.86309358760782,6.323094123778638,0.8386115345353237,-0.4021583636673818,0.008526987476565055,14.141465,170.56462,70.37604,8.9060545,-4.4358068,0.09780455
8.350000435486436,-0.025515597,-2.826682,0.06944355,-1.934323,0.8448088,-0.68901265,0.5942435,-0.17805178,-0.0060227504,-0.26960707,0.22149827,-0.46090764,3.597536837405299,12.787062010614042,6.2455197014684405,0.8605962419240489,-0.31126265296693945,0.002430497612658021,3.597536837405299,12.787062010614042,6.2455197014684405,0.8605962419240489,-0.31126265296693945,0.002430497612658021,53.495373,169.55644,69.512634,9.139532,-3.433227,0.027877808
8.366667103022337,-0.014997446,-2.8296301,0.06905062,-1.938596,0.84833205,-0.69670576,0.6311904,-0.16498628,-0.020323573,-0.2552095,0.21131437,-0.46152383,3.575089896534944,12.839056967250542,6.268034983838022,0.8562256836397276,-0.31050574422855326,0.0026684381074248546,3.575089896534944,12.839056967250542,6.268034983838022,0.8562256836397276,-0.31050574422855326,0.0026684381074248546,53.161587,170.2459,69.76323,9.093117,-3.4248784,0.030606985
8.383333770558238,-0.0043464527,-2.8324234,0.06854614,-1.9426852,0.8517137,-0.7042776,0.639219,-0.15552881,-0.027100686,-0.24382271,0.20285569,-0.45433095,0.8079722493626403,12.91956146378323,6.344885539066009,0.8201920604526212,-0.3992309812405708,0.00914271852714452,0.8079722493626403,12.91956146378323,6.344885539066009,0.8201920604526212,-0.3992309812405708,0.00914271852714452,12.014547,171.31339,70.618576,8.71044,-4.4035177,0.10486698
8.400000438094139,0.0069176806,-2.8349915,0.06779828,-1.9465243,0.85492796,-0.711861,0.6760143,-0.14212354,-0.04167214,-0.22919777,0.19278885,-0.4549575,3.5685813098284087,12.902379791121676,6.294397866522419,0.8480072919482791,-0.3069742527855383,0.002949489337418946,3.5685813098284087,12.902379791121676,6.294397866522419,0.8480072919482791,-0.3069742527855383,0.002949489337418946,53.064804,171.08556,70.05665,9.005837,-3.385926,0.033830643
8.41666710563004,0.018790243,-2.8373332,0.06680525,-1.9501165,0.85797495,-0.71945226,0.712447,-0.12844154,-0.05640352,-0.21434928,0.18274438,-0.45541355,3.538258186345463,12.952580746842006,6.316569723316065,0.8430054407784271,-0.30625597088313167,0.003192189889257642,3.538258186345463,12.952580746842006,6.316569723316065,0.8430054407784271,-0.30625597088313167,0.003192189889257642,52.6139,171.75122,70.30342,8.952718,-3.3780034,0.036614418
8.433333773165941,0.03076891,-2.8395238,0.06570732,-1.9535323,0.8608894,-0.72692215,0.71888655,-0.11927434,-0.06280648,-0.20341118,0.17482963,-0.44823363,0.6591313303759536,12.970801536134285,6.365683693555916,0.8007940374974253,-0.3962120357039617,0.00973425435313164,0.6591313303759536,12.970801536134285,6.365683693555916,0.8007940374974253,-0.3962120357039617,0.00973425435313164,9.801283,171.99283,70.85006,8.504433,-4.3702188,0.1116519
8.450000440701842,0.04335144,-2.841479,0.06435861,-1.9566904,0.8636396,-0.73440087,0.75511783,-0.10526803,-0.0777946,-0.18837313,0.1649441,-0.44867224,3.5240465791416233,13.012094627138715,6.3421724084681035,0.8342905457634936,-0.3028581278602967,0.003465799632650307,3.5240465791416233,13.012094627138715,6.3421724084681035,0.8342905457634936,-0.3028581278602967,0.003465799632650307,52.402573,172.54037,70.58838,8.860166,-3.3405252,0.03975272
8.466667108237743,0.05653212,-2.843198,0.062758066,-1.9595958,0.86622614,-0.741884,0.79092485,-0.09100955,-0.092919864,-0.17315331,0.15511802,-0.4489222,3.4860768731841323,13.060265680603672,6.363819872915262,0.8287397481627384,-0.30219282546263876,0.0037117844160058336,3.4860768731841323,13.060265680603672,6.363819872915262,0.8287397481627384,-0.30219282546263876,0.0037117844160058336,51.837963,173.17912,70.829315,8.801216,-3.3331869,0.042574167
8.483333775773644,0.06979203,-2.8447707,0.061059695,-1.9623328,0.8686895,-0.74924594,0.79576695,-0.082170926,-0.09892312,-0.16271037,0.14777085,-0.44173673,0.5056370964127254,13.016178597152503,6.384920324169614,0.7806927021838402,-0.39314091043480937,0.010293529879662297,0.5056370964127254,13.016178597152503,6.384920324169614,0.7806927021838402,-0.39314091043480937,0.010293529879662297,7.5188236,172.59453,71.06416,8.2909565,-4.3363442,0.11806679
8.500000443309546,0.08364472,-2.8461006,0.059103765,-1.9648073,0.8709929,-0.7566121,0.83132577,-0.06760531,-0.11428941,-0.14734015,0.13814512,-0.44193667,3.4646596696926752,13.115815267663557,6.388471797041708,0.8197254604763455,-0.29897244540756657,0.003976165053110696,3.4646596696926752,13.115815267663557,6.388471797041708,0.8197254604763455,-0.29897244540756657,0.003976165053110696,51.51949,173.91571,71.10369,8.705484,-3.297666,0.045606613
8.516667110845447,0.09808352,-2.847184,0.056890015,-1.9670231,0.87313765,-0.7639787,0.8664026,-0.05281117,-0.12976897,-0.13182738,0.1286159,-0.44192997,3.4193899620276778,13.16207264343538,6.409566764454528,0.8137348232520727,-0.2983784091980589,0.004223999814978868,3.4193899620276778,13.16207264343538,6.409566764454528,0.8137348232520727,-0.2983784091980589,0.004223999814978868,50.84633,174.52908,71.33848,8.641864,-3.2911139,0.048449278
8.533333778381348,0.11257465,-2.8481271,0.05458592,-1.9690804,0.87516904,-0.7712234,0.869644,-0.044334926,-0.13534634,-0.12192213,0.12185643,-0.43472326,0.34835157413649415,13.056189765757566,6.402606398590169,0.76023540029867,-0.3901013437445771,0.010818965349804347,0.34835157413649415,13.056189765757566,6.402606398590169,0.76023540029867,-0.3901013437445771,0.010818965349804347,5.179988,173.12508,71.26101,8.0737,-4.302818,0.12409353
8.550000445917249,0.12764579,-2.8488193,0.052018225,-1.9708705,0.87704617,-0.77846754,0.9044288,-0.029251607,-0.15104951,-0.10629796,0.11256747,-0.4346341,3.391121952182588,13.213657937258438,6.4331479685218715,0.8046281315288077,-0.29538819061445304,0.004476989573151938,3.391121952182588,13.213657937258438,6.4331479685218715,0.8046281315288077,-0.29538819061445304,0.004476989573151938,50.425983,175.2131,71.60094,8.545151,-3.2581317,0.05135107
8.56666711345315,0.14328937,-2.849258,0.049187407,-1.9723989,0.87877077,-0.7857072,0.938677,-0.013966535,-0.16684034,-0.090572946,0.10341003,-0.43431976,3.3389129330828116,13.257716252253607,6.453457375635248,0.7982800909354862,-0.2948755798616522,0.004724741189918418,3.3389129330828116,13.257716252253607,6.453457375635248,0.7982800909354862,-0.2948755798616522,0.004724741189918418,49.649635,175.79732,71.82698,8.477735,-3.2524776,0.05419278
8.58333378098905,0.15895844,-2.849561,0.046274144,-1.9737779,0.88039213,-0.7928247,0.94032216,-0.0058814404,-0.1719666,-0.081241645,0.097254656,-0.42707524,0.1882726262701223,13.091371285969316,6.418754255461028,0.7397693878288772,-0.3871730534682356,0.01130835741836295,0.1882726262701223,13.091371285969316,6.418754255461028,0.7397693878288772,-0.3871730534682356,0.01130835741836295,2.799614,173.59158,71.440735,7.856351,-4.270519,0.12970686
8.600000448524952,0.17519315,-2.849606,0.043091986,-1.9748869,0.88186616,-0.7999353,0.97423816,0.009674127,-0.1879619,-0.06544359,0.088376686,-0.42664337,3.304238438045089,13.305348760222238,6.475855440892085,0.7892804406232529,-0.29216214730754725,0.004965820412274122,3.304238438045089,13.305348760222238,6.475855440892085,0.7892804406232529,-0.29216214730754725,0.004965820412274122,49.134026,176.42892,72.07627,8.382158,-3.2225485,0.05695796
8.616667116060853,0.19198504,-2.8493898,0.039642185,-1.9757318,0.8831951,-0.8070357,1.0075647,0.025405394,-0.20401776,-0.049584378,0.07966413,-0.42596683,3.2451619377213192,13.347350705982514,6.495360094260655,0.7826844626676341,-0.2917627799759534,0.005213301807460103,3.2451619377213192,13.347350705982514,6.495360094260655,0.7826844626676341,-0.2917627799759534,0.005213301807460103,48.255558,176.98587,72.29336,8.312109,-3.2181435,0.05979657
8.633333783596754,0.20877579,-2.849044,0.036118247,-1.9764383,0.8844311,-0.81401277,1.007625,0.03306579,-0.20866774,-0.040862422,0.0741245,-0.41867065,0.02621276793899998,13.121276671350632,6.432886115088723,0.7195674317929256,-0.3844138825901616,0.01175759040280436,0.02621276793899998,13.121276671350632,6.432886115088723,0.7195674317929256,-0.3844138825901616,0.01175759040280436,0.38978386,173.98813,71.59802,7.641806,-4.240085,0.13485956
8.650000451132655,0.22611634,-2.8484342,0.032320913,-1.9768727,0.8855277,-0.8209765,1.0405833,0.04904721,-0.22490746,-0.02496713,0.06572831,-0.4178419,3.2044431869824943,13.390937218299278,6.516425586025241,0.7739846540260674,-0.2893719366217135,0.005441514325328983,3.2044431869824943,13.390937218299278,6.516425586025241,0.7739846540260674,-0.2893719366217135,0.005441514325328983,47.65007,177.56383,72.52782,8.219717,-3.1917725,0.06241417
8.666667118668556,0.24399747,-2.847556,0.028252212,-1.9770421,0.8864874,-0.8279234,1.0729057,0.06517732,-0.2411799,-0.0090509085,0.057530407,-0.41674942,3.1390971919395176,13.43078843428898,6.534978107407836,0.7672384409356702,-0.2890928377374561,0.005687000238074358,3.1390971919395176,13.43078843428898,6.534978107407836,0.7672384409356702,-0.2890928377374561,0.005687000238074358,46.678375,178.09225,72.73431,8.148072,-3.188694,0.06522989
8.683333786204457,0.26185113,-2.8465557,0.02411809,-1.9770832,0.88736486,-0.834746,1.0713966,0.07238251,-0.2453292,-0.0009682589,0.052615196,-0.40938762,-0.13744839101969675,13.146236183776395,6.444956050300426,0.6999394763436471,-0.38191491867992305,0.012168285632611568,-0.13744839101969675,13.146236183776395,6.444956050300426,0.6999394763436471,-0.38191491867992305,0.012168285632611568,-2.0438576,174.31909,71.73236,7.4333572,-4.2125216,0.13957024
8.700000453740358,0.28023735,-2.8452852,0.019706916,-1.976852,0.888112,-0.8415476,1.1033167,0.08874296,-0.2617627,0.014946507,0.044769235,-0.40810776,3.0924483442274453,13.470463587327961,6.5546986870367245,0.7590180736477092,-0.28707853578375564,0.005902761776964874,3.0924483442274453,13.470463587327961,6.5546986870367245,0.7590180736477092,-0.28707853578375564,0.005902761776964874,45.984707,178.61835,72.9538,8.060772,-3.1664762,0.06770468
8.71666712127626,0.2991463,-2.8437402,0.015021517,-1.976356,0.8887322,-0.8483243,1.1345568,0.10522391,-0.27820027,0.030843597,0.037151918,-0.40654367,3.020940599781439,13.508062808581967,6.572174319038494,0.7522179357525095,-0.28694624913787153,0.006145649405282377,3.020940599781439,13.508062808581967,6.572174319038494,0.7522179357525095,-0.28694624913787153,0.006145649405282377,44.921387,179.11691,73.1483,7.9885545,-3.1650171,0.0704906
8.73333378881216,0.31800172,-2.8420804,0.010279804,-1.9757432,0.8892807,-0.8549752,1.1315,0.11194457,-0.281825,0.038258944,0.032864008,-0.39910516,-0.30219777767178835,13.166349937473488,6.454837932740903,0.6811600844963347,-0.3797561389580707,0.012539736374420192,-0.30219777767178835,13.166349937473488,6.454837932740903,0.6811600844963347,-0.3797561389580707,0.012539736374420192,-4.493681,174.5858,71.84235,7.23392,-4.18871,0.14383078
8.750000456348062,0.33737126,-2.840146,0.005258256,-1.9748597,0.88970846,-0.86159754,1.1623073,0.1286345,-0.2983997,0.05411918,0.025631506,-0.39732057,2.968619987318479,13.54368736301612,6.590429342017983,0.7446421517266169,-0.28534821780940567,0.006349729057385179,2.968619987318479,13.54368736301612,6.590429342017983,0.7446421517266169,-0.28534821780940567,0.006349729057385179,44.14338,179.5893,73.35148,7.9080997,-3.1473908,0.07283139
8.766667123883963,0.3572444,-2.8379323,-3.9476043e-05,-1.9737128,0.89002025,-0.8681858,1.1923947,0.14541768,-0.31494823,0.06992568,0.018657314,-0.39523056,2.8912491019171362,13.579154266311393,6.606817116955862,0.7378910894447801,-0.2853858287185296,0.006590205477753616,2.8912491019171362,13.579154266311393,6.606817116955862,0.7378910894447801,-0.2853858287185296,0.006590205477753616,42.992874,180.05959,73.533875,7.8364034,-3.1478057,0.07558966
8.783333791419864,0.37703842,-2.8356118,-0.0053840433,-1.97246,0.8902707,-0.8746477,1.1878194,0.15162839,-0.31802562,0.07665256,0.014996488,-0.38770702,-0.46722640426830714,13.18190216478719,6.462559181617812,0.6635061540621598,-0.3780045081352172,0.012873480812611533,-0.46722640426830714,13.18190216478719,6.462559181617812,0.6635061540621598,-0.3780045081352172,0.012873480812611533,-6.9476566,174.79202,71.92828,7.0464354,-4.1693897,0.14765882
8.800000458955765,0.39732707,-2.8330128,-0.011010294,-1.9709387,0.89041215,-0.8810707,1.217448,0.16860043,-0.33468637,0.092386685,0.008437483,-0.38535973,2.833482733330794,13.61077540240856,6.623603155884995,0.7311108871143867,-0.2842440133946437,0.006783746488216969,2.833482733330794,13.61077540240856,6.623603155884995,0.7311108871143867,-0.2842440133946437,0.006783746488216969,42.13389,180.47888,73.7207,7.7643976,-3.1352115,0.07780957
8.816667126491666,0.4180991,-2.8301299,-0.016913757,-1.969156,0.8904487,-0.88744986,1.2463192,0.18563709,-0.35129005,0.10803075,0.002162026,-0.3826914,2.7503610699467,13.643962693250378,6.638785171166049,0.7244935367964981,-0.2844767687219117,0.007021520692780419,2.7503610699467,13.643962693250378,6.638785171166049,0.7244935367964981,-0.2844767687219117,0.007021520692780419,40.89787,180.91895,73.88968,7.6941214,-3.1377788,0.08053684
8.833333794027567,0.4387673,-2.8271477,-0.02285423,-1.9672804,0.890435,-0.89370024,1.2402592,0.19131255,-0.3537984,0.114048555,-0.0008762524,-0.3750763,-0.6323622631080694,13.192670773237179,6.467973104170176,0.6471913188639783,-0.3767330000212489,0.01317159757472789,-0.6323622631080694,13.192670773237179,6.467973104170176,0.6471913188639783,-0.3767330000212489,0.01317159757472789,-9.403227,174.93481,71.98854,6.873172,-4.155365,0.15107822
8.850000461563468,0.45990953,-2.823884,-0.029077252,-1.9651388,0.8903242,-0.89990294,1.2686481,0.20851436,-0.37048694,0.12958792,-0.0067082834,-0.37211868,2.6873362168579513,13.671140829002875,6.6539219447544635,0.7186239946584468,-0.28381451410482067,0.007204148908646707,2.6873362168579513,13.671140829002875,6.6539219447544635,0.7186239946584468,-0.28381451410482067,0.007204148908646707,39.96069,181.27933,74.05815,7.631787,-3.130474,0.08263159
8.866667129099369,0.48151398,-2.8203335,-0.035577573,-1.9627407,0.890121,-0.906051,1.2962487,0.22575241,-0.38708863,0.14500138,-0.01223321,-0.3688191,2.5989496555597733,13.701879348869957,6.667770701063075,0.7122180331673775,-0.28425062772693793,0.007438742813070442,2.5989496555597733,13.701879348869957,6.667770701063075,0.7122180331673775,-0.28425062772693793,0.007438742813070442,38.64638,181.68692,74.21229,7.5637555,-3.1352844,0.08532238
8.88333379663527,0.5029903,-2.8166926,-0.042104717,-1.9602611,0.8898769,-0.91206867,1.2887404,0.23086898,-0.3890073,0.15029797,-0.014658791,-0.361108,-0.7973120047409581,13.198526880140578,6.471057765031867,0.6324227471360604,-0.37600602870190675,0.013435915853006483,-0.7973120047409581,13.198526880140578,6.471057765031867,0.6324227471360604,-0.37600602870190675,0.013435915853006483,-11.8560295,175.01247,72.02287,6.7163296,-4.1473465,0.15410995
8.900000464171171,0.52491915,-2.8127675,-0.04891433,-1.9575201,0.889549,-0.9180272,1.315839,0.24825196,-0.4056659,0.16557658,-0.01971288,-0.35748646,2.5307889423998877,13.724772135416666,6.681419982635964,0.7073903038901349,-0.2841014810183431,0.00761313966386923,2.5307889423998877,13.724772135416666,6.681419982635964,0.7073903038901349,-0.2841014810183431,0.00761313966386923,37.63283,181.99048,74.364204,7.512485,-3.1336393,0.08732271
8.916667131707072,0.54728854,-2.8085525,-0.05600031,-1.9545271,0.8891426,-0.92392004,1.3421199,0.26564097,-0.42220566,0.18069701,-0.024439713,-0.35350695,2.4372949965784194,13.752830585922771,6.693842254666091,0.7012700854946216,-0.28476211447555805,0.007844449336776135,2.4372949965784194,13.752830585922771,6.693842254666091,0.7012700854946216,-0.28476211447555805,0.007844449336776135,36.242577,182.36253,74.502464,7.4474883,-3.1409261,0.089975834
8.933333799242973,0.569506,-2.8042567,-0.06310265,-1.9514649,0.8887057,-0.92968214,1.3332058,0.27017632,-0.4235163,0.18525977,-0.026266154,-0.345699,-0.9616559355068143,13.19902975275146,6.47172747917895,0.6193601927963803,-0.3758701106579003,0.013669221008353993,-0.9616559355068143,13.19902975275146,6.47172747917895,0.6193601927963803,-0.3758701106579003,0.013669221008353993,-14.299824,175.01913,72.03033,6.5776052,-4.1458473,0.15678596
8.950000466778874,0.5921539,-2.799675,-0.07048635,-1.9481466,0.8881983,-0.93537176,1.3589678,0.28768814,-0.44008458,0.20021532,-0.030501425,-0.34136286,2.364185181895438,13.770901779243848,6.705875173947453,0.6975595560451012,-0.2851407741916688,0.008011758067655687,2.364185181895438,13.770901779243848,6.705875173947453,0.6975595560451012,-0.2851407741916688,0.008011758067655687,35.155434,182.60216,74.63639,7.4080825,-3.1451027,0.091894865
8.966667134314775,0.6152198,-2.7948005,-0.078144476,-1.9445816,0.88762605,-0.9409838,1.3838875,0.305177,-0.45650116,0.21498035,-0.034390915,-0.3366556,2.2658878472641804,13.796216869785775,6.716880558421776,0.6917966512187951,-0.2860388535320597,0.008239201493333917,2.2658878472641804,13.796216869785775,6.716880558421776,0.6917966512187951,-0.2860388535320597,0.008239201493333917,33.693752,182.93784,74.75888,7.3468804,-3.1550086,0.09450364
8.983333801850677,0.63811105,-2.7898548,-0.08580822,-1.9409603,0.88703287,-0.9464636,1.3736153,0.30910897,-0.45718637,0.21880199,-0.03563514,-0.3287526,-1.124803893263098,13.193600569735105,6.46994317424051,0.6081392087056363,-0.3763526975297971,0.013872344491787338,-1.124803893263098,13.193600569735105,6.46994317424051,0.6081392087056363,-0.3763526975297971,0.013872344491787338,-16.725834,174.94714,72.01047,6.4584384,-4.1511703,0.15911579
9.000000469386578,0.6614101,-2.784622,-0.0937512,-1.9370896,0.886383,-0.95185816,1.3980027,0.32669637,-0.47360238,0.23337577,-0.0390127,-0.32365704,2.1881590934912474,13.808830111634498,6.727170987056379,0.6892619608934766,-0.2869399158066225,0.00839967153959931,2.1881590934912474,13.808830111634498,6.727170987056379,0.6892619608934766,-0.2869399158066225,0.00839967153959931,32.537926,183.10509,74.87341,7.319962,-3.1649473,0.09634423
9.016667136922479,0.6851032,-2.7790964,-0.10196563,-1.9329792,0.8856831,-0.9571621,1.4215244,0.34422982,-0.48983452,0.24772978,-0.042028595,-0.31817785,2.085088128280383,13.830950752822163,6.73660319449124,0.6839028859542589,-0.2880917390908097,0.008624724543603898,2.085088128280383,13.830950752822163,6.73660319449124,0.6839028859542589,-0.2880917390908097,0.008624724543603898,31.00526,183.3984,74.97839,7.2630486,-3.177652,0.09892559
9.03333380445838,0.7085999,-2.7735095,-0.110174656,-1.9288247,0.8849717,-0.962331,1.4099456,0.34754282,-0.48987967,0.25080967,-0.042711105,-0.31018615,-1.2862679456494044,13.182004580490549,6.465948195684524,0.5988928333289655,-0.37748884960184936,0.014048237954416582,-1.2862679456494044,13.182004580490549,6.465948195684524,0.5988928333289655,-0.37748884960184936,0.014048237954416582,-19.126804,174.79338,71.966,6.360242,-4.163702,0.16113329
9.05000047199428,0.7324811,-2.7676353,-0.118659765,-1.924428,0.8842185,-0.96740264,1.4329277,0.3651541,-0.5060813,0.2649475,-0.045199554,-0.30429232,2.0033774154652826,13.837931130986048,6.745340325011933,0.6826105315357504,-0.2895100162122213,0.008778584554284784,2.0033774154652826,13.837931130986048,6.745340325011933,0.6826105315357504,-0.2895100162122213,0.008778584554284784,29.790222,183.49097,75.07564,7.249324,-3.1932955,0.100690365
9.066667139530182,0.75673294,-2.7614682,-0.12741232,-1.9197992,0.8834307,-0.9723703,1.4550236,0.38268298,-0.52206707,0.27883866,-0.04731476,-0.298,1.895893253411073,13.856791730739772,6.753278185629352,0.6777148237785153,-0.29092665055829187,0.009000914556208961,1.895893253411073,13.856791730739772,6.753278185629352,0.6777148237785153,-0.29092665055829187,0.009000914556208961,28.191933,183.74106,75.16399,7.1973314,-3.208921,0.10324049
9.083333807066083,0.7807674,-2.7552483,-0.13614824,-1.915139,0.8826403,-0.97720164,1.4421923,0.38535887,-0.5214584,0.28117728,-0.047461994,-0.28992552,-1.4456055672600034,13.163073785704185,6.459624640918056,0.5916725668754507,-0.3792826305814797,0.014199582825771287,-1.4456055672600034,13.163073785704185,6.459624640918056,0.5916725668754507,-0.3792826305814797,0.014199582825771287,-21.496155,174.54236,71.89562,6.2835627,-4.1834874,0.16286922
9.100000474601984,0.8051622,-2.7487438,-0.14515601,-1.9102446,0.88182384,-0.9819223,1.4637415,0.40293956,-0.5373837,0.29483,-0.049037986,-0.28319106,1.8102736944469255,13.856955135569853,6.760189882400114,0.6776568579808467,-0.29284221306780955,0.009148808905843454,1.8102736944469255,13.856955135569853,6.760189882400114,0.6776568579808467,-0.29284221306780955,0.009148808905843454,26.91877,183.74323,75.24091,7.196716,-3.2300496,0.10493684
9.116667142137885,0.82990414,-2.7419474,-0.15442617,-1.9051267,0.88098663,-0.9865241,1.4843924,0.42041156,-0.5530613,0.30821028,-0.050232813,-0.27604812,1.6992185447708263,13.872392289059555,6.766717024783453,0.673279430008653,-0.29451592013928857,0.009367397378191495,1.6992185447708263,13.872392289059555,6.766717024783453,0.673279430008653,-0.29451592013928857,0.009367397378191495,25.26738,183.94792,75.31356,7.1502275,-3.2485106,0.10744405
9.133333809673786,0.8544084,-2.7351084,-0.16366838,-1.8999892,0.8801559,-0.9909892,1.4703637,0.42243844,-0.55178785,0.30981362,-0.049871612,-0.2679024,-1.6023493486518579,13.13622130887361,6.451248758458277,0.5865328280490222,-0.38173559678216906,0.014327189770592953,-1.6023493486518579,13.13622130887361,6.451248758458277,0.5865328280490222,-0.38173559678216906,0.014327189770592953,-23.826935,174.1863,71.8024,6.2289786,-4.2105436,0.16433287
9.150000477209687,0.8792491,-2.7279863,-0.17317706,-1.8946266,0.8793147,-0.9953283,1.4904628,0.43994004,-0.56737405,0.32293487,-0.05051642,-0.2602923,1.6102234789727115,13.865415363110388,6.772030181747669,0.6744778986929052,-0.2969072174182937,0.009510178304071934,1.6102234789727115,13.865415363110388,6.772030181747669,0.6744778986929052,-0.2969072174182937,0.009510178304071934,23.944023,183.85541,75.372696,7.1629553,-3.2748866,0.109081745
9.166667144745588,0.90441257,-2.7205737,-0.1829421,-1.8890495,0.8784688,-0.9995337,1.5096515,0.457304,-0.58268064,0.33576107,-0.050775003,-0.25226673,1.4957830740768956,13.876753586989183,6.776997856695375,0.6706305142849852,-0.29883449550984886,0.009725066819394683,1.4957830740768956,13.876753586989183,6.776997856695375,0.6706305142849852,-0.29883449550984886,0.009725066819394683,22.242294,184.00575,75.427986,7.122096,-3.2961445,0.11154652
9.18333381228149,0.9293191,-2.71313,-0.19266766,-1.8834654,0.8776371,-1.0036004,1.4944849,0.45866856,-0.5807342,0.33663675,-0.049939685,-0.24406499,-1.7554716047378058,13.099943135119132,6.440740347122781,0.5834637837670393,-0.3848057709708607,0.014431703163419688,-1.7554716047378058,13.099943135119132,6.440740347122781,0.5834637837670393,-0.3848057709708607,0.014431703163419688,-26.103863,173.70525,71.68544,6.1963854,-4.2444077,0.16553164
9.20000047981739,0.95453763,-2.7054048,-0.20265342,-1.8776656,0.8768095,-1.0075257,1.5131198,0.47604004,-0.59591854,0.34918705,-0.049643245,-0.23555295,1.4039979176627124,13.861842320875166,6.780756344585298,0.6730711392763645,-0.3016638301873575,0.009861632648923653,1.4039979176627124,13.861842320875166,6.780756344585298,0.6730711392763645,-0.3016638301873575,0.009861632648923653,20.877449,183.80803,75.46982,7.1480155,-3.327352,0.11311293
9.216667147353292,0.9800543,-2.6973917,-0.21288842,-1.8716614,0.87599325,-1.0113034,1.5308361,0.49324387,-0.6107933,0.36142159,-0.04895613,-0.2266203,1.2867879450681952,13.868418789916808,6.784047334984627,0.6697584680244748,-0.3038227396019999,0.010071574030695734,1.2867879450681952,13.868418789916808,6.784047334984627,0.6697584680244748,-0.3038227396019999,0.010071574030695734,19.134537,183.89523,75.50645,7.112835,-3.3511648,0.115520954
9.233333814889193,1.0052961,-2.6893573,-0.2230723,-1.8656616,0.8751991,-1.0149426,1.5145957,0.49393588,-0.6081673,0.36158302,-0.047680702,-0.21837963,-1.9037927808421686,13.053155269018665,6.428328357295527,0.5824563193455928,-0.38843863894479014,0.014512520202264227,-1.9037927808421686,13.053155269018665,6.428328357295527,0.5824563193455928,-0.38843863894479014,0.014512520202264227,-28.309399,173.08484,71.547295,6.185686,-4.284478,0.1664586
9.250000482425094,1.0308254,-2.6810448,-0.23350902,-1.8594564,0.8744249,-1.0184255,1.5317603,0.5111236,-0.6228894,0.37352592,-0.046438534,-0.20893684,1.1931649614037807,13.84449724338353,6.786205226627429,0.673396394302167,-0.307027232290287,0.010201301175610543,1.1931649614037807,13.84449724338353,6.786205226627429,0.673396394302167,-0.307027232290287,0.010201301175610543,17.742363,183.57803,75.530464,7.1514697,-3.3865104,0.117008924
9.266667149960995,1.056628,-2.6724484,-0.24418682,-1.8530571,0.8736786,-1.0217443,1.5480001,0.5281152,-0.6372715,0.38513526,-0.044807326,-0.19907105,1.073697980971808,13.84596673611602,6.78792098354672,0.670637159473254,-0.30940994822968165,0.01040625385128111,1.073697980971808,13.84596673611602,6.78792098354672,0.670637159473254,-0.30940994822968165,0.01040625385128111,15.965889,183.59752,75.54956,7.1221666,-3.4127917,0.11935973
9.283333817496896,1.0821398,-2.6638415,-0.25480193,-1.846674,0.8729595,-1.0249257,1.5307494,0.5281268,-0.6339628,0.38459778,-0.043132845,-0.19081129,-2.0465981663676343,12.994510196093161,6.41416359461864,0.5834493259925627,-0.3925822803569943,0.014569661673401995,-2.0465981663676343,12.994510196093161,6.41416359461864,0.5834493259925627,-0.3925822803569943,0.014569661673401995,-30.432915,172.3072,71.38964,6.196232,-4.3301826,0.16711402
9.300000485032797,1.1079137,-2.6549609,-0.2656614,-1.840096,0.8722767,-1.0279331,1.5464381,0.5450803,-0.6481622,0.39590302,-0.04094721,-0.18041718,0.9787517822101442,13.81228923078396,6.78861674594108,0.6754235808234206,-0.3129366842703936,0.010528227715463146,0.9787517822101442,13.81228923078396,6.78861674594108,0.6754235808234206,-0.3129366842703936,0.010528227715463146,14.554039,183.15096,75.557304,7.1729984,-3.4516916,0.12075877
9.316667152568698,1.1339368,-2.6458004,-0.27675274,-1.8333352,0.8716375,-1.0307604,1.5612022,0.5618119,-0.6619926,0.4068585,-0.038378187,-0.1696034,0.8580057109532616,13.808318033117695,6.788880655814802,0.673227795099808,-0.31551540924653293,0.010725946767286517,0.8580057109532616,13.808318033117695,6.788880655814802,0.673227795099808,-0.31551540924653293,0.010725946767286517,12.758545,183.0983,75.56024,7.149679,-3.480135,0.12302661
9.333333820104599,1.1596524,-2.63664,-0.2877699,-1.8266014,0.8710321,-1.0334498,1.5430056,0.5611361,-0.6580003,0.40564236,-0.03634421,-0.16134936,-2.1827159027325362,12.922492394080528,6.398388638971951,0.5863604123534008,-0.3971456076379052,0.014601007376739847,-2.1827159027325362,12.922492394080528,6.398388638971951,0.5863604123534008,-0.3971456076379052,0.014601007376739847,-32.456985,171.35225,71.214066,6.2271476,-4.380516,0.16747355
9.3500004876405,1.1856065,-2.627212,-0.2990219,-1.819684,0.8704788,-1.0359508,1.5572242,0.5778063,-0.67161864,0.41628444,-0.03322775,-0.14999585,0.7629789597409319,13.763785613967643,6.78811017607957,0.6790888511528403,-0.31927928855391063,0.01083713255452403,0.7629789597409319,13.763785613967643,6.78811017607957,0.6790888511528403,-0.31927928855391063,0.01083713255452403,11.345497,182.5078,75.55167,7.2119236,-3.5216506,0.12430191
9.366667155176401,1.2117857,-2.6175084,-0.3104958,-1.8125947,0.8699829,-1.0382549,1.5705161,0.59422904,-0.6848408,0.42656368,-0.029736377,-0.13822281,0.6412765205347386,13.753790301614938,6.786931835630404,0.6774366238696428,-0.3220369247339686,0.011027555623673935,0.6412765205347386,13.753790301614938,6.786931835630404,0.6774366238696428,-0.3220369247339686,0.011027555623673935,9.535782,182.37526,75.53855,7.194377,-3.5520673,0.12648606
9.383333822712302,1.2376424,-2.6078165,-0.3218838,-1.805544,0.8695268,-1.0404216,1.551439,0.5928634,-0.6801666,0.4246888,-0.027385345,-0.13000095,-2.31089383544101,12.83587632675516,6.38129961779818,0.5910901700036001,-0.4020316538114712,0.014605954510290516,-2.31089383544101,12.83587632675516,6.38129961779818,0.5910901700036001,-0.4020316538114712,0.014605954510290516,-34.36299,170.20372,71.023865,6.2773776,-4.434409,0.1675303
9.400000490248203,1.2637138,-2.5978615,-0.3334964,-1.7983211,0.8691376,-1.0423833,1.5641923,0.6092018,-0.6931473,0.43464813,-0.023354296,-0.11767903,0.5471671437287219,13.697476624363688,6.784791080992391,0.6842887558730534,-0.3259551168460794,0.011125698023083528,0.5471671437287219,13.697476624363688,6.784791080992391,0.6842887558730534,-0.3259551168460794,0.011125698023083528,8.136375,181.62854,75.514725,7.2671466,-3.595285,0.12761176
9.416667157784104,1.2899851,-2.5876365,-0.3453199,-1.7909377,0.868821,-1.0441343,1.5760198,0.62526554,-0.7057054,0.44423383,-0.018958583,-0.10494379,0.42534977618527237,13.680720724850937,6.78212182112674,0.6831513061810798,-0.3288480874525885,0.011306673730053689,0.42534977618527237,13.680720724850937,6.78212182112674,0.6831513061810798,-0.3288480874525885,0.011306673730053689,6.324951,181.40636,75.485016,7.255067,-3.6271944,0.12968755
9.433333825320005,1.3159208,-2.5774357,-0.357046,-1.7836026,0.8685482,-1.0457479,1.5561297,0.6232059,-0.700355,0.44172603,-0.016337316,-0.09678038,-2.429669706630643,12.732824265147766,6.362902700419053,0.5974933027996632,-0.4071137522527119,0.014578578985558453,-2.429669706630643,12.732824265147766,6.362902700419053,0.5974933027996632,-0.4071137522527119,0.014578578985558453,-36.12919,168.83725,70.81911,6.345379,-4.4904647,0.1672163
9.450000492855906,1.3420463,-2.566978,-0.3689852,-1.7761079,0.8683575,-1.0471402,1.5674255,0.63916534,-0.7126434,0.45098576,-0.011414428,-0.08348772,0.3331095240784718,13.612025104137208,6.778856878974688,0.6909135146778632,-0.33284552185943966,0.011390390454319735,0.3331095240784718,13.612025104137208,6.778856878974688,0.6909135146778632,-0.33284552185943966,0.011390390454319735,4.9533386,180.49545,75.44868,7.3375015,-3.671286,0.13064778
9.466667160391808,1.3683481,-2.5562572,-0.38112354,-1.7684646,0.8682545,-1.0483037,1.5778043,0.6548238,-0.72448456,0.45986474,-0.0061418233,-0.069790386,0.21258817876675984,13.58790563062665,6.774733715622894,0.6902690212156365,-0.33581565967604776,0.011559268548993723,0.21258817876675984,13.58790563062665,6.774733715622894,0.6902690212156365,-0.33581565967604776,0.011559268548993723,3.1611862,180.17563,75.40279,7.330657,-3.7040467,0.13258481
9.483333827927709,1.3943007,-2.5455716,-0.39315307,-1.7608798,0.86819905,-1.0493337,1.5571656,0.65207386,-0.71846586,0.4567518,-0.003298392,-0.06172346,-2.5379783768900785,12.612581324972899,6.343730504943354,0.6054511851510086,-0.41228797580584114,0.014517311438749224,-2.5379783768900785,12.612581324972899,6.343730504943354,0.6054511851510086,-0.41228797580584114,0.014517311438749224,-37.73974,167.24283,70.60572,6.4298916,-4.5475364,0.16651356
9.50000049546361,1.420419,-2.5346358,-0.40538368,-1.7531465,0.86824065,-1.0501262,1.5670246,0.66760635,-0.73001224,0.4653034,0.00248334,-0.047464512,0.12375421786997731,13.50573141290771,6.77030619906608,0.6988229949146566,-0.3397780770295767,0.011622988876302863,0.12375421786997731,13.50573141290771,6.77030619906608,0.6988229949146566,-0.3397780770295767,0.011622988876302863,1.8402252,179.086,75.35351,7.4215,-3.7477522,0.13331568
9.51666716299951,1.4466906,-2.5234435,-0.4178005,-1.7452765,0.8683836,-1.0506746,1.5759695,0.68281305,-0.7410867,0.47346732,0.008596168,-0.032813627,0.00469359120187458,13.473984846342383,6.76490804255812,0.6986367500434488,-0.342811418465885,0.01177914577041799,0.00469359120187458,13.473984846342383,6.76490804255812,0.6986367500434488,-0.342811418465885,0.01177914577041799,0.0697937,178.66504,75.29343,7.4195223,-3.78121,0.1351068
9.533333830535412,1.4726018,-2.5122976,-0.43009755,-1.7374747,0.86857617,-1.0510904,1.5546519,0.6793721,-0.7344108,0.469778,0.0116121,-0.024872959,-2.6339963850112436,12.473163633504784,6.323637024090296,0.6147678289036294,-0.4173792824351777,0.014415510654865188,-2.6339963850112436,12.473163633504784,6.323637024090296,0.6147678289036294,-0.4173792824351777,0.014415510654865188,-39.167526,165.39415,70.38208,6.5288343,-4.6036935,0.1653459
9.550000498071313,1.4986553,-2.50091,-0.44258255,-1.7295363,0.8688793,-1.0512524,1.5630864,0.6944303,-0.7451654,0.47761512,0.018216062,-0.00966095,-0.07985107996516687,13.37749544491775,6.759374846452436,0.7078640429538073,-0.346643494565381,0.011819523110427124,-0.07985107996516687,13.37749544491775,6.759374846452436,0.7078640429538073,-0.346643494565381,0.011819523110427124,-1.1873856,177.38559,75.23184,7.517516,-3.8234777,0.13556993
9.566667165607214,1.5248373,-2.4892747,-0.45524013,-1.7214735,0.8692983,-1.0511544,1.5706148,0.7091398,-0.75542754,0.4850604,0.025130972,0.005926511,-0.19622782211457634,13.33768910771941,6.752792865653778,0.7081011594352076,-0.34968133201841217,0.011960007152873323,-0.19622782211457634,13.33768910771941,6.752792865653778,0.7081011594352076,-0.34968133201841217,0.011960007152873323,-2.9179077,176.85776,75.158585,7.5200343,-3.856985,0.13718128
9.583333833143115,1.5506493,-2.4776974,-0.46776712,-1.7134868,0.8697691,-1.050927,1.5486871,0.70501465,-0.74810714,0.48082733,0.028268788,0.013701082,-2.7164164211578474,12.314176487527103,6.303228222349154,0.62531886127709,-0.4222628212148022,0.014268645225864133,-2.7164164211578474,12.314176487527103,6.303228222349154,0.62531886127709,-0.4222628212148022,0.014268645225864133,-40.393112,163.28598,70.15493,6.6408863,-4.657559,0.16366136
9.600000500679016,1.5765808,-2.4658856,-0.48046806,-1.7053761,0.8703625,-1.0504311,1.5557175,0.7195571,-0.75802606,0.48794788,0.035648745,0.029846273,-0.2751805113719948,13.226650922726362,6.7464562867636735,0.7179053714270871,-0.35329197929430745,0.011972988181874974,-0.2751805113719948,13.226650922726362,6.7464562867636735,0.7179053714270871,-0.35329197929430745,0.011972988181874974,-4.091934,175.38539,75.08806,7.624155,-3.8968105,0.13733017
9.616667168214917,1.602617,-2.4538355,-0.4933276,-1.6971533,0.8710844,-1.0496604,1.5618508,0.73372567,-0.7674322,0.4946765,0.04331819,0.04635191,-0.3880452692869452,13.178147305910045,6.738650723823211,0.7185114305571648,-0.3562791933282764,0.01209602734267244,-0.3880452692869452,13.178147305910045,6.738650723823211,0.7185114305571648,-0.3562791933282764,0.01209602734267244,-5.770233,174.74223,75.00118,7.6305914,-3.9297595,0.13874143
9.633333835750818,1.6282749,-2.4418552,-0.5060457,-1.6890149,0.8718594,-1.0487634,1.5393758,0.72892326,-0.7594863,0.48993272,0.046528153,0.053924304,-2.7844919642106594,12.134360979405283,6.282475995032078,0.6368865625557478,-0.4267897048216999,0.014071328908127083,-2.7844919642106594,12.134360979405283,6.282475995032078,0.6368865625557478,-0.4267897048216999,0.014071328908127083,-41.405396,160.90163,69.92396,6.7637353,-4.7074904,0.16139814
9.65000050328672,1.6540278,-2.4296498,-0.51892334,-1.680765,0.8727691,-1.0475811,1.545022,0.74290705,-0.7685283,0.4963424,0.0546353,0.07098035,-0.46032595810829274,13.052150674535138,6.731641688865257,0.7287784709319781,-0.3595699317219683,0.012077652275198527,-0.46032595810829274,13.052150674535138,6.731641688865257,0.7287784709319781,-0.3595699317219683,0.012077652275198527,-6.845047,173.07152,74.92317,7.7396274,-3.9660563,0.13853067
9.66666717082262,1.6798633,-2.4172144,-0.53194463,-1.6724136,0.8738192,-1.0461086,1.5497854,0.7564951,-0.7770401,0.5023624,0.06300608,0.08837191,-0.5685694681050879,12.994853116088683,6.722812018518713,0.7297191691712921,-0.36245555307037275,0.012179631041565872,-0.5685694681050879,12.994853116088683,6.722812018518713,0.7297191691712921,-0.36245555307037275,0.012179631041565872,-8.454628,172.31175,74.8249,7.7496176,-3.9978848,0.13970037
9.683333838358521,1.705312,-2.40486,-0.54481465,-1.6641549,0.87492275,-1.0445148,1.5268289,0.75102204,-0.7684877,0.49714163,0.06623623,0.095697284,-2.8368567009459587,11.932987541095164,6.261566792751151,0.649292275954999,-0.4307995032745389,0.013816115018483755,-2.8368567009459587,11.932987541095164,6.261566792751151,0.649292275954999,-0.4307995032745389,0.013816115018483755,-42.18406,158.23141,69.69124,6.895484,-4.7517185,0.15847084
9.700000505894423,1.7308338,-2.3922913,-0.5578287,-1.6557962,0.876172,-1.0426227,1.5311164,0.7644044,-0.77661574,0.5028486,0.07501398,0.113629095,-0.6331915172379372,12.853342231761996,6.715096253483336,0.7403119135711154,-0.3653227148116554,0.012125083957429336,-0.6331915172379372,12.853342231761996,6.715096253483336,0.7403119135711154,-0.3653227148116554,0.012125083957429336,-9.415558,170.43532,74.73902,7.8621125,-4.0295095,0.13907471
9.716667173430324,1.756416,-2.3795042,-0.57097083,-1.6473483,0.8775719,-1.0404254,1.5345316,0.7773714,-0.784198,0.5081686,0.084027395,0.13187708,-0.7362576082559265,12.787269143497243,6.705439894025859,0.7415429795978209,-0.36807068887885225,0.012203835360153716,-0.7362576082559265,12.787269143497243,6.705439894025859,0.7415429795978209,-0.36807068887885225,0.012203835360153716,-10.948151,169.55919,74.631546,7.8751864,-4.0598197,0.13997799
9.733333840966225,1.7816039,-2.3668082,-0.5839518,-1.6390004,0.8790249,-1.0381117,1.511157,0.77124465,-0.77506286,0.5025082,0.08722751,0.13891554,-2.872717933680439,11.710475041316107,6.241064765703967,0.6624005384139872,-0.4341656796411288,0.013497964184286289,-2.872717933680439,11.710475041316107,6.241064765703967,0.6624005384139872,-0.4341656796411288,0.013497964184286289,-42.717316,155.2809,69.46305,7.0346937,-4.7888474,0.15482165
9.750000508502126,1.8068422,-2.3539076,-0.59706104,-1.6305642,0.8806345,-1.0354847,1.5141089,0.7839874,-0.7822438,0.5075267,0.09661547,0.15768804,-0.792308260950372,12.630331462325014,6.697199051163802,0.7523593256029033,-0.3704269042581401,0.012108882354879337,-0.792308260950372,12.630331462325014,6.697199051163802,0.7523593256029033,-0.3704269042581401,0.012108882354879337,-11.781624,167.4782,74.539825,7.990056,-4.0858088,0.13888888
9.766667176038027,1.832119,-2.3407984,-0.6102824,-1.6220487,0.88240427,-1.0325397,1.5162045,0.79629505,-0.78886676,0.5121633,0.10620707,0.1767474,-0.8891800224340115,12.5551445271994,6.686685841466967,0.7538207282229782,-0.3729724278800183,0.01215996592587352,-0.8891800224340115,12.5551445271994,6.686685841466967,0.7538207282229782,-0.3729724278800183,0.01215996592587352,-13.222107,166.48122,74.42281,8.005576,-4.113886,0.13947481
9.783333843573928,1.8569958,-2.327792,-0.6233333,-1.6136402,0.8842254,-1.0294839,1.492475,0.7895213,-0.7791743,0.50609833,0.10932453,0.18345636,-2.8913789093694837,11.465650877801542,6.220564109617166,0.6759715394560676,-0.4367184228283216,0.0131086463396094,-2.8913789093694837,11.465650877801542,6.220564109617166,0.6759715394560676,-0.4367184228283216,0.0131086463396094,-42.994804,152.03453,69.23488,7.1788177,-4.817004,0.15035617
9.800000511109829,1.8819021,-2.3145933,-0.6364964,-1.605155,0.8862125,-1.0261014,1.4941165,0.8015857,-0.7853812,0.5104428,0.11925563,0.20302457,-0.9360374342938278,12.382931946629313,6.678014517044656,0.7647458667360009,-0.3747365524416498,0.012019985950606328,-0.9360374342938278,12.382931946629313,6.678014517044656,0.7647458667360009,-0.3747365524416498,0.012019985950606328,-13.918877,164.19768,74.3263,8.121601,-4.133344,0.13786924
9.81666717864573,1.9068241,-2.301198,-0.6497549,-1.5966023,0.8883678,-1.0223886,1.4949154,0.8131979,-0.79101825,0.51441306,0.12935701,0.2228501,-1.026324930813141,12.299007456047322,6.666930302348312,0.76641102519637,-0.3770531250581024,0.01204300155406842,-1.026324930813141,12.299007456047322,6.666930302348312,0.76641102519637,-0.3770531250581024,0.01204300155406842,-15.261452,163.08484,74.202934,8.139285,-4.158896,0.13813323
9.833333846181631,1.9313418,-2.287917,-0.66283405,-1.5881623,0.89057237,-1.0185707,1.4708924,0.80579776,-0.7807984,0.5079846,0.13234262,0.22918512,-2.892454310239524,11.19994656892204,6.20075715948415,0.6899049726583191,-0.4383499148966287,0.012643241632888913,-2.892454310239524,11.19994656892204,6.20075715948415,0.6899049726583191,-0.4383499148966287,0.012643241632888913,-43.010796,148.51129,69.01443,7.326791,-4.8349996,0.14501798
9.850000513717532,1.955867,-2.2744539,-0.6760087,-1.579656,0.8929506,-1.0144136,1.4712487,0.8171522,-0.78600705,0.5116771,0.14274615,0.24949831,-1.0632949141583832,12.112272558888339,6.658103373922534,0.7773666956554923,-0.3781541303840423,0.011853711336929067,-1.0632949141583832,12.112272558888339,6.658103373922534,0.7773666956554923,-0.3781541303840423,0.011853711336929067,-15.811195,160.60873,74.10469,8.255634,-4.17104,0.13596207
9.866667181253433,1.9803869,-2.2608054,-0.6892623,-1.5710933,0.8955045,-1.0099139,1.4707799,0.82803535,-0.79063845,0.5150032,0.1532854,0.27003706,-1.1462567553234806,12.01929290909573,6.646277469659001,0.7791571248947116,-0.38017608421235766,0.011844289957593603,-1.1462567553234806,12.01929290909573,6.646277469659001,0.7791571248947116,-0.38017608421235766,0.011844289957593603,-17.044838,159.37582,73.97307,8.274649,-4.193342,0.135854
9.883333848789334,2.0044982,-2.247282,-0.7023283,-1.5626482,0.89810514,-1.0053166,1.4465232,0.82002205,-0.77992135,0.5082488,0.15608916,0.2759521,-2.8759687637914007,10.9132125187064,6.181369037748133,0.703996767881002,-0.43892613996296503,0.012093881159735016,-2.8759687637914007,10.9132125187064,6.181369037748133,0.703996767881002,-0.43892613996296503,0.012093881159735016,-42.765656,144.7092,68.79864,7.4764457,-4.8413553,0.13871682
9.900000516325235,2.0285964,-2.233588,-0.71547276,-1.5541478,0.90088576,-1.000369,1.4456214,0.8306289,-0.7841132,0.51131237,0.16688892,0.2969534,-1.1730617376967574,11.818276199640012,6.637208566725628,0.7900291917014257,-0.38054570866409265,0.01160052410913948,-1.1730617376967574,11.818276199640012,6.637208566725628,0.7900291917014257,-0.38054570866409265,0.01160052410913948,-17.443428,156.71034,73.87213,8.39011,-4.197419,0.13305801
9.916667183861136,2.0526686,-2.219722,-0.7286783,-1.5456008,0.9038483,-0.99506766,1.443909,0.84074765,-0.7877229,0.5140208,0.17778869,0.31814668,-1.248488589750494,11.716750016938867,6.624839762150438,0.7919114861784682,-0.3822480994576448,0.011557470536169635,-1.248488589750494,11.716750016938867,6.624839762150438,0.7919114861784682,-0.3822480994576448,0.011557470536169635,-18.565025,155.3641,73.73447,8.4101,-4.2161965,0.13256419
9.933333851397038,2.0763314,-2.2059908,-0.7416889,-1.5371759,0.9068534,-0.9896766,1.4194759,0.8321401,-0.7765441,0.50697774,0.1803618,0.3235975,-2.842266028891014,10.606758267271752,6.162593735303305,0.7181124947614365,-0.43835108213173946,0.011454672011065295,-2.842266028891014,10.606758267271752,6.162593735303305,0.7181124947614365,-0.43835108213173946,0.011454672011065295,-42.264496,140.64561,68.58967,7.6263547,-4.8350124,0.13138509
9.950000518932939,2.0999575,-2.1921043,-0.7547603,-1.528706,0.910044,-0.98392445,1.417339,0.84196675,-0.7797072,0.5094391,0.19147997,0.34522626,-1.26501620817922,11.502416964569782,6.615644045381639,0.802621105071964,-0.38183520084495237,0.01125705689061904,-1.26501620817922,11.502416964569782,6.615644045381639,0.802621105071964,-0.38183520084495237,0.01125705689061904,-18.810791,152.52205,73.63212,8.523836,-4.2116423,0.12911844
9.96666718646884,2.1235387,-2.1780572,-0.76787645,-1.5202,0.9134215,-0.9778086,1.4144119,0.85129535,-0.7822857,0.5115572,0.20265998,0.3670096,-1.332351900060945,11.393249879954986,6.603079193471683,0.8045880807995124,-0.3831844381711101,0.011176769901797785,-1.332351900060945,11.393249879954986,6.603079193471683,0.8045880807995124,-0.3831844381711101,0.011176769901797785,-19.812073,151.0745,73.49227,8.544725,-4.2265244,0.12819755
9.98333385400474,2.146706,-2.164155,-0.78079027,-1.5118197,0.9168364,-0.9716117,1.3898555,0.84211475,-0.7706809,0.50426626,0.20495613,0.37195134,-2.7920482458487887,10.282072869900665,6.144592339994665,0.7321415647948529,-0.43654878465889374,0.01072401364367218,-2.7920482458487887,10.282072869900665,6.144592339994665,0.7321415647948529,-0.43654878465889374,0.01072401364367218,-41.517757,136.34029,68.38931,7.7753434,-4.815133,0.12300444
10.000000521540642,2.16982,-2.15011,-0.7937475,-1.5034049,0.9204408,-0.9650443,1.3865147,0.85113406,-0.7728071,0.5061562,0.2163107,0.3941398,-1.3385021053229553,11.166478497949662,6.593748437105163,0.8150555095205649,-0.3819362747593566,0.01081445472803756,-1.3385021053229553,11.166478497949662,6.593748437105163,0.8150555095205649,-0.3819362747593566,0.01081445472803756,-19.903526,148.0675,73.38842,8.6558895,-4.212757,0.124041796
10.016667189076543,2.1928673,-2.1359193,-0.80673164,-1.494963,0.9242351,-0.95810455,1.3823954,0.85963964,-0.7743488,0.5077176,0.22768812,0.4164436,-1.398182235953787,11.049655551824095,6.580757901996293,0.8170271548398695,-0.38291545532447907,0.010697085023861713,-1.398182235953787,11.049655551824095,6.580757901996293,0.8170271548398695,-0.38291545532447907,0.010697085023861713,-20.79097,146.51843,73.243835,8.676828,-4.2235575,0.122695565
10.033333856612444,2.2155008,-2.121883,-0.8195074,-1.4866499,0.92806166,-0.95109314,1.3577716,0.8499099,-0.7623576,0.50021636,0.22966513,0.42083278,-2.725956755832449,9.940720179861307,6.127310013406896,0.7459578092039867,-0.43343235337507263,0.0098955974229648,-2.725956755832449,9.940720179861307,6.127310013406896,0.7459578092039867,-0.43343235337507263,0.0098955974229648,-40.534977,131.81395,68.19696,7.922072,-4.780759,0.1135025
10.050000524148345,2.2380593,-2.1077156,-0.832309,-1.4783106,0.93208015,-0.94370306,1.3532444,0.8580933,-0.76344514,0.501568,0.24117196,0.44350815,-1.3945737940077023,10.812022351571338,6.57147650020356,0.8271994114820118,-0.3808258450906707,0.010272296699317725,-1.3945737940077023,10.812022351571338,6.57147650020356,0.8271994114820118,-0.3808258450906707,0.010272296699317725,-20.737312,143.36742,73.14053,8.784858,-4.200509,0.11782324
10.066667191684246,2.2605338,-2.0934198,-0.8451207,-1.4699525,0.9362911,-0.935933,1.3479614,0.865749,-0.76395106,0.50260407,0.25266278,0.4662596,-1.4459426561777593,10.688055622451806,6.5580787898609465,0.8291429494509366,-0.38137833637642193,0.010114061177660302,-1.4459426561777593,10.688055622451806,6.5580787898609465,0.8291429494509366,-0.38137833637642193,0.010114061177660302,-21.501167,141.72362,72.99142,8.805498,-4.206603,0.11600828
10.083333859220147,2.282595,-2.0792863,-0.85771793,-1.4617262,0.9405278,-0.9281014,1.323318,0.8554949,-0.75161296,0.49492726,0.25427717,0.4700511,-2.6456921390823336,9.584745059006174,6.110778287628804,0.7594566560734464,-0.42898311251850424,0.008968155386142347,-2.6456921390823336,9.584745059006174,6.110778287628804,0.7594566560734464,-0.42898311251850424,0.008968155386142347,-39.341442,127.09372,68.01296,8.06543,-4.7316837,0.10286474
10.100000526756048,2.3045595,-2.065036,-0.8703234,-1.4534824,0.9449579,-0.91988415,1.3176296,0.86281866,-0.75166506,0.4957734,0.26584983,0.4931379,-1.4332969475690358,10.441198104467148,6.548985209640681,0.8389758524921654,-0.3784493544052,0.00962565645718429,-1.4332969475690358,10.441198104467148,6.548985209640681,0.8389758524921654,-0.3784493544052,0.00962565645718429,-21.313126,138.45029,72.890205,8.909924,-4.1742964,0.11040628
10.11666719429195,2.3264213,-2.0506692,-0.88292176,-1.4452285,0.94958055,-0.9112807,1.3112028,0.8696033,-0.7511409,0.49631923,0.2773653,0.5162588,-1.4768671011395638,10.311043855831095,6.535333871627218,0.8408675759525623,-0.37858211659131435,0.0094262017513631,-1.4768671011395638,10.311043855831095,6.535333871627218,0.8408675759525623,-0.37858211659131435,0.0094262017513631,-21.961014,136.72444,72.738266,8.930014,-4.1757607,0.108118534
10.13333386182785,2.3478682,-2.036476,-0.8953011,-1.437108,0.9542222,-0.9026266,1.2865931,0.8588434,-0.7385013,0.48850596,0.2785799,0.51941144,-2.5521386768005003,9.215290765776713,6.094444665626052,0.7725040342399181,-0.4231189233221364,0.007939692050764221,-2.5521386768005003,9.215290765776713,6.094444665626052,0.7725040342399181,-0.4231189233221364,0.007939692050764221,-37.950302,122.194756,67.83117,8.203993,-4.6670017,0.09106827
10.150000529363751,2.369205,-2.0221815,-0.90767115,-1.428978,0.9590569,-0.8935812,1.2797713,0.86528313,-0.7375259,0.48888317,0.29013103,0.5428303,-1.4553416392589946,10.056080537683824,6.5262540010107815,0.8503032044951301,-0.37477606551169484,0.008872257904478436,-1.4553416392589946,10.056080537683824,6.5262540010107815,0.8503032044951301,-0.37477606551169484,0.008872257904478436,-21.64093,133.34363,72.63721,9.03022,-4.13378,0.1017648
10.166667196899652,2.3904164,-2.0077853,-0.9200166,-1.4208463,0.9640827,-0.8841448,1.2722175,0.8711771,-0.73598295,0.48897603,0.3015847,0.5662379,-1.492174632130811,9.920891809247738,6.512514921532808,0.8521174306923387,-0.3745240291896346,0.008634213478334488,-1.492174632130811,9.920891809247738,6.512514921532808,0.8521174306923387,-0.3745240291896346,0.008634213478334488,-22.188637,131.55103,72.48429,9.049487,-4.131,0.09903443
10.183333864435554,2.4112155,-1.9935696,-0.932139,-1.412848,0.96912074,-0.87466913,1.2476884,0.85994524,-0.7230859,0.48106286,0.302363,0.5687118,-2.4473915023136716,8.836081664486708,6.0789007168038935,0.7850933434150539,-0.4158868210378389,0.006812254864959583,-2.4473915023136716,8.836081664486708,6.0789007168038935,0.7850933434150539,-0.4158868210378389,0.006812254864959583,-36.39271,117.16644,67.658165,8.337691,-4.5872316,0.07813656
10.200000531971455,2.4318824,-1.979267,-0.94423527,-1.4048481,0.97435004,-0.864798,1.2397482,0.8654793,-0.7210985,0.48100716,0.31380433,0.59237784,-1.4626365102371597,9.659016006492742,6.503190334488011,0.8610838550632284,-0.36984103869440765,0.00801435635208356,-1.4626365102371597,9.659016006492742,6.503190334488011,0.8610838550632284,-0.36984103869440765,0.00801435635208356,-21.749405,128.07855,72.38051,9.144711,-4.0793467,0.09192467
10.216667199507356,2.452409,-1.9648786,-0.95629036,-1.3968532,0.9797685,-0.8545324,1.2311015,0.87045866,-0.71855396,0.48068607,0.32510787,0.6159882,-1.4919414404822262,9.519230654156946,6.489231215868569,0.8627988524356132,-0.36913412652659827,0.007733980676040715,-1.4919414404822262,9.519230654156946,6.489231215868569,0.8627988524356132,-0.36913412652659827,0.007733980676040715,-22.18517,126.225,72.22514,9.162924,-4.0715494,0.08870876
10.233333867043257,2.4725251,-1.9506783,-0.96811897,-1.3889939,0.9851906,-0.84423965,1.2066936,0.85877925,-0.7054448,0.47270477,0.32541692,0.6177433,-2.3335711460588118,8.44861946853937,6.063522654188075,0.7970908716349054,-0.4072935064597662,0.005589408674963475,-2.3335711460588118,8.44861946853937,6.063522654188075,0.7970908716349054,-0.4072935064597662,0.005589408674963475,-34.700203,112.028694,67.48701,8.465105,-4.4924474,0.06411052
10.250000534579158,2.492491,-1.9364063,-0.9799044,-1.3811398,0.99080074,-0.83354867,1.1976571,0.8633892,-0.7024645,0.47225836,0.33666056,0.6415712,-1.4562472129878217,9.25269781374464,6.4798867498982196,0.8712836802567018,-0.36365681092304636,0.007053469198105537,-1.4562472129878217,9.25269781374464,6.4798867498982196,0.8712836802567018,-0.36365681092304636,0.007053469198105537,-21.654396,122.69077,72.12114,9.253033,-4.0111346,0.08090329
10.266667202115059,2.512297,-1.9220637,-0.9916322,-1.3732964,0.99659526,-0.82246125,1.1879289,0.86743844,-0.6989417,0.4715643,0.3477251,0.6652972,-1.4791684897858262,9.109330213267699,6.4657219872213325,0.8728637982671993,-0.36253315258977203,0.006733693136998437,-1.4791684897858262,9.109330213267699,6.4657219872213325,0.8728637982671993,-0.36253315258977203,0.006733693136998437,-21.995235,120.78972,71.963486,9.269814,-3.9987407,0.07723546
10.28333386965096,2.531696,-1.9079168,-1.0031313,-1.3655885,1.0023857,-0.8113594,1.1636896,0.8553407,-0.68566877,0.46355,0.3475384,0.66629744,-2.212112673032821,8.055479530115832,6.048207655749874,0.8084557599716043,-0.3973468476171831,0.0042747079338732235,-2.212112673032821,8.055479530115832,6.048207655749874,0.8084557599716043,-0.3973468476171831,0.0042747079338732235,-32.894115,106.81566,67.31655,8.5858,-4.3827357,0.0490309
10.300000537186861,2.550928,-1.8937136,-1.0145705,-1.3578911,1.0083596,-0.799858,1.1535739,0.8590091,-0.6817209,0.4627506,0.35849658,0.6901979,-1.4379371791857558,8.839455053637291,6.456130062901855,0.8808206030204472,-0.35626475419764725,0.005993441903497617,-1.4379371791857558,8.839455053637291,6.456130062901855,0.8808206030204472,-0.35626475419764725,0.005993441903497617,-21.382126,117.211174,71.85673,9.354315,-3.9296002,0.06874478
10.316667204722762,2.5699835,-1.8794557,-1.0259364,-1.3502108,1.0145128,-0.7879597,1.1427814,0.86211264,-0.6772472,0.46171984,0.36923608,0.7139494,-1.45513666662179,8.693498292120333,6.441774736731735,0.8822420447110682,-0.354739999295578,0.0056357932485698505,-1.45513666662179,8.693498292120333,6.441774736731735,0.8822420447110682,-0.354739999295578,0.0056357932485698505,-21.637882,115.27579,71.69695,9.3694105,-3.9127822,0.06464255
10.333333872258663,2.5886343,-1.8654007,-1.0370711,-1.3426656,1.0206537,-0.77606034,1.118746,0.8496269,-0.66385895,0.4537029,0.36852577,0.71416056,-2.0856460950963034,7.659332712671156,6.0328097142085015,0.8191266751334269,-0.38614415733358154,0.0028772986028749417,-2.0856460950963034,7.659332712671156,6.0328097142085015,0.8191266751334269,-0.38614415733358154,0.0028772986028749417,-31.013557,101.56275,67.14517,8.699125,-4.25917,0.033002615
10.350000539794564,2.6071017,-1.8513048,-1.0481311,-1.3351377,1.026971,-0.7637615,1.1075664,0.8523417,-0.658976,0.4525894,0.37910956,0.73804295,-1.4096814830910864,8.422057553114396,6.43187023344494,0.8896468498388029,-0.34774207895923936,0.004841482109262721,-1.4096814830910864,8.422057553114396,6.43187023344494,0.8896468498388029,-0.34774207895923936,0.004841482109262721,-20.961964,111.67648,71.586716,9.44805,-3.8355951,0.0555318
10.366667207330465,2.625372,-1.8371701,-1.0591029,-1.3276291,1.0334599,-0.7510664,1.0957236,0.8544875,-0.65358377,0.45126587,0.38943762,0.76172817,-1.4217794863425732,8.274401151216948,6.41734422270714,0.890904586418425,-0.34583101246644454,0.004449421775372213,-1.4217794863425732,8.274401151216948,6.41734422270714,0.890904586418425,-0.34583101246644454,0.004449421775372213,-21.141861,109.71856,71.42504,9.461407,-3.814516,0.051034868
10.383333874866366,2.6432438,-1.8232454,-1.0698428,-1.3202558,1.0399284,-0.73838437,1.0719362,0.84164584,-0.640127,0.44327274,0.38818544,0.7611195,-1.955622382507119,7.2625978679858365,6.017129354828237,0.8290615907945651,-0.3737214902046045,0.0014054276367426958,-1.955622382507119,7.2625978679858365,6.017129354828237,0.8290615907945651,-0.3737214902046045,0.0014054276367426958,-29.080105,96.30205,66.97065,8.804634,-4.122148,0.016120255
10.400000542402267,2.660911,-1.8092952,-1.0804913,-1.3129035,1.046566,-0.7253048,1.0597063,0.8433961,-0.63434136,0.44188482,0.39831147,0.78489107,-1.3732761365099089,8.003028881136288,6.407040084468708,0.8977282069721689,-0.33816076470631856,0.0036062524956833723,-1.3732761365099089,8.003028881136288,6.407040084468708,0.8977282069721689,-0.33816076470631856,0.0036062524956833723,-20.420616,106.12016,71.310356,9.533874,-3.7299132,0.041363716
10.416667209938169,2.678366,-1.7953231,-1.0910366,-1.305577,1.0533677,-0.7118313,1.0468374,0.8445747,-0.6280706,0.44030192,0.4081441,0.8084203,-1.3804732670941127,7.854274099588754,6.39208222121027,0.8987669217384469,-0.33584959595611935,0.003180611933847043,-1.3804732670941127,7.854274099588754,6.39208222121027,0.8987669217384469,-0.33584959595611935,0.003180611933847043,-20.527637,104.147675,71.143875,9.544905,-3.704421,0.03648162
10.43333387747407,2.695424,-1.7815652,-1.1013501,-1.2983845,1.0601385,-0.6983853,1.0233335,0.8314115,-0.61459845,0.4323649,0.406329,0.80696195,-1.8243817891862943,6.867604090257648,6.000830692315251,0.8381992634631371,-0.3601959588196963,-0.00012777843159390408,-1.8243817891862943,6.867604090257648,6.000830692315251,0.8381992634631371,-0.3601959588196963,-0.00012777843159390408,-27.128557,91.06443,66.789246,8.901676,-3.9729614,-0.0014656186
10.45000054500997,2.7122664,-1.7677984,-1.1115583,-1.2912174,1.0670696,-0.68454504,1.0100788,0.83218586,-0.60795385,0.43074232,0.41591442,0.83053154,-1.3299771419850948,7.584175121370664,6.381085747978436,0.9049729887824051,-0.3275617078986907,0.002296358580784685,-1.3299771419850948,7.584175121370664,6.381085747978436,0.9049729887824051,-0.3275617078986907,0.002296358580784685,-19.77676,100.56616,71.021484,9.610813,-3.6130056,0.026339233
10.466667212545872,2.7288773,-1.754026,-1.1216489,-1.2840799,1.0741569,-0.6703154,0.9961878,0.832389,-0.6008461,0.42894366,0.4251703,0.85381085,-1.3341143055898517,7.435674077605051,6.365899619816234,0.9057931307345461,-0.32495894652545615,0.0018453431732257553,-1.3341143055898517,7.435674077605051,6.365899619816234,0.9057931307345461,-0.32495894652545615,0.0018453431732257553,-19.83828,98.59704,70.85246,9.619523,-3.5842972,0.021166086
10.483333880081773,2.7451007,-1.7404733,-1.1315085,-1.2770737,1.0812019,-0.6561275,0.9730017,0.8189364,-0.5874078,0.42108867,0.42277798,0.8514812,-1.6936894142956405,6.4764923279821245,5.9836402200731404,0.8464870704320416,-0.34567123094906294,-0.001708959223606738,-1.6936894142956405,6.4764923279821245,5.9836402200731404,0.8464870704320416,-0.34567123094906294,-0.001708959223606738,-25.185162,85.87829,66.597916,8.989693,-3.8127537,-0.019601762
10.500000547617674,2.7610846,-1.726928,-1.1412499,-1.2700967,1.0883965,-0.6415502,0.95871687,0.81873,-0.5799491,0.41926935,0.431743,0.87475556,-1.283201052185346,7.168442163711939,6.3541059331217005,0.9113443773345086,-0.31616149549579364,0.0009300611075257465,-1.283201052185346,7.168442163711939,6.3541059331217005,0.9113443773345086,-0.31616149549579364,0.0009300611075257465,-19.0812,95.05354,70.7212,9.678477,-3.4872613,0.010667801
10.516667215153575,2.7768223,-1.713393,-1.1508598,-1.2631526,1.0957361,-0.62658894,0.9438259,0.8179537,-0.5720512,0.41729197,0.44034466,0.89769363,-1.2835430152959766,7.020692552017051,6.338564726220308,0.9119400196829759,-0.3132045431128439,0.0004539098964115798,-1.2835430152959766,7.020692552017051,6.338564726220308,0.9119400196829759,-0.3132045431128439,0.0004539098964115798,-19.086285,93.09438,70.548225,9.684803,-3.454646,0.0052063465
10.533333882689476,2.7921767,-1.700082,-1.1602414,-1.2563386,1.1030244,-0.6116847,0.9209928,0.8042459,-0.5586959,0.40954193,0.4373713,0.8944697,-1.5650956359740145,6.09132527945448,5.965320761955652,0.8538822669767391,-0.33025326560220175,-0.003321496112095135,-1.5650956359740145,6.09132527945448,5.965320761955652,0.8538822669767391,-0.33025326560220175,-0.003321496112095135,-23.272972,80.77097,66.39402,9.06823,-3.6426935,-0.03809756
10.550000550225377,2.8072793,-1.6867942,-1.1694906,-1.2495552,1.1104513,-0.59639734,0.90570176,0.80305445,-0.550471,0.40756547,0.4456404,0.91735727,-1.2331335995128352,6.757488221963966,6.3257729803669696,0.9168079792891968,-0.30397439370453627,-0.00048381874846081785,-1.2331335995128352,6.757488221963966,6.3257729803669696,0.9168079792891968,-0.30397439370453627,-0.00048381874846081785,-18.336697,89.604294,70.40585,9.736501,-3.3528376,-0.005549401
10.566667217761278,2.8221169,-1.6735344,-1.1785963,-1.2428064,1.1180085,-0.5807333,0.889813,0.8012944,-0.5418362,0.40544564,0.45351192,0.9398623,-1.231422373009113,6.611161498102847,6.309639518580132,0.9171108741544735,-0.300766399310917,-0.000975770127180876,-1.231422373009113,6.611161498102847,6.309639518580132,0.9171108741544735,-0.300766399310917,-0.000975770127180876,-18.31125,87.664,70.22629,9.7397175,-3.3174534,-0.011192083
10.58333388529718,2.8365781,-1.6605028,-1.187475,-1.2361864,1.1255064,-0.56514144,0.86736345,0.78736854,-0.5286136,0.39781883,0.44995657,0.93572736,-1.44021945586522,5.714159889278728,5.945663246504379,0.8603377081804582,-0.3140890479412062,-0.004948193650715436,-1.44021945586522,5.714159889278728,5.945663246504379,0.8603377081804582,-0.3140890479412062,-0.004948193650715436,-21.416063,75.76976,66.17523,9.136786,-3.4644022,-0.05675578
10.60000055283308,2.8507671,-1.64751,-1.1962101,-1.2296001,1.1331298,-0.54917437,0.85107285,0.7851918,-0.51967984,0.3957194,0.45745632,0.9581375,-1.1822341990775525,6.353259769859717,6.295737980296776,0.9212763296008785,-0.2911791624205824,-0.0019241972081850379,-1.1822341990775525,6.353259769859717,6.295737980296776,0.9212763296008785,-0.2911791624205824,-0.0019241972081850379,-17.579823,84.244225,70.07156,9.783955,-3.2117062,-0.022070542
10.616667220368981,2.8646781,-1.634561,-1.204791,-1.2230506,1.1408733,-0.53283983,0.8342066,0.7824503,-0.5103645,0.39349464,0.46452925,0.9801209,-1.1784588801596256,6.209112544225172,6.279065045599238,0.921298061162514,-0.28772008278536343,-0.002428654129856445,-1.1784588801596256,6.209112544225172,6.279065045599238,0.921298061162514,-0.28772008278536343,-0.002428654129856445,-17.523684,82.33283,69.885994,9.784185,-3.1735525,-0.027856663
10.633333887904882,2.8782172,-1.6218439,-1.2131486,-1.2166264,1.1485447,-0.51659256,0.81217104,0.7683394,-0.4973222,0.38601437,0.46038416,0.97506225,-1.3202444049601758,5.346373591128158,5.9243304174651135,0.8658078655235737,-0.2973259522065399,-0.006568756639801531,-1.3202444049601758,5.346373591128158,5.9243304174651135,0.8658078655235737,-0.2973259522065399,-0.006568756639801531,-19.632034,70.892914,65.9378,9.19488,-3.2795053,-0.07534364
10.650000555440784,2.8914723,-1.6091832,-1.2213509,-1.2102373,1.1563275,-0.49997938,0.79489625,0.7651775,-0.48773357,0.383827,0.46704793,0.99690634,-1.1314948773977336,5.957387978854403,6.26385286918976,0.9247208719199661,-0.2778812418822689,-0.0033758428035451727,-1.1314948773977336,5.957387978854403,6.26385286918976,0.9247208719199661,-0.2778812418822689,-0.0033758428035451727,-16.825329,78.994965,69.71668,9.820536,-3.06503,-0.038720917
10.666667222976685,2.9044306,-1.5965823,-1.229389,-1.2038857,1.1642164,-0.48300788,0.77705145,0.7614593,-0.47779712,0.38152933,0.473257,1.0182793,-1.1269654695347964,5.816279852911718,6.24658905056716,0.924425161042007,-0.2742671361319714,-0.0038827914799829098,-1.1269654695347964,5.816279852911718,6.24658905056716,0.924425161042007,-0.2742671361319714,-0.0038827914799829098,-16.757977,77.12387,69.524536,9.817395,-3.0251665,-0.04453562
10.683333890512586,2.917024,-1.584215,-1.2372061,-1.1976565,1.172024,-0.46614024,0.7554615,0.7472036,-0.46498227,0.37420958,0.46853283,1.0122861,-1.2060631018961205,4.989892145447421,5.9013051378330665,0.8702713666438159,-0.28009406026665556,-0.008164242286732015,-1.2060631018961205,4.989892145447421,5.9013051378330665,0.8702713666438159,-0.28009406026665556,-0.008164242286732015,-17.934158,66.16597,65.681526,9.242282,-3.0894375,-0.09364386
10.700000558048487,2.9293168,-1.5719193,-1.2448584,-1.1914649,1.1799282,-0.44891748,0.7372075,0.7430615,-0.45480567,0.3719644,0.47429565,1.0334762,-1.082630837292341,5.571207129937312,6.2296426092732196,0.9270403120252821,-0.2642493191785631,-0.00481793905406177,-1.082630837292341,5.571207129937312,6.2296426092732196,0.9270403120252821,-0.2642493191785631,-0.00481793905406177,-16.09872,73.87421,69.33592,9.845168,-2.91467,-0.05526176
10.716667225584388,2.9412966,-1.5597004,-1.252336,-1.1853108,1.1879202,-0.43134794,0.71840155,0.7383676,-0.44431227,0.36962754,0.47957984,1.0541557,-1.077277562565345,5.433294604087128,6.211641899444771,0.9264138683311909,-0.2604799279276069,-0.005322470026839371,-1.077277562565345,5.433294604087128,6.211641899444771,0.9264138683311909,-0.2604799279276069,-0.005322470026839371,-16.019117,72.04549,69.135574,9.838515,-2.8730936,-0.06104873
10.733333893120289,2.95292,-1.5477185,-1.2595987,-1.1792756,1.1958238,-0.41389793,0.6972863,0.7240015,-0.43177617,0.36248308,0.47428986,1.0472236,-1.0984441299284555,4.645298113470523,5.875988297920878,0.8736297909149343,-0.2625384118917955,-0.009713842230666276,-1.0984441299284555,4.645298113470523,5.875988297920878,0.8736297909149343,-0.2625384118917955,-0.009713842230666276,-16.333864,61.596653,65.39975,9.277948,-2.8957987,-0.11141777
10.75000056065619,2.9642253,-1.5358244,-1.2666888,-1.1732781,1.2038081,-0.3961051,0.6780622,0.7188869,-0.4210748,0.3602115,0.479096,1.0676775,-1.036459917018457,5.1962005246998135,6.193125023032134,0.92822935172618,-0.25041425433465814,-0.006230745818579623,-1.036459917018457,5.1962005246998135,6.193125023032134,0.92822935172618,-0.25041425433465814,-0.006230745818579623,-15.412159,68.90162,68.92948,9.857796,-2.7620692,-0.071466655
10.766667228192091,2.9752023,-1.5240222,-1.2735962,-1.1673182,1.211865,-0.37797862,0.65830517,0.7132298,-0.410088,0.3578611,0.48340034,1.0875797,-1.0307187591532212,5.062195905912696,6.174447058774497,0.9272631952318096,-0.24654119531349605,-0.0067262269666949455,-1.0307187591532212,5.062195905912696,6.174447058774497,0.9272631952318096,-0.24654119531349605,-0.0067262269666949455,-15.326788,67.12472,68.721596,9.847535,-2.7193494,-0.07714982
10.783333895727992,2.985833,-1.5124582,-1.2802931,-1.161476,1.2198226,-0.35998723,0.63769555,0.69879246,-0.39787152,0.35090253,0.47755343,1.0797095,-0.9978454066509358,4.314298327691954,5.84869864601759,0.8759234584657487,-0.24482886140603752,-0.011196811768732178,-0.9978454066509358,4.314298327691954,5.84869864601759,0.8759234584657487,-0.24482886140603752,-0.011196811768732178,-14.837961,57.207596,65.096016,9.302307,-2.7004623,-0.12842743
10.800000563263893,2.9961293,-1.5009975,-1.2868099,-1.1556716,1.2278451,-0.34166658,0.6175086,0.6927127,-0.38671207,0.34863573,0.4813516,1.0993472,-0.9938823030390993,4.833150665145115,6.153945031727313,0.9282166899485328,-0.23652368097659793,-0.007595136151068503,-0.9938823030390993,4.833150665145115,6.153945031727313,0.9282166899485328,-0.23652368097659793,-0.007595136151068503,-14.77903,64.08758,68.49341,9.857661,-2.6088562,-0.08711621
10.816667230799794,3.006082,-1.4896457,-1.2931364,-1.149905,1.235921,-0.3230264,0.5968064,0.6861002,-0.3753021,0.34630182,0.48462734,1.1183953,-0.9881483281949421,4.703284388753623,6.134415701071849,0.9268752599166612,-0.23259364358965962,-0.008073667390718601,-0.9881483281949421,4.703284388753623,6.134415701071849,0.9268752599166612,-0.23259364358965962,-0.008073667390718601,-14.693766,62.36555,68.27605,9.843415,-2.565508,-0.092604965
10.833333898335695,3.015697,-1.4785324,-1.2992595,-1.1442522,1.2438902,-0.304537,0.5767251,0.6716299,-0.36345083,0.3395433,0.47824657,1.109591,-0.9048130982019955,3.9975510103849983,5.819128401517225,0.8770937299997794,-0.22712212093073136,-0.012592289275258337,-0.9048130982019955,3.9975510103849983,5.819128401517225,0.8770937299997794,-0.22712212093073136,-0.012592289275258337,-13.454571,53.007526,64.7669,9.314735,-2.505157,-0.14443356
10.850000565871596,3.024962,-1.4675386,-1.3051937,-1.1386347,1.2519051,-0.28573307,0.55558574,0.66459817,-0.35190257,0.3373058,0.48099133,1.1283349,-0.9553720747454502,4.48304315857578,6.111995700448885,0.9269703579487775,-0.22271075036886706,-0.008891997071276983,-0.9553720747454502,4.48304315857578,6.111995700448885,0.9269703579487775,-0.22271075036886706,-0.008891997071276983,-14.206383,59.445152,68.02651,9.844425,-2.4564996,-0.10199121
10.866667233407497,3.0338674,-1.4566691,-1.3109324,-1.1330546,1.2599581,-0.26662526,0.53394884,0.6570458,-0.3401442,0.3350096,0.48320055,1.1464552,-0.9499469698076691,4.357567236254478,6.091445689788297,0.9252124362521702,-0.21876277214596734,-0.009347011238570409,-0.9499469698076691,4.357567236254478,6.091445689788297,0.9252124362521702,-0.21876277214596734,-0.009347011238570409,-14.125711,57.78134,67.79779,9.825756,-2.4129534,-0.10721022
10.883333900943398,3.0424442,-1.4460378,-1.3164754,-1.1275848,1.2678958,-0.24768361,0.51442426,0.64258033,-0.3287008,0.32845396,0.47630483,1.1367244,-0.8191775057086548,3.6956269277166998,5.787163089227804,0.8771099837710854,-0.20955393558616328,-0.013882838962591515,-0.8191775057086548,3.6956269277166998,5.787163089227804,0.8771099837710854,-0.20955393558616328,-0.013882838962591515,-12.1811695,49.004013,64.411125,9.314908,-2.31138,-0.15923616
10.9000005684793,3.0506556,-1.4355419,-1.3218243,-1.1221507,1.2758611,-0.22844355,0.49234423,0.63461053,-0.3168373,0.3262646,0.477956,1.1545047,-0.9213263505885645,4.146363041159973,6.067004893560829,0.9244275856377266,-0.2091106888605915,-0.010102976896291,-0.9213263505885645,4.146363041159973,6.067004893560829,0.9244275856377266,-0.2091106888605915,-0.010102976896291,-13.700123,54.980774,67.525764,9.817421,-2.306491,-0.115881145
10.9166672360152,3.0584903,-1.4251859,-1.3269736,-1.1167532,1.2838455,-0.20891604,0.46978512,0.62613404,-0.30479947,0.32402912,0.47905776,1.1716272,-0.9164206037284066,4.025737480520303,6.045613113225095,0.9222821776251785,-0.20519807353845426,-0.010527557358080756,-0.9164206037284066,4.025737480520303,6.045613113225095,0.9222821776251785,-0.20519807353845426,-0.010527557358080756,-13.627174,53.38128,67.287674,9.794637,-2.2633348,-0.12075108
10.933333903551102,3.0660067,-1.4150672,-1.3319354,-1.1114621,1.2917057,-0.18957004,0.45084664,0.6117134,-0.29380062,0.3176846,0.4716761,1.1609839,-0.7407986885281161,3.409409271286264,5.753071417384391,0.8760172993000843,-0.1922608718802901,-0.015050349489127228,-0.7407986885281161,3.409409271286264,5.753071417384391,0.8760172993000843,-0.1922608718802901,-0.015050349489127228,-11.0156765,45.208767,64.031685,9.303304,-2.1206374,-0.17262751
10.950000571087003,3.0731423,-1.4050996,-1.3366984,-1.1062058,1.2995757,-0.16994277,0.42783976,0.60282284,-0.28169182,0.31556454,0.47220367,1.1777328,-0.8919090573709125,3.8238174415461796,6.019068578289954,0.9206037287882718,-0.1958517193902328,-0.011210838607216047,-0.8919090573709125,3.8238174415461796,6.019068578289954,0.9206037287882718,-0.1958517193902328,-0.011210838607216047,-13.262688,50.70382,66.99223,9.776812,-2.1602445,-0.12858832
10.966667238622904,3.079887,-1.3952872,-1.3412566,-1.1009852,1.3074456,-0.15004574,0.40437293,0.5934413,-0.2694472,0.31340906,0.47217137,1.1937932,-0.8876738968357274,3.7082781439273425,5.9967932139873925,0.9180568256845134,-0.19201787082260563,-0.011599421137399847,-0.8876738968357274,3.7082781439273425,5.9967932139873925,0.9180568256845134,-0.19201787082260563,-0.011599421137399847,-13.199711,49.17177,66.74431,9.7497635,-2.117957,-0.13304536
10.983333906158805,3.0863225,-1.3857118,-1.345635,-1.0958664,1.3151835,-0.13034521,0.3860449,0.5791037,-0.25893277,0.30727842,0.4643346,1.1822551,-0.6695826260451911,3.1391172567284125,5.716696411023135,0.8737803852490786,-0.17538905035660468,-0.016079600104686998,-0.6695826260451911,3.1391172567284125,5.716696411023135,0.8737803852490786,-0.17538905035660468,-0.016079600104686998,-9.956694,41.624695,63.62683,9.279548,-1.9345412,-0.18443301
11.000000573694706,3.0923607,-1.3763006,-1.3498133,-1.0907815,1.3229123,-0.11038155,0.36212528,0.56931573,-0.2466586,0.30524465,0.46371427,1.1979114,-0.8672573138341538,3.515897724962882,5.968046231197004,0.9154617000658859,-0.18306370767159347,-0.012200616085747582,-0.8672573138341538,3.515897724962882,5.968046231197004,0.9154617000658859,-0.18306370767159347,-0.012200616085747582,-12.896116,46.620804,66.424355,9.722203,-2.0191927,-0.13994107
11.016667241230607,3.097994,-1.3670591,-1.3537853,-1.0857302,1.3306221,-0.090166755,0.3377674,0.55905026,-0.23428363,0.30318367,0.46252742,1.2128509,-0.8636840173840603,3.4053894549293577,5.9448447831557445,0.9125050402855021,-0.1793415678271573,-0.012548330200165379,-0.8636840173840603,3.4053894549293577,5.9448447831557445,0.9125050402855021,-0.1793415678271573,-0.012548330200165379,-12.842981,45.155464,66.16612,9.690804,-1.9781375,-0.14392935
11.033333908766508,3.1033294,-1.3580525,-1.3575861,-1.0807778,1.3381925,-0.07016307,0.32008028,0.5448327,-0.22428364,0.29726574,0.45427057,1.2004406,-0.6049308186821595,2.885155080849948,5.678342423349056,0.8704537501218405,-0.159046894187616,-0.016958937503611823,-0.6049308186821595,2.885155080849948,5.678342423349056,0.8704537501218405,-0.159046894187616,-0.016958937503611823,-8.995321,38.257156,63.19995,9.244219,-1.7542872,-0.19451901
11.05000057630241,3.108253,-1.3492261,-1.3611839,-1.0758594,1.3457344,-0.049915403,0.29526228,0.5341657,-0.21191534,0.29533353,0.4524841,1.2149473,-0.8472720969019918,3.2226332352352,5.913981037534043,0.9090161368447285,-0.17086783000154054,-0.013059801190649829,-0.8472720969019918,3.2226332352352,5.913981037534043,0.9090161368447285,-0.17086783000154054,-0.013059801190649829,-12.598936,42.732117,65.82261,9.653751,-1.8846722,-0.14979592
11.06666724383831,3.112757,-1.3405836,-1.3645749,-1.0709717,1.3532381,-0.029436115,0.2700276,0.5230419,-0.19948515,0.29338357,0.45012912,1.228714,-0.8444554547615796,3.117646207277232,5.8899981420744885,0.9056714519493549,-0.16729972196079232,-0.013362046626722074,-0.8444554547615796,3.117646207277232,5.8899981420744885,0.9056714519493549,-0.16729972196079232,-0.013362046626722074,-12.557053,41.33999,65.55568,9.618231,-1.8453159,-0.15326267
11.083333911374211,3.116976,-1.3321733,-1.3678033,-1.0661789,1.3605963,-0.00918211,0.25300595,0.5089854,-0.19003282,0.28768018,0.44149143,1.2154579,-0.5465855755578294,2.648013245825674,5.638212013758738,0.8660779834467139,-0.14336504724386706,-0.01767825955604613,-0.5465855755578294,2.648013245825674,5.638212013758738,0.8660779834467139,-0.14336504724386706,-0.01767825955604613,-8.1277275,35.112656,62.7533,9.197748,-1.5813165,-0.20276964
11.100000578910112,3.120769,-1.3239565,-1.370828,-1.061417,1.3679055,0.011295949,0.22730336,0.4974671,-0.17764759,0.28585908,0.43852818,1.2287658,-0.8318684930038196,2.944606533597138,5.857022431982816,0.9012881420875449,-0.15937847542092679,-0.013778759483264234,-0.8318684930038196,2.944606533597138,5.857022431982816,0.9012881420875449,-0.15937847542092679,-0.013778759483264234,-12.3698845,39.045483,65.18866,9.57168,-1.7579446,-0.15804237
11.116667246446013,3.1241271,-1.3159381,-1.3736464,-1.0566851,1.3751575,0.03198532,0.20120625,0.4855092,-0.16523808,0.2840243,0.4349992,1.2413125,-0.829772076994762,2.8449410946300846,5.832161436397967,0.8975377415084121,-0.1559948337586058,-0.014031851873672205,-0.829772076994762,2.8449410946300846,5.832161436397967,0.8975377415084121,-0.1559948337586058,-0.014031851873672205,-12.338711,37.72392,64.91196,9.531851,-1.720623,-0.16094534
11.133333913981915,3.12721,-1.3081486,-1.3763131,-1.0520445,1.382257,0.05243578,0.18487452,0.47165105,-0.15636274,0.27853125,0.42602375,1.2272407,-0.4939891863927476,2.4277277122255905,5.596502257807235,0.8606956503485557,-0.1284393524972288,-0.01823024169818775,-0.4939891863927476,2.4277277122255905,5.596502257807235,0.8606956503485557,-0.1284393524972288,-0.01823024169818775,-7.345619,32.19167,62.28907,9.140588,-1.416686,-0.20910087
11.150000581517816,3.129851,-1.3005669,-1.3787762,-1.0474318,1.3892878,0.07308961,0.1583137,0.4593089,-0.14403309,0.27683,0.42188492,1.2393067,-0.820394129903828,2.6819278032351765,5.7973952520461305,0.8923377918882783,-0.14865793969992175,-0.014350036485567234,-0.820394129903828,2.6819278032351765,5.7973952520461305,0.8923377918882783,-0.14865793969992175,-0.014350036485567234,-12.199261,35.562363,64.52501,9.476627,-1.6396971,-0.16459492
11.166667249053717,3.1320434,-1.2931966,-1.3810347,-1.0428485,1.3962423,0.093933776,0.13138355,0.44654855,-0.13171642,0.27511582,0.41718525,1.2505943,-0.8189407225495309,2.58792457177808,5.771855631071709,0.8882147219670471,-0.145490193302158,-0.014551555528366367,-0.8189407225495309,2.58792457177808,5.771855631071709,0.8882147219670471,-0.145490193302158,-0.014551555528366367,-12.177649,34.31588,64.24075,9.43284,-1.6047568,-0.16690634
11.183333916589618,3.1339738,-1.2860512,-1.3831514,-1.0383525,1.4030404,0.114526,0.115776494,0.43292707,-0.12344157,0.26982933,0.40791893,1.2357417,-0.4462612180318621,2.2246752029810195,5.553699503690406,0.8544157678349095,-0.11433515349843777,-0.018613184652020852,-0.4462612180318621,2.2246752029810195,5.553699503690406,0.8544157678349095,-0.11433515349843777,-0.018613184652020852,-6.6359043,29.499193,61.812675,9.073895,-1.2611167,-0.21349323
11.200000584125519,3.135449,-1.2791266,-1.3850673,-1.0338836,1.4097508,0.1353003,0.08837976,0.4197914,-0.1112422,0.268251,0.40260687,1.246528,-0.8127288202671854,2.434874372065157,5.7353017143804745,0.8822109739659197,-0.13881760732974124,-0.0147699660182311,-0.8127288202671854,2.434874372065157,5.7353017143804745,0.8822109739659197,-0.13881760732974124,-0.0147699660182311,-12.085278,32.286434,63.833908,9.369081,-1.5311582,-0.16941151
11.21666725166142,3.1364636,-1.2724265,-1.3867809,-1.029441,1.4163647,0.15624337,0.060639776,0.4062589,-0.09908967,0.2666655,0.39674196,1.2565222,-0.8118506959403371,2.346663669223699,5.7092661484875125,0.8777619306201541,-0.13589731477545483,-0.014919477799921942,-0.8118506959403371,2.346663669223699,5.7092661484875125,0.8777619306201541,-0.13589731477545483,-0.014919477799921942,-12.07222,31.11676,63.544132,9.321832,-1.4989474,-0.17112641
11.233333919197321,3.137227,-1.2659475,-1.3883637,-1.0250822,1.4228195,0.17692213,0.04577751,0.3929122,-0.0914365,0.26157877,0.3872315,1.2409267,-0.4032952078413306,2.039226831174364,5.510243144210993,0.8473272377488303,-0.10116928183589324,-0.018826023120930013,-0.4032952078413306,2.039226831174364,5.510243144210993,0.8473272377488303,-0.10116928183589324,-0.018826023120930013,-5.9969997,27.040148,61.329006,8.998615,-1.1158972,-0.21593449
11.250000586733222,3.1375227,-1.2597018,-1.3897485,-1.0207473,1.4291674,0.19776115,0.017572599,0.3790171,-0.079437,0.26012543,0.38075826,1.2504047,-0.8083980998980094,2.2039045215911637,5.671257642829943,0.8710254159126354,-0.12992184916519622,-0.01503820770599578,-0.8083980998980094,2.2039045215911637,5.671257642829943,0.8710254159126354,-0.12992184916519622,-0.01503820770599578,-12.02088,29.223774,63.121098,9.25029,-1.433038,-0.17248824
11.266667254269123,3.1373422,-1.2536925,-1.3909341,-1.0164381,1.4353973,0.21874695,-0.01095061,0.36474845,-0.06752111,0.25866392,0.3737439,1.2590779,-0.8080794816058838,2.121567474411264,5.644763833428971,0.8662566851312383,-0.1272768295578598,-0.015134162349917104,-0.8080794816058838,2.121567474411264,5.644763833428971,0.8662566851312383,-0.1272768295578598,-0.015134162349917104,-12.016142,28.131985,62.82622,9.199646,-1.4038634,-0.17358884
11.283333921805024,3.1369262,-1.2478989,-1.3920003,-1.012209,1.4414635,0.23945671,-0.025032414,0.35171342,-0.06050811,0.2537695,0.36404133,1.2427834,-0.3640224248992571,1.871503855847665,5.466556120647145,0.8395460814854969,-0.0889573222598701,-0.018871474910426782,-0.3640224248992571,1.871503855847665,5.466556120647145,0.8395460814854969,-0.0889573222598701,-0.018871474910426782,-5.4130135,24.816141,60.84277,8.915979,-0.98119926,-0.21645582
11.300000589340925,3.1360276,-1.2423507,-1.3928726,-1.0080031,1.4474034,0.2603045,-0.054017473,0.3370929,-0.048780486,0.25243908,0.35643414,1.2509272,-0.8070342237707265,1.9890527739603956,5.605465596791118,0.8588470308120641,-0.12202461740696095,-0.01515553843590521,-0.8070342237707265,1.9890527739603956,5.605465596791118,0.8588470308120641,-0.12202461740696095,-0.01515553843590521,-12.000599,26.37484,62.388832,9.120955,-1.3459315,-0.17383403
11.316667256876826,3.1346412,-1.2370507,-1.3935508,-1.0038198,1.4532098,0.28127676,-0.083287686,0.322123,-0.037169565,0.2511036,0.34830195,1.2582611,-0.8069664981434148,1.9127706237148556,5.578765457852509,0.853825244077406,-0.11966100953863841,-0.015200387423414714,-0.8069664981434148,1.9127706237148556,5.578765457852509,0.853825244077406,-0.11966100953863841,-0.015200387423414714,-11.999592,25.363338,62.09166,9.067624,-1.3198609,-0.17434844
11.333333924412727,3.1330323,-1.2319616,-1.3941222,-0.9997137,1.458852,0.30196214,-0.09656367,0.3094362,-0.030810563,0.24639198,0.3384581,1.2413121,-0.328233920253197,1.7219885801657653,5.423271473955701,0.8312116683988697,-0.07778277531171646,-0.018756843798037912,-0.328233920253197,1.7219885801657653,5.423271473955701,0.8312116683988697,-0.07778277531171646,-0.018756843798037912,-4.8808384,22.833569,60.36101,8.827468,-0.857944,-0.215141
11.350000591948628,3.1309292,-1.2271284,-1.3945047,-0.9956284,1.4643494,0.32276314,-0.12629011,0.29412976,-0.019418864,0.24518096,0.32973576,1.2481078,-0.8080580608108818,1.7910955898002983,5.538740269471585,0.8458604471382674,-0.11518036141140507,-0.015129407489414097,-0.8080580608108818,1.7910955898002983,5.538740269471585,0.8458604471382674,-0.11518036141140507,-0.015129407489414097,-12.015823,23.749928,61.64618,8.983038,-1.2704394,-0.1735343
11.36666725948453,3.1283274,-1.222555,-1.3946993,-0.9915634,1.4696927,0.343666,-0.15627319,0.2784978,-0.008177393,0.24396312,0.32050797,1.2540882,-0.8083119036450672,1.7209293256158382,5.511925655340998,0.8406090422089716,-0.11312905378160105,-0.015123951092115565,-0.8083119036450672,1.7209293256158382,5.511925655340998,0.8406090422089716,-0.11312905378160105,-0.015123951092115565,-12.019598,22.819523,61.347733,8.927268,-1.2478135,-0.17347172
11.38333392702043,3.1255174,-1.2181863,-1.3947973,-0.987574,1.4748697,0.36427185,-0.1687159,0.26619637,-0.0024800526,0.23942342,0.31057847,1.236534,-0.29537967971770973,1.5913055673084289,5.3811583129115075,0.8224982101813998,-0.06767088785456833,-0.018489360809326172,-0.29537967971770973,1.5913055673084289,5.3811583129115075,0.8224982101813998,-0.06767088785456833,-0.018489360809326172,-4.392296,21.100712,59.892292,8.734931,-0.7464099,-0.21207297
11.400000594556332,3.1221998,-1.2140831,-1.3947132,-0.98360276,1.4798827,0.3849707,-0.19914861,0.25024343,0.008508188,0.23832569,0.30078244,1.2419705,-0.8112401391486634,1.6101995384711125,5.471380872974927,0.8321622895206661,-0.1094184133645522,-0.014964920495423214,-0.8112401391486634,1.6101995384711125,5.471380872974927,0.8321622895206661,-0.1094184133645522,-0.014964920495423214,-12.063141,21.351246,60.89647,8.8375635,-1.2068851,-0.17164764
11.416667262092233,3.1183705,-1.2102499,-1.3944486,-0.97965014,1.4847257,0.4057487,-0.22980131,0.2339896,0.019316139,0.23721774,0.29050627,1.2465919,-0.8115179681425216,1.5463419090029342,5.444715693526083,0.8267447548846517,-0.10767519095758904,-0.014912552072779448,-0.8115179681425216,1.5463419090029342,5.444715693526083,0.8267447548846517,-0.10767519095758904,-0.014912552072779448,-12.067272,20.504494,60.599686,8.780029,-1.1876574,-0.17104697
11.433333929628134,3.114349,-1.2066144,-1.3940992,-0.9757699,1.489403,0.42622054,-0.24137545,0.22210597,0.024344258,0.2328403,0.28054765,1.2284851,-0.26474755806015415,1.479476681302216,5.340605647523233,0.8135341206063884,-0.05862446989887753,-0.018080759796767827,-0.26474755806015415,1.479476681302216,5.340605647523233,0.8135341206063884,-0.05862446989887753,-0.018080759796767827,-3.9367962,19.61786,59.44094,8.639732,-0.6466279,-0.20738631
11.450000597164035,3.1098099,-1.2032557,-1.3935746,-0.971907,1.4938996,0.44676253,-0.2724665,0.20554608,0.03486945,0.2318442,0.26971778,1.2325603,-0.8159556642184742,1.4468454847148822,5.404088310796938,0.8179252430544062,-0.10475360147540179,-0.01467448166379122,-0.8159556642184742,1.4468454847148822,5.404088310796938,0.8179252430544062,-0.10475360147540179,-0.01467448166379122,-12.133261,19.185171,60.147503,8.686366,-1.1554322,-0.1683163
11.466667264699936,3.1047494,-1.2001764,-1.3928777,-0.96806055,1.4982078,0.46736118,-0.303745,0.18871528,0.04518504,0.23083603,0.25843278,1.2358234,-0.8163844649232148,1.3899115595522689,5.3779862533254015,0.8124302111552036,-0.10335086587333507,-0.014578230815445119,-0.8163844649232148,1.3899115595522689,5.3779862533254015,0.8124302111552036,-0.10335086587333507,-0.014578230815445119,-12.139637,18.430227,59.856987,8.628009,-1.13996,-0.16721231
11.483333932235837,3.0995102,-1.1972873,-1.3921077,-0.96428466,1.502351,0.48764536,-0.31442598,0.17728539,0.049540877,0.22660907,0.24850205,1.2172174,-0.23633114186885298,1.3875580121668936,5.302555327573983,0.8045211799176175,-0.0506857580632809,-0.017543372218257566,-0.23633114186885298,1.3875580121668936,5.302555327573983,0.8045211799176175,-0.0506857580632809,-0.017543372218257566,-3.514244,18.39902,59.01744,8.544015,-0.5590639,-0.20122248
11.500000599771738,3.0937426,-1.1946844,-1.39117,-0.9605246,1.5062962,0.5079771,-0.3461267,0.16016454,0.05954566,0.22570422,0.23668943,1.2199361,-0.8220294216132918,1.3020744151119732,5.33774102580301,0.8033583617704287,-0.10120183472620393,-0.014267907313086617,-0.8220294216132918,1.3020744151119732,5.33774102580301,0.8033583617704287,-0.10120183472620393,-0.014267907313086617,-12.2235775,17.265507,59.409058,8.531666,-1.1162562,-0.1636529
11.51666726730764,3.087444,-1.19237,-1.3900688,-0.9567789,1.5100389,0.5283429,-0.37797707,0.14280099,0.06931204,0.22478318,0.22445197,1.2218488,-0.8224112761445549,1.2520915242881256,5.312317250980949,0.7978262425366993,-0.10013534929789096,-0.014132692591460144,-0.8224112761445549,1.2520915242881256,5.312317250980949,0.7978262425366993,-0.10013534929789096,-0.014132692591460144,-12.229256,16.602734,59.12609,8.472915,-1.1044929,-0.16210198
11.53333393484354,3.080983,-1.190238,-1.3889061,-0.95310193,1.5136175,0.54838705,-0.38773048,0.13185893,0.07299557,0.2206942,0.21460535,1.202802,-0.20954565626707508,1.3160904068752652,5.267685978453328,0.7956372816010384,-0.04383443381066552,-0.01689144706559784,-0.20954565626707508,1.3160904068752652,5.267685978453328,0.7956372816010384,-0.04383443381066552,-0.01689144706559784,-3.115944,17.451359,58.629345,8.449668,-0.4834938,-0.1937449
11.550000602379441,3.0739863,-1.1883998,-1.3875856,-0.94943917,1.5169826,0.5684562,-0.41998708,0.11422348,0.08242446,0.21986617,0.20186499,1.2041748,-0.8291901240191688,1.1765094544193504,5.272970345249501,0.7886268773770377,-0.09876799821205175,-0.013760477954029725,-0.8291901240191688,1.1765094544193504,5.272970345249501,0.7886268773770377,-0.09876799821205175,-0.013760477954029725,-12.330057,15.600515,58.68816,8.375217,-1.089411,-0.15783268
11.566667269915342,3.0664482,-1.1868584,-1.386112,-0.94578975,1.5201302,0.58853716,-0.4523583,0.09637342,0.09159181,0.21901563,0.18873116,1.2047515,-0.8296135374581004,1.133874027257951,5.248604951843097,0.783139837663726,-0.09805496886764348,-0.013590285127435233,-0.8296135374581004,1.133874027257951,5.248604951843097,0.783139837663726,-0.09805496886764348,-0.013590285127435233,-12.336353,15.03517,58.416973,8.316945,-1.0815463,-0.15588057
11.583333937451243,3.058764,-1.1854908,-1.384589,-0.9422063,1.5231141,0.6082899,-0.46115455,0.08594973,0.094610564,0.21505295,0.17902821,1.1853206,-0.1843178600934663,1.2658681624974961,5.23685342218034,0.7870847446994818,-0.03807045391010136,-0.016140423344859062,-0.1843178600934663,1.2658681624974961,5.23685342218034,0.7870847446994818,-0.03807045391010136,-0.016140423344859062,-2.7408066,16.785412,58.28618,8.35884,-0.4199171,-0.18513066
11.600000604987144,3.0505333,-1.1844244,-1.3829172,-0.93863577,1.5258726,0.6280462,-0.49390972,0.06784649,0.10341845,0.21428323,0.1654261,1.185366,-0.8373015505720804,1.07114786116426,5.210753078409282,0.7739558282769557,-0.09743862549824166,-0.013165304529843583,-0.8373015505720804,1.07114786116426,5.210753078409282,0.7739558282769557,-0.09743862549824166,-0.013165304529843583,-12.450674,14.203421,57.99568,8.219411,-1.074748,-0.15100604
11.616667272523046,3.0417554,-1.1836627,-1.3811032,-0.93507814,1.5283984,0.6477918,-0.5267333,0.049557943,0.111940876,0.21348473,0.15146032,1.1846268,-0.83750742108692,1.0361283073597904,5.187661992678851,0.7685771769722977,-0.0970672934247706,-0.012965434098513934,-0.83750742108692,1.0361283073597904,5.187661992678851,0.7685771769722977,-0.0970672934247706,-0.012965434098513934,-12.453735,13.739061,57.738678,8.16229,-1.0706522,-0.14871353
11.633333940058947,3.0328484,-1.183066,-1.3792515,-0.9315846,1.5307647,0.6672041,-0.5345404,0.03968367,0.11430375,0.20963472,0.14196031,1.1648741,-0.16050563214525893,1.2378406380815923,5.2108476746757075,0.7790515202811434,-0.03337566137097688,-0.01530657151312857,-0.16050563214525893,1.2378406380815923,5.2108476746757075,0.7790515202811434,-0.03337566137097688,-0.01530657151312857,-2.3867188,16.413767,57.996735,8.273527,-0.36813354,-0.17556638
11.650000607594848,3.023388,-1.182777,-1.3772615,-0.92810374,1.5328921,0.686598,-0.5677283,0.02116283,0.122446835,0.20890568,0.12756082,1.1636151,-0.846239665890189,0.9870686682101288,5.151920712754626,0.7595511255066724,-0.09720135253878583,-0.012498314524071052,-0.846239665890189,0.9870686682101288,5.151920712754626,0.7595511255066724,-0.09720135253878583,-0.012498314524071052,-12.583584,13.088531,57.340878,8.066433,-1.0721309,-0.14335567
11.666667275130749,3.0133722,-1.1828,-1.3751409,-0.9246356,1.5347737,0.70595974,-0.6009422,0.0024870571,0.13028377,0.20814215,0.11283439,1.1615885,-0.8464135976148759,0.9602089273444129,5.130500142250849,0.7543681480565763,-0.09717885083970652,-0.012273588903904377,-0.8464135976148759,0.9602089273444129,5.130500142250849,0.7543681480565763,-0.09717885083970652,-0.012273588903904377,-12.58617,12.73237,57.102467,8.01139,-1.0718827,-0.14077806
11.68333394266665,3.0032456,-1.1829785,-1.3729923,-0.9212295,1.5365022,0.7249838,-0.6077289,-0.0068069473,0.13200471,0.20439355,0.10359453,1.1415745,-0.13811589890706436,1.2331660516661216,5.190595505158321,0.7717551933619038,-0.02972921888501884,-0.014405959361308328,-0.13811589890706436,1.2331660516661216,5.190595505158321,0.7717551933619038,-0.02972921888501884,-0.014405959361308328,-2.0537834,16.351782,57.771328,8.19604,-0.32791328,-0.16523635
11.70000061020255,2.992559,-1.1834707,-1.3707185,-0.9178357,1.537979,0.74396765,-0.6412792,-0.02569383,0.13944149,0.20368592,0.08846787,1.1390424,-0.8560684758220332,0.9253608335377045,5.0972903406737835,0.7456133370121096,-0.09803153770356858,-0.011774827421698865,-0.8560684758220332,0.9253608335377045,5.0972903406737835,0.7456133370121096,-0.09803153770356858,-0.011774827421698865,-12.729738,12.270285,56.73284,7.9184136,-1.0812879,-0.13505727
11.716667277738452,2.981313,-1.1842798,-1.368326,-0.914454,1.5391982,0.76289904,-0.6748098,-0.04470401,0.14655848,0.20293722,0.073054716,1.1357625,-0.8562524124689366,0.9073276145785463,5.078037258535489,0.7407328952279244,-0.0983512304311218,-0.01153129541884325,-0.8562524124689366,0.9073276145785463,5.078037258535489,0.7407328952279244,-0.0983512304311218,-0.01153129541884325,-12.732473,12.031164,56.518555,7.8665833,-1.0848141,-0.13226396
11.733333945274353,2.9699726,-1.185235,-1.3659164,-0.91113365,1.5402681,0.78148955,-0.6805482,-0.053391114,0.14765452,0.19927606,0.06413066,1.1155506,-0.11738441739213812,1.2527615416283702,5.176798845344262,0.7653619834483232,-0.027114828391606876,-0.013453911570953927,-0.11738441739213812,1.2527615416283702,5.176798845344262,0.7653619834483232,-0.027114828391606876,-0.013453911570953927,-1.7455063,16.611618,57.61777,8.128144,-0.29907656,-0.15431637
11.750000612810254,2.9580688,-1.1865088,-1.3633933,-0.90782565,1.5410757,0.80001944,-0.71438646,-0.07259169,0.1543558,0.19857012,0.04835962,1.1117804,-0.8670023165858666,0.8874892469265163,5.047986492420892,0.7323930941508091,-0.09989163492986104,-0.011010370570467987,-0.8670023165858666,0.8874892469265163,5.047986492420892,0.7323930941508091,-0.09989163492986104,-0.011010370570467987,-12.892324,11.768107,56.18409,7.7780147,-1.1018047,-0.12628895
11.766667280346155,2.9456015,-1.1881034,-1.3607633,-0.9045292,1.5416166,0.8184764,-0.7481601,-0.09188403,0.1607227,0.19781482,0.032343067,1.1072845,-0.8674122618602761,0.8786686225534385,5.031108256406004,0.7278679903393187,-0.100558558487395,-0.010753343078294004,-0.8674122618602761,0.8786686225534385,5.031108256406004,0.7278679903393187,-0.100558558487395,-0.010753343078294004,-12.89842,11.651146,55.996235,7.729958,-1.1091609,-0.123340845
11.783333947882056,2.933057,-1.1898344,-1.3581276,-0.9012928,1.5420142,0.83659023,-0.7528189,-0.09993872,0.16121255,0.19422962,0.023790281,1.0869377,-0.09840944106737559,1.2977244807224648,5.170203840421966,0.7600552618166821,-0.025490166810244082,-0.01246700519671519,-0.09840944106737559,1.2977244807224648,5.170203840421966,0.7600552618166821,-0.025490166810244082,-0.01246700519671519,-1.4633484,17.207827,57.54437,8.071787,-0.28115654,-0.14299655
11.800000615417957,2.919944,-1.1918875,-1.3553901,-0.89806885,1.5421406,0.85462344,-0.7868656,-0.11940078,0.16715178,0.19350167,0.007455549,1.0819715,-0.879384818779356,0.8745978860294118,5.004753256743808,0.720069278206978,-0.10275430065442083,-0.010220003626922368,-0.879384818779356,0.8745978860294118,5.004753256743808,0.720069278206978,-0.10275430065442083,-0.010220003626922368,-13.076452,11.597168,55.702904,7.6471357,-1.1333799,-0.11722344
11.816667282953858,2.9062645,-1.1942664,-1.3525578,-0.8948582,1.5419911,0.87256396,-0.8207947,-0.1389228,0.1727434,0.19271588,-0.0090824505,1.0763046,-0.8800043543473779,0.8754149101798171,4.990508978364709,0.715965290752059,-0.10374727188622207,-0.009954167950537897,-0.8800043543473779,0.8754149101798171,4.990508978364709,0.715965290752059,-0.10374727188622207,-0.009954167950537897,-13.085665,11.608002,55.544365,7.6035514,-1.1443324,-0.11417431
11.83333395048976,2.892528,-1.1967713,-1.3497308,-0.89170563,1.5417057,0.8901603,-0.8243402,-0.14631844,0.17264988,0.18919644,-0.017210037,1.0558847,-0.08150471403202758,1.3695112720334153,5.171688590516727,0.7560335759164699,-0.024818098772036848,-0.011460471381908307,-0.08150471403202758,1.3695112720334153,5.171688590516727,0.7560335759164699,-0.024818098772036848,-0.011460471381908307,-1.2119751,18.15972,57.560894,8.029077,-0.27374363,-0.1314516
11.85000061802566,2.8782227,-1.1996013,-1.3468139,-0.8885661,1.5411407,0.90765643,-0.858509,-0.1659851,0.17780499,0.18842389,-0.034021758,1.04977,-0.8936456809848768,0.8883296454474218,4.9685667574352115,0.7088627967906314,-0.10657236993258798,-0.009418500436318887,-0.8936456809848768,0.8883296454474218,4.9685667574352115,0.7088627967906314,-0.10657236993258798,-0.009418500436318887,-13.288511,11.779251,55.300148,7.528123,-1.1754932,-0.1080302
11.866667285561562,2.8633473,-1.2027596,-1.3438165,-0.8854409,1.5402924,0.92504174,-0.8925122,-0.18567994,0.18260223,0.18758507,-0.050992455,1.0429817,-0.8949046336971199,0.8994120458312344,4.957295749386687,0.7052527084637946,-0.10789899748234132,-0.009148902444082856,-0.8949046336971199,0.8994120458312344,4.957295749386687,0.7052527084637946,-0.10789899748234132,-0.009148902444082856,-13.307232,11.926204,55.1747,7.489784,-1.190126,-0.10493791
11.883333953097463,2.8484352,-1.2060323,-1.3408337,-0.88237244,1.5393168,0.9420829,-0.89491653,-0.19239402,0.18195498,0.1841186,-0.058641464,1.0225532,-0.06725000870171696,1.4693192586999493,5.1819707933890315,0.7534535366712093,-0.025072685718968687,-0.010448699425694832,-0.06725000870171696,1.4693192586999493,5.1819707933890315,0.7534535366712093,-0.025072685718968687,-0.010448699425694832,-1.0000076,19.483173,57.675335,8.001677,-0.27655172,-0.11984658
11.900000620633364,2.8329523,-1.2096329,-1.3377744,-0.8793186,1.5380546,0.9590055,-0.92911786,-0.21221238,0.18631059,0.1832774,-0.07584211,1.01534,-0.9104079020127565,0.9297940526073335,4.940104248924289,0.6989351100167313,-0.11130572446129697,-0.008619527974748154,-0.9104079020127565,0.9297940526073335,4.940104248924289,0.6989351100167313,-0.11130572446129697,-0.008619527974748154,-13.5377655,12.329069,54.98336,7.422691,-1.2277021,-0.098865986
11.916667288169265,2.8169007,-1.2135636,-1.334649,-0.8762799,1.5365031,0.97579926,-0.96309876,-0.23202503,0.1903044,0.1823621,-0.09315409,1.0074828,-0.9124672485023196,0.9519527400780587,4.9322846336399015,0.6959210232377278,-0.11294305270515781,-0.008351561705132828,-0.9124672485023196,0.9519527400780587,4.9322846336399015,0.6959210232377278,-0.11294305270515781,-0.008351561705132828,-13.568388,12.622893,54.896328,7.3906813,-1.2457619,-0.09579241
11.933333955705166,2.8008316,-1.2175977,-1.3315465,-0.87329763,1.5348337,0.9922496,-0.9643354,-0.2380369,0.18913518,0.17893761,-0.1002749,0.9871082,-0.056217786202754604,1.598357722770035,5.201632764461547,0.7524555012331171,-0.026223449845370228,-0.009445429056129355,-0.056217786202754604,1.598357722770035,5.201632764461547,0.7524555012331171,-0.026223449845370228,-0.009445429056129355,-0.8359585,21.194223,57.894173,7.9910774,-0.28924465,-0.10833907
11.950000623241067,2.7841928,-1.2219605,-1.3283801,-0.8703321,1.532873,1.0085651,-0.9984729,-0.25794935,0.19268532,0.17800486,-0.11777079,0.97885257,-0.9304103068882136,1.000839193122599,4.920378185453869,0.6905065866962441,-0.1169016657368443,-0.007836363475636595,-0.9304103068882136,1.000839193122599,4.920378185453869,0.6905065866962441,-0.1169016657368443,-0.007836363475636595,-13.835201,13.271128,54.76381,7.33318,-1.2894254,-0.08988309
11.966667290776968,2.7669885,-1.226655,-1.3251601,-0.86738306,1.530619,1.0247338,-1.032337,-0.27782404,0.19586903,0.17699073,-0.13533145,0.969983,-0.9336797358930392,1.0344140669878792,4.916091535076405,0.6881178660132342,-0.11884874359435206,-0.0075752151043600065,-0.9336797358930392,1.0344140669878792,4.916091535076405,0.6881178660132342,-0.11884874359435206,-0.0075752151043600065,-13.883818,13.716331,54.7161,7.3078117,-1.3109016,-0.08688772
11.983333958312869,2.7497857,-1.2314415,-1.3219733,-0.86449,1.5282564,1.040561,-1.0323801,-0.28311384,0.19420692,0.1736002,-0.14187896,0.94972277,-0.0490189881315148,1.7576961315954793,5.23101964301069,0.753138204527889,-0.02823857318674124,-0.008463859558105469,-0.0490189881315148,1.7576961315954793,5.23101964301069,0.753138204527889,-0.02823857318674124,-0.008463859558105469,-0.72891235,23.30705,58.22125,7.9983277,-0.31147146,-0.09708047
12.00000062584877,2.7320175,-1.2365568,-1.3187364,-0.8616154,1.5255983,1.0562356,-1.0663557,-0.3030634,0.19694906,0.17255296,-0.15957583,0.9404851,-0.9545544930248351,1.1026858564235866,4.90991193115015,0.6837071671997761,-0.12331722221478267,-0.0070812708414837704,-0.9545544930248351,1.1026858564235866,4.90991193115015,0.6837071671997761,-0.12331722221478267,-0.0070812708414837704,-14.194225,14.621614,54.64732,7.26097,-1.360189,-0.08122218
12.016667293384671,2.713685,-1.242004,-1.3154583,-0.8587598,1.5226456,1.0717489,-1.100004,-0.32294258,0.19932726,0.17141579,-0.17728819,0.93066907,-0.9594290707042415,1.1483993645347261,4.9095332033443535,0.6820213098759481,-0.12555974024809824,-0.006829829660829712,-0.9594290707042415,1.1483993645347261,4.9095332033443535,0.6820213098759481,-0.12555974024809824,-0.006829829660829712,-14.26671,15.227776,54.643105,7.2430663,-1.3849239,-0.078338146
12.033333960920572,2.6953757,-1.247531,-1.3122201,-0.85596013,1.5195943,1.0869237,-1.0988276,-0.32749197,0.19721012,0.16805182,-0.18321921,0.9105843,-0.04625493596685598,1.9485889337001703,5.270678442229265,0.7556286684312838,-0.031080401603027788,-0.007515828715476557,-0.04625493596685598,1.9485889337001703,5.270678442229265,0.7556286684312838,-0.031080401603027788,-0.007515828715476557,-0.6878109,25.83829,58.66265,8.024776,-0.34281683,-0.086206555
12.050000628456473,2.6765032,-1.2533859,-1.3089452,-0.8531809,1.5162456,1.1019307,-1.1325381,-0.3474224,0.1991457,0.16686828,-0.2010202,0.9004266,-0.9837196108953378,1.2363735906678628,4.909063649413185,0.6786411989431148,-0.13049511291282564,-0.006364643210001166,-0.9837196108953378,1.2363735906678628,4.909063649413185,0.6786411989431148,-0.13049511291282564,-0.006364643210001166,-14.627911,16.394314,54.63788,7.2071695,-1.4393611,-0.07300246
12.066667295992374,2.657073,-1.2595718,-1.3056434,-0.8504227,1.5126002,1.1167617,-1.1658603,-0.3672505,0.20072171,0.16558608,-0.2187902,0.8897242,-0.9904059773735657,1.2946160490516445,4.912687440445481,0.6776912064202089,-0.13300795395160306,-0.006127845960382596,-0.9904059773735657,1.2946160490516445,4.912687440445481,0.6776912064202089,-0.13300795395160306,-0.006127845960382596,-14.727337,17.166609,54.67821,7.1970806,-1.4670777,-0.07028639
12.083333963528275,2.6376874,-1.265826,-1.3023893,-0.8477188,1.5088681,1.1312579,-1.1634394,-0.37104562,0.19818775,0.16224061,-0.22406037,0.86987364,-0.04854811544617151,2.171602867667312,5.320574545367601,0.7599519919989922,-0.034713356038817256,-0.006612924876790932,-0.04854811544617151,2.171602867667312,5.320574545367601,0.7599519919989922,-0.034713356038817256,-0.006612924876790932,-0.7219105,28.795454,59.217995,8.07069,-0.38288832,-0.07585025
12.100000631064177,2.617746,-1.2724063,-1.2991105,-0.845039,1.504839,1.1455737,-1.1967764,-0.39089954,0.19933116,0.16089442,-0.24186887,0.8588617,-1.0187971247228587,1.403219271928836,4.918385494537216,0.6754341323047933,-0.13837861885077718,-0.005698349544455304,-1.0187971247228587,1.403219271928836,4.918385494537216,0.6754341323047933,-0.13837861885077718,-0.005698349544455304,-15.149513,18.606688,54.74163,7.1731105,-1.5263162,-0.06536007
12.116667298600078,2.5972545,-1.2793169,-1.2958193,-0.8423832,1.5005136,1.1596982,-1.2296716,-0.41061816,0.20011991,0.15944374,-0.25959834,0.8473371,-1.0279612486684733,1.4745033344711833,4.9261046869735505,0.6752492344312075,-0.14116662475917952,-0.00547994814858607,-1.0279612486684733,1.4745033344711833,4.9261046869735505,0.6752492344312075,-0.14116662475917952,-0.00547994814858607,-15.285784,19.551914,54.827545,7.171147,-1.5570679,-0.062855005
12.133333966135979,2.5768263,-1.2862828,-1.2925816,-0.83978206,1.4961132,1.1734937,-1.2259897,-0.41364363,0.19721118,0.15611072,-0.26417366,0.8277769,-0.05668942849749916,2.4277420964535903,5.380857044367349,0.7661618306362922,-0.039134885869238016,-0.005766071229783368,-0.05668942849749916,2.4277420964535903,5.380857044367349,0.7661618306362922,-0.039134885869238016,-0.005766071229783368,-0.8429718,32.19186,59.88894,8.136639,-0.4316578,-0.06613684
12.15000063367188,2.5558493,-1.2935716,-1.2893325,-0.8372074,1.4914172,1.1870937,-1.2588419,-0.43336356,0.19757932,0.15458299,-0.28189272,0.8159762,-1.0607054350595788,1.6039224052141514,4.937894946267127,0.6741368837949246,-0.14691102104844123,-0.005090319808920051,-1.0607054350595788,1.6039224052141514,4.937894946267127,0.6741368837949246,-0.14691102104844123,-0.005090319808920051,-15.77269,21.268011,54.95877,7.1593337,-1.6204286,-0.05838597
12.16666730120778,2.5343306,-1.3011875,-1.286083,-0.83465976,1.486428,1.2004914,-1.2911903,-0.4529171,0.19760303,0.15294248,-0.2994849,0.80370367,-1.0724388999913312,1.6884418274662254,4.949700628865011,0.6747311342458492,-0.14993307921201235,-0.004893203559083946,-1.0724388999913312,1.6884418274662254,4.949700628865011,0.6747311342458492,-0.14993307921201235,-0.004893203559083946,-15.947166,22.388739,55.090168,7.1656446,-1.6537619,-0.056125045
12.183333968743682,2.5128994,-1.3088467,-1.2828938,-0.8321673,1.481375,1.2135644,-1.2862223,-0.4551648,0.19435997,0.14961691,-0.30333313,0.78448737,-0.0707813614394413,2.7165983956683637,5.450830176834147,0.7741801482809466,-0.04428974196571495,-0.004985536194512817,-0.0707813614394413,2.7165983956683637,5.450830176834147,0.7741801482809466,-0.04428974196571495,-0.004985536194512817,-1.0525188,36.022095,60.66774,8.221793,-0.48851585,-0.0571841
12.200000636279583,2.49093,-1.3168257,-1.2797034,-0.8297052,1.4760292,1.2264314,-1.318477,-0.47469506,0.19397761,0.14788727,-0.32086512,0.7719708,-1.1102018375563478,1.8387824701507707,4.967398356448822,0.6747539883055031,-0.1560308451233187,-0.004549855861647189,-1.1102018375563478,1.8387824701507707,4.967398356448822,0.6747539883055031,-0.1560308451233187,-0.004549855861647189,-16.508701,24.382256,55.287144,7.1658874,-1.7210202,-0.052186847
12.216667303815484,2.4684322,-1.3251274,-1.2765263,-0.82727355,1.4703935,1.2390839,-1.350172,-0.49402648,0.19325931,0.14603886,-0.33822334,0.7590175,-1.124980005547755,1.9367448165226127,4.983135953425076,0.6761171049990897,-0.1592817678304553,-0.004378150833515676,-1.124980005547755,1.9367448165226127,4.983135953425076,0.6761171049990897,-0.1592817678304553,-0.004378150833515676,-16.728453,25.681236,55.462303,7.1803637,-1.7568779,-0.05021739
12.233333971351385,2.44604,-1.3334605,-1.2734141,-0.8248957,1.4647076,1.2514206,-1.343912,-0.49548793,0.18972608,0.14271958,-0.34131196,0.7401989,-0.09155837817727598,3.0383568903259923,5.530080940952626,0.7839680616015994,-0.05019201761143703,-0.0042801851174471784,-0.09155837817727598,3.0383568903259923,5.530080940952626,0.7839680616015994,-0.05019201761143703,-0.0042801851174471784,-1.3614731,40.288612,61.5498,8.325741,-0.55361795,-0.049093723
12.250000638887286,2.4231212,-1.3421087,-1.270314,-0.82255214,1.4587339,1.2635396,-1.3754538,-0.5147722,0.18862027,0.14076705,-0.35856035,0.7270311,-1.1678162082859391,2.107717188954533,5.006375445616962,0.677237492721184,-0.1656709534410769,-0.004085615186350389,-1.1678162082859391,2.107717188954533,5.006375445616962,0.677237492721184,-0.1656709534410769,-0.004085615186350389,-17.365427,27.94833,55.72096,7.192262,-1.8273506,-0.046862006
12.266667306423187,2.3996863,-1.3510754,-1.2672368,-0.820243,1.4524746,1.275433,-1.406374,-0.53382593,0.18719693,0.13869008,-0.37558988,0.7134665,-1.185675250978861,2.2192943509707446,5.026059352055607,0.6793916562182756,-0.16911347563009532,-0.00394080759861621,-1.185675250978861,2.2192943509707446,5.026059352055607,0.6793916562182756,-0.16911347563009532,-0.00394080759861621,-17.630991,29.427843,55.94004,7.2151394,-1.8653216,-0.045201063
12.283333973959088,2.3763802,-1.3600606,-1.2642312,-0.81798744,1.446179,1.2870182,-1.3988008,-0.5344927,0.18341562,0.13537341,-0.37789375,0.69509417,-0.11848367615361782,3.3922330646313514,5.617598596180438,0.795395450627961,-0.056778379493913976,-0.0036598602999992334,-0.11848367615361782,3.3922330646313514,5.617598596180438,0.795395450627961,-0.056778379493913976,-0.0036598602999992334,-1.7618523,44.98101,62.523872,8.4471,-0.6262655,-0.041978598
12.30000064149499,2.3525608,-1.3693553,-1.2612467,-0.8157702,1.4396017,1.2983747,-1.429513,-0.5534752,0.18162559,0.13318063,-0.394765,0.6813491,-1.233767244586547,2.4103624968147566,5.054279886058934,0.6815462687145744,-0.17576178743530163,-0.0037035842303514686,-1.233767244586547,2.4103624968147566,5.054279886058934,0.6815462687145744,-0.17576178743530163,-0.0037035842303514686,-18.346119,31.961407,56.254135,7.2380214,-1.9386525,-0.04248011
12.31666730903089,2.3282406,-1.3789636,-1.2582983,-0.8135915,1.4327471,1.3094978,-1.4595435,-0.57219785,0.17953107,0.13085845,-0.411371,0.6672486,-1.25477360492596,2.534975365456053,5.0772732908620775,0.6844017689735428,-0.17936586360983275,-0.0035885218027475714,-1.25477360492596,2.534975365456053,5.0772732908620775,0.6844017689735428,-0.17936586360983275,-0.0035885218027475714,-18.658484,33.613773,56.51005,7.268347,-1.9784055,-0.041160345
12.333333976566792,2.3040702,-1.3885773,-1.2554237,-0.81146634,1.4258685,1.3203201,-1.4506515,-0.5720655,0.17555228,0.12754397,-0.4128736,0.6493687,-0.15159073337742204,3.777139758632194,5.712342926327001,0.80832716659862,-0.0640691461502587,-0.003132242270937772,-0.15159073337742204,3.777139758632194,5.712342926327001,0.80832716659862,-0.0640691461502587,-0.003132242270937772,-2.2541542,50.084873,63.578377,8.5844345,-0.7066827,-0.03592682
12.350000644102693,2.279403,-1.3984932,-1.2525828,-0.80938476,1.4187163,1.3309064,-1.4804122,-0.59069204,0.17311634,0.12509513,-0.42927355,0.6351196,-1.3077462048200288,2.7452897522064714,5.1098144065123465,0.687514411078559,-0.18621096260852418,-0.0034100612351035905,-1.3077462048200288,2.7452897522064714,5.1098144065123465,0.687514411078559,-0.18621096260852418,-0.0034100612351035905,-19.446186,36.402542,56.872234,7.301403,-2.053907,-0.039113402
12.366667311638594,2.2542522,-1.4087169,-1.2497857,-0.80734533,1.4112939,1.3412511,-1.5094327,-0.60903054,0.17040052,0.12251462,-0.44536674,0.62055135,-1.331770716694753,2.8827247216870524,5.135948338812788,0.6910674316061419,-0.18994970313009088,-0.0033276540461891924,-1.331770716694753,2.8827247216870524,5.135948338812788,0.6910674316061419,-0.18994970313009088,-0.0033276540461891924,-19.80343,38.22493,57.163105,7.339136,-2.0951452,-0.038168192
12.383333979174495,2.2292733,-1.4189329,-1.2470676,-0.8053592,1.4038624,1.3513054,-1.4992161,-0.60809904,0.16626607,0.119203836,-0.44604802,0.6032065,-0.1899067635654842,4.190543909777703,5.81228936564676,0.8224749520224591,-0.07201685001930105,-0.0027053961051269103,-0.1899067635654842,4.190543909777703,5.81228936564676,0.8224749520224591,-0.07201685001930105,-0.0027053961051269103,-2.8239136,55.566612,64.69078,8.734684,-0.79434586,-0.031030893
12.400000646710396,2.203815,-1.4294441,-1.2443916,-0.803421,1.3961661,1.3611156,-1.5279084,-0.6263178,0.16323432,0.11648587,-0.46188834,0.5885204,-1.3891508696298913,3.1107423532063065,5.17172697740745,0.6949900682812132,-0.19694788285200962,-0.003211479552850166,-1.3891508696298913,3.1107423532063065,5.17172697740745,0.6949900682812132,-0.19694788285200962,-0.003211479552850166,-20.656673,41.248444,57.56132,7.3807945,-2.1723351,-0.03683567
12.416667314246297,2.1778886,-1.4402553,-1.2417696,-0.80153054,1.3882108,1.3706772,-1.5558037,-0.6442198,0.15994318,0.11363204,-0.47737744,0.5735544,-1.4158817129641792,3.2601634121948058,5.20026934436068,0.6991370698601962,-0.20078125587940648,-0.0031629747791506457,-1.4158817129641792,3.2601634121948058,5.20026934436068,0.6991370698601962,-0.20078125587940648,-0.0031629747791506457,-21.054161,43.229767,57.878998,7.4248357,-2.2146173,-0.03627932
12.433333981782198,2.15216,-1.4510466,-1.239228,-0.79969305,1.3802598,1.3799584,-1.544253,-0.64249134,0.15570343,0.110329345,-0.47723046,0.55678374,-0.23197233075653056,4.630028104710183,5.915807156764164,0.8376248138772566,-0.0805901486767711,-0.002386014983252847,-0.23197233075653056,4.630028104710183,5.915807156764164,0.8376248138772566,-0.0805901486767711,-0.002386014983252847,-3.4494286,61.394173,65.84293,8.895576,-0.88890934,-0.027367592
12.450000649318099,2.1259732,-1.462125,-1.2367365,-0.79790795,1.3720548,1.3889885,-1.5717576,-0.66025037,0.15212575,0.10733083,-0.49242398,0.541731,-1.4765556658685168,3.5040994934726446,5.2382045036377605,0.7037351809428013,-0.20786524899742978,-0.003112204301430021,-1.4765556658685168,3.5040994934726446,5.2382045036377605,0.7037351809428013,-0.20786524899742978,-0.003112204301430021,-21.956383,46.46436,58.301216,7.4736676,-2.2927537,-0.035696983
12.466667316854,2.0993376,-1.4734957,-1.2343093,-0.79617465,1.3636019,1.3977647,-1.5984119,-0.6776648,0.1483113,0.10419434,-0.5072284,0.5264374,-1.5054798959964222,3.664546638592336,5.26848867575756,0.7083907190240261,-0.21176515442613894,-0.0030991713067398136,-1.5054798959964222,3.664546638592336,5.26848867575756,0.7083907190240261,-0.21176515442613894,-0.0030991713067398136,-22.386486,48.59189,58.63828,7.5231094,-2.3357697,-0.035547495
12.483333984389901,2.072921,-1.4848334,-1.231963,-0.79449415,1.3551672,1.4062706,-1.5855366,-0.6751404,0.14401306,0.1009015,-0.50624454,0.5102781,-0.2765132183185262,5.092392428068734,6.020707561427799,0.8534606567210398,-0.08979401367962199,-0.0021790876114170968,-0.2765132183185262,5.092392428068734,6.020707561427799,0.8534606567210398,-0.08979401367962199,-0.0021790876114170968,-4.1117516,67.52512,67.010475,9.063752,-0.990428,-0.024994135
12.500000651925802,2.0460668,-1.4964498,-1.2296758,-0.79287153,1.3464905,1.4145212,-1.6117362,-0.6923896,0.13994606,0.09761209,-0.52070856,0.49492854,-1.568025538964647,3.922095090195784,5.307308447221754,0.7134917990187019,-0.21886298144177105,-0.0031141062456312234,-1.568025538964647,3.922095090195784,5.307308447221754,0.7134917990187019,-0.21886298144177105,-0.0031141062456312234,-23.31654,52.00698,59.070343,7.577283,-2.4140587,-0.0357188
12.516667319461703,2.0187898,-1.5083494,-1.2274594,-0.79130626,1.3375798,1.4225132,-1.637026,-0.7092657,0.13567156,0.094184354,-0.53474534,0.47937304,-1.5979873308336967,4.092534958507141,5.338769931570432,0.7185960220078291,-0.2227572236186466,-0.003138592478079492,-1.5979873308336967,4.092534958507141,5.338769931570432,0.7185960220078291,-0.2227572236186466,-0.003138592478079492,-23.762072,54.267014,59.42051,7.6314898,-2.4570122,-0.035999656
12.533333986997604,1.9917525,-1.5202032,-1.2253247,-0.7897933,1.3287009,1.4302456,-1.6228372,-0.70595205,0.13135916,0.09090931,-0.5329255,0.4638566,-0.32121341502658457,5.573193879508684,6.124379585588288,0.8696165461998202,-0.09959429259313202,-0.0020895611231703287,-0.32121341502658457,5.573193879508684,6.124379585588288,0.8696165461998202,-0.09959429259313202,-0.0020895611231703287,-4.7764435,73.90055,68.164345,9.235328,-1.098525,-0.023967266
12.550000654533505,1.9643016,-1.5323249,-1.2232568,-0.7883427,1.3195928,1.4377186,-1.6476148,-0.72264296,0.12686518,0.08732399,-0.5465845,0.4482749,-1.6608353020283868,4.3608649643657795,5.376939867813096,0.7239922740814152,-0.22982842038138176,-0.00322023057480324,-1.6608353020283868,4.3608649643657795,5.376939867813096,0.7239922740814152,-0.22982842038138176,-0.00322023057480324,-24.69662,57.82507,59.84534,7.688798,-2.5350075,-0.036936045
12.566667322069407,1.93645,-1.5447195,-1.2212659,-0.7869537,1.3102632,1.4449298,-1.6714303,-0.73893774,0.1221936,0.08359965,-0.55977696,0.43252423,-1.6908525057743282,4.53937927522271,5.408513085432986,0.7293901425521477,-0.23367389806918631,-0.0032818514882946596,-1.6908525057743282,4.53937927522271,5.408513085432986,0.7293901425521477,-0.23367389806918631,-0.0032818514882946596,-25.142977,60.19217,60.19675,7.7461233,-2.577423,-0.037642837
12.583333989605308,1.9088612,-1.5570568,-1.2193569,-0.7856168,1.3009807,1.4518917,-1.6559312,-0.73484635,0.11791441,0.0803462,-0.5571187,0.4176789,-0.3628526186093277,6.0673554019151235,6.224164251582856,0.8857190047729263,-0.10989665552798122,-0.00211818382442777,-0.3628526186093277,6.0673554019151235,6.224164251582856,0.8857190047729263,-0.10989665552798122,-0.00211818382442777,-5.3956184,80.45313,69.27495,9.406336,-1.2121601,-0.024295568
12.600000657141209,1.8808845,-1.5696515,-1.2175189,-0.7843479,1.2914842,1.4585922,-1.6791724,-0.7509336,0.1130597,0.076459125,-0.56989515,0.40193194,-1.7516375389689156,4.815553863663479,5.44465400030885,0.7349000812250343,-0.24063131102408913,-0.003429298933007557,-1.7516375389689156,4.815553863663479,5.44465400030885,0.7349000812250343,-0.24063131102408913,-0.003429298933007557,-26.04685,63.854244,60.599,7.804639,-2.6541634,-0.03933406
12.61666732467711,1.8525338,-1.5825092,-1.215765,-0.783146,1.2817827,1.4650288,-1.7014015,-0.76660097,0.10805554,0.072434366,-0.5821746,0.38604802,-1.7803253707423978,5.000385727458051,5.47541389568154,0.7404705449910712,-0.24438440421442498,-0.0035288651922836234,-1.7803253707423978,5.000385727458051,5.47541389568154,0.7404705449910712,-0.24438440421442498,-0.0035288651922836234,-26.473438,66.305115,60.941357,7.863797,-2.69556,-0.040476084
12.63333399221301,1.8244671,-1.5952964,-1.2140903,-0.7819947,1.272141,1.4712276,-1.6846133,-0.76173925,0.10385466,0.069213346,-0.57869333,0.37189847,-0.3988749562451402,6.570120994142098,6.317674031904551,0.9014414304169334,-0.12071770316130015,-0.0022652259367699195,-0.3988749562451402,6.570120994142098,6.317674031904551,0.9014414304169334,-0.12071770316130015,-0.0022652259367699195,-5.9312706,87.119804,70.31571,9.573308,-1.3315163,-0.025982141
12.650000659748912,1.7960404,-1.6083299,-1.2124932,-0.7809171,1.2623006,1.4771633,-1.7062078,-0.77717996,0.09870606,0.06502264,-0.5905211,0.35604438,-1.836474789976673,5.280902338962929,5.507984829720139,0.7458860591306525,-0.2511514713844168,-0.003740729304532331,-1.836474789976673,5.280902338962929,5.507984829720139,0.7458860591306525,-0.2511514713844168,-0.003740729304532331,-27.30838,70.024765,61.30387,7.92131,-2.7702007,-0.042906165
12.666667327284813,1.7672691,-1.6216158,-1.210984,-0.7799112,1.2522724,1.4828337,-1.7267401,-0.792178,0.093443476,0.060697258,-0.60182035,0.3400871,-1.8621719196168225,5.47028738628865,5.537242495253186,0.7515447512409333,-0.254750965080365,-0.003876058350673632,-1.8621719196168225,5.47028738628865,5.537242495253186,0.7515447512409333,-0.254750965080365,-0.003876058350673632,-27.690496,72.53601,61.62951,7.9814053,-2.8099031,-0.04445839
12.683333994820714,1.7388017,-1.6348186,-1.209552,-0.778955,1.2423164,1.488279,-1.7086883,-0.78655934,0.089363314,0.057517134,-0.5975282,0.32665348,-0.4258305255245986,7.075196118016768,6.402006603422619,0.91636697226774,-0.13198428875948232,-0.0025269667168960636,-0.4258305255245986,7.075196118016768,6.402006603422619,0.91636697226774,-0.13198428875948232,-0.0025269667168960636,-6.3321,93.8171,71.25433,9.731817,-1.4557867,-0.028984308
12.700000662356615,1.7100025,-1.6482563,-1.2081999,-0.77807796,1.2321792,1.4934597,-1.7285304,-0.8013118,0.083995566,0.053023268,-0.608342,0.31074923,-1.9110051753461643,5.751537018052414,5.5647916014089525,0.7566675627972447,-0.261266644392247,-0.004148576814606591,-1.9110051753461643,5.751537018052414,5.5647916014089525,0.7566675627972447,-0.261266644392247,-0.004148576814606591,-28.416647,76.26538,61.93613,8.0358095,-2.881771,-0.047584176
12.716667329892516,1.6808884,-1.6619332,-1.2069393,-0.7772778,1.2218688,1.4983748,-1.7472624,-0.8155988,0.078544594,0.04839986,-0.6186045,0.29477334,-1.9318211856269967,5.94318901971095,5.591532183678859,0.7622740362997109,-0.26465447945478066,-0.004317132722011523,-1.9318211856269967,5.94318901971095,5.591532183678859,0.7622740362997109,-0.26465447945478066,-0.004317132722011523,-28.726181,78.80669,62.233753,8.09535,-2.919139,-0.049517512
12.733333997428417,1.6520993,-1.6755159,-1.2057539,-0.7765261,1.2116467,1.5030777,-1.7279683,-0.8092423,0.074625164,0.04527171,-0.61351067,0.28207403,-0.439781748214342,7.576060690671251,6.474505730395046,0.9301174831929181,-0.1435881620737389,-0.0028968169154971186,-0.439781748214342,7.576060690671251,6.474505730395046,0.9301174831929181,-0.1435881620737389,-0.0028968169154971186,-6.5395546,100.458565,72.06125,9.877848,-1.5837774,-0.03322649
12.750000664964318,1.6230098,-1.6893208,-1.2046504,-0.7758583,1.2012603,1.5075157,-1.7459533,-0.8232665,0.0691127,0.040479187,-0.6232592,0.2661711,-1.9702942161329178,6.221507721177414,5.61283964995104,0.7669388686645279,-0.27084782895237774,-0.004646252213921251,-1.9702942161329178,6.221507721177414,5.61283964995104,0.7669388686645279,-0.27084782895237774,-0.004646252213921251,-29.298275,82.49719,62.470905,8.144891,-2.9874516,-0.053292513
12.76666733250022,1.5936364,-1.7033533,-1.2036396,-0.77527255,1.190721,1.5116881,-1.7627873,-0.8368073,0.06355053,0.035561774,-0.6324274,0.25022995,-1.9844414326835176,6.412980783039628,5.636190189933948,0.7723651138851647,-0.27396815101990135,-0.004844865075587811,-1.9844414326835176,6.412980783039628,5.636190189933948,0.7723651138851647,-0.27396815101990135,-0.004844865075587811,-29.508644,85.036125,62.730797,8.2025175,-3.0218687,-0.055570602
12.78333400003612,1.5646088,-1.7172788,-1.2027018,-0.77473456,1.1802815,1.5156605,-1.7422855,-0.8297271,0.059830707,0.032496244,-0.6265629,0.23827614,-0.4376630135326475,8.06711406909143,6.533257552127203,0.942421857471071,-0.1555167861343619,-0.0033659631517937417,-0.4376630135326475,8.06711406909143,6.533257552127203,0.942421857471071,-0.1555167861343619,-0.0033659631517937417,-6.508049,106.96993,72.71516,10.00852,-1.7153502,-0.038607597
12.800000667572021,1.5353131,-1.7314138,-1.2018468,-0.7742849,1.1696966,1.5193694,-1.7583201,-0.8429891,0.054251436,0.027412603,-0.6351942,0.22242914,-2.0096374183352075,6.684720138618849,5.650169187478942,0.7764220911230745,-0.27978521850253923,-0.005222302264718252,-2.0096374183352075,6.684720138618849,5.650169187478942,0.7764220911230745,-0.27978521850253923,-0.005222302264718252,-29.883308,88.63939,62.886383,8.245603,-3.086031,-0.059899807
12.816667335107923,1.5057678,-1.7457634,-1.2010847,-0.77392286,1.158978,1.5228145,-1.7731624,-0.85574865,0.0486568,0.022208387,-0.64322394,0.206569,-2.0151352513614085,6.87398723527497,5.669577873620704,0.7815891740012304,-0.2825921163273636,-0.005447750207955877,-2.0151352513614085,6.87398723527497,5.669577873620704,0.7815891740012304,-0.2825921163273636,-0.005447750207955877,-29.965061,91.14907,63.1024,8.300477,-3.116991,-0.062485695
12.833334002643824,1.4765865,-1.7599939,-1.2003922,-0.7736068,1.1483709,1.5260723,-1.7514929,-0.84796697,0.0451752,0.019220615,-0.6366156,0.19536982,-0.41624119238478274,8.5418097034299,6.576242643974969,0.952977739035971,-0.16768326677199613,-0.003920437048701691,-0.41624119238478274,8.5418097034299,6.576242643974969,0.952977739035971,-0.16768326677199613,-0.003920437048701691,-6.1895065,113.2644,73.19358,10.120624,-1.8495464,-0.044967413
12.850000670179725,1.4471713,-1.7744201,-1.1997819,-0.7733843,1.1376371,1.5290676,-1.765485,-0.8604336,0.0396078,0.013854461,-0.6440831,0.17962165,-2.0241405792338942,7.135478691457803,5.675318770224407,0.7848985675589064,-0.28796693139582036,-0.0058654400194429164,-2.0241405792338942,7.135478691457803,5.675318770224407,0.7848985675589064,-0.28796693139582036,-0.0058654400194429164,-30.09897,94.61645,63.166298,8.335623,-3.1762753,-0.0672766
12.866667337715626,1.41754,-1.7890469,-1.199264,-0.7732535,1.126789,1.5318011,-1.7782501,-0.87238216,0.034059543,0.008376187,-0.65093386,0.1638869,-2.019257535851074,7.320200947435014,5.690206714503312,0.7897157004548556,-0.2904304891743664,-0.006111409213091876,-2.019257535851074,7.320200947435014,5.690206714503312,0.7897157004548556,-0.2904304891743664,-0.006111409213091876,-30.02636,97.065865,63.332,8.386781,-3.2034483,-0.07009786
12.883334005251527,1.3882923,-1.8035443,-1.1988101,-0.773167,1.116065,1.5343603,-1.755454,-0.8639236,0.030851427,0.0054775854,-0.6436078,0.15344766,-0.3725740680296949,8.994240854300704,6.6020420619419635,0.9615491339042362,-0.17999526272010286,-0.004545376419293538,-0.3725740680296949,8.994240854300704,6.6020420619419635,0.9615491339042362,-0.17999526272010286,-0.004545376419293538,-5.5401764,119.26363,73.48073,10.211652,-1.9853477,-0.052135468
12.900000672787428,1.3588465,-1.8182229,-1.1984373,-0.77317834,1.1052359,1.5366594,-1.7673204,-0.8755642,0.025373815,-0.0001592474,-0.6498778,0.13783868,-2.009559687785679,7.5684364744620805,5.687274572984228,0.7921973190738657,-0.2953354704952845,-0.006560392762228209,-2.009559687785679,7.5684364744620805,5.687274572984228,0.7921973190738657,-0.2953354704952845,-0.006560392762228209,-29.882153,100.35747,63.299366,8.413136,-3.2575502,-0.075247705
12.916667340323329,1.3292207,-1.8330889,-1.1981558,-0.7732856,1.0943115,1.5386992,-1.7779322,-0.88667417,0.019952035,-0.00590037,-0.6555173,0.12226947,-1.9928322274490902,7.746554068310768,5.697318228749895,0.7965966133074572,-0.2974363640018301,-0.00682112540799634,-1.9928322274490902,7.746554068310768,5.697318228749895,0.7965966133074572,-0.2974363640018301,-0.00682112540799634,-29.633415,102.71931,63.41115,8.459856,-3.280723,-0.07823831
12.93333400785923,1.2999958,-1.8478142,-1.197932,-0.77343625,1.0835226,1.5405772,-1.754059,-0.87756187,0.017050218,-0.008696336,-0.64751244,0.11259143,-0.3049023133760823,9.419568667404612,6.610039559336042,0.9680101426981264,-0.19242268525138295,-0.005221709855868698,-0.3049023133760823,9.419568667404612,6.610039559336042,0.9680101426981264,-0.19242268525138295,-0.005221709855868698,-4.5338974,124.90348,73.56974,10.280268,-2.1224222,-0.059893012
12.950000675395131,1.2706087,-1.8627067,-1.1977879,-0.7736887,1.0726478,1.5421983,-1.7637256,-0.88834965,0.011744131,-0.014588983,-0.6525544,0.097160116,-1.9622671900776785,7.97887546084765,5.685653755071456,0.7982137288526403,-0.30184717256160404,-0.007289497355533457,-1.9622671900776785,7.97887546084765,5.685653755071456,0.7982137288526403,-0.30184717256160404,-0.007289497355533457,-29.178913,105.79989,63.281326,8.47703,-3.3293743,-0.083610535
12.966667342931032,1.2410785,-1.8777715,-1.1977293,-0.77404195,1.0617005,1.5435634,-1.7721072,-0.8985942,0.0065323343,-0.020576622,-0.6569548,0.081788816,-1.9320238494359976,8.148796346212764,5.690899734976906,0.8021816246478123,-0.3035514222851474,-0.0075587653656471465,-1.9320238494359976,8.148796346212764,5.690899734976906,0.8021816246478123,-0.3035514222851474,-0.0075587653656471465,-28.729195,108.05304,63.339714,8.519169,-3.3481722,-0.08669904
12.983334010466933,1.2119673,-1.892685,-1.1977257,-0.7744356,1.0508982,1.5447797,-1.7472143,-0.8888555,0.003960997,-0.023252316,-0.6483112,0.072870314,-0.2121674589607326,9.81303081253535,6.599812194879057,0.9722344170406938,-0.2049107175465616,-0.005930651762013656,-0.2121674589607326,9.81303081253535,6.599812194879057,0.9722344170406938,-0.2049107175465616,-0.005930651762013656,-3.15493,130.12079,73.45591,10.3251295,-2.2601652,-0.068024576
13.000000678002834,1.1827315,-1.9077513,-1.1977955,-0.774936,1.0400312,1.5457422,-1.7546132,-0.89876884,-0.0010885269,-0.029384468,-0.65210396,0.057646565,-1.879450805089421,8.362815247042327,5.670650307380285,0.8029008315781416,-0.3074970660378257,-0.008035277738296787,-1.879450805089421,8.362815247042327,5.670650307380285,0.8029008315781416,-0.3074970660378257,-0.008035277738296787,-27.947433,110.89093,63.114338,8.526807,-3.3916926,-0.092164636
13.016667345538735,1.1533911,-1.922976,-1.1979468,-0.7755399,1.0291108,1.5464524,-1.7607061,-0.9081272,-0.0060134022,-0.035598934,-0.6552472,0.042504232,-1.8349696905242572,8.522953131260016,5.671048914111635,0.8063903636178055,-0.3088204512678269,-0.008305718873829662,-1.8349696905242572,8.522953131260016,5.671048914111635,0.8063903636178055,-0.3088204512678269,-0.008305718873829662,-27.286,113.01436,63.118774,8.563866,-3.4062896,-0.095266595
13.033334013074636,1.1244856,-1.9380385,-1.1981457,-0.77618235,1.0183468,1.5470264,-1.7348549,-0.897789,-0.008225616,-0.03814147,-0.64600366,0.034338653,-0.09421660904926026,10.171694057919142,6.57218665768194,0.9742550930734409,-0.21742330500999582,-0.006650225848037467,-0.09421660904926026,10.171694057919142,6.57218665768194,0.9742550930734409,-0.21742330500999582,-0.006650225848037467,-1.401001,134.87666,73.14844,10.346589,-2.398179,-0.07627809
13.050000680610538,1.0954937,-1.9532391,-1.1984127,-0.77693516,1.0075408,1.5473508,-1.7399299,-0.90680665,-0.012943462,-0.04449343,-0.6485307,0.01935026,-1.7596487880314287,8.71725815993089,5.642864367818361,0.8062386916855635,-0.3123287709323472,-0.008779878499929865,-1.7596487880314287,8.71725815993089,5.642864367818361,0.8062386916855635,-0.3123287709323472,-0.008779878499929865,-26.165977,115.59084,62.80508,8.562255,-3.4449863,-0.10070521
13.066667348146439,1.0664365,-1.9685819,-1.1987555,-0.77779514,0.9967012,1.5474269,-1.7436812,-0.91525996,-0.017501818,-0.050915387,-0.65041006,0.0044589425,-1.7004529982504624,8.866604996302907,5.638899207650704,0.8092711425321475,-0.3133025044002862,-0.009044873631301919,-1.7004529982504624,8.866604996302907,5.638899207650704,0.8092711425321475,-0.3133025044002862,-0.009044873631301919,-25.285736,117.57118,62.76095,8.59446,-3.4557266,-0.1037447
13.08333401568234,1.037829,-1.9837536,-1.1991392,-0.77869165,0.98602706,1.5473794,-1.7169354,-0.90435636,-0.019333828,-0.053308487,-0.6406151,-0.0029615362,0.04806980320328262,10.492621144198365,6.52791766143552,0.9740725299957333,-0.22993096414740694,-0.007360614998608749,0.04806980320328262,10.492621144198365,6.52791766143552,0.9740725299957333,-0.22993096414740694,-0.007360614998608749,0.714798,139.13216,72.65572,10.34465,-2.5361385,-0.084426254
13.10000068321824,1.0091754,-1.9990474,-1.1995847,-0.77970093,0.975331,1.5470861,-1.7196387,-0.912462,-0.023640266,-0.059856515,-0.64187026,-0.017692985,-1.602569713477088,9.040354387792528,5.60375121083221,0.8083110026271555,-0.31643302896729625,-0.009504247070294208,-1.602569713477088,9.040354387792528,5.60375121083221,0.8083110026271555,-0.31643302896729625,-0.009504247070294208,-23.830212,119.8751,62.36975,8.584263,-3.4902563,-0.109013714
13.116667350754142,0.9804954,-2.0144699,-1.200099,-0.78082097,0.9646239,1.5465492,-1.7210072,-0.91999763,-0.02775294,-0.06646368,-0.6424761,-0.032312825,-1.5287077338725992,9.17807416498751,5.595915829503418,0.8108929276690869,-0.31709022556557404,-0.009756774983410224,-1.5287077338725992,9.17807416498751,5.595915829503418,0.8108929276690869,-0.31709022556557404,-0.009756774983410224,-22.731884,121.70126,62.282543,8.611683,-3.4975052,-0.11191021
13.133334018290043,0.95227885,-2.0297115,-1.2006469,-0.7819743,0.9540902,1.5459011,-1.6934422,-0.908558,-0.02918479,-0.06869098,-0.6321797,-0.039000068,0.2120899849476715,10.775339117956378,6.469009550219704,0.9718503431187288,-0.2424756289609216,-0.008041776047650896,0.2120899849476715,10.775339117956378,6.469009550219704,0.9718503431187288,-0.2424756289609216,-0.008041776047650896,3.153778,142.881,72.00008,10.321051,-2.6745062,-0.09223917
13.150000685825944,0.92405593,-2.0450583,-1.2012489,-0.78324354,0.9435554,1.5450119,-1.6937342,-0.9157363,-0.03300158,-0.07541293,-0.63216245,-0.053459387,-1.4091158201811533,9.331492313252674,5.55520893107206,0.8092330673993645,-0.31993201075093053,-0.010192656683319012,-1.4091158201811533,9.331492313252674,5.55520893107206,0.8092330673993645,-0.31993201075093053,-0.010192656683319012,-20.953552,123.73559,61.829475,8.594055,-3.52885,-0.11690977
13.166667353361845,0.89584756,-2.0605187,-1.2019117,-0.78462577,0.9330312,1.5438834,-1.6926861,-0.92234457,-0.036591075,-0.08217937,-0.6314995,-0.067792006,-1.321248232155898,9.457035553761017,5.544122659935141,0.8113852104000229,-0.3203341448620462,-0.010426712742866176,-1.321248232155898,9.457035553761017,5.544122659935141,0.8113852104000229,-0.3203341448620462,-0.010426712742866176,-19.646961,125.40029,61.706085,8.616911,-3.5332856,-0.119594395
13.183334020897746,0.8681148,-2.0757904,-1.2026004,-0.7860393,0.92268807,1.542656,-1.6643777,-0.91040635,-0.03760729,-0.08422679,-0.6207522,-0.07376093,0.39485939092578387,11.019258801214296,6.3972706207796355,0.967700602644581,-0.25504765895314363,-0.00867760612742217,0.39485939092578387,11.019258801214296,6.3972706207796355,0.967700602644581,-0.25504765895314363,-0.00867760612742217,5.871559,146.11537,71.20162,10.27698,-2.8131757,-0.09953214
13.200000688433647,0.84041595,-2.091152,-1.2033333,-0.78757054,0.9123651,1.5411919,-1.6622349,-0.9166496,-0.040857878,-0.091095455,-0.6194706,-0.08793601,-1.1821772479818584,9.590720842686533,5.499312134337447,0.8091275525856377,-0.32301688345583157,-0.010830039238035938,-1.1821772479818584,9.590720842686533,5.499312134337447,0.8091275525856377,-0.32301688345583157,-0.010830039238035938,-17.578976,127.17296,61.207344,8.592935,-3.5628762,-0.12422055
13.216667355969548,0.8127723,-2.1066115,-1.2041165,-0.7892169,0.9020732,1.5394942,-1.6587477,-0.9223199,-0.043851215,-0.09799451,-0.61755097,-0.10197382,-1.0811270205222607,9.70451964871736,5.485974060771492,0.8109231004158207,-0.3232300551717971,-0.011040949779899617,-1.0811270205222607,9.70451964871736,5.485974060771492,0.8109231004158207,-0.3232300551717971,-0.011040949779899617,-16.076359,128.68193,61.05889,8.612003,-3.5652275,-0.1266397
13.23333402350545,0.7856156,-2.121873,-1.2049197,-0.79089123,0.89196897,1.5377088,-1.629777,-0.90991646,-0.044444326,-0.09984595,-0.6064087,-0.107243374,0.5920671823446432,11.225812863080929,6.3152344079030485,0.9618432283850489,-0.2676969858482548,-0.009254197920522381,0.5920671823446432,11.225812863080929,6.3152344079030485,0.9618432283850489,-0.2676969858482548,-0.009254197920522381,8.804039,148.85428,70.28856,10.214775,-2.9526978,-0.10614565
13.25000069104135,0.75853384,-2.1372101,-1.2057567,-0.79268503,0.8819055,1.5356916,-1.6251833,-0.9152218,-0.04705532,-0.106834255,-0.60387653,-0.12112646,-0.9252108257732379,9.819195317287072,5.438424356328616,0.8081468485169492,-0.32586325111977105,-0.011405127923594627,-0.9252108257732379,9.819195317287072,5.438424356328616,0.8081468485169492,-0.32586325111977105,-0.011405127923594627,-13.757885,130.20253,60.529663,8.58252,-3.5942717,-0.13081682
13.266667358577251,0.73154783,-2.1526296,-1.2066332,-0.7945967,0.87189424,1.533445,-1.6192507,-0.9199488,-0.04938029,-0.113836914,-0.6007167,-0.13486433,-0.8128804333192355,9.922142661714625,5.423979232253411,0.8096778460141629,-0.3260022817907394,-0.011588208240951364,-0.8128804333192355,9.922142661714625,5.423979232253411,0.8096778460141629,-0.3260022817907394,-0.011588208240951364,-12.087532,131.56761,60.36889,8.598779,-3.5958052,-0.13291675
13.283334026113153,0.70505846,-2.1678426,-1.2075208,-0.79653305,0.86207616,1.5311228,-1.5897068,-0.9071175,-0.049540285,-0.1154764,-0.5892358,-0.13945006,0.7983935624862086,11.397107154535492,6.225594848742489,0.954512597926368,-0.2804894503526869,-0.009760263180254643,0.7983935624862086,11.397107154535492,6.225594848742489,0.954512597926368,-0.2804894503526869,-0.009760263180254643,11.872112,151.12564,69.29087,10.136924,-3.0937986,-0.11195022
13.300000693649054,0.67868537,-2.1831176,-1.2084321,-0.79859006,0.85231984,1.5285739,-1.5826564,-0.91148144,-0.05144426,-0.12255213,-0.58547467,-0.15304065,-0.6430458525482567,10.019377741518783,5.37518743770356,0.8064917476388246,-0.3286942069571557,-0.011908854727341801,-0.6430458525482567,10.019377741518783,5.37518743770356,0.8064917476388246,-0.3286942069571557,-0.011908854727341801,-9.562092,132.85695,59.825836,8.564942,-3.625497,-0.13659456
13.316667361184955,0.65244836,-2.198456,-1.20937,-0.8007655,0.8426356,1.5258006,-1.5742807,-0.915264,-0.05303179,-0.12962818,-0.58110166,-0.16648011,-0.5216435610085586,10.112344733190753,5.360674793829493,0.8078256344840128,-0.3288690328381868,-0.012062654977480847,-0.5216435610085586,10.112344733190753,5.360674793829493,0.8078256344840128,-0.3288690328381868,-0.012062654977480847,-7.7568398,134.08969,59.66431,8.579108,-3.6274254,-0.13835865
13.333334028720856,0.62671596,-2.2135832,-1.210311,-0.8029624,0.83314914,1.5229625,-1.5442545,-0.9020474,-0.05275835,-0.13104062,-0.56934154,-0.1704054,1.0085264307264523,11.535422438769679,6.130601689286416,0.9458866047544893,-0.29343895121044394,-0.010190843080788357,1.0085264307264523,11.535422438769679,6.130601689286416,0.9458866047544893,-0.29343895121044394,-0.010190843080788357,14.996788,152.9597,68.2336,10.045316,-3.2366316,-0.11688897
13.350000696256757,0.6011399,-2.2287576,-1.2112622,-0.80528,0.8237439,1.5199025,-1.534757,-0.90546876,-0.053888597,-0.13817543,-0.5643793,-0.18370485,-0.3418048276304798,10.19430951655001,5.312193864546481,0.8043483152227887,-0.3317523197163697,-0.012337148137578989,-0.3418048276304798,10.19430951655001,5.312193864546481,0.8043483152227887,-0.3317523197163697,-0.012337148137578989,-5.082638,135.17654,59.124718,8.542179,-3.659228,-0.14150709
13.366667363792658,0.5757411,-2.2439797,-1.2122276,-0.807717,0.8144309,1.5166225,-1.5239497,-0.9083118,-0.054678693,-0.14529358,-0.5588228,-0.19684981,-0.21331545965095935,10.277845057606877,5.298240915248765,0.805505116780599,-0.3320246313446128,-0.012460566647902923,-0.21331545965095935,10.277845057606877,5.298240915248765,0.805505116780599,-0.3320246313446128,-0.012460566647902923,-3.172001,136.28423,58.96942,8.554464,-3.6622317,-0.1429227
13.383334031328559,0.55085325,-2.2589843,-1.2131903,-0.81017244,0.80531925,1.513289,-1.4935385,-0.8947438,-0.053973664,-0.14646703,-0.54684263,-0.20013745,1.2164128091243906,11.645082039351198,6.0331819299524785,0.9362658987386528,-0.3066168410715361,-0.010542941800178188,1.2164128091243906,11.645082039351198,6.0331819299524785,0.9362658987386528,-0.3066168410715361,-0.010542941800178188,18.088058,154.41379,67.149315,9.943144,-3.3819838,-0.12092754
13.40000069886446,0.52616185,-2.2740207,-1.2141484,-0.8127483,0.7963088,1.5097377,-1.4816121,-0.8972273,-0.054266114,-0.15362628,-0.54071444,-0.21315491,-0.02748788244866972,10.347261040458852,5.251729027815799,0.8018887873647802,-0.33522726510290873,-0.012688467371640458,-0.02748788244866972,10.347261040458852,5.251729027815799,0.8018887873647802,-0.33522726510290873,-0.012688467371640458,-0.4087448,137.20468,58.451744,8.516059,-3.6975567,-0.14553672
13.416667366400361,0.50168836,-2.289089,-1.2151065,-0.8154442,0.78740925,1.5059726,-1.4684023,-0.8991379,-0.05419653,-0.16075376,-0.534015,-0.2260123,0.10516866390225707,10.422489402161105,5.2391065955697576,0.8029143913542035,-0.3357034321816964,-0.012780534982057685,0.10516866390225707,10.422489402161105,5.2391065955697576,0.8029143913542035,-0.3357034321816964,-0.012780534982057685,1.563858,138.20221,58.311256,8.526951,-3.7028089,-0.14659274
13.433334033936262,0.47773057,-2.3039358,-1.2160541,-0.81815416,0.77871346,1.5021632,-1.4377028,-0.88525885,-0.05306495,-0.16167176,-0.5218743,-0.22869013,1.416543577049271,11.72937131395527,5.935322092335607,0.9258380717476883,-0.3200140630561227,-0.010817333627183642,1.416543577049271,11.72937131395527,5.935322092335607,0.9258380717476883,-0.3200140630561227,-0.010817333627183642,21.064003,155.53146,66.060135,9.8324,-3.529755,-0.12407482
13.450000701472163,0.4540095,-2.318797,-1.2169825,-0.8209844,0.77013785,1.4981408,-1.4233843,-0.8868106,-0.052464433,-0.168824,-0.5146229,-0.24143438,0.2927184986763539,10.481714447159574,5.19558545821225,0.7992264914647335,-0.339317667624784,-0.012964675399460996,0.2927184986763539,10.481714447159574,5.19558545821225,0.7992264914647335,-0.339317667624784,-0.012964675399460996,4.352724,138.98753,57.826866,8.487785,-3.7426739,-0.14870483
13.466667369008064,0.43054527,-2.3336759,-1.2178953,-0.8239334,0.7616915,1.4939082,-1.4078114,-0.88780063,-0.051481742,-0.17592566,-0.5068225,-0.2540196,0.4271588713511895,10.549672444661459,5.1849022494279255,0.8001593322179188,-0.3400496537320093,-0.013027803317920581,0.4271588713511895,10.549672444661459,5.1849022494279255,0.8001593322179188,-0.3400496537320093,-0.013027803317920581,6.3518524,139.88866,57.707962,8.497692,-3.7507477,-0.1494289
13.483334036543965,0.4075998,-2.348326,-1.2187899,-0.8268938,0.7534508,1.4896417,-1.3769281,-0.87365234,-0.04993474,-0.17657948,-0.49458447,-0.2561093,1.603221316103496,11.79206008105616,5.838751642958923,0.9147651226956068,-0.3336214522070379,-0.011019241113504743,1.603221316103496,11.79206008105616,5.838751642958923,0.9147651226956068,-0.3336214522070379,-0.011019241113504743,23.839901,156.36272,64.985306,9.714806,-3.6798446,-0.1263907
13.500000704079866,0.3849301,-2.362979,-1.2196509,-0.8299728,0.7453482,1.4851669,-1.3602606,-0.87429,-0.048391387,-0.18368892,-0.48625678,-0.26859644,0.6126364045441351,10.600674314196834,5.145044660953819,0.7964415289812394,-0.3441147013134235,-0.013169492964341313,0.6126364045441351,10.600674314196834,5.145044660953819,0.7964415289812394,-0.3441147013134235,-0.013169492964341313,9.109903,140.56494,57.264347,8.458209,-3.7955852,-0.15105408
13.516667371615767,0.36255592,-2.3776338,-1.2204803,-0.83317006,0.73739207,1.4804863,-1.3423759,-0.8743698,-0.046445698,-0.1907317,-0.47740814,-0.2809265,0.7461355449212183,10.663434427068603,5.137231557731251,0.7973800271244373,-0.34519489094655514,-0.013205801390936401,0.7461355449212183,10.663434427068603,5.137231557731251,0.7973800271244373,-0.34519489094655514,-0.013205801390936401,11.095036,141.39714,57.177387,8.468176,-3.8074996,-0.15147054
13.533334039151669,0.34070185,-2.3920557,-1.2212839,-0.83637404,0.72964233,1.4757807,-1.3114141,-0.8599927,-0.044496268,-0.19110681,-0.4651336,-0.28245702,1.7716758589497652,11.837070056575815,5.744951219036037,0.90322620226614,-0.34739009272695565,-0.0111542583655147,1.7716758589497652,11.837070056575815,5.744951219036037,0.90322620226614,-0.34739009272695565,-0.0111542583655147,26.34482,156.95955,63.941307,9.592262,-3.8317127,-0.12793934
13.55000070668757,0.3191616,-2.4064648,-1.2220383,-0.83969456,0.72204727,1.4708707,-1.2924582,-0.8597278,-0.041963067,-0.19813961,-0.4557828,-0.29470578,0.9255907562809979,10.708404126749858,5.101565680628088,0.793672191670161,-0.3497395640811592,-0.013309914647961245,0.9255907562809979,10.708404126749858,5.101565680628088,0.793672191670161,-0.3497395640811592,-0.013309914647961245,13.763535,141.99344,56.780426,8.428799,-3.8576274,-0.15266472
13.56666737422347,0.29795453,-2.4208608,-1.2227436,-0.8431317,0.7146156,1.465759,-1.2723249,-0.85891795,-0.039010588,-0.20508881,-0.44593978,-0.3067999,1.0560145374906087,10.76654287484976,5.096665868219339,0.7945965912382482,-0.3511683895494975,-0.013321929115155725,1.0560145374906087,10.76654287484976,5.096665868219339,0.7945965912382482,-0.3511683895494975,-0.013321929115155725,15.702936,142.76436,56.72589,8.438616,-3.8733873,-0.15280253
13.583334041759372,0.27726677,-2.43502,-1.2234174,-0.84657156,0.70738935,1.460631,-1.241394,-0.8443561,-0.036678243,-0.20517783,-0.43369025,-0.30779758,1.917796721775899,11.867581881009615,5.654618639401884,0.8912993465215249,-0.36121713823334045,-0.011230039929138024,1.917796721775899,11.867581881009615,5.654618639401884,0.8912993465215249,-0.36121713823334045,-0.011230039929138024,28.517637,157.36414,62.935905,9.465599,-3.984225,-0.12880856
13.600000709295273,0.25693005,-2.4491537,-1.2240262,-0.85012573,0.70033425,1.4553019,-1.220218,-0.84320986,-0.033112634,-0.21209951,-0.4233737,-0.319829,1.2263855360142721,10.807536773911789,5.0655368417635325,0.7909338353043897,-0.35617198062180827,-0.013392077598139422,1.2263855360142721,10.807536773911789,5.0655368417635325,0.7909338353043897,-0.35617198062180827,-0.013392077598139422,18.236353,143.30794,56.379425,8.399717,-3.928577,-0.15360713
13.616667376831174,0.23696272,-2.4632597,-1.2245675,-0.8537947,0.6934583,1.4497744,-1.1979148,-0.8415298,-0.029114084,-0.2189206,-0.4125973,-0.33170992,1.351146659517577,10.862384410645268,5.063782012473326,0.7918658678590017,-0.35798506421169585,-0.013384147634065556,1.351146659517577,10.862384410645268,5.063782012473326,0.7918658678590017,-0.35798506421169585,-0.013384147634065556,20.09155,144.03522,56.359894,8.4096155,-3.9485753,-0.15351617
13.633334044367075,0.21751237,-2.4771266,-1.22507,-0.8574619,0.68678635,1.4442399,-1.167124,-0.8268231,-0.02641881,-0.21871269,-0.40043497,-0.3321999,2.038672343948662,11.887074236057103,5.568446581789961,0.8790975236623302,-0.3749831848974565,-0.01125340370271345,2.038672343948662,11.887074236057103,5.568446581789961,0.8790975236623302,-0.3749831848974565,-0.01125340370271345,30.315058,157.6226,61.97681,9.336016,-4.1360645,-0.12907654
13.650000711902976,0.1984485,-2.490954,-1.2254899,-0.86124057,0.680301,1.438507,-1.1438128,-0.8248146,-0.021787591,-0.22548842,-0.38921687,-0.34403962,1.509699664343582,10.900987075644561,5.037105865341419,0.7882364276663283,-0.36338973023733656,-0.01342493030644544,1.509699664343582,10.900987075644561,5.037105865341419,0.7882364276663283,-0.36338973023733656,-0.01342493030644544,22.449234,144.54709,56.06299,8.371071,-4.0081887,-0.15398395
13.666667379438877,0.17978886,-2.504739,-1.2258254,-0.86513084,0.6740088,1.4325789,-1.1194273,-0.8222865,-0.016715178,-0.23214589,-0.37757352,-0.355732,1.6272460845146872,10.953280073485224,5.038354124770117,0.7891612762336229,-0.36555313566870185,-0.01339858889891567,1.6272460845146872,10.953280073485224,5.038354124770117,0.7891612762336229,-0.36555313566870185,-0.01339858889891567,24.19715,145.2405,56.07688,8.380893,-4.032051,-0.15368181
13.683334046974778,0.16164185,-2.518283,-1.2261171,-0.8690153,0.6679183,1.426652,-1.0888898,-0.80747753,-0.013683658,-0.23163567,-0.36555883,-0.35574484,2.1320160876686494,11.897802568668693,5.486229402142822,0.8666138191007625,-0.3885131258372275,-0.011232918828284106,2.1320160876686494,11.897802568668693,5.486229402142822,0.8666138191007625,-0.3885131258372275,-0.011232918828284106,31.70308,157.76486,61.061733,9.203439,-4.2853,-0.12884158
13.70000071451068,0.14391539,-2.5317743,-1.2263077,-0.8730076,0.662028,1.4205295,-1.0635382,-0.8046338,-0.00795558,-0.23822993,-0.35350737,-0.3674182,1.7720548915798904,10.990671011117788,5.015930011266004,0.7855433304206576,-0.37125909966116916,-0.013414796997176737,1.7720548915798904,10.990671011117788,5.015930011266004,0.7855433304206576,-0.37125909966116916,-0.013414796997176737,26.350456,145.7363,55.8273,8.34247,-4.094988,-0.15386772
13.71666738204658,0.12662634,-2.5452092,-1.2263957,-0.87710834,0.65634423,1.4142144,-1.0371702,-0.80128485,-0.0017817699,-0.24469036,-0.3410658,-0.37895235,1.8809085735636586,11.041181515424679,5.020006219224681,0.7864452800283774,-0.37373368132687224,-0.013374378084616756,1.8809085735636586,11.041181515424679,5.020006219224681,0.7864452800283774,-0.37373368132687224,-0.013374378084616756,27.96911,146.40607,55.87267,8.352049,-4.1222825,-0.15340412
13.733334049582481,0.10984364,-2.558401,-1.2264326,-0.8811984,0.65085846,1.4079077,-1.0070001,-0.7864179,0.0015571169,-0.24387105,-0.32925704,-0.37851316,2.196922892279968,11.90171162647,5.4076342998274995,0.8538337750623456,-0.4016042296062895,-0.011175283683105042,2.196922892279968,11.90171162647,5.4076342998274995,0.8538337750623456,-0.4016042296062895,-0.011175283683105042,32.668243,157.8167,60.18697,9.067715,-4.4296947,-0.1281805
13.750000717118382,0.09351375,-2.5715268,-1.2263505,-0.88539237,0.6455857,1.4014078,-0.9797145,-0.78276634,0.0083982935,-0.25025076,-0.31644258,-0.3900496,2.0105243931701704,11.0780937459494,5.001216521695832,0.7827755197068842,-0.3796098454908577,-0.01336791355296021,2.0105243931701704,11.0780937459494,5.001216521695832,0.7827755197068842,-0.3796098454908577,-0.01336791355296021,29.896498,146.89552,55.66354,8.313076,-4.1870966,-0.15332997
13.766667384654284,0.077652626,-2.5845842,-1.2261469,-0.8896908,0.6405318,1.3947169,-0.95147765,-0.7786307,0.015689379,-0.25648105,-0.30327627,-0.4014523,2.109493853345203,11.127012779270363,5.007660720976,0.7836018578480867,-0.3823271688286651,-0.013315802360474803,2.109493853345203,11.127012779270363,5.007660720976,0.7836018578480867,-0.3823271688286651,-0.013315802360474803,31.368174,147.54419,55.735264,8.321852,-4.2170687,-0.15273225
13.783334052190185,0.062289592,-2.5973952,-1.2258893,-0.89397347,0.6356714,1.3880424,-0.9217861,-0.7637446,0.019298092,-0.25534767,-0.2917312,-0.4005883,2.23366635392477,11.900543627156392,5.332154704982487,0.8407343129878215,-0.4140420275607762,-0.011084042327135878,2.23366635392477,11.900543627156392,5.332154704982487,0.8407343129878215,-0.4140420275607762,-0.011084042327135878,33.21462,157.80121,59.34688,8.928598,-4.5668836,-0.12713397
13.800000719726086,0.04740971,-2.6101308,-1.225494,-0.8983561,0.6310354,1.3811764,-0.89268667,-0.75932294,0.027271708,-0.26148105,-0.2782293,-0.41201732,2.223330499665723,11.164067701336846,4.992097921448576,0.7798419384857581,-0.3882256833834748,-0.013287688922965224,2.223330499665723,11.164067701336846,4.992097921448576,0.7798419384857581,-0.3882256833834748,-0.013287688922965224,33.060925,148.03554,55.56205,8.281921,-4.2821293,-0.15240979
13.816667387261987,0.03302781,-2.6227844,-1.2249584,-0.9028387,0.626629,1.3741227,-0.86270607,-0.7544291,0.035693273,-0.2674476,-0.26441437,-0.42332062,2.3117055168228817,11.212490766476362,5.000832310048503,0.7806121517260421,-0.39113663805687526,-0.013226265479090324,2.3117055168228817,11.212490766476362,5.000832310048503,0.7806121517260421,-0.39113663805687526,-0.013226265479090324,34.37506,148.67763,55.659264,8.290101,-4.314237,-0.15170527
13.833334054797888,0.01913393,-2.6351924,-1.2243624,-0.9073004,0.6224104,1.3670905,-0.8336066,-0.7395695,0.03953917,-0.26599848,-0.2531886,-0.42206174,2.243113822398285,11.895009726960195,5.259021166092837,0.8272393724114657,-0.42559929793246315,-0.010962629692390261,2.243113822398285,11.895009726960195,5.259021166092837,0.8272393724114657,-0.42559929793246315,-0.010962629692390261,33.355103,157.72783,58.532906,8.785282,-4.6943603,-0.12574136
13.850000722333789,0.0057513257,-2.6475103,-1.2236105,-0.9118565,0.61842686,1.3598685,-0.8028231,-0.734404,0.048648186,-0.27185273,-0.23907627,-0.4334153,2.409793774233461,11.250035903033089,4.987858569204325,0.776693017244788,-0.3968914530002736,-0.013178945523089913,2.409793774233461,11.250035903033089,4.987858569204325,0.776693017244788,-0.3968914530002736,-0.013178945523089913,35.833633,149.17548,55.514866,8.24848,-4.3777127,-0.1511625
13.86666738986969,-0.0071062916,-2.6597366,-1.222701,-0.91650826,0.61468256,1.3524573,-0.7712323,-0.7287942,0.058201335,-0.27752694,-0.22469191,-0.4446523,2.4874183742007556,11.297018243896117,4.9978785759033855,0.7772812062064134,-0.3998586943445699,-0.013109290714147513,2.4874183742007556,11.297018243896117,4.9978785759033855,0.7772812062064134,-0.3998586943445699,-0.013109290714147513,36.98791,149.79846,55.62639,8.254726,-4.4104414,-0.15036356
13.883334057405591,-0.019487863,-2.6717193,-1.2217268,-0.921134,0.6111194,1.3450757,-0.74283797,-0.71399987,0.06224474,-0.27576214,-0.21383926,-0.4430142,2.227002819192113,11.886166303585737,5.187644855674065,0.8132966898255429,-0.43607652997927354,-0.010810723591599136,2.227002819192113,11.886166303585737,5.187644855674065,0.8132966898255429,-0.43607652997927354,-0.010810723591599136,33.115532,157.61057,57.738487,8.637211,-4.809924,-0.123999
13.900000724941492,-0.03133231,-2.6836014,-1.2205784,-0.9258492,0.6078003,1.3375046,-0.71050954,-0.7081269,0.07249117,-0.28130618,-0.19919707,-0.45432347,2.57031967275962,11.335922402314292,4.987393470894401,0.7732154285840396,-0.4053370042595124,-0.013042254975908408,2.57031967275962,11.335922402314292,4.987393470894401,0.7732154285840396,-0.4053370042595124,-0.013042254975908408,38.220654,150.31433,55.50969,8.211548,-4.470867,-0.14959466
13.916667392477393,-0.042627208,-2.6953785,-1.2192539,-0.9306545,0.60472876,1.3297455,-0.6774547,-0.701829,0.08317511,-0.28665584,-0.1843243,-0.46552318,2.6369847783163722,11.382240767212835,4.9985866769411915,0.7736305732511531,-0.408300008972666,-0.012964898851921793,2.6369847783163722,11.382240767212835,4.9985866769411915,0.7736305732511531,-0.408300008972666,-0.012964898851921793,39.211964,150.92851,55.63427,8.215957,-4.503549,-0.14870739
13.933334060013294,-0.053459894,-2.706912,-1.2178608,-0.93542844,0.60183126,1.3220221,-0.64987504,-0.6871409,0.08737248,-0.2845753,-0.17389572,-0.46353406,2.1879425767130236,11.874149144145338,5.117237128765863,0.7988159265895348,-0.44526249737709306,-0.010630610515059027,2.1879425767130236,11.874149144145338,5.117237128765863,0.7988159265895348,-0.44526249737709306,-0.010630610515059027,32.534706,157.45122,56.95485,8.483425,-4.9112453,-0.1219331
13.950000727549195,-0.06373214,-2.7183356,-1.2162766,-0.94028586,0.5991853,1.3141099,-0.61615306,-0.6806028,0.09874999,-0.28978038,-0.15880594,-0.47483137,2.7056847311300807,11.421362415158372,4.989584608326489,0.769284530323553,-0.41329711540547265,-0.01287729509415165,2.7056847311300807,11.421362415158372,4.989584608326489,0.769284530323553,-0.41329711540547265,-0.01287729509415165,40.233532,151.44727,55.534077,8.169802,-4.558667,-0.14770257
13.966667395085096,-0.07343281,-2.7296457,-1.2144955,-0.9452277,0.59679365,1.3060113,-0.58178777,-0.67366153,0.11055553,-0.29477817,-0.14352746,-0.48602855,2.7619270165654424,11.46688561993307,5.001458838943522,0.7694802041781151,-0.41614858431915536,-0.012792476697288186,2.7619270165654424,11.46688561993307,5.001458838943522,0.7694802041781151,-0.41614858431915536,-0.012792476697288186,41.069855,152.0509,55.666237,8.17188,-4.590119,-0.14672971
13.983334062620997,-0.0826869,-2.7407117,-1.2126442,-0.95013297,0.59456825,1.2979517,-0.5551319,-0.659116,0.11485955,-0.29238582,-0.13357094,-0.48371354,2.1286916315916327,11.85932878635228,5.047362019966448,0.783745357994755,-0.45299962338597155,-0.010419567460689528,2.1286916315916327,11.85932878635228,5.047362019966448,0.783745357994755,-0.45299962338597155,-0.010419567460689528,31.653645,157.2547,56.17714,8.323376,-4.996586,-0.11951244
14.000000730156898,-0.09135989,-2.7516563,-1.2105843,-0.9551153,0.59260035,1.2897024,-0.5201763,-0.65195197,0.12735352,-0.29722482,-0.1181172,-0.49502927,2.8176357061492574,11.50657803404565,4.993827730711794,0.7648513815497275,-0.42053933372739655,-0.012683774869963721,2.8176357061492574,11.50657803404565,4.993827730711794,0.7648513815497275,-0.42053933372739655,-0.012683774869963721,41.898243,152.57722,55.581303,8.122722,-4.638549,-0.1454829
14.0166673976928,-0.09944201,-2.7624784,-1.2083083,-0.9601757,0.5908922,1.2812643,-0.48466358,-0.6444125,0.14026196,-0.30184424,-0.10251698,-0.50625205,2.864019551690826,11.550781342059059,5.005769481127688,0.7647575407153918,-0.4231679471967876,-0.012591234371780622,2.864019551690826,11.550781342059059,5.005769481127688,0.7647575407153918,-0.4231679471967876,-0.012591234371780622,42.58797,153.16336,55.714214,8.121725,-4.6675425,-0.14442146
14.0333340652287,-0.107094996,-2.7730567,-1.2059608,-0.96519464,0.5893414,1.2728728,-0.45903802,-0.630053,0.14462584,-0.2991454,-0.093077496,-0.50362295,2.0523976862791327,11.841311677728484,4.977523584357276,0.768015299364223,-0.45913711852197314,-0.010175214399954705,2.0523976862791327,11.841311677728484,4.977523584357276,0.768015299364223,-0.45913711852197314,-0.010175214399954705,30.519154,157.0158,55.399837,8.1563225,-5.0642824,-0.11670971
14.050000732764602,-0.11414903,-2.7835073,-1.2033871,-0.9702844,0.5880529,1.2642903,-0.42301652,-0.6223121,0.1582149,-0.30359215,-0.07734298,-0.51498824,2.9082546477840503,11.590737275228602,4.9992728426128705,0.7598221414282273,-0.4268180643117979,-0.01245925191598242,2.9082546477840503,11.590737275228602,4.9992728426128705,0.7598221414282273,-0.4268180643117979,-0.01245925191598242,43.245747,153.69318,55.641907,8.069311,-4.7078032,-0.14290762
14.066667400300503,-0.12059573,-2.7938266,-1.2005802,-0.9754451,0.5870283,1.2555203,-0.38652882,-0.6142143,0.17220187,-0.30780834,-0.061504632,-0.5262661,2.945448330928595,11.634291566874646,5.011331124661318,0.7594703056493497,-0.42917095090947366,-0.012357835678193707,2.945448330928595,11.634291566874646,5.011331124661318,0.7594703056493497,-0.42917095090947366,-0.012357835678193707,43.798817,154.2707,55.776115,8.065575,-4.7337556,-0.14174438
14.083334067836404,-0.12663245,-2.8039072,-1.1977015,-0.98055875,0.5861516,1.2468,-0.36203533,-0.6000765,0.17657776,-0.30480832,-0.052624136,-0.52334803,1.962457027063325,11.82076524645315,4.907944603000582,0.7516566867433251,-0.46360581329705386,-0.009895358380797435,1.962457027063325,11.82076524645315,4.907944603000582,0.7516566867433251,-0.46360581329705386,-0.009895358380797435,29.181736,156.74335,54.625423,7.982594,-5.113572,-0.11349976
14.100000735372305,-0.13205525,-2.8138516,-1.1945767,-0.9857364,0.5855405,1.2378885,-0.32512346,-0.5917923,0.19123673,-0.30884144,-0.03669323,-0.53479165,2.979984039737622,11.675140472918434,5.006346998189016,0.7542841852048023,-0.43200849946368747,-0.012203206575322171,2.979984039737622,11.675140472918434,5.006346998189016,0.7542841852048023,-0.43200849946368747,-0.012203206575322171,44.312363,154.81236,55.720642,8.010498,-4.7650537,-0.13997078
14.116667402908206,-0.13685732,-2.8236527,-1.1912025,-0.9909779,0.58519584,1.2287866,-0.28783897,-0.5831765,0.20626669,-0.31263337,-0.020700593,-0.5461565,3.008783336606055,11.71713551424927,5.017781150523114,0.753584105640706,-0.4339747286231974,-0.012093434254813422,3.008783336606055,11.71713551424927,5.017781150523114,0.753584105640706,-0.4339747286231974,-0.012093434254813422,44.74061,155.36922,55.847904,8.003063,-4.7867413,-0.13871169
14.133334070444107,-0.14127016,-2.83322,-1.1877555,-0.9961677,0.58498883,1.2197394,-0.2645766,-0.5692998,0.21060246,-0.30934203,-0.012416957,-0.5429627,1.8619909331392905,11.797375340986756,4.838548987595112,0.7346447353758156,-0.46634086131617253,-0.009580913999336329,1.8619909331392905,11.797375340986756,4.838548987595112,0.7346447353758156,-0.46634086131617253,-0.009580913999336329,27.687805,156.4332,53.85305,7.801927,-5.1437397,-0.10989308
14.150000737980008,-0.14505716,-2.8426418,-1.1840471,-1.0014136,0.5850497,1.2104989,-0.22695668,-0.5605225,0.22629116,-0.31293836,0.0036272882,-0.5545115,3.035261491520259,11.758161633982018,5.014146049067659,0.7481352308600188,-0.435896343462919,-0.0119132172468962,3.035261491520259,11.758161633982018,5.014146049067659,0.7481352308600188,-0.435896343462919,-0.0119132172468962,45.13434,155.91322,55.807446,7.945196,-4.8079367,-0.1366446
14.16666740551591,-0.14821306,-2.8519156,-1.1800715,-1.0067167,0.5853782,1.2010652,-0.1890606,-0.55144346,0.24232922,-0.31628752,0.019690592,-0.5659869,3.056547091804099,11.798457034932362,5.024876213245101,0.7470881647084842,-0.43741396526153375,-0.011794496434817859,3.056547091804099,11.798457034932362,5.024876213245101,0.7470881647084842,-0.43741396526153375,-0.011794496434817859,45.450855,156.44754,55.926872,7.9340763,-4.824676,-0.13528287
14.18333407305181,-0.15100205,-2.860957,-1.1760247,-1.0119624,0.5858339,1.1916916,-0.16712324,-0.53785706,0.24657038,-0.31271207,0.027342558,-0.56252754,1.754107472074056,11.77213734990691,4.770131895162988,0.7170893153677328,-0.46736746621153513,-0.009228160512270673,1.754107472074056,11.77213734990691,4.770131895162988,0.7170893153677328,-0.46736746621153513,-0.009228160512270673,26.083578,156.09854,53.091568,7.6154885,-5.155063,-0.105847
14.200000740587711,-0.15315641,-2.8698494,-1.1717016,-1.0172575,0.5865576,1.1821227,-0.12898381,-0.52863604,0.26324832,-0.3158551,0.04341672,-0.5742057,3.076551548971293,11.840158638011996,5.023067573759862,0.7414560084513577,-0.43838739611296257,-0.011589304716979927,3.076551548971293,11.840158638011996,5.023067573759862,0.7414560084513577,-0.43838739611296257,-0.011589304716979927,45.74832,157.0005,55.906742,7.874263,-4.835413,-0.13292933
14.216667408123612,-0.15467243,-2.8785841,-1.1670954,-1.0226018,0.587549,1.1723609,-0.09066639,-0.5191343,0.28025085,-0.31874207,0.059469163,-0.5858167,3.0912623761400893,11.879442540049373,5.033390219963464,0.7401214032074378,-0.4394353138568287,-0.011460658458387113,3.0912623761400893,11.879442540049373,5.033390219963464,0.7401214032074378,-0.4394353138568287,-0.011460658458387113,45.96707,157.52141,56.021633,7.8600893,-4.8469715,-0.13145375
14.233334075659513,-0.15584543,-2.8870914,-1.1624186,-1.0278847,0.58865637,1.1626613,-0.0701432,-0.5058754,0.28434762,-0.31489563,0.066459596,-0.58211136,1.6415523536748828,11.744912033886571,4.703152254692413,0.6990487517161109,-0.46670132081074167,-0.008838864753011422,1.6415523536748828,11.744912033886571,4.703152254692413,0.6990487517161109,-0.46670132081074167,-0.008838864753011422,24.409883,155.73753,52.346085,7.4238977,-5.1477156,-0.10138178
14.250000743195415,-0.15637825,-2.8954442,-1.1574508,-1.0332072,0.59003115,1.1527628,-0.031677317,-0.4962565,0.30196676,-0.3175669,0.08248288,-0.5939431,3.1062528280580133,11.92167348271941,5.033682920005229,0.7343578697822414,-0.4394260624378028,-0.011231365054196238,3.1062528280580133,11.92167348271941,5.033682920005229,0.7343578697822414,-0.4394260624378028,-0.011231365054196238,46.18998,158.08139,56.02489,7.7988806,-4.8468695,-0.12882376
14.266667410731316,-0.15626878,-2.9036355,-1.152183,-1.0385712,0.59167206,1.1426691,0.006866992,-0.48638394,0.31988063,-0.31997937,0.09844385,-0.6057088,3.115186967060882,11.959333693100136,5.043256679099632,0.7327011525069702,-0.43994254235884117,-0.011092741383400394,3.115186967060882,11.959333693100136,5.043256679099632,0.7327011525069702,-0.43994254235884117,-0.011092741383400394,46.32283,158.58076,56.131447,7.7812862,-4.8525662,-0.12723374
14.283334078267217,-0.15584147,-2.9116013,-1.146848,-1.0438691,0.59341735,1.1326419,0.025893072,-0.47347772,0.3237733,-0.3158769,0.10474576,-0.6017612,1.5267824276870903,11.716922627674869,4.638680100762297,0.6806817656407473,-0.4644372737742724,-0.008413452840204746,1.5267824276870903,11.716922627674869,4.638680100762297,0.6806817656407473,-0.4644372737742724,-0.008413452840204746,22.703255,155.3664,51.62851,7.2288404,-5.122743,-0.096502304
14.300000745803118,-0.15477179,-2.9194114,-1.1412088,-1.0492013,0.595428,1.1224141,0.064488485,-0.4635101,0.3422776,-0.31806627,0.12063878,-0.6137636,3.1264250600746837,12.002680851862982,5.046344424622185,0.7269272023001634,-0.43896457225975943,-0.010840583076244244,3.1264250600746837,12.002680851862982,5.046344424622185,0.7269272023001634,-0.43896457225975943,-0.010840583076244244,46.48994,159.15555,56.165813,7.719967,-4.841779,-0.12434149
14.316667413339019,-0.15305911,-2.9270499,-1.1352566,-1.0545648,0.59770197,1.1119847,0.10306202,-0.45330906,0.36104557,-0.31998724,0.13643034,-0.6257069,3.130386239663017,12.039420471651702,5.055605604749269,0.7250302704489613,-0.43895558022631376,-0.010692065138347064,3.130386239663017,12.039420471651702,5.055605604749269,0.7250302704489613,-0.43895558022631376,-0.010692065138347064,46.548843,159.64272,56.26889,7.6998215,-4.84168,-0.12263799
14.33333408087492,-0.15105507,-2.9344723,-1.1292393,-1.0598583,0.60006833,1.1016284,0.12051415,-0.4407923,0.3646855,-0.31564245,0.14202137,-0.6215191,1.4118227929818847,11.68822781892204,4.577546235364723,0.6621179383128826,-0.4606577664856898,-0.007953140770962888,1.4118227929818847,11.68822781892204,4.577546235364723,0.6621179383128826,-0.4606577664856898,-0.007953140770962888,20.993805,154.9859,50.94809,7.0316925,-5.081055,-0.091222525
14.350000748410821,-0.14840968,-2.9417312,-1.1229035,-1.0651764,0.6026967,1.0910677,0.15903965,-0.430519,0.38401553,-0.317337,0.15770765,-0.6337107,3.1388891408647077,12.084299263011996,5.062145085776056,0.7193618350558811,-0.43703642954960376,-0.010419058196941665,3.1388891408647077,12.084299263011996,5.062145085776056,0.7193618350558811,-0.43703642954960376,-0.010419058196941665,46.67528,160.23781,56.341675,7.6396227,-4.820512,-0.1195066
14.366667415946722,-0.145124,-2.9488182,-1.1162419,-1.0705199,0.6055844,1.0803026,0.1974422,-0.4200461,0.4035707,-0.31876287,0.1732542,-0.6458408,3.138426605614545,12.118910017056702,5.070492520807888,0.7171583265459022,-0.4364362113171022,-0.010260375770362647,3.138426605614545,12.118910017056702,5.070492520807888,0.7171583265459022,-0.4364362113171022,-0.010260375770362647,46.668404,160.69675,56.43458,7.6162214,-4.8138914,-0.11768651
14.383334083482623,-0.1415746,-2.955692,-1.1095195,-1.0757892,0.60855204,1.0696146,0.21325044,-0.40793818,0.40689936,-0.31418875,0.17811646,-0.6414223,1.2982886031560636,11.66075854639482,4.521313896076377,0.6436066887921982,-0.45553101049373074,-0.007461877937616217,1.2982886031560636,11.66075854639482,4.521313896076377,0.6436066887921982,-0.45553101049373074,-0.007461877937616217,19.305552,154.62166,50.322224,6.835103,-5.024507,-0.08558774
14.400000751018524,-0.13738827,-2.9624004,-1.1024679,-1.081075,0.6117771,1.0587194,0.2515049,-0.397412,0.42698663,-0.3153795,0.19352223,-0.6538141,3.1449862430780304,12.166229524224052,5.0814081073771264,0.7117675522626458,-0.4336388242968839,-0.009969492632093487,3.1449862430780304,12.166229524224052,5.0814081073771264,0.7117675522626458,-0.4336388242968839,-0.009969492632093487,46.765945,161.3242,56.556072,7.5589714,-4.783036,-0.11435008
14.416667418554425,-0.13256769,-2.9689326,-1.0950778,-1.0863763,0.61525637,1.047618,0.2895359,-0.38671064,0.4472639,-0.31629887,0.20875202,-0.66614485,3.1406772000403236,12.199795407946834,5.0895869142818535,0.7093769906828857,-0.4324928588037154,-0.00980153952667582,3.1406772000403236,12.199795407946834,5.0895869142818535,0.7093769906828857,-0.4324928588037154,-0.00980153952667582,46.70187,161.76929,56.647102,7.5335836,-4.770396,-0.11242366
14.433334086090326,-0.12751207,-2.9752586,-1.0876325,-1.0915993,0.61880326,1.0365952,0.30363768,-0.37504032,0.45022768,-0.31151623,0.21287163,-0.6615022,1.1872859151874844,11.63476106807657,4.470877291807053,0.6253016197075278,-0.44917852794270247,-0.006944362038410323,1.1872859151874844,11.63476106807657,4.470877291807053,0.6253016197075278,-0.44917852794270247,-0.006944362038410323,17.654942,154.27693,49.760864,6.640703,-4.954439,-0.07965183
14.450000753626227,-0.12182729,-2.9814181,-1.079847,-1.0968311,0.62260157,1.025361,0.34141958,-0.36430612,0.47100258,-0.31220064,0.22792618,-0.67410094,3.145687870315521,12.249896249440281,5.1054389864500855,0.704383894997577,-0.4288716631808934,-0.009495212185767389,3.145687870315521,12.249896249440281,5.1054389864500855,0.704383894997577,-0.4288716631808934,-0.009495212185767389,46.77638,162.43362,56.823536,7.480557,-4.7304544,-0.108910084
14.466667421162128,-0.11551758,-2.987396,-1.0717129,-1.1020702,0.6266476,1.0139169,0.37887824,-0.35342148,0.49192646,-0.31261188,0.24277039,-0.6866358,3.137835032521436,12.282442579082414,5.113558499318248,0.7018438166817703,-0.42718937476980395,-0.009318632776049187,3.137835032521436,12.282442579082414,5.113558499318248,0.7018438166817703,-0.42718937476980395,-0.009318632776049187,46.659607,162.86519,56.913906,7.4535813,-4.711899,-0.10688472
14.48333408869803,-0.10900243,-2.9931774,-1.0635297,-1.1072273,0.6307488,1.0025562,0.3912183,-0.34221256,0.49447438,-0.30763727,0.24613798,-0.68176186,1.0794730016506993,11.611673806767298,4.4277218581317035,0.6074715019843897,-0.44178539044405263,-0.006401840249870586,1.0794730016506993,11.611673806767298,4.4277218581317035,0.6074715019843897,-0.44178539044405263,-0.006401840249870586,16.051764,153.9708,49.280544,6.4513474,-4.872893,-0.07342911
14.50000075623393,-0.10186929,-2.9987888,-1.0549965,-1.1123853,0.63509446,0.990981,0.42832744,-0.33131382,0.5158602,-0.30781132,0.2607749,-0.6945726,3.1414855464481235,12.336079639187407,5.135163463993535,0.6974148436005732,-0.42283005424769277,-0.00900118477778946,3.1414855464481235,12.336079639187407,5.135163463993535,0.6974148436005732,-0.42283005424769277,-0.00900118477778946,46.71389,163.57642,57.15437,7.4065456,-4.6638155,-0.10324359
14.516667423769832,-0.09412391,-3.0042183,-1.0461042,-1.1175407,0.63968045,0.97919166,0.46501416,-0.32029584,0.53735226,-0.30771238,0.27516887,-0.70731664,3.130167670593057,12.36722091743849,5.143188037855177,0.6947424003184404,-0.4206204349521281,-0.008817350957948639,3.130167670593057,12.36722091743849,5.143188037855177,0.6947424003184404,-0.4206204349521281,-0.008817350957948639,46.545593,163.98935,57.243683,7.3781643,-4.6394434,-0.101135015
14.533334091305733,-0.08620342,-3.009454,-1.0371699,-1.1226125,0.6443087,0.9674904,0.4755459,-0.30956247,0.53942925,-0.3025681,0.27777907,-0.7022097,0.9751024226975585,11.593156127009097,4.393343998308344,0.5903759469644723,-0.4335518868965986,-0.005842689440992466,0.9751024226975585,11.593156127009097,4.393343998308344,0.5903759469644723,-0.4335518868965986,-0.005842689440992466,14.499773,153.72525,48.89792,6.2697926,-4.7820773,-0.06701565
14.550000758841634,-0.077679396,-3.0145204,-1.0278791,-1.1276752,0.6491737,0.95557076,0.511783,-0.29855523,0.5613429,-0.30223095,0.29193595,-0.7152326,3.132189177953724,12.424336659243025,5.170896518155463,0.6909909221412099,-0.41559172670947137,-0.008491962602477336,3.132189177953724,12.424336659243025,5.170896518155463,0.6909909221412099,-0.41559172670947137,-0.008491962602477336,46.575653,164.7467,57.55208,7.3383236,-4.5839767,-0.09740281
14.566667426377535,-0.06855913,-3.0194037,-1.0182203,-1.132729,0.6542705,0.9434343,0.5475013,-0.28745088,0.5833235,-0.30162612,0.30581942,-0.7281819,3.1174747592743888,12.455197157363546,5.179640503478072,0.6883164134627233,-0.41293254897255094,-0.00830153953332743,3.1174747592743888,12.455197157363546,5.179640503478072,0.6883164134627233,-0.41293254897255094,-0.00830153953332743,46.35685,165.15591,57.6494,7.3099203,-4.554646,-0.09521866
14.583334093913436,-0.059294753,-3.0241032,-1.0085284,-1.1376959,0.65939677,0.93138933,0.5561872,-0.27721697,0.5848799,-0.29632804,0.3076709,-0.72283894,0.8739412432159445,11.579585470944687,4.368704755565441,0.5742358622577904,-0.42464155990863434,-0.005269300033449607,0.8739412432159445,11.579585470944687,4.368704755565441,0.5742358622577904,-0.42464155990863434,-0.005269300033449607,12.995506,153.5453,48.623684,6.098385,-4.6837964,-0.06043887
14.600000761449337,-0.049444478,-3.0286317,-0.9984721,-1.1426456,0.6647508,0.91912246,0.5913568,-0.2661375,0.60724014,-0.29548258,0.32128996,-0.73606974,3.117301597159103,12.517217345546992,5.214541041947439,0.68545938660645,-0.4073770718475093,-0.007973074809093525,3.117301597159103,12.517217345546992,5.214541041947439,0.68545938660645,-0.4073770718475093,-0.007973074809093525,46.354275,165.9783,58.03784,7.2795787,-4.493369,-0.09145117
14.616667428985238,-0.039017197,-3.0329757,-0.9880417,-1.1475765,0.6703275,0.90663505,0.6259132,-0.25498974,0.6296195,-0.29437274,0.33460724,-0.74921817,3.0988607297588215,12.547161856028469,5.223792282611747,0.6827823186324815,-0.40428986467238676,-0.007776831582825185,3.0988607297588215,12.547161856028469,5.223792282611747,0.6827823186324815,-0.40428986467238676,-0.007776831582825185,46.08006,166.37537,58.14081,7.251148,-4.459317,-0.08920026
14.63333409652114,-0.028477268,-3.0371442,-0.9775867,-1.1524175,0.6759208,0.8942435,0.6327236,-0.24527031,0.6306087,-0.28894654,0.33570382,-0.743631,0.7752032430683437,11.572668383384002,4.3553519441753705,0.5593431871489617,-0.4152809827844338,-0.004687783192216363,0.7752032430683437,11.572668383384002,4.3553519441753705,0.5593431871489617,-0.4152809827844338,-0.004687783192216363,11.527272,153.45358,48.475067,5.9402246,-4.5805492,-0.053768873
14.65000076405704,-0.017372364,-3.0411453,-0.96676236,-1.1572354,0.6817322,0.88162684,0.6666343,-0.23416588,0.6533252,-0.28760242,0.3487314,-0.75705796,3.095622983007681,12.614138273811628,5.266252982113024,0.6809459567743507,-0.39830908165773476,-0.007449281454709892,3.095622983007681,12.614138273811628,5.266252982113024,0.6809459567743507,-0.39830908165773476,-0.007449281454709892,46.031914,167.26347,58.613396,7.231646,-4.393349,-0.08544326
14.666667431592941,-0.0057128044,-3.04496,-0.9555588,-1.1620263,0.6877559,0.8687866,0.6998405,-0.2230127,0.6760152,-0.2859931,0.36143166,-0.7703935,3.073042643174439,12.644301424558705,5.276851191353605,0.6784082581543429,-0.39489945820646727,-0.007248943332183225,3.073042643174439,12.644301424558705,5.276851191353605,0.6784082581543429,-0.39489945820646727,-0.007248943332183225,45.696144,167.66344,58.731354,7.2046957,-4.355741,-0.08314538
14.683334099128842,0.006027635,-3.048605,-0.94433975,-1.1667247,0.69378376,0.8560463,0.7047554,-0.2138177,0.67639065,-0.28045696,0.36178058,-0.7645543,0.6777998097566607,11.57366377196161,4.3545454767300855,0.5459814197375051,-0.40568708833087497,-0.004103044478292557,0.6777998097566607,11.57366377196161,4.3545454767300855,0.5459814197375051,-0.40568708833087497,-0.004103044478292557,10.078883,153.46678,48.46609,5.7983227,-4.4747286,-0.04706192
14.700000766664743,0.018309042,-3.0520847,-0.932748,-1.1713903,0.70001894,0.84307784,0.73722136,-0.20273335,0.69937253,-0.27861878,0.37416866,-0.7781634,3.0654294104406157,12.715846273154694,5.326990982700015,0.6776953821128372,-0.3885990256951921,-0.006926776849402483,3.0654294104406157,12.715846273154694,5.326990982700015,0.6776953821128372,-0.3885990256951921,-0.006926776849402483,45.582935,168.61212,59.28941,7.197125,-4.2862473,-0.07945013
14.716667434200644,0.0311197,-3.0553815,-0.9207734,-1.1760213,0.70645547,0.8298828,0.76889575,-0.1916231,0.7222815,-0.27652445,0.38620633,-0.7916702,3.0380667177878857,12.746041644572493,5.339072913815069,0.6753424915665737,-0.3849324808267713,-0.0067231129228081405,3.0380667177878857,12.746041644572493,5.339072913815069,0.6753424915665737,-0.3849324808267713,-0.0067231129228081405,45.176052,169.01251,59.42388,7.1721373,-4.2458053,-0.077114105
14.733334101736546,0.043979306,-3.0585158,-0.9087933,-1.1805599,0.7128839,0.8167924,0.771905,-0.18296069,0.7219996,-0.2709041,0.38581905,-0.78556836,0.5801944181112612,11.583531352369674,4.367392746478934,0.53442121674561,-0.3960742587299641,-0.003521486064508466,0.5801944181112612,11.583531352369674,4.367392746478934,0.53442121674561,-0.3960742587299641,-0.003521486064508466,8.627491,153.59763,48.60908,5.6755533,-4.368699,-0.040391445
14.750000769272447,0.05735288,-3.061487,-0.8964385,-1.1850568,0.7195084,0.803471,0.8027473,-0.17193218,0.7451543,-0.26858112,0.39752492,-0.7993404,3.0244951690694353,12.82346216262196,5.397828505688278,0.6759762988476655,-0.37849664904265,-0.006411090142433812,3.0244951690694353,12.82346216262196,5.397828505688278,0.6759762988476655,-0.37849664904265,-0.006411090142433812,44.974243,170.03911,60.07783,7.1788683,-4.174818,-0.073535204
14.766667436808348,0.07122735,-3.0642757,-0.8836981,-1.1895111,0.7263225,0.7899209,0.8327133,-0.16090022,0.7681867,-0.26601076,0.40885964,-0.8129976,2.991345270255627,12.85375304531368,5.411646072648177,0.6738722436621141,-0.37466699387523555,-0.006206449260894589,2.991345270255627,12.85375304531368,5.411646072648177,0.6738722436621141,-0.37466699387523555,-0.006206449260894589,44.481304,170.44077,60.23162,7.156523,-4.132577,-0.07118797
14.783334104344249,0.085118845,-3.0669096,-0.8709639,-1.193871,0.7331164,0.7764797,0.83381623,-0.15278222,0.7672042,-0.2603287,0.40775123,-0.8066202,0.48042514136595943,11.602441433867718,4.39453604836134,0.5248930045664872,-0.3866420479547081,-0.002948346092270682,0.48042514136595943,11.602441433867718,4.39453604836134,0.5248930045664872,-0.3866420479547081,-0.002948346092270682,7.143922,153.84837,48.911186,5.5743637,-4.264662,-0.03381753
14.80000077188015,0.09949446,-3.0693831,-0.85785425,-1.1981827,0.7400944,0.76280516,0.86286336,-0.14185071,0.79043704,-0.2575374,0.4187378,-0.82053167,2.970000410047889,12.936579731614701,5.479056194679006,0.6759644003686708,-0.36822606084137105,-0.005908914514490076,2.970000410047889,12.936579731614701,5.479056194679006,0.6759644003686708,-0.36822606084137105,-0.005908914514490076,44.163906,171.53905,60.981895,7.178742,-4.0615335,-0.06777525
14.816667439416051,0.11433983,-3.071676,-0.84435904,-1.2024442,0.74724966,0.74889934,0.8909548,-0.1309387,0.81349766,-0.25450498,0.42933482,-0.8343119,2.930003809463922,12.96695807041266,5.49486542433527,0.6741875309055135,-0.36433614175749823,-0.005705125870243195,2.930003809463922,12.96695807041266,5.49486542433527,0.6741875309055135,-0.36433614175749823,-0.005705125870243195,43.569157,171.94186,61.157852,7.1598716,-4.0186276,-0.065437794
14.833334106951952,0.12917043,-3.0738244,-0.8308816,-1.2066113,0.7543731,0.73510766,0.8901599,-0.123372264,0.81178,-0.24878292,0.42752448,-0.82764614,0.37626312656056266,11.631400912415748,4.437040618594873,0.5177122500432189,-0.3776264968830569,-0.0023895070775239073,0.37626312656056266,11.631400912415748,4.437040618594873,0.5177122500432189,-0.3776264968830569,-0.0023895070775239073,5.5950327,154.23238,49.384262,5.498104,-4.1652203,-0.027407646
14.850000774487853,0.1444526,-3.0758152,-0.81702983,-1.2107224,0.7616681,0.7210808,0.91724914,-0.11257108,0.83499205,-0.24553518,0.4377595,-0.84166765,2.8987135435000475,13.055647768046521,5.571300578567216,0.6779065913399734,-0.35807124507070565,-0.00542586225993548,2.8987135435000475,13.055647768046521,5.571300578567216,0.6779065913399734,-0.35807124507070565,-0.00542586225993548,43.10387,173.11789,62.008575,7.199368,-3.9495258,-0.06223464
14.866667442023754,0.1601708,-3.077628,-0.8027933,-1.214776,0.7691279,0.70682144,0.94330883,-0.10181146,0.8579875,-0.24205554,0.4475903,-0.85553926,2.8506773465739537,13.086344861336963,5.5895418919428765,0.6765585161198331,-0.3542440972972327,-0.005224401678535973,2.8506773465739537,13.086344861336963,5.5895418919428765,0.6765585161198331,-0.3542440972972327,-0.005224401678535973,42.389572,173.52493,62.2116,7.1850514,-3.9073124,-0.059923887
14.883334109559655,0.17584278,-3.0793025,-0.78858656,-1.2187334,0.7765442,0.6926811,0.940635,-0.09479796,0.85549766,-0.23631595,0.44509962,-0.8485708,0.26526794228364575,11.670792983847686,4.49542365198401,0.5131367685206641,-0.3692448841693287,-0.001853304316712756,0.26526794228364575,11.670792983847686,4.49542365198401,0.5131367685206641,-0.3692448841693287,-0.001853304316712756,3.9445343,154.75471,50.034065,5.4495125,-4.072771,-0.0212574
14.900000777095556,0.19193117,-3.080826,-0.7740083,-1.2226274,0.78411925,0.6783042,0.96561295,-0.08416601,0.8785947,-0.23263244,0.45455745,-0.86266935,2.8069717417488023,13.179822780787495,5.674554802550995,0.6819753772570365,-0.34829569424917134,-0.004970040026184987,2.8069717417488023,13.179822780787495,5.674554802550995,0.6819753772570365,-0.34829569424917134,-0.004970040026184987,41.73967,174.76445,63.157795,7.2425785,-3.8417015,-0.05700636
14.916667444631457,0.20841938,-3.082175,-0.75904787,-1.2264563,0.7918459,0.6636939,0.98949426,-0.073591195,0.9014242,-0.22872743,0.46359846,-0.87659913,2.7496686780220245,13.21104115850066,5.6954818273169,0.6811451777226508,-0.34465638486666783,-0.004774150166598838,2.7496686780220245,13.21104115850066,5.6954818273169,0.6811451777226508,-0.34465638486666783,-0.004774150166598838,40.887573,175.1784,63.390713,7.233762,-3.80156,-0.054759502
14.933334112167358,0.22483037,-3.0833943,-0.74413043,-1.2301909,0.79951805,0.6492079,0.9849699,-0.06712916,0.89813316,-0.22299814,0.4604536,-0.8693121,0.1448715302314066,11.720782203731854,4.5700580497529195,0.5114415271134026,-0.3617046750467254,-0.001345786615985315,0.1448715302314066,11.720782203731854,4.5700580497529195,0.5114415271134026,-0.3617046750467254,-0.001345786615985315,2.1542397,155.41757,50.864746,5.431509,-3.9896026,-0.0154361725
14.95000077970326,0.2416203,-3.0844667,-0.7288455,-1.2338549,0.8073357,0.63448465,1.0076954,-0.056693047,0.9210161,-0.21889552,0.469114,-0.88344896,2.6911403961284255,13.309222145138104,5.789073522521479,0.6884133972915104,-0.33920531043764257,-0.004549097162594251,2.6911403961284255,13.309222145138104,5.789073522521479,0.6884133972915104,-0.33920531043764257,-0.004549097162594251,40.017258,176.48029,64.43239,7.3109503,-3.7414346,-0.052178144
14.96666744723916,0.25877154,-3.0853674,-0.71318287,-1.2374482,0.81529146,0.6195272,1.0292606,-0.04633328,0.9435855,-0.21458298,0.4773476,-0.8973963,2.622911444268294,13.340530280433988,5.812709565004141,0.6881674355257253,-0.3358772637513369,-0.004361085301393411,2.622911444268294,13.340530280433988,5.812709565004141,0.6881674355257253,-0.3358772637513369,-0.004361085301393411,39.002693,176.89543,64.69546,7.308338,-3.7047262,-0.05002165
14.983334114775062,0.27581528,-3.0861464,-0.6975766,-1.2409478,0.8231824,0.6047002,1.0229244,-0.040423803,0.93946534,-0.20888303,0.4735778,-0.889775,0.012523853786855877,11.780370882014164,4.660451979864211,0.51282058327885,-0.3551666237285542,-0.0008771392502988434,0.012523853786855877,11.780370882014164,4.660451979864211,0.51282058327885,-0.3551666237285542,-0.0008771392502988434,0.1862297,156.20772,51.87083,5.4461546,-3.9174879,-0.010060787
15.000000782310963,0.2931982,-3.0867844,-0.6816088,-1.2443694,0.83120525,0.589636,1.0432669,-0.03021536,0.9620389,-0.20437999,0.4814258,-0.90390813,2.547242678326092,13.442244033468254,5.914147609220574,0.6973518939117029,-0.33106386715568203,-0.004170807736171466,2.547242678326092,13.442244033468254,5.914147609220574,0.6973518939117029,-0.33106386715568203,-0.004170807736171466,37.8775,178.24416,65.82446,7.405877,-3.6516345,-0.047839165
15.016667449846864,0.3109019,-3.0872562,-0.6652687,-1.2477126,0.83935225,0.5743382,1.0623943,-0.02009881,0.984252,-0.19968157,0.48884058,-0.91783077,2.467000380248613,13.47347967225502,5.940534483711674,0.6977742225661341,-0.3281644335251339,-0.00399314744013127,2.467000380248613,13.47347967225502,5.940534483711674,0.6977742225661341,-0.3281644335251339,-0.00399314744013127,36.684296,178.65834,66.11815,7.4103622,-3.6196537,-0.0458014
15.033334117382765,0.32846868,-3.0876129,-0.6489994,-1.2509633,0.84742486,0.5591765,1.054294,-0.014734088,0.9792801,-0.1940378,0.48447773,-0.9098585,-0.1340492828307572,11.849246017893336,4.766235625754576,0.5175079105039551,-0.34979757998925604,-0.00045605088278014656,-0.1340492828307572,11.849246017893336,4.766235625754576,0.5175079105039551,-0.34979757998925604,-0.00045605088278014656,-1.9933128,157.121,53.048203,5.495934,-3.8582673,-0.0052309036
15.050000784918666,0.34633312,-3.0878348,-0.6323752,-1.2541301,0.85561574,0.54377836,1.0721365,-0.0047789845,1.00145,-0.18916088,0.491505,-0.92394227,2.3717976450198597,13.577592714519703,6.048946603396296,0.7089316732690384,-0.3241318523721704,-0.0038446502885095117,2.3717976450198597,13.577592714519703,6.048946603396296,0.7089316732690384,-0.3241318523721704,-0.0038446502885095117,35.26863,180.03888,67.324776,7.5288544,-3.5751743,-0.04409814
15.066667452454567,0.3644758,-3.0878956,-0.6153868,-1.2572126,0.86391675,0.52814764,1.0887133,0.0050705904,1.0232099,-0.18410084,0.49809495,-0.9377906,2.27806229838286,13.608224215730463,6.0778258838636425,0.7100763518482504,-0.32177669615066823,-0.003679773551854447,2.27806229838286,13.608224215730463,6.0778258838636425,0.7100763518482504,-0.32177669615066823,-0.003679773551854447,33.874786,180.44505,67.6462,7.541011,-3.549197,-0.042207003
15.083334119990468,0.3824529,-3.087849,-0.5984832,-1.2602037,0.87213427,0.51265943,1.0789063,0.009894834,1.0173688,-0.17853405,0.49317282,-0.929451,-0.29681692527458026,11.925399573140554,4.885844378886946,0.5256151299916643,-0.3456872696241031,-9.366295705594076e-05,-0.29681692527458026,11.925399573140554,4.885844378886946,0.5256151299916643,-0.3456872696241031,-9.366295705594076e-05,-4.4136677,158.1308,54.379448,5.5820327,-3.8129306,-0.0010743141
15.100000787526369,0.4006844,-3.0876741,-0.58123356,-1.2631054,0.88045627,0.49693644,1.0941445,0.019574726,1.0390384,-0.17330767,0.49937606,-0.94343656,2.1616599025867416,13.71321527127227,6.191932972979139,0.7232300081271013,-0.3186310407581485,-0.003578336527790312,2.1616599025867416,13.71321527127227,6.191932972979139,0.7232300081271013,-0.3186310407581485,-0.003578336527790312,32.143883,181.83723,68.916214,7.6807027,-3.5145004,-0.04104352
15.11666745506227,0.4191501,-3.0873425,-0.5636287,-1.2659179,0.88887554,0.480983,1.1080753,0.029136732,1.060255,-0.1679099,0.5051401,-0.9571604,2.0535626183761875,13.742762777060944,6.223053088192455,0.7251605700189336,-0.3169204577033561,-0.0034306708271854736,2.0535626183761875,13.742762777060944,6.223053088192455,0.7251605700189336,-0.3169204577033561,-0.0034306708271854736,30.536476,182.22903,69.26258,7.7012053,-3.4956326,-0.039349794
15.133334122598171,0.43742293,-3.0869117,-0.5461231,-1.2686405,0.89720184,0.46517834,1.0966282,0.033428777,1.0535307,-0.16244158,0.49969384,-0.94843775,-0.47697491828595223,12.006792439594529,5.017285548344669,0.5372146204142023,-0.3428831818097306,0.00020033812252666602,-0.47697491828595223,12.006792439594529,5.017285548344669,0.5372146204142023,-0.3428831818097306,0.00020033812252666602,-7.092617,159.21007,55.84239,5.7052193,-3.7820015,0.0022978783
15.150000790134072,0.45590526,-3.0863593,-0.5282817,-1.271268,0.90561885,0.4491414,1.1091726,0.042813458,1.0746095,-0.15688834,0.5050752,-0.96227086,1.9145588467565253,13.846508733827065,6.3409961244595126,0.7402579438663921,-0.3147323457954801,-0.003381053987750824,1.9145588467565253,13.846508733827065,6.3409961244595126,0.7402579438663921,-0.3147323457954801,-0.003381053987750824,28.46949,183.6047,70.57529,7.8615394,-3.4714978,-0.03878069
15.166667457669973,0.4745764,-3.085655,-0.5100956,-1.273801,0.91411984,0.432877,1.1203741,0.052069064,1.0951918,-0.15117872,0.5100194,-0.9758169,1.7914782936491258,13.873943484207084,6.373590022084526,0.7429736257721925,-0.3137304041456982,-0.0032543200664969245,1.7914782936491258,13.873943484207084,6.373590022084526,0.7429736257721925,-0.3137304041456982,-0.0032543200664969245,26.639282,183.96849,70.93806,7.89038,-3.4604464,-0.03732705
15.183334125205874,0.49302843,-3.084859,-0.49202368,-1.2762455,0.92251945,0.41676807,1.1073619,0.055838928,1.0875745,-0.14583144,0.5040877,-0.9666942,-0.6749652741976689,12.090583444540677,5.157710278451924,0.5522688903377555,-0.3413628364625241,0.00041348059071388675,-0.6749652741976689,12.090583444540677,5.157710278451924,0.5522688903377555,-0.3413628364625241,0.00041348059071388675,-10.036734,160.32114,57.405315,5.8650956,-3.765232,0.0047426224
15.200000792741776,0.5116438,-3.083948,-0.4736275,-1.2785913,0.9309963,0.40043026,1.1171371,0.06491055,1.1079718,-0.13997963,0.508655,-0.98032063,1.6292248785535843,13.97397485793446,6.493071961381471,0.7598946099002932,-0.312529881218835,-0.00326356995906015,1.6292248785535843,13.97397485793446,6.493071961381471,0.7598946099002932,-0.312529881218835,-0.00326356995906015,24.226574,185.2949,72.26789,8.070081,-3.4472046,-0.037433147
15.216667460277677,0.5304014,-3.082891,-0.45489863,-1.2808365,0.9395433,0.38386893,1.1255424,0.073842265,1.1278332,-0.13398279,0.5127892,-0.99363077,1.4910515154778918,13.99823011855734,6.526263597733462,0.7633927627247382,-0.31228355137953845,-0.003159784085873219,1.4910515154778918,13.99823011855734,6.526263597733462,0.7633927627247382,-0.31228355137953845,-0.003159784085873219,22.171936,185.61653,72.637314,8.107231,-3.4444876,-0.036242723
15.233334127813578,0.5489153,-3.08175,-0.43629882,-1.2829969,0.9479817,0.36747006,1.1110516,0.07710343,1.1193162,-0.12877846,0.5064131,-0.9840949,-0.8897169532596304,12.173351443191459,5.303477298431533,0.5706348886148629,-0.34101776717904475,0.0005335836901078561,-0.8897169532596304,12.173351443191459,5.303477298431533,0.5706348886148629,-0.34101776717904475,0.0005335836901078561,-13.230091,161.41864,59.027702,6.0601425,-3.761426,0.006120205
15.250000795349479,0.5675456,-3.0805,-0.41738763,-1.2850525,0.95648414,0.3508467,1.1179968,0.08584783,1.138949,-0.12265214,0.5101799,-0.9974532,1.3059581456444131,14.092061314647554,6.644699494258198,0.7819772889160617,-0.31205503268341317,-0.003232057965518915,1.3059581456444131,14.092061314647554,6.644699494258198,0.7819772889160617,-0.31205503268341317,-0.003232057965518915,19.419598,186.86073,73.955505,8.304599,-3.441967,-0.037071705
15.26666746288538,0.58627075,-3.0791104,-0.3981571,-1.2870047,0.9650426,0.33400467,1.1235543,0.09444269,1.158005,-0.116399184,0.51351887,-1.0104687,1.153275593063057,14.111581287412802,6.67709871550883,0.7861658229217242,-0.3125611804121749,-0.0031552318915555864,1.153275593063057,14.111581287412802,6.67709871550883,0.7861658229217242,-0.3125611804121749,-0.0031552318915555864,17.149208,187.11957,74.31611,8.349081,-3.4475498,-0.03619051
15.28333413042128,0.6047289,-3.077643,-0.37907088,-1.2888744,0.9734866,0.31733227,1.1076757,0.097208634,1.1485876,-0.11135441,0.50674087,-1.0005052,-1.1196185216538124,12.250820292247008,5.45002953597049,0.5920123694755712,-0.3416817078024068,0.0005497554123869333,-1.1196185216538124,12.250820292247008,5.45002953597049,0.5920123694755712,-0.3416817078024068,0.0005497554123869333,-16.648727,162.44588,60.65883,6.2871714,-3.7687492,0.0063056946
15.300000797957182,0.6232554,-3.0760736,-0.35968727,-1.2906355,0.9819815,0.30044088,1.111749,0.10561242,1.1673721,-0.10498258,0.50972414,-1.0135361,0.9468196620056112,14.195938455573035,6.791201006262985,0.8061278786811901,-0.3132238889540312,-0.0032936684858726225,0.9468196620056112,14.195938455573035,6.791201006262985,0.8061278786811901,-0.3132238889540312,-0.0032936684858726225,14.079208,188.23814,75.58607,8.561078,-3.4548595,-0.037778378
15.316667465493083,0.64182866,-3.0743694,-0.33999893,-1.2922882,0.99052036,0.28333667,1.1144223,0.11386062,1.1855422,-0.09849763,0.51228905,-1.0261973,0.7805886489878426,14.209469986537284,6.82145330355388,0.8109220228177231,-0.31446731857894666,-0.003246109487704848,0.7805886489878426,14.209469986537284,6.82145330355388,0.8109220228177231,-0.31446731857894666,-0.003246109487704848,11.607353,188.41757,75.922775,8.611992,-3.4685745,-0.037232876
15.333334133028984,0.6601136,-3.072594,-0.32046986,-1.2938608,0.9989379,0.2664095,1.0972571,0.11614244,1.1752312,-0.09363531,0.505149,-1.0157931,-1.3610080495807415,12.317973923719128,5.5919592378381555,0.6159359452414648,-0.34308260608994734,0.00045280822381416194,-1.3610080495807415,12.317973923719128,5.5919592378381555,0.6159359452414648,-0.34308260608994734,0.00045280822381416194,-20.23819,163.33633,62.238506,6.5412397,-3.7842011,0.0051937103
15.350000800564885,0.67841864,-3.0707254,-0.30065888,-1.2953218,1.0073944,0.24926972,1.09843,0.12419364,1.193089,-0.08704736,0.50737154,-1.028434,0.555459685027399,14.280637392990549,6.927426484717191,0.8318606518531699,-0.3158751338152916,-0.003453452585049058,0.555459685027399,14.280637392990549,6.927426484717191,0.8318606518531699,-0.3158751338152916,-0.003453452585049058,8.2596855,189.36125,77.10226,8.83436,-3.4841027,-0.0396111
15.366667468100786,0.6967216,-3.0687273,-0.28055927,-1.2966715,1.0158823,0.23192412,1.0981997,0.13208905,1.2102989,-0.08036068,0.5091862,-1.0406778,0.37772532028885764,14.287052758678591,6.954078640042396,0.8371376497372846,-0.31779640280757293,-0.0034374055804225184,0.37772532028885764,14.287052758678591,6.954078640042396,0.8371376497372846,-0.31779640280757293,-0.0034374055804225184,5.6167755,189.44632,77.398895,8.890402,-3.5052943,-0.039427042
15.383334135636687,0.71471703,-3.0666652,-0.26063383,-1.2979455,1.024243,0.21476313,1.0798558,0.13390574,1.1990998,-0.07569632,0.5017264,-1.0298213,-1.6091952808126158,12.370124230018028,5.7235347614134096,0.6418201658460829,-0.3448992994624922,0.00023534221033896167,-1.6091952808126158,12.370124230018028,5.7235347614134096,0.6418201658460829,-0.3448992994624922,0.00023534221033896167,-23.928734,164.02785,63.70294,6.81613,-3.8042393,0.0026993752
15.400000803172588,0.7326842,-3.064515,-0.24044275,-1.2991042,1.032629,0.19739711,1.0781178,0.14160283,1.2159574,-0.06891605,0.5032157,-1.0420094,0.13781703392290476,14.341894641720872,7.048215634739302,0.8586107674291579,-0.3197697218396074,-0.0037131147376329044,0.13781703392290476,14.341894641720872,7.048215634739302,0.8586107674291579,-0.3197697218396074,-0.0037131147376329044,2.0493393,190.17352,78.44664,9.118446,-3.52706,-0.042589426
15.41666747070849,0.7506012,-3.0622406,-0.21998012,-1.3001486,1.0410342,0.17983326,1.0749809,0.14913717,1.232136,-0.06205322,0.50431293,-1.0537703,-0.0489435664101904,14.33855635008661,7.0688533868644,0.8640855045641883,-0.32224538427856114,-0.003728746016750984,-0.0489435664101904,14.33855635008661,7.0688533868644,0.8640855045641883,-0.32224538427856114,-0.003728746016750984,-0.72779083,190.12926,78.67634,9.176588,-3.5543666,-0.042768717
15.43333413824439,0.76819247,-3.0599082,-0.19970655,-1.3011205,1.0493089,0.16246171,1.0555718,0.15050375,1.2200634,-0.05760287,0.4965821,-1.0424551,-1.8580554071976663,12.401609579002875,5.838304709874073,0.6688738497861586,-0.3467272977232393,-0.00010648808899191845,-1.8580554071976663,12.401609579002875,5.838304709874073,0.6688738497861586,-0.3467272977232393,-0.00010648808899191845,-27.629284,164.44534,64.98033,7.1034403,-3.824402,-0.0012214184
15.450000805780292,0.78570724,-3.0574944,-0.17918476,-1.3019748,1.0575984,0.14489374,1.0509279,0.15783785,1.235854,-0.050659586,0.49737036,-1.0541265,-0.2986387189956183,14.373514627079798,7.1470817572772765,0.88552674331234,-0.3245530297079631,-0.004071095972967439,-0.2986387189956183,14.373514627079798,7.1470817572772765,0.88552674331234,-0.3245530297079631,-0.004071095972967439,-4.4407578,190.5928,79.54702,9.404294,-3.57982,-0.04669547
15.466667473316193,0.8031237,-3.0549636,-0.1584096,-1.3027124,1.0658954,0.12713693,1.044899,0.16500826,1.2509345,-0.043647923,0.49777782,-1.0653434,-0.49088971279736887,14.359036038544023,7.159842656521998,0.8909574785250505,-0.3274507124858452,-0.004117636443639487,-0.49088971279736887,14.359036038544023,7.159842656521998,0.8909574785250505,-0.3274507124858452,-0.004117636443639487,-7.29953,190.40082,79.68905,9.461968,-3.6117814,-0.04722929
15.483334140852094,0.8201984,-3.0523815,-0.13783805,-1.30338,1.074058,0.10958029,1.0245447,0.16594471,1.2380053,-0.039426457,0.48981592,-1.0535595,-2.100374366744862,12.407459932215074,5.929928734188987,0.6961954964531794,-0.3481416840609484,-0.0005716849329581755,-2.100374366744862,12.407459932215074,5.929928734188987,0.6961954964531794,-0.3481416840609484,-0.0005716849329581755,-31.232567,164.52292,66.00011,7.393596,-3.8400028,-0.006557226
15.500000808387995,0.8371487,-3.049722,-0.11703666,-1.3039285,1.0822228,0.09183688,1.0170176,0.17292023,1.2526647,-0.032348294,0.48993495,-1.0646508,-0.7444770366614829,14.371510041065706,7.218534155997304,0.9117776615695989,-0.32983775151824263,-0.004520952545671537,-0.7444770366614829,14.371510041065706,7.218534155997304,0.9117776615695989,-0.32983775151824263,-0.004520952545671537,-11.070374,190.56622,80.342285,9.683079,-3.6381104,-0.051855326
15.516667475923896,0.8539529,-3.0469515,-0.09600104,-1.3043582,1.0903864,0.07391479,1.0081261,0.17972673,1.2665875,-0.025215946,0.4896931,-1.0752583,-0.9384334848964463,14.343747330287284,7.221120472759784,0.916812020282063,-0.33297811112183395,-0.004596136503876451,-0.9384334848964463,14.343747330287284,7.221120472759784,0.916812020282063,-0.33297811112183395,-0.004596136503876451,-13.954506,190.19809,80.37107,9.736544,-3.6727486,-0.052717686
15.533334143459797,0.8704019,-3.0441341,-0.07518325,-1.3047229,1.0984111,0.056200743,0.98695445,0.1802495,1.2528238,-0.021237724,0.48154294,-1.0630027,-2.327810619690311,12.38235082381811,5.991910538583431,0.7227207981260484,-0.34865995806558286,-0.0011547607448481431,-2.327810619690311,12.38235082381811,5.991910538583431,0.7227207981260484,-0.34865995806558286,-0.0011547607448481431,-34.614544,164.18997,66.689964,7.675295,-3.8457193,-0.013245106
15.550000810995698,0.8866787,-3.0412467,-0.054154903,-1.3049661,1.1064296,0.038310643,0.9765827,0.18686205,1.2662952,-0.01404788,0.48103243,-1.0734487,-1.189190698455626,14.330359641603035,7.256293146865173,0.9362894262971179,-0.3351446724110912,-0.005052353676859981,-1.189190698455626,14.330359641603035,7.256293146865173,0.9362894262971179,-0.3351446724110912,-0.005052353676859981,-17.683266,190.02057,80.76254,9.943394,-3.6966457,-0.057950497
15.566667478531599,0.9027626,-3.0382519,-0.032912333,-1.3050894,1.1144329,0.02025303,0.96487635,0.19330935,1.2790065,-0.0068197837,0.48017606,-1.0833855,-1.3803180625315232,14.288690259194123,7.247211219808162,0.9406416654137794,-0.3383545257347017,-0.005153374975415656,-1.3803180625315232,14.288690259194123,7.247211219808162,0.9406416654137794,-0.3383545257347017,-0.005153374975415656,-20.52533,189.46803,80.66146,9.9896145,-3.7320504,-0.05910921
15.5833341460675,0.91848004,-3.035217,-0.011901448,-1.3051515,1.1222963,0.0024114193,0.94301826,0.19343291,1.2644346,-0.0030964217,0.47188604,-1.0706552,-2.5321973276042105,12.321712672260912,6.0183111226783605,0.7473063334233344,-0.34781503115366075,-0.0018442415006283373,-2.5321973276042105,12.321712672260912,6.0183111226783605,0.7473063334233344,-0.34781503115366075,-0.0018442415006283373,-37.653774,163.38591,66.9838,7.9363933,-3.8363998,-0.02115345
15.600000813603401,0.9339789,-3.0321167,0.009300008,-1.3050911,1.1301433,-0.015594476,0.92985815,0.19968905,1.2766676,0.0041781943,0.47078845,-1.0803944,-1.6210036543927582,14.247271737721531,7.255670045371111,0.9580666960520484,-0.3399955286076149,-0.005651081554143451,-1.6210036543927582,14.247271737721531,7.255670045371111,0.9580666960520484,-0.3399955286076149,-0.005651081554143451,-24.104324,188.91882,80.75561,10.174668,-3.7501507,-0.064817905
15.616667481139302,0.949239,-3.028915,0.030694842,-1.304909,1.1379673,-0.033755668,0.91540104,0.20577931,1.2881192,0.011478719,0.46936357,-1.0895976,-1.8047584169409623,14.189962671892676,7.232918272335467,0.9613311896889898,-0.34306384386631544,-0.005771974532003494,-1.8047584169409623,14.189962671892676,7.232918272335467,0.9613311896889898,-0.34306384386631544,-0.005771974532003494,-26.836758,188.1589,80.50238,10.209337,-3.7839942,-0.06620455
15.633334148675203,0.9641233,-3.0256784,0.05184466,-1.3046697,1.14565,-0.051692978,0.89298946,0.2055262,1.2727691,0.01493532,0.46097195,-1.076395,-2.705413828620834,12.223019607106664,6.004635107378004,0.768867769259293,-0.3452111241607805,-0.002622874591697686,-2.705413828620834,12.223019607106664,6.004635107378004,0.768867769259293,-0.3452111241607805,-0.002622874591697686,-40.229504,162.07724,66.83159,8.165376,-3.8076787,-0.030084372
15.650000816211104,0.9787439,-3.022381,0.073164344,-1.3043076,1.1533062,-0.06978178,0.877113,0.21143234,1.2837185,0.022269595,0.4593278,-1.0853664,-2.028375354964379,14.119275123285492,7.212227052755432,0.9760163373641825,-0.3439034317583792,-0.006298033590408232,-2.028375354964379,14.119275123285492,7.212227052755432,0.9760163373641825,-0.3439034317583792,-0.006298033590408232,-30.161942,187.22159,80.27209,10.3652935,-3.7932549,-0.072238445
15.666667483747005,0.9930812,-3.0189867,0.094655864,-1.3038231,1.1609299,-0.08801267,0.8599844,0.21717368,1.2938695,0.029616676,0.4573781,-1.093776,-2.2002152812985982,14.045752155654931,7.174555117871883,0.9778433151388798,-0.34663238421636394,-0.006432749441424555,-2.2002152812985982,14.045752155654931,7.174555117871883,0.9778433151388798,-0.34663238421636394,-0.006432749441424555,-32.7172,186.24667,79.8528,10.384696,-3.8233552,-0.073783636
15.683334151282907,1.0070355,-3.0155635,0.11588961,-1.3032856,1.1684105,-0.10601183,0.8371586,0.21656068,1.277776,0.032798562,0.44892868,-1.0801035,-2.8396139548942396,12.083614573759192,5.9468902560471415,0.7862612801532064,-0.3404325068483327,-0.0034683355582519103,-2.8396139548942396,12.083614573759192,5.9468902560471415,0.7862612801532064,-0.3404325068483327,-0.0034683355582519103,-42.22506,160.22873,66.18889,8.350095,-3.7549706,-0.03978181
15.700000818818808,1.0206834,-3.0120835,0.13727187,-1.3026253,1.175857,-0.12414871,0.8186538,0.2221257,1.2874041,0.04016948,0.4467884,-1.0882468,-2.3999286643915236,13.945219060054912,7.123022773516467,0.9891384289987568,-0.34639400886819244,-0.006971498520975021,-2.3999286643915236,13.945219060054912,7.123022773516467,0.9891384289987568,-0.34639400886819244,-0.006971498520975021,-35.68694,184.9136,79.27924,10.50465,-3.820726,-0.07996309
15.716667486354709,1.0340042,-3.0085108,0.15880394,-1.3018409,1.1832647,-0.14241353,0.798947,0.22752714,1.2962208,0.047541484,0.44436294,-1.0958073,-2.5557740550756294,13.855216370089202,7.069539552536079,0.9891932967018947,-0.34860267708329645,-0.007113250526222022,-2.5557740550756294,13.855216370089202,7.069539552536079,0.9891932967018947,-0.34860267708329645,-0.007113250526222022,-38.00436,183.72017,78.683975,10.505233,-3.8450875,-0.08158898
15.73333415389061,1.046939,-3.004916,0.18006603,-1.3010089,1.1905279,-0.16043885,0.775849,0.22657342,1.27942,0.050438605,0.43589208,-1.0816711,-2.928378650944908,11.902885379474807,5.842815169534057,0.7984754953905239,-0.3331759358576397,-0.004355805587435974,-2.928378650944908,11.902885379474807,5.842815169534057,0.7984754953905239,-0.3331759358576397,-0.004355805587435974,-43.54499,157.83226,65.03053,8.47981,-3.6749306,-0.04996109
15.75000082142651,1.0595233,-3.0012681,0.2014548,-1.3000531,1.1977493,-0.17858721,0.75481594,0.23181076,1.2876959,0.05782497,0.43330044,-1.0889325,-2.725764610018599,13.725489045340192,6.986558747955623,0.9965499691146018,-0.3470659904445396,-0.007648445152675159,-2.725764610018599,13.725489045340192,6.986558747955623,0.9965499691146018,-0.3470659904445396,-0.007648445152675159,-40.53212,181.99998,77.7604,10.583361,-3.8281379,-0.087727666
15.766667488962412,1.0717397,-2.9975326,0.22297078,-1.2989743,1.2049248,-0.19684839,0.73264587,0.23688632,1.2951494,0.06519708,0.43044725,-1.0955868,-2.8610357760421046,13.619289714646376,6.916894767055186,0.9945473428499901,-0.3485341560592029,-0.00778817049606842,-2.8610357760421046,13.619289714646376,6.916894767055186,0.9945473428499901,-0.3485341560592029,-0.00778817049606842,-42.543602,180.59178,76.98504,10.562093,-3.8443317,-0.089330316
15.783334156498313,1.0835657,-2.9937794,0.24420537,-1.2978523,1.2119577,-0.21486259,0.70941657,0.23561554,1.2776855,0.06780674,0.4219961,-1.0809977,-2.967345514149977,11.682410837118802,5.692183639375561,0.8047341851415832,-0.32323502672875026,-0.0052558097407000934,-2.967345514149977,11.682410837118802,5.692183639375561,0.8047341851415832,-0.32323502672875026,-0.0052558097407000934,-44.124428,154.90877,63.354004,8.546277,-3.5652823,-0.060284138
15.800000824034214,1.0950034,-2.989977,0.26554435,-1.2966077,1.2189424,-0.23298416,0.6859815,0.24053842,1.2845855,0.075187266,0.41899902,-1.0873221,-2.996300272117466,13.461574134423902,6.802662920544839,0.997508223222923,-0.3454986530763932,-0.008305177131526452,-2.996300272117466,13.461574134423902,6.802662920544839,0.997508223222923,-0.3454986530763932,-0.008305177131526452,-44.554985,178.50047,75.71364,10.593537,-3.8108501,-0.09526038
15.816667491570115,1.1060343,-2.98609,0.2869876,-1.2952392,1.2258737,-0.25120264,0.66147214,0.24530299,1.2906538,0.08254489,0.41576147,-1.0930197,-3.1088584689542444,13.340117165405825,6.717056726830989,0.9932293505767421,-0.3461190169222876,-0.008437055655947538,-3.1088584689542444,13.340117165405825,6.717056726830989,0.9932293505767421,-0.3461190169222876,-0.008437055655947538,-46.228725,176.88995,74.76084,10.548096,-3.8176928,-0.09677303
15.833334159106016,1.116677,-2.9821918,0.3081388,-1.2938317,1.2326639,-0.26916677,0.63825583,0.24373253,1.2725729,0.08486026,0.40736663,-1.0779908,-2.9535561659709675,11.423796226535988,5.495566327831066,0.8043273020598849,-0.3104516839505539,-0.006141772764915992,-2.9535561659709675,11.423796226535988,5.495566327831066,0.8043273020598849,-0.3104516839505539,-0.006141772764915992,-43.91938,151.47954,61.165653,8.541956,-3.424282,-0.07044613
15.850000826641917,1.1268916,-2.9782472,0.32937184,-1.292302,1.2393969,-0.2872218,0.6125434,0.24835873,1.2780792,0.09221592,0.40401354,-1.0833284,-3.206841802949784,13.156894321355345,6.572946169734108,0.9914934298412948,-0.34147696611779665,-0.00892008712422671,-3.206841802949784,13.156894321355345,6.572946169734108,0.9914934298412948,-0.34147696611779665,-0.00892008712422671,-47.685738,174.46042,73.15689,10.52966,-3.766491,-0.1023134
15.866667494177818,1.1366628,-2.9742231,0.35068595,-1.29065,1.2460728,-0.3053571,0.58583486,0.2528306,1.2827512,0.09953652,0.40044937,-1.0880243,-3.2936006403642772,13.0217124973487,6.472251871525438,0.9848204036216952,-0.3410702495280981,-0.009038298672557189,-3.2936006403642772,13.0217124973487,6.472251871525438,0.9848204036216952,-0.3410702495280981,-0.009038298672557189,-48.97584,172.66791,72.03616,10.458793,-3.7620049,-0.103669286
15.88333416171372,1.1460472,-2.970193,0.37169826,-1.2889638,1.2526075,-0.32323098,0.56277347,0.25098634,1.2641017,0.10155525,0.39214632,-1.0725719,-2.887041647320397,11.131651405115832,5.255981061443593,0.7969340811116997,-0.29482478351886987,-0.006985061565688514,-2.887041647320397,11.131651405115832,5.255981061443593,0.7969340811116997,-0.29482478351886987,-0.006985061565688514,-42.93031,147.6057,58.49907,8.46344,-3.2519174,-0.080118656
15.90000082924962,1.154969,-2.9661183,0.39276943,-1.2871561,1.2590811,-0.34117863,0.53493696,0.25533625,1.2682052,0.10887045,0.3884928,-1.076879,-3.352126356893205,12.816090533456471,6.300432148648079,0.9782506472197855,-0.334713314191277,-0.009475984881001133,-3.352126356893205,12.816090533456471,6.300432148648079,0.9782506472197855,-0.334713314191277,-0.009475984881001133,-49.84612,169.94136,70.12381,10.389022,-3.6918879,-0.10868955
15.916667496785522,1.1634132,-2.9619682,0.41389847,-1.285228,1.2654938,-0.35918903,0.5061813,0.2595361,1.2714744,0.11613994,0.3846491,-1.080527,-3.4127713211767614,12.669030789336468,6.185912400457308,0.9691258159285436,-0.33323326007085613,-0.009575473191744364,-3.4127713211767614,12.669030789336468,6.185912400457308,0.9691258159285436,-0.33323326007085613,-0.009575473191744364,-50.74791,167.99135,68.849205,10.292116,-3.6755629,-0.10983068
15.933334164321423,1.1714749,-2.9578178,0.43471673,-1.2832694,1.2717689,-0.3769313,0.48341984,0.25744003,1.2523087,0.11786346,0.37647015,-1.0646703,-2.769380940153203,10.810503377094529,4.977174332199713,0.782400425769066,-0.2763918931118921,-0.00776433383472712,-2.769380940153203,10.810503377094529,4.977174332199713,0.782400425769066,-0.2763918931118921,-0.00776433383472712,-41.180695,143.34727,55.39595,8.3090925,-3.0486026,-0.08905691
15.950000831857324,1.1790423,-2.9536257,0.45557112,-1.2811905,1.2779793,-0.39472964,0.45361793,0.2615367,1.2550071,0.12512262,0.37255895,-1.0679053,-3.4321008308990417,12.44490035159196,5.989422930968525,0.9577527558062711,-0.3251437155203936,-0.009959203425759114,-3.4321008308990417,12.44490035159196,5.989422930968525,0.9577527558062711,-0.3251437155203936,-0.009959203425759114,-51.03534,165.01938,66.66228,10.171334,-3.5863352,-0.11423206
15.966667499393225,1.1861001,-2.9493608,0.47645995,-1.2789916,1.284121,-0.4125724,0.42297977,0.2654907,1.2568746,0.13232681,0.3684801,-1.0704691,-3.466458759936376,12.288459789339413,5.862909335867307,0.9462469715183065,-0.3225207220719062,-0.010036523173763736,-3.466458759936376,12.288459789339413,5.862909335867307,0.9462469715183065,-0.3225207220719062,-0.010036523173763736,-51.54624,162.94498,65.25418,10.049143,-3.5574036,-0.11511892
15.983334166929126,1.1927841,-2.9451008,0.4970299,-1.2767682,1.2901292,-0.43014082,0.40065956,0.2631661,1.2372488,0.13375239,0.36045805,-1.054232,-2.6050644587893252,10.466315268031792,4.664304721280463,0.7608591499975172,-0.255314177636763,-0.00846111057318078,-2.6050644587893252,10.466315268031792,4.664304721280463,0.7608591499975172,-0.255314177636763,-0.00846111057318078,-38.73731,138.78334,51.91371,8.080324,-2.8161154,-0.09704894
16.000000834465027,1.1989431,-2.940802,0.5176132,-1.274425,1.2960687,-0.4477466,0.36905986,0.26703385,1.2385477,0.14094274,0.35634196,-1.0563607,-3.4487641571188585,12.04964478091417,5.645079154317055,0.9302082708326438,-0.31273176966206334,-0.010361189206164093,-3.4487641571188585,12.04964478091417,5.645079154317055,0.9302082708326438,-0.31273176966206334,-0.010361189206164093,-51.283123,159.77829,62.82973,9.878812,-3.4494314,-0.11884284
16.016667502000928,1.2045635,-2.9364347,0.5382079,-1.2719628,1.3019376,-0.4653784,0.33671612,0.27076828,1.239021,0.14806983,0.35208172,-1.0578057,-3.4574309851230196,11.886441330025098,5.508643918924254,0.9164629682982709,-0.308918109938759,-0.01041625464804399,-3.4574309851230196,11.886441330025098,5.508643918924254,0.9164629682982709,-0.308918109938759,-0.01041625464804399,-51.412,157.61421,61.311207,9.732837,-3.4073668,-0.11947444
16.03333416953683,1.2098187,-2.9320772,0.5584767,-1.2694805,1.3076749,-0.48272997,0.31497604,0.26824388,1.2189928,0.14919746,0.34424144,-1.0412158,-2.400310134118086,10.10592591528799,4.3234726596499815,0.7327259821631366,-0.23183801016370925,-0.009062286034395305,-2.400310134118086,10.10592591528799,4.3234726596499815,0.7327259821631366,-0.23183801016370925,-0.009062286034395305,-35.69261,134.00458,48.12025,7.78155,-2.5571733,-0.10394442
16.05000083707273,1.214523,-2.9276805,0.57873595,-1.2668805,1.3133403,-0.5001002,0.28176534,0.27191317,1.2189032,0.15630549,0.33996943,-1.0422056,-3.4057491484631126,11.637570020120428,5.273479314291681,0.8960921436604359,-0.29749718992037877,-0.010680708037112832,-3.4057491484631126,11.637570020120428,5.273479314291681,0.8960921436604359,-0.29749718992037877,-0.010680708037112832,-50.64349,154.31418,58.693825,9.516499,-3.281394,-0.12250772
16.06666750460863,1.2186633,-2.9232187,0.59898335,-1.2641628,1.3189338,-0.5174771,0.24790496,0.27545464,1.2180003,0.16334432,0.3355764,-1.042506,-3.39079384204118,11.46985452459229,5.129156601075534,0.8802851265657645,-0.2925034122691842,-0.010713866043839126,-3.39079384204118,11.46985452459229,5.129156601075534,0.8802851265657645,-0.2925034122691842,-0.010713866043839126,-50.421104,152.09027,57.087513,9.348628,-3.2263126,-0.12288804
16.083334172144532,1.2224507,-2.9187715,0.6188993,-1.2614311,1.3244003,-0.53456837,0.22688004,0.27275103,1.19763,0.16417783,0.32794467,-1.0255915,-2.16286151939859,9.73496012738028,3.960474567807481,0.698497739888854,-0.20625165453415403,-0.009560764303598179,-2.16286151939859,9.73496012738028,3.960474567807481,0.698497739888854,-0.20625165453415403,-0.009560764303598179,-32.16175,129.08557,44.080082,7.418046,-2.2749557,-0.10966197
16.100000839680433,1.2256632,-2.914289,0.63878304,-1.2585827,1.3297943,-0.5516582,0.19224909,0.2762479,1.1961702,0.17119865,0.32356048,-1.0254188,-3.3100443713682646,11.214913070471578,4.88044759333937,0.8559687662932833,-0.2795962128764591,-0.010919470888901089,-3.3100443713682646,11.214913070471578,4.88044759333937,0.8559687662932833,-0.2795962128764591,-0.010919470888901089,-49.22036,148.70975,54.31938,9.090388,-3.0839462,-0.12524633
16.116667507216334,1.22829,-2.9097428,0.6586329,-1.2556188,1.3351125,-0.5687359,0.15706746,0.2796323,1.1939129,0.17814185,0.3190752,-1.0245541,-3.274083859021021,11.046156156836233,4.7309532748185505,0.8384326532511164,-0.27346537530368176,-0.010933362616594708,-3.274083859021021,11.046156156836233,4.7309532748185505,0.8384326532511164,-0.27346537530368176,-0.010933362616594708,-48.685627,146.47203,52.65551,8.904155,-3.016323,-0.12540567
16.133334174752235,1.2305776,-2.9052153,0.6781457,-1.2526442,1.340308,-0.5855233,0.13688958,0.2767767,1.1732615,0.17868769,0.31167367,-1.0073494,-1.90137030698344,9.360179642206942,3.5818245640126625,0.6589324236365137,-0.1789103825310632,-0.009954820119929292,-1.90137030698344,9.360179642206942,3.5818245640126625,0.6589324236365137,-0.1789103825310632,-0.009954820119929292,-28.273376,124.11598,39.865707,6.9978623,-1.9733815,-0.11418179
16.150000842288136,1.2322706,-2.9006512,0.69760495,-1.249555,1.3454274,-0.6022908,0.10103939,0.28013366,1.1704609,0.1856099,0.30722427,-1.005997,-3.169619387720925,10.788786645029106,4.472390489329761,0.8106216423480076,-0.2592222537112474,-0.011083108243884058,-3.169619387720925,10.788786645029106,4.472390489329761,0.8106216423480076,-0.2592222537112474,-0.011083108243884058,-47.13224,143.05931,49.777706,8.608802,-2.8592215,-0.12712325
16.166667509824038,1.2333585,-2.8960288,0.71700764,-1.2463511,1.3504742,-0.6190252,0.064740285,0.2833851,1.1668761,0.192451,0.30269924,-1.0039475,-3.1157888016126747,10.62024491944464,4.319254900031762,0.7915483356195655,-0.25200251547293784,-0.011079983806859543,-3.1157888016126747,10.62024491944464,4.319254900031762,0.7915483356195655,-0.25200251547293784,-0.011079983806859543,-46.33178,140.82445,48.073307,8.406243,-2.7795877,-0.12708741
16.18333417735994,1.2341237,-2.891428,0.7360698,-1.2431419,1.355399,-0.635465,0.045536753,0.2804017,1.1460077,0.19271079,0.29554456,-0.98648936,-1.6249802261691169,8.986918131510416,3.1932748552923895,0.6147900992643137,-0.15020802792698712,-0.01024672568312082,-1.6249802261691169,8.986918131510416,3.1932748552923895,0.6147900992643137,-0.15020802792698712,-0.01024672568312082,-24.163456,119.166534,35.54115,6.529071,-1.6567945,-0.11752994
16.20000084489584,1.234277,-2.8867912,0.7550564,-1.2398199,1.3602512,-0.6518644,0.008676247,0.28364995,1.1418954,0.1995307,0.2910765,-0.98394406,-2.993496841605109,10.364502551508885,4.054661602558365,0.7608035638956476,-0.23662994260260548,-0.011180225620086855,-2.993496841605109,10.364502551508885,4.054661602558365,0.7608035638956476,-0.23662994260260548,-0.011180225620086855,-44.513298,137.4333,45.128384,8.079734,-2.6100283,-0.12823719
16.21666751243174,1.2338104,-2.882097,0.7739652,-1.2363861,1.3650272,-0.66821146,-0.028526675,0.28680333,1.1370221,0.20626436,0.28654566,-0.98070556,-2.9251937507059886,10.19886874145692,3.9002270282974996,0.7405568875386441,-0.22842229115130788,-0.011164313726250565,-2.9251937507059886,10.19886874145692,3.9002270282974996,0.7405568875386441,-0.22842229115130788,-0.011164313726250565,-43.49763,135.237,43.409527,7.864714,-2.5194979,-0.12805468
16.233334179967642,1.2330394,-2.8774295,0.7925306,-1.2329509,1.3696886,-0.68426055,-0.04663492,0.28371024,1.1160002,0.20624816,0.27966082,-0.96303266,-1.3427128948937668,8.619290059867847,2.7997675824572346,0.5668352777226048,-0.12055264747045523,-0.010440857803291513,-1.3427128948937668,8.619290059867847,2.7997675824572346,0.5668352777226048,-0.12055264747045523,-0.010440857803291513,-19.96614,114.29179,31.161413,6.0197906,-1.3296957,-0.11975664
16.250000847503543,1.2316433,-2.8727262,0.81099975,-1.2294061,1.374276,-0.70024914,-0.08429092,0.28688216,1.1106162,0.21296245,0.27520815,-0.9592893,-2.7912393863680545,9.94719538393783,3.632458929317231,0.7073467958669429,-0.21215453541289647,-0.0112199326027136,-2.7912393863680545,9.94719538393783,3.632458929317231,0.7073467958669429,-0.21215453541289647,-0.0112199326027136,-41.50573,131.89981,40.429268,7.512023,-2.3400645,-0.12869263
16.266667515039444,1.2296156,-2.867967,0.82936984,-1.2257503,1.3787887,-0.7161654,-0.12218143,0.28997102,1.1044947,0.21959066,0.27071494,-0.9548589,-2.712068897650077,9.786158773154694,3.4783910869588106,0.6862208892621114,-0.20306216297858648,-0.01119448500502702,-2.712068897650077,9.786158773154694,3.4783910869588106,0.6862208892621114,-0.20306216297858648,-0.01119448500502702,-40.328465,129.76447,38.714493,7.287666,-2.2397757,-0.12840074
16.283334182575345,1.2273039,-2.863237,0.847395,-1.222097,1.3831908,-0.73178095,-0.13907923,0.28679278,1.083385,0.21930495,0.26410937,-0.9370122,-1.063017341700992,8.261803444334465,2.4062299771236066,0.5159204738063776,-0.09040063008976762,-0.010544072053904313,-1.063017341700992,8.261803444334465,2.4062299771236066,0.5159204738063776,-0.09040063008976762,-0.010544072053904313,-15.807068,109.55151,26.78134,5.4790754,-0.99711895,-0.12094051
16.300000850111246,1.2243574,-2.858473,0.8653035,-1.2183347,1.3875203,-0.7473163,-0.1773105,0.28991848,1.076773,0.22591312,0.25971344,-0.93207335,-2.5721074753987687,9.540431855490844,3.209890209653842,0.6509945666498159,-0.18614218219885045,-0.01121121276017366,-2.5721074753987687,9.540431855490844,3.209890209653842,0.6509945666498159,-0.18614218219885045,-0.01121121276017366,-38.24724,126.50613,35.726078,6.9135623,-2.0531483,-0.12859261
16.316667517647147,1.2207713,-2.8536525,0.88309336,-1.2144647,1.3917766,-0.7627592,-0.21566635,0.29297787,1.0694512,0.23242831,0.25529346,-0.9264545,-2.485565154762499,9.385776088248551,3.0578390500187766,0.6292930879610856,-0.17630450853086665,-0.011178661452861276,-2.485565154762499,9.385776088248551,3.0578390500187766,0.6292930879610856,-0.17630450853086665,-0.011178661452861276,-36.960354,124.45539,34.03375,6.6830926,-1.9446387,-0.12821925
16.33333418518305,1.2169232,-2.8488643,0.90053725,-1.2106012,1.3959267,-0.77789915,-0.2312461,0.28973287,1.048318,0.23187964,0.24897823,-0.90848064,-0.7932843822076486,7.916472652199402,2.0159369209063343,0.46269606286747533,-0.0601867924791407,-0.010563668315059326,-0.7932843822076486,7.916472652199402,2.0159369209063343,0.46269606286747533,-0.0601867924791407,-0.010563668315059326,-11.796139,104.97243,22.437378,4.913832,-0.6638603,-0.121165276
16.35000085271895,1.2124345,-2.8440385,0.91784555,-1.2066317,1.4000045,-0.7929386,-0.26982826,0.29284558,1.040531,0.23838152,0.24467278,-0.90235424,-2.344784611571773,9.147366139683788,2.7906172787511228,0.5924792388513713,-0.1589974812345946,-0.01116180378349324,-2.344784611571773,9.147366139683788,2.7906172787511228,0.5924792388513713,-0.1589974812345946,-0.01116180378349324,-34.866947,121.294075,31.05957,6.2921295,-1.7537422,-0.12802589
16.36666752025485,1.2073023,-2.8391588,0.9350156,-1.2025548,1.4040108,-0.8078667,-0.3084243,0.29589733,1.0320623,0.24479018,0.24036227,-0.8955596,-2.253971471831393,8.998782818134014,2.6410120838093305,0.5703326672483973,-0.1485496462202029,-0.011123162097481924,-2.253971471831393,8.998782818134014,2.6410120838093305,0.5703326672483973,-0.1485496462202029,-0.011123162097481924,-33.516556,119.32386,29.394464,6.056933,-1.6385026,-0.12758267
16.38333418779075,1.2019317,-2.8343148,0.9518409,-1.198489,1.4079168,-0.8224908,-0.3225864,0.29260293,1.0109707,0.24398726,0.23434861,-0.8775059,-0.5395772558134037,7.584855783039628,1.6316131975665782,0.4077823373108485,-0.03034435178837988,-0.010507285542974497,-0.5395772558134037,7.584855783039628,1.6316131975665782,0.4077823373108485,-0.03034435178837988,-0.010507285542974497,-8.023514,100.57519,18.159855,4.3306484,-0.3346982,-0.120518565
16.400000855326653,1.1959184,-2.829431,0.9685116,-1.1943175,1.4117541,-0.8369944,-0.36129278,0.29573315,1.0020605,0.25038442,0.2301663,-0.8702055,-2.116839903348552,8.76922664958787,2.3769392371713205,0.5323449097110727,-0.1311321206667806,-0.011077338753311967,-2.116839903348552,8.76922664958787,2.3769392371713205,0.5323449097110727,-0.1311321206667806,-0.011077338753311967,-31.47741,116.279945,26.455334,5.653503,-1.4463873,-0.12705708
16.416667522862554,1.1892607,-2.8244917,0.9850261,-1.1900421,1.4155217,-0.8513674,-0.3999024,0.29881167,0.9925033,0.25668535,0.2259903,-0.86225474,-2.024649675852834,8.627740506133343,2.230864093845638,0.5099973211629691,-0.12024782618283146,-0.011034758068107997,-2.024649675852834,8.627740506133343,2.230864093845638,0.5099973211629691,-0.12024782618283146,-0.011034758068107997,-30.10654,114.40384,24.829517,5.4161716,-1.3263335,-0.12656868
16.433334190398455,1.1823905,-2.8195896,1.0011973,-1.1857817,1.4191912,-0.86543596,-0.41255352,0.29548016,0.9715182,0.25563774,0.22028005,-0.84416986,-0.3063835549370587,7.267215780542987,1.2550078954979416,0.3516544954475935,-0.001292777731541818,-0.01038109726145045,-0.3063835549370587,7.267215780542987,1.2550078954979416,0.3516544954475935,-0.001292777731541818,-0.01038109726145045,-4.5559235,96.36328,13.968238,3.7345707,-0.014259338,-0.119071186
16.450000857934356,1.1748791,-2.8146489,1.017196,-1.1814185,1.4227959,-0.8793653,-0.45115674,0.2986507,0.9615477,0.26193407,0.21625192,-0.83571863,-1.894581069381909,8.406312001776373,1.9705411665951573,0.4710524320153418,-0.1029719683871092,-0.01096149684037971,-1.894581069381909,8.406312001776373,1.9705411665951573,0.4710524320153418,-0.1029719683871092,-0.01096149684037971,-28.17242,111.4677,21.932123,5.002577,-1.1357808,-0.12572837
16.466667525470257,1.1667265,-2.8096535,1.0330212,-1.1769513,1.4263339,-0.8931446,-0.48955226,0.30178592,0.9509639,0.2681365,0.21224038,-0.8266349,-1.8033151427771152,8.272615205468455,1.8287703247618696,0.44870843546089706,-0.0918157513532872,-0.010915174625599601,-1.8033151427771152,8.272615205468455,1.8287703247618696,0.44870843546089706,-0.0918157513532872,-0.010915174625599601,-26.815296,109.69488,20.354214,4.7652836,-1.0127277,-0.12519705
16.483334193006158,1.158388,-2.8046958,1.0485066,-1.1725037,1.429782,-0.90662,-0.50061005,0.29843858,0.93015206,0.26685277,0.20683831,-0.80857,-0.09696975841406776,6.964369093490761,0.8879366803576254,0.29480917530095735,0.026567762587574106,-0.010193423177225235,-0.09696975841406776,6.964369093490761,0.8879366803576254,0.29480917530095735,0.026567762587574106,-0.010193423177225235,-1.4419403,92.347534,9.882735,3.1308734,0.29304242,-0.116918564
16.50000086054206,1.1494143,-2.7996955,1.0638032,-1.1679535,1.4331653,-0.91993713,-0.5388823,0.30168316,0.9191851,0.2730532,0.20298016,-0.79899806,-1.6829713207006296,8.059504812479378,1.573136938871399,0.40907487132903997,-0.07496221651300343,-0.010817583062488718,-1.6829713207006296,8.059504812479378,1.573136938871399,0.40907487132903997,-0.07496221651300343,-0.010817583062488718,-25.025784,106.86903,17.509014,4.344375,-0.82683325,-0.12407768
16.51666752807796,1.1398064,-2.794639,1.0789106,-1.1633003,1.4364843,-0.9330862,-0.57683814,0.30489877,0.907642,0.2791579,0.19915523,-0.78881466,-1.5944249371834547,7.932566877224147,1.435491402515504,0.3867580841265605,-0.06368823842578657,-0.01076643843181048,-1.5944249371834547,7.932566877224147,1.435491402515504,0.3867580841265605,-0.06368823842578657,-0.01076643843181048,-23.709099,105.18584,15.977019,4.107371,-0.70248127,-0.12349105
16.53333419561386,1.1300406,-2.7896218,1.0936817,-1.1586725,1.4397188,-0.9459324,-0.58622843,0.30153888,0.88706166,0.27764556,0.19406201,-0.77082235,0.08718827946040161,6.673616089971897,0.5300221096151922,0.23736107371845713,0.052893637313911945,-0.00994773979486334,0.08718827946040161,6.673616089971897,0.5300221096151922,0.23736107371845713,0.052893637313911945,-0.00994773979486334,1.2964897,88.49215,5.899146,2.5207746,0.5834168,-0.114100575
16.550000863149762,1.1196485,-2.7845607,1.1082488,-1.1539432,1.4428923,-0.9586027,-0.62394446,0.30487975,0.8751675,0.28375712,0.19039983,-0.7601657,-1.4853605104919723,7.727146292523921,1.184989007228361,0.34662253888088884,-0.04748720962787258,-0.010645690957878397,-1.4853605104919723,7.727146292523921,1.184989007228361,0.34662253888088884,-0.04748720962787258,-0.010645690957878397,-22.08731,102.46196,13.188928,3.6811314,-0.5237839,-0.122106075
16.566667530685663,1.1086334,-2.779443,1.1226116,-1.1491138,1.4460049,-0.97108686,-0.661235,0.30820242,0.86273384,0.28977314,0.18677968,-0.7489218,-1.4007568359375,7.606906229194653,1.0517230895009002,0.3244368145470341,-0.03626095848740606,-0.010589162681865608,-1.4007568359375,7.606906229194653,1.0517230895009002,0.3244368145470341,-0.03626095848740606,-0.010589162681865608,-20.829254,100.86758,11.705678,3.445519,-0.39995837,-0.121457696
16.583334198221564,1.0974897,-2.7743657,1.1366427,-1.1443137,1.4490371,-0.983271,-0.6688952,0.304845,0.84244806,0.28804758,0.18199193,-0.73105603,0.24555773244420395,6.395139737366551,0.1824473863449165,0.17969375949794963,0.0773578855198076,-0.009651161217128284,0.24555773244420395,6.395139737366551,0.1824473863449165,0.17969375949794963,0.0773578855198076,-0.009651161217128284,3.6514435,84.79955,2.0306394,1.9083477,0.8532575,-0.11069882
16.600000865757465,1.0857321,-2.7692392,1.1504552,-1.1394119,1.4520122,-0.9952612,-0.7058316,0.30831015,0.82970023,0.29408038,0.17854287,-0.7193558,-1.3038550596872112,7.4087456520506345,0.806894499443719,0.2839933905448842,-0.020936415180334265,-0.010445529518692827,-1.3038550596872112,7.4087456520506345,0.806894499443719,0.2839933905448842,-0.020936415180334265,-0.010445529518692827,-19.388325,98.23997,8.980736,3.0160098,-0.23092866,-0.11981022
16.616667533293366,1.0733664,-2.7640548,1.1640506,-1.1344106,1.4549313,-1.0070486,-0.74223727,0.31176096,0.8164533,0.3000157,0.17514353,-0.7070973,-1.224086071391513,7.294164919385723,0.6777806209211186,0.2619446783191516,-0.009914732800757789,-0.010382630249262895,-1.224086071391513,7.294164919385723,0.6777806209211186,0.2619446783191516,-0.009914732800757789,-0.010382630249262895,-18.20216,96.72063,7.5436983,2.7818525,-0.1093595,-0.11908877
16.633334200829268,1.0609021,-2.7589116,1.177319,-1.1294426,1.4577765,-1.0185385,-0.74811286,0.30840984,0.7965213,0.29808396,0.17065364,-0.6894129,0.37905494879778395,6.12629909141391,-0.15531673371416965,0.12185849712393379,0.09971303715018501,-0.009309258165833424,0.37905494879778395,6.12629909141391,-0.15531673371416965,0.12185849712393379,0.09971303715018501,-0.009309258165833424,5.636547,81.234726,-1.7286752,1.2941372,1.0998348,-0.10677719
16.65000086836517,1.0478405,-2.7537167,1.1903567,-1.1243763,1.4605682,-1.0298185,-0.7840523,0.31201756,0.782996,0.30404386,0.16742437,-0.6767197,-1.1393926090735595,7.102092898269585,0.43867373402227927,0.22128263660294414,0.004336753976636872,-0.010216901275315488,-1.1393926090735595,7.102092898269585,0.43867373402227927,0.22128263660294414,0.004336753976636872,-0.010216901275315488,-16.942768,94.17375,4.8824387,2.3500216,0.047834396,-0.11718786
16.66666753590107,1.0341889,-2.7484593,1.2031648,-1.1192107,1.4633067,-1.0408791,-0.81935686,0.31562042,0.7690124,0.30991057,0.16425191,-0.6634989,-1.0647841083498393,6.9930155712375095,0.31390016612338245,0.19945905257977561,0.015020446137525987,-0.01014587457219517,-1.0647841083498393,6.9930155712375095,0.31390016612338245,0.19945905257977561,0.015020446137525987,-0.01014587457219517,-15.83334,92.72739,3.4937088,2.1182551,0.16567552,-0.11637318
16.68333420343697,1.0204691,-2.7432494,1.2156541,-1.1140807,1.4659727,-1.051648,-0.8234054,0.31227773,0.7494932,0.30778673,0.16005178,-0.64605117,0.48917579266074207,5.8655498613958805,-0.4831738656207664,0.06402066984194596,0.11975195660768373,-0.008925917674482855,0.48917579266074207,5.8655498613958805,-0.4831738656207664,0.06402066984194596,0.11975195660768373,-0.008925917674482855,7.274044,77.77719,-5.377725,0.6798995,1.3208641,-0.102380276
16.700000870972872,1.0061723,-2.7379837,1.2279015,-1.1088538,1.4685892,-1.0621891,-0.8581328,0.3160558,0.73526514,0.313681,0.15705974,-0.63241786,-0.9917027692147046,6.806388843473086,0.08080135779882056,0.1587033945288362,0.02806566027436382,-0.009958122539437118,-0.9917027692147046,6.806388843473086,0.08080135779882056,0.1587033945288362,0.02806566027436382,-0.009958122539437118,-14.74662,90.252716,0.8993191,1.68543,0.30956423,-0.114219666
16.716667538508773,0.99130744,-2.7326515,1.2399064,-1.1035279,1.4711587,-1.0724962,-0.89212805,0.3198344,0.7206218,0.31948623,0.15412755,-0.61829257,-0.9224556241166937,6.701905263495122,-0.03979359514951063,0.13710935012544392,0.038276141271305866,-0.009877866730028998,-0.9224556241166937,6.701905263495122,-0.03979359514951063,0.13710935012544392,0.038276141271305866,-0.009877866730028998,-13.716915,88.86726,-0.4429027,1.4561013,0.42218584,-0.11329913
16.733334206044674,0.9764059,-2.727367,1.2515993,-1.0982412,1.4736608,-1.0825136,-0.8943171,0.31651017,0.7015696,0.31717682,0.15020941,-0.60113883,0.5780923582999276,5.6119173720231785,-0.8008703281508837,0.006343528151287647,0.137339336485184,-0.008508175897307258,0.5780923582999276,5.6119173720231785,-0.8008703281508837,0.006343528151287647,0.137339336485184,-0.008508175897307258,8.596233,74.414024,-8.913687,0.06736827,1.5148529,-0.09758878
16.750000873580575,0.96095055,-2.7220232,1.263041,-1.092858,1.4761171,-1.0922917,-0.92762935,0.32047224,0.6867241,0.32301697,0.14745358,-0.5866347,-0.8600913524307016,6.519436152991846,-0.26672203478680356,0.0963655344285983,0.0499755171138594,-0.009669380387536525,-0.8600913524307016,6.519436152991846,-0.26672203478680356,0.0963655344285983,0.0499755171138594,-0.009669380387536525,-12.789558,86.44772,-2.9686162,1.023402,0.55122995,-0.11090779
16.766667541116476,0.9449521,-2.71661,1.2742313,-1.0873791,1.4785309,-1.1018219,-0.9601118,0.3244407,0.6715049,0.3287684,0.14476049,-0.5716688,-0.7957948480745892,6.418773023970706,-0.3833080987510441,0.0750019164184168,0.05962335296036002,-0.009577941561950843,-0.7957948480745892,6.418773023970706,-0.3833080987510441,0.0750019164184168,0.05962335296036002,-0.009577941561950843,-11.833469,85.11293,-4.266219,0.79652035,0.6576456,-0.10985899
16.783334208652377,0.9289487,-2.7112408,1.2851185,-1.0819411,1.480884,-1.1110687,-0.96041906,0.32113677,0.6529717,0.3262882,0.1411117,-0.55486274,0.648438249086484,5.36335388459771,-1.1086231721807789,-0.05107421547230579,0.15239378374917661,-0.008060179696253516,0.648438249086484,5.36335388459771,-1.1086231721807789,-0.05107421547230579,0.15239378374917661,-0.008060179696253516,9.642277,71.11807,-12.338976,-0.54240817,1.6809034,-0.09245026
16.800000876188278,0.91241807,-2.7058094,1.295745,-1.0764053,1.483195,-1.1200627,-0.99211705,0.32529068,0.63758785,0.33208525,0.13858652,-0.5395474,-0.74285444350714,6.239091001484729,-0.6041729867940321,0.03433645108325333,0.0698923308094955,-0.009347691989090511,-0.74285444350714,6.239091001484729,-0.6041729867940321,0.03433645108325333,0.0698923308094955,-0.009347691989090511,-11.046246,82.73035,-6.7244453,0.3646531,0.7709124,-0.10721803
16.81666754372418,0.8953727,-2.7003076,1.3061119,-1.070774,1.4854641,-1.1287954,-1.022894,0.32945678,0.62187475,0.33779174,0.13612582,-0.5238094,-0.6832271593885287,6.141721285306491,-0.716695374234346,0.013239548424093962,0.0788854126052649,-0.00924390611590358,-0.6832271593885287,6.141721285306491,-0.716695374234346,0.013239548424093962,0.0788854126052649,-0.00924390611590358,-10.159588,81.439224,-7.9768195,0.140604,0.8701061,-0.1060276
16.83333421126008,0.8783543,-2.6948504,1.3161857,-1.0651878,1.487676,-1.1372526,-1.0213112,0.32617208,0.6039104,0.33514172,0.13273534,-0.50740623,0.702790117295861,5.118317409877863,-1.4064523194785172,-0.10813677827292693,0.1648853609806175,-0.00758612789895707,0.702790117295861,5.118317409877863,-1.4064523194785172,-0.10813677827292693,0.1648853609806175,-0.00758612789895707,10.450489,67.86889,-15.653814,-1.1484126,1.8186855,-0.08701289
16.85000087879598,0.86083865,-2.6893299,1.3259908,-1.0595068,1.4898498,-1.1454427,-1.0512046,0.33053762,0.58807087,0.3409031,0.13044524,-0.49135038,-0.6382732481145186,5.965275138751414,-0.930573548268115,-0.02711488814452723,0.08769794582564076,-0.008992974198997384,-0.6382732481145186,5.965275138751414,-0.930573548268115,-0.02711488814452723,0.08769794582564076,-0.008992974198997384,-9.491123,79.09955,-10.357284,-0.2879601,0.96730834,-0.103149414
16.866667546331882,0.8428395,-2.6837327,1.3355293,-1.0537304,1.4919863,-1.1533602,-1.080093,0.3349236,0.571948,0.34658113,0.12821832,-0.4749161,-0.5828895902345064,5.870980770519596,-1.0387929623339054,-0.047854823805742575,0.09596415897552685,-0.008876529484077859,-0.5828895902345064,5.870980770519596,-1.0387929623339054,-0.047854823805742575,0.09596415897552685,-0.008876529484077859,-8.667568,77.849205,-11.561766,-0.5082182,1.0584847,-0.10181379
16.883334213867784,0.8248994,-2.678181,1.3447839,-1.0479995,1.4940708,-1.1610098,-1.0766206,0.33165705,0.5545981,0.34377715,0.12507145,-0.4589717,0.7439180436996943,4.875921879418835,-1.6939637903040417,-0.16462587367343365,0.17484546464243914,-0.007091632799782125,0.7439180436996943,4.875921879418835,-1.6939637903040417,-0.16462587367343365,0.17484546464243914,-0.007091632799782125,11.062061,64.654724,-18.853817,-1.7483268,1.9285455,-0.08134103
16.900000881403685,0.8064945,-2.6725585,1.3537647,-1.0421736,1.4961212,-1.1683823,-1.1045307,0.33624497,0.53839004,0.34951243,0.12300533,-0.44225487,-0.544454142321014,5.696522524274132,-1.245611333033038,-0.08781130816752404,0.10329181242291753,-0.008604541070168186,-0.544454142321014,5.696522524274132,-1.245611333033038,-0.08781130816752404,0.10329181242291753,-0.008604541070168186,-8.096033,75.53589,-13.863654,-0.9325561,1.1393087,-0.098694086
16.916667548939586,0.7876404,-2.6668584,1.3624735,-1.0362524,1.4981385,-1.1754713,-1.1313574,0.34085023,0.52194124,0.3551649,0.12099916,-0.4252002,-0.4926732825848106,5.603775323606005,-1.3500664326272778,-0.10826817789095719,0.11078827184433303,-0.008474086405613574,-0.4926732825848106,5.603775323606005,-1.3500664326272778,-0.10826817789095719,0.11078827184433303,-0.008474086405613574,-7.3260517,74.30606,-15.026239,-1.149808,1.2219946,-0.09719777
16.933334216475487,0.768877,-2.6612082,1.3709105,-1.0303819,1.5001065,-1.1823015,-1.1260071,0.33759776,0.5052491,0.3522094,0.11807464,-0.4097661,0.7743237719250431,4.635121559845016,-1.9709409729168421,-0.22039251812433794,0.18233647696667116,-0.0065797084086650125,0.7743237719250431,4.635121559845016,-1.9709409729168421,-0.22039251812433794,0.18233647696667116,-0.0065797084086650125,11.5141945,61.46171,-21.936573,-2.3405685,2.0111713,-0.075469255
16.950000884011388,0.7496847,-2.6554818,1.3790683,-1.024415,1.5020437,-1.1888437,-1.1517693,0.34242237,0.4887523,0.35793096,0.11622095,-0.39246783,-0.4595314646697157,5.43214961953832,-1.5487955372716966,-0.147546684674624,0.1166391026833224,-0.008181405254520326,-0.4595314646697157,5.43214961953832,-1.5487955372716966,-0.147546684674624,0.1166391026833224,-0.008181405254520326,-6.833233,72.030304,-17.238094,-1.5669458,1.2865293,-0.09384072
16.96666755154729,0.7300802,-2.6496718,1.3869498,-1.0183545,1.5039505,-1.195094,-1.1763748,0.3472638,0.47206065,0.36356914,0.11442392,-0.37487793,-0.41076157344774505,5.340908159857242,-1.6491417829131394,-0.16762177598453962,0.12334137749693552,-0.008036660025612416,-0.41076157344774505,5.340908159857242,-1.6491417829131394,-0.16762177598453962,0.12334137749693552,-0.008036660025612416,-6.1080246,70.82044,-18.354948,-1.7801433,1.3604554,-0.09218049
16.98333421908319,0.7105977,-2.6439083,1.3945708,-1.012346,1.5058116,-1.2010945,-1.1691686,0.34402204,0.45606577,0.3604736,0.11170825,-0.36000514,0.7963320354366752,4.3955272139467265,-2.236830170692245,-0.27517845850655365,0.18748370280399826,-0.0060532284281829595,0.7963320354366752,4.3955272139467265,-2.236830170692245,-0.27517845850655365,0.18748370280399826,-0.0060532284281829595,11.841457,58.28469,-24.89592,-2.9223952,2.0679452,-0.06943053
17.00000088661909,0.69072413,-2.6380653,1.4019095,-1.0062418,1.5076458,-1.2067996,-1.1926275,0.3490755,0.4393656,0.3661888,0.1100536,-0.3422108,-0.3814057207139611,5.170075889806043,-1.840205676686303,-0.20620661266779497,0.12776502564292763,-0.007722880804964845,-0.3814057207139611,5.170075889806043,-1.840205676686303,-0.20620661266779497,0.12776502564292763,-0.007722880804964845,-5.671503,68.55521,-20.48149,-2.1899142,1.4092482,-0.08858144
17.016667554154992,0.670478,-2.6321363,1.4089687,-1.0000422,1.5094535,-1.2122043,-1.2148627,0.35414654,0.42251402,0.37182215,0.108448155,-0.32416874,-0.3351185894204854,5.080045006753453,-1.9363300498283775,-0.2258351069161223,0.1336548940117318,-0.007562847270483334,-0.3351185894204854,5.080045006753453,-1.9363300498283775,-0.2258351069161223,0.1336548940117318,-0.007562847270483334,-4.9832134,67.3614,-21.551353,-2.3983688,1.4742135,-0.08674586
17.033334221690893,0.6503842,-2.626255,1.4157792,-0.9938991,1.5112193,-1.21737,-1.2058388,0.35090736,0.40725264,0.36858907,0.105920665,-0.30990818,0.8117035722764612,4.156375614586279,-2.4913686733468627,-0.32880719323167246,0.19040568136455574,-0.005516121464390908,0.8117035722764612,4.156375614586279,-2.4913686733468627,-0.32880719323167246,0.19040568136455574,-0.005516121464390908,12.070032,55.11354,-27.728933,-3.4919324,2.1001747,-0.06326991
17.050000889226794,0.62994015,-2.6202931,1.4223055,-0.98766017,1.5129589,-1.2222337,-1.2268531,0.35619685,0.39043307,0.37430707,0.10444241,-0.29170367,-0.30858220072825165,4.911101098154106,-2.1185923779428486,-0.2634320106434508,0.13669444989423157,-0.0072281050910716895,-0.30858220072825165,4.911101098154106,-2.1185923779428486,-0.2634320106434508,0.13669444989423157,-0.0072281050910716895,-4.5886173,65.1212,-23.579933,-2.797648,1.5077398,-0.082906365
17.066667556762695,0.60916466,-2.6142395,1.4285516,-0.981327,1.514675,-1.2267908,-1.2465829,0.36150944,0.37350607,0.37994444,0.10301114,-0.273299,-0.2643196552330484,4.822489363036005,-2.2100901025324817,-0.28249941303231624,0.1417818225089356,-0.007052856002980558,-0.2643196552330484,4.822489363036005,-2.2100901025324817,-0.28249941303231624,0.1417818225089356,-0.007052856002980558,-3.9304333,63.94621,-24.598303,-3.0001438,1.5638535,-0.08089626
17.083334224298596,0.588572,-2.6082332,1.4345621,-0.9750507,1.516353,-1.2311205,-1.235783,0.35826838,0.35900992,0.3765864,0.1006555,-0.2596944,0.8223144336282285,3.917828152801836,-2.7338639745172464,-0.38097968882760086,0.19128450132561942,-0.004968616166318512,0.8223144336282285,3.917828152801836,-2.7338639745172464,-0.38097968882760086,0.19128450132561942,-0.004968616166318512,12.227816,51.9504,-30.427906,-4.0460043,2.109868,-0.056990027
17.100000891834497,0.5676717,-2.6021395,1.4402877,-0.96867853,1.5180081,-1.2351416,-1.2542266,0.36379492,0.34215033,0.3823123,0.09933353,-0.24117014,-0.2396332792732326,4.654479853887544,-2.3836742514227276,-0.3190270700472672,0.14350965470480898,-0.006697036540290014,-0.2396332792732326,4.654479853887544,-2.3836742514227276,-0.3190270700472672,0.14350965470480898,-0.006697036540290014,-3.5633469,61.718403,-26.530294,-3.3880675,1.5829115,-0.07681501
17.1166675593704,0.54648405,-2.595953,1.4457328,-0.96221185,1.5196425,-1.2388519,-1.2713329,0.36933652,0.3252257,0.38795957,0.09804863,-0.22249374,-0.19693740198254667,4.566071799437924,-2.470919256904376,-0.3375516323944494,0.14779845477231288,-0.0065060626348414,-0.19693740198254667,4.566071799437924,-2.470919256904376,-0.3375516323944494,0.14779845477231288,-0.0065060626348414,-2.9284592,60.546112,-27.501331,-3.5847983,1.630217,-0.07462454
17.1333342269063,0.5255076,-2.5898151,1.4509546,-0.95580417,1.5212405,-1.2423462,-1.2588159,0.366083,0.31152225,0.3844767,0.09584169,-0.20959131,0.8292597095358669,3.679346858466193,-2.9641582423893054,-0.43153152178460824,0.19027540495691794,-0.0044134147497707586,0.8292597095358669,3.679346858466193,-2.9641582423893054,-0.43153152178460824,0.19027540495691794,-0.0044134147497707586,12.331092,48.78814,-32.99108,-4.5828648,2.0987377,-0.050621867
17.1500008944422,0.5042681,-2.5835874,1.4558933,-0.9493001,1.5228192,-1.2455286,-1.2745755,0.3718447,0.29470465,0.39021736,0.09465165,-0.1908397,-0.17338177463554583,4.400061410296916,-2.634818084799054,-0.3727321570875955,0.1482996525595865,-0.006129311392799916,-0.17338177463554583,4.400061410296916,-2.634818084799054,-0.3727321570875955,0.1482996525595865,-0.006129311392799916,-2.578187,58.344814,-29.325525,-3.9584155,1.6357452,-0.0703032
17.1666675619781,0.48278666,-2.577261,1.4605527,-0.9427017,1.524378,-1.2483969,-1.288953,0.3776208,0.27786085,0.3958784,0.09348517,-0.17198278,-0.13195126346878022,4.3122278619136205,-2.717466260116591,-0.39060744413099274,0.1518056269461527,-0.005921952705749139,-0.13195126346878022,4.3122278619136205,-2.717466260116591,-0.39060744413099274,0.1518056269461527,-0.005921952705749139,-1.9621153,57.18014,-30.2454,-4.148251,1.6744161,-0.0679248
17.183334229514003,0.4615442,-2.570983,1.4650029,-0.9361642,1.5259001,-1.2510623,-1.2747833,0.37434652,0.2649737,0.392276,0.09140769,-0.15982345,0.8336664288334183,3.4411869077840724,-3.181749876832919,-0.48020168886346337,0.18757386090857056,-0.0038505613855829212,0.8336664288334183,3.4411869077840724,-3.181749876832919,-0.48020168886346337,0.18757386090857056,-0.0038505613855829212,12.39662,45.63014,-35.412876,-5.099742,2.0689397,-0.04416594
17.200000897049904,0.44008467,-2.5646093,1.4691712,-0.92952996,1.5274065,-1.253413,-1.2877622,0.3803337,0.24827173,0.39803433,0.09032574,-0.1409352,-0.10886407171068532,4.147081964875419,-2.8720571238611154,-0.42440015717414814,0.151180756275803,-0.005523864351985968,-0.10886407171068532,4.147081964875419,-2.8720571238611154,-0.42440015717414814,0.151180756275803,-0.005523864351985968,-1.6188087,54.990307,-31.965996,-4.5071297,1.6675237,-0.063358724
17.216667564585805,0.41843036,-2.558135,1.4730628,-0.9228003,1.5288938,-1.2554482,-1.2993233,0.3863265,0.23158576,0.4037132,0.08925455,-0.12199142,-0.06852929192897692,4.059330694276284,-2.950097329961429,-0.44157419725551,0.15392997323223817,-0.005300838009835121,-0.06852929192897692,4.059330694276284,-2.950097329961429,-0.44157419725551,0.15392997323223817,-0.005300838009835121,-1.0190306,53.826725,-32.834583,-4.689518,1.6978476,-0.060800612
17.233334232121706,0.3970413,-2.5517104,1.4767585,-0.9161344,1.5303475,-1.2572935,-1.2835758,0.38301793,0.21953538,0.3999917,0.08728899,-0.11061161,0.8361860017449406,3.203074712738912,-3.386549765423194,-0.526827562551265,0.1833645300981897,-0.003281153848925776,0.8361860017449406,3.203074712738912,-3.386549765423194,-0.526827562551265,0.1833645300981897,-0.003281153848925776,12.434086,42.47277,-37.6923,-5.5949087,2.0225108,-0.037634835
17.250000899657607,0.37548283,-2.5451887,1.4801757,-0.9093715,1.5317852,-1.2588233,-1.2936944,0.38922238,0.20302607,0.40577155,0.08628219,-0.09168225,-0.045621290893144234,3.8959313302018526,-3.0947353640656585,-0.47377161611495944,0.15225097037183083,-0.004882202422816335,-0.045621290893144234,3.8959313302018526,-3.0947353640656585,-0.47377161611495944,0.15225097037183083,-0.004882202422816335,-0.6783886,51.66005,-34.444405,-5.0314546,1.6793282,-0.05599886
17.266667567193508,0.35377756,-2.5385597,1.4833202,-0.9025124,1.5332077,-1.2600377,-1.3023652,0.3954305,0.1865707,0.41147074,0.08527594,-0.072743684,-0.006175794774602545,3.8086550268112807,-3.1679062616257436,-0.4901484581036757,0.15428215400370704,-0.004643349930215319,-0.006175794774602545,3.8086550268112807,-3.1679062616257436,-0.4901484581036757,0.15428215400370704,-0.004643349930215319,-0.09183407,50.502766,-35.258797,-5.2053766,1.7017322,-0.053259224
17.28333423472941,0.33236277,-2.5319853,1.4862831,-0.8957192,1.5345964,-1.2610756,-1.2851269,0.39207506,0.1753722,0.40763307,0.08339898,-0.062178463,0.8371871353077585,2.9652913411458335,-3.5783289577761748,-0.5712153098902011,0.1778161644611376,-0.0027060122233218695,0.8371871353077585,2.9652913411458335,-3.5783289577761748,-0.5712153098902011,0.1778161644611376,-0.0027060122233218695,12.448973,39.319763,-39.8268,-6.0663066,1.9613123,-0.03103796
17.30000090226531,0.31082726,-2.5253046,1.4889721,-0.8888287,1.5359695,-1.2617991,-1.2923189,0.39849052,0.15912622,0.41343415,0.082435146,-0.043300144,0.01690607385180024,3.6467726234217395,-3.302660356848923,-0.5206668444272489,0.15164099275687556,-0.004203959247186689,0.01690607385180024,3.6467726234217395,-3.302660356848923,-0.5206668444272489,0.15164099275687556,-0.004203959247186689,0.25139332,48.356205,-36.75861,-5.529482,1.6726002,-0.048219413
17.31666756980121,0.28919405,-2.5185142,1.4913936,-0.8818417,1.5373273,-1.2622087,-1.2980466,0.40489134,0.14297071,0.4191534,0.08146054,-0.024459423,0.055470110669421445,3.558830617959323,-3.371445209403779,-0.5362828572591146,0.152985831335903,-0.003950304328200083,0.055470110669421445,3.558830617959323,-3.371445209403779,-0.5362828572591146,0.152985831335903,-0.003950304328200083,0.82484055,47.190094,-37.524185,-5.695324,1.6874337,-0.04530999
17.333334237337112,0.26787445,-2.51178,1.4936479,-0.8749225,1.5386546,-1.2624562,-1.2794105,0.40147373,0.13263395,0.4152015,0.07965758,-0.014739445,0.837005764025526,2.7277565290125967,-3.757217352388147,-0.6132422642968245,0.1711156945388531,-0.0021248873982516805,0.837005764025526,2.7277565290125967,-3.757217352388147,-0.6132422642968245,0.1711156945388531,-0.0021248873982516805,12.446276,36.17005,-41.81783,-6.512633,1.8874061,-0.024372458
17.350000904873013,0.24648374,-2.5049398,1.4956331,-0.8679051,1.5399665,-1.2623914,-1.2836306,0.40807754,0.116716914,0.42102262,0.078701474,0.0039968574,0.07883711957899452,3.3984870392812323,-3.4963808291041945,-0.5650481710775199,0.1494656663965552,-0.003491226444061465,0.07883711957899452,3.3984870392812323,-3.4963808291041945,-0.5650481710775199,0.1494656663965552,-0.003491226444061465,1.172308,45.06394,-38.91472,-6.0008116,1.6486063,-0.040044367
17.366667572408915,0.22504498,-2.4979868,1.4973563,-0.8607921,1.5412631,-1.2620158,-1.2863744,0.41466522,0.10092814,0.42675856,0.077721395,0.022648016,0.1165389052636686,3.3112061329377003,-3.560042059967781,-0.5797372699457374,0.15015485388305333,-0.003223553131015382,0.1165389052636686,3.3112061329377003,-3.560042059967781,-0.5797372699457374,0.15015485388305333,-0.003223553131015382,1.7329335,43.906593,-39.62327,-6.15681,1.656208,-0.036974154
17.383334239944816,0.20394157,-2.49109,1.4989272,-0.8537479,1.5425293,-1.2614927,-1.2664425,0.41118127,0.09146216,0.42269307,0.07596966,0.03149734,0.8356267522466848,2.491607205720329,-3.9227440243675593,-0.652707992524975,0.1634098244923845,-0.0015391327551165766,0.8356267522466848,2.491607205720329,-3.9227440243675593,-0.652707992524975,0.1634098244923845,-0.0015391327551165766,12.42577,33.03871,-43.66014,-6.931759,1.8024104,-0.017653853
17.400000907480717,0.18281694,-2.4840822,1.5002362,-0.8466062,1.5437802,-1.2606614,-1.2676617,0.4179592,0.075939916,0.42853087,0.074987955,0.050000302,0.14016690796144712,3.1520538560225773,-3.6754296260809745,-0.6067128729236553,0.14584455723559328,-0.0027457929322692552,0.14016690796144712,3.1520538560225773,-3.6754296260809745,-0.6067128729236553,0.14584455723559328,-0.0027457929322692552,2.084282,41.796234,-40.90753,-6.4432907,1.6086655,-0.031494245
17.416667575016618,0.16169441,-2.4769592,1.5012902,-0.8393675,1.5450125,-1.2595236,-1.2673994,0.42470852,0.060577743,0.43428144,0.07396796,0.06837275,0.17709345647610508,3.0645790502856043,-3.7345008815823646,-0.6205187454510993,0.14591693662019178,-0.002464390284306294,0.17709345647610508,3.0645790502856043,-3.7345008815823646,-0.6205187454510993,0.14591693662019178,-0.002464390284306294,2.6333797,40.63632,-41.564995,-6.589909,1.6094638,-0.028266557
17.43333424255252,0.14092682,-2.4698937,1.5022051,-0.8322001,1.5462177,-1.2582537,-1.2462844,0.42113695,0.051983986,0.4300989,0.072256215,0.07633004,0.8330807560790523,2.255696085243743,-4.075878928185366,-0.6896656560808028,0.15486878691644748,-0.0009494235230822508,0.8330807560790523,2.255696085243743,-4.075878928185366,-0.6896656560808028,0.15486878691644748,-0.0009494235230822508,12.387911,29.91053,-45.364532,-7.3242493,1.7082027,-0.010889888
17.45000091008842,0.12018833,-2.4627156,1.5028664,-0.82493484,1.5474039,-1.2566804,-1.244487,0.42806673,0.03691731,0.4359488,0.07121202,0.094511904,0.20095907607652555,2.906943446370811,-3.8403561601527403,-0.6456430348972817,0.1408906817328141,-0.0019694112546566576,0.20095907607652555,2.906943446370811,-3.8403561601527403,-0.6456430348972817,0.1408906817328141,-0.0019694112546566576,2.9882615,38.54607,-42.743164,-6.856729,1.5540242,-0.022589147
17.46666757762432,0.09950214,-2.455422,1.5032806,-0.81757224,1.5485724,-1.2548069,-1.2412161,0.43495858,0.022040477,0.441706,0.070120856,0.11251876,0.23690147053578114,2.819618236605039,-3.8947431867656035,-0.6585210056628211,0.14038718189851654,-0.0016767365992744797,0.23690147053578114,2.819618236605039,-3.8947431867656035,-0.6585210056628211,0.14038718189851654,-0.0016767365992744797,3.5227249,37.388138,-43.34849,-6.993493,1.5484706,-0.019232169
17.483334245160222,0.07918865,-2.4481866,1.5035713,-0.8102831,1.5497128,-1.2528164,-1.2190323,0.43129185,0.014318139,0.43740508,0.06842871,0.119567126,0.8292638141193404,2.0212675471471266,-4.216375633712727,-0.7239801511028168,0.14561742192922889,-0.0003570510495093561,0.8292638141193404,2.0212675471471266,-4.216375633712727,-0.7239801511028168,0.14561742192922889,-0.0003570510495093561,12.331153,26.802008,-46.92826,-7.688669,1.6061602,-0.0040953755
17.500000912696123,0.058954433,-2.440833,1.5036159,-0.80289584,1.5508341,-1.2505293,-1.2142261,0.43835485,-0.00024066273,0.44325778,0.067289315,0.13734174,0.26086951232068717,2.6635401568980956,-3.9914239984531177,-0.6817973939712438,0.13471693746198446,-0.0011665491612974,0.26086951232068717,2.6635401568980956,-3.9914239984531177,-0.6817973939712438,0.13471693746198446,-0.0011665491612974,3.8791296,35.318542,-44.42455,-7.2406883,1.4859278,-0.013380319
17.516667580232024,0.038822547,-2.4333637,1.5034223,-0.7954113,1.5519363,-1.2479494,-1.2079564,0.44536173,-0.014579522,0.44901204,0.066086866,0.15489869,0.29596054241331776,2.575826572976321,-4.04148393135722,-0.693772651830411,0.13366439400860536,-0.0008631215058104723,0.29596054241331776,2.575826572976321,-4.04148393135722,-0.693772651830411,0.13366439400860536,-0.0008631215058104723,4.4009333,34.15546,-44.981716,-7.3678656,1.4743183,-0.009900004
17.533334247767925,0.019078966,-2.4259539,1.5031195,-0.78800243,1.5530086,-1.245268,-1.1848295,0.4415805,-0.021436049,0.4445899,0.06439792,0.16102523,0.8240657439549337,1.7876294223791154,-4.345141716723172,-0.7557228684649854,0.13578703267295472,0.00023648025891836975,0.8240657439549337,1.7876294223791154,-4.345141716723172,-0.7557228684649854,0.13578703267295472,0.00023648025891836975,12.253858,23.703966,-48.361427,-8.025777,1.497731,0.0027124286
17.550000915303826,-0.000535492,-2.4184287,1.5025797,-0.780495,1.5540613,-1.242298,-1.1770338,0.44874817,-0.035435066,0.45043558,0.0631269,0.17831159,0.3198800026047687,2.4213425534163484,-4.129317592953307,-0.7152099393855381,0.12741849731555985,-0.00034014141445276315,0.3198800026047687,2.4213425534163484,-4.129317592953307,-0.7152099393855381,0.12741849731555985,-0.00034014141445276315,4.7566156,32.107002,-45.959305,-7.5955296,1.405426,-0.003901422
17.566667582839727,-0.019998135,-2.4107823,1.5018114,-0.7728918,1.5550911,-1.2390441,-1.1677984,0.45585647,-0.04918727,0.45617566,0.06177572,0.19534026,0.3537454778264654,2.334419382823179,-4.174648055276245,-0.7261953335921868,0.12584469692337438,-2.8757812047690646e-05,0.3537454778264654,2.334419382823179,-4.174648055276245,-0.7261953335921868,0.12584469692337438,-2.8757812047690646e-05,5.2601953,30.954401,-46.463833,-7.7121944,1.388067,-0.0003298521
17.58333425037563,-0.039059035,-2.4032006,1.5009476,-0.7653657,1.5560938,-1.2357041,-1.1438558,0.4519464,-0.055186614,0.45163015,0.06007938,0.20053783,0.8173538520982303,1.5553464357309932,-4.46249044166421,-0.7848875221784057,0.1255014649544212,0.0008286240834616118,0.8173538520982303,1.5553464357309932,-4.46249044166421,-0.7848875221784057,0.1255014649544212,0.0008286240834616118,12.154052,20.623894,-49.66752,-8.3355055,1.3842812,0.009504318
17.60000091791153,-0.05794159,-2.3954997,1.4998584,-0.757742,1.5570704,-1.232085,-1.1331105,0.45919958,-0.06857946,0.4574557,0.05863447,0.21725762,0.3775812750625867,2.181205634437895,-4.254224765225776,-0.7458545842862174,0.11908150972935252,0.0005044829045156863,0.3775812750625867,2.181205634437895,-4.254224765225776,-0.7458545842862174,0.11908150972935252,0.0005044829045156863,5.6146336,28.922787,-47.34952,-7.9209757,1.313469,0.005786419
17.61666758544743,-0.076623574,-2.3876767,1.4985504,-0.75002205,1.5580236,-1.2281917,-1.1209549,0.46637595,-0.08170385,0.4631695,0.05710321,0.23368178,0.4103010904893189,2.094095468880724,-4.295578414217802,-0.7559490742656472,0.11703808093654602,0.0008221023895476523,0.4103010904893189,2.094095468880724,-4.295578414217802,-0.7559490742656472,0.11703808093654602,0.0008221023895476523,6.101177,27.767706,-47.809788,-8.028179,1.29093,0.009429514
17.63333425298333,-0.09489263,-2.3799193,1.4971616,-0.7423816,1.5589466,-1.2242283,-1.0963305,0.46232423,-0.086860165,0.4584944,0.055384263,0.23794717,0.8090126971390397,1.3245799782409209,-4.569107631467423,-0.8115464909153021,0.11485727505584468,0.001417244634320659,0.8090126971390397,1.3245799782409209,-4.569107631467423,-0.8115464909153021,0.11485727505584468,0.001417244634320659,12.030019,17.56393,-50.854168,-8.618624,1.2668757,0.016255796
17.650000920519233,-0.112935014,-2.372042,1.4955571,-0.7346434,1.559843,-1.2199963,-1.0826913,0.4696279,-0.099608935,0.46428454,0.05373704,0.2540284,0.433921749830727,1.941973483400647,-4.36751304825254,-0.7739074261624037,0.10981798604306371,0.001362872934383003,0.433921749830727,1.941973483400647,-4.36751304825254,-0.7739074261624037,0.10981798604306371,0.001362872934383003,6.4524164,25.750568,-48.61042,-8.218897,1.2112924,0.015632153
17.666667588055134,-0.13072915,-2.3640423,1.4937454,-0.72680986,1.560709,-1.2155017,-1.0676783,0.47684115,-0.11206614,0.46995333,0.051985335,0.26977792,0.46538469690401124,1.8551117334610376,-4.404857666344655,-0.7830967337398206,0.10731652554661604,0.0016842911112485185,0.46538469690401124,1.8551117334610376,-4.404857666344655,-0.7830967337398206,0.10731652554661604,0.0016842911112485185,6.9202704,24.598782,-49.026066,-8.316487,1.1837013,0.019318819
17.683334255591035,-0.14810151,-2.356114,1.4918664,-0.71905845,1.5615481,-1.2109522,-1.0425113,0.47263294,-0.11639619,0.4651423,0.05023984,0.27311397,0.7989063147498043,1.095286753382618,-4.665768221489288,-0.8357997218992302,0.10396500446530547,0.00199894855203271,0.7989063147498043,1.095286753382618,-4.665768221489288,-0.8357997218992302,0.10396500446530547,0.00199894855203271,11.879737,14.523502,-51.93,-8.876193,1.146734,0.02292794
17.700000923126936,-0.16520002,-2.3480651,1.4897829,-0.7112109,1.5623534,-1.2061458,-1.0260482,0.47996506,-0.12846486,0.4708784,0.048349492,0.28848875,0.4886302037293589,1.7047204582939322,-4.46937094908626,-0.7993770857988778,0.09969177834034398,0.002228564143492641,0.4886302037293589,1.7047204582939322,-4.46937094908626,-0.7993770857988778,0.09969177834034398,0.002228564143492641,7.265931,22.604593,-49.7441,-8.489385,1.0996003,0.02556163
17.716667590662837,-0.1820039,-2.3398943,1.4875039,-0.70326865,1.5631275,-1.2010884,-1.0082585,0.48719218,-0.1402229,0.47648564,0.046348557,0.30349866,0.518733315124717,1.6181079870255644,-4.503004377421664,-0.8076958737130893,0.09678219624897187,0.0025508553439259215,0.518733315124717,1.6181079870255644,-4.503004377421664,-0.8076958737130893,0.09678219624897187,0.0025508553439259215,7.7135644,21.456112,-50.11844,-8.57773,1.0675076,0.02925831
17.733334258198738,-0.19837959,-2.331792,1.4851699,-0.69541085,1.5638713,-1.1959924,-0.98268926,0.48282042,-0.14374717,0.4715352,0.044560585,0.3059118,0.7870626032713203,0.8680881598056891,-4.752985979133324,-0.8577124098150969,0.09289650298850924,0.0025706075021466068,0.7870626032713203,0.8680881598056891,-4.752985979133324,-0.8577124098150969,0.09289650298850924,0.0025706075021466068,11.703621,11.510849,-52.900734,-9.108906,1.0246484,0.029484868
17.75000092573464,-0.21443576,-2.3235695,1.4826441,-0.68745714,1.5645773,-1.1906521,-0.96349,0.4901388,-0.15510343,0.47719744,0.04239914,0.3205191,0.5417237605676606,1.4681177441351014,-4.56127876220045,-0.8224697436316539,0.08880783510770132,0.0030962820144560194,0.5417237605676606,1.4681177441351014,-4.56127876220045,-0.8224697436316539,0.08880783510770132,0.0030962820144560194,8.055432,19.467241,-50.767033,-8.734629,0.9795504,0.035514355
17.76666759327054,-0.23015246,-2.315229,1.4799345,-0.6794115,1.5652454,-1.185075,-0.9430172,0.4973379,-0.16613531,0.48271832,0.04011402,0.3347318,0.5704468661053677,1.3817083781660953,-4.591597551069919,-0.8299856311632865,0.0855097852829685,0.003416806381478347,0.5704468661053677,1.3817083781660953,-4.591597551069919,-0.8299856311632865,0.0855097852829685,0.003416806381478347,8.482545,18.321453,-51.10448,-8.814447,0.94317293,0.03919077
17.78333426080644,-0.24543689,-2.306963,1.4771831,-0.67145205,1.5658828,-1.1794734,-0.91718984,0.49278626,-0.16887611,0.4776227,0.03828566,0.33623675,0.7735308818393853,0.6422588008920891,-4.831963922135592,-0.8774743017279272,0.08175943725668941,0.003128770962942135,0.7735308818393853,0.6422588008920891,-4.831963922135592,-0.8774743017279272,0.08175943725668941,0.003128770962942135,11.502404,8.516352,-53.77976,-9.318777,0.9018066,0.035887003
17.800000928342342,-0.26035783,-2.2985768,1.4742525,-0.66339916,1.5664817,-1.1736414,-0.89535743,0.5000729,-0.17949815,0.48318845,0.035823267,0.35001972,0.5929822479227524,1.233663026743525,-4.643484288684334,-0.8432346099738572,0.0772428209956732,0.00395786793416962,0.5929822479227524,1.233663026743525,-4.643484288684334,-0.8432346099738572,0.0772428209956732,0.00395786793416962,8.817646,16.358372,-51.68198,-8.955152,0.8519883,0.045396745
17.816667595878243,-0.27489626,-2.290069,1.4711505,-0.65525484,1.567035,-1.1675866,-0.87231046,0.50722367,-0.18978214,0.48860198,0.03321848,0.36338258,0.6203641166763973,1.1474002360578397,-4.67079416225327,-0.8499866600539501,0.07358120985714177,0.004274359763759889,0.6203641166763973,1.1474002360578397,-4.67079416225327,-0.8499866600539501,0.07358120985714177,0.004274359763759889,9.224814,15.214527,-51.98594,-9.026858,0.81160074,0.049026906
17.833334263414145,-0.2890008,-2.281638,1.4680192,-0.64719987,1.5675576,-1.1615225,-0.8463693,0.5024767,-0.19176799,0.4833526,0.031341456,0.3639948,0.7584879682139415,0.41771740575361754,-4.903685029090682,-0.8952449719560125,0.07062152852173405,0.0036701183269204733,0.7584879682139415,0.41771740575361754,-4.903685029090682,-0.8952449719560125,0.07062152852173405,0.0036701183269204733,11.278716,5.538933,-54.578014,-9.507502,0.77895546,0.042096257
17.850000930950046,-0.30269977,-2.2730904,1.4647207,-0.6390535,1.5680344,-1.1552424,-0.8220202,0.5096851,-0.20163707,0.4887953,0.02854349,0.37690684,0.6426738746709766,0.9992503832188487,-4.7179260665194365,-0.8619623669123246,0.06507254684392907,0.004808587828405857,0.6426738746709766,0.9992503832188487,-4.7179260665194365,-0.8619623669123246,0.06507254684392907,0.004808587828405857,9.5565605,13.25006,-52.510517,-9.15404,0.7177502,0.055154502
17.866667598485947,-0.31597528,-2.2644215,1.4612641,-0.63081825,1.5684617,-1.1487536,-0.796524,0.5167491,-0.21115658,0.49407527,0.025597133,0.3893747,0.6686196522818529,0.9137139241260281,-4.742262327017702,-0.867960188123915,0.06109722505778696,0.00511707694195828,0.6686196522818529,0.9137139241260281,-4.742262327017702,-0.867960188123915,0.06109722505778696,0.00511707694195828,9.942374,12.115847,-52.78138,-9.217737,0.6739024,0.058692873
17.883334266021848,-0.32881755,-2.255834,1.4577899,-0.6226749,1.5688555,-1.1422707,-0.7706148,0.5117956,-0.21241686,0.4886664,0.023667134,0.38911512,0.7420830383506011,0.19452187090797482,-4.968951311822636,-0.9111566956658373,0.05956059245769262,0.004190409193895335,0.7420830383506011,0.19452187090797482,-4.968951311822636,-0.9111566956658373,0.05956059245769262,0.004190409193895335,11.034775,2.57936,-55.30443,-9.676484,0.65695333,0.048063993
17.90000093355775,-0.34121445,-2.2471304,1.4541612,-0.6144427,1.5691988,-1.1355873,-0.74388003,0.5188989,-0.22151932,0.4939598,0.020510076,0.401114,0.690740920107238,0.7660322059873003,-4.784945122101021,-0.8787121925425845,0.05239610334795816,0.005640054435031561,0.690740920107238,0.7660322059873003,-4.784945122101021,-0.8787121925425845,0.05239610334795816,0.005640054435031561,10.2713175,10.157587,-53.25644,-9.3319235,0.577929,0.064691424
17.91666760109365,-0.35314935,-2.2383084,1.450387,-0.6061243,1.5694853,-1.12871,-0.71607137,0.5258384,-0.23026402,0.4990777,0.017193839,0.41265056,0.7154192151683405,0.6803608228358389,-4.807100184629976,-0.8840795290672173,0.04813757573920602,0.005938628495207223,0.7154192151683405,0.6803608228358389,-4.807100184629976,-0.8840795290672173,0.04813757573920602,0.005938628495207223,10.638284,9.0215845,-53.503025,-9.388925,0.53095746,0.06811607
17.93333426862955,-0.36465457,-2.229574,1.4466082,-0.59790033,1.56974,-1.1218532,-0.69034004,0.52067083,-0.23082969,0.4935035,0.015214899,0.41154498,0.7245079815267474,-0.02732557408949908,-5.028597685204683,-0.9253466870151671,0.04866964041051926,0.004685803299482324,0.7245079815267474,-0.02732557408949908,-5.028597685204683,-0.9253466870151671,0.04866964041051926,0.004685803299482324,10.773434,-0.3623371,-55.968292,-9.827182,0.53682613,0.053746164
17.950000936165452,-0.37567672,-2.220721,1.442687,-0.58958995,1.5699347,-1.1148113,-0.66136265,0.527638,-0.23916003,0.49861667,0.011669425,0.42259833,0.737475258596968,0.5332953250246351,-4.845882597423735,-0.8936982594865416,0.039296202084635565,0.006446166982210087,0.737475258596968,0.5332953250246351,-4.845882597423735,-0.8936982594865416,0.039296202084635565,0.006446166982210087,10.966257,7.071496,-53.934673,-9.4910755,0.4334371,0.073937535
17.966667603701353,-0.38620064,-2.2117574,1.4386327,-0.5811971,1.5700682,-1.1075933,-0.63139004,0.53441745,-0.24712652,0.5035397,0.007963875,0.43317187,0.7610061301748947,0.44711042493357017,-4.866366459245844,-0.8985149433832834,0.03480647546209645,0.00673173403053982,0.7610061301748947,0.44711042493357017,-4.866366459245844,-0.8985149433832834,0.03480647546209645,0.00673173403053982,11.316161,5.928684,-54.16266,-9.542229,0.38391542,0.07721299
17.983334271237254,-0.39630017,-2.2028804,1.4345845,-0.57290155,1.5701675,-1.1004081,-0.6059799,0.52903295,-0.24703188,0.49779287,0.0059349285,0.43125594,0.7061067490106312,-0.2479722956546651,-5.083537551591981,-0.9379666179362439,0.03801983049103918,0.005153323009727099,0.7061067490106312,-0.2479722956546651,-5.083537551591981,-0.9379666179362439,0.03801983049103918,0.005153323009727099,10.499807,-3.2881126,-56.579773,-9.9612055,0.41935873,0.059108615
18.000000938773155,-0.4058819,-2.1938932,1.4304078,-0.56452346,1.5702019,-1.0930537,-0.5749154,0.5358223,-0.25458497,0.5026938,0.0019845592,0.44133723,0.7831891591547316,0.3000093980792061,-4.902025138806996,-0.9071104046090624,0.025888518214982312,0.007220206306410958,0.7831891591547316,0.3000093980792061,-4.902025138806996,-0.9071104046090624,0.025888518214982312,0.007220206306410958,11.646023,3.9781246,-54.55954,-9.6335125,0.28555036,0.08281577
18.016667606309056,-0.41493186,-2.1847937,1.4261104,-0.556066,1.5701675,-1.0855387,-0.5429408,0.5424178,-0.26177236,0.5073917,-0.0021350475,0.45092687,0.805533870242952,0.2143848176096,-4.9206712282357294,-0.9113556921145337,0.021197746152350393,0.0074892898383302695,0.805533870242952,0.2143848176096,-4.9206712282357294,-0.9113556921145337,0.021197746152350393,0.0074892898383302695,11.978289,2.8427427,-54.76707,-9.678597,0.23381114,0.085902154
18.033334273844957,-0.4235657,-2.1757863,1.4218296,-0.5477093,1.5700989,-1.0780706,-0.5179953,0.53680116,-0.26105538,0.501464,-0.0042083263,0.4482309,0.6872642737711205,-0.468904975672473,-5.135286164947811,-0.9492408982329001,0.027707718981468777,0.005589102077400985,0.6872642737711205,-0.468904975672473,-5.135286164947811,-0.9492408982329001,0.027707718981468777,0.005589102077400985,10.21962,-6.21768,-57.155735,-10.080938,0.30561614,0.064107
18.05000094138086,-0.4316496,-2.166671,1.4174328,-0.53927433,1.5699575,-1.0704498,-0.48501,0.5433827,-0.26783457,0.5061205,-0.008585277,0.4573225,0.8281401202593703,0.06634802480268982,-4.954182298356953,-0.9190647391051672,0.012268721787149217,0.00795544804753484,0.8281401202593703,0.06634802480268982,-4.954182298356953,-0.9190647391051672,0.012268721787149217,0.00795544804753484,12.314444,0.8797748,-55.14005,-9.760468,0.135324,0.09124899
18.06666760891676,-0.439171,-2.1574483,1.4129292,-0.53076416,1.56974,-1.0626855,-0.45120302,0.54975325,-0.2742476,0.5105584,-0.013134341,0.46591505,0.8495555921296747,-0.01971291920358419,-4.971778574872424,-0.9228515086200952,0.0074300350974282675,0.008206234460513074,0.8495555921296747,-0.01971291920358419,-4.971778574872424,-0.9228515086200952,0.0074300350974282675,0.008206234460513074,12.632892,-0.2613933,-55.335896,-9.800683,0.08195329,0.09412551
18.08333427645266,-0.4462865,-2.148322,1.4084513,-0.52235776,1.569486,-1.0549797,-0.42686152,0.5439015,-0.2729474,0.50444543,-0.015244574,0.4624808,0.6682799338653093,-0.6898883600939812,-5.184392937645651,-0.9592418167775185,0.017820524283138493,0.005990360338166161,0.6682799338653093,-0.6898883600939812,-5.184392937645651,-0.9592418167775185,0.017820524283138493,0.005990360338166161,9.937323,-9.14792,-57.702293,-10.187148,0.19656038,0.06870943
18.10000094398856,-0.45282298,-2.1390915,1.4038694,-0.5138776,1.5691514,-1.047138,-0.3921317,0.5502428,-0.27896115,0.50882137,-0.020058049,0.47057375,0.8726960793388074,-0.16855799774238966,-5.00356463409177,-0.929730356076343,-0.0014319813262303094,0.00864576285261638,0.8726960793388074,-0.16855799774238966,-5.00356463409177,-0.929730356076343,-0.0014319813262303094,0.00864576285261638,12.976991,-2.235079,-55.689674,-9.873736,-0.015794754,0.0991669
18.116667611524463,-0.45876935,-2.1297588,1.3991945,-0.5053272,1.5687356,-1.0391691,-0.3566737,0.55635756,-0.2846092,0.51296234,-0.025044933,0.47816265,0.8932839645662802,-0.2551384101626021,-5.0204082533569885,-0.9330965929336692,-0.006363981978415579,0.008875578511977258,0.8932839645662802,-0.2551384101626021,-5.0204082533569885,-0.9330965929336692,-0.006363981978415579,0.008875578511977258,13.283133,-3.3831353,-55.877144,-9.909486,-0.07019472,0.101802886
18.133334279060364,-0.46432236,-2.120525,1.3945537,-0.49688393,1.5682821,-1.0312707,-0.3330717,0.55026764,-0.28276575,0.50665796,-0.027183222,0.47403172,0.6495251940975433,-0.9117433568111553,-5.231844275681049,-0.968093836150376,0.008454975601984821,0.006354255268858532,0.6495251940975433,-0.9117433568111553,-5.231844275681049,-0.968093836150376,0.008454975601984821,0.006354255268858532,9.65844,-12.089717,-58.230427,-10.281157,0.09325838,0.07288331
18.150000946596265,-0.4692703,-2.111193,1.3898228,-0.4883722,1.567741,-1.0232528,-0.29678228,0.5563339,-0.28802586,0.51071566,-0.03244615,0.4811248,0.9172522949547117,-0.40560545425069816,-5.051269942538115,-0.9392338732990617,-0.015095246454206037,0.009286094460158942,0.9172522949547117,-0.40560545425069816,-5.051269942538115,-0.9392338732990617,-0.015095246454206037,0.009286094460158942,13.639542,-5.3783283,-56.220634,-9.974664,-0.16650057,0.1065115
18.166667614132166,-0.47360358,-2.1017616,1.3850088,-0.479796,1.5671111,-1.0151237,-0.25986144,0.5621618,-0.2929272,0.5145241,-0.03788427,0.4877132,0.9371565104973902,-0.4929039453129603,-5.067774249108546,-0.9422304940088995,-0.020068705568287663,0.00949282955894703,0.9371565104973902,-0.4929039453129603,-5.067774249108546,-0.9422304940088995,-0.020068705568287663,0.00949282955894703,13.935517,-6.5359063,-56.404327,-10.006488,-0.22135782,0.108882755
18.183334281668067,-0.47755826,-2.0924346,1.3802382,-0.47132984,1.5664437,-1.0070769,-0.23713095,0.5558268,-0.29057786,0.5080238,-0.04003916,0.4829307,0.6313170052729121,-1.1354452164824014,-5.2785470693473435,-0.9758863071937346,-0.0002909873900149805,0.006678643284825106,0.6313170052729121,-1.1354452164824014,-5.2785470693473435,-0.9758863071937346,-0.0002909873900149805,0.006678643284825106,9.387684,-15.056004,-58.75023,-10.363913,-0.003209591,0.07660404
18.200000949203968,-0.480885,-2.0830112,1.3753899,-0.462801,1.565681,-0.99892825,-0.19947404,0.5615882,-0.29510128,0.51172537,-0.045760553,0.48903105,0.9621283474109601,-0.6453722670427096,-5.098169469019366,-0.9476605108228782,-0.02858619309509222,0.00987130866013305,0.9621283474109601,-0.6453722670427096,-5.098169469019366,-0.9476605108228782,-0.02858619309509222,0.00987130866013305,14.306849,-8.557636,-56.742626,-10.064155,-0.3153057,0.11322391
18.21666761673987,-0.48357582,-2.0734954,1.3704705,-0.45421416,1.5648196,-0.9906847,-0.16128585,0.56709033,-0.29927307,0.51516235,-0.0516559,0.49463284,0.9815380247792063,-0.7343569851928526,-5.114985326336829,-0.9503570204625247,-0.03354002536694137,0.010053734209813963,0.9815380247792063,-0.7343569851928526,-5.114985326336829,-0.9503570204625247,-0.03354002536694137,0.010053734209813963,14.59547,-9.737574,-56.929787,-10.092792,-0.36994648,0.11531633
18.23333428427577,-0.48590493,-2.0640898,1.3656023,-0.4457408,1.5639232,-0.9825325,-0.13955368,0.56050956,-0.29646266,0.50846076,-0.05381067,0.48925203,0.6139183814042996,-1.3618227583250848,-5.32540752345768,-0.9827013967625391,-0.008311578607083665,0.006962594200240702,0.6139183814042996,-1.3618227583250848,-5.32540752345768,-0.9827013967625391,-0.008311578607083665,0.006962594200240702,9.128966,-18.05777,-59.271786,-10.436289,-0.09167671,0.079860955
18.25000095181167,-0.48758665,-2.054595,1.3606675,-0.43721107,1.562924,-0.97429395,-0.10072795,0.56593406,-0.3002714,0.5117678,-0.059994396,0.49437547,1.0076231016917123,-0.8889461534595058,-5.145280123399595,-0.9550975540937005,-0.04176012732608688,0.010397537906167813,1.0076231016917123,-0.8889461534595058,-5.145280123399595,-0.9550975540937005,-0.04176012732608688,0.010397537906167813,14.9833555,-11.787426,-57.266968,-10.143136,-0.4606142,0.11925976
18.266667619347572,-0.48861447,-2.0450099,1.3556751,-0.42863032,1.561818,-0.9659779,-0.061473854,0.5710908,-0.3037354,0.5147936,-0.066349335,0.49900627,1.0265361885937894,-0.979004798072136,-5.16225604034177,-0.9574558775303729,-0.046630221286472796,0.010552904272245757,1.0265361885937894,-0.979004798072136,-5.16225604034177,-0.9574558775303729,-0.046630221286472796,0.010552904272245757,15.264593,-12.981604,-57.45591,-10.168181,-0.51433134,0.12104181
18.283334286883473,-0.4892994,-2.0355392,1.3507396,-0.42016646,1.5606775,-0.9577618,-0.040860206,0.5642623,-0.30050844,0.507889,-0.06849375,0.49307856,0.5975582171544663,-1.5918455512275524,-5.373150190574461,-0.9885672122071693,-0.015518347566385001,0.00720462179641258,0.5975582171544663,-1.5918455512275524,-5.373150190574461,-0.9885672122071693,-0.015518347566385001,0.00720462179641258,8.885691,-21.107872,-59.80316,-10.498584,-0.17116737,0.08263701
18.300000954419374,-0.48932087,-2.0259838,1.3457491,-0.4116539,1.5594264,-0.9494753,-0.0010698475,0.56931823,-0.30362833,0.51076096,-0.075138874,0.4972493,1.0539310765731391,-1.1372752498897132,-5.193457384957778,-0.9615872090370193,-0.05446747012929493,0.010861234240876974,1.0539310765731391,-1.1372752498897132,-5.193457384957778,-0.9615872090370193,-0.05446747012929493,0.010861234240876974,15.671955,-15.08027,-57.80318,-10.212056,-0.6007762,0.12457836
18.316667621955276,-0.488674,-2.0163498,1.340712,-0.4030975,1.5580609,-0.9411268,0.0390447,0.57409066,-0.30641413,0.5133368,-0.081950285,0.500938,1.0725052146680738,-1.2294635513788974,-5.211252793468876,-0.9636626629730628,-0.05918897938317639,0.010989408910846127,1.0725052146680738,-1.2294635513788974,-5.211252793468876,-0.9636626629730628,-0.05918897938317639,0.010989408910846127,15.948153,-16.302687,-58.001244,-10.2340975,-0.65285444,0.12604852
18.333334289491177,-0.4877048,-2.006831,1.3357387,-0.39466134,1.556661,-0.9328867,0.058425635,0.56702524,-0.30281043,0.50622666,-0.08406786,0.49451628,0.5822114360837546,-1.825419522338683,-5.421800776204865,-0.9934085012604738,-0.02180542172028169,0.007402939752796575,0.5822114360837546,-1.825419522338683,-5.421800776204865,-0.9934085012604738,-0.02180542172028169,0.007402939752796575,8.657484,-24.205063,-60.344643,-10.549998,-0.2405138,0.08491172
18.350000957027078,-0.48605967,-1.9972358,1.3307215,-0.38618416,1.5551429,-0.92459154,0.09897291,0.57168424,-0.30527166,0.5086242,-0.0911686,0.49776602,1.1011321190306222,-1.3910837302919967,-5.243311331064339,-0.9671248958609199,-0.06655496785776895,0.011260016336582386,1.1011321190306222,-1.3910837302919967,-5.243311331064339,-0.9671248958609199,-0.06655496785776895,0.011260016336582386,16.373835,-18.44577,-58.358055,-10.270866,-0.7341013,0.12915239
18.36666762456298,-0.4837351,-1.9875665,1.3256692,-0.3776716,1.5535027,-0.9162488,0.13973857,0.57605344,-0.3074124,0.5107097,-0.09842855,0.50054973,1.1193011860440223,-1.4851022090307728,-5.261894356315454,-0.9688857809522956,-0.07105950107384247,0.011359466972201412,1.1193011860440223,-1.4851022090307728,-5.261894356315454,-0.9688857809522956,-0.07105950107384247,0.011359466972201412,16.644009,-19.692455,-58.564884,-10.289567,-0.7837863,0.13029309
18.38333429209888,-0.48111084,-1.9780177,1.320685,-0.36928263,1.5518281,-0.90802234,0.15777978,0.5687472,-0.3034791,0.50339246,-0.10050081,0.49368957,0.5680084869856793,-2.064803570823612,-5.472652438730135,-0.9972970139957867,-0.027075661169001976,0.007559083655489561,0.5680084869856793,-2.064803570823612,-5.472652438730135,-0.9972970139957867,-0.027075661169001976,0.007559083655489561,8.446286,-27.379295,-60.91062,-10.591294,-0.29864454,0.08670269
18.40000095963478,-0.47780144,-1.9684006,1.3156677,-0.36086178,1.5500277,-0.8997556,0.19887404,0.5729868,-0.30531517,0.50527567,-0.10804571,0.4960581,1.1491366337030304,-1.6508217490816188,-5.295228229807179,-0.9716651758456186,-0.07786975594293175,0.011591691241226927,1.1491366337030304,-1.6508217490816188,-5.295228229807179,-0.9716651758456186,-0.07786975594293175,0.011591691241226927,17.087662,-21.889896,-58.93589,-10.319084,-0.8589034,0.1329567
18.416667627170682,-0.4738051,-1.9587148,1.310624,-0.35241386,1.5480982,-0.8914563,0.24008003,0.576928,-0.3068447,0.5068312,-0.11574189,0.4979791,1.1668804915222293,-1.7471988096855704,-5.314877519496153,-0.9731052959032652,-0.08209004579407458,0.011662321705971994,1.1668804915222293,-1.7471988096855704,-5.314877519496153,-0.9731052959032652,-0.08209004579407458,0.011662321705971994,17.351513,-23.167856,-59.154587,-10.334378,-0.9054532,0.13376683
18.433334294706583,-0.46953306,-1.9491544,1.3056545,-0.344093,1.5461375,-0.8832788,0.25668228,0.56938815,-0.3026206,0.4993081,-0.11774682,0.4907412,0.5546920637837496,-2.3096523313680564,-5.525336389807249,-1.000072457696085,-0.031239621118319003,0.007673183418712932,0.5546920637837496,-2.3096523313680564,-5.525336389807249,-1.000072457696085,-0.031239621118319003,0.007673183418712932,8.248271,-30.62599,-61.496994,-10.6207695,-0.34457302,0.088011414
18.450000962242484,-0.46457046,-1.939532,1.3006611,-0.33574948,1.5440433,-0.87507504,0.2981113,0.5731846,-0.30386725,0.5006362,-0.12572747,0.4922763,1.197721049059295,-1.9172927373135251,-5.349642332887607,-0.9751545282855996,-0.08827180940242432,0.011856356390476643,1.197721049059295,-1.9172927373135251,-5.349642332887607,-0.9751545282855996,-0.08827180940242432,0.011856356390476643,17.810112,-25.423302,-59.54152,-10.356141,-0.97363806,0.13599241
18.466667629778385,-0.458917,-1.9298488,1.2956518,-0.3273885,1.5418118,-0.86685246,0.33954573,0.5766723,-0.30482304,0.50162274,-0.13384776,0.49338564,1.214968508814675,-2.0165319716049357,-5.370603631663086,-0.976257629538211,-0.09214348503382555,0.011897858787643047,1.214968508814675,-2.0165319716049357,-5.370603631663086,-0.976257629538211,-0.09214348503382555,0.011897858787643047,18.066582,-26.739214,-59.77482,-10.367856,-1.0163426,0.13646844
18.483334297314286,-0.45301348,-1.9202949,1.2907206,-0.31915793,1.5395498,-0.8587568,0.35461873,0.56890684,-0.30035415,0.49389607,-0.13576627,0.4858283,0.5420355806434083,-2.560882223137903,-5.580319441446611,-1.0016846342499872,-0.03423115824529072,0.007746180271000683,0.5420355806434083,-2.560882223137903,-5.580319441446611,-1.0016846342499872,-0.03423115824529072,0.007746180271000683,8.060069,-33.9573,-62.108955,-10.637891,-0.37756968,0.08884869
18.500000964850187,-0.44641736,-1.9106863,1.2857759,-0.31091467,1.5371469,-0.8506476,0.39617112,0.5722385,-0.30105212,0.49462974,-0.1441604,0.4865845,1.2465054345916564,-2.191050487765719,-5.406848054047864,-0.9775147375189428,-0.09761284614625242,0.012053581768258716,1.2465054345916564,-2.191050487765719,-5.406848054047864,-0.9775147375189428,-0.09761284614625242,0.012053581768258716,18.535536,-29.05333,-60.17822,-10.3812065,-1.0766697,0.13825458
18.51666763238609,-0.4391299,-1.9010262,1.2808235,-0.30266413,1.5346026,-0.84253186,0.4376232,0.57525134,-0.30147764,0.49500805,-0.15268135,0.48693976,1.2630885931655074,-2.2934712256061904,-5.429282107014754,-0.9782572924080543,-0.10107408732797273,0.01206731629974445,1.2630885931655074,-2.2934712256061904,-5.429282107014754,-0.9782572924080543,-0.10107408732797273,0.01206731629974445,18.782127,-30.411428,-60.42791,-10.389092,-1.1148472,0.13841212
18.53333429992199,-0.43161926,-1.8914976,1.2759506,-0.29454714,1.5320281,-0.834548,0.45108423,0.56727207,-0.29680714,0.4870805,-0.15449363,0.47912142,0.5295677159404947,-2.818560708162472,-5.637413772075752,-1.0019985744957647,-0.0359896627860186,0.007779589661745372,0.5295677159404947,-2.818560708162472,-5.637413772075752,-1.0019985744957647,-0.0359896627860186,0.007779589661745372,7.874672,-37.374115,-62.744415,-10.641225,-0.39696598,0.08923189
18.55000096745789,-0.4234176,-1.8819221,1.271072,-0.28642803,1.5293083,-0.8265622,0.49254963,0.5701192,-0.29699504,0.487182,-0.16328084,0.47916046,1.294893727818831,-2.472216403322522,-5.466736059197411,-0.9786147855769444,-0.10577467281172089,0.01218595136843667,1.294893727818831,-2.472216403322522,-5.466736059197411,-0.9786147855769444,-0.10577467281172089,0.01218595136843667,19.25507,-32.78159,-60.844772,-10.392889,-1.1666946,0.13977286
18.56666763499379,-0.41452765,-1.8723032,1.2661957,-0.27831247,1.5264398,-0.8185819,0.53381026,0.5726407,-0.29692802,0.48691398,-0.1721853,0.47882622,1.3105655405933456,-2.577711769898013,-5.490513310599519,-0.978934293412893,-0.10877913598677082,0.012171894649681882,1.3105655405933456,-2.577711769898013,-5.490513310599519,-0.978934293412893,-0.10877913598677082,0.012171894649681882,19.48811,-34.180458,-61.109413,-10.396282,-1.1998339,0.13961163
18.583334302529693,-0.40544263,-1.862819,1.261402,-0.27033365,1.5235432,-0.8107363,0.54558676,0.56445545,-0.2920944,0.4787915,-0.1738684,0.47080794,0.516809323688602,-3.083054440413485,-5.696502850062121,-1.000881105268518,-0.03647739413858865,0.007776710762599289,0.516809323688602,-3.083054440413485,-5.696502850062121,-1.000881105268518,-0.03647739413858865,0.007776710762599289,7.6849546,-40.8813,-63.402077,-10.629357,-0.40234566,0.08919887
18.600000970065594,-0.39567158,-1.8532978,1.2566105,-0.26236367,1.5204934,-0.80290025,0.5867573,0.5668,-0.2918195,0.47822276,-0.183026,0.47019726,1.3421574934425176,-2.7610180424708948,-5.52943247669148,-0.9783720566054522,-0.11265543732768497,0.012254948811418821,1.3421574934425176,-2.7610180424708948,-5.52943247669148,-0.9783720566054522,-0.11265543732768497,0.012254948811418821,19.957882,-36.6111,-61.542583,-10.390311,-1.2425895,0.14056426
18.616667637601495,-0.3852187,-1.8437409,1.2518268,-0.25440904,1.5172892,-0.79507893,0.6276198,0.5688183,-0.2913095,0.47727236,-0.19228153,0.46924525,1.3565366189593666,-2.8692961817952845,-5.554351052612414,-0.9782070044968313,-0.11513927041241395,0.01221454029199655,1.3565366189593666,-2.8692961817952845,-5.554351052612414,-0.9782070044968313,-0.11513927041241395,0.01221454029199655,20.1717,-38.046867,-61.819927,-10.388558,-1.2699862,0.14010078
18.633334305137396,-0.37459987,-1.8343222,1.2471282,-0.246594,1.51406,-0.78739536,0.63764805,0.5604399,-0.28635082,0.46896183,-0.1938082,0.46108478,0.5030598669302248,-3.35389967238022,-5.75714111328125,-0.9981897142198352,-0.03567135344822625,0.0077396209019625194,0.5030598669302248,-3.35389967238022,-5.75714111328125,-0.9981897142198352,-0.03567135344822625,0.0077396209019625194,7.4805,-44.47271,-64.07698,-10.600775,-0.39345503,0.08877345
18.650000972673297,-0.36330345,-1.824874,1.2424397,-0.23880002,1.5106727,-0.7797308,0.6783196,0.56227255,-0.28565702,0.46768808,-0.20330459,0.4598983,1.387302396116276,-3.056485620559071,-5.594217552329009,-0.9766103633155033,-0.1181588644129735,0.012264465028135902,1.387302396116276,-3.056485620559071,-5.594217552329009,-0.9766103633155033,-0.1181588644129735,0.012264465028135902,20.629187,-40.529,-62.26364,-10.371602,-1.3032923,0.14067341
18.666667640209198,-0.3513351,-1.8153993,1.2377657,-0.23103307,1.5071251,-0.77208996,0.71858203,0.56377196,-0.28474885,0.46602082,-0.21288355,0.4584031,1.4000766294950115,-3.168008841720282,-5.620454649398269,-0.9759401870986163,-0.12009158960171214,0.012199219507867601,1.4000766294950115,-3.168008841720282,-5.620454649398269,-0.9759401870986163,-0.12009158960171214,0.012199219507867601,20.81914,-42.007797,-62.55566,-10.364485,-1.3246102,0.13992505
18.6833343077451,-0.33923072,-1.8060652,1.2331775,-0.22340846,1.5035553,-0.7645884,0.72681,0.5552161,-0.27970648,0.45753172,-0.2142311,0.45016107,0.48764792559687214,-3.6306093541025937,-5.8189515476278215,-0.9938155639418551,-0.03359259417785479,0.0076728456417373084,0.48764792559687214,-3.6306093541025937,-5.8189515476278215,-0.9938155639418551,-0.03359259417785479,0.0076728456417373084,7.2513247,-48.14188,-64.76493,-10.554321,-0.3705263,0.08800754
18.700000975281,-0.32646063,-1.7967113,1.2286053,-0.21581742,1.4998214,-0.7571135,0.7667817,0.55652314,-0.27864102,0.45551813,-0.22403349,0.44847807,1.4292827932002485,-3.3585722450037707,-5.661016226029031,-0.9732552616385193,-0.12222520892228847,0.01221872482906764,1.4292827932002485,-3.3585722450037707,-5.661016226029031,-0.9732552616385193,-0.12222520892228847,0.01221872482906764,21.253435,-44.534668,-63.00711,-10.335971,-1.348144,0.14014877
18.7166676428169,-0.3130316,-1.7873383,1.2240533,-0.20826605,1.4959229,-0.74967104,0.80624866,0.55749756,-0.27738118,0.45310104,-0.23389812,0.44652024,1.4400559138674502,-3.4726495296886783,-5.688123197461288,-0.9720034518484343,-0.12357721302796794,0.012130832661726001,1.4400559138674502,-3.4726495296886783,-5.688123197461288,-0.9720034518484343,-0.12357721302796794,0.012130832661726001,21.413631,-46.047333,-63.30881,-10.322677,-1.3630567,0.13914065
18.733334310352802,-0.29949737,-1.7781097,1.2195876,-0.20085956,1.4920064,-0.7423678,0.81263113,0.54877776,-0.27228904,0.44444466,-0.23504162,0.43825468,0.4697126274391077,-3.9123880377722005,-5.8812637534745615,-0.9876305998606422,-0.030267919504091294,0.00758018042590167,0.4697126274391077,-3.9123880377722005,-5.8812637534745615,-0.9876305998606422,-0.030267919504091294,0.00758018042590167,6.984627,-51.878265,-65.458466,-10.488637,-0.33385515,0.08694467
18.750000977888703,-0.28531235,-1.768869,1.2151432,-0.19349986,1.487921,-0.7350989,0.85171163,0.54955435,-0.27089933,0.44166028,-0.2451144,0.43615788,1.466978133406187,-3.6658530141793046,-5.7290096917028155,-0.9681823787940649,-0.1248274082934327,0.01212364710614072,1.466978133406187,-3.6658530141793046,-5.7290096917028155,-0.9681823787940649,-0.1248274082934327,0.01212364710614072,21.813965,-48.60921,-63.763878,-10.282097,-1.3768463,0.13905823
18.766667645424604,-0.27048472,-1.7596195,1.2107247,-0.18619263,1.4836677,-0.72786814,0.890192,0.54999584,-0.26933584,0.4384637,-0.25522912,0.43382582,1.4752424556934842,-3.782461059938549,-5.7569347837436124,-0.9663268446697804,-0.12557551953755827,0.012015898849201284,1.4752424556934842,-3.782461059938549,-5.7569347837436124,-0.9663268446697804,-0.12557551953755827,0.012015898849201284,21.936855,-50.155434,-64.074684,-10.262391,-1.385098,0.13782236
18.783334312960505,-0.25558302,-1.7505162,1.206394,-0.1790326,1.4793993,-0.72077584,0.89469767,0.541132,-0.26423034,0.4296531,-0.25614673,0.42559278,0.4485332973867595,-4.197806506494951,-5.943356605660026,-0.9795663046971553,-0.025773675249364306,0.007466643191256934,0.4485332973867595,-4.197806506494951,-5.943356605660026,-0.9795663046971553,-0.025773675249364306,0.007466643191256934,6.66969,-55.662914,-66.14956,-10.402994,-0.28428364,0.0856424
18.800000980496407,-0.24004872,-1.7414099,1.2020893,-0.17193285,1.4749591,-0.71372247,0.9326984,0.54137284,-0.2625681,0.42606872,-0.2664503,0.42316994,1.4990551967146257,-3.9773213198102257,-5.797766782309917,-0.9613559744452354,-0.12594799723067504,0.011985701587580553,1.4990551967146257,-3.9773213198102257,-5.797766782309917,-0.9613559744452354,-0.12594799723067504,0.011985701587580553,22.29095,-52.73928,-64.529144,-10.2096,-1.3892064,0.137476
18.816667648032308,-0.22389111,-1.732303,1.1978141,-0.16489913,1.4703472,-0.70671296,0.9700112,0.54127955,-0.26075378,0.42206421,-0.27677575,0.42054808,1.5044305335777914,-4.095917553563643,-5.826232032741604,-0.9588713924314568,-0.12609543631753378,0.011860485064432531,1.5044305335777914,-4.095917553563643,-5.826232032741604,-0.9588713924314568,-0.12609543631753378,0.011860485064432531,22.370882,-54.311867,-64.84596,-10.183214,-1.3908327,0.13603976
18.83333431556821,-0.20769116,-1.7233449,1.193625,-0.15801466,1.4657239,-0.6998405,0.97261643,0.53228945,-0.25566986,0.41311428,-0.27744296,0.41240153,0.42327134979596936,-4.485641525521717,-6.004609744610919,-0.9695934935029169,-0.02018841201353376,0.007337544831173671,0.42327134979596936,-4.485641525521717,-6.004609744610919,-0.9695934935029169,-0.02018841201353376,0.007337544831173671,6.294045,-59.479607,-66.83131,-10.297083,-0.22267818,0.08416164
18.85000098310411,-0.19087964,-1.7143928,1.189465,-0.15120445,1.4609251,-0.6930122,1.0093616,0.53199434,-0.2537805,0.40870398,-0.28793523,0.40974298,1.5243620061200982,-4.2911434605110825,-5.8663387932653155,-0.9527179480945998,-0.12561818846549538,0.01181196729931087,1.5243620061200982,-4.2911434605110825,-5.8663387932653155,-0.9527179480945998,-0.12561818846549538,0.01181196729931087,22.667263,-56.900562,-65.29235,-10.117865,-1.3855686,0.13548326
18.86666765064001,-0.17346695,-1.7054483,1.1853387,-0.14447425,1.4559509,-0.6862296,1.045332,0.531368,-0.25175944,0.403868,-0.29842642,0.40692836,1.5262419053509322,-4.410972134919548,-5.894954163858939,-0.9495789946360328,-0.1251557255915264,0.011672309511312736,1.5262419053509322,-4.410972134919548,-5.894954163858939,-0.9495789946360328,-0.1251557255915264,0.011672309511312736,22.695217,-58.48949,-65.61084,-10.084529,-1.3804677,0.13388139
18.883334318175912,-0.15604374,-1.6966543,1.1812974,-0.13789494,1.4509724,-0.6795817,1.0460256,0.52227086,-0.24672456,0.39479625,-0.2988148,0.39891976,0.3932357074914559,-4.773917852663526,-6.064058699697818,-0.957699773899804,-0.01362167697328929,0.007198754870174445,0.3932357074914559,-4.773917852663526,-6.064058699697818,-0.957699773899804,-0.01362167697328929,0.007198754870174445,5.847415,-63.30215,-67.49297,-10.170772,-0.1502471,0.08256972
18.900000985711813,-0.13803284,-1.6878756,1.1772891,-0.13140441,1.4458151,-0.67298037,1.0813441,0.5214399,-0.24465741,0.38953605,-0.3094526,0.39611834,1.5415490515374786,-4.605701498316424,-5.934164316292185,-0.9423181386541737,-0.12387271805017079,0.011609753215427282,1.5415490515374786,-4.605701498316424,-5.934164316292185,-0.9423181386541737,-0.12387271805017079,0.011609753215427282,22.922834,-61.0716,-66.04725,-10.007419,-1.3663161,0.13316387
18.916667653247714,-0.11944577,-1.6791146,1.1733159,-0.12500806,1.4404821,-0.66642636,1.1158079,0.5202836,-0.242481,0.38384724,-0.32006365,0.3932026,1.5395542239693885,-4.726098062046333,-5.962672751975937,-0.9385376551281486,-0.1228178185111052,0.01145947883725686,1.5395542239693885,-4.726098062046333,-5.962672751975937,-0.9385376551281486,-0.1228178185111052,0.01145947883725686,22.893171,-62.66806,-66.36455,-9.96727,-1.3546805,0.13144022
18.933334320783615,-0.10088003,-1.6705045,1.1694264,-0.11876401,1.4351476,-0.6600043,1.1145886,0.51110435,-0.2375239,0.374673,-0.32015827,0.38537914,0.3577516474977146,-5.060410535533324,-6.120875410849407,-0.9439537529666995,-0.006215310810051069,0.007055537432510123,0.3577516474977146,-5.060410535533324,-6.120875410849407,-0.9439537529666995,-0.006215310810051069,0.007055537432510123,5.319767,-67.10104,-68.12534,-10.024789,-0.06855488,0.080927014
18.950000988319516,-0.081753075,-1.661918,1.1655732,-0.112623505,1.4296336,-0.65362805,1.1483227,0.50974596,-0.23532689,0.36854488,-0.33089152,0.38253134,1.5495011689443274,-4.9185567312111145,-6.0002960177658915,-0.9302147364212295,-0.12077891815821906,0.011387828545873852,1.5495011689443274,-4.9185567312111145,-6.0002960177658915,-0.9302147364212295,-0.12077891815821906,0.011387828545873852,23.041082,-65.22006,-66.783295,-9.8788805,-1.3321915,0.1306184
18.966667655855417,-0.06207746,-1.6533575,1.1617576,-0.10659175,1.4239421,-0.64730054,1.1811259,0.5080668,-0.23304325,0.36198473,-0.341576,0.37960616,1.5431792125176005,-5.038962500846943,-6.028524092051325,-0.9258351083529198,-0.11915518604185187,0.01122921367468996,1.5431792125176005,-5.038962500846943,-6.028524092051325,-0.9258351083529198,-0.11915518604185187,0.01122921367468996,22.947075,-66.81664,-67.09747,-9.832369,-1.3142817,0.12879908
18.98333432339132,-0.042454887,-1.6449504,1.158023,-0.10071322,1.4182544,-0.641101,1.1780025,0.49882373,-0.22819331,0.35273004,-0.3413509,0.37201354,0.3163769971466578,-5.343658424250861,-6.1747274201728155,-0.9285183276160289,0.0019026580769045183,0.00691475198907029,0.3163769971466578,-5.343658424250861,-6.1747274201728155,-0.9285183276160289,0.0019026580769045183,0.00691475198907029,4.704526,-70.85691,-68.72472,-9.860865,0.020986319,0.079312205
19.00000099092722,-0.022300102,-1.6365751,1.1543251,-0.09495333,1.4123874,-0.6349479,1.2100024,0.49694684,-0.22591577,0.34571764,-0.35213044,0.36921364,1.5471056314146432,-5.22774973965698,-6.064195110255924,-0.9165651605178633,-0.11641395599973926,0.011153801067455395,1.5471056314146432,-5.22774973965698,-6.064195110255924,-0.9165651605178633,-0.11641395599973926,0.011153801067455395,23.00546,-69.31996,-67.49449,-9.733922,-1.2840459,0.1279341
19.01666765846312,-0.0016265321,-1.6282338,1.1506653,-0.08931694,1.4063411,-0.6288406,1.241005,0.49475607,-0.22357012,0.33827272,-0.36283845,0.3663809,1.5362230979442277,-5.347152065547523,-6.091699317459147,-0.911612789060661,-0.1142626768442467,0.01099143947012651,1.5362230979442277,-5.347152065547523,-6.091699317459147,-0.911612789060661,-0.1142626768442467,0.01099143947012651,22.843637,-70.90324,-67.80061,-9.681328,-1.2603173,0.12607181
19.03333432599902,0.01896258,-1.6200463,1.1470854,-0.08383434,1.4003048,-0.62285715,1.2359961,0.48547447,-0.21884666,0.3289607,-0.3622709,0.35906056,0.26868327640412876,-5.620671037814915,-6.224476830550174,-0.911530173206509,0.010585439064669156,0.0067818341508780544,0.26868327640412876,-5.620671037814915,-6.224476830550174,-0.911530173206509,0.010585439064669156,0.0067818341508780544,3.9953203,-74.5301,-69.27843,-9.68045,0.11675739,0.07778764
19.050000993534923,0.040052697,-1.611899,1.143543,-0.078485675,1.3940874,-0.61691767,1.2661264,0.4830892,-0.2165339,0.32105163,-0.37304664,0.35640556,1.533613993805691,-5.531077435293528,-6.125213814981328,-0.9015579008113194,-0.1108838770460888,0.010915974897203386,1.533613993805691,-5.531077435293528,-6.125213814981328,-0.9015579008113194,-0.1108838770460888,0.010915974897203386,22.80484,-73.34209,-68.17363,-9.574545,-1.2230492,0.12520623
19.066667661070824,0.061629478,-1.6037956,1.1400386,-0.07327547,1.3876936,-0.61102086,1.2951938,0.48039883,-0.21417373,0.3127126,-0.383722,0.35375798,1.5176592213079765,-5.6485942765778185,-6.151780285282597,-0.8961115404261932,-0.1082134376518962,0.010752147867457183,1.5176592213079765,-5.6485942765778185,-6.151780285282597,-0.8961115404261932,-0.1082134376518962,0.010752147867457183,22.567593,-74.90036,-68.469315,-9.516705,-1.1935942,0.123327136
19.083334328606725,0.083090864,-1.595846,1.1366105,-0.06821914,1.3813155,-0.6052417,1.2883301,0.4711053,-0.20959967,0.3033689,-0.38279557,0.34674865,0.2145703719138458,-5.889324113434436,-6.269730861831761,-0.8932542890703162,0.019677897960839224,0.006662479357399312,0.2145703719138458,-5.889324113434436,-6.269730861831761,-0.8932542890703162,0.019677897960839224,0.006662479357399312,3.1906614,-78.09244,-69.782104,-9.486361,0.21704721,0.07641864
19.100000996142626,0.10501997,-1.587944,1.1332201,-0.06331216,1.374758,-0.5995025,1.316465,0.46822983,-0.20729417,0.294556,-0.39351466,0.34433162,1.5081550582752343,-5.825729715338659,-6.182543265316149,-0.8854201509005157,-0.1042706903715298,0.010681173130025423,1.5081550582752343,-5.825729715338659,-6.182543265316149,-0.8854201509005157,-0.1042706903715298,0.010681173130025423,22.426266,-77.249176,-68.81171,-9.403162,-1.1501057,0.122513056
19.116667663678527,0.12740171,-1.5800937,1.1298676,-0.05855865,1.3680214,-0.59380233,1.3434829,0.4650572,-0.20496075,0.2853174,-0.40411046,0.34196168,1.487149082740522,-5.940677533502133,-6.208023934994103,-0.8795748996195821,-0.10114486716816022,0.01051910254055246,1.487149082740522,-5.940677533502133,-6.208023934994103,-0.8795748996195821,-0.10114486716816022,0.01051910254055246,22.113907,-78.773384,-69.09531,-9.341085,-1.1156279,0.120654106
19.133334331214428,0.14963773,-1.572398,1.12659,-0.053958666,1.3613096,-0.588214,1.3348011,0.4557742,-0.20055416,0.27596977,-0.40279958,0.33529642,0.15395502155870902,-6.14767923254413,-6.310170765728534,-0.8739930312736784,0.02906402456468598,0.006561125478436869,0.15395502155870902,-6.14767923254413,-6.310170765728534,-0.8739930312736784,0.02906402456468598,0.006561125478436869,2.2893112,-81.51823,-70.2322,-9.281806,0.3205762,0.07525611
19.15000099875033,0.17230639,-1.564757,1.1233485,-0.04952349,1.3544203,-0.5826598,1.3608302,0.45242533,-0.19830342,0.26624987,-0.41341013,0.33321196,1.4704288054250116,-6.110034557129643,-6.236127251884686,-0.8684898275889021,-0.09668417011513455,0.010457346516270791,1.4704288054250116,-6.110034557129643,-6.236127251884686,-0.8684898275889021,-0.09668417011513455,0.010457346516270791,21.865276,-81.01906,-69.4081,-9.223362,-1.0664264,0.119945765
19.16666766628623,0.1953918,-1.5571756,1.1201433,-0.045256857,1.3473555,-0.57713866,1.3856903,0.44879103,-0.19604181,0.25611067,-0.42387003,0.3312146,1.444060961191656,-6.221269518361732,-6.260182808244538,-0.8623388976476063,-0.09312003931994883,0.010299869693666306,1.444060961191656,-6.221269518361732,-6.260182808244538,-0.8623388976476063,-0.09312003931994883,0.010299869693666306,21.473186,-82.49403,-69.675835,-9.158039,-1.027114,0.118139505
19.18333433382213,0.21830206,-1.5497488,1.1170095,-0.041142896,1.3403212,-0.5717237,1.3752412,0.43954474,-0.19181933,0.24678838,-0.4221666,0.3249216,0.0872201861834959,-6.393375655644619,-6.345378399323688,-0.8540737202387522,0.03858814429718045,0.006482802792643087,0.0872201861834959,-6.393375655644619,-6.345378399323688,-0.8540737202387522,0.03858814429718045,0.006482802792643087,1.2969642,-84.77616,-70.62406,-9.070263,0.42562723,0.07435775
19.200001001358032,0.24160819,-1.5423841,1.1139103,-0.037209198,1.3331114,-0.56633544,1.3990657,0.43574446,-0.18966131,0.23616315,-0.4326149,0.3232626,1.4201338049061922,-6.381413731639741,-6.285313883024834,-0.8510611151571328,-0.08820787085691367,0.01024944218949016,1.4201338049061922,-6.381413731639741,-6.285313883024834,-0.8510611151571328,-0.08820787085691367,0.01024944218949016,21.11739,-84.617546,-69.95554,-9.038269,-0.9729328,0.1175611
19.216667668893933,0.26529366,-1.5350865,1.1108469,-0.03345903,1.32573,-0.56097245,1.4216774,0.43167198,-0.18750931,0.22512648,-0.44288692,0.32172787,1.3883962676119468,-6.4880975231326,-6.307800375226373,-0.8447298671341661,-0.08424369184298615,0.01009903270052949,1.3883962676119468,-6.4880975231326,-6.307800375226373,-0.8447298671341661,-0.08424369184298615,0.01009903270052949,20.645452,-86.03217,-70.20582,-8.971031,-0.9292079,0.115835905
19.233334336429834,0.2887754,-1.5279408,1.1078496,-0.02986014,1.3183855,-0.55570847,1.4095174,0.4224881,-0.18348545,0.21586116,-0.44077432,0.31583145,0.014659712277728597,-6.624548611417975,-6.375233803583712,-0.8338671395109648,0.048170485284689445,0.006429569141284839,0.014659712277728597,-6.624548611417975,-6.375233803583712,-0.8338671395109648,0.048170485284689445,0.006429569141284839,0.21798992,-87.841515,-70.95635,-8.855669,0.53132045,0.07374716
19.250001003965735,0.31261492,-1.5208668,1.1048862,-0.026456863,1.3108705,-0.55046326,1.4310528,0.41825795,-0.18145777,0.20433627,-0.45100614,0.31468487,1.3573145657958163,-6.6382193817092645,-6.330083965291231,-0.8335145853333554,-0.0789173602625552,0.010062906153844352,1.3573145657958163,-6.6382193817092645,-6.330083965291231,-0.8335145853333554,-0.0789173602625552,0.010062906153844352,20.183268,-88.02279,-70.453835,-8.851925,-0.8704585,0.11542153
19.266667671501637,0.33679512,-1.5138651,1.1019564,-0.023251975,1.3031877,-0.5452341,1.4513392,0.41377425,-0.17945512,0.19241112,-0.46103957,0.31369933,1.3203385538435977,-6.7393566148852875,-6.350829337806393,-0.8271335881982147,-0.07459295412030743,0.00992093589270541,1.3203385538435977,-6.7393566148852875,-6.350829337806393,-0.8271335881982147,-0.07459295412030743,0.00992093589270541,19.633434,-89.36387,-70.68473,-8.784159,-0.8227603,0.113793135
19.283334339037538,0.36074415,-1.507015,1.0990891,-0.020196417,1.2955474,-0.5400976,1.4375329,0.40467748,-0.1756403,0.18323572,-0.45850778,0.30821744,-0.06315209517642485,-6.839505363913143,-6.399686938454627,-0.813752873020208,0.057731762001542536,0.006404168312717959,-0.06315209517642485,-6.839505363913143,-6.399686938454627,-0.813752873020208,0.057731762001542536,0.006404168312717959,-0.93907166,-90.69184,-71.228516,-8.6420555,0.63678133,0.07345581
19.30000100657344,0.38501164,-1.5002414,1.0962532,-0.01735164,1.28774,-0.53496903,1.4567101,0.4000471,-0.17378193,0.17082265,-0.46847063,0.3076693,1.282337806973589,-6.878414125284278,-6.3702585883539,-0.8162229074596686,-0.06888141333786661,0.009900295121210392,1.282337806973589,-6.878414125284278,-6.3702585883539,-0.8162229074596686,-0.06888141333786661,0.009900295121210392,19.068363,-91.20777,-70.90098,-8.668287,-0.759762,0.113556385
19.31666767410934,0.40958023,-1.4935474,1.0934459,-0.014719865,1.279771,-0.52984625,1.4746068,0.39517564,-0.17196396,0.15802224,-0.4782081,0.30731487,1.2401992551576555,-6.973758542160104,-6.3893869130973435,-0.8099313509666314,-0.06420601527472572,0.009768219127172788,1.2401992551576555,-6.973758542160104,-6.3893869130973435,-0.8099313509666314,-0.06420601527472572,0.009768219127172788,18.441763,-92.47204,-71.11388,-8.601471,-0.70819235,0.11204147
19.33333434164524,0.43389112,-1.4870045,1.0906976,-0.012234919,1.2718517,-0.52480894,1.4592284,0.38619208,-0.16836289,0.1489708,-0.4752445,0.30226177,-0.14545322667053265,-7.0366089879837155,-6.41867199783805,-0.7940988307169827,0.06723122929618884,0.0064073693991330985,-0.14545322667053265,-7.0366089879837155,-6.41867199783805,-0.7940988307169827,0.06723122929618884,0.0064073693991330985,-2.1628895,-93.305435,-71.43982,-8.43333,0.74156046,0.07349253
19.350001009181142,0.45848033,-1.4805446,1.0879776,-0.009975632,1.2637721,-0.51976895,1.4759887,0.3811907,-0.16670386,0.13568534,-0.48488528,0.30239064,1.1955320233856181,-7.100474960304134,-6.405747268827563,-0.7995394439122547,-0.058119397539500205,0.009763604574028886,1.1955320233856181,-7.100474960304134,-6.405747268827563,-0.7995394439122547,-0.058119397539500205,0.009763604574028886,17.777561,-94.1523,-71.29597,-8.491109,-0.64105695,0.111988544
19.366667676717043,0.4833298,-1.4741689,1.085284,-0.007943679,1.2555324,-0.5147223,1.4914472,0.37596637,-0.1651001,0.1220281,-0.49427962,0.30274618,1.1486433140768169,-7.1891203545157545,-6.423085119310843,-0.7934634968385859,-0.053131764084235825,0.009641381274541772,1.1486433140768169,-7.1891203545157545,-6.423085119310843,-0.7934634968385859,-0.053131764084235825,0.009641381274541772,17.080326,-95.327736,-71.48894,-8.426582,-0.58604336,0.11058664
19.383334344252944,0.507897,-1.4679418,1.0826452,-0.006055458,1.247353,-0.50975364,1.474581,0.36712176,-0.16172083,0.11313672,-0.49087134,0.29812947,-0.23117270658861172,-7.214888835924244,-6.432558455557193,-0.7753061484931328,0.07664257033997413,0.00643892296522518,-0.23117270658861172,-7.214888835924244,-6.432558455557193,-0.7753061484931328,0.07664257033997413,0.00643892296522518,-3.4375381,-95.669426,-71.594376,-8.233751,0.84536755,0.07385445
19.400001011788845,0.5327015,-1.4618024,1.0800313,-0.004407415,1.2390178,-0.50476974,1.488883,0.36177933,-0.1602941,0.09899987,-0.50014156,0.2990102,1.0978363950379197,-7.303590616309625,-6.436920851495816,-0.7838476400141887,-0.046666767633944777,0.00965281372602441,1.0978363950379197,-7.303590616309625,-6.436920851495816,-0.7838476400141887,-0.046666767633944777,0.00965281372602441,16.324827,-96.84561,-71.64293,-8.324462,-0.51473445,0.11071777
19.416667679324746,0.5577257,-1.4557552,1.0774391,-0.0030006391,1.230533,-0.49976683,1.5018673,0.35622954,-0.1589357,0.08450911,-0.50913805,0.30014515,1.0464877992487627,-7.3852596599412,-6.452585444831676,-0.7781196673262142,-0.041364199555363315,0.009542272313325011,1.0464877992487627,-7.3852596599412,-6.452585444831676,-0.7781196673262142,-0.041364199555363315,0.009542272313325011,15.561274,-97.92854,-71.817276,-8.263631,-0.45624712,0.10944986
19.433334346860647,0.5824436,-1.449854,1.0748985,-0.0017339028,1.2221133,-0.49483442,1.4835993,0.3475513,-0.15577929,0.07581458,-0.50529,0.29596862,-0.31954426050346496,-7.373164825669601,-6.441384698502779,-0.7576955015825463,0.08598521743594574,0.0064975818344688244,-0.31954426050346496,-7.373164825669601,-6.441384698502779,-0.7576955015825463,0.08598521743594574,0.0064975818344688244,-4.751623,-97.768166,-71.69261,-8.046726,0.94841695,0.07452726
19.45000101439655,0.60735744,-1.4440447,1.0723777,-0.0007213984,1.2135453,-0.4898731,1.4954156,0.34190407,-0.1546129,0.060852293,-0.51413834,0.29766944,0.9901514931982127,-7.4864227847276235,-6.463727925344297,-0.7694591012153698,-0.03450830633383065,0.009568130439951196,0.9901514931982127,-7.4864227847276235,-6.463727925344297,-0.7694591012153698,-0.03450830633383065,0.009568130439951196,14.723553,-99.269966,-71.94129,-8.171656,-0.38062662,0.109746456
19.46666768193245,0.63244903,-1.4383323,1.0698752,3.6380377e-05,1.2048326,-0.4848782,1.5059048,0.3360672,-0.1535237,0.04555641,-0.5226915,0.2996508,0.9347539823489777,-7.560533204229709,-6.477615754023823,-0.7641785113375964,-0.02890028741720689,0.009467358576700597,0.9347539823489777,-7.560533204229709,-6.477615754023823,-0.7641785113375964,-0.02890028741720689,0.009467358576700597,13.899792,-100.25267,-72.09586,-8.115576,-0.31877017,0.1085906
19.48333434946835,0.65721285,-1.4327624,1.0674207,0.0006584237,1.1961943,-0.47994676,1.4863333,0.32757792,-0.15059277,0.037097175,-0.51839286,0.29591054,-0.40924018392966915,-7.511432929635947,-6.445798505455763,-0.7416084436822522,0.095307643264397,0.0065798539125929735,-0.40924018392966915,-7.511432929635947,-6.445798505455763,-0.7416084436822522,0.095307643264397,0.0065798539125929735,-6.0854015,-99.6016,-71.74174,-7.8758817,1.0512433,0.075470924
19.50000101700425,0.6821313,-1.4272898,1.0649819,0.0010127292,1.1874166,-0.47497144,1.495649,0.3216587,-0.1497112,0.02134034,-0.52677137,0.29849327,0.8735929949618702,-7.648813239050128,-6.486598286453068,-0.7566701669926473,-0.021617507675184732,0.009506270484292412,0.8735929949618702,-7.648813239050128,-6.486598286453068,-0.7566701669926473,-0.021617507675184732,0.009506270484292412,12.990328,-101.42326,-72.19584,-8.035837,-0.23844111,0.10903692
19.516667684540153,0.7071854,-1.4219166,1.0625553,0.0010994041,1.1785015,-0.46994784,1.5036361,0.31557104,-0.14891759,0.005272468,-0.53483725,0.30137768,0.8146867065840147,-7.7149576730857605,-6.498736769683919,-0.7519422053392774,-0.015707777395966047,0.009415850186202456,0.8146867065840147,-7.7149576730857605,-6.498736769683919,-0.7519422053392774,-0.015707777395966047,0.009415850186202456,12.114391,-102.30034,-72.33094,-7.985626,-0.17325678,0.1079998
19.533334352076054,0.73189175,-1.4166838,1.0601729,0.001055267,1.1696682,-0.46498036,1.4828609,0.30729172,-0.14620785,-0.002912975,-0.53009146,0.29806623,-0.4992463882128184,-7.62939107903528,-6.446063100809678,-0.7272911161577186,0.10468118966760576,0.006683743717157019,-0.4992463882128184,-7.62939107903528,-6.446063100809678,-0.7272911161577186,0.10468118966760576,0.006683743717157019,-7.423794,-101.165726,-71.74468,-7.7238317,1.1546335,0.07666254
19.550001019611955,0.75671124,-1.4115508,1.057802,0.0007305259,1.1607035,-0.45995355,1.4896768,0.30113834,-0.1456306,-0.01942793,-0.53795606,0.30158424,0.7494174159446978,-7.790167622976174,-6.505607337643194,-0.7457029572538962,-0.007949912699373441,0.00946403277263292,0.7494174159446978,-7.790167622976174,-6.505607337643194,-0.7457029572538962,-0.007949912699373441,0.00946403277263292,11.143837,-103.29762,-72.40741,-7.9193654,-0.08768754,0.108552456
19.566667687147856,0.7816247,-1.4065228,1.0554388,0.0001258906,1.1516128,-0.45486242,1.4951705,0.29483387,-0.14515032,-0.03622935,-0.5454852,0.30542424,0.6876034149806133,-7.848529614294637,-6.516230224170667,-0.7416214646592653,-0.0017270526881663236,0.009383340451440918,0.6876034149806133,-7.848529614294637,-6.516230224170667,-0.7416214646592653,-0.0017270526881663236,0.009383340451440918,10.224663,-104.0715,-72.52564,-7.87602,-0.019049391,0.107626915
19.583334354683757,0.8061723,-1.4016303,1.0531158,-0.0006040094,1.1426095,-0.4498207,1.4732971,0.28679153,-0.142661,-0.04410157,-0.54030067,0.30252674,-0.5884410393823292,-7.726771727226798,-6.442483523249733,-0.7149572426316428,0.11420325593092392,0.0068036389537967585,-0.5884410393823292,-7.726771727226798,-6.442483523249733,-0.7149572426316428,0.11420325593092392,0.0068036389537967585,-8.750118,-102.45699,-71.70484,-7.592846,1.2596619,0.07803774
19.600001022219658,0.83079153,-1.3968424,1.0507984,-0.0016266569,1.133484,-0.44470328,1.4776276,0.2804413,-0.14240737,-0.061334103,-0.54760784,0.30702704,0.619083807303269,-7.910741975764164,-6.521190358836267,-0.7367583542444837,0.006552063543366392,0.009438008355803352,0.619083807303269,-7.910741975764164,-6.521190358836267,-0.7367583542444837,0.006552063543366392,0.009438008355803352,9.205776,-104.89644,-72.58085,-7.8243737,0.07226926,0.108253956
19.61666768975556,0.8554638,-1.392161,1.0484821,-0.002940743,1.1242408,-0.43950495,1.4806474,0.27396366,-0.14225604,-0.07882629,-0.55456275,0.31186435,0.5548663161790203,-7.960701851823211,-6.5300611579943,-0.7333616752408992,0.013101833145508201,0.00936346877213655,0.5548663161790203,-7.960701851823211,-6.5300611579943,-0.7333616752408992,0.013101833145508201,0.00936346877213655,8.250862,-105.55891,-72.67958,-7.788301,0.14451322,0.10739899
19.63333435729146,0.8797533,-1.3876114,1.0462023,-0.00437392,1.115093,-0.4343494,1.4577868,0.26617855,-0.13997556,-0.0863455,-0.548938,0.30936307,-0.675566980481228,-7.804115721183305,-6.43541073863397,-0.7047441719615527,0.12399226237942929,0.006935673375283518,-0.675566980481228,-7.804115721183305,-6.43541073863397,-0.7047441719615527,0.12399226237942929,0.006935673375283518,-10.045681,-103.482574,-71.62612,-7.484383,1.3676347,0.07955217
19.65000102482736,0.90407366,-1.3831687,1.0439234,-0.006111179,1.1058327,-0.42910132,1.4596595,0.25967172,-0.1400557,-0.104249984,-0.55564785,0.31488407,0.4839938842937621,-8.010455170368177,-6.533351462913437,-0.7299335662928005,0.02196016683431506,0.009422169213931042,0.4839938842937621,-8.010455170368177,-6.533351462913437,-0.7299335662928005,0.02196016683431506,0.009422169213931042,7.196989,-106.218636,-72.7162,-7.7518945,0.24222064,0.10807228
19.666667692363262,0.9284062,-1.3788344,1.0416411,-0.008150623,1.0964663,-0.42375475,1.4602395,0.253058,-0.14024447,-0.12238507,-0.5619893,0.32075268,0.41803002116979976,-8.052422593981252,-6.540749165139965,-0.7272789931791201,0.028850350289158895,0.009353532932484367,0.41803002116979976,-8.052422593981252,-6.540749165139965,-0.7272789931791201,0.028850350289158895,0.009353532932484367,6.2161064,-106.77512,-72.79854,-7.723703,0.31821936,0.10728502
19.683334359899163,0.9523417,-1.3746278,1.0393916,-0.01030236,1.0872021,-0.41844493,1.4365065,0.2455494,-0.13816796,-0.12951133,-0.5559359,0.31862304,-0.7595071234635724,-7.862323513577607,-6.425471961337601,-0.6967721461351758,0.13416159293485141,0.007074691985312398,-0.7595071234635724,-7.862323513577607,-6.425471961337601,-0.6967721461351758,0.13416159293485141,0.007074691985312398,-11.293871,-104.25441,-71.5155,-7.39972,1.4798024,0.08114672
19.700001027435064,0.9762676,-1.3705292,1.0371367,-0.01276862,1.0778368,-0.4130252,1.4359599,0.23892583,-0.13859549,-0.1480375,-0.5620153,0.325193,0.34553743322663605,-8.090146670334299,-6.542576655330469,-0.7253165972434868,0.03835481616008963,0.009411859221321246,0.34553743322663605,-8.090146670334299,-6.542576655330469,-0.7253165972434868,0.03835481616008963,0.009411859221321246,5.1381416,-107.275345,-72.81888,-7.7028623,0.42305362,0.107954025
19.716667694970965,1.000166,-1.3665409,1.0348734,-0.015546936,1.0683746,-0.40748936,1.4341484,0.23221476,-0.13913336,-0.1667635,-0.5677109,0.332118,0.27864093177656885,-8.124270086734363,-6.548509486387789,-0.7234135141031441,0.045583886875418894,0.009346798179247323,0.27864093177656885,-8.124270086734363,-6.548509486387789,-0.7234135141031441,0.045583886875418894,0.009346798179247323,4.1433907,-107.72782,-72.88491,-7.6826515,0.5027903,0.107207775
19.733334362506866,1.0236546,-1.362677,1.0326394,-0.018430127,1.0590218,-0.4019844,1.4096582,0.22500184,-0.13724965,-0.17345686,-0.5612394,0.3303309,-0.8393371674384379,-7.9019865838650665,-6.412814569601793,-0.6910511329349152,0.14485094834757414,0.007214999344417502,-0.8393371674384379,-7.9019865838650665,-6.412814569601793,-0.6910511329349152,0.14485094834757414,0.007214999344417502,-12.480944,-104.78034,-71.374626,-7.338963,1.597706,0.08275604
19.750001030042768,1.0470941,-1.3589209,1.0303955,-0.021637307,1.0495764,-0.396352,1.4067477,0.21830386,-0.1380311,-0.19255008,-0.56665397,0.3379704,0.20542645021501452,-8.150275044851174,-6.548861137726021,-0.7228908790257916,0.055792460307573476,0.009400842495347067,0.20542645021501452,-8.150275044851174,-6.548861137726021,-0.7228908790257916,0.055792460307573476,0.009400842495347067,3.0546913,-108.07265,-72.888824,-7.677101,0.61539084,0.10782766
19.76666769757867,1.0704665,-1.3552778,1.0281364,-0.025165468,1.0400469,-0.39058536,1.4026031,0.211537,-0.13892733,-0.21181044,-0.5716676,0.34596673,0.13812205578227452,-8.176964692220789,-6.553532685231005,-0.7217514537373056,0.06338917765958896,0.009337319637654445,0.13812205578227452,-8.176964692220789,-6.553532685231005,-0.7217514537373056,0.06338917765958896,0.009337319637654445,2.053875,-108.42655,-72.94082,-7.6650004,0.6991826,0.107099056
19.78333436511457,1.0934192,-1.3517526,1.0259029,-0.028790489,1.0306352,-0.38484463,1.3774772,0.20464069,-0.13722445,-0.2180319,-0.56478995,0.34448868,-0.9139556730843745,-7.92390872270633,-6.397638038162272,-0.6875534291096775,0.1561757335853058,0.00735156517394647,-0.9139556730843745,-7.92390872270633,-6.397638038162272,-0.6875534291096775,0.1561757335853058,0.00735156517394647,-13.590521,-105.07103,-71.20571,-7.3018174,1.7226183,0.08432245
19.80000103265047,1.1162845,-1.3483357,1.0236528,-0.03274792,1.0211439,-0.37895763,1.3722675,0.19790708,-0.13836262,-0.23763348,-0.56951237,0.3532072,0.06509741120636664,-8.192010019339767,-6.5524729328549665,-0.7226073809262723,0.07433627047326927,0.009385128071127295,0.06509741120636664,-8.192010019339767,-6.5524729328549665,-0.7226073809262723,0.07433627047326927,0.009385128071127295,0.9679985,-108.62605,-72.92902,-7.6740904,0.81992906,0.10764742
19.816667700186372,1.1390465,-1.345032,1.021383,-0.03703424,1.01158,-0.37291914,1.3658605,0.19112566,-0.13961433,-0.2573676,-0.573827,0.3622802,-0.002025355407673798,-8.211210662243413,-6.555686463992657,-0.7221871625681158,0.08229914839875126,0.009320940052621138,-0.002025355407673798,-8.211210662243413,-6.555686463992657,-0.7221871625681158,0.08229914839875126,0.009320940052621138,-0.030117035,-108.88065,-72.96479,-7.6696277,0.9077596,0.10691118
19.833334367722273,1.1613784,-1.3418416,1.0191375,-0.041408803,1.0021384,-0.36690202,1.3402172,0.18455903,-0.13807827,-0.26307768,-0.5665649,0.36107203,-0.982585719710801,-7.929726855247808,-6.38038244530197,-0.6862107867799462,0.16824350720195477,0.007479608630552017,-0.982585719710801,-7.929726855247808,-6.38038244530197,-0.6862107867799462,0.16824350720195477,0.007479608630552017,-14.61105,-105.14818,-71.01366,-7.2875586,1.8557259,0.08579111
19.850001035258174,1.1835866,-1.3387591,1.0168688,-0.046123084,0.99262863,-0.36072126,1.3327826,0.17783166,-0.13957769,-0.28312513,-0.5705703,0.37087014,-0.07414468279122184,-8.216299802109846,-6.553522403028133,-0.7243739234076606,0.09404308452243063,0.009358105913077423,-0.07414468279122184,-8.216299802109846,-6.553522403028133,-0.7243739234076606,0.09404308452243063,0.009358105913077423,-1.1025314,-108.948135,-72.940704,-7.692851,1.0372952,0.107337475
19.866667702794075,1.2056546,-1.3357896,1.0145737,-0.051173095,0.98305845,-0.35437047,1.3241937,0.17107703,-0.14118761,-0.30326885,-0.57415897,0.3810172,-0.1404042041935052,-8.228386581213766,-6.555291627402361,-0.7246294039566414,0.1023729498129159,0.009292047129783198,-0.1404042041935052,-8.228386581213766,-6.555291627402361,-0.7246294039566414,0.1023729498129159,0.009292047129783198,-2.0878105,-109.108406,-72.960396,-7.6955643,1.1291736,0.10657978
19.883334370329976,1.2272859,-1.3329273,1.0122993,-0.05630216,0.97361743,-0.34803742,1.2981569,0.16485582,-0.13980247,-0.30843,-0.5665273,0.38003662,-1.0443245554900282,-7.920382860738947,-6.361051218421847,-0.6868882367839921,0.18114784254556554,0.007594639878742779,-1.0443245554900282,-7.920382860738947,-6.361051218421847,-0.6868882367839921,0.18114784254556554,0.007594639878742779,-15.529106,-105.02428,-70.7985,-7.294753,1.9980607,0.08711052
19.900001037865877,1.2487582,-1.3301723,1.0099972,-0.061777078,0.9641203,-0.34152272,1.2885854,0.15817386,-0.14165491,-0.32885653,-0.56979805,0.39090493,-0.21075779107407427,-8.224189838852459,-6.551838863677841,-0.7280086617909808,0.11491572327324184,0.009316450217129775,-0.21075779107407427,-8.224189838852459,-6.551838863677841,-0.7280086617909808,0.11491572327324184,0.009316450217129775,-3.1339684,-109.05276,-72.92197,-7.731452,1.2675204,0.106859684
19.916667705401778,1.270055,-1.3275279,1.0076624,-0.0675934,0.9545752,-0.33482042,1.2779062,0.1514853,-0.14361773,-0.34934223,-0.5726433,0.40211114,-0.27562560214239556,-8.229678860257295,-6.552272087158861,-0.728897006722718,0.12361140869361968,0.009246899339564489,-0.27562560214239556,-8.229678860257295,-6.552272087158861,-0.728897006722718,0.12361140869361968,0.009246899339564489,-4.0985527,-109.12554,-72.92679,-7.740886,1.3634338,0.106061935
19.93333437293768,1.290911,-1.3249859,1.0053468,-0.073479086,0.9451649,-0.32813293,1.2515967,0.14561883,-0.14236695,-0.35391757,-0.5646663,0.4013107,-1.0986018998557157,-7.897652903653198,-6.339956936489218,-0.6894359480863238,0.19495139204148046,0.007692958961493468,-1.0986018998557157,-7.897652903653198,-6.339956936489218,-0.6894359480863238,0.19495139204148046,0.007692958961493468,-16.33621,-104.72288,-70.56372,-7.32181,2.1503139,0.08823824
19.95000104047358,1.3115746,-1.32255,1.0029973,-0.07971547,0.93571156,-0.3212461,1.2399857,0.13902132,-0.14456913,-0.37465382,-0.5671855,0.4132305,-0.3434351168788353,-8.217177815386972,-6.547624531460579,-0.7333510339596852,0.13695239804597303,0.009256502598809904,-0.3434351168788353,-8.217177815386972,-6.547624531460579,-0.7333510339596852,0.13695239804597303,0.009256502598809904,-5.10688,-108.95978,-72.87506,-7.788188,1.510585,0.106172085
19.96666770800948,1.3320289,-1.3202225,1.0006095,-0.08629777,0.9262221,-0.31415457,1.2273155,0.13243844,-0.14687638,-0.39541057,-0.5692776,0.42547148,-0.40650229848465347,-8.216280814928886,-6.5465469565995615,-0.7347845537289838,0.14599855661608369,0.009181963015143103,-0.40650229848465347,-8.216280814928886,-6.5465469565995615,-0.7347845537289838,0.14599855661608369,0.009181963015143103,-6.044689,-108.94788,-72.86307,-7.803412,1.6103641,0.105317116
19.983334375545382,1.3520393,-1.3179917,0.9982388,-0.09293916,0.9168731,-0.30707565,1.200856,0.12693833,-0.14574334,-0.3993639,-0.56097835,0.42480153,-1.14482348608185,-7.862645720284808,-6.317024196683021,-0.6936518710436346,0.20968965909098455,0.007772029953202478,-1.14482348608185,-7.862645720284808,-6.317024196683021,-0.6936518710436346,0.20968965909098455,0.007772029953202478,-17.023525,-104.25868,-70.30848,-7.366583,2.312877,0.08914518
20.000001043081284,1.3718237,-1.3158648,0.99582934,-0.099934876,0.90749407,-0.29978025,1.1873083,0.120464385,-0.14828539,-0.42033744,-0.56273574,0.4377424,-0.47118745558840686,-8.196322410894195,-6.5406483995518165,-0.7401691767230996,0.16012338757623032,0.009175810277617902,-0.47118745558840686,-8.196322410894195,-6.5406483995518165,-0.7401691767230996,0.16012338757623032,0.009175810277617902,-7.0065575,-108.683235,-72.79742,-7.8605967,1.766161,0.105246544
20.016667710617185,1.3913683,-1.3138447,0.9933763,-0.10727981,0.8980916,-0.2922634,1.1727631,0.114023745,-0.15092804,-0.4412911,-0.5640655,0.4509843,-0.531437353712645,-8.189827068898474,-6.538190953065335,-0.7420778723535341,0.16945255742976587,0.009096281987849586,-0.531437353712645,-8.189827068898474,-6.538190953065335,-0.7420778723535341,0.16945255742976587,0.009096281987849586,-7.9024734,-108.59711,-72.770065,-7.880867,1.8690617,0.104334354
20.033334378153086,1.4104698,-1.311914,0.99093795,-0.11467302,0.88883436,-0.28475812,1.146273,0.10890069,-0.1498957,-0.44458956,-0.55547357,0.45039114,-1.1826783919703183,-7.816754279273308,-6.292256426404214,-0.6993169389426597,0.22536495654883434,0.007829109065513977,-1.1826783919703183,-7.816754279273308,-6.292256426404214,-0.6993169389426597,0.22536495654883434,0.007829109065513977,-17.586428,-103.65016,-70.032814,-7.426746,2.4857755,0.08979988
20.050001045688987,1.4293157,-1.3100843,0.9884559,-0.12242285,0.87956005,-0.27702004,1.1309022,0.10258629,-0.15276584,-0.46572456,-0.556465,0.4643131,-0.5927369990602146,-8.163182875689339,-6.530922806594999,-0.7482317656895985,0.1843338540112659,0.009072419343664007,-0.5927369990602146,-8.163182875689339,-6.530922806594999,-0.7482317656895985,0.1843338540112659,0.009072419343664007,-8.813999,-108.243805,-72.68917,-7.9462214,2.0332024,0.10406065
20.066667713224888,1.4478915,-1.3083584,0.98592484,-0.13052393,0.87027454,-0.26904446,1.1145924,0.09632373,-0.1557307,-0.48679927,-0.5570301,0.47851276,-0.6501043251719985,-8.151491375170862,-6.527012142102566,-0.750524894441364,0.19393129340108697,0.008987278759531488,-0.6501043251719985,-8.151491375170862,-6.527012142102566,-0.750524894441364,0.19393129340108697,0.008987278759531488,-9.667051,-108.088776,-72.645645,-7.9705744,2.1390622,0.10308409
20.08333438076079,1.466025,-1.3067174,0.9834066,-0.13866204,0.8611389,-0.26108015,1.0881875,0.09158121,-0.1547791,-0.48940971,-0.54817134,0.4779404,-1.2119093114446295,-7.761762224890708,-6.2657660444042,-0.7061954720994623,0.24194559614331965,0.007863697427817812,-1.2119093114446295,-7.761762224890708,-6.2657660444042,-0.7061954720994623,0.24194559614331965,0.007863697427817812,-18.021091,-102.92097,-69.737976,-7.499796,2.66866,0.09019661
20.10000104829669,1.4838753,-1.3051735,0.98083997,-0.14715767,0.8519981,-0.25286743,1.0711159,0.08546492,-0.15796246,-0.51062924,-0.54839724,0.4927945,-0.707066195397547,-8.118773010161847,-6.5181379155435755,-0.7572729933284322,0.20946606872088241,0.008946496087151604,-0.707066195397547,-8.118773010161847,-6.5181379155435755,-0.7572729933284322,0.20946606872088241,0.008946496087151604,-10.514074,-107.65493,-72.546875,-8.042239,2.3104107,0.10261631
20.11666771583259,1.5014282,-1.3037298,0.9782193,-0.15600522,0.8428598,-0.24440208,1.0531658,0.0794176,-0.16123332,-0.53174675,-0.5481981,0.5078965,-0.7611853850312736,-8.10242792420078,-6.512749355758296,-0.7598586899637054,0.21927944660619078,0.008855992643959957,-0.7611853850312736,-8.10242792420078,-6.512749355758296,-0.7598586899637054,0.21927944660619078,0.008855992643959957,-11.318827,-107.438194,-72.4869,-8.069699,2.4186523,0.101578236
20.133334383368492,1.5185426,-1.3023636,0.97561085,-0.16487822,0.83387506,-0.23594879,1.0269622,0.07506191,-0.16034302,-0.53363997,-0.53910387,0.5072876,-1.2322313607580806,-7.698741469807574,-6.237359059788789,-0.7140384106537268,0.2593446188586902,0.00787575346756314,-1.2322313607580806,-7.698741469807574,-6.237359059788789,-0.7140384106537268,0.2593446188586902,0.00787575346756314,-18.32328,-102.08531,-69.42181,-7.583088,2.8605711,0.09033489
20.150001050904393,1.5353465,-1.301091,0.9729485,-0.1741082,0.8248982,-0.22723249,1.0083126,0.06917441,-0.16382419,-0.5548638,-0.5385683,0.52301437,-0.8135865499449001,-8.064939173817814,-6.502430136955652,-0.7670489632701695,0.23538229796201235,0.00879970341011453,-0.8135865499449001,-8.064939173817814,-6.502430136955652,-0.7670489632701695,0.23538229796201235,0.00879970341011453,-12.098032,-106.94109,-72.37205,-8.14606,2.5962667,0.1009326
20.166667718440294,1.5518279,-1.2999144,0.9702274,-0.18368945,0.81593615,-0.21824959,0.9888526,0.06337316,-0.16738217,-0.5759446,-0.53761315,0.5389559,-0.8638254972456604,-8.04435476818056,-6.495425214878846,-0.7698203659776016,0.2453169386060478,0.008704335978473905,-0.8638254972456604,-8.04435476818056,-6.495425214878846,-0.7698203659776016,0.2453169386060478,0.008704335978473905,-12.845085,-106.668144,-72.29408,-8.175492,2.7058458,0.09983873
20.183334385976195,1.5678751,-1.2988096,0.96751803,-0.19328408,0.807131,-0.20928039,0.96296203,0.059404906,-0.16653329,-0.57709265,-0.5283174,0.53825027,-1.243663780145703,-7.62936518742488,-6.207102649616745,-0.7225935966506067,0.2774521100553511,0.007867064804436335,-1.243663780145703,-7.62936518742488,-6.207102649616745,-0.7225935966506067,0.2774521100553511,0.007867064804436335,-18.49328,-101.16538,-69.08505,-7.673944,3.0602968,0.09023523
20.200001053512096,1.5835892,-1.2977929,0.96475077,-0.2032338,0.79834664,-0.20003472,0.9428713,0.053780057,-0.17029214,-0.5982407,-0.5270304,0.5547807,-0.9111262041206079,-8.002578942484446,-6.483388868196527,-0.7772729446209982,0.2618529854962097,0.008634660383256082,-0.9111262041206079,-8.002578942484446,-6.483388868196527,-0.7772729446209982,0.2618529854962097,0.008634660383256082,-13.548447,-106.1142,-72.16012,-8.254639,2.8882384,0.099039555
20.216667721047997,1.5989575,-1.296868,0.96191984,-0.21353284,0.7895891,-0.19050963,0.92203534,0.04825495,-0.17411879,-0.6192028,-0.5253323,0.57148975,-0.957433216990283,-7.9785480758183684,-6.474903994386301,-0.7801434863534127,0.27184449642869635,0.008535634567141013,-0.957433216990283,-7.9785480758183684,-6.474903994386301,-0.7801434863534127,0.27184449642869635,0.008535634567141013,-14.237032,-105.79555,-72.06568,-8.285124,2.9984448,0.09790373
20.2333343885839,1.6138986,-1.2960088,0.95910007,-0.22383294,0.7809914,-0.18100096,0.8965653,0.04467374,-0.17329171,-0.6195809,-0.51586807,0.5706259,-1.2462420999081887,-7.554906094236072,-6.174912499824517,-0.7316073455379508,0.2961193337185428,0.00783904490516616,-1.2462420999081887,-7.554906094236072,-6.174912499824517,-0.7316073455379508,0.2961193337185428,0.00783904490516616,-18.53162,-100.178055,-68.726776,-7.76967,3.2661963,0.089913845
20.2500010561198,1.6284842,-1.2952327,0.95621836,-0.23448479,0.77242637,-0.17120369,0.8751658,0.039339975,-0.17730677,-0.64057076,-0.51384425,0.5878827,-0.999496347084892,-7.933170439431031,-6.460986690058541,-0.7876819136452541,0.28867903127523303,0.008454110794932091,-0.999496347084892,-7.933170439431031,-6.460986690058541,-0.7876819136452541,0.28867903127523303,0.008454110794932091,-14.862511,-105.19384,-71.91078,-8.365182,3.1841297,0.09696865
20.2666677236557,1.6427037,-1.2945437,0.9532694,-0.24548267,0.76390076,-0.16111547,0.8530926,0.03411998,-0.18137881,-0.66133285,-0.5114194,0.6052775,-1.0414155602214636,-7.906068252402373,-6.450901905481384,-0.7905505695809978,0.2986205240216778,0.00835319342775353,-1.0414155602214636,-7.906068252402373,-6.450901905481384,-0.7905505695809978,0.2986205240216778,0.00835319342775353,-15.485849,-104.834465,-71.79854,-8.395647,3.2937844,0.09581113
20.2833343911916,1.6565045,-1.293914,0.95033056,-0.2564688,0.7555369,-0.15104748,0.8281469,0.030925026,-0.18055476,-0.6609185,-0.5018237,0.6041936,-1.240137942942021,-7.476468323582438,-6.140659054655913,-0.7408195969748632,0.3151666004876062,0.007794853283616908,-1.240137942942021,-7.476468323582438,-6.140659054655913,-0.7408195969748632,0.3151666004876062,0.007794853283616908,-18.440851,-99.13797,-68.345535,-7.867504,3.4762876,0.08940697
20.300001058727503,1.6699308,-1.2933625,0.94732654,-0.26780206,0.74721783,-0.14068012,0.80557936,0.025909454,-0.18480197,-0.68166786,-0.49908194,0.6220915,-1.078012924348258,-7.857813770415017,-6.435015216563483,-0.7980066504182116,0.3155873455140986,0.008263687725782187,-1.078012924348258,-7.857813770415017,-6.435015216563483,-0.7980066504182116,0.3155873455140986,0.008263687725782187,-16.030052,-104.19461,-71.62172,-8.474831,3.4809284,0.0947845
20.316667726263404,1.6829723,-1.2928916,0.9442515,-0.2794767,0.73894984,-0.13001184,0.7824091,0.021022158,-0.18909569,-0.7021477,-0.49595296,0.64008176,-1.115423124271026,-7.8280182805356215,-6.423264029640821,-0.8007774245267535,0.3253812478654296,0.008161731044832476,-1.115423124271026,-7.8280182805356215,-6.423264029640821,-0.8007774245267535,0.3253812478654296,0.008161731044832476,-16.586342,-103.79952,-71.49093,-8.504256,3.5889552,0.093615055
20.333334393799305,1.6956058,-1.2924743,0.94118696,-0.29112658,0.730845,-0.11936861,0.75808567,0.018207328,-0.18825436,-0.7009208,-0.48626143,0.6387161,-1.2255508946185956,-7.395413198801907,-6.104350539873231,-0.749979989003327,0.33438596958910893,0.007738335400741829,-1.2255508946185956,-7.395413198801907,-6.104350539873231,-0.749979989003327,0.33438596958910893,0.007738335400741829,-18.223942,-98.06318,-67.94142,-7.9647875,3.6882772,0.08875871
20.350001061335206,1.7078466,-1.2921292,0.93805385,-0.30311733,0.7227967,-0.108416855,0.7344905,0.013534619,-0.19271035,-0.7213476,-0.4828271,0.65716,-1.1464170906154119,-7.777672331797052,-6.405392875568564,-0.8079924825894631,0.34230109895237554,0.008067340568136731,-1.1464170906154119,-7.777672331797052,-6.405392875568564,-0.8079924825894631,0.34230109895237554,0.008067340568136731,-17.047222,-103.131935,-71.29202,-8.58088,3.7755811,0.0925324
20.366667728871107,1.7196871,-1.2918596,0.93484676,-0.3154435,0.71481085,-0.09715579,0.7103673,0.009001116,-0.19720037,-0.7414628,-0.4790199,0.67564934,-1.1790023526651554,-7.745817595837163,-6.3920150441515045,-0.8105709952374188,0.35183198432541934,0.007968127675542856,-1.1790023526651554,-7.745817595837163,-6.3920150441515045,-0.8105709952374188,0.35183198432541934,0.007968127675542856,-17.531765,-102.70954,-71.14313,-8.608264,3.8807068,0.091394424
20.383334396407008,1.7311331,-1.2916356,0.93165004,-0.32773176,0.70698947,-0.08592564,0.6867602,0.0065622483,-0.19632378,-0.7394074,-0.46927086,0.6739397,-1.2027984188159362,-7.312520920421203,-6.065823811190897,-0.7588395515628679,0.3535525753405131,0.007673274358667907,-1.2027984188159362,-7.312520920421203,-6.065823811190897,-0.7588395515628679,0.3535525753405131,0.007673274358667907,-17.885612,-96.96403,-67.51262,-8.058876,3.899685,0.08801246
20.40000106394291,1.7421714,-1.2914779,0.9283823,-0.34035337,0.6992349,-0.07437946,0.6622783,0.0022512022,-0.20096172,-0.7594288,-0.46517485,0.6928286,-1.2044955358139686,-7.693948069668823,-6.372062086737702,-0.8173806070158935,0.3685216307099689,0.007871741716406505,-1.2044955358139686,-7.693948069668823,-6.372062086737702,-0.8173806070158935,0.3685216307099689,0.007871741716406505,-17.910849,-102.02175,-70.92105,-8.680582,4.0647936,0.09028888
20.41666773147881,1.752795,-1.2913893,0.9250374,-0.35330307,0.69155395,-0.06251735,0.6373429,-0.0019101347,-0.20562209,-0.7790987,-0.46071997,0.7117126,-1.2322103247677791,-7.660461586884604,-6.357065151108349,-0.8196837933499037,0.3776866311067251,0.007776270353388765,-1.2322103247677791,-7.660461586884604,-6.357065151108349,-0.8196837933499037,0.3776866311067251,0.007776270353388765,-18.322968,-101.57772,-70.754135,-8.705042,4.1658835,0.08919382
20.43333439901471,1.7630366,-1.2913418,0.9217038,-0.3662014,0.68403786,-0.05069303,0.61453754,-0.003985771,-0.20469056,-0.7762007,-0.45095187,0.7095975,-1.1723590843133984,-7.229186758556337,-6.025212537246251,-0.7671601354739087,0.37243502418884666,0.007604866726250885,-1.1723590843133984,-7.229186758556337,-6.025212537246251,-0.7671601354739087,0.37243502418884666,0.007604866726250885,-17.43298,-95.85902,-67.060616,-8.147241,4.1079583,0.08722782
20.450001066550612,1.7728589,-1.2913547,0.9182965,-0.3794243,0.6765997,-0.038546994,0.5893158,-0.007914029,-0.20948401,-0.7957363,-0.44622594,0.72882307,-1.2518817976006904,-7.607227860532735,-6.33476716595947,-0.8259168003463028,0.3939322093780324,0.007682066953171827,-1.2518817976006904,-7.607227860532735,-6.33476716595947,-0.8259168003463028,0.3939322093780324,0.007682066953171827,-18.615482,-100.87184,-70.50596,-8.771236,4.3450723,0.08811331
20.466667734086514,1.7822552,-1.2914299,0.9148096,-0.3929664,0.66924465,-0.026080228,0.56371146,-0.011682934,-0.2142864,-0.81487966,-0.44116202,0.74799114,-1.2748355262617819,-7.572366245551707,-6.318064755613698,-0.8278448029426532,0.4026270734107397,0.007592914617882672,-1.2748355262617819,-7.572366245551707,-6.318064755613698,-0.8278448029426532,0.4026270734107397,0.007592914617882672,-18.956804,-100.40958,-70.32006,-8.791712,4.4409766,0.08709073
20.483334401622415,1.7912843,-1.2915401,0.91133523,-0.40644377,0.6620537,-0.0136591215,0.54178923,-0.01340229,-0.21328218,-0.81113094,-0.43141338,0.7454119,-1.1346412971665896,-7.145582173205069,-5.982196598789869,-0.7746952401716157,0.39078815352992374,0.007536521452660132,-1.1346412971665896,-7.145582173205069,-5.982196598789869,-0.7746952401716157,0.39078815352992374,0.007536521452660132,-16.872116,-94.75042,-66.58185,-8.227263,4.3103933,0.0864439
20.500001069158316,1.7998843,-1.2917029,0.90778536,-0.42023557,0.6549508,-0.0009125408,0.51596916,-0.016932629,-0.21820326,-0.83009946,-0.42609498,0.7648593,-1.2887693044717632,-7.518462214175033,-6.293506742273486,-0.8333585132088814,0.4182408748706254,0.007505092604220589,-1.2887693044717632,-7.518462214175033,-6.293506742273486,-0.8333585132088814,0.4182408748706254,0.007505092604220589,-19.164,-99.69481,-70.04673,-8.850267,4.613197,0.08608341
20.516667736694217,1.8080494,-1.2919226,0.904154,-0.43433654,0.6479408,0.012157614,0.4898382,-0.020299157,-0.2231202,-0.8486374,-0.42045993,0.78419435,-1.3068800094389001,-7.48294582913544,-6.275293533585677,-0.8348484721785436,0.42636219415465815,0.007423444114359129,-1.3068800094389001,-7.48294582913544,-6.275293533585677,-0.8348484721785436,0.42636219415465815,0.007423444114359129,-19.433306,-99.22386,-69.84402,-8.866091,4.702775,0.085146904
20.533334404230118,1.8158642,-1.292171,0.9005367,-0.44835928,0.64109415,0.0251733,0.46887323,-0.02167511,-0.2220275,-0.8440307,-0.41076988,0.7810937,-1.0901499211427423,-7.0627692957629264,-5.936935027226176,-0.7812278194391571,0.40837484171254357,0.007473029774380645,-1.0901499211427423,-7.0627692957629264,-5.936935027226176,-0.7812278194391571,0.40837484171254357,0.007473029774380645,-16.21053,-93.65232,-66.07809,-8.296639,4.5043745,0.08571565
20.55000107176602,1.8232412,-1.2924646,0.89684224,-0.46268493,0.6343444,0.038516235,0.44259295,-0.024797091,-0.22704838,-0.8623549,-0.40490243,0.8006436,-1.315341736537623,-7.428503252262444,-6.248312347768558,-0.8394847481937733,0.4411577638019137,0.007344102901069621,-1.315341736537623,-7.428503252262444,-6.248312347768558,-0.8394847481937733,0.4411577638019137,0.007344102901069621,-19.559132,-98.50195,-69.54372,-8.915328,4.86597,0.08423686
20.56666773930192,1.8301766,-1.2928077,0.8930647,-0.47730866,0.62769634,0.052183576,0.41607496,-0.027750606,-0.23205183,-0.880211,-0.3987401,0.8200242,-1.3285492600092732,-7.392535202463648,-6.228547897407415,-0.8404526108851317,0.4486041185754273,0.0072725669342014404,-1.3285492600092732,-7.392535202463648,-6.228547897407415,-0.8404526108851317,0.4486041185754273,0.0072725669342014404,-19.755527,-98.02502,-69.32374,-8.925607,4.9481034,0.08341634
20.58333440683782,1.8367788,-1.2931751,0.8893027,-0.49184033,0.62121004,0.06578671,0.39613485,-0.02880069,-0.23085463,-0.87474364,-0.38914743,0.8163469,-1.0394112408040912,-6.981508764206554,-5.88949157221298,-0.7865445986530427,0.42496419233942945,0.007418341083742788,-1.0394112408040912,-6.981508764206554,-5.88949157221298,-0.7865445986530427,0.42496419233942945,0.007418341083742788,-15.456045,-92.57481,-65.55004,-8.353104,4.687355,0.08508837
20.600001074373722,1.8429384,-1.2935816,0.885462,-0.5066623,0.6148286,0.0797168,0.3695356,-0.031506214,-0.23594625,-0.89234746,-0.38277608,0.83587515,-1.331533420462695,-7.3378509705602495,-6.199091442618837,-0.8440638217099867,0.4623921481674623,0.007204284019436956,-1.331533420462695,-7.3378509705602495,-6.199091442618837,-0.8440638217099867,0.4623921481674623,0.007204284019436956,-19.799902,-97.299904,-68.99589,-8.963958,5.1001854,0.08263314
20.616667741909623,1.8486525,-1.2940303,0.8815375,-0.52177006,0.6085571,0.093970016,0.34276757,-0.03403773,-0.24100624,-0.9094466,-0.37613308,0.85517514,-1.3400912204683428,-7.301432406740491,-6.177662646352762,-0.8444259844706333,0.46908256689851546,0.007143619274614994,-1.3400912204683428,-7.301432406740491,-6.177662646352762,-0.8444259844706333,0.46908256689851546,0.007143619274614994,-19.927156,-96.81699,-68.757385,-8.967804,5.1739807,0.08193731
20.633334409445524,1.8540504,-1.2944971,0.8776303,-0.53677195,0.60244465,0.10814845,0.3239109,-0.03477519,-0.23968971,-0.9031203,-0.36667523,0.85087043,-0.9831789602909461,-6.901647530350031,-5.839579017550047,-0.7904167678172082,0.44034701094017825,0.007374014351403287,-0.9831789602909461,-6.901647530350031,-5.839579017550047,-0.7904167678172082,0.44034701094017825,0.007374014351403287,-14.619871,-91.51585,-64.994514,-8.394226,4.8570275,0.084579945
20.650001076981425,1.859003,-1.2949964,0.87364435,-0.5520505,0.59644514,0.122651406,0.2971271,-0.03706005,-0.24482311,-0.9199301,-0.3598485,0.87024903,-1.3378076611065433,-7.246974294901253,-6.145838542982788,-0.8468867695264224,0.4817012862951672,0.0070888370457377345,-1.3378076611065433,-7.246974294901253,-6.145838542982788,-0.8468867695264224,0.4817012862951672,0.0070888370457377345,-19.8932,-96.09488,-68.40318,-8.9939375,5.313165,0.08130896
20.666667744517326,1.8635077,-1.2955306,0.8695732,-0.56760126,0.590563,0.13747407,0.2702439,-0.039168153,-0.2499129,-0.9362012,-0.35277584,0.8893399,-1.3417198422296623,-7.210554580343255,-6.122922254701187,-0.8465915076476707,0.4875583423880805,0.007040010084769158,-1.3417198422296623,-7.210554580343255,-6.122922254701187,-0.8465915076476707,0.4875583423880805,0.007040010084769158,-19.951374,-95.61195,-68.148125,-8.990802,5.3777685,0.080748916
20.683334412053227,1.8677164,-1.2960783,0.8655215,-0.5830326,0.5848376,0.15221055,0.2525245,-0.039612275,-0.24846241,-0.9290207,-0.34349144,0.8843579,-0.9219254915074526,-6.823863379016721,-5.787363249443719,-0.7926582616601288,0.45431773444250945,0.007342679041203146,-0.9219254915074526,-6.823863379016721,-5.787363249443719,-0.7926582616601288,0.45431773444250945,0.007342679041203146,-13.709032,-90.48443,-64.41335,-8.418031,5.0111246,0.08422053
20.70000107958913,1.8714778,-1.2966509,0.86139065,-0.5987257,0.5792312,0.16726692,0.22568591,-0.041474305,-0.25360882,-0.94496614,-0.3362633,0.90345716,-1.3345869740304646,-7.156097043873138,-6.088503608806435,-0.8477480398059566,0.4988604205798152,0.006999954932029078,-1.3345869740304646,-7.156097043873138,-6.088503608806435,-0.8477480398059566,0.4988604205798152,0.006999954932029078,-19.845308,-94.88985,-67.765045,-9.003084,5.5024304,0.08028948
20.71666774712503,1.8747921,-1.2972522,0.85717463,-0.6146762,0.5737484,0.18263747,0.19881599,-0.043160316,-0.25869823,-0.96034074,-0.32881555,0.9222088,-1.3339805218222645,-7.119982274948741,-6.0641834570926685,-0.846739407986571,0.5038228125758097,0.006963267155907522,-1.3339805218222645,-7.119982274948741,-6.0641834570926685,-0.846739407986571,0.5038228125758097,0.006963267155907522,-19.83629,-94.410965,-67.49436,-8.9923725,5.5571656,0.079868674
20.73333441466093,1.8778301,-1.2978617,0.85298043,-0.63049364,0.5684179,0.19790965,0.18227863,-0.04332927,-0.25710237,-0.9523145,-0.319741,0.91650593,-0.8564475084521583,-6.748142501347744,-5.732768179592739,-0.7930798719158281,0.46671117746278795,0.007325416039464363,-0.8564475084521583,-6.748142501347744,-5.732768179592739,-0.7930798719158281,0.46671117746278795,0.007325416039464363,-12.735374,-89.48037,-63.80571,-8.422508,5.1478243,0.08402252
20.75000108219683,1.8804225,-1.2984899,0.848707,-0.6465572,0.5632132,0.21349499,0.1555118,-0.044771694,-0.2622341,-0.96733,-0.31216383,0.93519276,-1.3222636034926394,-7.065664553174786,-6.027220994207308,-0.8464795272453581,0.5136855169522795,0.006936702295916955,-1.3222636034926394,-7.065664553174786,-6.027220994207308,-0.8464795272453581,0.5136855169522795,0.006936702295916955,-19.66206,-93.69071,-67.08297,-8.989613,5.6659513,0.079563975
20.766667749732733,1.8825692,-1.2991388,0.84434915,-0.6628624,0.5581374,0.2293866,0.12877655,-0.046037674,-0.26729536,-0.98174417,-0.3043963,0.95347214,-1.3175202442161493,-7.0297160659260705,-6.001411294037441,-0.8446903552039196,0.5177090628408673,0.0069126058061328675,-1.3175202442161493,-7.0297160659260705,-6.001411294037441,-0.8446903552039196,0.5177090628408673,0.0069126058061328675,-19.591526,-93.214035,-66.79571,-8.970612,5.710331,0.07928759
20.783334417268634,1.8844599,-1.2997926,0.8400157,-0.6790213,0.5532094,0.2451671,0.11345994,-0.045954026,-0.26554343,-0.9728857,-0.29556724,0.94700927,-0.7873495393097601,-6.674808254788545,-5.675917194431575,-0.7915225630650637,0.4773784526779991,0.007322906096707039,-0.7873495393097601,-6.674808254788545,-5.675917194431575,-0.7915225630650637,0.4773784526779991,0.007322906096707039,-11.707888,-88.50796,-63.17296,-8.40597,5.2654843,0.08399373
20.800001084804535,1.8859081,-1.3004571,0.83560336,-0.6954094,0.5484128,0.26125172,0.086886324,-0.046980917,-0.27063373,-0.9869076,-0.28769913,0.96515054,-1.3014106519605462,-6.9756164090485955,-5.961931062408748,-0.8429023505604201,0.5260177449756391,0.006900315920789032,-1.3014106519605462,-6.9756164090485955,-5.961931062408748,-0.8429023505604201,0.5260177449756391,0.006900315920789032,-19.351976,-92.49667,-66.35629,-8.951623,5.8019757,0.07914662
20.816667752340436,1.8869145,-1.3011364,0.83110726,-0.71202224,0.5437491,0.2776326,0.060405236,-0.047836483,-0.27564037,-1.0003012,-0.27967116,0.98282486,-1.292703547731052,-6.940320965751084,-5.934877901171523,-0.8403066861427437,0.5290737394192818,0.006888270274181416,-1.292703547731052,-6.940320965751084,-5.934877901171523,-0.8403066861427437,0.5290737394192818,0.006888270274181416,-19.222502,-92.028656,-66.05519,-8.924057,5.8356833,0.07900846
20.833334419876337,1.8876867,-1.3018165,0.8266379,-0.7284756,0.53922904,0.29388902,0.046340622,-0.047520224,-0.27372286,-0.9906268,-0.27112195,0.9755662,-0.7153995259944913,-6.603492403102317,-5.616639609392548,-0.787816344007934,0.486190558992941,0.007332919884892058,-0.7153995259944913,-6.603492403102317,-5.616639609392548,-0.787816344007934,0.486190558992941,0.007332919884892058,-10.637991,-87.56231,-62.5132,-8.36661,5.362682,0.08410859
20.850001087412238,1.888021,-1.3025002,0.82209074,-0.74514055,0.5348431,0.31043825,0.020072898,-0.048141617,-0.2787438,-1.0035989,-0.263024,0.99302965,-1.2727925981061123,-6.886162621223369,-5.892746917642351,-0.8368752546005106,0.5357497190197057,0.006888420974678232,-1.2727925981061123,-6.886162621223369,-5.892746917642351,-0.8368752546005106,0.5357497190197057,0.006888420974678232,-18.926426,-91.31052,-65.58627,-8.887615,5.9093194,0.07901019
20.86666775494814,1.8879203,-1.3031918,0.8174611,-0.7620122,0.530594,0.32727152,-0.0060425256,-0.048596844,-0.28366956,-1.0159167,-0.25479302,1.0099661,-1.2603382657018378,-6.851533455366822,-5.8645092466342374,-0.8334405902639845,0.5378257547414854,0.006886596979009865,-1.2603382657018378,-6.851533455366822,-5.8645092466342374,-0.8334405902639845,0.5378257547414854,0.006886596979009865,-18.74123,-90.85133,-65.27199,-8.851139,5.932218,0.07898927
20.88333442248404,1.8876059,-1.3038807,0.81286144,-0.77871186,0.5264829,0.34396648,-0.018834662,-0.04807221,-0.28157824,-1.0054493,-0.24655613,1.0018837,-0.641483288927213,-6.5343537481661835,-5.555080746276252,-0.7818375603627351,0.49306531440963125,0.007355259934402904,-0.641483288927213,-6.5343537481661835,-5.555080746276252,-0.7818375603627351,0.49306531440963125,0.007355259934402904,-9.5388565,-86.64553,-61.82805,-8.303115,5.4385104,0.08436483
20.90000109001994,1.8868607,-1.3045679,0.8081848,-0.79560477,0.52250934,0.36094084,-0.044687696,-0.0483015,-0.2865059,-1.0173174,-0.23828705,1.0185367,-1.2369972952436743,-6.797472923589508,-5.81987283300518,-0.8282915571539641,0.5428115346706249,0.006897605910130761,-1.2369972952436743,-6.797472923589508,-5.81987283300518,-0.8282915571539641,0.5428115346706249,0.006897605910130761,-18.39415,-90.13449,-64.775185,-8.796456,5.987211,0.07911554
20.916667757555842,1.8856878,-1.3052559,0.8034272,-0.8126859,0.5186749,0.37818483,-0.07033421,-0.04836853,-0.29132646,-1.0285096,-0.22991647,1.0346065,-1.221251599966638,-6.763248242224324,-5.79035125759841,-0.8239716459802315,0.5438994842556965,0.006905811292353982,-1.221251599966638,-6.763248242224324,-5.79035125759841,-0.8239716459802315,0.5438994842556965,0.006905811292353982,-18.160011,-89.68067,-64.44661,-8.750579,5.9992113,0.079209656
20.933334425091743,1.8843236,-1.3059378,0.7987022,-0.8295823,0.5149731,0.39527634,-0.08183612,-0.047657754,-0.2890548,-1.017271,-0.22202232,1.0256745,-0.5661696977236965,-6.4670165739447825,-5.491137783053964,-0.7734573493569584,0.4979170352247555,0.007387582592685636,-0.5661696977236965,-6.4670165739447825,-5.491137783053964,-0.7734573493569584,0.4979170352247555,0.007387582592685636,-8.418943,-85.75264,-61.116364,-8.214117,5.492025,0.08473557
20.950001092627645,1.8825366,-1.306612,0.79390246,-0.8466531,0.51141053,0.41263157,-0.1071752,-0.04751033,-0.2938637,-1.0279886,-0.21364588,1.0413883,-1.1949530205793966,-6.70927228970765,-5.743261167623926,-0.8170338000281383,0.5471614308499901,0.006925844065292877,-1.1949530205793966,-6.70927228970765,-5.743261167623926,-0.8170338000281383,0.5471614308499901,0.006925844065292877,-17.768951,-88.96495,-63.922497,-8.676899,6.0351906,0.07943943
20.966667760163546,1.8803315,-1.3072808,0.78902376,-0.86389256,0.50798804,0.43023986,-0.13225582,-0.0472077,-0.2985558,-1.0380095,-0.20519795,1.0564622,-1.1761873780117793,-6.6757386266555905,-5.712695948625617,-0.8118292706160897,0.5472798835982654,0.00694153250666837,-1.1761873780117793,-6.6757386266555905,-5.712695948625617,-0.8118292706160897,0.5472798835982654,0.00694153250666837,-17.489906,-88.520294,-63.582306,-8.621627,6.036497,0.07961938
20.983334427699447,1.8779566,-1.30794,0.78418094,-0.8809352,0.5046918,0.44768116,-0.14246012,-0.04633527,-0.2960995,-1.0260298,-0.19767462,1.0466633,-0.49036580119745476,-6.401448084398273,-5.424938561781397,-0.7625973157290012,0.5007126497768427,0.007427607865154795,-0.49036580119745476,-6.401448084398273,-5.424938561781397,-0.7625973157290012,0.5007126497768427,0.007427607865154795,-7.2917395,-84.8832,-60.379566,-8.0987835,5.5228605,0.08519466
21.000001095235348,1.8751695,-1.3085856,0.77926517,-0.8981326,0.5015355,0.4653685,-0.16719256,-0.045830857,-0.3007685,-1.0355548,-0.18925212,1.061311,-1.1474458018484417,-6.621805826822917,-5.663243351171173,-0.8030571731021401,0.5488112528326289,0.006968175315191772,-1.1474458018484417,-6.621805826822917,-5.663243351171173,-0.8030571731021401,0.5488112528326289,0.006968175315191772,-17.06252,-87.805145,-63.0319,-8.528467,6.053388,0.07992497
21.01666776277125,1.8719746,-1.3092208,0.7742722,-0.9154791,0.49851996,0.48329034,-0.19161901,-0.04518039,-0.30531076,-1.044366,-0.18078814,1.0752646,-1.1260672070952815,-6.589014389935662,-5.631723258266123,-0.7969590454676282,0.5479868822279349,0.006990305553235068,-1.1260672070952815,-6.589014389935662,-5.631723258266123,-0.7969590454676282,0.5479868822279349,0.006990305553235068,-16.74462,-87.37033,-62.68108,-8.463705,6.0442953,0.080178805
21.03333443030715,1.8686311,-1.3098444,0.76931834,-0.93261653,0.4956238,0.5010304,-0.20052423,-0.044171013,-0.30266583,-1.0316763,-0.17366272,1.0645884,-0.41477758770591877,-6.3373859112079325,-5.356469030114625,-0.7491777621195591,0.5014261762769463,0.007473030423951752,-0.41477758770591877,-6.3373859112079325,-5.356469030114625,-0.7491777621195591,0.5014261762769463,0.007473030423951752,-6.1677427,-84.03374,-59.6175,-7.956268,5.5307307,0.08571566
21.05000109784305,1.864887,-1.3104485,0.7642938,-0.9498884,0.4928674,0.5189967,-0.22456367,-0.043329477,-0.3071735,-1.0399714,-0.16525668,1.0780474,-1.0953214397828053,-6.534715655342666,-5.57979367813974,-0.7862973796894771,0.5477848208609865,0.007021056899010044,-1.0953214397828053,-6.534715655342666,-5.57979367813974,-0.7862973796894771,0.5477848208609865,0.007021056899010044,-16.28743,-86.65033,-62.103104,-8.350478,6.0420666,0.08053152
21.066667765378952,1.8607483,-1.3110367,0.7591952,-0.9672891,0.49025112,0.5371769,-0.24825437,-0.04235264,-0.31154492,-1.0475409,-0.15683998,1.0907619,-1.0717492016995602,-6.502703843613016,-5.547435242960502,-0.7793149032161735,0.5460545028866365,0.007047647741844888,-1.0717492016995602,-6.502703843613016,-5.547435242960502,-0.7793149032161735,0.5460545028866365,0.007047647741844888,-15.936911,-86.22585,-61.742954,-8.276324,6.022981,0.08083652
21.083334432914853,1.8564829,-1.3116109,0.75413847,-0.9844693,0.48774713,0.5551605,-0.25586691,-0.041231323,-0.30871063,-1.034178,-0.15013535,1.0792015,-0.3402005126994171,-6.274707500751202,-5.285863199431084,-0.733171613876429,0.5000690276905935,0.007521077899591966,-0.3402005126994171,-6.274707500751202,-5.285863199431084,-0.733171613876429,0.5000690276905935,0.007521077899591966,-5.0587816,-83.20262,-58.831657,-7.7862825,5.5157614,0.08626676
21.100001100450754,1.8518294,-1.3121611,0.7490137,-1.0017636,0.4853816,0.5733486,-0.27914065,-0.040078677,-0.31303748,-1.0412143,-0.14180917,1.0913546,-1.039722227136321,-6.44828428150482,-5.493292932775999,-0.7667686979649431,0.5441666514032664,0.007080404313627075,-1.039722227136321,-6.44828428150482,-5.493292932775999,-0.7667686979649431,0.5441666514032664,0.007080404313627075,-15.4606695,-85.50425,-61.14035,-8.143084,6.002158,0.08121224
21.116667767986655,1.8467941,-1.3126905,0.74381757,-1.0191655,0.48315427,0.591728,-0.3020256,-0.038801614,-0.31722054,-1.0475135,-0.13350227,1.1027155,-1.0142979240289214,-6.417029080167975,-5.4601869814479445,-0.7589115710357264,0.5415746977625386,0.007110540515563752,-1.0142979240289214,-6.417029080167975,-5.4601869814479445,-0.7589115710357264,0.5415746977625386,0.007110540515563752,-15.08261,-85.089806,-60.77188,-8.059641,5.973569,0.0815579
21.133334435522556,1.8416536,-1.3132037,0.7386672,-1.0363361,0.48103178,0.6098962,-0.30835608,-0.037592925,-0.31419602,-1.0335171,-0.12723891,1.0902734,-0.26723891196029653,-6.213143580279919,-5.213120384250582,-0.7145548944419388,0.496660960552807,0.007570868824083283,-0.26723891196029653,-6.213143580279919,-5.213120384250582,-0.7145548944419388,0.496660960552807,0.007570868824083283,-3.9738426,-82.386284,-58.02203,-7.588573,5.4781704,0.086837865
21.150001103058457,1.8361387,-1.3136885,0.73345083,-1.0536001,0.4790454,0.62824535,-0.3307957,-0.036156513,-0.31832626,-1.0392715,-0.11905414,1.1010092,-0.9813687748450438,-6.362547378194818,-5.403999883852236,-0.7445023782733695,0.53805327912622,0.007142189568608557,-0.9813687748450438,-6.362547378194818,-5.403999883852236,-0.7445023782733695,0.53805327912622,0.007142189568608557,-14.592954,-84.36738,-60.14652,-7.9066153,5.9347277,0.081920914
21.16666777059436,1.8302568,-1.3141474,0.7281669,-1.0709505,0.4771944,0.6467614,-0.35281003,-0.03460791,-0.3223039,-1.044282,-0.11091762,1.1109082,-0.9544770831458907,-6.332050513358138,-5.370226960297864,-0.7357910752520948,0.5346530800176985,0.007174503782466898,-0.9544770831458907,-6.332050513358138,-5.370226960297864,-0.7357910752520948,0.5346530800176985,0.007174503782466898,-14.193074,-83.96299,-59.770626,-7.814101,5.8972235,0.08229156
21.18333443813026,1.8242912,-1.3145902,0.7229318,-1.0880592,0.4754405,0.66505176,-0.35787797,-0.033338577,-0.3190913,-1.0296929,-0.105113894,1.0975928,-0.19664578415358236,-6.152819580262244,-5.138504837186938,-0.6933667565469689,0.4912639247863161,0.0076191871708751035,-0.19664578415358236,-6.152819580262244,-5.138504837186938,-0.6933667565469689,0.4912639247863161,0.0076191871708751035,-2.9241228,-81.58639,-57.19156,-7.363555,5.418641,0.08739208
21.20000110566616,1.817966,-1.3149997,0.71763384,-1.1052395,0.47381958,0.6834976,-0.37942472,-0.031646166,-0.3230094,-1.0341488,-0.09713112,1.1068075,-0.9212455416014312,-6.27738181642098,-5.312080074834695,-0.7195453859318448,0.5295673069474055,0.007204351574832081,-0.9212455416014312,-6.27738181642098,-5.312080074834695,-0.7195453859318448,0.5295673069474055,0.007204351574832081,-13.698921,-83.23808,-59.12345,-7.641572,5.8411274,0.08263391
21.21666777320206,1.8112874,-1.315379,0.71227145,-1.1224847,0.47233018,0.7020843,-0.4005156,-0.02985716,-0.32676914,-1.0378567,-0.08922538,1.1151438,-0.8933137227964626,-6.247982755865267,-5.277945903219409,-0.7100382318155465,0.5254331763398075,0.007237362778488199,-0.8933137227964626,-6.247982755865267,-5.277945903219409,-0.7100382318155465,0.5254331763398075,0.007237362778488199,-13.283575,-82.84825,-58.743538,-7.540606,5.795528,0.08301255
21.233334440737963,1.8045471,-1.3157418,0.7069609,-1.139479,0.47092992,0.72043085,-0.40434235,-0.028551213,-0.3233709,-1.0227243,-0.08389644,1.1009705,-0.12885743367567748,-6.093447240769054,-5.0620282114034065,-0.6696494959168515,0.483941080779891,0.007666110888500263,-0.12885743367567748,-6.093447240769054,-5.0620282114034065,-0.6696494959168515,0.483941080779891,0.007666110888500263,-1.91611,-80.79911,-56.340374,-7.1116776,5.33787,0.08793029
21.250001108273864,1.7974629,-1.3160677,0.7015912,-1.1565242,0.46965834,0.7389061,-0.42494658,-0.026636397,-0.32706305,-1.0258708,-0.07617497,1.1085671,-0.8601816532671172,-6.1932640018146685,-5.218022938580097,-0.6920204773236579,0.518871023778146,0.0072634391610063255,-0.8601816532671172,-6.1932640018146685,-5.218022938580097,-0.6920204773236579,0.518871023778146,0.0072634391610063255,-12.790901,-82.12268,-58.076595,-7.3492575,5.7231474,0.08331165
21.266667775809765,1.7900426,-1.316361,0.69616014,-1.1736126,0.4685136,0.7574946,-0.4450675,-0.024639403,-0.33059257,-1.0282694,-0.06855864,1.115249,-0.8315581480127577,-6.164885070708722,-5.1836008652843875,-0.6817592290386193,0.5140676783737225,0.007295451324299926,-0.8315581480127577,-6.164885070708722,-5.1836008652843875,-0.6817592290386193,0.5140676783737225,0.007295451324299926,-12.36527,-81.746376,-57.693478,-7.240283,5.6701665,0.08367883
21.283334443345666,1.7825795,-1.3166362,0.6907851,-1.1904414,0.46744975,0.77582914,-0.44768724,-0.023318708,-0.32701245,-1.0126389,-0.063716404,1.1002408,-0.06473133366782953,-6.034709533415229,-4.98371449870669,-0.6434653887416459,0.474785850573321,0.007710531159079168,-0.06473133366782953,-6.034709533415229,-4.98371449870669,-0.6434653887416459,0.474785850573321,0.007710531159079168,-0.96255493,-80.02025,-55.468742,-6.8336024,5.236888,0.08843979
21.300001110881567,1.7747889,-1.3168721,0.6853535,-1.2072986,0.46650922,0.7942637,-0.46730796,-0.021214858,-0.33046988,-1.0144733,-0.056313686,1.1061307,-0.7990023235226127,-6.110371148064845,-5.122208573854622,-0.6620689973992817,0.5061430598213148,0.007316979409927061,-0.7990023235226127,-6.110371148064845,-5.122208573854622,-0.6620689973992817,0.5061430598213148,0.007316979409927061,-11.881165,-81.02352,-57.01018,-7.0311728,5.582758,0.083925754
21.316667778417468,1.7666786,-1.3170717,0.679865,-1.2241772,0.4656898,0.81278294,-0.48642212,-0.019043205,-0.33375913,-1.0155635,-0.049042337,1.1110759,-0.7700407032046289,-6.0829289178862656,-5.087530816447488,-0.6510964445699631,0.5007388044895092,0.00734793796888516,-0.7700407032046289,-6.0829289178862656,-5.087530816447488,-0.6510964445699631,0.5007388044895092,0.00734793796888516,-11.450505,-80.65964,-56.624218,-6.9146442,5.523149,0.08428085
21.33333444595337,1.7585458,-1.317253,0.6744354,-1.2407894,0.46494293,0.8310346,-0.48786682,-0.01773384,-0.33000425,-0.99948984,-0.044695493,1.09526,-0.0043037840401316625,-5.977331423291973,-4.9041377887571596,-0.6149967286995351,0.46393142866202086,0.007751454138818157,-0.0043037840401316625,-5.977331423291973,-4.9041377887571596,-0.6149967286995351,0.46393142866202086,0.007751454138818157,-0.06399727,-79.259415,-54.583054,-6.5312653,5.1171637,0.08890918
21.35000111348927,1.7501018,-1.3173935,0.66895306,-1.2574089,0.46431327,0.8493566,-0.5064722,-0.015477519,-0.33321804,-1.0000138,-0.037666116,1.0993661,-0.7384409901273276,-6.029064586978873,-5.025047240552876,-0.6298659660497403,0.4915808939652776,0.007364005759787123,-0.7384409901273276,-6.029064586978873,-5.025047240552876,-0.6298659660497403,0.4915808939652776,0.007364005759787123,-10.980618,-79.9454,-55.928776,-6.6891766,5.4221373,0.084465146
21.36666778102517,1.7413548,-1.317496,0.663418,-1.2740271,0.46379805,0.8677329,-0.5245514,-0.0131674325,-0.33626089,-0.99980116,-0.03079312,1.1024979,-0.7094174803866584,-6.002644787726539,-4.990285169082189,-0.6182537689496345,0.48565414961316,0.00739258429020929,-0.7094174803866584,-6.002644787726539,-4.990285169082189,-0.6182537689496345,0.48565414961316,0.00739258429020929,-10.549038,-79.59507,-55.541874,-6.565855,5.3567653,0.08479294
21.383334448561072,1.7326047,-1.3175801,0.6579445,-1.2903723,0.4633469,0.8858289,-0.5248603,-0.011889391,-0.3323392,-0.98333734,-0.0269473,1.0859132,0.05193285759295404,-5.9208209698016825,-4.823216166671931,-0.5843578758886305,0.4514984293407672,0.007789638526770168,0.05193285759295404,-5.9208209698016825,-4.823216166671931,-0.5843578758886305,0.4514984293407672,0.007789638526770168,0.7722416,-78.510086,-53.682396,-6.2058806,4.9800277,0.089347154
21.400001116096973,1.7235606,-1.3176216,0.65242213,-1.3067039,0.46300584,0.9039641,-0.54242575,-0.009514758,-0.3353032,-0.98256403,-0.020342788,1.0881655,-0.6790899316496551,-5.9493938003010705,-4.926836437077963,-0.5956102899238889,0.4753892246637146,0.00740230447225396,-0.6790899316496551,-5.9493938003010705,-4.926836437077963,-0.5956102899238889,0.4753892246637146,0.00740230447225396,-10.098067,-78.88896,-54.83569,-6.3253813,5.243543,0.08490443
21.416667783632874,1.7142328,-1.3176228,0.64685106,-1.3230125,0.46277198,0.9221227,-0.55945027,-0.007103183,-0.33809477,-0.9810606,-0.013918445,1.0894226,-0.6503210984866894,-5.9243284199572255,-4.892259445258977,-0.5834488769933553,0.4690285714669111,0.0074288927168043774,-0.6503210984866894,-5.9243284199572255,-4.892259445258977,-0.5834488769933553,0.4690285714669111,0.0074288927168043774,-9.670275,-78.556595,-54.450848,-6.196227,5.173385,0.0852094
21.433334451168776,1.7049195,-1.3176068,0.64134455,-1.3390427,0.46259373,0.93998885,-0.55867094,-0.005880064,-0.3340139,-0.96426284,-0.010576284,1.0721105,0.10363085605028739,-5.865648824884521,-4.741376343870206,-0.5517709053168863,0.4376554100057372,0.007824393179277389,0.10363085605028739,-5.865648824884521,-4.741376343870206,-0.5517709053168863,0.4376554100057372,0.007824393179277389,1.5409908,-77.7785,-52.77152,-5.859807,4.827339,0.08974579
21.450001118704677,1.6953294,-1.317547,0.6357933,-1.355038,0.46251765,0.9578626,-0.575183,-0.0034251036,-0.33672497,-0.96220523,-0.004445771,1.0724521,-0.6216023540689228,-5.872022188626803,-4.828178357778105,-0.5595587516684093,0.4578027526357449,0.007432247102000761,-0.6216023540689228,-5.872022188626803,-4.828178357778105,-0.5595587516684093,0.4578027526357449,0.007432247102000761,-9.243227,-77.863014,-53.737625,-5.942514,5.0495644,0.085247874
21.466667786240578,1.6854721,-1.3174462,0.6301967,-1.3709898,0.46254048,0.9757272,-0.59114325,-0.00095029216,-0.33926314,-0.9594332,0.0014828304,1.0717804,-0.5932836782715829,-5.848475782759769,-4.793973238963001,-0.5469418739419424,0.4510936581429199,0.007455265303747282,-0.5932836782715829,-5.848475782759769,-4.793973238963001,-0.5469418739419424,0.4510936581429199,0.007455265303747282,-8.822128,-77.55079,-53.356922,-5.8085227,4.975563,0.08551189
21.48333445377648,1.6756479,-1.3173289,0.62466824,-1.3866569,0.46261057,0.9932881,-0.58931977,0.00019929906,-0.33503193,-0.9423562,0.004322872,1.0537918,0.15093759153221148,-5.811705668407687,-4.658738964865685,-0.5174418627205541,0.4225594286257207,0.00785646900053947,0.15093759153221148,-5.811705668407687,-4.658738964865685,-0.5174418627205541,0.4225594286257207,0.00785646900053947,2.244442,-77.06322,-51.851765,-5.4952326,4.6608305,0.0901137
21.50000112131238,1.6655651,-1.3171675,0.6190983,-1.4022691,0.46277443,1.0108242,-0.6047714,0.0026960983,-0.33748928,-0.9390416,0.009934201,1.0521752,-0.5662907188020462,-5.797461255103754,-4.729598765960172,-0.5219989801755284,0.4390605016934904,0.007451300321710349,-0.5662907188020462,-5.797461255103754,-4.729598765960172,-0.5219989801755284,0.4390605016934904,0.007451300321710349,-8.420743,-76.87434,-52.640434,-5.543629,4.8428373,0.085466415
21.51666778884828,1.6552333,-1.3169643,0.61348796,-1.4178163,0.463028,1.0283183,-0.61966586,0.0051965336,-0.33977252,-0.93502635,0.015323024,1.0495348,-0.5387166401004343,-5.775329681902809,-4.6957871127749815,-0.5089997347240843,0.4320761991001105,0.007471891725801236,-0.5387166401004343,-5.775329681902809,-4.6957871127749815,-0.5089997347240843,0.4320761991001105,0.007471891725801236,-8.010716,-76.58087,-52.26411,-5.405577,4.7658005,0.0857026
21.533334456384182,1.6449493,-1.3167464,0.60794795,-1.4330755,0.46332064,1.0454983,-0.6168523,0.0062518157,-0.33540332,-0.9177322,0.017665392,1.0309247,0.19359139684229468,-5.759587007410386,-4.57584830093041,-0.48166672837711777,0.4064179936648496,0.007885445068479104,0.19359139684229468,-5.759587007410386,-4.57584830093041,-0.48166672837711777,0.4064179936648496,0.007885445068479104,2.878704,-76.37212,-50.92919,-5.1153007,4.4827905,0.090446055
21.550001123920083,1.6344242,-1.3164848,0.6023706,-1.4482596,0.4636974,1.0626186,-0.63124347,0.008752511,-0.33760703,-0.9131889,0.02271571,1.0273151,-0.5134749268234858,-5.725995807446326,-4.631479131350727,-0.4832130367473021,0.4193935843888782,0.007461004914048452,-0.5134749268234858,-5.725995807446326,-4.631479131350727,-0.4832130367473021,0.4193935843888782,0.007461004914048452,-7.635372,-75.926704,-51.548363,-5.1317225,4.625911,0.08557773
21.566667791455984,1.6236686,-1.3161818,0.5967569,-1.4633585,0.4641544,1.0796651,-0.6450728,0.011240901,-0.33963785,-0.907964,0.027526189,1.0226812,-0.486653910921016,-5.705498857915312,-4.598278926496342,-0.4699430447738274,0.412221659559179,0.007478057454748577,-0.486653910921016,-5.705498857915312,-4.598278926496342,-0.4699430447738274,0.412221659559179,0.007478057454748577,-7.2365437,-75.654915,-51.178844,-4.990795,4.546805,0.08577332
21.583334458991885,1.6129769,-1.3158653,0.5912162,-1.4781667,0.46464208,1.0963883,-0.6413219,0.01218641,-0.3351417,-0.8905126,0.02937849,1.0035114,0.23180276015178422,-5.709052337600455,-4.492758847739604,-0.4446975255416612,0.3894029913009132,0.007911019982102651,0.23180276015178422,-5.709052337600455,-4.492758847739604,-0.4446975255416612,0.3894029913009132,0.007911019982102651,3.446907,-75.702034,-50.004406,-4.7226877,4.295115,0.0907394
21.600001126527786,1.6020621,-1.3155056,0.58564186,-1.4928799,0.46520415,1.1130204,-0.6546622,0.014652651,-0.33709508,-0.88477564,0.033831634,0.9978871,-0.4634401825505291,-5.658148856184601,-4.534360640560949,-0.44352972350327086,0.39904988687468573,0.007458630082081376,-0.4634401825505291,-5.658148856184601,-4.534360640560949,-0.44352972350327086,0.39904988687468573,0.007458630082081376,-6.8913555,-75.027054,-50.467434,-4.7102857,4.4015203,0.08555049
21.616667794063687,1.5909332,-1.3151053,0.5800358,-1.5074887,0.46583635,1.1295428,-0.6674429,0.01708873,-0.338877,-0.87838113,0.038028438,0.9912347,-0.4376038177428666,-5.639545446427519,-4.501993636879317,-0.43010307570635264,0.3917752453552412,0.0074716968544691455,-0.4376038177428666,-5.639545446427519,-4.501993636879317,-0.43010307570635264,0.3917752453552412,0.0074716968544691455,-6.507169,-74.78037,-50.10719,-4.5676947,4.321281,0.08570036
21.63333446159959,1.5798833,-1.3146938,0.57450473,-1.5218045,0.46649122,1.1457341,-0.6628102,0.017907424,-0.334267,-0.86083156,0.039400827,0.9715751,0.26573907150545617,-5.660669548299338,-4.409974090493914,-0.40686269713435924,0.371729236025218,0.007933962833600762,0.26573907150545617,-5.660669548299338,-4.409974090493914,-0.40686269713435924,0.371729236025218,0.007933962833600762,3.95154,-75.06048,-49.08301,-4.320882,4.1001735,0.09100255
21.65000112913549,1.5686274,-1.3142408,0.5689439,-1.5360061,0.4672099,1.1617991,-0.6751151,0.020300787,-0.33597493,-0.8539441,0.043223362,0.96392477,-0.41625761071867645,-5.5943858749366635,-4.4387340974079414,-0.4032838591523539,0.3782649744886328,0.007444352509150218,-0.41625761071867645,-5.5943858749366635,-4.4387340974079414,-0.4032838591523539,0.3782649744886328,0.007444352509150218,-6.1897507,-74.18156,-49.40311,-4.2828746,4.1722627,0.08538672
21.66666779667139,1.5571742,-1.3137487,0.56335557,-1.5500841,0.46798798,1.177722,-0.68686306,0.022648048,-0.3375136,-0.8464245,0.046775907,0.9552562,-0.3913604900511464,-5.577646085759274,-4.407263701816775,-0.3897973148611755,0.37095790977166765,0.007453506265189612,-0.3913604900511464,-5.577646085759274,-4.407263701816775,-0.3897973148611755,0.37095790977166765,0.007453506265189612,-5.8195305,-73.95959,-49.052845,-4.1396475,4.0916657,0.08549172
21.68333446420729,1.5458137,-1.3132473,0.5578442,-1.5638685,0.46878085,1.1933068,-0.6814066,0.023326948,-0.3328025,-0.8288419,0.047683205,0.9351785,0.29554258037431175,-5.614343128233115,-4.327669854862457,-0.36846953821272055,0.3535909860218425,0.007952044294934327,0.29554258037431175,-5.614343128233115,-4.327669854862457,-0.36846953821272055,0.3535909860218425,0.007952044294934327,4.394718,-74.44619,-48.166965,-3.9131465,3.9001086,0.09120995
21.700001131743193,1.534265,-1.3127068,0.55230707,-1.5775201,0.46962675,1.2087334,-0.6926963,0.025609953,-0.33427104,-0.8208512,0.050847575,0.92550606,-0.37191130606696843,-5.535033097993555,-4.345006334385353,-0.3628096338045799,0.357266414846384,0.007417034146675569,-0.37191130606696843,-5.535033097993555,-4.345006334385353,-0.3628096338045799,0.357266414846384,0.007417034146675569,-5.530321,-73.39454,-48.35992,-3.8530383,3.9406486,0.08507338
21.716667799279094,1.5225358,-1.3121293,0.54674625,-1.5910313,0.4705207,1.2239825,-0.7034389,0.027831346,-0.3355747,-0.8122586,0.053729862,0.91482556,-0.3481702028542617,-5.520246111609458,-4.314583009786682,-0.34937564487062156,0.35000039789748,0.007421144632640463,-0.3481702028542617,-5.520246111609458,-4.314583009786682,-0.34937564487062156,0.35000039789748,0.007421144632640463,-5.177291,-73.19846,-48.02131,-3.7103693,3.8605044,0.08512053
21.733334466814995,1.5109118,-1.3115448,0.5412644,-1.604249,0.4714221,1.2388879,-0.69721854,0.028358428,-0.33077568,-0.79470164,0.05418892,0.8944085,0.32147764758768704,-5.570259496996665,-4.246158034332358,-0.32984294460318186,0.3351851149461319,0.007964742110933338,0.32147764758768704,-5.570259496996665,-4.246158034332358,-0.32984294460318186,0.3351851149461319,0.007964742110933338,4.7803726,-73.86164,-47.25974,-3.502932,3.6970918,0.09135559
21.750001134350896,1.4991152,-1.3109239,0.53576046,-1.6173172,0.4723652,1.2536012,-0.7075236,0.030495185,-0.3320138,-0.7856623,0.056671634,0.8827299,-0.3305234440878565,-5.480339084815116,-4.253571502603289,-0.3224422029182736,0.33626688250820963,0.0073752329467999585,-0.3305234440878565,-5.480339084815116,-4.253571502603289,-0.3224422029182736,0.33626688250820963,0.0073752329467999585,-4.9148836,-72.6693,-47.34225,-3.4243362,3.7090237,0.08459392
21.766667801886797,1.4871544,-1.310269,0.5302363,-1.6302272,0.4733448,1.2681041,-0.7172889,0.03255486,-0.3330908,-0.77604765,0.05886343,0.8700622,-0.30775063777018014,-5.467586028270232,-4.2242960145852635,-0.30916114311433784,0.32910686779973297,0.007374993904632594,-0.30775063777018014,-5.467586028270232,-4.2242960145852635,-0.30916114311433784,0.32910686779973297,0.007374993904632594,-4.576252,-72.50019,-47.016415,-3.2832913,3.6300488,0.08459118
21.783334469422698,1.4753116,-1.3096093,0.5247928,-1.6428444,0.47432464,1.2822604,-0.7103639,0.032920826,-0.328217,-0.75857925,0.058894135,0.8493902,0.3438592999271683,-5.528397941301671,-4.165648385842212,-0.2913018853426429,0.31669805618382973,0.007970329721595478,0.3438592999271683,-5.528397941301671,-4.165648385842212,-0.2913018853426429,0.31669805618382973,0.007970329721595478,5.113188,-73.30656,-46.363667,-3.093626,3.4931796,0.09141968
21.8000011369586,1.4633123,-1.3089168,0.5193307,-1.6552956,0.47533453,1.29619,-0.7197174,0.03487545,-0.32923356,-0.74854857,0.060677107,0.835731,-0.2919162450096474,-5.43057771110247,-4.164796333964194,-0.2825112666113902,0.31546794168536274,0.007317288605773979,-0.2919162450096474,-5.43057771110247,-4.164796333964194,-0.2825112666113902,0.31546794168536274,0.007317288605773979,-4.3407946,-72.00946,-46.354183,-3.0002697,3.4796114,0.0839293
21.8166678044945,1.4511638,-1.3081925,0.5138525,-1.667572,0.47636926,1.3098775,-0.7285438,0.03673937,-0.33009362,-0.73797715,0.062162694,0.8211129,-0.2702025494963512,-5.419771128290559,-4.136703984756675,-0.26947926666777017,0.3084706914284396,0.007312436309604927,-0.2702025494963512,-5.419771128290559,-4.136703984756675,-0.26947926666777017,0.3084706914284396,0.007312436309604927,-4.017912,-71.866165,-46.041515,-2.8618698,3.4024317,0.083873644
21.8333344720304,1.439143,-1.3074672,0.50845623,-1.6795597,0.47739744,1.3232137,-0.7209758,0.036933783,-0.32515934,-0.72066087,0.061787885,0.8002699,0.36297485823589604,-5.489138780136454,-4.086576532053711,-0.25319213472068197,0.29832367884064415,0.007967650890350342,0.36297485823589604,-5.489138780136454,-4.086576532053711,-0.25319213472068197,0.29832367884064415,0.007967650890350342,5.397436,-72.78598,-45.483597,-2.6889005,3.2905102,0.091388956
21.850001139566302,1.4269804,-1.3067119,0.5030451,-1.6913657,0.47844365,1.3362925,-0.72941405,0.038674116,-0.32596618,-0.70970064,0.06285822,0.7846779,-0.2559137248159177,-5.385757607392416,-4.078926573116717,-0.24332059529766079,0.29504590972596045,0.00724376625046069,-0.2559137248159177,-5.385757607392416,-4.078926573116717,-0.24332059529766079,0.29504590972596045,0.00724376625046069,-3.805437,-71.415146,-45.398453,-2.5840647,3.2543564,0.083086
21.866667807102203,1.4146849,-1.3059298,0.49762124,-1.7029827,0.47950295,1.3490971,-0.7373381,0.04030762,-0.32662213,-0.6982357,0.063627504,0.7681545,-0.2351304229346393,-5.377257104013481,-4.05228504273448,-0.23066095039669404,0.2882776537053929,0.007231710210715362,-0.2351304229346393,-5.377257104013481,-4.05228504273448,-0.23066095039669404,0.2882776537053929,0.007231710210715362,-3.4963894,-71.30243,-45.101933,-2.4496193,3.1797025,0.082947716
21.883334474638104,1.4025273,-1.3051484,0.49227995,-1.714313,0.48054928,1.3615515,-0.72918665,0.04032714,-0.32164195,-0.68112624,0.06287227,0.7472335,0.379159487408123,-5.4518807527706095,-4.008853017801865,-0.21577294487962168,0.2802033912886951,0.00795450746857195,0.379159487408123,-5.4518807527706095,-4.008853017801865,-0.21577294487962168,0.2802033912886951,0.00795450746857195,5.6381016,-72.29194,-44.618534,-2.2915087,3.0906434,0.0912382
21.900001142174006,1.3902423,-1.3043419,0.486927,-1.7254467,0.4816017,1.3737154,-0.736754,0.041819084,-0.32225007,-0.669306,0.06322255,0.72975653,-0.22248099454714296,-5.3461497725404765,-3.9963214116811963,-0.20518626196909762,0.2751695385653651,0.007149629106496662,-0.22248099454714296,-5.3461497725404765,-3.9963214116811963,-0.20518626196909762,0.2751695385653651,0.007149629106496662,-3.3082924,-70.889946,-44.479057,-2.179078,3.03512,0.082006246
21.916667809709907,1.3778383,-1.3035126,0.48156473,-1.7363782,0.48265496,1.385574,-0.7438225,0.04319274,-0.3227129,-0.65701926,0.06327038,0.7113885,-0.20265072564110312,-5.339504834573553,-3.970963100217423,-0.19295801550655042,0.26865947927438666,0.0071317178327931245,-0.20265072564110312,-5.339504834573553,-3.970963100217423,-0.19295801550655042,0.26865947927438666,0.0071317178327931245,-3.0134163,-70.801834,-44.19682,-2.0492141,2.963314,0.0818008
21.933334477245808,1.3655806,-1.3026873,0.4762861,-1.7470276,0.48368964,1.3970829,-0.73514897,0.043032438,-0.3176993,-0.640179,0.062163036,0.69048226,0.3926524076994105,-5.416788414772459,-3.9327729423091093,-0.17935418139743267,0.26249615365769363,0.007927655498152103,0.3926524076994105,-5.416788414772459,-3.9327729423091093,-0.17935418139743267,0.26249615365769363,0.007927655498152103,5.8387413,-71.826614,-43.771763,-1.9047414,2.8953326,0.09093021
21.95000114478171,1.3532106,-1.3018417,0.47099876,-1.7574679,0.48471826,1.4082712,-0.7418895,0.04424774,-0.31812254,-0.6275693,0.061791066,0.6711895,-0.19134978119286422,-5.311407834336409,-3.9170343171125683,-0.16835929085754855,0.25596726729668823,0.0070346205932946436,-0.19134978119286422,-5.311407834336409,-3.9170343171125683,-0.16835929085754855,0.25596726729668823,0.0070346205932946436,-2.8453712,-70.42927,-43.596592,-1.7879757,2.823319,0.0806871
21.96666781231761,1.3407339,-1.3009784,0.46570522,-1.7676926,0.48573595,1.4191245,-0.74815273,0.045333635,-0.31840616,-0.6145311,0.06111762,0.6510495,-0.17260453327438058,-5.306487852991257,-3.8929479141440995,-0.15663406943197306,0.24974795762560958,0.007010181129966077,-0.17260453327438058,-5.306487852991257,-3.8929479141440995,-0.15663406943197306,0.24974795762560958,0.007010181129966077,-2.5666294,-70.36403,-43.32851,-1.6634538,2.75472,0.08040678
21.98333447985351,1.3284123,-1.3001212,0.46049577,-1.777641,0.48672935,1.4296302,-0.7390162,0.044993095,-0.31337315,-0.5980174,0.059687324,0.6302541,0.40378480768877145,-5.383447500375601,-3.858346587778316,-0.144177955871697,0.2453216723928858,0.007885783495025833,0.40378480768877145,-5.383447500375601,-3.858346587778316,-0.144177955871697,0.2453216723928858,0.007885783495025833,6.00428,-71.384514,-42.943398,-1.5311699,2.705898,0.09044994
22.000001147389412,1.3159896,-1.2992488,0.45528066,-1.7873685,0.48770508,1.4397849,-0.7449806,0.04590398,-0.3136245,-0.5846932,0.058597025,0.6092255,-0.16249314842403698,-5.281382196809012,-3.8411711961004182,-0.13307893119064879,0.23755545196809882,0.006897600713561905,-0.16249314842403698,-5.281382196809012,-3.8411711961004182,-0.13307893119064879,0.23755545196809882,0.006897600713561905,-2.416273,-70.03113,-42.752235,-1.4132982,2.6202366,0.07911548
22.016667814925313,1.3034743,-1.298364,0.4500623,-1.7968692,0.4886577,1.4495773,-0.7504861,0.046674848,-0.31374335,-0.57097995,0.057207737,0.5874008,-0.1445972927480876,-5.278239530675552,-3.8184578099554973,-0.12194133747768941,0.23166370305383843,0.006866038703045433,-0.1445972927480876,-5.278239530675552,-3.8184578099554973,-0.12194133747768941,0.23166370305383843,0.006866038703045433,-2.1501617,-69.989456,-42.499435,-1.295017,2.5552506,0.078753464
22.033334482461214,1.2911204,-1.2974887,0.44492802,-1.8060993,0.48958117,1.4590251,-0.7409437,0.046153378,-0.30870426,-0.55484784,0.055487383,0.5668139,0.4128645311367135,-5.351830967231394,-3.7857569774206112,-0.11049121786645577,0.22879980524777285,0.007825916423523227,0.4128645311367135,-5.351830967231394,-3.7857569774206112,-0.11049121786645577,0.22879980524777285,0.007825916423523227,6.1392956,-70.96528,-42.135475,-1.1734167,2.5236619,0.08976326
22.050001149997115,1.2786779,-1.2966039,0.43979082,-1.8150976,0.49047494,1.4680959,-0.7461836,0.04673639,-0.30879778,-0.5408886,0.053686064,0.5441433,-0.13570201901998308,-5.255636154796203,-3.7687083995781387,-0.0995511501297888,0.22002072736337203,0.006736175148198162,-0.13570201901998308,-5.255636154796203,-3.7687083995781387,-0.0995511501297888,0.22002072736337203,0.006736175148198162,-2.017889,-69.689735,-41.945724,-1.0572332,2.4268286,0.07726393
22.066667817533016,1.2661544,-1.2957121,0.43465295,-1.8238595,0.4913339,1.476777,-0.750984,0.047170766,-0.30876616,-0.5265816,0.051592853,0.5207281,-0.11861463802006715,-5.254032601058753,-3.747297425797043,-0.08905494055954526,0.21447759266885325,0.006696864403946667,-0.11861463802006715,-5.254032601058753,-3.747297425797043,-0.08905494055954526,0.21447759266885325,0.006696864403946667,-1.7637997,-69.66847,-41.70742,-0.94576347,2.3656878,0.076813035
22.083334485068917,1.2537969,-1.2948326,0.42959931,-1.8323581,0.4921598,1.4851196,-0.7410931,0.04647191,-0.30373326,-0.5108846,0.049616482,0.50044847,0.42005486350453936,-5.3212800176974335,-3.714848849972624,-0.07847372421437064,0.2130073303540836,0.007746294595515509,0.42005486350453936,-5.3212800176974335,-3.714848849972624,-0.07847372421437064,0.2130073303540836,0.007746294595515509,6.246216,-70.56017,-41.346268,-0.83339095,2.3494709,0.08885
22.10000115260482,1.2413625,-1.2939494,0.4245452,-1.8406165,0.492944,1.4930581,-0.745659,0.046705276,-0.30368426,-0.49636987,0.047118083,0.47623602,-0.11070779929965956,-5.233920573469021,-3.6996918547185604,-0.06796158639724646,0.2034424006236432,0.006549297438150088,-0.11070779929965956,-5.233920573469021,-3.6996918547185604,-0.06796158639724646,0.2034424006236432,0.006549297438150088,-1.646225,-69.40179,-41.17757,-0.72175205,2.2439697,0.07512044
22.11666782014072,1.2288579,-1.2930652,0.41949266,-1.8486284,0.49368238,1.5005828,-0.74980766,0.046782248,-0.30351645,-0.48154828,0.04433775,0.45134002,-0.09446750171407406,-5.233628285956059,-3.679511317881184,-0.05815169456539406,0.19826184373926492,0.006502224319170326,-0.09446750171407406,-5.233628285956059,-3.679511317881184,-0.05815169456539406,0.19826184373926492,0.006502224319170326,-1.4047318,-69.39791,-40.95296,-0.617571,2.1868281,0.07458051
22.13333448767662,1.216526,-1.2921959,0.41452408,-1.8563851,0.49438345,1.5077742,-0.73962015,0.045910966,-0.29850173,-0.4663391,0.04213978,0.43146706,0.425694561197041,-5.291497761307799,-3.645647910941536,-0.04830353677609547,0.1980192966063457,0.0076443034872971305,0.425694561197041,-5.291497761307799,-3.645647910941536,-0.04830353677609547,0.1980192966063457,0.0076443034872971305,6.330078,-70.16526,-40.57606,-0.51298356,2.1841528,0.08768016
22.15000115521252,1.2041259,-1.291329,0.40955713,-1.8638937,0.49503225,1.5145398,-0.74356925,0.04577637,-0.29832476,-0.45135295,0.038964923,0.4058307,-0.08763721827780872,-5.215572052232101,-3.6339361391298852,-0.038447094951421304,0.18786783123275744,0.006335667142061534,-0.08763721827780872,-5.215572052232101,-3.6339361391298852,-0.038447094951421304,0.18786783123275744,0.006335667142061534,-1.3031654,-69.158485,-40.44571,-0.40830815,2.0721822,0.0726701
22.166667822748423,1.1916659,-1.2904674,0.40459388,-1.8711495,0.4956238,1.5208685,-0.7471215,0.045479458,-0.29803586,-0.43610263,0.035516366,0.37957093,-0.0720914931768688,-5.2163677877250665,-3.614912350115643,-0.02936294298836516,0.18305441302163755,0.0062795169164329995,-0.0720914931768688,-5.2163677877250665,-3.614912350115643,-0.02936294298836516,0.18305441302163755,0.0062795169164329995,-1.0720005,-69.16904,-40.233974,-0.31183445,2.0190902,0.07202606
22.183334490284324,1.1793822,-1.289624,0.39971444,-1.8781594,0.49617514,1.5268729,-0.73668945,0.04444209,-0.29305002,-0.42142808,0.033134196,0.36020273,0.42989585891857035,-5.262009518538485,-3.57805236651891,-0.02011058469725643,0.18388777565977732,0.007518672537782863,0.42989585891857035,-5.262009518538485,-3.57805236651891,-0.02011058469725643,0.18388777565977732,0.007518672537782863,6.3925514,-69.77425,-39.823723,-0.21357441,2.0282822,0.086239174
22.200001157820225,1.1670412,-1.288789,0.39483863,-1.884914,0.4966628,1.5324291,-0.7400731,0.043925848,-0.29276013,-0.40605173,0.029305503,0.33326274,-0.0661022645479573,-5.199940999348958,-3.57124589095754,-0.011112988556396716,0.17332447083128225,0.0060931614615549285,-0.0661022645479573,-5.199940999348958,-3.57124589095754,-0.011112988556396716,0.17332447083128225,0.0060931614615549285,-0.9829407,-68.95122,-39.747967,-0.11801994,1.9117689,0.06988856
22.216667825356126,1.1546476,-1.2879657,0.38996828,-1.8914099,0.49708277,1.5375277,-0.74308485,0.043242447,-0.2923652,-0.390457,0.0252174,0.3057683,-0.051382586871046465,-5.201562964898249,-3.55328802364106,-0.0027847464026255347,0.16888605932268574,0.006029191698940712,-0.051382586871046465,-5.201562964898249,-3.55328802364106,-0.0027847464026255347,0.16888605932268574,0.006029191698940712,-0.76405907,-68.972725,-39.548096,-0.029574007,1.8628132,0.06915483
22.233334492892027,1.1424341,-1.2871631,0.38518083,-1.8976697,0.49745974,1.5423123,-0.7324558,0.04204906,-0.28741965,-0.3763632,0.022688976,0.28700286,0.4328680904262725,-5.23218295872661,-3.5118911893969704,0.006003938825790492,0.1706457959449194,0.007365990849090017,0.4328680904262725,-5.23218295872661,-3.5118911893969704,0.006003938825790492,0.1706457959449194,0.007365990849090017,6.4367485,-69.378746,-39.08735,0.06376183,1.8822231,0.084487915
22.250001160427928,1.1301708,-1.2863754,0.38039884,-1.9036695,0.49776337,1.5466291,-0.7353278,0.04113908,-0.2870309,-0.36068365,0.01823633,0.258893,-0.0461015271595363,-5.18648656784679,-3.5114565949555674,0.013948382069611057,0.15983825797723406,0.005822594309227302,-0.0461015271595363,-5.18648656784679,-3.5114565949555674,0.013948382069611057,0.15983825797723406,0.005822594309227302,-0.6855297,-68.77281,-39.08251,0.14813182,1.763016,0.06678516
22.26666782796383,1.1178645,-1.2856063,0.37562394,-1.9094061,0.49798882,1.5504696,-0.7378501,0.040059175,-0.28654438,-0.34482852,0.013538157,0.23030105,-0.03207141950616279,-5.188628091711444,-3.4944392064618075,0.0215063618738099,0.1557692655734549,0.0057500450114322515,-0.03207141950616279,-5.188628091711444,-3.4944392064618075,0.0215063618738099,0.1557692655734549,0.0057500450114322515,-0.476902,-68.80121,-38.89311,0.22839756,1.718135,0.06595302
22.28333449549973,1.1057404,-1.2848608,0.37093127,-1.9149177,0.49816975,1.5540087,-0.72707117,0.03872132,-0.28164852,-0.33135638,0.01090181,0.21223594,0.43466871988877565,-5.201412793557928,-3.4469611346989413,0.029973609972808322,0.15830898544297692,0.0071856647132268235,0.43466871988877565,-5.201412793557928,-3.4469611346989413,0.029973609972808322,0.15830898544297692,0.0071856647132268235,6.463524,-68.97073,-38.364677,0.31831974,1.7461481,0.082419574
22.30000116303563,1.0935752,-1.2841367,0.36624545,-1.920164,0.49826664,1.5570625,-0.72948533,0.037411623,-0.2811756,-0.3154574,0.005857835,0.18309799,-0.027594216814278434,-5.174205889349429,-3.454164846031278,0.03670311468020222,0.14739920632577658,0.005521806510719093,-0.027594216814278434,-5.174205889349429,-3.454164846031278,0.03670311468020222,0.14739920632577658,0.005521806510719093,-0.410326,-68.60997,-38.444855,0.38978708,1.6258132,0.06333512
22.316667830571532,1.0813737,-1.283437,0.36156815,-1.9251437,0.49827573,1.5596242,-0.73157287,0.035930928,-0.2806123,-0.2994304,0.000587572,0.15355408,-0.014267916958365733,-5.176592520459206,-3.4379820296706534,0.04347382067736035,0.14370166488052605,0.005439968346094399,-0.014267916958365733,-5.176592520459206,-3.4379820296706534,0.04347382067736035,0.14370166488052605,0.005439968346094399,-0.21216393,-68.64162,-38.26474,0.46169198,1.5850294,0.062396437
22.333334498107433,1.0693551,-1.282763,0.3569721,-1.9299097,0.49823973,1.5618974,-0.72068805,0.03446118,-0.275775,-0.28662154,-0.0021168443,0.1362823,0.4354125473751025,-5.169211110018677,-3.383112425002983,0.05174212985568577,0.14689353413724512,0.006975351776781556,0.4354125473751025,-5.169211110018677,-3.383112425002983,0.05174212985568577,0.14689353413724512,0.006975351776781556,6.4745846,-68.54374,-37.65404,0.5495014,1.6202357,0.080007285
22.350001165643334,1.0573027,-1.2821175,0.35238403,-1.934409,0.49811056,1.5636705,-0.7226944,0.03274587,-0.2752321,-0.2705922,-0.0077135563,0.106267355,-0.01036471461159476,-5.162767551243755,-3.399285301900831,0.05709071505092183,0.136021884700329,0.005190291400566866,-0.01036471461159476,-5.162767551243755,-3.399285301900831,0.05709071505092183,0.136021884700329,0.005190291400566866,-0.1541233,-68.4583,-37.834045,0.6063034,1.5003214,0.059532642
22.366667833179235,1.0452204,-1.2815034,0.34780568,-1.938641,0.49788508,1.5649385,-0.7243966,0.030861992,-0.27460515,-0.2544773,-0.013517202,0.075925104,0.002270604270211626,-5.164825071216888,-3.383652240653779,0.06309520390074132,0.13267221174127714,0.005099860709339198,0.002270604270211626,-5.164825071216888,-3.383652240653779,0.06309520390074132,0.13267221174127714,0.005099860709339198,0.033763885,-68.48558,-37.66005,0.67007107,1.4633745,0.058495402
22.383334500715137,1.0333229,-1.2809176,0.34330726,-1.9426708,0.49761358,1.5659329,-0.71344334,0.02927583,-0.2698347,-0.24236344,-0.01625231,0.05953723,0.4353259663174597,-5.134877108520692,-3.320059900549437,0.0713055248314378,0.1363857378229053,0.0067340620933871945,0.4353259663174597,-5.134877108520692,-3.320059900549437,0.0713055248314378,0.1363857378229053,0.0067340620933871945,6.473297,-68.08847,-36.952267,0.7572647,1.5043347,0.07723969
22.400001168251038,1.0213971,-1.2803657,0.3388181,-1.9464334,0.49724048,1.5664153,-0.71509343,0.027158266,-0.26923448,-0.22628614,-0.02235957,0.028801657,0.005463200603143914,-5.150656606636796,-3.346099922063644,0.07516310713385459,0.12565542110398156,0.004828693353308733,0.005463200603143914,-5.150656606636796,-3.346099922063644,0.07516310713385459,0.12565542110398156,0.004828693353308733,0.08123779,-68.29771,-37.242092,0.7982322,1.3859793,0.055385113
22.41666783578694,1.009447,-1.2798519,0.33433944,-1.949927,0.49676248,1.5663817,-0.7164598,0.024872253,-0.2685571,-0.21016578,-0.028653031,-0.0021805358,0.01753965479139522,-5.1525409405048075,-3.3311139541173556,0.08037816557731557,0.12266247897178395,0.004729360939631175,0.01753965479139522,-5.1525409405048075,-3.3311139541173556,0.08037816557731557,0.12266247897178395,0.004729360939631175,0.26081467,-68.32269,-37.0753,0.8536161,1.3529671,0.05424577
22.43333450332284,0.9976824,-1.279369,0.32993957,-1.9532313,0.49623924,1.5660906,-0.70547557,0.023185408,-0.26386067,-0.19878125,-0.031378146,-0.017596213,0.4343760117798262,-5.09794186323117,-3.2576236227880373,0.08865500574058059,0.12678217044875284,0.006460166538707463,0.4343760117798262,-5.09794186323117,-3.2576236227880373,0.08865500574058059,0.12678217044875284,0.006460166538707463,6.4591713,-67.59871,-36.25735,0.94151616,1.3984073,0.07409811
22.45000117085874,0.98589396,-1.2789267,0.32554966,-1.9562682,0.49560663,1.5652783,-0.7068161,0.020668853,-0.26321632,-0.18274102,-0.03795063,-0.048889793,0.020111945946904422,-5.137540492177189,-3.294487376525824,0.09090522700559397,0.11629550325146397,0.004435713226730759,0.020111945946904422,-5.137540492177189,-3.294487376525824,0.09090522700559397,0.11629550325146397,0.004435713226730759,0.29906464,-68.12379,-36.667645,0.9654135,1.2827394,0.05087763
22.466667838394642,0.97408617,-1.2785288,0.32117084,-1.9590379,0.4948615,1.5639415,-0.70789033,0.017989302,-0.2625006,-0.16670205,-0.04468622,-0.080347285,0.031671222617502735,-5.138554292566636,-3.279798906982641,0.09536469274546018,0.1136336235814168,0.004327702543064107,0.031671222617502735,-5.138554292566636,-3.279798906982641,0.09536469274546018,0.1136336235814168,0.004327702543064107,0.47095108,-68.13723,-36.50416,1.012773,1.2533789,0.04963875
22.483334505930543,0.9624641,-1.2781633,0.31686953,-1.961631,0.49407187,1.5623657,-0.6969063,0.01622142,-0.25788376,-0.15607272,-0.04736329,-0.09470631,0.4326912726663309,-5.057499743155225,-3.1953713964580523,0.10384087733180734,0.11804658287995963,0.006152747918339324,0.4326912726663309,-5.057499743155225,-3.1953713964580523,0.10384087733180734,0.11804658287995963,0.006152747918339324,6.434119,-67.06245,-35.564484,1.1027901,1.3020538,0.07057202
22.500001173466444,0.9508227,-1.2778444,0.3125789,-1.9639578,0.49316588,1.5602617,-0.69797987,0.013314662,-0.2572065,-0.14015315,-0.054350585,-0.12639147,0.03363680502834461,-5.12237088532829,-3.243943151866436,0.10437085354620006,0.10790381773103938,0.004011299055144385,0.03363680502834461,-5.12237088532829,-3.243943151866436,0.10437085354620006,0.10790381773103938,0.004011299055144385,0.5001793,-67.92264,-36.105087,1.1084185,1.1901791,0.0460096
22.516667841002345,0.93916607,-1.2775764,0.30830008,-1.9660212,0.49214137,1.557628,-0.6988057,0.010250144,-0.25646383,-0.12427701,-0.06147725,-0.15815485,0.0446585095321563,-5.12236915922093,-3.2294843181874016,0.1080829769429065,0.1055628088313887,0.003894412631872122,0.0446585095321563,-5.12236915922093,-3.2294843181874016,0.1080829769429065,0.1055628088313887,0.003894412631872122,0.66407204,-67.922615,-35.94416,1.1478412,1.1643578,0.044668913
22.533334508538246,0.92769474,-1.2773421,0.30409715,-1.9679204,0.49107346,1.5547746,-0.68785197,0.00842051,-0.25193268,-0.11442601,-0.064068995,-0.17137955,0.4302804712168547,-5.0131905672237345,-3.133155843318312,0.11689231894110556,0.1101586998103428,0.00581095919155929,0.4302804712168547,-5.0131905672237345,-3.133155843318312,0.11689231894110556,0.1101586998103428,0.00581095919155929,6.3982706,-66.47491,-34.872025,1.2413964,1.2150505,0.0666517
22.550001176074147,0.9162078,-1.2771608,0.29990536,-1.9695572,0.4898832,1.5513892,-0.6886991,0.005134857,-0.25123408,-0.09870746,-0.07141947,-0.20328511,0.04610139889130275,-5.104465398313772,-3.194130334571365,0.11561076295353374,0.10044453690944752,0.0035558301880760823,0.04610139889130275,-5.104465398313772,-3.194130334571365,0.11561076295353374,0.10044453690944752,0.0035558301880760823,0.6855278,-67.68521,-35.55067,1.2277863,1.1079032,0.040785372
22.56666784361005,0.90470916,-1.277037,0.29572567,-1.970934,0.4885686,1.547472,-0.6893158,0.001700698,-0.25047514,-0.08307164,-0.078882866,-0.23518284,0.05658219625425563,-5.102843432764482,-3.179589243269352,0.11861808106948653,0.09839913030159225,0.003430213529126168,0.05658219625425563,-5.102843432764482,-3.179589243269352,0.11861808106948653,0.09839913030159225,0.003430213529126168,0.84137726,-67.663704,-35.38883,1.259724,1.0853424,0.03934455
22.58333451114595,0.89339465,-1.276947,0.29162028,-1.9721601,0.48721275,1.543355,-0.6784166,-0.0001684901,-0.24603318,-0.0740193,-0.08135172,-0.24720116,0.42725186582050956,-4.9642111201451735,-3.0705540220906684,0.12788689518154453,0.1030767385460308,0.005433293353399195,0.42725186582050956,-4.9642111201451735,-3.0705540220906684,0.12788689518154453,0.1030767385460308,0.005433293353399195,6.3532352,-65.82544,-34.175266,1.3581588,1.1369364,0.062319875
22.60000117868185,0.8820678,-1.2769158,0.2875265,-1.9731288,0.4857296,1.5387052,-0.67907333,-0.0038161015,-0.24532203,-0.05857921,-0.08900921,-0.27915308,0.05756011326680187,-5.08272450074531,-3.1444816897821553,0.1247154117304053,0.09386631324954825,0.0030692806426815705,0.05756011326680187,-5.08272450074531,-3.1444816897821553,0.1247154117304053,0.09386631324954825,0.0030692806426815705,0.8559189,-67.39693,-34.99808,1.3244777,1.0353454,0.03520465
22.61666784621775,0.8707323,-1.2769477,0.28344476,-1.9738423,0.48411703,1.5335238,-0.6795153,-0.007603015,-0.24455583,-0.043259963,-0.096754365,-0.3110114,0.06754682139413984,-5.079378729312488,-3.129800417780983,0.12703641210796696,0.0921047176973234,0.0029350116965868416,0.06754682139413984,-5.079378729312488,-3.129800417780983,0.12703641210796696,0.0921047176973234,0.0029350116965868416,1.0044212,-67.35256,-34.83468,1.3491267,1.015915,0.033664584
22.633334513753653,0.85957974,-1.2770145,0.27943584,-1.9744189,0.48246613,1.5281646,-0.66869396,-0.009492023,-0.2402064,-0.03502079,-0.09906358,-0.321755,0.423599940943253,-4.9103761330629005,-3.0074675663676436,0.13687987785554875,0.09677356087069888,0.005019708831308194,0.423599940943253,-4.9103761330629005,-3.0074675663676436,0.13687987785554875,0.09677356087069888,0.005019708831308194,6.298931,-65.11159,-33.473114,1.4536643,1.0674124,0.05757606
22.650001181289554,0.8484171,-1.2771449,0.27543864,-1.9747434,0.48068374,1.5222744,-0.66919327,-0.013481627,-0.23949172,-0.019933833,-0.10697099,-0.3535796,0.06804309118972501,-5.056450269880338,-3.0946246590147335,0.13176794330503533,0.08812424062277552,0.002551702384649408,0.06804309118972501,-5.056450269880338,-3.0946246590147335,0.13176794330503533,0.08812424062277552,0.002551702384649408,1.0118008,-67.04853,-34.443172,1.3993756,0.9720104,0.029268026
22.666667848825455,0.83724856,-1.2773445,0.27145356,-1.9748194,0.47876826,1.5158561,-0.6694915,-0.017599816,-0.23872572,-0.005005888,-0.11493815,-0.3852234,0.07757226652800837,-5.051058485856783,-3.0796194976230833,0.1334370641834094,0.08662941233201775,0.0024092020734871795,0.07757226652800837,-5.051058485856783,-3.0796194976230833,0.1334370641834094,0.08662941233201775,0.0024092020734871795,1.1534996,-66.977036,-34.276165,1.4171016,0.9555224,0.027633548
22.683334516361356,0.8262615,-1.2775798,0.26753962,-1.9747732,0.47681767,1.5092825,-0.6587653,-0.019485345,-0.23447146,0.002409332,-0.117054515,-0.3946328,0.4194077502663054,-4.850920940416431,-2.9434783332324304,0.14397747772561628,0.0911939068480394,0.004569696361538422,0.4194077502663054,-4.850920940416431,-2.9434783332324304,0.14397747772561628,0.0911939068480394,0.004569696361538422,6.2365932,-64.32321,-32.760914,1.5290408,1.0058688,0.052414417
22.700001183897257,0.81526643,-1.2778834,0.26363736,-1.9744811,0.47473228,1.5021825,-0.6591362,-0.023791494,-0.23376003,0.01707323,-0.12515223,-0.42615435,0.07759150676304011,-5.024603589088129,-3.043990636450261,0.1368870730678465,0.08315670414610765,0.002004139924319599,0.07759150676304011,-5.024603589088129,-3.043990636450261,0.1368870730678465,0.08315670414610765,0.002004139924319599,1.1537857,-66.62624,-33.879616,1.4537407,0.91721845,0.022987485
22.716667851433158,0.8042672,-1.278261,0.25974727,-1.9739474,0.47251123,1.4945612,-0.6593175,-0.028214453,-0.23300037,0.031541023,-0.13328168,-0.45740938,0.08670817146224309,-5.016913780799279,-3.0285196912684955,0.13793970680955217,0.08191146962986356,0.0018535641451555432,0.08670817146224309,-5.016913780799279,-3.0285196912684955,0.13793970680955217,0.08191146962986356,0.0018535641451555432,1.2893505,-66.52428,-33.707424,1.4649197,0.9034835,0.02126038
22.73333451896906,0.7934478,-1.2786739,0.25592664,-1.9733058,0.47025883,1.4868076,-0.64870167,-0.030073155,-0.22884275,0.03812489,-0.13517225,-0.46543127,0.4146736904367474,-4.785399343453202,-2.878322755551402,0.1492755224475753,0.08629373496808686,0.004082455672486096,0.4146736904367474,-4.785399343453202,-2.878322755551402,0.1492755224475753,0.08629373496808686,0.004082455672486096,6.166198,-63.454395,-32.035732,1.585306,0.9518199,0.046825767
22.75000118650496,0.78262204,-1.2791598,0.25211757,-1.972427,0.46786943,1.4785357,-0.6489669,-0.034670442,-0.22814015,0.052295968,-0.14340001,-0.49647596,0.08635645996586301,-4.986824852668682,-2.992354099105739,0.14015820066807635,0.07892680622076621,0.0014266140479675664,0.08635645996586301,-4.986824852668682,-2.992354099105739,0.14015820066807635,0.07892680622076621,0.0014266140479675664,1.2841206,-66.1253,-33.3049,1.4884801,0.8705627,0.016363263
22.76666785404086,0.7717936,-1.2797246,0.24832053,-1.9713156,0.46534255,1.4697515,-0.6490531,-0.039369803,-0.22739293,0.066238664,-0.15163013,-0.5271711,0.09503701267101337,-4.976426206562854,-2.9761935608513377,0.14064584748219636,0.0779049243045091,0.0012683681331724318,0.09503701267101337,-4.976426206562854,-2.9761935608513377,0.14064584748219636,0.0779049243045091,0.0012683681331724318,1.4132004,-65.98741,-33.125034,1.4936589,0.8592913,0.0145481825
22.783334521576762,0.76114255,-1.2803245,0.24459125,-1.9701096,0.4627888,1.4608593,-0.6385588,-0.04117758,-0.22333206,0.07199191,-0.15326412,-0.5337588,0.4094482991385957,-4.7133202646292895,-2.8116875688770495,0.15289217738781946,0.08201810952650886,0.0035594002308799787,0.4094482991385957,-4.7133202646292895,-2.8116875688770495,0.15289217738781946,0.08201810952650886,0.0035594002308799787,6.088496,-62.498627,-31.294083,1.6237149,0.90465975,0.04082632
22.800001189112663,0.75048745,-1.2810012,0.24087355,-1.968675,0.46009696,1.4514594,-0.63873607,-0.046034224,-0.22264278,0.08560752,-0.16155992,-0.56415623,0.09437745741412555,-4.9420829991589486,-2.9391347879990732,0.1417263079497774,0.07536495585713944,0.0008203927183941123,0.09437745741412555,-4.9420829991589486,-2.9391347879990732,0.1417263079497774,0.07536495585713944,0.0008203927183941123,1.4033928,-65.53202,-32.71257,1.5051334,0.83127546,0.0094099045
22.816667856648564,0.7398308,-1.2817612,0.23716761,-1.967018,0.4572669,1.4415592,-0.6387454,-0.050977007,-0.22191158,0.09896279,-0.16982912,-0.59412074,0.10256776893066735,-4.928681501615821,-2.9221108874434942,0.14169384530708615,0.07454231448964649,0.0006547988552369548,0.10256776893066735,-4.928681501615821,-2.9221108874434942,0.14169384530708615,0.07454231448964649,0.0006547988552369548,1.5251827,-65.35432,-32.523094,1.5047886,0.8222017,0.007510543
22.833334524184465,0.7293494,-1.2825549,0.23352766,-1.9652798,0.45441467,1.4315759,-0.62838125,-0.052709598,-0.21794724,0.10388622,-0.17117882,-0.599237,0.4037306784942155,-4.634315180023331,-2.743335254323022,0.15493717795262454,0.07831515340727238,0.0030004261053429545,0.4037306784942155,-4.634315180023331,-2.743335254323022,0.15493717795262454,0.07831515340727238,0.0030004261053429545,6.003475,-61.45102,-30.533321,1.6454328,0.86381614,0.034414887
22.850001191720366,0.7188646,-1.2834285,0.22989923,-1.9633231,0.45142427,1.4210986,-0.62848663,-0.057791997,-0.21727437,0.11688668,-0.17947978,-0.62881887,0.10162089283063898,-4.889798056485966,-2.8839687131485845,0.14171566666856325,0.07241453134462386,0.00018702451311824835,0.10162089283063898,-4.889798056485966,-2.8839687131485845,0.14171566666856325,0.07241453134462386,0.00018702451311824835,1.5111027,-64.83872,-32.09857,1.5050204,0.7987323,0.0021451712
22.866667859256268,0.7083798,-1.2843893,0.22628227,-1.9611553,0.44829604,1.4101354,-0.62842894,-0.062944725,-0.21656138,0.12959802,-0.18772566,-0.6578885,0.10949656237029516,-4.873346527237698,-2.8660281542069397,0.14120040640319137,0.0717786043639196,1.4467247694392982e-05,0.10949656237029516,-4.873346527237698,-2.8660281542069397,0.14120040640319137,0.0717786043639196,1.4467247694392982e-05,1.6282139,-64.620575,-31.898893,1.4995483,0.791718,0.00016593933
22.88333452679217,0.69806796,-1.2853829,0.2227296,-1.9589201,0.44515085,1.3991145,-0.61820143,-0.06457901,-0.21269295,0.1336989,-0.18876497,-0.66150314,0.3975459690773816,-4.548195080879407,-2.6730983833525483,0.15552546793907152,0.07513496730939324,0.002406499857682192,0.3975459690773816,-4.548195080879407,-2.6730983833525483,0.15552546793907152,0.07513496730939324,0.002406499857682192,5.9115086,-60.309067,-29.751585,1.6516805,0.8287387,0.027602553
22.90000119432807,0.687754,-1.2864597,0.21918826,-1.9564779,0.4418683,1.3876153,-0.6182438,-0.06984989,-0.21203794,0.14603186,-0.19700892,-0.69010633,0.10819553767744935,-4.82928418465869,-2.8264267639544025,0.14027161786785233,0.07000806541304533,-0.0004717445207244953,0.10819553767744935,-4.82928418465869,-2.8264267639544025,0.14027161786785233,0.07000806541304533,-0.0004717445207244953,1.6088676,-64.03631,-31.45813,1.4896846,0.77218896,-0.0054109097
22.91666786186397,0.67744076,-1.2876251,0.2156581,-1.9538352,0.43844956,1.3756485,-0.61812866,-0.07517183,-0.21134427,0.15805046,-0.20516965,-0.7181199,0.11568152832359617,-4.809295861429758,-2.8072926126293307,0.13934171805947515,0.0695253110212947,-0.0006503505922964373,0.11568152832359617,-4.809295861429758,-2.8072926126293307,0.13934171805947515,0.0695253110212947,-0.0006503505922964373,1.7201843,-63.771263,-31.245167,1.479809,0.7668642,-0.0074595213
22.933334529399872,0.6672983,-1.2888224,0.2121906,-1.9511391,0.43501934,1.363649,-0.60803914,-0.076685734,-0.20756942,0.1613383,-0.20587437,-0.72021246,0.39096208891775597,-4.454741039247355,-2.600784336031822,0.15478102725328924,0.07242458793972151,0.0017793363556200873,0.39096208891775597,-4.454741039247355,-2.600784336031822,0.15478102725328924,0.07242458793972151,0.0017793363556200873,5.8136063,-59.069866,-28.94673,1.6437745,0.7988432,0.020408988
22.950001196935773,0.6571545,-1.2901052,0.20873426,-1.9482471,0.43145376,1.3511906,-0.60802376,-0.08210611,-0.20693271,0.17295559,-0.2140004,-0.74768,0.11415103176093856,-4.760100075562076,-2.7662040731013624,0.13753222880390406,0.06808643976559126,-0.0011538461487295322,0.11415103176093856,-4.760100075562076,-2.7662040731013624,0.13753222880390406,0.06808643976559126,-0.0011538461487295322,1.6974258,-63.118927,-30.787851,1.4605923,0.75099343,-0.013234615
22.966667864471674,0.6470123,-1.2914792,0.20528881,-1.9451673,0.42775428,1.338284,-0.6078528,-0.0875584,-0.20625803,0.18423368,-0.22201444,-0.774485,0.12131186243504907,-4.736524613554481,-2.7458180635765874,0.13622815550608375,0.06774075444135899,-0.0013378670450491601,0.12131186243504907,-4.736524613554481,-2.7458180635765874,0.13622815550608375,0.06774075444135899,-0.0013378670450491601,1.8039074,-62.806316,-30.560955,1.446743,0.7471805,-0.015345335
22.983334532007575,0.637039,-1.2928826,0.20190436,-1.9420476,0.42404938,1.3253709,-0.5979029,-0.08892638,-0.20257442,0.1867239,-0.22236487,-0.7750418,0.38387488420970023,-4.35332360130989,-2.5259914209686305,0.1528560217266478,0.07010561600665234,0.0011210765855252066,0.38387488420970023,-4.35332360130989,-2.5259914209686305,0.1528560217266478,0.07010561600665234,0.0011210765855252066,5.7082195,-57.72507,-28.114285,1.623331,0.77326494,0.012858748
23.000001199543476,0.62706494,-1.2943728,0.19853099,-1.9387455,0.42021212,1.3120201,-0.5978301,-0.09445496,-0.20195432,0.19758233,-0.23031132,-0.80122393,0.11950443475616805,-4.681728184672682,-2.7029404207488383,0.13364775706145723,0.06658185209237978,-0.001856235181547396,0.11950443475616805,-4.681728184672682,-2.7029404207488383,0.13364775706145723,0.06658185209237978,-0.001856235181547396,1.777031,-62.079716,-30.083727,1.4193392,0.7343978,-0.021291018
23.016667867079377,0.6170936,-1.295956,0.19516826,-1.9352678,0.41624454,1.2982435,-0.5976021,-0.09999561,-0.20129699,0.20808332,-0.23811862,-0.8266739,0.12636223172852876,-4.654428646035863,-2.6812019588062594,0.1320252086258653,0.06634993976824735,-0.0020449018104240595,0.12636223172852876,-4.654428646035863,-2.6812019588062594,0.1320252086258653,0.06634993976824735,-0.0020449018104240595,1.8790064,-61.717724,-29.841778,1.4021077,0.73183984,-0.023455024
23.03333453461528,0.6072886,-1.2975663,0.19186494,-1.9317633,0.41227758,1.2844863,-0.58778936,-0.1011961,-0.1977016,0.20979519,-0.23809744,-0.82569194,0.37638017132367235,-4.244164859547334,-2.4487419162691975,0.14986487880713972,0.06813396136542396,0.0004343604043762686,0.37638017132367235,-4.244164859547334,-2.4487419162691975,0.14986487880713972,0.06813396136542396,0.0004343604043762686,5.596773,-56.277626,-27.254498,1.591565,0.7515176,0.004982114
23.05000120215118,0.5974842,-1.2992637,0.18857263,-1.9280882,0.40818226,1.2703149,-0.5876544,-0.106788345,-0.1970963,0.21985845,-0.24580523,-0.85044676,0.12433078357976159,-4.5937099428018655,-2.636312431616496,0.12877689018536873,0.06542572192678858,-0.002576011933756581,0.12433078357976159,-4.5937099428018655,-2.636312431616496,0.12877689018536873,0.06542572192678858,-0.002576011933756581,1.8487988,-60.912594,-29.342157,1.3676106,0.7216457,-0.029546857
23.06666786968708,0.58768326,-1.3010553,0.18529068,-1.9242518,0.4039609,1.2557428,-0.58736354,-0.11237336,-0.19645311,0.22954409,-0.25334755,-0.8744047,0.13087028293058067,-4.562652380757742,-2.613165993360603,0.12687861133654466,0.06528775581747213,-0.0027679212215992294,0.13087028293058067,-4.562652380757742,-2.613165993360603,0.12687861133654466,0.06528775581747213,-0.0027679212215992294,1.9460411,-60.50077,-29.084538,1.3474509,0.72012395,-0.031748056
23.08333453722298,0.57804644,-1.3028705,0.18206657,-1.9204016,0.39974687,1.2412157,-0.5776845,-0.113385454,-0.1929423,0.23049918,-0.25293952,-0.87188965,0.3684497953824093,-4.127166138155608,-2.368901296445944,0.14593656229209542,0.06645159730020699,-0.00027763188768701127,0.3684497953824093,-4.127166138155608,-2.368901296445944,0.14593656229209542,0.06645159730020699,-0.00027763188768701127,5.4788485,-54.726223,-26.365871,1.5498463,0.7329611,-0.0031844378
23.100001204758883,0.5684116,-1.3047737,0.17885353,-1.9163958,0.39540923,1.2263002,-0.5774781,-0.11899803,-0.19234747,0.23973607,-0.2603514,-0.8950843,0.12866496719124337,-4.495965661326505,-2.5661706710225913,0.12305632598431547,0.06455799610314322,-0.0033092374061644337,0.12866496719124337,-4.495965661326505,-2.5661706710225913,0.12305632598431547,0.06455799610314322,-0.0033092374061644337,1.9132481,-59.616505,-28.56148,1.3068582,0.7120747,-0.037956953
23.116667872294784,0.5587816,-1.3067706,0.17565072,-1.9122417,0.39095086,1.2110109,-0.57711536,-0.12458075,-0.19171432,0.24858303,-0.26757222,-0.9174225,0.13480548820162108,-4.460751920444034,-2.541377880716795,0.1209586690374687,0.0644761707603337,-0.0035031006038968417,0.13480548820162108,-4.460751920444034,-2.541377880716795,0.1209586690374687,0.0644761707603337,-0.0035031006038968417,2.0045576,-59.14957,-28.285536,1.2845811,0.71117216,-0.040180564
23.133334539830685,0.5493138,-1.3087888,0.17250426,-1.908086,0.38650644,1.195792,-0.56756455,-0.12538478,-0.18828446,0.24880916,-0.2667655,-0.9133893,0.3600836922517942,-4.00235764401351,-2.286386447025652,0.14120396472190958,0.06499669817719585,-0.001011480948357553,0.3600836922517942,-4.00235764401351,-2.286386447025652,0.14120396472190958,0.06499669817719585,-0.001011480948357553,5.3544445,-53.071262,-25.447481,1.4995861,0.7169136,-0.0116016865
23.150001207366586,0.53984874,-1.3108934,0.16936895,-1.9037871,0.38194442,1.1802129,-0.5672761,-0.13096893,-0.1876953,0.2571951,-0.27382672,-0.93490136,0.13239943267678606,-4.3878287751210765,-2.492076603014621,0.11666886326058887,0.06389201822220361,-0.004051515301518993,0.13239943267678606,-4.3878287751210765,-2.492076603014621,0.11666886326058887,0.06389201822220361,-0.004051515301518993,1.9687796,-58.18261,-27.736813,1.2390233,0.70472896,-0.04647088
23.166667874902487,0.53039014,-1.3130912,0.16624385,-1.8993546,0.37726778,1.1642889,-0.56682605,-0.13650404,-0.18706667,0.26517612,-0.28067228,-0.9555041,0.13829213945995503,-4.348856147777621,-2.465812086737702,0.11439063005752707,0.06386651197348739,-0.004246480171848819,0.13829213945995503,-4.348856147777621,-2.465812086737702,0.11439063005752707,0.06386651197348739,-0.004246480171848819,2.056404,-57.665833,-27.444489,1.2148285,0.7044476,-0.048707128
23.183334542438388,0.52109134,-1.315307,0.16317365,-1.8949338,0.372612,1.1484603,-0.5573968,-0.13708103,-0.18371348,0.26470017,-0.2794594,-0.9499752,0.3512929571340288,-3.869769008630721,-2.2011260780684068,0.13579516312047812,0.06371189114837786,-0.0017622812166355334,0.3512929571340288,-3.869769008630721,-2.2011260780684068,0.13579516312047812,0.06371189114837786,-0.0017622812166355334,5.2237263,-51.313137,-24.498533,1.4421446,0.70274216,-0.020213366
23.20000120997429,0.5117975,-1.3176078,0.16011468,-1.8903848,0.36784524,1.1323011,-0.5570088,-0.14259078,-0.18312413,0.27221727,-0.2861169,-0.96969527,0.13569438706008716,-4.269617175624381,-2.414091235329627,0.10973697777297313,0.06338109347567382,-0.004798501288256857,0.13569438706008716,-4.269617175624381,-2.414091235329627,0.10973697777297313,0.06338109347567382,-0.004798501288256857,2.0177755,-56.615124,-26.868835,1.1654067,0.69909346,-0.05503881
23.21666787751019,0.50251174,-1.3200004,0.157066,-1.8857164,0.36297122,1.1158278,-0.5564562,-0.14803047,-0.18249363,0.2793209,-0.2925361,-0.98845637,0.1412031870202563,-4.22661869054826,-2.386176082751607,0.10735027758639637,0.0633740630456781,-0.00499246841736638,0.1412031870202563,-4.22661869054826,-2.386176082751607,0.10735027758639637,0.0633740630456781,-0.00499246841736638,2.0996914,-56.044964,-26.55814,1.14006,0.6990159,-0.057263613
23.23333454504609,0.49338397,-1.3224069,0.15407088,-1.8810701,0.3581246,1.0994742,-0.54714024,-0.14836259,-0.17921227,0.27817896,-0.29091296,-0.9814669,0.34207120868449414,-3.7294891265362815,-2.1130622664980274,0.1298484380186839,0.06253322686050983,-0.0025258234717477996,0.34207120868449414,-3.7294891265362815,-2.1130622664980274,0.1298484380186839,0.06253322686050983,-0.0025258234717477996,5.086599,-49.453026,-23.518383,1.3789904,0.6897415,-0.028971195
23.250001212581992,0.4842629,-1.3248965,0.15108731,-1.8763101,0.35317466,1.0828215,-0.5466352,-0.15375103,-0.17861587,0.2848134,-0.29711786,-0.9992944,0.13844323943907091,-4.1411936373013,-2.3320387422984927,0.10241759474443626,0.06295245880445133,-0.005544624644564667,0.13844323943907091,-4.1411936373013,-2.3320387422984927,0.10241759474443626,0.06295245880445133,-0.005544624644564667,2.058651,-54.912228,-25.955591,1.0876749,0.6943656,-0.063596845
23.266667880117893,0.47515213,-1.3274753,0.1481142,-1.871445,0.3481253,1.0658879,-0.5459584,-0.15904732,-0.17797624,0.29102817,-0.30306342,-1.0161227,0.1436388725070402,-4.094118949694511,-2.302413145272665,0.09997469108207976,0.06294268861426512,-0.0057365131461318926,0.1436388725070402,-4.094118949694511,-2.302413145272665,0.09997469108207976,0.06294268861426512,-0.0057365131461318926,2.13591,-54.288017,-25.625858,1.0617312,0.69425786,-0.065797806
23.283334547653794,0.46619773,-1.3300636,0.14519341,-1.8666126,0.34311026,1.0490967,-0.5367485,-0.15912019,-0.17476211,0.28925288,-0.30102837,-1.0077151,0.3323714686626545,-3.581985485140195,-2.022355757419418,0.12346521833746672,0.061417712153679443,-0.003297430801724182,0.3323714686626545,-3.581985485140195,-2.022355757419418,0.12346521833746672,0.061417712153679443,-0.003297430801724182,4.9423637,-47.497128,-22.50882,1.3112006,0.67743737,-0.03782153
23.300001215189695,0.4572522,-1.3327323,0.14228457,-1.8616816,0.33800018,1.0320394,-0.53610474,-0.16434047,-0.17415072,0.2949966,-0.30673537,-1.0235664,0.140680173297977,-4.002708619176712,-2.245900958696144,0.09484712013417046,0.06254785512645787,-0.006285239637885388,0.140680173297977,-4.002708619176712,-2.245900958696144,0.09484712013417046,0.06254785512645787,-0.006285239637885388,2.0919142,-53.075916,-24.996878,1.0072764,0.68990284,-0.0720917
23.316667882725596,0.4483194,-1.3354867,0.13938652,-1.8566612,0.33279932,1.0147321,-0.5352818,-0.16944736,-0.1734942,0.30031946,-0.31216383,-1.0383815,0.14555308349034735,-3.951690926990538,-2.2145983343818436,0.09239264912973466,0.06251639922099662,-0.006472617517685827,0.14555308349034735,-3.951690926990538,-2.2145983343818436,0.09239264912973466,0.06251639922099662,-0.006472617517685827,2.1643744,-52.39942,-24.64848,0.98120993,0.6895559,-0.07424092
23.333334550261497,0.43954143,-1.3382465,0.13653953,-1.851683,0.3276396,0.99759287,-0.52616864,-0.16924834,-0.170343,0.29795215,-0.30971918,-1.0285993,0.32228743701311435,-3.4276556645043836,-1.9291174272535516,0.11676455621665481,0.0603161069985854,-0.004069485036622158,0.32228743701311435,-3.4276556645043836,-1.9291174272535516,0.11676455621665481,0.0603161069985854,-0.004069485036622158,4.792414,-45.450714,-21.471077,1.2400396,0.66528666,-0.046676993
23.3500012177974,0.43077496,-1.3410825,0.13370514,-1.8466207,0.32239375,0.9802215,-0.5253621,-0.1742541,-0.16970849,0.302807,-0.31488666,-1.0424019,0.14241910574014507,-3.85438104920078,-2.1556874812452618,0.08716517585819052,0.06210814793328211,-0.00701392330911332,0.14241910574014507,-3.85438104920078,-2.1556874812452618,0.08716517585819052,0.06210814793328211,-0.00701392330911332,2.117772,-51.109093,-23.992802,0.92569417,0.6850529,-0.0804497
23.3666678853333,0.42202413,-1.3440017,0.1308819,-1.8414841,0.31706625,0.96263576,-0.52436835,-0.17912659,-0.16902617,0.30724016,-0.31975886,-1.0551399,0.14696137249349506,-3.7996177040433814,-2.122774149851015,0.08473633709600417,0.062038805521518026,-0.0071959591161300535,0.14696137249349506,-3.7996177040433814,-2.122774149851015,0.08473633709600417,0.062038805521518026,-0.0071959591161300535,2.1853156,-50.38293,-23.626476,0.8998999,0.684288,-0.08253765
23.3833345528692,0.41342658,-1.3469208,0.1281086,-1.8363984,0.31178695,0.9452388,-0.5153439,-0.17864276,-0.16593355,0.30432057,-0.31690955,-1.0440505,0.31173740687110557,-3.2666636448280486,-1.8333525884719122,0.1098674232676878,0.05916933632934515,-0.004839356712600721,0.31173740687110557,-3.2666636448280486,-1.8333525884719122,0.1098674232676878,0.05916933632934515,-0.004839356712600721,4.6355352,-43.31596,-20.405214,1.166792,0.6526378,-0.05550742
23.4000012204051,0.40484372,-1.3499122,0.12534855,-1.8312434,0.30643103,0.927645,-0.51434886,-0.18338758,-0.16526693,0.30829176,-0.3215009,-1.0557461,0.14363354937534809,-3.696433595222945,-2.0614183602414466,0.0795031615345267,0.06157410004305386,-0.007725406337428737,0.14363354937534809,-3.696433595222945,-2.0614183602414466,0.0795031615345267,0.06157410004305386,-0.007725406337428737,2.1358309,-49.01471,-22.943586,0.8443236,0.6791623,-0.08861041
23.416667887941003,0.3962798,-1.3529816,0.12260029,-1.8260286,0.3010035,0.90987235,-0.51315856,-0.18797968,-0.16454995,0.31184423,-0.3257822,-1.0663581,0.14783215346397294,-3.6380508906161624,-2.0269327086579767,0.0771433339505097,0.06144883301943298,-0.007900114982358871,0.14783215346397294,-3.6380508906161624,-2.0269327086579767,0.0771433339505097,0.06144883301943298,-0.007900114982358871,2.1982641,-48.240555,-22.559761,0.8192622,0.6777806,-0.09061432
23.433334555476904,0.38786766,-1.356047,0.119901,-1.8208748,0.29563043,0.892309,-0.5042146,-0.18720415,-0.16151088,0.30841368,-0.32253736,-1.0540253,0.3008018986202361,-3.0999334689179157,-1.7354521361536948,0.10285378624939426,0.05795008360204758,-0.005600103213668597,0.3008018986202361,-3.0999334689179157,-1.7354521361536948,0.10285378624939426,0.05795008360204758,-0.005600103213668597,4.472924,-41.105118,-19.315582,1.0923072,0.6391894,-0.064233184
23.450001223012805,0.3794739,-1.3591793,0.11721572,-1.8156655,0.29019102,0.87458456,-0.50300384,-0.191643,-0.16080326,0.31151608,-0.32651952,-1.0635729,0.14433764577633434,-3.52933575844513,-1.9632491996881667,0.07198053340229386,0.060897390083734924,-0.008413941317677186,0.14433764577633434,-3.52933575844513,-1.9632491996881667,0.07198053340229386,0.060897390083734924,-0.008413941317677186,2.1463008,-46.798992,-21.850964,0.76443326,0.6716982,-0.09650791
23.466667890548706,0.37110287,-1.3623842,0.114542976,-1.81041,0.28469026,0.85671675,-0.5015896,-0.19591095,-0.16004238,0.3142043,-0.33017972,-1.0720232,0.1481780928898435,-3.4675661435134453,-1.9272798262302229,0.06972345928687834,0.060702056530272004,-0.008579618325936036,0.1481780928898435,-3.4675661435134453,-1.9272798262302229,0.06972345928687834,0.060702056530272004,-0.008579618325936036,2.2034082,-45.979927,-21.450624,0.74046314,0.6695437,-0.09840822
23.483334558084607,0.36288255,-1.3655796,0.111918226,-1.805223,0.27925044,0.83907837,-0.49271807,-0.19483656,-0.15705334,0.31030783,-0.32655165,-1.0585201,0.2894939314862106,-2.927884580862468,-1.635567047311075,0.09583013654877687,0.05661416680620458,-0.00634632010821581,0.2894939314862106,-2.927884580862468,-1.635567047311075,0.09583013654877687,0.05661416680620458,-0.00634632010821581,4.3047748,-38.82375,-18.203861,1.017716,0.62445426,-0.07279229
23.500001225620508,0.35468456,-1.3688365,0.10930848,-1.7999946,0.27375486,0.82131505,-0.49126506,-0.1989294,-0.15629482,0.31255558,-0.32989842,-1.0658946,0.14453312656425676,-3.3539620999297406,-1.8615489592984893,0.06467914401699146,0.060047675346312265,-0.009074934482990188,0.14453312656425676,-3.3539620999297406,-1.8615489592984893,0.06467914401699146,0.060047675346312265,-0.009074934482990188,2.1492076,-44.473537,-20.71904,0.6868925,0.66232586,-0.1040895
23.51666789315641,0.34651357,-1.3721601,0.106712155,-1.7947347,0.2682085,0.8034451,-0.48960045,-0.20283265,-0.15548064,0.31439772,-0.33291227,-1.0721624,0.14800451390279887,-3.288931580510434,-1.8241378496278007,0.06256442510026548,0.059765690797475506,-0.009230155994711279,0.14800451390279887,-3.288931580510434,-1.8241378496278007,0.06256442510026548,0.059765690797475506,-0.009230155994711279,2.2008271,-43.611233,-20.302654,0.6644342,0.65921557,-0.10586989
23.53333456069231,0.33849227,-1.375469,0.10416298,-1.7895505,0.26272944,0.7858222,-0.4807948,-0.20145652,-0.15253769,0.31008148,-0.32891643,-1.0575762,0.2778732463988027,-2.751421173233792,-1.5340931867546361,0.08886864517592666,0.05513792781535864,-0.007073637081834681,0.2778732463988027,-2.751421173233792,-1.5340931867546361,0.08886864517592666,0.05513792781535864,-0.007073637081834681,4.131975,-36.483845,-17.074457,0.943785,0.60817134,-0.08113462
23.55000122822821,0.33049777,-1.3788329,0.101629876,-1.7843392,0.25720546,0.76811105,-0.47907305,-0.20516291,-0.15171956,0.3114996,-0.33160496,-1.0627636,0.14420969821337334,-3.17078960067726,-1.7564917510410523,0.05771085030614993,0.05897936341120564,-0.0097026020522313,0.14420969821337334,-3.17078960067726,-1.7564917510410523,0.05771085030614993,0.05897936341120564,-0.0097026020522313,2.1443982,-42.04467,-19.549753,0.61288923,0.6505424,-0.111288846
23.566667895764112,0.3225348,-1.3822571,0.09911125,-1.77911,0.25164202,0.75032973,-0.47713083,-0.20866412,-0.15084295,0.3125241,-0.33395362,-1.0668472,0.14736118457745448,-3.1029619242810558,-1.7178488334662616,0.05575681698075347,0.05860597246469202,-0.009846131284026966,0.14736118457745448,-3.1029619242810558,-1.7178488334662616,0.05575681698075347,0.05860597246469202,-0.009846131284026966,2.1912608,-41.145275,-19.119658,0.5921374,0.6464239,-0.112935126
23.583334563300014,0.3147202,-1.3856614,0.09663895,-1.7739624,0.24615152,0.73281187,-0.46838614,-0.20698477,-0.14794308,0.3078366,-0.32960868,-1.0512644,0.26595661442954827,-2.5712437579354908,-1.4313322514536566,0.0820520570722677,0.053489516241811995,-0.007776540574969264,0.26595661442954827,-2.5712437579354908,-1.4313322514536566,0.0820520570722677,0.053489516241811995,-0.007776540574969264,3.9547749,-34.094692,-15.930728,0.87139285,0.58998936,-0.08919692
23.600001230835915,0.30693763,-1.3891141,0.09418394,-1.7688004,0.24062735,0.715242,-0.46636808,-0.21026836,-0.14705576,0.30845386,-0.33162338,-1.0542734,0.14345634681070582,-2.980763304467295,-1.648491604951514,0.05114821615416676,0.05766999040639952,-0.010293633811039413,0.14345634681070582,-2.980763304467295,-1.648491604951514,0.05114821615416676,0.05766999040639952,-0.010293633811039413,2.1331959,-39.52492,-18.347712,0.54319406,0.6361,-0.11806798
23.616667898371816,0.2991918,-1.3926195,0.09174462,-1.7636336,0.23507477,0.69763833,-0.46412244,-0.2133311,-0.14610802,0.3086904,-0.33329237,-1.0561864,0.14624935552908738,-2.910346754715633,-1.6087113043689985,0.049381645610328005,0.05719393140493689,-0.01042441066286308,0.14624935552908738,-2.910346754715633,-1.6087113043689985,0.049381645610328005,0.05719393140493689,-0.01042441066286308,2.174728,-38.591198,-17.904957,0.5244331,0.63084906,-0.11956799
23.633334565907717,0.29159358,-1.3960997,0.08935088,-1.7585545,0.22960089,0.680313,-0.45543435,-0.211351,-0.14324835,0.303678,-0.32861936,-1.0397024,0.2538621385544839,-2.3884045412457726,-1.3277788153662942,0.0754299810377218,0.05166126940321728,-0.008451725569827305,0.2538621385544839,-2.3884045412457726,-1.3277788153662942,0.0754299810377218,0.05166126940321728,-0.008451725569827305,3.77493,-31.670244,-14.778178,0.8010664,0.5698238,-0.09694129
23.650001233443618,0.28403252,-1.3996211,0.0869758,-1.7534741,0.22410476,0.6629717,-0.4530957,-0.21417898,-0.14228351,0.30352858,-0.32994884,-1.0405523,0.1422695930804193,-2.784867955548731,-1.5380067645378832,0.04505263097766654,0.05610030776029917,-0.010843732196970825,0.1422695930804193,-2.784867955548731,-1.5380067645378832,0.04505263097766654,0.05610030776029917,-0.010843732196970825,2.1155488,-36.92735,-17.118015,0.47845894,0.6187864,-0.12437761
23.66666790097952,0.27651364,-1.403187,0.0846177,-1.7484014,0.21859175,0.645632,-0.45052302,-0.21677281,-0.14125626,0.30301487,-0.330931,-1.040324,0.14472878372100031,-2.7123185124692153,-1.4973029507673867,0.04348779577768905,0.055517441342337395,-0.010961174653110653,0.14472878372100031,-2.7123185124692153,-1.4973029507673867,0.04348779577768905,0.055517441342337395,-0.010961174653110653,2.152117,-35.965343,-16.664982,0.4618404,0.6123574,-0.12572467
23.68333456851542,0.26914126,-1.4067233,0.08230453,-1.7434205,0.21316239,0.6285842,-0.4418898,-0.21449746,-0.13843463,0.29772776,-0.3259554,-1.0230391,0.2416474913781172,-2.2038980486885635,-1.2238955776218026,0.06906019765778451,0.0496393534019657,-0.009095091973581621,0.2416474913781172,-2.2038980486885635,-1.2238955776218026,0.06906019765778451,0.0496393534019657,-0.009095091973581621,3.5932982,-29.223688,-13.621958,0.7334193,0.54752207,-0.104320705
23.70000123605132,0.26181194,-1.4102923,0.080011435,-1.7384508,0.20772226,0.6115556,-0.43920684,-0.21683928,-0.13738462,0.29685006,-0.3265952,-1.02177,0.14072105879741945,-2.584062118875495,-1.4254811639091718,0.03948309607873978,0.05425410927801055,-0.011350735437381548,0.14072105879741945,-2.584062118875495,-1.4254811639091718,0.03948309607873978,0.05425410927801055,-0.011350735437381548,2.0925221,-34.264664,-15.865605,0.41931048,0.5984228,-0.13019294
23.716667903587222,0.25453076,-1.4138979,0.077736765,-1.7335,0.20227665,0.59456384,-0.43628418,-0.21893685,-0.13627005,0.2956265,-0.32688817,-1.019445,0.14289328133250215,-2.5099301230314093,-1.3841219453905897,0.038123442291539945,0.05356972042474548,-0.011454375806640518,0.14289328133250215,-2.5099301230314093,-1.3841219453905897,0.038123442291539945,0.05356972042474548,-0.011454375806640518,2.124823,-33.281673,-15.405277,0.40487096,0.590874,-0.13138169
23.733334571123123,0.24739525,-1.4174684,0.07550641,-1.7286454,0.19691937,0.5778753,-0.42770585,-0.21637364,-0.13348527,0.29011205,-0.32163632,-1.0014684,0.22939352998816895,-2.01873822449559,-1.1201781403986268,0.06298075961527852,0.047420974439204226,-0.0097053614302937,0.22939352998816895,-2.01873822449559,-1.1201781403986268,0.06298075961527852,0.047420974439204226,-0.0097053614302937,3.4110818,-26.768469,-12.467583,0.66885567,0.52305335,-0.111320496
23.750001238659024,0.24030885,-1.4210637,0.07329765,-1.7238127,0.19156276,0.56124043,-0.42465872,-0.21820553,-0.1323428,0.28854945,-0.32158765,-0.9981342,0.13887308232320902,-2.3797445167783158,-1.3115954848955262,0.034462675985418925,0.05213671776779327,-0.011813027399357443,0.13887308232320902,-2.3797445167783158,-1.3115954848955262,0.034462675985418925,0.05213671776779327,-0.011813027399357443,2.0650427,-31.555412,-14.598058,0.36599362,0.575068,-0.13549542
23.766667906194925,0.23327672,-1.4246869,0.071108885,-1.719011,0.18621211,0.5446763,-0.42136768,-0.21978408,-0.1311343,0.28666022,-0.32119575,-0.9937759,0.1407660328468061,-2.3043969098259423,-1.269759514903765,0.033317326713641036,0.05134653202101845,-0.01190307874105864,0.1407660328468061,-2.3043969098259423,-1.269759514903765,0.033317326713641036,0.05134653202101845,-0.01190307874105864,2.093191,-30.556303,-14.132423,0.35383,0.56635225,-0.13652831
23.783334573730826,0.22638918,-1.4282707,0.06896387,-1.7143073,0.18095389,0.52842504,-0.41284615,-0.21694387,-0.12838566,0.28096864,-0.31569755,-0.97521794,0.21722098685946334,-1.8340727862189798,-1.0171821710769913,0.05722611076189749,0.045010777137977694,-0.010280091552601343,0.21722098685946334,-1.8340727862189798,-1.0171821710769913,0.05722611076189749,0.045010777137977694,-0.010280091552601343,3.230076,-24.319805,-11.321238,0.6077413,0.49646887,-0.11791265
23.800001241266727,0.21955726,-1.4318707,0.06684203,-1.7096373,0.17570765,0.5122603,-0.4094177,-0.21824424,-0.12714478,0.2787667,-0.31496847,-0.96988946,0.13678619023049207,-2.172945347666561,-1.1968503850918037,0.03002447035802062,0.04974131895430177,-0.012229984494635823,0.13678619023049207,-2.172945347666561,-1.1968503850918037,0.03002447035802062,0.04974131895430177,-0.012229984494635823,2.0340106,-28.813255,-13.320945,0.31885988,0.54864675,-0.14027792
23.81666790880263,0.21278603,-1.4354898,0.06474185,-1.7050086,0.1704787,0.4961995,-0.4057429,-0.21928467,-0.125837,0.27626255,-0.31390184,-0.9635752,0.13843709859738995,-2.096895934230062,-1.1547958326039822,0.029096579821096303,0.048850750988003136,-0.012306194775189745,0.13843709859738995,-2.096895934230062,-1.1547958326039822,0.029096579821096303,0.048850750988003136,-0.012306194775189745,2.0585597,-27.80484,-12.852878,0.30900568,0.5388238,-0.14115205
23.83333457633853,0.20615825,-1.4390635,0.062684834,-1.7004799,0.16534573,0.48045915,-0.39728293,-0.21617979,-0.1231246,0.27044156,-0.30818912,-0.9445491,0.20518884934590179,-1.6508932386947792,-0.9154025006701254,0.05182630598208325,0.04241110947817321,-0.010818297590706382,0.20518884934590179,-1.6508932386947792,-0.9154025006701254,0.05182630598208325,0.04241110947817321,-0.010818297590706382,3.0511582,-21.890844,-10.18843,0.55039537,0.46779454,-0.12408587
23.85000124387443,0.19959278,-1.4426455,0.060652625,-1.6959949,0.16023585,0.4648376,-0.39345938,-0.21693547,-0.121780515,0.26765355,-0.3067923,-0.9373136,0.13460261595674064,-1.9653763346722404,-1.082107513098704,0.02615986402425389,0.04709783404498131,-0.012601889936219326,0.13460261595674064,-1.9653763346722404,-1.082107513098704,0.02615986402425389,0.04709783404498131,-0.012601889936219326,2.001541,-26.06089,-12.043857,0.27781776,0.5194891,-0.14454368
23.86666791141033,0.19309461,-1.4462371,0.058643796,-1.6915603,0.15515415,0.44935054,-0.3893897,-0.2174259,-0.12036936,0.26458701,-0.3050677,-0.92914075,0.13600049919944204,-1.88904628494746,-1.0400485049896377,0.02544874469214689,0.046106419126661066,-0.012665560896124336,0.13600049919944204,-1.88904628494746,-1.0400485049896377,0.02544874469214689,0.046106419126661066,-0.012665560896124336,2.0223274,-25.048754,-11.57574,0.27026567,0.5085538,-0.14527398
23.883334578946233,0.18673865,-1.4497789,0.05667762,-1.687228,0.15017147,0.43418962,-0.3809975,-0.21407485,-0.11769397,0.25868344,-0.2991751,-0.9097652,0.19346445939167284,-1.470784867690879,-0.8156377136011115,0.046769570271623116,0.03965396504994425,-0.011321000670388976,0.19346445939167284,-1.470784867690879,-0.8156377136011115,0.046769570271623116,0.03965396504994425,-0.011321000670388976,2.8768165,-19.502607,-9.078048,0.49669284,0.43738323,-0.12985188
23.900001246482134,0.18045184,-1.4533197,0.054737892,-1.6829469,0.14522274,0.41917783,-0.37677106,-0.21427539,-0.11624364,0.25536498,-0.29713106,-0.9007253,0.13232571050955613,-1.7581591598948023,-0.9679317045940115,0.022882653887887013,0.04420804631569552,-0.012930206558240842,0.13232571050955613,-1.7581591598948023,-0.9679317045940115,0.022882653887887013,0.04420804631569552,-0.012930206558240842,1.9676833,-23.31319,-10.77308,0.24301378,0.48761475,-0.14830947
23.916667914018035,0.17423907,-1.4568611,0.05282328,-1.6787254,0.14031273,0.40432963,-0.37229976,-0.21420968,-0.11472643,0.25179005,-0.29477096,-0.89080113,0.13355553831601993,-1.6823141463381852,-0.9262596500530397,0.02236383951316446,0.04313657311883064,-0.012982408690681225,0.13355553831601993,-1.6823141463381852,-0.9262596500530397,0.02236383951316446,0.04313657311883064,-0.012982408690681225,1.9859709,-22.307486,-10.30927,0.23750398,0.4757964,-0.14890823
23.933334581553936,0.16816717,-1.460349,0.050950807,-1.6746062,0.13550408,0.38981128,-0.36398533,-0.21063173,-0.11208979,0.24585095,-0.2887341,-0.8711962,0.18207917857987815,-1.294703361315605,-0.7183728727904505,0.04207484297833201,0.03675241310382473,-0.011788715251965842,0.18207917857987815,-1.294703361315605,-0.7183728727904505,0.04207484297833201,0.03675241310382473,-0.011788715251965842,2.7075174,-17.167767,-7.99549,0.44683483,0.40537912,-0.13521656
23.950001249089837,0.16217121,-1.463827,0.049106423,-1.6705464,0.13073964,0.37546992,-0.35935256,-0.2102731,-0.11053161,0.24205634,-0.2860688,-0.8604701,0.13005888213546948,-1.5528552312836568,-0.855124114551527,0.02016384863135056,0.041104813975198426,-0.013217800268424316,0.13005888213546948,-1.5528552312836568,-0.855124114551527,0.02016384863135056,0.041104813975198426,-0.013217800268424316,1.9339756,-20.59086,-9.517531,0.21414007,0.4533861,-0.15160817
23.966667916625738,0.15625605,-1.4672962,0.047288947,-1.6665543,0.12602417,0.3613197,-0.3544786,-0.20964879,-0.108907476,0.23803228,-0.2831019,-0.8489193,0.1311406563333641,-1.4779382881176057,-0.8140653934118882,0.019835082992995526,0.039957940632499356,-0.013259596271731068,0.1311406563333641,-1.4779382881176057,-0.8140653934118882,0.019835082992995526,0.039957940632499356,-0.013259596271731068,1.9500616,-19.597462,-9.060548,0.21064858,0.4407361,-0.15208757
23.98333458416164,0.15048015,-1.4707073,0.04551305,-1.6626642,0.12141184,0.34750095,-0.34625432,-0.2058658,-0.10631245,0.23210256,-0.27695814,-0.82920665,0.17111572388762505,-1.1238457750231252,-0.6242232823950261,0.03773838057131866,0.033732138216117244,-0.012223442014446442,0.17111572388762505,-1.1238457750231252,-0.6242232823950261,0.03773838057131866,0.033732138216117244,-0.012223442014446442,2.5444908,-14.902195,-6.947605,0.4007816,0.37206548,-0.14020288
24.00000125169754,0.14478701,-1.4740999,0.043766864,-1.6588408,0.11685357,0.33388534,-0.34121668,-0.20495154,-0.1046463,0.22789316,-0.27370414,-0.81692713,0.12790824073068072,-1.3511144197904146,-0.7445293402521864,0.017971702607562538,0.03782438886025118,-0.013467869554900458,0.12790824073068072,-1.3511144197904146,-0.7445293402521864,0.017971702607562538,0.03782438886025118,-0.013467869554900458,1.9019955,-17.915777,-8.286612,0.19085948,0.417203,-0.15447646
24.01666791923344,0.13918138,-1.4774742,0.04204933,-1.6550909,0.11235374,0.32048553,-0.33594546,-0.20377575,-0.10291608,0.22348164,-0.2701656,-0.8038896,0.12883420910864127,-1.2777646382649739,-0.7044172672569912,0.017811286415757435,0.03661720296629753,-0.01350096520280048,0.12883420910864127,-1.2777646382649739,-0.7044172672569912,0.017811286415757435,0.03661720296629753,-0.01350096520280048,1.9157647,-16.94316,-7.840164,0.18915586,0.40388775,-0.15485607
24.033334586769342,0.1337131,-1.4807876,0.04037281,-1.6514416,0.107958175,0.30741674,-0.32782596,-0.19981377,-0.100366354,0.21760349,-0.26395413,-0.7841905,0.16066500542543843,-0.9595684695927087,-0.5338870183048436,0.03373736547211469,0.030632666966532537,-0.012627607755486405,0.16066500542543843,-0.9595684695927087,-0.5338870183048436,0.03373736547211469,0.030632666966532537,-0.012627607755486405,2.3890886,-12.723878,-5.9421625,0.35829082,0.33787832,-0.14483866
24.050001254305243,0.12833425,-1.484074,0.038727548,-1.6478661,0.10362575,0.29457456,-0.32239303,-0.19835228,-0.09859471,0.21303815,-0.26014975,-0.7705037,0.1258519566451934,-1.1542959630399448,-0.6368616092130073,0.016273803686242545,0.03439627878253069,-0.013685092628781651,0.1258519566451934,-1.1542959630399448,-0.6368616092130073,0.016273803686242545,0.03439627878253069,-0.013685092628781651,1.8714186,-15.305964,-7.0882697,0.1728278,0.37939095,-0.15696801
24.066667921841145,0.12304941,-1.487333,0.03711266,-1.6443695,0.09936067,0.28197056,-0.31673548,-0.19663517,-0.09676143,0.2083014,-0.256081,-0.75613207,0.1266631409876605,-1.0829830601204575,-0.5979383302398983,0.016269766902743985,0.03313856944104054,-0.013710894892292637,0.1266631409876605,-1.0829830601204575,-0.5979383302398983,0.016269766902743985,0.03313856944104054,-0.013710894892292637,1.8834809,-14.360355,-6.6550536,0.17278492,0.36551842,-0.15726396
24.083334589377046,0.117899746,-1.4905277,0.03553814,-1.6409715,0.095200315,0.26969528,-0.30873823,-0.1925207,-0.094261505,0.20251718,-0.24984132,-0.7365682,0.15073774962434852,-0.8027808878396612,-0.44783564804913434,0.030069659321995106,0.02747845725373366,-0.01300416802362244,0.15073774962434852,-0.8027808878396612,-0.44783564804913434,0.030069659321995106,0.02747845725373366,-0.01300416802362244,2.2414703,-10.644875,-4.984411,0.31933978,0.30308738,-0.1491578
24.100001256912947,0.11284602,-1.4936861,0.033996336,-1.637652,0.09111158,0.2576674,-0.30292508,-0.1905281,-0.09238811,0.1976609,-0.24553049,-0.7216351,0.12395239229080417,-0.9640051408770577,-0.5329501810956407,0.015019789590673932,0.030866027526820886,-0.013873958026417048,0.12395239229080417,-0.9640051408770577,-0.5329501810956407,0.015019789590673932,0.030866027526820886,-0.013873958026417048,1.8431721,-12.782708,-5.9317355,0.15951017,0.34045228,-0.1591343
24.116667924448848,0.1078924,-1.4968096,0.032486532,-1.6344161,0.087098256,0.24589722,-0.2968996,-0.18829176,-0.0904571,0.19266067,-0.24097797,-0.70609426,0.12469118524896433,-0.8956694135478899,-0.4957130120235419,0.015123247426781951,0.029589931530403422,-0.013895224984459182,0.12469118524896433,-0.8956694135478899,-0.4957130120235419,0.015123247426781951,0.029589931530403422,-0.013895224984459182,1.8541579,-11.876576,-5.517286,0.16060889,0.32637694,-0.15937823
24.13333459198475,0.10307141,-1.4998657,0.031016408,-1.6312771,0.08318943,0.23445131,-0.2890454,-0.184055,-0.08801221,0.18700887,-0.2347508,-0.68678784,0.14134410570833456,-0.6546997916105106,-0.3667028980649278,0.026703554358186023,0.024311467397245407,-0.013356673374525235,0.14134410570833456,-0.6546997916105106,-0.3667028980649278,0.026703554358186023,0.024311467397245407,-0.013356673374525235,2.1017869,-8.681319,-4.0814033,0.28359175,0.2681555,-0.15320104
24.15000125952065,0.09835244,-1.5028781,0.029580329,-1.6282208,0.07935975,0.22327092,-0.28287452,-0.18155457,-0.08604412,0.18192601,-0.22998427,-0.6707799,0.12221363621745723,-0.7818254410411438,-0.4336306990960216,0.014147826114392326,0.027279346397759585,-0.014040201460681172,0.12221363621745723,-0.7818254410411438,-0.4336306990960216,0.014147826114392326,0.027279346397759585,-0.014040201460681172,1.8173168,-10.367005,-4.8263097,0.15024991,0.3008912,-0.16104111
24.16666792705655,0.09373932,-1.505846,0.028177759,-1.6252512,0.075612694,0.21236482,-0.2765073,-0.1788223,-0.084022745,0.17672938,-0.22500154,-0.65424794,0.12282235717003828,-0.7166645285950167,-0.3981834473314311,0.014357557853511949,0.025984677313029066,-0.014058696049238768,0.12282235717003828,-0.7166645285950167,-0.3981834473314311,0.014357557853511949,0.025984677313029066,-0.014058696049238768,1.8263685,-9.502972,-4.431782,0.15247726,0.286611,-0.16125324
24.183334594592452,0.089255914,-1.508745,0.026814068,-1.6223751,0.071969226,0.2017765,-0.26881874,-0.17449827,-0.08163895,0.17124754,-0.21882778,-0.6353169,0.13253088356587578,-0.5166276727506658,-0.2911651445099178,0.023595932625556846,0.021183762297453064,-0.0136891056790805,0.13253088356587578,-0.5166276727506658,-0.2911651445099178,0.023595932625556846,0.021183762297453064,-0.0136891056790805,1.9707342,-6.850483,-3.240668,0.2505888,0.2336569,-0.15701404
24.200001262128353,0.084880136,-1.5115926,0.025485596,-1.6195848,0.068411574,0.19146863,-0.26232043,-0.1715202,-0.07958498,0.16600215,-0.21366116,-0.61841846,0.12059209325927653,-0.6091969405184324,-0.3396617969948219,0.013595432211450265,0.02368398395756214,-0.01418990681456189,0.12059209325927653,-0.6091969405184324,-0.3396617969948219,0.013595432211450265,0.02368398395756214,-0.01418990681456189,1.7932044,-8.077951,-3.7804358,0.14438349,0.26123434,-0.16275823
24.216667929664254,0.080615364,-1.5143883,0.024191987,-1.6168832,0.06494279,0.18144852,-0.25564483,-0.16832708,-0.07748307,0.16067223,-0.20830576,-0.60108465,0.12109060774894874,-0.5479619154203711,-0.30639775679760545,0.013870315138678542,0.022398478479030884,-0.014208067523570504,0.12109060774894874,-0.5479619154203711,-0.30639775679760545,0.013870315138678542,0.022398478479030884,-0.014208067523570504,1.8006173,-7.265975,-3.410207,0.14730275,0.24705522,-0.16296653
24.233334597200155,0.07647692,-1.5171136,0.022936363,-1.614271,0.061576013,0.17173775,-0.24814771,-0.16394866,-0.07516753,0.15539378,-0.20222698,-0.5826453,0.12419165263018836,-0.3890692738206498,-0.2214925094220623,0.020738279976638248,0.01811639271534689,-0.014004788143071488,0.12419165263018836,-0.3890692738206498,-0.2214925094220623,0.020738279976638248,0.01811639271534689,-0.014004788143071488,1.8467299,-5.1590586,-2.4652116,0.22024053,0.19982381,-0.16063492
24.250001264736056,0.07245105,-1.5197809,0.021716941,-1.6117463,0.058300655,0.16231921,-0.24136043,-0.1605312,-0.07303889,0.15004897,-0.19672164,-0.56505066,0.11903336165170984,-0.44759150543903337,-0.2518186672035896,0.013287470670743179,0.020131464719988494,-0.014329025458541244,0.11903336165170984,-0.44759150543903337,-0.2518186672035896,0.013287470670743179,0.020131464719988494,-0.014329025458541244,1.7700261,-5.9350634,-2.8027418,0.14111294,0.22205006,-0.16435392
24.266667932271957,0.068540655,-1.5223906,0.020533506,-1.6093123,0.05511936,0.15319861,-0.23441811,-0.15691708,-0.070869,0.14464872,-0.19105706,-0.54711246,0.11937950951345992,-0.3906743379020403,-0.2209485808901174,0.013604670370141441,0.018866757371700148,-0.014348881548139044,0.11937950951345992,-0.3906743379020403,-0.2209485808901174,0.013604670370141441,0.018866757371700148,-0.014348881548139044,1.7751733,-5.1803417,-2.4591577,0.1444816,0.20810033,-0.16458167
24.28333459980786,0.06475277,-1.5249273,0.019387042,-1.6069635,0.052037746,0.14437713,-0.22713996,-0.1525175,-0.06862927,0.13960518,-0.18511444,-0.5292788,0.11626758588266277,-0.27265092006815683,-0.158012630911636,0.01811017255998601,0.015142143907486475,-0.014307538945464954,0.11626758588266277,-0.27265092006815683,-0.158012630911636,0.01811017255998601,0.015142143907486475,-0.014307538945464954,1.728899,-3.6153512,-1.7586806,0.19233003,0.16701785,-0.16410747
24.30000126734376,0.0610816,-1.5274012,0.018277524,-1.6047039,0.04905211,0.1358561,-0.22011061,-0.14870529,-0.06644006,0.13422626,-0.1793367,-0.5111915,0.11742990451445898,-0.2982546121646196,-0.17076096658972287,0.01315497240777743,0.016665992310991747,-0.014463465891408213,0.11742990451445898,-0.2982546121646196,-0.17076096658972287,0.01315497240777743,0.016665992310991747,-0.014463465891408213,1.7461827,-3.9548562,-1.9005696,0.1397058,0.1838259,-0.16589595
24.31666793487966,0.057529543,-1.5298086,0.017204894,-1.6025338,0.046164576,0.12763973,-0.21295163,-0.14471628,-0.06421686,0.1288223,-0.17343149,-0.4928567,0.11757293962839072,-0.2459434182755368,-0.1424390350711956,0.013500098454750191,0.01543269898820118,-0.014486895921236552,0.11757293962839072,-0.2459434182755368,-0.1424390350711956,0.013500098454750191,0.01543269898820118,-0.014486895921236552,1.7483096,-3.2612097,-1.5853465,0.14337105,0.17022267,-0.1661647
24.33333460241556,0.05409567,-1.5321443,0.016168067,-1.6004448,0.04337375,0.119710386,-0.2059226,-0.14033918,-0.062061615,0.1240411,-0.1676661,-0.47573662,0.10879007697345912,-0.16906284818462297,-0.1016080325932944,0.015611722083190517,0.012341348398628823,-0.01460162836671811,0.10879007697345912,-0.16906284818462297,-0.1016080325932944,0.015611722083190517,0.012341348398628823,-0.01460162836671811,1.6177084,-2.2417734,-1.1308974,0.16579649,0.13612507,-0.16748068
24.350001269951463,0.050781738,-1.5344115,0.015168662,-1.5984435,0.04068224,0.11208627,-0.19870615,-0.13618445,-0.059828166,0.1186912,-0.16168725,-0.45736966,0.11567750390776871,-0.16248109293918983,-0.09717618894277127,0.01311807870415869,0.013341578373774981,-0.01459926262874653,0.11567750390776871,-0.16248109293918983,-0.09717618894277127,0.01311807870415869,0.013341578373774981,-0.01459926262874653,1.7201245,-2.1544993,-1.081571,0.139314,0.14715761,-0.16745354
24.366667937487364,0.047589563,-1.5366074,0.014206758,-1.596533,0.038091652,0.10476994,-0.1913896,-0.13187972,-0.057569332,0.113342725,-0.15561455,-0.43885347,0.11561005886721788,-0.11568473115406065,-0.07188168068994623,0.013425731557910726,0.012175769883723878,-0.014629092233120719,0.11561005886721788,-0.11568473115406065,-0.07188168068994623,0.013425731557910726,0.012175769883723878,-0.014629092233120719,1.7191216,-1.5339795,-0.8000431,0.14258127,0.13429874,-0.16779569
24.383334605023265,0.044510715,-1.5387313,0.013279344,-1.5946962,0.03559412,0.09772682,-0.18464151,-0.12756188,-0.055507433,0.10885189,-0.15006632,-0.42255104,0.10156786994959736,-0.07800423901185372,-0.052119045780247,0.013261852459718953,0.009714145338329962,-0.014888916778481307,0.10156786994959736,-0.07800423901185372,-0.052119045780247,0.013261852459718953,0.009714145338329962,-0.014888916778481307,1.5103142,-1.0343362,-0.580085,0.14084087,0.10714702,-0.17077588
24.400001272559166,0.04155397,-1.5407829,0.012389519,-1.592947,0.033198003,0.09099007,-0.17730199,-0.123126045,-0.05324878,0.103590265,-0.1439624,-0.40412256,0.11364855698955564,-0.04162017036886776,-0.031776936441954465,0.013076201109338392,0.010214375158060927,-0.014742463177562072,0.11364855698955564,-0.04162017036886776,-0.031776936441954465,0.013076201109338392,0.010214375158060927,-0.014742463177562072,1.689954,-0.55188346,-0.3536773,0.13886926,0.11266456,-0.16909605
24.416667940095067,0.03872051,-1.5427591,0.01153747,-1.5912855,0.03090432,0.08456051,-0.1698955,-0.11856818,-0.05097454,0.0983603,-0.13780001,-0.38564625,0.11329267677558535,-0.0005428787450085578,-0.009617422308240618,0.01333124949658209,0.009124351163831281,-0.014779840798199228,0.11329267677558535,-0.0005428787450085578,-0.009617422308240618,0.01333124949658209,0.009124351163831281,-0.014779840798199228,1.6846621,-0.007198572,-0.10704191,0.14157787,0.10064159,-0.16952477
24.433334607630968,0.03599496,-1.5446659,0.010718429,-1.5896952,0.028699396,0.078388736,-0.16346218,-0.11434989,-0.049015526,0.0941775,-0.13250795,-0.37025946,0.09453154764643594,-0.00021418129539238024,-0.009934345774037925,0.010994626752849802,0.007307257229700374,-0.015173409436200115,0.09453154764643594,-0.00021418129539238024,-0.009934345774037925,0.010994626752849802,0.007307257229700374,-0.015173409436200115,1.4056841,-0.002840044,-0.11056927,0.116762936,0.08059905,-0.174039
24.45000127516687,0.033392444,-1.5464952,0.009936794,-1.58819,0.026596632,0.07252068,-0.15607274,-0.109696984,-0.04675353,0.08907063,-0.12635924,-0.35199496,0.1111142813317633,0.06384718741766468,0.025181058603476962,0.012985616922378542,0.0073035143768365885,-0.014896722024902635,0.1111142813317633,0.06384718741766468,0.025181058603476962,0.012985616922378542,0.0073035143768365885,-0.014896722024902635,1.6522694,0.8466137,0.28026518,0.13790725,0.08055776,-0.1708654
24.46666794270277,0.030913468,-1.5482472,0.009192838,-1.5867687,0.024596479,0.06695549,-0.14865263,-0.10495781,-0.04448649,0.08402088,-0.12018891,-0.3337858,0.11048418768476784,0.09831563200166682,0.04374099709595631,0.013121063145765029,0.006327859834444491,-0.014944078356885037,0.11048418768476784,0.09831563200166682,0.04374099709595631,0.013121063145765029,0.006327859834444491,-0.014944078356885037,1.6428999,1.3036653,0.4868373,0.13934569,0.069796294,-0.17140858
24.48333461023867,0.028536392,-1.5499302,0.008480217,-1.585412,0.022680145,0.06163111,-0.14256924,-0.10087875,-0.042640522,0.08016905,-0.11519106,-0.3194054,0.08756217334442036,0.06421207482638581,0.02490625334342963,0.008793337982702166,0.005141257604791809,-0.015455972867731229,0.08756217334442036,0.06421207482638581,0.02490625334342963,0.008793337982702166,0.005141257604791809,-0.015455972867731229,1.3020495,0.8514521,0.2772066,0.09338525,0.05670807,-0.17728001
24.500001277774572,0.026281906,-1.5515348,0.0078044515,-1.5841364,0.020865321,0.056603976,-0.13521184,-0.09608851,-0.040399276,0.075270735,-0.109081514,-0.30153498,0.10801989036513883,0.15207804166353667,0.0727308299877787,0.012694974122972364,0.004696549808881765,-0.015068541377548976,0.10801989036513883,0.15207804166353667,0.0727308299877787,0.012694974122972364,0.004696549808881765,-0.015068541377548976,1.6062558,2.0165548,0.80949414,0.13482063,0.051802944,-0.17283617
24.516667945310473,0.024149776,-1.5530593,0.0071658446,-1.5829409,0.019151853,0.05187151,-0.12786375,-0.09124494,-0.03816491,0.07045435,-0.102988966,-0.28382307,0.10697648440260334,0.18019758917807094,0.08781899339105241,0.012713507968378158,0.0038264773563158484,-0.015126635119929559,0.10697648440260334,0.18019758917807094,0.08781899339105241,0.012713507968378158,0.0038264773563158484,-0.015126635119929559,1.5907403,2.38942,0.9774254,0.13501745,0.042206045,-0.1735025
24.533334612846375,0.022112949,-1.554518,0.00655671,-1.5818053,0.017516661,0.047361504,-0.12216658,-0.087349884,-0.036442053,0.06694546,-0.09832135,-0.27053407,0.08062346316698661,0.11459759817224102,0.05205711692919735,0.006572703660769202,0.0032699733621298134,-0.01573971981781924,0.08062346316698661,0.11459759817224102,0.05205711692919735,0.006572703660769202,0.0032699733621298134,-0.01573971981781924,1.1988709,1.5195642,0.5793957,0.06980211,0.036067806,-0.18053459
24.550001280382276,0.020196758,-1.5558975,0.005983452,-1.5807469,0.015980873,0.0431384,-0.114932075,-0.08250395,-0.034248736,0.06231303,-0.09233889,-0.25329015,0.10412081665213507,0.22285074490048049,0.11075215626705474,0.012151749625717854,0.0024076421168427627,-0.015260850801193515,0.10412081665213507,0.22285074490048049,0.11075215626705474,0.012151749625717854,0.0024076421168427627,-0.015260850801193515,1.5482765,2.9550009,1.2326715,0.12905158,0.026556293,-0.17504196
24.566667947918177,0.018400155,-1.5571959,0.0054463753,-1.5797646,0.014543695,0.039197862,-0.10775025,-0.07764293,-0.032074824,0.057787467,-0.08641293,-0.23630916,0.102633746903297,0.24411559644327985,0.12211032740617804,0.01200760544581153,0.0016653212842785653,-0.015330975899617362,0.102633746903297,0.24411559644327985,0.12211032740617804,0.01200760544581153,0.0016653212842785653,-0.015330975899617362,1.5261638,3.2369728,1.359088,0.12752077,0.018368494,-0.1758463
24.583334615454078,0.016691664,-1.5584313,0.004936708,-1.5788321,0.0131786745,0.03546017,-0.1024764,-0.073974326,-0.030485533,0.054638036,-0.082110174,-0.22418728,0.07359280069963037,0.1512578709632563,0.0717014797292951,0.004321771363417308,0.0016995473466779791,-0.016023965638517396,0.07359280069963037,0.1512578709632563,0.0717014797292951,0.004321771363417308,0.0016995473466779791,-0.016023965638517396,1.094325,2.0056794,0.79803747,0.045897212,0.018746007,-0.18379489
24.60000128298998,0.015100158,-1.5595887,0.0044614864,-1.5779729,0.011909444,0.031995114,-0.09546477,-0.06916511,-0.028369343,0.050319154,-0.07634568,-0.20780462,0.09928584178983564,0.27513804299079814,0.13871169368747324,0.011237799812620419,0.0004925285504011273,-0.015477930969431177,0.09928584178983564,0.27513804299079814,0.13871169368747324,0.011237799812620419,0.0004925285504011273,-0.015477930969431177,1.4763805,3.6483305,1.5438612,0.119345434,0.00543259,-0.17753187
24.61666795052588,0.013623765,-1.5606669,0.004020963,-1.5771834,0.010734545,0.02879663,-0.0885524,-0.0643811,-0.026286246,0.04613245,-0.07067841,-0.19178905,0.0972917758143822,0.2893874907745315,0.14625833790685716,0.01090230269396148,-0.00011114729103967481,-0.015560539525388734,0.0972917758143822,0.2893874907745315,0.14625833790685716,0.01090230269396148,-0.00011114729103967481,-0.015560539525388734,1.4467287,3.8372781,1.6278553,0.115782455,-0.0012259546,-0.17847939
24.63333461806178,0.012227672,-1.5616865,0.003605577,-1.5764407,0.009625145,0.025780251,-0.08373943,-0.060979452,-0.024841007,0.043344352,-0.06677289,-0.18090206,0.06637266600941683,0.17451813857479873,0.08401867514350664,0.001996289237127017,0.0004417008820816483,-0.016310180958811885,0.06637266600941683,0.17451813857479873,0.08401867514350664,0.001996289237127017,0.0004417008820816483,-0.016310180958811885,0.98696154,2.3141105,0.93512785,0.021200592,0.0048719607,-0.18707778
24.650001285597682,0.010943103,-1.5626303,0.003222713,-1.5757641,0.008606355,0.02301832,-0.07705926,-0.056302022,-0.022833873,0.039395895,-0.061320174,-0.16561611,0.09329289338215134,0.308993714966925,0.15665192059965038,0.009906166382204118,-0.0010463701272324228,-0.015720419761089,0.09329289338215134,0.308993714966925,0.15665192059965038,0.009906166382204118,-0.0010463701272324228,-0.015720419761089,1.3872653,4.0972567,1.7435359,0.10520349,-0.0115414625,-0.18031321
24.666667953133583,0.009767298,-1.5634977,0.0028725287,-1.5751505,0.00767604,0.020503039,-0.07052821,-0.051693395,-0.02087416,0.03559887,-0.056006126,-0.1508002,0.09074152598223914,0.316008687199151,0.160274726254171,0.009341298720032932,-0.0014987628120027234,-0.015816578370337914,0.09074152598223914,0.316008687199151,0.160274726254171,0.009341298720032932,-0.0014987628120027234,-0.015816578370337914,1.3493265,4.190275,1.7838577,0.09920459,-0.016531354,-0.18141615
24.683334620669484,0.008663368,-1.5643108,0.0025449938,-1.5745763,0.0068040593,0.018148163,-0.06621392,-0.048600405,-0.019583456,0.033181567,-0.052527916,-0.1412072,0.058914385310098,0.18468676289462035,0.08920238345781105,-0.00043207211262088715,-0.000493300627792087,-0.016596858773734534,0.058914385310098,0.18468676289462035,0.08920238345781105,-0.00043207211262088715,-0.000493300627792087,-0.016596858773734534,0.8760569,2.4489465,0.9928225,-0.004588606,-0.005441106,-0.19036597
24.700001288205385,0.007663531,-1.5650526,0.0022475405,-1.5740621,0.0060159154,0.016025625,-0.059982307,-0.04416021,-0.017719366,0.02964513,-0.04748324,-0.12725228,0.08603772142226855,0.3237109378452215,0.16421161036392856,0.008037116680217104,-0.0021642835596314583,-0.015991604005968246,0.08603772142226855,0.3237109378452215,0.16421161036392856,0.008037116680217104,-0.0021642835596314583,-0.015991604005968246,1.2793809,4.292407,1.8276752,0.08535418,-0.023872048,-0.1834237
24.716667955741286,0.006764112,-1.5657221,0.0019801657,-1.5736035,0.0053087734,0.014125942,-0.05395268,-0.039833665,-0.015917938,0.026281726,-0.042619318,-0.11386865,0.0828617839261679,0.3235509852298604,0.16394877155300527,0.007225380133549822,-0.0024651142608978914,-0.016101141181736275,0.0828617839261679,0.3235509852298604,0.16394877155300527,0.007225380133549822,-0.0024651142608978914,-0.016101141181736275,1.2321547,4.290286,1.8247498,0.07673354,-0.02719021,-0.18468009
24.733334623277187,0.0059275464,-1.5663434,0.001732738,-1.573178,0.0046523423,0.012364146,-0.05017437,-0.037091,-0.014792003,0.02423571,-0.039596017,-0.10561912,0.05118660102695447,0.18223306532179429,0.08752549540750207,-0.0030075699764456456,-0.0010999971671420018,-0.016883713271998276,0.05118660102695447,0.18223306532179429,0.08752549540750207,-0.0030075699764456456,-0.0010999971671420018,-0.016883713271998276,0.76114476,2.4164104,0.97415876,-0.031940393,-0.012132969,-0.19365619
24.75000129081309,0.0051855296,-1.566899,0.0015123999,-1.5728062,0.0040713367,0.010808709,-0.044516806,-0.032997992,-0.013107079,0.021155449,-0.035057686,-0.09322728,0.07734573681080349,0.31944928665506356,0.1614963590616807,0.005570191911048135,-0.002859296076209137,-0.016291977378110212,0.07734573681080349,0.31944928665506356,0.1614963590616807,0.005570191911048135,-0.002859296076209137,-0.016291977378110212,1.1501311,4.2358975,1.7974545,0.059155438,-0.031538036,-0.18686898
24.76666795834899,0.0045334394,-1.5673888,0.0013189282,-1.572481,0.003562215,0.009448486,-0.03911697,-0.029067997,-0.011500872,0.018268337,-0.030742595,-0.081506014,0.0735280172249256,0.3118738329788139,0.15723450378801837,0.0044687607250195665,-0.0029945511333745716,-0.016414845052135436,0.0735280172249256,0.3118738329788139,0.15723450378801837,0.0044687607250195665,-0.0029945511333745716,-0.016414845052135436,1.0933616,4.135447,1.75002,0.04745824,-0.0330299,-0.18827827
24.78333462588489,0.003934593,-1.5678375,0.0011424839,-1.5721846,0.0030957637,0.008202995,-0.035911217,-0.026714103,-0.010549525,0.016592782,-0.028198874,-0.074639276,0.04313202936856155,0.16819368120771727,0.079570165755828,-0.005737096141399413,-0.0013988606077859538,-0.01716839560448032,0.04313202936856155,0.16819368120771727,0.079570165755828,-0.005737096141399413,-0.0013988606077859538,-0.01716839560448032,0.6413733,2.2302482,0.88561594,-0.06092796,-0.0154294325,-0.1969215
24.80000129342079,0.003418512,-1.5682275,0.000989559,-1.571931,0.0026946682,0.0071340646,-0.030961104,-0.02308458,-0.009081903,0.01401173,-0.024266884,-0.064039096,0.06709001813066351,0.2963375901384771,0.14860633248588787,0.0024322902682025107,-0.0031272011892642094,-0.016621283946498748,0.06709001813066351,0.2963375901384771,0.14860633248588787,0.0024322902682025107,-0.0031272011892642094,-0.016621283946498748,0.99762857,3.9294364,1.6539885,0.025830923,-0.03449303,-0.19064613
24.816667960956693,0.0029795994,-1.5685605,0.000859645,-1.5717161,0.0023546638,0.0062289387,-0.026327081,-0.019669525,-0.007709704,0.011634716,-0.020600876,-0.05420574,0.06259303407213715,0.28138827774139913,0.14037198026439462,0.0010100871205273771,-0.0030927316151417505,-0.01675819794614105,0.06259303407213715,0.28138827774139913,0.14037198026439462,0.0010100871205273771,-0.0030927316151417505,-0.01675819794614105,0.9307584,3.7312086,1.5623401,0.010727125,-0.03411283,-0.19221653
24.833334628492594,0.0025837584,-1.5688598,0.0007436252,-1.5715226,0.0020489271,0.0054149204,-0.023729356,-0.017742217,-0.0069422834,0.010324938,-0.018558526,-0.048750952,0.03474669001129705,0.143506974656118,0.06587081735239088,-0.008645688802733484,-0.0014017391797908306,-0.017449394868785852,0.03474669001129705,0.143506974656118,0.06587081735239088,-0.008645688802733484,-0.0014017391797908306,-0.017449394868785852,0.5166833,1.9029025,0.7331422,-0.091817215,-0.015461183,-0.20014456
24.850001296028495,0.0022565252,-1.5691092,0.0006469537,-1.5713643,0.0017967909,0.0047439276,-0.019627605,-0.01469912,-0.0057319268,0.008271906,-0.015334145,-0.04016611,0.05517040793336152,0.25458947206154847,0.1256770950550446,-0.0014617788323013573,-0.0029610674271017233,-0.01698063187944234,0.05517040793336152,0.25458947206154847,0.1256770950550446,-0.0014617788323013573,-0.0029610674271017233,-0.01698063187944234,0.82038397,3.3758564,1.3987861,-0.015524091,-0.032660574,-0.19476785
24.866667963564396,0.0019913088,-1.5693121,0.00056876574,-1.5712364,0.0015932634,0.0042016576,-0.015902707,-0.011924691,-0.0046341657,0.006439432,-0.012418408,-0.032440584,0.04996796462386747,0.2323763762484129,0.11355011503865668,-0.0032247333540081306,-0.002760087171145601,-0.017130467147544456,0.04996796462386747,0.2323763762484129,0.11355011503865668,-0.0032247333540081306,-0.002760087171145601,-0.017130467147544456,0.74302363,3.0813107,1.2638128,-0.03424667,-0.030443761,-0.19648646
24.883334631100297,0.0017584631,-1.5694892,0.0005011301,-1.571123,0.0014152887,0.003726581,-0.013946762,-0.010460728,-0.004059342,0.0054897484,-0.010896024,-0.028416382,0.026039170914235018,0.10933560483595904,0.04708853693342594,-0.011749866571130052,-0.0011345446751480847,-0.017723574935610435,0.026039170914235018,0.10933560483595904,0.04708853693342594,-0.011749866571130052,-0.0011345446751480847,-0.017723574935610435,0.38720247,1.4497901,0.5240954,-0.12478358,-0.012514028,-0.2032894
24.900001298636198,0.0015775738,-1.5696291,0.0004480514,-1.5710363,0.0012774622,0.0033573662,-0.010841444,-0.0081345085,-0.0031476968,0.003997808,-0.00848144,-0.022063907,0.04150566031809373,0.19460591076006536,0.0929726423278973,-0.006177138165341035,-0.0023711742943022755,-0.01736882726524639,0.04150566031809373,0.19460591076006536,0.0929726423278973,-0.006177138165341035,-0.0023711742943022755,-0.01736882726524639,0.61718917,2.5804744,1.0347855,-0.06560121,-0.026154052,-0.19922045
24.9166679661721,0.0014410464,-1.5697346,0.00040822825,-1.570969,0.0011740599,0.0030782253,-0.0081758,-0.006128984,-0.00236625,0.0027403738,-0.006417921,-0.01665953,0.035519209498114934,0.16578941143835652,0.07731329719975309,-0.00827320958373686,-0.0020265145225624335,-0.01753015474537298,0.035519209498114934,0.16578941143835652,0.07731329719975309,-0.00827320958373686,-0.0020265145225624335,-0.01753015474537298,0.52817065,2.1983676,0.860497,-0.087861486,-0.022352455,-0.20107087
24.933334633708,0.0013256943,-1.5698229,0.00037541616,-1.5709119,0.0010872401,0.0028422608,-0.006893392,-0.005161382,-0.0019918776,0.0021371176,-0.005430808,-0.014073438,0.017000072420886,0.06731175459348239,0.024135064029093805,-0.015046697271296759,-0.0006429809259617211,-0.01798892603194911,0.017000072420886,0.06731175459348239,0.024135064029093805,-0.015046697271296759,-0.0006429809259617211,-0.01798892603194911,0.25279108,0.89255387,0.26862326,-0.15979593,-0.0070920796,-0.20633298
24.9500013012439,0.0012430451,-1.569886,0.00035173132,-1.5708709,0.0010254098,0.0026714837,-0.0049390877,-0.0036846097,-0.0014216923,0.0012347099,-0.003928674,-0.010163276,0.025966815605368804,0.11753371578176278,0.05114009438177967,-0.0117450938498682,-0.00139353374662663,-0.017784122757633147,0.025966815605368804,0.11753371578176278,0.05114009438177967,-0.0117450938498682,-0.00139353374662663,-0.017784122757633147,0.38612655,1.5584971,0.56918925,-0.1247329,-0.015370677,-0.20398389
24.966667968779802,0.00118449,-1.5699295,0.00033536166,-1.5708376,0.0009821102,0.0025487079,-0.0034891055,-0.0025876586,-0.0009996741,0.00057556125,-0.00281962,-0.0072849356,0.019246191487828596,0.08181851374078121,0.031815422405986664,-0.01422971655419991,-0.0008869436607507826,-0.017957246449062277,0.019246191487828596,0.08181851374078121,0.031815422405986664,-0.01422971655419991,-0.0008869436607507826,-0.017957246449062277,0.28619087,1.0849135,0.35410565,-0.15111959,-0.009782989,-0.20596962
24.983334636315703,0.0011354667,-1.5699648,0.00032226986,-1.5708106,0.00094622583,0.0024451688,-0.0029094366,-0.0021512348,-0.0008326393,0.00030401075,-0.002379582,-0.0061335284,0.00770297740719506,0.018658950857447284,-0.0022785620963048634,-0.018559206845396657,4.8086224697996354e-05,-0.01824248351526967,0.00770297740719506,0.018658950857447284,-0.0022785620963048634,-0.018559206845396657,4.8086224697996354e-05,-0.01824248351526967,0.114543274,0.24741769,-0.025360396,-0.19709878,0.00053039106,-0.20924129
25.000001303851604,0.0010971864,-1.5699923,0.00031222697,-1.570788,0.0009184639,0.0023627842,-0.0022667414,-0.0016664104,-0.0006477484,1.1922996e-05,-0.0018926895,-0.0048665344,0.008541731403109687,0.023811792626100427,0.0004736370652217856,-0.018250002138134228,-3.516387330758253e-05,-0.018225996101432607,0.008541731403109687,0.023811792626100427,0.0004736370652217856,-0.018250002138134228,-3.516387330758253e-05,-0.018225996101432607,0.12701555,0.31574437,0.0052715805,-0.19381502,-0.00038785752,-0.20905218
