0.004,0,-1.570000052,0,-1.570000052,0,0,4.36E-05,-0.017627306,0.027480781,0.024632948,-0.013341468,0.213036105,0,0,0,0,0,0,0,0,0,0,0,0,0,0,0,0,0,0
0.01,1.67E-05,-1.514519095,-0.063108012,-1.403107047,-0.003214669,-0.000930559,0.00273449,9.282271385,-10.50925159,27.81271744,-0.534058154,-0.150089473,-0.034900229,1500,-0.274807811,1500,0.800488055,-0.95866245,-0.034900229,1500,-0.274807811,1500,0.800488055,-0.95866245,-0.034900229,1500,-0.274807811,1500,0.800488055,-0.95866245
0.020000001,0.000130944,-1.272301078,-0.342942029,-0.571441829,-0.012036585,-0.013079493,0.014071527,27.51478958,-32.08680725,97.01013184,-0.914219439,-1.527641416,-0.594485581,1500,168.1969452,1500,32.76612854,0.726446033,-0.594485581,1500,168.1969452,1500,32.76612854,0.726446033,-0.594485581,1500,168.1969452,1500,32.76612854,0.726446033
0.030000001,0.000381887,-0.915066123,-0.597951353,0.09606947,-0.011075192,-0.054700769,0.027174179,38.03025818,-22.00321007,51.82053757,0.417123109,-4.797067642,-8.656166077,1500,663.8029175,-1500,57.41989517,7.369116306,-8.656166077,1500,663.8029175,-1500,57.41989517,7.369116306,-8.656166077,1500,663.8029175,-1500,57.41989517,7.369116306
0.040000002,0.00066538,-0.494875312,-0.575316846,0.010513201,-0.014894062,-0.111844137,0.028194528,42.3478241,9.15884304,-23.62129974,-0.740593135,-5.843344688,-18.95058823,774.1881714,817.9727173,-1500,-22.57322884,23.55675316,-18.95058823,774.1881714,817.9727173,-1500,-22.57322884,23.55675316,-18.95058823,774.1881714,817.9727173,-1500,-22.57322884,23.55675316
0.050000002,0.000904045,-0.318853736,-0.15589565,-0.031424362,-0.012387711,-0.165961608,0.022775849,9.373808861,50.18694687,7.248495102,0.676622272,-5.198385715,-19.77446365,-1500,483.7141113,1150.286133,47.73322678,30.28349113,-19.77446365,-1500,483.7141113,1150.286133,47.73322678,30.28349113,-19.77446365,-1500,483.7141113,1150.286133,47.73322678,30.28349113
0.060000003,0.000986299,-0.258866668,0.344449699,0.081677064,-0.0174312,-0.232912883,0.003968094,7.962969303,46.83313751,8.743162155,-1.040106893,-7.167896271,-15.17814827,660.0267944,-345.9916992,-267.2006531,-37.72126389,29.2937603,-15.17814827,660.0267944,-345.9916992,-267.2006531,-37.72126389,29.2937603,-15.17814827,660.0267944,-345.9916992,-267.2006531,-37.72126389,29.2937603
0.070000003,0.000898462,-0.021870941,0.550901413,-0.045589104,-0.014156282,-0.311808944,-0.01132104,28.18094826,13.10407257,-18.96468163,0.987470984,-7.947261333,1.067888737,501.8031921,-812.8025513,-681.0480957,66.37088776,40.51832581,1.067888737,501.8031921,-812.8025513,-681.0480957,66.37088776,40.51832581,1.067888737,501.8031921,-812.8025513,-681.0480957,66.37088776,40.51832581
0.080000004,0.000742859,0.222325474,0.564655304,0.048640385,-0.010703593,-0.385877967,-0.016074486,21.63431168,0.020078724,20.95277405,-0.103522196,-7.206084728,15.51957417,-1500,-681.9671631,1086.332764,-55.85905838,46.80530548,15.51957417,-1500,-681.9671631,1086.332764,-55.85905838,46.80530548,15.51957417,-1500,-681.9671631,1086.332764,-55.85905838,46.80530548
0.090000004,0.00061575,0.356979132,0.590660095,0.077443771,-0.002052307,-0.451446891,-0.011177408,11.65326977,3.922868252,-6.959999561,1.361342311,-6.362234592,21.94931221,-1500,-564.8847046,-1192.038208,8.989701271,46.0809021,21.94931221,-1500,-564.8847046,-1192.038208,8.989701271,46.0809021,21.94931221,-1500,-564.8847046,-1192.038208,8.989701271,46.0809021
0.100000005,0.000572526,0.383605719,0.639577866,-0.015671603,0.001266499,-0.502646506,-0.002639601,0.272934407,4.772405148,-6.821467876,-0.184133872,-4.781642437,20.48766136,-1500,-629.9209595,117.3804703,-80.55271912,44.59696198,20.48766136,-1500,-629.9209595,117.3804703,-80.55271912,44.59696198,20.48766136,-1500,-629.9209595,117.3804703,-80.55271912,44.59696198
0.110000005,0.000602708,0.29073596,0.662435532,0.093092583,0.004092349,-0.537898123,0.004310565,-11.67603588,1.491175056,15.94224262,0.608359873,-3.225931406,15.61012363,-1500,-687.3377075,389.9902039,11.59179592,39.29475784,15.61012363,-1500,-687.3377075,389.9902039,11.59179592,39.29475784,15.61012363,-1500,-687.3377075,389.9902039,11.59179592,39.29475784
0.120000006,0.000698111,0.212326378,0.562421799,0.025106728,0.011933635,-0.560565054,0.01093265,-5.768899441,-13.55028439,-16.05500412,0.740926981,-2.030239344,15.48322582,-276.8457947,-677.4503174,-1073.640259,-36.34331512,33.58759308,15.48322582,-276.8457947,-677.4503174,-1073.640259,-36.34331512,33.58759308,15.48322582,-276.8457947,-677.4503174,-1073.640259,-36.34331512,33.58759308
0.130000006,0.00080454,0.163827747,0.320661038,-0.006587044,0.004667337,-0.575728476,0.010266959,-5.280072212,-26.51475143,4.232582569,-1.189896464,-1.38619709,15.22746849,-472.5590515,-427.0892029,731.0272217,-45.68591309,29.06005287,15.22746849,-472.5590515,-427.0892029,731.0272217,-45.68591309,29.06005287,15.22746849,-472.5590515,-427.0892029,731.0272217,-45.68591309,29.06005287
0.140000007,0.000882354,0.084205955,0.057975184,0.063743271,0.010173198,-0.585324347,0.007078585,-8.711147308,-25.40523148,5.495123863,1.283181906,-0.864544094,20.73577309,-275.9961853,-55.75099945,-187.4232483,71.79644012,26.75231361,20.73577309,-275.9961853,-55.75099945,-187.4232483,71.79644012,26.75231361,20.73577309,-275.9961853,-55.75099945,-187.4232483,71.79644012,26.75231361
0.150000007,0.000931131,0.009390757,-0.161059543,-0.037490152,0.006745249,-0.591134131,0.004405394,-6.802154064,-21.03572083,-14.81362152,-1.129000425,-0.520760834,28.433918,468.17276,195.7724304,-460.6936646,-77.50975037,24.80046082,28.433918,468.17276,195.7724304,-460.6936646,-77.50975037,24.80046082,28.433918,468.17276,195.7724304,-460.6936646,-77.50975037,24.80046082
0.160000008,0.000981635,-0.054553397,-0.351437598,-0.013253354,-0.001365511,-0.592162192,0.005660836,-6.419244289,-18.73859024,9.715725899,-0.438414246,0.054268163,35.89413834,654.3018799,371.0448303,859.2914429,68.08646393,23.5165081,35.89413834,654.3018799,371.0448303,859.2914429,68.08646393,23.5165081,35.89413834,654.3018799,371.0448303,859.2914429,68.08646393,23.5165081
0.170000008,0.001072704,-0.078484334,-0.486264259,0.003689107,0.002093775,-0.585576117,0.01000975,-1.021110654,-11.84440231,-3.414416313,0.480140388,0.799507439,40.20108795,938.6841431,538.3843384,-439.0387268,28.45312881,21.02459145,40.20108795,938.6841431,538.3843384,-439.0387268,28.45312881,21.02459145,40.20108795,938.6841431,538.3843384,-439.0387268,28.45312881,21.02459145
0.180000009,0.001235711,-0.078504123,-0.517138541,-0.061711136,-0.00558928,-0.569943488,0.018095063,-0.124001905,-0.719609082,-5.879592419,-1.228371859,1.773654819,41.78987885,521.4779053,604.2019043,167.4885864,-27.17232132,17.5002327,41.78987885,521.4779053,604.2019043,167.4885864,-27.17232132,17.5002327,41.78987885,521.4779053,604.2019043,167.4885864,-27.17232132,17.5002327
0.190000009,0.001488498,-0.090493716,-0.449659437,-0.001972724,-0.006983918,-0.54452616,0.027055753,-1.533427954,8.464015007,9.708507538,0.377357483,2.726360559,39.95790863,434.8184509,523.7609863,487.7956848,77.05471039,12.62915707,39.95790863,434.8184509,523.7609863,487.7956848,77.05471039,12.62915707,39.95790863,434.8184509,523.7609863,487.7956848,77.05471039,12.62915707
0.200000009,0.001798953,-0.077929772,-0.309651464,-0.018812645,-0.005566147,-0.515214026,0.031827573,2.314450979,15.24259281,-6.735478401,-0.109178141,2.948086739,36.88696289,638.661499,364.378418,-469.9769592,-18.83043861,7.512104988,36.88696289,638.661499,364.378418,-469.9769592,-18.83043861,7.512104988,36.88696289,638.661499,364.378418,-469.9769592,-18.83043861,7.512104988
0.21000001,0.002148955,-0.053616654,-0.134395689,-0.031024087,-0.009621574,-0.484268248,0.035794459,2.13700819,17.86680031,2.300414324,-0.420692652,3.135481119,36.82110977,194.0063324,156.5174561,403.5896912,10.25782871,5.54814291,36.82110977,194.0063324,156.5174561,403.5896912,10.25782871,5.54814291,36.82110977,194.0063324,156.5174561,403.5896912,10.25782871,5.54814291
0.22000001,0.002521067,-0.028415186,0.035442188,0.024680329,-0.005623387,-0.454260886,0.037464447,2.765779257,16.55084419,5.479957581,0.678115129,2.948451996,41.48133469,96.31542206,-45.26324463,-10.00260258,29.94534683,3.723590374,41.48133469,96.31542206,-45.26324463,-10.00260258,29.94534683,3.723590374,41.48133469,96.31542206,-45.26324463,-10.00260258,29.94534683,3.723590374
0.230000011,0.002913213,0.016449917,0.170427024,-0.008071949,-0.003927907,-0.427113593,0.039767906,4.984797478,12.61380768,-6.164018631,-0.091457956,2.661618471,47.84642029,-86.43862152,-202.224411,-334.5249939,-36.59719467,3.61678791,47.84642029,-86.43862152,-202.224411,-334.5249939,-36.59719467,3.61678791,47.84642029,-86.43862152,-202.224411,-334.5249939,-36.59719467,3.61678791
0.240000011,0.003344915,0.046291027,0.262376487,0.015039548,-0.002877249,-0.400581419,0.044111814,2.151548147,8.353449821,6.099716187,0.257617891,2.665753603,53.58452225,-526.5355835,-298.1217346,347.4986572,9.423654556,4.059207439,53.58452225,-526.5355835,-298.1217346,347.4986572,9.423654556,4.059207439,53.58452225,-526.5355835,-298.1217346,347.4986572,9.423654556,4.059207439
0.250000012,0.00383038,0.065404326,0.301714599,0.035684343,0.002626102,-0.374696791,0.04975291,2.107888699,2.736420155,-0.544327855,0.597958982,2.565788031,57.45293045,-386.2857971,-347.7504578,-333.4545288,-11.54546642,3.213797569,57.45293045,-386.2857971,-347.7504578,-333.4545288,-11.54546642,3.213797569,57.45293045,-386.2857971,-347.7504578,-333.4545288,-11.54546642,3.213797569
0.260000012,0.004382652,0.080666453,0.286698043,0.00301644,0.003463331,-0.349124968,0.056629051,1.265427947,-2.512159824,-3.304207563,-0.103742763,2.559658289,59.96101379,-471.3559265,-331.2011414,-61.61870193,-32.88103867,2.8595047,59.96101379,-471.3559265,-331.2011414,-61.61870193,-32.88103867,2.8595047,59.96101379,-471.3559265,-331.2011414,-61.61870193,-32.88103867,2.8595047
0.270000013,0.005001422,0.072945267,0.230035961,0.032940436,0.005558496,-0.323243201,0.063158751,-1.36470592,-6.380456448,5.104222298,0.376794159,2.597181559,61.08021164,-457.2901001,-263.9816284,175.9470215,9.239180565,2.093899012,61.08021164,-457.2901001,-263.9816284,175.9470215,9.239180565,2.093899012,61.08021164,-457.2901001,-263.9816284,175.9470215,9.239180565,2.093899012
0.280000013,0.005682301,0.062178284,0.142124355,0.018385047,0.008166915,-0.298029959,0.0693013,-0.782838643,-9.35755825,-4.347020626,0.165537536,2.493019104,62.07757568,-149.54039,-168.9194183,-332.6784363,-19.82650566,1.121006608,62.07757568,-149.54039,-168.9194183,-332.6784363,-19.82650566,1.121006608,62.07757568,-149.54039,-168.9194183,-332.6784363,-19.82650566,1.121006608
0.290000014,0.006421473,0.044774443,0.041983347,0.001710431,0.006535655,-0.273734152,0.07509008,-2.153662443,-10.05036354,0.190402165,-0.238885954,2.423413992,63.01200867,-147.7618103,-51.51964188,185.1178894,-7.487231255,0.809098303,63.01200867,-147.7618103,-51.51964188,185.1178894,-7.487231255,0.809098303,63.01200867,-147.7618103,-51.51964188,185.1178894,-7.487231255,0.809098303
0.300000014,0.007218149,0.019627502,-0.05321518,0.022237109,0.007531127,-0.249892294,0.080804847,-2.495049953,-9.33231926,2.053600073,0.237036481,2.372763157,63.87969971,82.4701767,55.26656723,9.838618279,17.28999138,0.373792201,63.87969971,82.4701767,55.26656723,9.838618279,17.28999138,0.373792201,63.87969971,82.4701767,55.26656723,9.838618279,17.28999138,0.373792201
0.310000015,0.008074825,0.005135405,-0.131277889,-0.005018628,0.006671183,-0.226798594,0.086908028,-1.104341745,-7.362222195,-4.319207668,-0.23984459,2.29175663,64.46157837,248.4740295,143.0018005,-143.3332977,-11.2788868,-0.130919918,64.46157837,248.4740295,143.0018005,-143.3332977,-11.2788868,-0.130919918,64.46157837,248.4740295,143.0018005,-143.3332977,-11.2788868,-0.130919918
0.320000015,0.009003137,-0.008312201,-0.180260986,0.000386971,0.004658841,-0.203444064,0.094412953,-1.53455317,-4.231448174,2.690962553,-0.135971025,2.359491587,68.62982178,191.1668396,200.6566925,259.0406799,17.60534859,-0.436244369,68.62982178,191.1668396,200.6566925,259.0406799,17.60534859,-0.436244369,68.62982178,191.1668396,200.6566925,259.0406799,17.60534859,-0.436244369
0.330000016,0.010009502,-0.015345132,-0.194454521,0.008512929,0.005227201,-0.179793417,0.102176033,-0.364175797,-0.703488946,-0.530688643,0.098617308,2.358173132,71.24685669,310.7291565,217.6252136,-105.7182846,11.87478638,-1.420034528,71.24685669,310.7291565,217.6252136,-105.7182846,11.87478638,-1.420034528,71.24685669,310.7291565,217.6252136,-105.7182846,11.87478638,-1.420034528
0.340000016,0.011096512,-0.011966383,-0.174696773,-0.009751841,0.0037219,-0.156312525,0.110365137,0.457499593,2.632002831,-1.810295701,-0.247281343,2.34665513,73.18904877,238.1591949,195.8323059,32.95275879,-2.214802742,-2.103448391,73.18904877,238.1591949,195.8323059,32.95275879,-2.214802742,-2.103448391,73.18904877,238.1591949,195.8323059,32.95275879,-2.214802742,-2.103448391
0.350000017,0.012265478,-0.00824908,-0.12841019,0.009553167,0.00367979,-0.13299948,0.118516572,0.302855104,5.076444626,3.172247648,0.10918954,2.326490164,74.30654907,148.401062,142.0127869,153.6937866,18.93955994,-2.735023022,74.30654907,148.401062,142.0127869,153.6937866,18.93955994,-2.735023022,74.30654907,148.401062,142.0127869,153.6937866,18.93955994,-2.735023022
0.360000017,0.013509695,0.003462655,-0.067777246,0.006944229,0.004744646,-0.111198068,0.12586087,1.486192107,6.238134384,-1.820400357,0.067581058,2.134799719,74.96244812,154.5821228,70.57494354,-151.3820496,-2.340888739,-3.321811438,74.96244812,154.5821228,70.57494354,-151.3820496,-2.340888739,-3.321811438,74.96244812,154.5821228,70.57494354,-151.3820496,-2.340888739,-3.321811438
0.370000018,0.014827673,0.018306093,-0.005281672,0.003868965,0.0047117,-0.091121078,0.133297384,1.380587339,6.194628239,0.716632783,-0.013777114,1.980155826,75.81255341,-13.00710678,-2.381747961,108.0435181,0.042031907,-3.083828211,75.81255341,-13.00710678,-2.381747961,108.0435181,0.042031907,-3.083828211,75.81255341,-13.00710678,-2.381747961,108.0435181,0.042031907,-3.083828211
0.380000018,0.016218456,0.03100224,0.047951058,0.021727543,0.006577563,-0.072815537,0.140507668,1.268599987,5.049080849,1.800446033,0.256826848,1.790571451,76.14632416,-67.36068726,-65.14910889,-7.615990639,5.029494286,-2.952199697,76.14632416,-67.36068726,-65.14910889,-7.615990639,5.029494286,-2.952199697,76.14632416,-67.36068726,-65.14910889,-7.615990639,5.029494286,-2.952199697
0.390000019,0.017681928,0.046027854,0.083874658,0.012148123,0.008028668,-0.056584954,0.147814289,1.581313968,3.197149038,-1.882460713,0.084486187,1.581212997,76.22425079,-110.3395462,-107.6332092,-113.4160309,-11.4805336,-2.601338148,76.22425079,-110.3395462,-107.6332092,-113.4160309,-11.4805336,-2.601338148,76.22425079,-110.3395462,-107.6332092,-113.4160309,-11.4805336,-2.601338148
0.400000019,0.019220682,0.054752663,0.100010827,0.018846182,0.009140802,-0.041768432,0.155399382,0.610001624,1.217830062,1.828861833,0.140464008,1.462196112,75.78896332,-207.4358673,-125.744339,101.4339294,-1.330931544,-2.08886981,75.78896332,-207.4358673,-125.744339,101.4339294,-1.330931544,-2.08886981,75.78896332,-207.4358673,-125.744339,101.4339294,-1.330931544,-2.08886981
0.410000019,0.020834239,0.059140161,0.095427707,0.024924187,0.011121881,-0.02826333,0.162835211,0.468940794,-0.885467768,-0.18572326,0.207470998,1.320054412,74.67921448,-144.6255493,-122.7941666,-102.2600174,-4.812644482,-1.933446527,74.67921448,-144.6255493,-122.7941666,-102.2600174,-4.812644482,-1.933446527,74.67921448,-144.6255493,-122.7941666,-102.2600174,-4.812644482,-1.933446527
0.42000002,0.022524031,0.061664298,0.072899058,0.014502657,0.011845422,-0.01595664,0.170529023,0.169938087,-2.565957308,-1.063043952,0.024245758,1.210899472,77.06973267,-140.6568146,-98.53367615,-17.99622726,-9.296424866,-1.601738453,77.06973267,-140.6568146,-98.53367615,-17.99622726,-9.296424866,-1.601738453,77.06973267,-140.6568146,-98.53367615,-17.99622726,-9.296424866,-1.601738453
0.43000002,0.024292203,0.057608679,0.039045606,0.023394627,0.012657416,-0.004360255,0.178390592,-0.569674969,-3.554426908,1.5469625,0.116326563,1.149312496,78.79645538,-111.577095,-60.55574799,58.90295029,1.485237122,-1.376526356,78.79645538,-111.577095,-60.55574799,58.90295029,1.485237122,-1.376526356,78.79645538,-111.577095,-60.55574799,58.90295029,1.485237122,-1.376526356
0.440000021,0.026138933,0.053203538,-2.18E-05,0.018666906,0.013377053,0.006466677,0.186239675,-0.342436403,-3.968060493,-1.365373492,0.045311064,1.06391263,79.91869354,-5.537561417,-18.17321014,-96.50473022,-4.269154549,-1.340509534,79.91869354,-5.537561417,-18.17321014,-96.50473022,-4.269154549,-1.340509534,79.91869354,-5.537561417,-18.17321014,-96.50473022,-4.269154549,-1.340509534
0.450000021,0.028065832,0.048092797,-0.037260816,0.013806535,0.013118488,0.016812183,0.194324642,-0.598990321,-3.623298883,0.104548991,-0.040444426,1.031632185,80.57956696,5.564421654,23.67490196,65.06378174,-0.219296604,-1.170403719,80.57956696,5.564421654,23.67490196,65.06378174,-0.219296604,-1.170403719,80.57956696,5.564421654,23.67490196,65.06378174,-0.219296604,-1.170403719
0.460000022,0.030074211,0.04215546,-0.066853449,0.020577542,0.013331694,0.026972927,0.202463478,-0.562438309,-2.771563053,0.671071529,0.046707161,1.011829376,80.57072449,68.57365417,56.11070633,7.917323112,4.910601139,-1.222485542,80.57072449,68.57365417,56.11070633,7.917323112,4.910601139,-1.222485542,80.57072449,68.57365417,56.11070633,7.917323112,4.910601139,-1.222485542
0.470000022,0.032163952,0.040229753,-0.085176393,0.012770203,0.013158304,0.036860742,0.210607082,-0.07964614,-1.581795096,-1.262674332,-0.047191877,0.982459068,80.02990723,106.4052734,75.83036804,-38.95327377,-0.428279817,-1.324249983,80.02990723,106.4052734,75.83036804,-38.95327377,-0.428279817,-1.324249983,80.02990723,106.4052734,75.83036804,-38.95327377,-0.428279817,-1.324249983
0.480000023,0.034335826,0.039249495,-0.090289518,0.015575287,0.012818736,0.04673294,0.218848377,-0.141636416,-0.238125488,0.955565274,-0.019470453,0.991076648,78.99710846,79.55472565,80.90002441,82.92459106,5.173195839,-1.373408079,78.99710846,79.55472565,80.90002441,82.92459106,5.173195839,-1.373408079,78.99710846,79.55472565,80.90002441,82.92459106,5.173195839,-1.373408079
0.490000023,0.036588047,0.040860966,-0.083288357,0.018800493,0.013037366,0.056430139,0.226789579,0.276429385,0.921845257,-0.1135552,0.030737659,0.961328268,77.39334869,102.4551773,71.22084045,-34.63409042,3.510679245,-1.592965126,77.39334869,102.4551773,71.22084045,-34.63409042,3.510679245,-1.592965126,77.39334869,102.4551773,71.22084045,-34.63409042,3.510679245,-1.592965126
0.500000024,0.038917992,0.04592593,-0.067134783,0.014163639,0.012952131,0.065749921,0.234532759,0.544737339,1.772729158,-0.435026199,-0.024554359,0.924916089,75.54758453,64.39138031,51.26436234,10.91486454,0.387322009,-1.633750439,75.54758453,64.39138031,51.26436234,10.91486454,0.387322009,-1.633750439,75.54758453,64.39138031,51.26436234,10.91486454,0.387322009,-1.633750439
0.510000024,0.041323278,0.051123694,-0.045872599,0.021155413,0.013230574,0.074712552,0.242016315,0.498844624,2.191529989,1.067691326,0.050666768,0.889053822,73.39389038,24.03589821,25.24633789,42.66753006,3.65474534,-1.631339073,73.39389038,24.03589821,25.24633789,42.66753006,3.65474534,-1.631339073,73.39389038,24.03589821,25.24633789,42.66753006,3.65474534,-1.631339073
0.520000025,0.043802116,0.058581665,-0.024603039,0.020401474,0.013714385,0.083025254,0.249342874,0.835445523,2.083066702,-0.579374373,0.040004332,0.814678967,74.12670135,15.78171635,-2.412879705,-52.62995529,-1.208639622,-1.606062412,74.12670135,15.78171635,-2.412879705,-52.62995529,-1.208639622,-1.606062412,74.12670135,15.78171635,-2.412879705,-52.62995529,-1.208639622,-1.606062412
0.530000025,0.046354983,0.066148475,-0.007141043,0.020004567,0.013994199,0.090733565,0.256783545,0.700716496,1.64849174,0.308190018,0.026784454,0.761704326,74.5437851,-42.02286911,-24.80683136,32.79886246,-0.960084498,-1.384731531,74.5437851,-42.02286911,-24.80683136,32.79886246,-0.960084498,-1.384731531,74.5437851,-42.02286911,-24.80683136,32.79886246,-0.960084498,-1.384731531
0.540000026,0.048982117,0.072062448,0.003897421,0.025526699,0.014591706,0.09791211,0.264191478,0.573690951,0.954714537,0.517566919,0.071139857,0.706322491,74.42541504,-53.23865128,-40.13210297,-9.574919701,-0.51728344,-1.23854804,74.42541504,-53.23865128,-40.13210297,-9.574919701,-0.51728344,-1.23854804,74.42541504,-53.23865128,-40.13210297,-9.574919701,-0.51728344,-1.23854804
0.550000026,0.051683042,0.077824309,0.006931118,0.022098478,0.015002442,0.104512013,0.271555364,0.58291471,0.135948807,-0.618083656,0.02724961,0.648433208,73.88762665,-56.96059799,-46.44181824,-35.79644394,-3.59253788,-1.062990308,73.88762665,-56.96059799,-46.44181824,-35.79644394,-3.59253788,-1.062990308,73.88762665,-56.96059799,-46.44181824,-35.79644394,-3.59253788,-1.062990308
0.560000027,0.0544574,0.081109479,0.002313591,0.024294492,0.015244496,0.110756673,0.278915226,0.241449833,-0.605180681,0.590598404,0.027821986,0.620339334,72.94233704,-73.54692078,-43.49688339,32.08446121,-1.335698962,-0.855896592,72.94233704,-73.54692078,-43.49688339,32.08446121,-1.335698962,-0.855896592,72.94233704,-73.54692078,-43.49688339,32.08446121,-1.335698962,-0.855896592
0.570000027,0.057304118,0.082902864,-0.008683713,0.025612231,0.015544963,0.116697825,0.286101043,0.187624857,-1.216766477,-0.144838572,0.029556533,0.586742401,71.55966187,-42.68091583,-33.67708588,-34.12397003,-1.712881207,-0.770448685,71.55966187,-42.68091583,-33.67708588,-34.12397003,-1.712881207,-0.770448685,71.55966187,-42.68091583,-33.67708588,-34.12397003,-1.712881207,-0.770448685
0.580000028,0.060221765,0.084025338,-0.023755284,0.022141811,0.015477938,0.122407712,0.29316771,0.084420212,-1.564994812,-0.322249055,-0.018609991,0.568228602,69.88206482,-33.11997604,-18.77294922,-0.491623759,-2.171476364,-0.649614275,69.88206482,-33.11997604,-18.77294922,-0.491623759,-2.171476364,-0.649614275,69.88206482,-33.11997604,-18.77294922,-0.491623759,-2.171476364,-0.649614275
0.590000028,0.063208677,0.083482936,-0.040121708,0.024952646,0.015341413,0.12807332,0.300077379,-0.091054276,-1.641345739,0.473928541,-0.008014577,0.566975772,67.87421417,-15.26652241,-2.428119659,19.60387802,0.437491387,-0.588559687,67.87421417,-15.26652241,-2.428119659,19.60387802,0.437491387,-0.588559687,67.87421417,-15.26652241,-2.428119659,19.60387802,0.437491387,-0.588559687
0.600000028,0.066262819,0.083430722,-0.055413757,0.023140427,0.015121085,0.133682355,0.306739241,0.035766207,-1.490298152,-0.463900894,-0.028603043,0.558689594,65.57637024,18.13830185,12.49278927,-27.82379532,-0.465357453,-0.603629649,65.57637024,18.13830185,12.49278927,-27.82379532,-0.465357453,-0.603629649,65.57637024,18.13830185,12.49278927,-27.82379532,-0.465357453,-0.603629649
0.610000029,0.069382288,0.083612636,-0.067419559,0.021961208,0.014653546,0.139334783,0.313236952,-0.001207357,-1.117099404,0.091605812,-0.050586838,0.568226695,63.07339478,18.86268425,24.06533623,25.31805038,0.519587457,-0.585069537,63.07339478,18.86268425,24.06533623,25.31805038,0.519587457,-0.585069537,63.07339478,18.86268425,24.06533623,25.31805038,0.519587457,-0.585069537
0.620000029,0.072565891,0.084170774,-0.075042993,0.023769792,0.014204663,0.145071611,0.319637418,0.081263512,-0.671831071,0.140766919,-0.041716147,0.574492097,62.55971909,34.70698929,29.12334251,0.131427392,1.37498486,-0.650529861,62.55971909,34.70698929,29.12334251,0.131427392,1.37498486,-0.650529861,62.55971909,34.70698929,29.12334251,0.131427392,1.37498486,-0.650529861
0.63000003,0.075812913,0.086339667,-0.078154117,0.021046218,0.013642264,0.150815114,0.325954914,0.253580362,-0.220999211,-0.396704763,-0.062141143,0.574049473,61.73902893,36.72572327,29.07828522,-8.701322556,0.375381798,-0.704221547,61.73902893,36.72572327,29.07828522,-8.701322556,0.375381798,-0.704221547,61.73902893,36.72572327,29.07828522,-8.701322556,0.375381798,-0.704221547
0.64000003,0.079122402,0.088906959,-0.077177316,0.022085842,0.013017011,0.156603917,0.332201302,0.24554652,0.173854381,0.312306315,-0.060675029,0.580627978,60.60419846,21.70608521,24.46528244,25.39404297,1.156223297,-0.727960765,60.60419846,21.70608521,24.46528244,25.39404297,1.156223297,-0.727960765,60.60419846,21.70608521,24.46528244,25.39404297,1.156223297,-0.727960765
0.650000031,0.082492687,0.092351869,-0.073420078,0.022524174,0.012470019,0.162347421,0.33825022,0.381214023,0.417607665,-0.115112595,-0.053332463,0.571781158,59.15145874,22.72952652,16.32413864,-14.12432766,0.636168957,-0.784880579,59.15145874,22.72952652,16.32413864,-14.12432766,0.636168957,-0.784880579,59.15145874,22.72952652,16.32413864,-14.12432766,0.636168957,-0.784880579
0.660000031,0.085922338,0.096626714,-0.06846264,0.020906087,0.011821491,0.16798602,0.344143182,0.430657357,0.507816732,-0.124398403,-0.069147989,0.562116325,57.49192047,4.994739532,6.913558483,4.982676983,-0.252124697,-0.770800889,57.49192047,4.994739532,6.913558483,4.982676983,-0.252124697,-0.770800889,57.49192047,4.994739532,6.913558483,4.982676983,-0.252124697,-0.770800889
0.670000032,0.089409448,0.100646451,-0.063814193,0.022796806,0.011205,0.173533067,0.349850297,0.391350895,0.446467429,0.281096667,-0.057715833,0.552797496,55.60094452,-8.267305374,-2.161778212,9.352285385,0.26937446,-0.749368489,55.60094452,-8.267305374,-2.161778212,9.352285385,0.26937446,-0.749368489,55.60094452,-8.267305374,-2.161778212,9.352285385,0.26937446,-0.749368489
0.680000032,0.092951871,0.104947522,-0.060834557,0.021882888,0.010580284,0.178915128,0.355321407,0.446567774,0.254532814,-0.246243283,-0.065368846,0.533999205,53.51389313,-11.37883186,-9.412540436,-17.54356766,-0.850394845,-0.726288795,53.51389313,-11.37883186,-9.412540436,-17.54356766,-0.850394845,-0.726288795,53.51389313,-11.37883186,-9.412540436,-17.54356766,-0.850394845,-0.726288795
0.690000033,0.096547462,0.108801797,-0.060325176,0.021505114,0.009839308,0.184165582,0.360608637,0.359528571,-0.002473454,0.083337665,-0.076033376,0.523519635,51.2837677,-25.34936142,-13.68863869,10.6162405,-0.823408902,-0.65477705,51.2837677,-25.34936142,-13.68863869,10.6162405,-0.823408902,-0.65477705,51.2837677,-25.34936142,-13.68863869,10.6162405,-0.823408902,-0.65477705
0.700000033,0.100194074,0.111942485,-0.062624007,0.022554215,0.009099883,0.189310178,0.365652889,0.307533294,-0.287884235,0.071728662,-0.072604872,0.512002766,48.88174438,-22.86030197,-14.84376526,-5.678427696,-0.592480123,-0.616093278,48.88174438,-22.86030197,-14.84376526,-5.678427696,-0.592480123,-0.616093278,48.88174438,-22.86030197,-14.84376526,-5.678427696,-0.592480123,-0.616093278
0.710000034,0.103889562,0.114864781,-0.067547113,0.020868238,0.008238417,0.194341764,0.370455861,0.289287299,-0.541143894,-0.23765029,-0.091104411,0.501047015,46.36797333,-20.3076992,-12.90663433,-9.194225311,-1.207443357,-0.569036603,46.36797333,-20.3076992,-12.90663433,-9.194225311,-1.207443357,-0.569036603,46.36797333,-20.3076992,-12.90663433,-9.194225311,-1.207443357,-0.569036603
0.720000034,0.107631542,0.116970018,-0.074458629,0.020509835,0.007211472,0.199324712,0.375134826,0.185281456,-0.724909961,0.054454591,-0.104896456,0.498087198,45.02376938,-21.65808105,-9.751299858,7.864441872,-0.751764297,-0.538176,45.02376938,-21.65808105,-9.751299858,7.864441872,-0.751764297,-0.538176,45.02376938,-21.65808105,-9.751299858,7.864441872,-0.751764297,-0.538176
0.730000035,0.111419059,0.118662313,-0.082725078,0.019581076,0.006096135,0.204263315,0.379656464,0.172306105,-0.849338472,-0.172082156,-0.113014698,0.492477506,43.49982071,-10.34717464,-5.302491188,-9.133806229,-0.545439005,-0.541594744,43.49982071,-10.34717464,-5.302491188,-9.133806229,-0.545439005,-0.541594744,43.49982071,-10.34717464,-5.302491188,-9.133806229,-0.545439005,-0.541594744
0.740000035,0.115250923,0.120249942,-0.091586381,0.017526623,0.004803742,0.209171399,0.384037971,0.15326421,-0.890826523,-0.190166146,-0.134149894,0.490724862,41.82850647,-6.074613094,-0.092125036,1.511098385,-0.661863506,-0.531536937,41.82850647,-6.074613094,-0.092125036,1.511098385,-0.661863506,-0.531536937,41.82850647,-6.074613094,-0.092125036,1.511098385,-0.661863506,-0.531536937
0.750000036,0.119125225,0.121534064,-0.100156099,0.017061409,0.003408666,0.214092836,0.388260543,0.122005507,-0.844141304,-0.003731368,-0.139653489,0.492672473,40.0032196,-0.672067821,4.883690834,5.110444546,0.038140349,-0.537767768,40.0032196,-0.672067821,4.883690834,5.110444546,0.038140349,-0.537767768,40.0032196,-0.672067821,4.883690834,5.110444546,0.038140349,-0.537767768
0.760000036,0.123040058,0.123050645,-0.107733756,0.015301359,0.001912261,0.219012842,0.39229089,0.16373083,-0.733214855,-0.247690484,-0.152923435,0.491644353,38.05045319,7.46969223,8.686187744,-6.283863068,-0.179215088,-0.561116993,38.05045319,7.46969223,8.686187744,-6.283863068,-0.179215088,-0.561116993,38.05045319,7.46969223,8.686187744,-6.283863068,-0.179215088,-0.561116993
0.770000037,0.126994103,0.124738887,-0.113893777,0.013879013,0.000289378,0.22394906,0.396146178,0.166534916,-0.585117936,-0.08318828,-0.164310917,0.494407564,36.00827789,7.15075922,10.85421371,7.726029873,0.089676119,-0.571025431,36.00827789,7.15075922,10.85421371,7.726029873,0.089676119,-0.571025431,36.00827789,7.15075922,10.85421371,7.726029873,0.089676119,-0.571025431
0.780000037,0.13098523,0.126634017,-0.11851576,0.013254714,-0.001381198,0.228899106,0.399790794,0.197921038,-0.431507498,-0.075189106,-0.16730012,0.49491933,33.87087631,9.865642548,11.2328968,0.299744964,0.2709153,-0.598562241,33.87087631,9.865642548,11.2328968,0.299744964,0.2709153,-0.598562241,33.87087631,9.865642548,11.2328968,0.299744964,0.2709153,-0.598562241
0.790000038,0.135010689,0.128989592,-0.121727258,0.011471254,-0.003137487,0.233831987,0.403219998,0.245349661,-0.294562101,-0.208479837,-0.178325355,0.49282825,31.67952347,8.687884331,10.01840782,-1.695528388,-0.042203858,-0.616451561,31.67952347,8.687884331,10.01840782,-1.695528388,-0.042203858,-0.616451561,31.67952347,8.687884331,10.01840782,-1.695528388,-0.042203858,-0.616451561
0.800000038,0.139068574,0.131477728,-0.123890668,0.010729981,-0.00495712,0.2387539,0.406442016,0.246757984,-0.199103311,-0.019298133,-0.182274953,0.492168188,29.45450592,3.603646517,7.560083866,6.851177692,0.143981695,-0.622027218,29.45450592,3.603646517,7.560083866,6.851177692,0.143981695,-0.622027218,29.45450592,3.603646517,7.560083866,6.851177692,0.143981695,-0.622027218
0.810000038,0.143156976,0.134199038,-0.125537843,0.009783489,-0.006814475,0.243636236,0.409429073,0.28129977,-0.158945158,-0.138040304,-0.186784104,0.486913562,27.20068741,2.458634853,4.468538284,-3.852300167,-0.081702307,-0.633658648,27.20068741,2.458634853,4.468538284,-3.852300167,-0.081702307,-0.633658648,27.20068741,2.458634853,4.468538284,-3.852300167,-0.081702307,-0.633658648
0.820000039,0.147273511,0.13695325,-0.127085179,0.00750362,-0.008790369,0.248449907,0.412221432,0.270479351,-0.155209512,-0.243506953,-0.200842753,0.479947686,25.21650696,-6.244594097,0.343382537,-1.679377437,-0.512897015,-0.655070245,25.21650696,-6.244594097,0.343382537,-1.679377437,-0.512897015,-0.655070245,25.21650696,-6.244594097,0.343382537,-1.679377437,-0.512897015,-0.655070245
0.830000039,0.151416749,0.139336005,-0.129242867,0.006154425,-0.010854746,0.253190458,0.414821804,0.22923851,-0.235787883,-0.093549438,-0.207219914,0.472601295,23.21928596,-10.57611179,-3.517385721,3.829898119,-0.347414076,-0.666377962,23.21928596,-10.57611179,-3.517385721,3.829898119,-0.347414076,-0.666377962,23.21928596,-10.57611179,-3.517385721,3.829898119,-0.347414076,-0.666377962
0.84000004,0.155584306,0.141679183,-0.132759541,0.00406935,-0.013009573,0.257820547,0.417211056,0.239021957,-0.383603573,-0.260617167,-0.217979208,0.460281521,21.21543694,-10.00830555,-5.92466259,-6.224051952,-0.625123858,-0.673414111,21.21543694,-10.00830555,-5.92466259,-6.224051952,-0.625123858,-0.673414111,21.21543694,-10.00830555,-5.92466259,-6.224051952,-0.625123858,-0.673414111
0.85000004,0.159774274,0.143793002,-0.137753934,0.001717058,-0.015281285,0.262343824,0.419422388,0.2005741,-0.527405441,-0.209399924,-0.229397997,0.45065999,19.23457146,-14.34504128,-6.300580025,1.780897021,-0.621815622,-0.654203892,19.23457146,-14.34504128,-6.300580025,1.780897021,-0.621815622,-0.654203892,19.23457146,-14.34504128,-6.300580025,1.780897021,-0.621815622,-0.654203892
0.860000041,0.163984746,0.14544715,-0.14401719,9.86E-06,-0.017654108,0.266781271,0.421447724,0.157247439,-0.64990747,-0.166435376,-0.239166856,0.441963941,17.26157379,-12.71185303,-5.238917351,-0.326751202,-0.555560708,-0.643397391,17.26157379,-12.71185303,-5.238917351,-0.326751202,-0.555560708,-0.643397391,17.26157379,-12.71185303,-5.238917351,-0.326751202,-0.555560708,-0.643397391
0.870000041,0.168213814,0.146946326,-0.151310414,-0.002624926,-0.02014892,0.271125257,0.423282593,0.150136307,-0.747888148,-0.297254443,-0.252289563,0.432403713,15.31434917,-8.292429924,-3.121389389,-3.95704937,-0.568079472,-0.633751452,15.31434917,-8.292429924,-3.121389389,-3.95704937,-0.568079472,-0.633751452,15.31434917,-8.292429924,-3.121389389,-3.95704937,-0.568079472,-0.633751452
0.880000042,0.172460049,0.148223773,-0.159217805,-0.00481749,-0.022759007,0.275402486,0.424950808,0.120248683,-0.79887259,-0.182000712,-0.262965381,0.42681241,13.40791798,-6.719698906,-0.219106838,3.88460207,-0.354969442,-0.616945565,13.40791798,-6.719698906,-0.219106838,3.88460207,-0.354969442,-0.616945565,13.40791798,-6.719698906,-0.219106838,3.88460207,-0.354969442,-0.616945565
0.890000042,0.176721543,0.149378195,-0.167181939,-0.006928732,-0.025468038,0.279625356,0.426439911,0.116402373,-0.792904139,-0.233249113,-0.27290085,0.421005428,11.53181458,-1.760672212,2.827379704,-1.904052734,-0.265617728,-0.615663409,11.53181458,-1.760672212,2.827379704,-1.904052734,-0.265617728,-0.615663409,11.53181458,-1.760672212,2.827379704,-1.904052734,-0.265617728,-0.615663409
0.900000043,0.180996388,0.150586978,-0.174738377,-0.009599105,-0.028288173,0.283797681,0.427761197,0.121990576,-0.744457066,-0.270926118,-0.284384698,0.416308284,9.707447052,1.209342957,5.361081123,0.388429195,-0.20089823,-0.611508071,9.707447052,1.209342957,5.361081123,0.388429195,-0.20089823,-0.611508071,9.707447052,1.209342957,5.361081123,0.388429195,-0.20089823,-0.611508071
0.910000043,0.185283154,0.151814356,-0.181601495,-0.011598244,-0.031197416,0.287936628,0.428922355,0.122609377,-0.670711815,-0.174947426,-0.292315632,0.413516879,7.937223911,2.964109421,7.062300205,3.679736137,-0.021055343,-0.610578001,7.937223911,2.964109421,7.062300205,3.679736137,-0.021055343,-0.610578001,7.937223911,2.964109421,7.062300205,3.679736137,-0.021055343,-0.610578001
0.920000044,0.189579934,0.153000727,-0.187354058,-0.014847085,-0.034208279,0.292023122,0.429859966,0.117348179,-0.548663378,-0.383185625,-0.303546458,0.407128274,5.522715092,0.803436399,6.860739231,-5.264276028,-0.232368872,-0.660892248,5.522715092,0.803436399,6.860739231,-5.264276028,-0.232368872,-0.660892248,5.522715092,0.803436399,6.860739231,-5.264276028,-0.232368872,-0.660892248
0.930000044,0.193884343,0.154013053,-0.192275017,-0.018118665,-0.037344556,0.296041906,0.430580854,0.096309245,-0.482064754,-0.289050251,-0.316159159,0.400613993,3.226962805,-0.564196885,5.065592289,4.75165844,-0.225364804,-0.693183303,3.226962805,-0.564196885,5.065592289,4.75165844,-0.225364804,-0.693183303,3.226962805,-0.564196885,5.065592289,4.75165844,-0.225364804,-0.693183303
0.940000045,0.198193997,0.155122653,-0.197125405,-0.020882115,-0.040562015,0.299961507,0.431075037,0.117460497,-0.489410132,-0.284807324,-0.322762281,0.389734268,1.058811784,0.516171336,2.993339539,-0.282867998,-0.110365547,-0.722538888,1.058811784,0.516171336,2.993339539,-0.282867998,-0.110365547,-0.722538888,1.058811784,0.516171336,2.993339539,-0.282867998,-0.110365547,-0.722538888
0.950000045,0.202507466,0.156393901,-0.202143162,-0.024571106,-0.043868523,0.303758085,0.431369513,0.128205225,-0.504468679,-0.394113123,-0.332947582,0.377057135,-0.959445357,-3.108853102,1.589955091,-2.347160816,-0.339704692,-0.72877866,-0.959445357,-3.108853102,1.589955091,-2.347160816,-0.339704692,-0.72877866,-0.959445357,-3.108853102,1.589955091,-2.347160816,-0.339704692,-0.72877866
0.960000046,0.206822842,0.157430544,-0.207404107,-0.027639911,-0.047278743,0.307444036,0.431492835,0.095153838,-0.532414675,-0.269405663,-0.342948794,0.366839498,-2.840826273,-6.50146389,0.431072146,4.0426054,-0.336303234,-0.722624242,-2.840826273,-6.50146389,0.431072146,4.0426054,-0.336303234,-0.722624242,-2.840826273,-6.50146389,0.431072146,4.0426054,-0.336303234,-0.722624242
0.970000046,0.211137742,0.15839614,-0.21317479,-0.03087984,-0.050776105,0.31100601,0.431432188,0.099863581,-0.589832425,-0.354683757,-0.351367086,0.353439391,-4.596727848,-4.341444016,-0.355749428,-3.12885046,-0.323204666,-0.723665655,-4.596727848,-4.341444016,-0.355749428,-3.12885046,-0.323204666,-0.723665655,-4.596727848,-4.341444016,-0.355749428,-3.12885046,-0.323204666,-0.723665655
0.980000047,0.215450257,0.159359828,-0.219564408,-0.034551576,-0.054373842,0.314442098,0.431221634,0.094158821,-0.651168346,-0.361111283,-0.362039834,0.341300905,-6.202592373,-5.602293491,-0.3381145,0.712346137,-0.387652934,-0.7060467,-6.202592373,-5.602293491,-0.3381145,0.712346137,-0.387652934,-0.7060467,-6.202592373,-5.602293491,-0.3381145,0.712346137,-0.387652934,-0.7060467
0.990000047,0.219759911,0.160118476,-0.226434201,-0.037597016,-0.058062654,0.317774236,0.430877388,0.070462249,-0.694920003,-0.287725866,-0.370409757,0.331205726,-7.674227238,-5.812155724,0.337636769,1.906432033,-0.29675898,-0.689699054,-7.674227238,-5.812155724,0.337636769,1.906432033,-0.29675898,-0.689699054,-7.674227238,-5.812155724,0.337636769,1.906432033,-0.29675898,-0.689699054
1.000000047,0.224064797,0.160817042,-0.233611077,-0.041185334,-0.061844926,0.320997655,0.430398941,0.071474738,-0.72258997,-0.388126194,-0.380324572,0.319815964,-9.021740913,-3.197636843,1.317720413,-2.769016743,-0.325819403,-0.67890805,-9.021740913,-3.197636843,1.317720413,-2.769016743,-0.325819403,-0.67890805,-9.021740913,-3.197636843,1.317720413,-2.769016743,-0.325819403,-0.67890805
1.010000048,0.228363961,0.161459818,-0.240970105,-0.044676855,-0.06572485,0.324124753,0.429816216,0.061347011,-0.738691628,-0.326398373,-0.389852524,0.311143368,-10.23328495,-2.75361681,2.444070339,2.873459101,-0.243494213,-0.658486247,-10.23328495,-2.75361681,2.444070339,2.873459101,-0.243494213,-0.658486247,-10.23328495,-2.75361681,2.444070339,2.873459101,-0.243494213,-0.658486247
1.020000048,0.232655972,0.161714926,-0.247953862,-0.048816398,-0.069684982,0.327157438,0.429008216,0.014575436,-0.683993936,-0.450714737,-0.397467703,0.301173508,-12.90122318,-6.140012264,2.893083811,-3.557966948,-0.285605073,-0.699675024,-12.90122318,-6.140012264,2.893083811,-3.557966948,-0.285605073,-0.699675024,-12.90122318,-6.140012264,2.893083811,-3.557966948,-0.285605073,-0.699675024
1.030000049,0.23693797,0.161599532,-0.254653901,-0.053450778,-0.073773384,0.330075681,0.427961677,-0.016602773,-0.670181334,-0.455438703,-0.412155956,0.289459825,-15.34602451,-3.923679829,2.258832932,1.256881237,-0.426440448,-0.73172158,-15.34602451,-3.923679829,2.258832932,1.256881237,-0.426440448,-0.73172158,-15.34602451,-3.923679829,2.258832932,1.256881237,-0.426440448,-0.73172158
1.040000049,0.241208047,0.161482707,-0.261691064,-0.057620004,-0.077949286,0.332857549,0.42669189,-0.008228948,-0.714902461,-0.406763047,-0.418262601,0.275176167,-17.53991508,-1.414171696,1.749714971,1.576622844,-0.117237531,-0.751915514,-17.53991508,-1.414171696,1.749714971,1.576622844,-0.117237531,-0.751915514,-17.53991508,-1.414171696,1.749714971,1.576622844,-0.117237531,-0.751915514
1.05000005,0.245463341,0.161425486,-0.269000024,-0.062332585,-0.082202673,0.335484922,0.42523095,-0.005937578,-0.732449234,-0.496155232,-0.42748484,0.259610921,-19.48368073,-2.8527143,2.163058043,-2.169080734,-0.305431187,-0.755771458,-19.48368073,-2.8527143,2.163058043,-2.169080734,-0.305431187,-0.755771458,-19.48368073,-2.8527143,2.163058043,-2.169080734,-0.305431187,-0.755771458
1.06000005,0.249702901,0.161157504,-0.276329964,-0.066933371,-0.086563349,0.337974966,0.423616529,-0.033666231,-0.732588112,-0.439737976,-0.438172102,0.246517733,-21.18583107,-3.981034756,2.576454878,2.618675709,-0.291191965,-0.748452902,-21.18583107,-3.981034756,2.576454878,2.618675709,-0.291191965,-0.748452902,-21.18583107,-3.981034756,2.576454878,2.618675709,-0.291191965,-0.748452902
1.070000051,0.253924817,0.160814658,-0.283768624,-0.071368434,-0.091005087,0.340323865,0.421851397,-0.032217309,-0.747719228,-0.451541215,-0.445495337,0.231798798,-22.670784,-1.053542733,2.836753607,-0.219427854,-0.167593732,-0.74745208,-22.670784,-1.053542733,2.836753607,-0.219427854,-0.167593732,-0.74745208,-22.670784,-1.053542733,2.836753607,-0.219427854,-0.167593732,-0.74745208
1.080000051,0.258128613,0.160564318,-0.291333169,-0.076203562,-0.095533848,0.342523038,0.419965088,-0.023368517,-0.758066177,-0.491487145,-0.45488748,0.217043251,-23.92930984,-0.669491053,3.355693579,-0.143676415,-0.229624629,-0.734195352,-23.92930984,-0.669491053,3.355693579,-0.143676415,-0.229624629,-0.734195352,-23.92930984,-0.669491053,3.355693579,-0.143676415,-0.229624629,-0.734195352
1.090000052,0.262312382,0.160242453,-0.29886052,-0.080685832,-0.100143909,0.344594419,0.417987615,-0.035669468,-0.750506103,-0.431122869,-0.462382227,0.204854578,-24.98217583,-1.487958431,3.952676773,2.539408684,-0.150116548,-0.715533435,-24.98217583,-1.487958431,3.952676773,2.539408684,-0.150116548,-0.715533435,-24.98217583,-1.487958431,3.952676773,2.539408684,-0.150116548,-0.715533435
1.100000052,0.266475171,0.159901991,-0.306256264,-0.08530543,-0.104831219,0.346538007,0.415923774,-0.03232817,-0.736721516,-0.477946609,-0.470424324,0.191769198,-25.84194756,0.166176423,4.333396435,-0.851594985,-0.168191984,-0.703949749,-25.84194756,0.166176423,4.333396435,-0.851594985,-0.168191984,-0.703949749,-25.84194756,0.166176423,4.333396435,-0.851594985,-0.168191984,-0.703949749
1.110000053,0.270617932,0.159615889,-0.313551873,-0.090060927,-0.109598398,0.348359525,0.413800716,-0.027907336,-0.727920115,-0.469419479,-0.478309512,0.17987749,-26.50674057,0.349069536,4.520264149,1.528789401,-0.137976944,-0.683858156,-26.50674057,0.349069536,4.520264149,1.528789401,-0.137976944,-0.683858156,-26.50674057,0.349069536,4.520264149,1.528789401,-0.137976944,-0.683858156
1.120000053,0.274737805,0.158922091,-0.320284814,-0.095419385,-0.114408493,0.350065649,0.411453336,-0.083458282,-0.655490637,-0.56000185,-0.481391162,0.168144166,-29.31817818,-5.55399704,4.21517086,-1.970775485,-0.128359139,-0.722872078,-29.31817818,-5.55399704,4.21517086,-1.970775485,-0.128359139,-0.722872078,-29.31817818,-5.55399704,4.21517086,-1.970775485,-0.128359139,-0.722872078
1.130000054,0.278831929,0.157788172,-0.326695412,-0.101057507,-0.1193223,0.351633489,0.408856094,-0.118744172,-0.642199695,-0.557016253,-0.494644612,0.153844878,-31.81282806,-3.421406269,2.711128712,1.294016361,-0.398370564,-0.758559942,-31.81282806,-3.421406269,2.711128712,1.294016361,-0.398370564,-0.758559942,-31.81282806,-3.421406269,2.711128712,1.294016361,-0.398370564,-0.758559942
1.140000054,0.282898396,0.15668954,-0.333592385,-0.106520154,-0.124298096,0.353028715,0.406032026,-0.105144881,-0.705164313,-0.544959426,-0.497444868,0.135679886,-33.95309067,-1.11471796,1.476130128,0.719404876,-0.037331514,-0.777861059,-33.95309067,-1.11471796,1.476130128,0.719404876,-0.037331514,-0.777861059,-33.95309067,-1.11471796,1.476130128,0.719404876,-0.037331514,-0.777861059
1.150000055,0.286934346,0.155602828,-0.341006249,-0.112323739,-0.129326656,0.354238927,0.403031945,-0.111384779,-0.748251081,-0.592635691,-0.504721165,0.117445365,-35.74595642,-3.872977495,1.490061045,-0.835196376,-0.291086376,-0.773724973,-35.74595642,-3.872977495,1.490061045,-0.835196376,-0.291086376,-0.773724973,-35.74595642,-3.872977495,1.490061045,-0.835196376,-0.291086376,-0.773724973
1.160000055,0.290939778,0.154245749,-0.348697633,-0.118047453,-0.134442165,0.355283201,0.399896234,-0.142929837,-0.773882747,-0.561549187,-0.513192117,0.101310275,-37.2149086,-4.706922531,1.822104931,1.619672656,-0.265725791,-0.762800515,-37.2149086,-4.706922531,1.822104931,1.619672656,-0.265725791,-0.762800515,-37.2149086,-4.706922531,1.822104931,1.619672656,-0.265725791,-0.762800515
1.170000056,0.294912785,0.15277423,-0.356741875,-0.123766877,-0.139620617,0.356155813,0.396639913,-0.146161258,-0.812843144,-0.578996122,-0.518733203,0.083672479,-38.39224625,-1.658518553,2.257117033,-0.103207409,-0.151296183,-0.755515695,-38.39224625,-1.658518553,2.257117033,-0.103207409,-0.151296183,-0.755515695,-38.39224625,-1.658518553,2.257117033,-0.103207409,-0.151296183,-0.755515695
1.180000056,0.298852414,0.151335612,-0.365111321,-0.129679888,-0.144869164,0.356856763,0.39330101,-0.143451571,-0.842247665,-0.592997551,-0.526551008,0.066597655,-39.27854919,-0.869273543,3.178276062,0.587709904,-0.200070068,-0.73546052,-39.27854919,-0.869273543,3.178276062,0.587709904,-0.200070068,-0.73546052,-39.27854919,-0.869273543,3.178276062,0.587709904,-0.200070068,-0.73546052
1.190000057,0.302758664,0.149814025,-0.373548478,-0.135401458,-0.15018113,0.357405126,0.389911741,-0.155205667,-0.84247601,-0.564612806,-0.532131493,0.051820576,-39.89851379,-0.83864814,4.329079151,1.687117219,-0.098221824,-0.711930573,-39.89851379,-0.83864814,4.329079151,1.687117219,-0.098221824,-0.711930573,-39.89851379,-0.83864814,4.329079151,1.687117219,-0.098221824,-0.711930573
1.200000057,0.306630582,0.148248568,-0.381853074,-0.141245097,-0.155556038,0.357804716,0.386487454,-0.155979767,-0.826847374,-0.593424261,-0.538985252,0.036987964,-40.27791595,1.053203821,5.255831242,0.092887759,-0.1179289,-0.693399906,-40.27791595,1.053203821,5.255831242,0.092887759,-0.1179289,-0.693399906,-40.27791595,1.053203821,5.255831242,0.092887759,-0.1179289,-0.693399906
1.210000057,0.310468167,0.146729365,-0.389980286,-0.147113055,-0.160994366,0.358065069,0.38305527,-0.150798365,-0.809181631,-0.581612229,-0.544925869,0.023364969,-40.42330933,2.066401482,5.891452789,1.724679232,-0.048651017,-0.669412255,-40.42330933,2.066401482,5.891452789,1.724679232,-0.048651017,-0.669412255,-40.42330933,2.066401482,5.891452789,1.724679232,-0.048651017,-0.669412255
1.220000058,0.314269513,0.14479579,-0.397352189,-0.15362522,-0.166432694,0.358195722,0.379407406,-0.207846537,-0.714325368,-0.676117897,-0.543150246,0.010539196,-43.24881744,-3.466085434,6.262531757,-1.662552595,0.056387402,-0.705284476,-43.24881744,-3.466085434,6.262531757,-1.662552595,0.056387402,-0.705284476,-43.24881744,-3.466085434,6.262531757,-1.662552595,0.056387402,-0.705284476
1.230000058,0.318032712,0.142419234,-0.404133767,-0.160299033,-0.171949223,0.358182371,0.375516742,-0.242741704,-0.673628807,-0.656217098,-0.554687977,-0.004485619,-45.68434525,-0.703757524,5.106395245,2.198721409,-0.301548481,-0.740204692,-45.68434525,-0.703757524,5.106395245,2.198721409,-0.301548481,-0.740204692,-45.68434525,-0.703757524,5.106395245,2.198721409,-0.301548481,-0.740204692
1.240000059,0.321754903,0.140131846,-0.41111657,-0.166803092,-0.177491024,0.357982099,0.37140733,-0.222397327,-0.708044171,-0.652208388,-0.553013146,-0.024168171,-47.69675064,2.058178425,3.901531219,0.824615479,0.154957056,-0.760189056,-47.69675064,2.058178425,3.901531219,0.824615479,0.154957056,-0.760189056,-47.69675064,2.058178425,3.901531219,0.824615479,0.154957056,-0.760189056
1.250000059,0.325435132,0.137911692,-0.418364495,-0.173663348,-0.18305333,0.357586324,0.367138118,-0.224038273,-0.727321923,-0.69672364,-0.557680607,-0.043593731,-49.28811264,-1.149682522,3.649011612,-0.264148086,-0.176236615,-0.752671421,-49.28811264,-1.149682522,3.649011612,-0.264148086,-0.176236615,-0.752671421,-49.28811264,-1.149682522,3.649011612,-0.264148086,-0.176236615,-0.752671421
1.26000006,0.329071492,0.13545312,-0.425727814,-0.180363864,-0.188671425,0.35701412,0.36275503,-0.252437472,-0.73854661,-0.657644928,-0.56263864,-0.06053419,-50.49985886,-2.495181561,3.510237694,2.141878605,-0.122791968,-0.739467621,-50.49985886,-2.495181561,3.510237694,2.141878605,-0.122791968,-0.739467621,-50.49985886,-2.495181561,3.510237694,2.141878605,-0.122791968,-0.739467621
1.27000006,0.332662076,0.132910624,-0.43336007,-0.187104434,-0.194314793,0.356257856,0.35827744,-0.252648622,-0.77073139,-0.683622718,-0.564620018,-0.079565331,-51.35729599,0.027237711,3.406327486,-0.111014426,-0.040754985,-0.731271744,-51.35729599,0.027237711,3.406327486,-0.111014426,-0.040754985,-0.731271744,-51.35729599,0.027237711,3.406327486,-0.111014426,-0.040754985,-0.731271744
1.280000061,0.336209744,0.130412951,-0.441337556,-0.194023341,-0.20000203,0.355314672,0.35375157,-0.249377355,-0.804249704,-0.691330194,-0.5699597,-0.097869009,-51.86447144,0.150468677,3.780954361,1.009080768,-0.132262886,-0.70722574,-51.86447144,0.150468677,3.780954361,1.009080768,-0.132262886,-0.70722574,-51.86447144,0.150468677,3.780954361,1.009080768,-0.132262886,-0.70722574
1.290000061,0.339709729,0.127828017,-0.44948861,-0.200726241,-0.205721691,0.354207456,0.34921214,-0.261628449,-0.816663742,-0.663455665,-0.57210958,-0.113796726,-52.07552719,-0.29865545,4.514146805,1.750671506,-0.013498707,-0.679911077,-52.07552719,-0.29865545,4.514146805,1.750671506,-0.013498707,-0.679911077,-52.07552719,-0.29865545,4.514146805,1.750671506,-0.013498707,-0.679911077
1.300000062,0.343166798,0.125179186,-0.457654923,-0.207597941,-0.211476639,0.352940977,0.344680518,-0.264816582,-0.8160882,-0.697359085,-0.576555729,-0.129931301,-51.98963547,1.240762472,5.209865093,0.065140262,-0.079637676,-0.657547116,-51.98963547,1.240762472,5.209865093,0.065140262,-0.079637676,-0.657547116,-51.98963547,1.240762472,5.209865093,0.065140262,-0.079637676,-0.657547116
1.310000062,0.346577138,0.122546494,-0.465813607,-0.214469641,-0.217270687,0.35152477,0.340188444,-0.262735575,-0.815849423,-0.680366635,-0.579983711,-0.144597784,-51.65250015,2.193365335,5.790946484,1.974907517,-0.000943317,-0.628678083,-51.65250015,2.193365335,5.790946484,1.974907517,-0.000943317,-0.628678083,-51.65250015,2.193365335,5.790946484,1.974907517,-0.000943317,-0.628678083
1.320000063,0.349943608,0.11946851,-0.473357171,-0.221811503,-0.223016575,0.349973142,0.335499078,-0.322996944,-0.733743727,-0.754360974,-0.572585285,-0.157747224,-54.35916901,-2.710660458,6.725665092,-0.975083768,0.2107476,-0.657759488,-54.35916901,-2.710660458,6.725665092,-0.975083768,0.2107476,-0.657759488,-54.35916901,-2.710660458,6.725665092,-0.975083768,0.2107476,-0.657759488
1.330000063,0.35325858,0.115946114,-0.480321854,-0.229339808,-0.228804901,0.348272741,0.330582589,-0.356941819,-0.690901458,-0.745627999,-0.581549466,-0.173286155,-56.64479065,0.846008182,6.226594925,2.034748554,-0.23677814,-0.688927889,-56.64479065,0.846008182,6.226594925,2.034748554,-0.23677814,-0.688927889,-56.64479065,0.846008182,6.226594925,2.034748554,-0.23677814,-0.688927889
1.340000064,0.356523961,0.112514555,-0.487366647,-0.236680716,-0.23458083,0.346382558,0.325471073,-0.336977869,-0.710851729,-0.732644677,-0.57539618,-0.193132505,-58.43972015,3.993088722,5.541278362,1.46754539,0.30594027,-0.704136431,-58.43972015,3.993088722,5.541278362,1.46754539,0.30594027,-0.704136431,-58.43972015,3.993088722,5.541278362,1.46754539,0.30594027,-0.704136431
1.350000064,0.35973689,0.109163105,-0.494495362,-0.244302958,-0.240339592,0.344294012,0.320222378,-0.336606055,-0.711288631,-0.772591293,-0.576752067,-0.21259518,-59.78108597,1.295099378,5.563996315,0.125633717,-0.060868837,-0.693319321,-59.78108597,1.295099378,5.563996315,0.125633717,-0.060868837,-0.693319321,-59.78108597,1.295099378,5.563996315,0.125633717,-0.060868837,-0.693319321
1.360000065,0.362896413,0.105620444,-0.501548767,-0.251828402,-0.246118858,0.342031896,0.314885676,-0.359674841,-0.703884959,-0.742402077,-0.577992857,-0.22945483,-60.69799423,0.155780345,5.475503445,2.274220705,0.019439133,-0.677285969,-60.69799423,0.155780345,5.475503445,2.274220705,0.019439133,-0.677285969,-60.69799423,0.155780345,5.475503445,2.274220705,0.019439133,-0.677285969
1.370000065,0.36600253,0.1020239,-0.508691788,-0.259324282,-0.251883656,0.33959049,0.30948627,-0.35785076,-0.718269348,-0.755444288,-0.575879693,-0.248126969,-61.22406006,2.316579819,5.233294487,0.625622332,0.096942112,-0.666891277,-61.22406006,2.316579819,5.233294487,0.625622332,0.096942112,-0.666891277,-61.22406006,2.316579819,5.233294487,0.625622332,0.096942112,-0.666891277
1.380000066,0.369053334,0.098498166,-0.516033173,-0.266991824,-0.2576572,0.336962163,0.304068893,-0.351415485,-0.73804903,-0.768867612,-0.577994704,-0.266389936,-61.37953186,2.257505655,5.2985816,1.049903512,-0.029685924,-0.642065287,-61.37953186,2.257505655,5.2985816,1.049903512,-0.029685924,-0.642065287,-61.37953186,2.257505655,5.2985816,1.049903512,-0.029685924,-0.642065287
1.390000066,0.372050732,0.094916403,-0.523481369,-0.274491519,-0.26342693,0.334170759,0.298673183,-0.360839009,-0.745750666,-0.742980421,-0.576396704,-0.282100528,-61.18874359,1.383260489,5.616186142,2.008224487,0.099125922,-0.612538338,-61.18874359,1.383260489,5.616186142,2.008224487,0.099125922,-0.612538338,-61.18874359,1.383260489,5.616186142,2.008224487,0.099125922,-0.612538338
1.400000066,0.374994725,0.091275275,-0.530950546,-0.282085627,-0.269196659,0.331222951,0.293322861,-0.364342421,-0.747107744,-0.767239928,-0.577425539,-0.297918379,-60.69485855,2.375036955,5.919821739,0.497479767,0.004394124,-0.588789284,-60.69485855,2.375036955,5.919821739,0.497479767,0.004394124,-0.588789284,-60.69485855,2.375036955,5.919821739,0.497479767,0.004394124,-0.588789284
1.410000067,0.377885312,0.087648928,-0.538469315,-0.289726466,-0.274974018,0.32812351,0.288050979,-0.36197421,-0.753388822,-0.760374665,-0.577677071,-0.312601417,-59.91684723,3.071633339,6.180992603,1.777311206,0.067272507,-0.559083521,-59.91684723,3.071633339,6.180992603,1.777311206,0.067272507,-0.559083521,-59.91684723,3.071633339,6.180992603,1.777311206,0.067272507,-0.559083521
1.420000067,0.380722493,0.083602011,-0.545507431,-0.297594279,-0.280652195,0.324899137,0.282608718,-0.419187397,-0.686261892,-0.79663527,-0.564480186,-0.324844688,-62.39091492,-1.212792993,7.346025944,0.32155326,0.37469843,-0.579313278,-62.39091492,-1.212792993,7.346025944,0.32155326,0.37469843,-0.579313278,-62.39091492,-1.212792993,7.346025944,0.32155326,0.37469843,-0.579313278
1.430000068,0.383503407,0.079152644,-0.552005768,-0.305605143,-0.286326557,0.321531713,0.276964605,-0.448676646,-0.643340588,-0.798962057,-0.569504678,-0.339904517,-64.40824127,2.56377244,7.296327591,1.703012109,-0.144617096,-0.606149375,-64.40824127,2.56377244,7.296327591,1.703012109,-0.144617096,-0.606149375,-64.40824127,2.56377244,7.296327591,1.703012109,-0.144617096,-0.606149375
1.440000068,0.386227101,0.074799359,-0.558473587,-0.313501567,-0.291947514,0.317983091,0.271156341,-0.429651529,-0.64997375,-0.787271798,-0.558947325,-0.358711779,-65.92649078,5.580196857,6.948905945,1.816933632,0.428587139,-0.615304172,-65.92649078,5.580196857,6.948905945,1.816933632,0.428587139,-0.615304172,-65.92649078,5.580196857,6.948905945,1.816933632,0.428587139,-0.615304172
1.450000069,0.388891667,0.070521891,-0.564893723,-0.321522921,-0.297509342,0.314251363,0.265239179,-0.42901206,-0.638375998,-0.807982922,-0.556270123,-0.376690358,-66.97009277,3.264770985,7.066511154,0.886679947,0.056199454,-0.601253569,-66.97009277,3.264770985,7.066511154,0.886679947,0.056199454,-0.601253569,-66.97009277,3.264770985,7.066511154,0.886679947,0.056199454,-0.601253569
1.460000069,0.391496152,0.066099942,-0.571130753,-0.329528064,-0.30305019,0.310356557,0.25925976,-0.446146578,-0.619503677,-0.796093643,-0.553271294,-0.392631978,-67.57181549,2.408824444,6.954123974,1.951289535,0.144795284,-0.58452338,-67.57181549,2.408824444,6.954123974,1.951289535,0.144795284,-0.58452338,-67.57181549,2.408824444,6.954123974,1.951289535,0.144795284,-0.58452338
1.47000007,0.394041508,0.061649621,-0.577348709,-0.337486476,-0.308533818,0.306293905,0.253251076,-0.443315148,-0.62326473,-0.797216058,-0.547052264,-0.409713149,-67.763237,4.052685261,6.585885048,1.33724153,0.209897339,-0.57125175,-67.763237,4.052685261,6.585885048,1.33724153,0.209897339,-0.57125175,-67.763237,4.052685261,6.585885048,1.33724153,0.209897339,-0.57125175
1.48000007,0.396526784,0.057272136,-0.583673477,-0.345536441,-0.313987881,0.302063406,0.247254521,-0.436463147,-0.634760261,-0.807231545,-0.54528594,-0.426494479,-67.57648468,3.841809988,6.424906731,1.233588099,0.070343271,-0.54697746,-67.57648468,3.841809988,6.424906731,1.233588099,0.070343271,-0.54697746,-67.57648468,3.841809988,6.424906731,1.233588099,0.070343271,-0.54697746
1.490000071,0.398952931,0.052860081,-0.59006691,-0.353518695,-0.319399983,0.297681272,0.241308764,-0.443211257,-0.640195668,-0.794380128,-0.539879262,-0.441052139,-67.03894043,2.864693165,6.448084354,1.849246621,0.192038745,-0.518177867,-67.03894043,2.864693165,6.448084354,1.849246621,0.192038745,-0.518177867,-67.03894043,2.864693165,6.448084354,1.849246621,0.192038745,-0.518177867
1.500000071,0.401318997,0.048393548,-0.596511841,-0.36152193,-0.324775845,0.293156087,0.235442385,-0.44712919,-0.645767808,-0.803552449,-0.537231565,-0.455269277,-66.18727112,3.420441151,6.479325771,1.118427157,0.086920664,-0.494077623,-66.18727112,3.420441151,6.479325771,1.118427157,0.086920664,-0.494077623,-66.18727112,3.420441151,6.479325771,1.118427157,0.086920664,-0.494077623
1.510000072,0.403626889,0.043936074,-0.603057861,-0.369571894,-0.330121189,0.288494527,0.229686886,-0.44513005,-0.656974792,-0.804450452,-0.533815503,-0.468797505,-65.03862,3.965564489,6.563432693,1.55173707,0.140093446,-0.466502875,-65.03862,3.965564489,6.563432693,1.55173707,0.140093446,-0.466502875,-65.03862,3.965564489,6.563432693,1.55173707,0.140093446,-0.466502875
1.520000072,0.405876607,0.039127052,-0.609247208,-0.377612323,-0.335319668,0.283720434,0.223795846,-0.493028313,-0.605569124,-0.804127991,-0.515358925,-0.479380995,-67.1794281,0.886073411,8.049667358,1.581572652,0.520971,-0.477680624,-67.1794281,0.886073411,8.049667358,1.581572652,0.520971,-0.477680624,-67.1794281,0.886073411,8.049667358,1.581572652,0.520971,-0.477680624
1.530000073,0.408066243,0.034000099,-0.61492157,-0.385713786,-0.340463787,0.278818548,0.21773681,-0.515203178,-0.559238493,-0.811838269,-0.51567626,-0.492951363,-68.86276245,4.554063797,8.553102493,1.521774769,-0.029955678,-0.498171002,-68.86276245,4.554063797,8.553102493,1.521774769,-0.029955678,-0.498171002,-68.86276245,4.554063797,8.553102493,1.521774769,-0.029955678,-0.498171002
1.540000073,0.41019389,0.028975386,-0.620386124,-0.393781871,-0.345513493,0.273758352,0.211550593,-0.497382015,-0.544826806,-0.804427385,-0.501025796,-0.509448946,-70.05121613,7.239369869,8.592302322,2.046719313,0.534680605,-0.500747681,-70.05121613,7.239369869,8.592302322,2.046719313,0.534680605,-0.500747681,-70.05121613,7.239369869,8.592302322,2.046719313,0.534680605,-0.500747681
1.550000074,0.412259549,0.024031419,-0.625614166,-0.401819438,-0.350461155,0.2685408,0.205288008,-0.495101482,-0.515918732,-0.804332376,-0.494017124,-0.524678051,-70.76598358,5.413870335,8.740884781,1.715469956,0.182366148,-0.484611094,-70.76598358,5.413870335,8.740884781,1.715469956,0.182366148,-0.484611094,-70.76598358,5.413870335,8.740884781,1.715469956,0.182366148,-0.484611094
1.560000074,0.414262265,0.019003827,-0.630498886,-0.409891337,-0.355343014,0.263182104,0.198989317,-0.505078256,-0.481626779,-0.807893336,-0.486491174,-0.538651049,-71.04772949,4.738705635,8.507990837,1.658461571,0.268150628,-0.468675166,-71.04772949,4.738705635,8.507990837,1.658461571,0.268150628,-0.468675166,-71.04772949,4.738705635,8.507990837,1.658461571,0.268150628,-0.468675166
1.570000075,0.416201085,0.013983228,-0.635231018,-0.417922229,-0.360126644,0.257680357,0.192692176,-0.500282168,-0.472786903,-0.801283181,-0.476300627,-0.553007424,-70.92293549,5.707397938,7.877935886,1.887248516,0.309737653,-0.453451693,-70.92293549,5.707397938,7.877935886,1.887248516,0.309737653,-0.453451693,-70.92293549,5.707397938,7.877935886,1.887248516,0.309737653,-0.453451693
1.580000075,0.418077916,0.009035536,-0.639987946,-0.425954074,-0.364837795,0.252038419,0.186434641,-0.493524283,-0.476833105,-0.804427862,-0.47023052,-0.566993594,-70.41600037,5.16383791,7.349813938,1.484455705,0.171803236,-0.431496203,-70.41600037,5.16383791,7.349813938,1.484455705,0.171803236,-0.431496203,-70.41600037,5.16383791,7.349813938,1.484455705,0.171803236,-0.431496203
1.590000076,0.419892758,0.00406937,-0.644800186,-0.434005946,-0.369469792,0.24626869,0.180252403,-0.498064518,-0.482392043,-0.805072069,-0.461060345,-0.579321861,-69.56882477,4.059564114,6.975347996,1.572265744,0.266599327,-0.406300008,-69.56882477,4.059564114,6.975347996,1.572265744,0.266599327,-0.406300008,-69.56882477,4.059564114,6.975347996,1.572265744,0.266599327,-0.406300008
1.600000076,0.421646565,-0.000945071,-0.64973259,-0.44203493,-0.374026448,0.240383089,0.174178123,-0.502089858,-0.496529788,-0.802194178,-0.454656035,-0.590873778,-68.40994263,4.177473545,6.671322823,1.595133543,0.159560382,-0.384091645,-68.40994263,4.177473545,6.671322823,1.595133543,0.159560382,-0.384091645,-68.40994263,4.177473545,6.671322823,1.595133543,0.159560382,-0.384091645
1.610000076,0.423340291,-0.005964076,-0.65486145,-0.450089663,-0.378516346,0.234384477,0.168240041,-0.501623094,-0.517149746,-0.806736708,-0.447417885,-0.602114081,-66.97122192,4.485264301,6.573248863,1.373231769,0.203405231,-0.36132133,-66.97122192,4.485264301,6.573248863,1.373231769,0.203405231,-0.36132133,-66.97122192,4.485264301,6.573248863,1.373231769,0.203405231,-0.36132133
1.620000077,0.424974889,-0.011234167,-0.659832001,-0.457871646,-0.382814556,0.22829622,0.162206888,-0.535550356,-0.488848835,-0.767948866,-0.424472421,-0.610334933,-68.70852661,3.030672789,8.382928848,2.783306122,0.633570075,-0.364125013,-68.70852661,3.030672789,8.382928848,2.783306122,0.633570075,-0.364125013,-68.70852661,3.030672789,8.382928848,2.783306122,0.633570075,-0.364125013
1.630000077,0.426547498,-0.016713861,-0.664346695,-0.465639323,-0.387010723,0.22210449,0.156045035,-0.549255908,-0.44184348,-0.783048511,-0.419828922,-0.621639669,-70.01500702,6.270911217,9.545090675,1.208609223,0.082958378,-0.377378613,-70.01500702,6.270911217,9.545090675,1.208609223,0.082958378,-0.377378613,-70.01500702,6.270911217,9.545090675,1.208609223,0.082958378,-0.377378613
1.640000078,0.428058118,-0.02209777,-0.668474197,-0.473449916,-0.39107433,0.215784013,0.149797454,-0.534318507,-0.406249315,-0.778231561,-0.401805818,-0.634672761,-70.84659576,8.536995888,10.06435108,2.285371304,0.610055864,-0.373133183,-70.84659576,8.536995888,10.06435108,2.285371304,0.610055864,-0.373133183,-70.84659576,8.536995888,10.06435108,2.285371304,0.610055864,-0.373133183
1.650000078,0.429505795,-0.027394596,-0.672172546,-0.481066912,-0.394995838,0.209344327,0.143507674,-0.529486537,-0.359733522,-0.757075429,-0.39043355,-0.646180212,-71.2376709,7.459856987,10.31053162,2.495049715,0.307864994,-0.35660401,-71.2376709,7.459856987,10.31053162,2.495049715,0.307864994,-0.35660401,-71.2376709,7.459856987,10.31053162,2.495049715,0.307864994,-0.35660401
1.660000079,0.43089053,-0.032706205,-0.675354004,-0.488772601,-0.398807675,0.202793062,0.137207583,-0.531797588,-0.307512045,-0.776639104,-0.378594816,-0.657417774,-71.21733093,6.957849503,10.01834297,1.306981325,0.376304746,-0.342767924,-71.21733093,6.957849503,10.01834297,1.306981325,0.376304746,-0.342767924,-71.21733093,6.957849503,10.01834297,1.306981325,0.376304746,-0.342767924
1.670000079,0.432212323,-0.037974779,-0.678218842,-0.496444911,-0.402484089,0.196133554,0.130937114,-0.525003493,-0.283120543,-0.76196605,-0.364935637,-0.668080986,-70.81108856,7.244054317,9.152205467,2.420978308,0.394822031,-0.326241016,-70.81108856,7.244054317,9.152205467,2.420978308,0.394822031,-0.326241016,-70.81108856,7.244054317,9.152205467,2.420978308,0.394822031,-0.326241016
1.68000008,0.433472127,-0.043169085,-0.680997849,-0.504016161,-0.406046063,0.189371049,0.124727763,-0.518185616,-0.277149022,-0.757492125,-0.35442999,-0.678311825,-70.05088806,6.404571056,8.247748375,1.723003268,0.277028263,-0.308510244,-70.05088806,6.404571056,8.247748375,1.723003268,0.277028263,-0.308510244,-70.05088806,6.404571056,8.247748375,1.723003268,0.277028263,-0.308510244
1.69000008,0.434669942,-0.048362676,-0.683792114,-0.511702776,-0.409491688,0.182513177,0.118611142,-0.520182788,-0.280596912,-0.772380531,-0.341880411,-0.68763262,-68.96764374,5.191372871,7.441659927,1.231805563,0.325558275,-0.289120227,-68.96764374,5.191372871,7.441659927,1.231805563,0.325558275,-0.289120227,-68.96764374,5.191372871,7.441659927,1.231805563,0.325558275,-0.289120227
1.700000081,0.435808629,-0.053591195,-0.686767578,-0.519322634,-0.412829548,0.175572336,0.112622626,-0.523478091,-0.302894473,-0.756979227,-0.33191219,-0.695660055,-67.58665466,4.856103897,6.745024681,2.05481863,0.228182673,-0.270487577,-67.58665466,4.856103897,6.745024681,2.05481863,0.228182673,-0.270487577,-67.58665466,4.856103897,6.745024681,2.05481863,0.228182673,-0.270487577
1.710000081,0.436888188,-0.058837119,-0.690036774,-0.526936769,-0.41606155,0.168550909,0.106786132,-0.524754405,-0.332973123,-0.76449275,-0.320841044,-0.703769267,-65.9533844,4.825288773,6.418084145,1.163074851,0.26413551,-0.254771084,-65.9533844,4.825288773,6.418084145,1.163074851,0.26413551,-0.254771084,-65.9533844,4.825288773,6.418084145,1.163074851,0.26413551,-0.254771084
1.720000082,0.437909573,-0.064203873,-0.693374634,-0.534003496,-0.419069439,0.1614694,0.100897402,-0.540558577,-0.331653565,-0.686400294,-0.294695079,-0.709049404,-67.25228119,5.208560467,8.444267273,3.941111803,0.705792367,-0.24992314,-67.25228119,5.208560467,8.444267273,3.941111803,0.705792367,-0.24992314,-67.25228119,5.208560467,8.444267273,3.941111803,0.705792367,-0.24992314
1.730000082,0.438871831,-0.069653884,-0.696350098,-0.540992022,-0.421930462,0.154313982,0.094921164,-0.545193851,-0.286759526,-0.709751129,-0.284971297,-0.717412233,-68.16033936,7.648766518,10.2251339,0.796622574,0.198137403,-0.255703181,-68.16033936,7.648766518,10.2251339,0.796622574,0.198137403,-0.255703181,-68.16033936,7.648766518,10.2251339,0.796622574,0.198137403,-0.255703181
1.740000083,0.439772099,-0.075027362,-0.698785782,-0.548094988,-0.424625546,0.147070825,0.08890035,-0.534655273,-0.232798487,-0.706911027,-0.26470381,-0.726062417,-68.64363098,9.388365746,11.20785809,2.489694118,0.646440208,-0.245024264,-68.64363098,9.388365746,11.20785809,2.489694118,0.646440208,-0.245024264,-68.64363098,9.388365746,11.20785809,2.489694118,0.646440208,-0.245024264
1.750000083,0.440612286,-0.080307141,-0.70063591,-0.554835558,-0.4271442,0.139753282,0.082872018,-0.526646674,-0.172491223,-0.66442734,-0.249206051,-0.733109713,-68.71932983,9.227917671,11.56013393,3.21654129,0.428932875,-0.229981437,-68.71932983,9.227917671,11.56013393,3.21654129,0.428932875,-0.229981437,-68.71932983,9.227917671,11.56013393,3.21654129,0.428932875,-0.229981437
1.760000084,0.441393346,-0.085532323,-0.701816559,-0.561730623,-0.429512173,0.132359922,0.076857887,-0.521596253,-0.104094684,-0.700616896,-0.233567372,-0.741044283,-68.4285202,8.851974487,11.26339054,0.874020815,0.462323278,-0.219548061,-68.4285202,8.851974487,11.26339054,0.874020815,0.462323278,-0.219548061,-68.4285202,8.851974487,11.26339054,0.874020815,0.462323278,-0.219548061
1.770000084,0.442114323,-0.090683833,-0.702529907,-0.568591356,-0.431718022,0.124897875,0.070897333,-0.513341188,-0.065179892,-0.677460909,-0.217343971,-0.7473315,-67.79430389,8.498860359,10.21627522,2.928647995,0.457122326,-0.202468351,-67.79430389,8.498860359,10.21627522,2.928647995,0.457122326,-0.202468351,-67.79430389,8.498860359,10.21627522,2.928647995,0.457122326,-0.202468351
1.780000085,0.442776173,-0.095762148,-0.703046799,-0.575255632,-0.43377319,0.117377676,0.065014258,-0.506599545,-0.049329322,-0.665759206,-0.202481627,-0.753208339,-66.84246826,7.456925392,8.996677399,1.913001299,0.384413153,-0.190397695,-66.84246826,7.456925392,8.996677399,1.913001299,0.384413153,-0.190397695,-66.84246826,7.456925392,8.996677399,1.913001299,0.384413153,-0.190397695
1.790000085,0.443379849,-0.100820914,-0.703536987,-0.582125902,-0.435676724,0.109799065,0.059235379,-0.506036341,-0.049753707,-0.694197237,-0.187321708,-0.759030998,-65.59783936,6.200359821,7.811264515,0.880698144,0.363231331,-0.17813842,-65.59783936,6.200359821,7.811264515,0.880698144,0.363231331,-0.17813842,-65.59783936,6.200359821,7.811264515,0.880698144,0.363231331,-0.17813842
1.800000085,0.443926305,-0.105896845,-0.70425415,-0.588879824,-0.437443882,0.102175631,0.053596504,-0.508046448,-0.078776591,-0.666954815,-0.174231708,-0.763028502,-64.08752441,5.463886738,6.761898518,2.473362684,0.293868065,-0.164078519,-64.08752441,5.463886738,6.761898518,2.473362684,0.293868065,-0.164078519,-64.08752441,5.463886738,6.761898518,2.473362684,0.293868065,-0.164078519
1.810000086,0.444418401,-0.111001149,-0.705341339,-0.595610857,-0.439069897,0.094510235,0.048117232,-0.511091292,-0.11622081,-0.677814007,-0.159655809,-0.767509758,-62.34589386,5.070575237,6.225492001,0.932959557,0.321424961,-0.156663015,-62.34589386,5.070575237,6.225492001,0.932959557,0.321424961,-0.156663015,-62.34589386,5.070575237,6.225492001,0.932959557,0.321424961,-0.156663015
1.820000086,0.444855183,-0.116074935,-0.70672226,-0.601516008,-0.440452725,0.086818136,0.042629138,-0.505925298,-0.142605767,-0.559638143,-0.131997287,-0.769446492,-63.19676971,7.409267902,8.368077278,5.086297035,0.737323463,-0.144718707,-63.19676971,7.409267902,8.368077278,5.086297035,0.737323463,-0.144718707,-63.19676971,7.409267902,8.368077278,5.086297035,0.737323463,-0.144718707
1.830000087,0.445236653,-0.121095791,-0.707845688,-0.607280016,-0.441647679,0.079085983,0.037093662,-0.501330793,-0.100697383,-0.592255473,-0.117313743,-0.774414599,-63.70870972,8.774289131,10.69380188,0.310236335,0.319627225,-0.143290147,-63.70870972,8.774289131,10.69380188,0.310236335,0.319627225,-0.143290147,-63.70870972,8.774289131,10.69380188,0.310236335,0.319627225,-0.143290147
1.840000087,0.44556281,-0.126067787,-0.708297729,-0.61324048,-0.442658573,0.071310915,0.031553317,-0.496055514,-0.030655654,-0.592069626,-0.096301176,-0.778123081,-63.85086441,9.931814194,12.07910061,2.650403738,0.64285481,-0.126818508,-63.85086441,9.931814194,12.07910061,2.650403738,0.64285481,-0.126818508,-63.85086441,9.931814194,12.07910061,2.650403738,0.64285481,-0.126818508
1.850000088,0.445834607,-0.130936772,-0.708042145,-0.618661165,-0.443465382,0.063512243,0.026037553,-0.484257013,0.039366346,-0.526817977,-0.077145346,-0.780228555,-63.65724564,10.77695751,12.51167965,3.939782858,0.549529254,-0.114513144,-63.65724564,10.77695751,12.51167965,3.939782858,0.549529254,-0.114513144,-63.65724564,10.77695751,12.51167965,3.939782858,0.549529254,-0.114513144
1.860000088,0.446051091,-0.135683209,-0.706998825,-0.624295473,-0.444088131,0.05567681,0.020555591,-0.47230947,0.121409491,-0.580651224,-0.058472078,-0.784528315,-63.15713501,10.45471954,12.23682976,0.35653317,0.526790679,-0.108595192,-63.15713501,10.45471954,12.23682976,0.35653317,0.526790679,-0.108595192,-63.15713501,10.45471954,12.23682976,0.35653317,0.526790679,-0.108595192
1.870000089,0.446214169,-0.140332371,-0.705356598,-0.629922152,-0.444530636,0.047817223,0.015145918,-0.463139057,0.173035756,-0.550871849,-0.040864486,-0.786104858,-62.35218811,9.504842758,11.05403328,3.368397236,0.496194005,-0.091516316,-62.35218811,9.504842758,11.05403328,3.368397236,0.496194005,-0.091516316,-62.35218811,9.504842758,11.05403328,3.368397236,0.496194005,-0.091516316
1.880000089,0.446322888,-0.144909054,-0.703424454,-0.635237932,-0.444788128,0.039947025,0.009824341,-0.45644027,0.19694443,-0.528859317,-0.022023292,-0.787281275,-61.28463745,8.34630394,9.576498032,2.176742077,0.493488967,-0.085846499,-61.28463745,8.34630394,9.576498032,2.176742077,0.493488967,-0.085846499,-61.28463745,8.34630394,9.576498032,2.176742077,0.493488967,-0.085846499
1.89000009,0.446379155,-0.14944759,-0.701421738,-0.640847445,-0.444873005,0.032057159,0.004611286,-0.453445494,0.200085953,-0.572638333,-0.005218953,-0.789445221,-59.96140671,7.072532177,8.086221695,0.440735579,0.379765242,-0.081605911,-59.96140671,7.072532177,8.086221695,0.440735579,0.379765242,-0.081605911,-59.96140671,7.072532177,8.086221695,0.440735579,0.379765242,-0.081605911
1.90000009,0.446383923,-0.153984696,-0.699676514,-0.646321535,-0.44480148,0.024163119,-0.000457613,-0.453978032,0.165622145,-0.534779549,0.010243893,-0.789217591,-58.41027832,5.978426456,6.733045101,2.875501394,0.353729814,-0.072233006,-58.41027832,5.978426456,6.733045101,2.875501394,0.353729814,-0.072233006,-58.41027832,5.978426456,6.733045101,2.875501394,0.353729814,-0.072233006
1.910000091,0.446341008,-0.158560425,-0.69836998,-0.65171361,-0.4445602,0.016267233,-0.005368538,-0.4586564,0.121985048,-0.544811428,0.027798325,-0.789773464,-56.6654892,5.229899406,6.013413906,0.822112203,0.376903474,-0.073476166,-56.6654892,5.229899406,6.013413906,0.822112203,0.376903474,-0.073476166,-56.6654892,5.229899406,6.013413906,0.822112203,0.376903474,-0.073476166
1.920000091,0.446249455,-0.162948757,-0.697568893,-0.65605092,-0.444069058,0.008379839,-0.010249204,-0.43184343,0.06896133,-0.394795477,0.055055983,-0.788328767,-57.0970192,9.498884201,8.18020916,5.964414597,0.726171792,-0.05536186,-57.0970192,9.498884201,8.18020916,5.964414597,0.726171792,-0.05536186,-57.0970192,9.498884201,8.18020916,5.964414597,0.726171792,-0.05536186
1.930000092,0.446106404,-0.167147785,-0.696632385,-0.660195589,-0.443360478,0.000488041,-0.015141896,-0.418267071,0.105754711,-0.433925897,0.074121222,-0.789600611,-57.26093292,9.681750298,10.94631863,-0.059966061,0.443273962,-0.046547398,-57.26093292,9.681750298,10.94631863,-0.059966061,0.443273962,-0.046547398,-57.26093292,9.681750298,10.94631863,-0.059966061,0.443273962,-0.046547398
1.940000092,0.445915669,-0.171329647,-0.694925308,-0.664592028,-0.442459255,-0.007397794,-0.020005148,-0.418684065,0.188374162,-0.435081035,0.094421677,-0.788102925,-57.1062355,10.24175549,12.67883587,2.795045137,0.608433783,-0.025354302,-57.1062355,10.24175549,12.67883587,2.795045137,0.608433783,-0.025354302,-57.1062355,10.24175549,12.67883587,2.795045137,0.608433783,-0.025354302
1.950000093,0.445677251,-0.175401837,-0.692424774,-0.66830945,-0.441340595,-0.015255951,-0.024815906,-0.403225452,0.264657319,-0.352072358,0.116300434,-0.785210729,-56.68899155,12.11526489,13.18252277,4.506602287,0.660952151,-0.016832853,-56.68899155,12.11526489,13.18252277,4.506602287,0.660952151,-0.016832853,-56.68899155,12.11526489,13.18252277,4.506602287,0.660952151,-0.016832853
1.960000093,0.445391148,-0.179285675,-0.689054489,-0.672282457,-0.440011173,-0.023109995,-0.029576568,-0.384766847,0.356295019,-0.419045836,0.137020111,-0.785665989,-56.02763748,11.85285187,12.95611572,-0.027079271,0.575284958,-0.015555381,-56.02763748,11.85285187,12.95611572,-0.027079271,0.575284958,-0.015555381,-56.02763748,11.85285187,12.95611572,-0.027079271,0.575284958,-0.015555381
1.970000094,0.445057362,-0.183051258,-0.684976578,-0.676268816,-0.438497692,-0.030943774,-0.034252256,-0.375034362,0.418607801,-0.384777039,0.154791385,-0.782530487,-55.12025452,10.34868526,11.70641232,3.705100775,0.517010093,0.000641651,-55.12025452,10.34868526,11.70641232,3.705100775,0.517010093,0.000641651,-55.12025452,10.34868526,11.70641232,3.705100775,0.517010093,0.000641651
1.980000094,0.4446778,-0.186748177,-0.680528641,-0.679854631,-0.436775357,-0.038740907,-0.038834069,-0.368457198,0.449806601,-0.354375005,0.176851228,-0.779058933,-53.99475479,9.125852585,10.0423317,2.415221453,0.598827541,-2.90E-05,-53.99475479,9.125852585,10.0423317,2.415221453,0.598827541,-2.90E-05,-53.99475479,9.125852585,10.0423317,2.415221453,0.598827541,-2.90E-05
1.990000095,0.444253415,-0.190388352,-0.67596817,-0.683802843,-0.434865147,-0.046518359,-0.04330878,-0.362932235,0.45653376,-0.409737289,0.194229096,-0.777517676,-52.66969299,7.875229836,8.319365501,0.117050648,0.381559968,-0.003494503,-52.66969299,7.875229836,8.319365501,0.117050648,0.381559968,-0.003494503,-52.66969299,7.875229836,8.319365501,0.117050648,0.381559968,-0.003494503
2.000000095,0.443786114,-0.194007546,-0.671686172,-0.687594652,-0.432788044,-0.054260407,-0.047642786,-0.361815512,0.418854117,-0.364080101,0.211167425,-0.773183107,-51.16137695,6.446108818,6.728581429,3.194284439,0.407636106,0.001037515,-51.16137695,6.446108818,6.728581429,3.194284439,0.407636106,0.001037515,-51.16137695,6.446108818,6.728581429,3.194284439,0.407636106,0.001037515
2.010000095,0.443276852,-0.197670609,-0.667873383,-0.691268206,-0.430519253,-0.061964665,-0.051828906,-0.367832512,0.371813565,-0.373694777,0.230863944,-0.769854128,-49.50813293,5.352908134,5.860338688,0.751336873,0.426705986,-0.008239551,-49.50813293,5.352908134,5.860338688,0.751336873,0.426705986,-0.008239551,-49.50813293,5.352908134,5.860338688,0.751336873,0.426705986,-0.008239551
2.020000096,0.442725629,-0.201001316,-0.664764404,-0.693684816,-0.428014904,-0.06962581,-0.055950619,-0.320961148,0.293613553,-0.195507079,0.255593657,-0.765031219,-49.55506516,11.36495781,7.916904926,6.748877525,0.674484313,0.01538654,-49.55506516,11.36495781,7.916904926,6.748877525,0.674484313,0.01538654,-49.55506516,11.36495781,7.916904926,6.748877525,0.674484313,0.01538654
2.030000096,0.442132443,-0.204013497,-0.661651611,-0.695868731,-0.425274998,-0.077255204,-0.060053453,-0.298689127,0.32286793,-0.241389245,0.278476119,-0.76261586,-49.40175629,10.42639351,10.9888773,-0.414529145,0.573159456,0.030780995,-49.40175629,10.42639351,10.9888773,-0.414529145,0.573159456,0.030780995,-49.40175629,10.42639351,10.9888773,-0.414529145,0.573159456,0.030780995
2.040000097,0.441500157,-0.207039028,-0.657714844,-0.698357821,-0.422347218,-0.084830955,-0.064098723,-0.30467543,0.413602024,-0.243794382,0.296231419,-0.756003141,-49.01177597,10.35512829,12.98249149,2.927467823,0.535558164,0.05589816,-49.01177597,10.35512829,12.98249149,2.927467823,0.535558164,0.05589816,-49.01177597,10.35512829,12.98249149,2.927467823,0.535558164,0.05589816
2.050000097,0.440827817,-0.209956795,-0.652944565,-0.700042009,-0.419199139,-0.092329219,-0.068069778,-0.286699414,0.491524339,-0.144969627,0.319849789,-0.748237312,-48.43324661,13.17645168,13.53733253,5.011140823,0.768011868,0.060249656,-48.43324661,13.17645168,13.53733253,5.011140823,0.768011868,0.060249656,-48.43324661,13.17645168,13.53733253,5.011140823,0.768011868,0.060249656
2.060000098,0.440115422,-0.212627083,-0.64727211,-0.702025652,-0.415825993,-0.099782899,-0.071980327,-0.262145698,0.587651849,-0.22415638,0.341431439,-0.744929135,-47.67376328,13.06271744,13.38678169,-0.381384015,0.604621589,0.056700144,-47.67376328,13.06271744,13.38678169,-0.381384015,0.604621589,0.056700144,-47.67376328,13.06271744,13.38678169,-0.381384015,0.604621589,0.056700144
2.070000098,0.43936488,-0.215160519,-0.640825272,-0.704043627,-0.412277371,-0.107173875,-0.075798064,-0.252014428,0.657263041,-0.185747817,0.357924312,-0.737316191,-46.72235489,11.05382156,12.15200233,4.025027752,0.518421054,0.071649618,-46.72235489,11.05382156,12.15200233,4.025027752,0.518421054,0.071649618,-46.72235489,11.05382156,12.15200233,4.025027752,0.518421054,0.071649618
2.080000099,0.438577145,-0.217630535,-0.63394165,-0.705575228,-0.408507496,-0.11448355,-0.079522349,-0.245825961,0.694730282,-0.14766033,0.382363945,-0.729460537,-45.61631775,9.802907944,10.4080019,2.654670238,0.702451944,0.065032996,-45.61631775,9.802907944,10.4080019,2.654670238,0.702451944,0.065032996,-45.61631775,9.802907944,10.4080019,2.654670238,0.702451944,0.065032996
2.090000099,0.437753171,-0.220025212,-0.626895905,-0.707534075,-0.404544979,-0.121736482,-0.083147198,-0.237742633,0.705862582,-0.213885248,0.399017543,-0.724404097,-44.36188507,8.629178047,8.548659325,-0.158755004,0.365426749,0.054478657,-44.36188507,8.629178047,8.548659325,-0.158755004,0.365426749,0.054478657,-44.36188507,8.629178047,8.548659325,-0.158755004,0.365426749,0.054478657
2.1000001,0.43689391,-0.222377449,-0.620121002,-0.70932126,-0.400417477,-0.128916934,-0.086640909,-0.234961376,0.667646945,-0.161004409,0.416409731,-0.716242194,-42.96955872,6.889261246,6.790540695,3.525178194,0.457035244,0.054534748,-42.96955872,6.889261246,6.790540695,3.525178194,0.457035244,0.054534748,-42.96955872,6.889261246,6.790540695,3.525178194,0.457035244,0.054534748
2.1100001,0.436000317,-0.224777848,-0.613822937,-0.710952044,-0.396087795,-0.136022285,-0.090002745,-0.241821855,0.620402873,-0.169572011,0.437341094,-0.709254384,-41.47042847,5.467358589,5.7967453,0.738839626,0.471331149,0.038079489,-41.47042847,5.467358589,5.7967453,0.738839626,0.471331149,0.038079489,-41.47042847,5.467358589,5.7967453,0.738839626,0.471331149,0.038079489
2.120000101,0.435073346,-0.226722866,-0.608392715,-0.711186647,-0.391554028,-0.143052772,-0.093273371,-0.178187609,0.520239055,0.027381716,0.457354009,-0.701360822,-41.18742371,12.90889168,7.607038975,7.297821999,0.581831932,0.066156968,-41.18742371,12.90889168,7.607038975,7.297821999,0.581831932,0.066156968,-41.18742371,12.90889168,7.607038975,7.297821999,0.581831932,0.066156968
2.130000101,0.434114903,-0.22823444,-0.60310936,-0.711154222,-0.386777073,-0.150017455,-0.096500896,-0.147479534,0.538747668,-0.021934111,0.483271033,-0.695407331,-40.77711868,11.02405548,10.81437397,-0.607799888,0.706622243,0.087538347,-40.77711868,11.02405548,10.81437397,-0.607799888,0.706622243,0.087538347,-40.77711868,11.02405548,10.81437397,-0.607799888,0.706622243,0.087538347
2.140000102,0.433124989,-0.229783684,-0.596986771,-0.711467028,-0.381829411,-0.156883433,-0.099649541,-0.158611178,0.633173406,-0.025997965,0.496778041,-0.684086621,-40.21246719,10.26461029,12.98185062,2.998969555,0.428528756,0.115346923,-40.21246719,10.26461029,12.98185062,2.998969555,0.428528756,0.115346923,-40.21246719,10.26461029,12.98185062,2.998969555,0.428528756,0.115346923
2.150000102,0.432103604,-0.231238991,-0.590036392,-0.710891008,-0.376675755,-0.163625911,-0.102708369,-0.139973477,0.708711445,0.08349923,0.520860314,-0.671909988,-39.52209091,13.87748909,13.55092335,5.37883091,0.860894561,0.11554832,-39.52209091,13.87748909,13.55092335,5.37883091,0.860894561,0.11554832,-39.52209091,13.87748909,13.55092335,5.37883091,0.860894561,0.11554832
2.160000103,0.431052655,-0.232398182,-0.582206726,-0.710643053,-0.371294171,-0.170287326,-0.105701126,-0.109719612,0.802858293,-0.003381909,0.542069316,-0.665029585,-38.71474075,14.0437479,13.48108292,-0.585833848,0.617545784,0.107575543,-38.71474075,14.0437479,13.48108292,-0.585833848,0.617545784,0.107575543,-38.71474075,14.0437479,13.48108292,-0.585833848,0.617545784,0.107575543
2.170000103,0.429972142,-0.233402401,-0.573577881,-0.710442781,-0.365759999,-0.176848605,-0.108598538,-0.099381305,0.875982046,0.037298582,0.555931509,-0.653449476,-37.78286362,11.56781101,12.3458662,4.252610207,0.501007676,0.120598622,-37.78286362,11.56781101,12.3458662,4.252610207,0.501007676,0.120598622,-37.78286362,11.56781101,12.3458662,4.252610207,0.501007676,0.120598622
2.180000104,0.428863972,-0.234353691,-0.564466476,-0.70970273,-0.360001713,-0.183288768,-0.111407608,-0.094069049,0.918534219,0.080494054,0.581620634,-0.641721785,-36.74988174,10.30856991,10.62170219,2.85602355,0.794760525,0.108968258,-36.74988174,10.30856991,10.62170219,2.85602355,0.794760525,0.108968258,-36.74988174,10.30856991,10.62170219,2.85602355,0.794760525,0.108968258
2.190000104,0.4277291,-0.235211045,-0.555149078,-0.709428072,-0.354061276,-0.189637855,-0.114129238,-0.083287507,0.933693588,0.007595678,0.596240819,-0.633402705,-35.62163162,9.287288666,8.720694542,-0.28565076,0.334074706,0.092434704,-35.62163162,9.287288666,8.720694542,-0.28565076,0.334074706,0.092434704,-35.62163162,9.287288666,8.720694542,-0.28565076,0.334074706,0.092434704
2.200000104,0.426565617,-0.236006886,-0.546075821,-0.708972216,-0.347967297,-0.195882037,-0.116734214,-0.079130352,0.897988379,0.064828999,0.613130867,-0.621918023,-34.40311432,7.249394417,6.887621403,3.773546457,0.501094937,0.088052243,-34.40311432,7.249394417,6.887621403,3.773546457,0.501094937,0.088052243,-34.40311432,7.249394417,6.887621403,3.773546457,0.501094937,0.088052243
2.210000105,0.425378293,-0.236850411,-0.537445068,-0.708333254,-0.341668278,-0.202018455,-0.119227469,-0.086210385,0.854119897,0.057231501,0.634061933,-0.611691952,-33.10626221,5.56637907,5.807334423,0.782564282,0.501215041,0.065752916,-33.10626221,5.56637907,5.807334423,0.782564282,0.501215041,0.065752916,-33.10626221,5.56637907,5.807334423,0.782564282,0.501215041,0.065752916
2.220000105,0.424167126,-0.23714605,-0.529809952,-0.706229448,-0.335215718,-0.208052352,-0.121612631,-0.010059973,0.736150563,0.263534099,0.647480607,-0.601192594,-32.57160568,14.01345634,7.234426975,7.608654976,0.457154661,0.096972518,-32.57160568,14.01345634,7.234426975,7.608654976,0.457154661,0.096972518,-32.57160568,14.01345634,7.234426975,7.608654976,0.457154661,0.096972518
2.230000106,0.422932118,-0.236908108,-0.522478104,-0.703835726,-0.328525692,-0.213990405,-0.123939082,0.02852001,0.741241932,0.213738203,0.675412834,-0.592041433,-31.98036957,11.39805984,10.39816475,-0.654790521,0.833129346,0.123374127,-31.98036957,11.39805984,10.39816475,-0.654790521,0.833129346,0.123374127,-31.98036957,11.39805984,10.39816475,-0.654790521,0.833129346,0.123374127
2.240000106,0.421673268,-0.236730248,-0.514339447,-0.701802492,-0.321697384,-0.219791129,-0.126171663,0.012596422,0.83539325,0.208491609,0.683173776,-0.576668322,-31.29305458,9.87180233,12.63456249,3.016937733,0.290797979,0.152488068,-31.29305458,9.87180233,12.63456249,3.016937733,0.290797979,0.152488068,-31.29305458,9.87180233,12.63456249,3.016937733,0.290797979,0.152488068
2.250000107,0.420395344,-0.236488014,-0.505407333,-0.698853731,-0.314692646,-0.225429729,-0.128305584,0.029865596,0.905319929,0.321984679,0.70640409,-0.560845315,-30.53778267,14.09630871,13.17355347,5.542667866,0.931087077,0.148796722,-30.53778267,14.09630871,13.17355347,5.542667866,0.931087077,0.148796722,-30.53778267,14.09630871,13.17355347,5.542667866,0.931087077,0.148796722
2.260000107,0.419095486,-0.235907227,-0.495687306,-0.696233034,-0.307468563,-0.230954841,-0.130374178,0.065652885,0.990379572,0.232940868,0.725849509,-0.550760686,-29.74699783,14.67967415,13.16133308,-0.615167677,0.607927918,0.137406483,-29.74699783,14.67967415,13.16133308,-0.615167677,0.607927918,0.137406483,-29.74699783,14.67967415,13.16133308,-0.615167677,0.607927918,0.137406483
2.270000108,0.417775601,-0.235157162,-0.485190213,-0.693671465,-0.300124317,-0.236346439,-0.132349297,0.075521313,1.063534498,0.273447722,0.736050844,-0.535906255,-28.8768692,11.71845627,12.20987034,4.338032722,0.467993468,0.14786689,-28.8768692,11.71845627,12.20987034,4.338032722,0.467993468,0.14786689,-28.8768692,11.71845627,12.20987034,4.338032722,0.467993468,0.14786689
2.280000108,0.416436642,-0.234373719,-0.474169552,-0.69055295,-0.292568356,-0.241585448,-0.134244889,0.079093315,1.110257983,0.318799585,0.761498332,-0.520993769,-27.96135521,10.50273895,10.60038757,2.991083622,0.858671427,0.132190183,-27.96135521,10.50273895,10.60038757,2.991083622,0.858671427,0.132190183,-27.96135521,10.50273895,10.60038757,2.991083622,0.858671427,0.132190183
2.290000109,0.415079564,-0.233477265,-0.462911427,-0.687909365,-0.284853131,-0.246704295,-0.136067763,0.092965491,1.128139496,0.243990347,0.772980094,-0.509821475,-26.99502373,9.749771118,8.731653214,-0.268953472,0.292237133,0.110911652,-26.99502373,9.749771118,8.731653214,-0.268953472,0.292237133,0.110911652,-26.99502373,9.749771118,8.731653214,-0.268953472,0.292237133,0.110911652
2.300000109,0.413704365,-0.232499748,-0.451853573,-0.685080767,-0.277004391,-0.251691401,-0.137790993,0.098132782,1.097495675,0.302627534,0.788416922,-0.495683402,-25.97814751,7.401733398,6.913872719,3.903853893,0.531893611,0.10225828,-25.97814751,7.401733398,6.913872719,3.903853893,0.531893611,0.10225828,-25.97814751,7.401733398,6.913872719,3.903853893,0.531893611,0.10225828
2.31000011,0.412313908,-0.231569439,-0.441179097,-0.682057619,-0.268964916,-0.256543696,-0.139426276,0.091127433,1.060229182,0.295755833,0.807969213,-0.482786089,-24.93226814,5.518872738,5.781617641,0.849301636,0.507543266,0.075647958,-24.93226814,5.518872738,5.781617641,0.849301636,0.507543266,0.075647958,-24.93226814,5.518872738,5.781617641,0.849301636,0.507543266,0.075647958
2.32000011,0.410907239,-0.230031639,-0.431577504,-0.67757535,-0.260833889,-0.261272013,-0.140947506,0.175333217,0.929174185,0.501173615,0.813447893,-0.47029832,-24.22397614,14.51364136,6.710100651,7.63101244,0.307779759,0.10834986,-24.22397614,14.51364136,6.710100651,7.63101244,0.307779759,0.10834986,-24.22397614,14.51364136,6.710100651,7.63101244,0.307779759,0.10834986
2.330000111,0.409486264,-0.227883965,-0.422443211,-0.67278409,-0.252484471,-0.26587826,-0.142401382,0.220742911,0.918616414,0.453917503,0.842068493,-0.458441228,-23.50965309,11.34984303,9.649352074,-0.579115927,0.934122324,0.138555497,-23.50965309,11.34984303,9.649352074,-0.579115927,0.934122324,0.138555497,-23.50965309,11.34984303,9.649352074,-0.579115927,0.934122324,0.138555497
2.340000111,0.408051938,-0.225813061,-0.41256696,-0.668359041,-0.244037986,-0.270318568,-0.143753588,0.20049271,1.008975863,0.447217554,0.843101442,-0.439937711,-22.76338196,9.016281128,11.85093212,2.917479038,0.128271326,0.167326704,-22.76338196,9.016281128,11.85093212,2.917479038,0.128271326,0.167326704,-22.76338196,9.016281128,11.85093212,2.917479038,0.128271326,0.167326704
2.350000112,0.406603307,-0.223718315,-0.401962101,-0.663037539,-0.23545444,-0.274569094,-0.145008311,0.214686558,1.070402861,0.558808625,0.863976002,-0.42143631,-22.01833725,13.63256168,12.30138016,5.484898567,0.958266258,0.160381138,-22.01833725,13.63256168,12.30138016,5.484898567,0.958266258,0.160381138,-22.01833725,13.63256168,12.30138016,5.484898567,0.958266258,0.160381138
2.360000112,0.405143231,-0.221254975,-0.390711606,-0.658034563,-0.226677775,-0.278678477,-0.146202281,0.255227566,1.139964819,0.47182864,0.880356789,-0.408676714,-21.26544952,14.6852293,12.31254673,-0.551594555,0.570352316,0.146802738,-21.26544952,14.6852293,12.31254673,-0.551594555,0.570352316,0.146802738,-21.26544952,14.6852293,12.31254673,-0.551594555,0.570352316,0.146802738
2.370000113,0.403672665,-0.218617111,-0.378755391,-0.653084993,-0.217823863,-0.28262955,-0.147308186,0.263724685,1.2092942,0.511735022,0.886133313,-0.39135468,-20.49250031,11.26020432,11.59672546,4.296046734,0.413440943,0.154122442,-20.49250031,11.26020432,11.59672546,4.296046734,0.413440943,0.154122442,-20.49250031,11.26020432,11.59672546,4.296046734,0.413440943,0.154122442
2.380000113,0.402190655,-0.215971142,-0.366259396,-0.647601366,-0.208783031,-0.2864061,-0.148346782,0.264935404,1.258551955,0.555170357,0.909755111,-0.3741391,-19.72706032,10.1669569,10.17751122,2.959587336,0.877335787,0.135370314,-19.72706032,10.1669569,10.17751122,2.959587336,0.877335787,0.135370314,-19.72706032,10.1669569,10.17751122,2.959587336,0.877335787,0.135370314
2.390000114,0.400699109,-0.213194519,-0.353511631,-0.642575502,-0.199616313,-0.290037692,-0.149328828,0.281817615,1.27723372,0.48282215,0.917082667,-0.360654861,-18.94680214,9.761817932,8.419234276,-0.155492917,0.233130231,0.110988952,-18.94680214,9.761817932,8.419234276,-0.155492917,0.233130231,0.110988952,-18.94680214,9.761817932,8.419234276,-0.155492917,0.233130231,0.110988952
2.400000114,0.399198979,-0.21032539,-0.340909779,-0.637360811,-0.190345645,-0.293518603,-0.150230601,0.287255436,1.253680706,0.540912867,0.930272043,-0.344623744,-18.1545639,7.136262894,6.71494627,3.891895056,0.541402102,0.098325074,-18.1545639,7.136262894,6.71494627,3.891895056,0.541402102,0.098325074,-18.1545639,7.136262894,6.71494627,3.891895056,0.541402102,0.098325074
2.410000114,0.397690266,-0.20750013,-0.328599751,-0.631961107,-0.180909514,-0.296846926,-0.15106909,0.280855387,1.225619793,0.53330934,0.94700557,-0.329813004,-17.37504387,5.192614555,5.578918457,0.850854337,0.477174789,0.068926431,-17.37504387,5.192614555,5.578918457,0.850854337,0.477174789,0.068926431,-17.37504387,5.192614555,5.578918457,0.850854337,0.477174789,0.068926431
2.420000115,0.396173924,-0.204031616,-0.317398846,-0.625186205,-0.171456218,-0.300034106,-0.151797712,0.369362772,1.086634159,0.727687478,0.943720043,-0.316040665,-16.56274986,14.23065853,5.918216705,7.325598717,0.135004878,0.101713046,-16.56274986,14.23065853,5.918216705,7.325598717,0.135004878,0.101713046,-16.56274986,14.23065853,5.918216705,7.325598717,0.135004878,0.101713046
2.430000115,0.394650906,-0.199906975,-0.306814969,-0.618090868,-0.16181457,-0.303081095,-0.152457148,0.419270337,1.060217619,0.686386108,0.97158736,-0.302018553,-15.79257298,10.56169319,8.475885391,-0.424335271,0.990545034,0.134232447,-15.79257298,10.56169319,8.475885391,-0.424335271,0.990545034,0.134232447,-15.79257298,10.56169319,8.475885391,-0.424335271,0.990545034,0.134232447
2.440000116,0.393122166,-0.195880085,-0.295578778,-0.611346483,-0.15212667,-0.305940211,-0.153014049,0.394868195,1.144219875,0.678230405,0.965401709,-0.281440794,-15.03769016,7.472069263,10.52488995,2.648402452,-0.060755655,0.160721198,-15.03769016,7.472069263,10.52488995,2.648402452,-0.060755655,0.160721198,-15.03769016,7.472069263,10.52488995,2.648402452,-0.060755655,0.160721198
2.450000116,0.391588658,-0.191870838,-0.283708394,-0.603783846,-0.142353415,-0.308593333,-0.153481498,0.405534327,1.194430113,0.781074941,0.982458472,-0.261404991,-14.33050251,12.30217457,10.81739426,5.116713047,0.921871126,0.151133969,-14.33050251,12.30217457,10.81739426,5.116713047,0.921871126,0.151133969,-14.33050251,12.30217457,10.81739426,5.116713047,0.921871126,0.151133969
2.460000117,0.390050381,-0.1874744,-0.271380246,-0.596507311,-0.132424712,-0.311086237,-0.153897494,0.449473083,1.243157506,0.701506972,0.994597614,-0.246577442,-13.66626644,13.71366692,10.81362438,-0.419745564,0.492882282,0.136775747,-13.66626644,13.71366692,10.81362438,-0.419745564,0.492882282,0.136775747,-13.66626644,13.71366692,10.81362438,-0.419745564,0.492882282,0.136775747
2.470000117,0.388509244,-0.182913929,-0.258451283,-0.589272738,-0.122466445,-0.313402712,-0.154235229,0.454951823,1.30606389,0.739393592,0.995620787,-0.227679014,-13.01458263,9.861938477,10.36691952,4.022727966,0.327860951,0.140247077,-13.01458263,9.861938477,10.36691952,4.022727966,0.327860951,0.140247077,-13.01458263,9.861938477,10.36691952,4.022727966,0.327860951,0.140247077
2.480000118,0.386964291,-0.178378731,-0.244984925,-0.581553698,-0.112360597,-0.31553036,-0.154519513,0.453387707,1.355617285,0.777434707,1.01560843,-0.209133253,-12.40834236,9.03605175,9.177610397,2.718356609,0.823884964,0.119224407,-12.40834236,9.03605175,9.177610397,2.718356609,0.823884964,0.119224407,-12.40834236,9.03605175,9.177610397,2.718356609,0.823884964,0.119224407
2.490000118,0.385417432,-0.17369619,-0.231282532,-0.574263811,-0.102172256,-0.317499697,-0.154763535,0.473213434,1.372042418,0.710970819,1.018206239,-0.194062993,-11.82197285,9.040812492,7.584434986,-0.047138907,0.152524546,0.09317977,-11.82197285,9.040812492,7.584434986,-0.047138907,0.152524546,0.09317977,-11.82197285,9.040812492,7.584434986,-0.047138907,0.152524546,0.09317977
2.500000119,0.383867711,-0.168915421,-0.217675507,-0.56677556,-0.091915488,-0.319305003,-0.154947579,0.478029341,1.356290936,0.767497778,1.02836442,-0.176991075,-11.25637054,6.169875145,6.086508274,3.700076103,0.508055627,0.077234045,-11.25637054,6.169875145,6.086508274,3.700076103,0.508055627,0.077234045,-11.25637054,6.169875145,6.086508274,3.700076103,0.508055627,0.077234045
2.510000119,0.38231799,-0.164178997,-0.204253018,-0.559129,-0.08153069,-0.320946276,-0.155090794,0.472229987,1.33901155,0.757345676,1.040954828,-0.16112107,-10.72158432,4.308778286,5.005714893,0.702655852,0.396279126,0.046539739,-10.72158432,4.308778286,5.005714893,0.702655852,0.396279126,0.046539739,-10.72158432,4.308778286,5.005714893,0.702655852,0.396279126,0.046539739
2.52000012,0.380768269,-0.158786923,-0.191933453,-0.550276995,-0.071206212,-0.322442591,-0.155137837,0.561946213,1.197332263,0.930249393,1.028750539,-0.146799579,-9.880472183,12.94321346,4.714052677,6.620817184,-0.064675629,0.077804536,-9.880472183,12.94321346,4.714052677,6.620817184,-0.064675629,0.077804536,-9.880472183,12.94321346,4.714052677,6.620817184,-0.064675629,0.077804536
2.53000012,0.379218549,-0.152725369,-0.180354893,-0.541093111,-0.060737152,-0.323787272,-0.155118868,0.613337278,1.156224966,0.899340093,1.054204941,-0.131259263,-9.116298676,8.747835159,6.769313335,-0.230145156,0.974115431,0.110964105,-9.116298676,8.747835159,6.769313335,-0.230145156,0.974115431,0.110964105,-9.116298676,8.747835159,6.769313335,-0.230145156,0.974115431,0.110964105
2.540000121,0.377668828,-0.146784455,-0.168230832,-0.532227755,-0.050275583,-0.324930727,-0.155004218,0.585199475,1.231748104,0.888589799,1.041045427,-0.109794863,-8.404934883,5.037575722,8.559859276,2.113907099,-0.275531381,0.133331761,-8.404934883,5.037575722,8.559859276,2.113907099,-0.275531381,0.133331761,-8.404934883,5.037575722,8.559859276,2.113907099,-0.275531381,0.133331761
2.550000121,0.376119107,-0.140898854,-0.155588925,-0.522679567,-0.039790172,-0.325863421,-0.154815122,0.592577338,1.268511415,0.976496339,1.05273807,-0.089358494,-7.770115376,9.883401871,8.638599396,4.405591011,0.793155015,0.121998154,-7.770115376,9.883401871,8.638599396,4.405591011,0.793155015,0.121998154,-7.770115376,9.883401871,8.638599396,4.405591011,0.793155015,0.121998154
2.560000122,0.374574155,-0.134625107,-0.142707646,-0.513362169,-0.029198965,-0.326625407,-0.154583752,0.63769722,1.293239951,0.910114586,1.05984509,-0.073146865,-7.194852352,11.4542284,8.5870924,-0.284059405,0.36594364,0.107914016,-7.194852352,11.4542284,8.5870924,-0.284059405,0.36594364,0.107914016,-7.194852352,11.4542284,8.5870924,-0.284059405,0.36594364,0.107914016
2.570000122,0.373030156,-0.128213555,-0.129353821,-0.504063845,-0.018626949,-0.327203333,-0.154287666,0.638867795,1.347700834,0.943810344,1.056077957,-0.053659204,-6.682019711,7.310124397,8.416561127,3.433072329,0.1927104,0.106866434,-6.682019711,7.310124397,8.416561127,3.433072329,0.1927104,0.106866434,-6.682019711,7.310124397,8.416561127,3.433072329,0.1927104,0.106866434
2.580000123,0.371489972,-0.12186268,-0.115492165,-0.494374514,-0.007959714,-0.327587664,-0.153952539,0.634565294,1.394870043,0.972720385,1.070644379,-0.034799926,-6.226681709,6.871922016,7.476161003,2.203549147,0.675764441,0.084634647,-6.226681709,6.871922016,7.476161003,2.203549147,0.675764441,0.084634647,-6.226681709,6.871922016,7.476161003,2.203549147,0.675764441,0.084634647
2.590000123,0.369953603,-0.115355521,-0.101436675,-0.485052347,0.002739068,-0.327807963,-0.153591603,0.656306565,1.406202793,0.917426407,1.068315387,-0.018915875,-5.825464249,7.284414768,6.100845337,0.040292341,0.039761592,0.058454722,-5.825464249,7.284414768,6.100845337,0.040292341,0.039761592,0.058454722,-5.825464249,7.284414768,6.100845337,0.040292341,0.039761592,0.058454722
2.600000123,0.368421048,-0.108751327,-0.087432206,-0.475528955,0.013467075,-0.327860415,-0.153191283,0.659932911,1.398269176,0.968886912,1.074814558,-0.001773918,-5.467782497,4.311113358,4.890060425,3.18873024,0.41117394,0.0399222,-5.467782497,4.311113358,4.890060425,3.18873024,0.41117394,0.0399222,-5.467782497,4.311113358,4.890060425,3.18873024,0.41117394,0.0399222
2.610000124,0.366892308,-0.102191478,-0.073502839,-0.46590066,0.024273964,-0.327749789,-0.152770415,0.654822409,1.391852617,0.955336034,1.081980109,0.014239522,-5.164495945,2.66412282,3.922960758,0.395768255,0.247051641,0.009854468,-5.164495945,2.66412282,3.922960758,0.395768255,0.247051641,0.009854468,-5.164495945,2.66412282,3.922960758,0.395768255,0.247051641,0.009854468
2.620000124,0.365368336,-0.09498623,-0.060629666,-0.455288172,0.034943908,-0.327492297,-0.152273074,0.74277401,1.252839088,1.099149704,1.061556101,0.028490398,-4.349256992,10.45141506,3.008814096,5.522666931,-0.290399522,0.038487386,-4.349256992,10.45141506,3.008814096,5.522666931,-0.290399522,0.038487386,-4.349256992,10.45141506,3.008814096,5.522666931,-0.290399522,0.038487386
2.630000125,0.363850087,-0.087134391,-0.048580825,-0.444349527,0.045705885,-0.327077448,-0.15171434,0.791909337,1.200409293,1.079381466,1.082882285,0.044739626,-3.623806238,5.705502033,4.476831436,-0.171237588,0.854911566,0.069911532,-3.623806238,5.705502033,4.476831436,-0.171237588,0.854911566,0.069911532,-3.623806238,5.705502033,4.476831436,-0.171237588,0.854911566,0.069911532
2.640000125,0.362337559,-0.07943061,-0.036107361,-0.433693171,0.056404799,-0.326463282,-0.151071325,0.76096487,1.264510751,1.065764546,1.063322186,0.065861948,-2.981801987,1.608260036,5.903343678,1.335483551,-0.523195148,0.08683563,-2.981801987,1.608260036,5.903343678,1.335483551,-0.523195148,0.08683563,-2.981801987,1.608260036,5.903343678,1.335483551,-0.523195148,0.08683563
2.650000126,0.360832661,-0.071806699,-0.023266256,-0.422512293,0.06706126,-0.325644076,-0.15037255,0.76598388,1.284935236,1.135347962,1.068603992,0.085655853,-2.441555023,6.259287357,5.739919662,3.381501436,0.564487398,0.074854679,-2.441555023,6.259287357,5.739919662,3.381501436,0.564487398,0.074854679,-2.441555023,6.259287357,5.739919662,3.381501436,0.564487398,0.074854679
2.660000126,0.359334439,-0.063815862,-0.010408818,-0.411497355,0.077766255,-0.324652255,-0.149642393,0.808955729,1.285732627,1.084359765,1.070141792,0.102441818,-1.991692305,7.713317871,5.645624161,-0.306059986,0.170146391,0.061675202,-1.991692305,7.713317871,5.645624161,-0.306059986,0.170146391,0.061675202,-1.991692305,7.713317871,5.645624161,-0.306059986,0.170146391,0.061675202
2.670000127,0.357843846,-0.055731565,0.002779711,-0.400490046,0.088402823,-0.323476374,-0.148863286,0.804932952,1.329906225,1.111848116,1.061606526,0.121495679,-1.606989503,3.537433624,5.731266975,2.532777309,-0.00926087,0.055989932,-1.606989503,3.537433624,5.731266975,2.532777309,-0.00926087,0.055989932,-1.606989503,3.537433624,5.731266975,2.532777309,-0.00926087,0.055989932
2.680000127,0.356360883,-0.047739536,0.016413594,-0.389198542,0.099072531,-0.322115481,-0.148060128,0.798456788,1.370859027,1.13114059,1.069432259,0.139674991,-1.30722332,3.593711615,5.052057266,1.47067523,0.42940104,0.033657059,-1.30722332,3.593711615,5.052057266,1.47067523,0.42940104,0.033657059,-1.30722332,3.593711615,5.052057266,1.47067523,0.42940104,0.033657059
2.690000128,0.354887456,-0.039591938,0.030175472,-0.378197908,0.109719351,-0.320591509,-0.147244126,0.820462346,1.375474095,1.089126229,1.062286854,0.155463859,-1.072473884,4.356668472,3.959701061,-0.034217764,-0.120224983,0.008784203,-1.072473884,4.356668472,3.959701061,-0.034217764,-0.120224983,0.008784203,-1.072473884,4.356668472,3.959701061,-0.034217764,-0.120224983,0.008784203
2.700000128,0.353421658,-0.031358153,0.04392159,-0.367004633,0.120351866,-0.318908274,-0.146409288,0.822459936,1.3745507,1.133174419,1.06440115,0.171703815,-0.905220687,1.493612051,3.102727175,2.39884305,0.232994854,-0.011039393,-0.905220687,1.493612051,3.102727175,2.39884305,0.232994854,-0.011039393,-0.905220687,1.493612051,3.102727175,2.39884305,0.232994854,-0.011039393
2.710000129,0.351964444,-0.023168832,0.05769217,-0.355758905,0.131006792,-0.31706959,-0.145570666,0.818082392,1.37790823,1.117178082,1.06544745,0.18690908,-0.798811972,0.200411096,2.316897869,-0.049150489,0.033493679,-0.038467109,-0.798811972,0.200411096,2.316897869,-0.049150489,0.033493679,-0.038467109,-0.798811972,0.200411096,2.316897869,-0.049150489,0.033493679,-0.038467109
2.720000129,0.350515813,-0.014363756,0.070495628,-0.343815088,0.141455248,-0.31509167,-0.144679248,0.901600659,1.247552395,1.222645521,1.037968874,0.200476378,-0.083161786,6.769672871,0.845793843,3.964308739,-0.549484909,-0.013227136,-0.083161786,6.769672871,0.845793843,3.964308739,-0.549484909,-0.013227136,-0.083161786,6.769672871,0.845793843,3.964308739,-0.549484909,-0.013227136
2.73000013,0.349076718,-0.004975332,0.082446359,-0.331563234,0.151934221,-0.312960207,-0.143734351,0.944235623,1.188555598,1.216678023,1.053462148,0.216463238,0.538754165,1.470577955,1.678946137,-0.189689487,0.620323181,0.014510408,0.538754165,1.470577955,1.678946137,-0.189689487,0.620323181,0.014510408,0.538754165,1.470577955,1.678946137,-0.189689487,0.620323181,0.014510408
2.74000013,0.34764716,0.004242508,0.094680808,-0.319550753,0.162295893,-0.310641825,-0.142722592,0.912493408,1.237228751,1.198958397,1.028599262,0.235956416,1.060665369,-2.656930685,2.651234388,0.303948641,-0.794283271,0.025985971,1.060665369,-2.656930685,2.651234388,0.303948641,-0.794283271,0.025985971,1.060665369,-2.656930685,2.651234388,0.303948641,-0.794283271,0.025985971
2.750000131,0.346228093,0.013369887,0.107102655,-0.307202578,0.172548845,-0.308135569,-0.14167586,0.9159168,1.239192128,1.247635365,1.026760578,0.254148841,1.471866965,1.506202579,2.263105154,2.10330987,0.235940263,0.015140899,1.471866965,1.506202579,2.263105154,2.10330987,0.235940263,0.015140899,1.471866965,1.506202579,2.263105154,2.10330987,0.235940263,0.015140899
2.760000131,0.34482047,0.022809809,0.11933472,-0.294928789,0.182788923,-0.30546242,-0.140607864,0.952309668,1.218862653,1.21636641,1.022572398,0.2705639,1.792147636,2.605076551,2.154676676,-0.424238533,-0.093544528,0.003573627,1.792147636,2.605076551,2.154676676,-0.424238533,-0.093544528,0.003573627,1.792147636,2.605076551,2.154676676,-0.424238533,-0.093544528,0.003573627
2.770000132,0.343423337,0.032291804,0.13174662,-0.28267312,0.192912176,-0.302616656,-0.139510095,0.944054008,1.250084639,1.232295752,1.009382963,0.288075656,2.02675271,-1.155709863,2.458957672,1.26866889,-0.27948463,-0.005836753,2.02675271,-1.155709863,2.458957672,1.26866889,-0.27948463,-0.005836753,2.02675271,-1.155709863,2.458957672,1.26866889,-0.27948463,-0.005836753
2.780000132,0.342036694,0.041660938,0.144502014,-0.270244837,0.20300062,-0.299603045,-0.138403267,0.935899734,1.28107655,1.244110584,1.009644628,0.304629534,2.174597025,-0.662005842,2.06788969,0.656020999,0.098015562,-0.026223792,2.174597025,-0.662005842,2.06788969,0.656020999,0.098015562,-0.026223792,2.174597025,-0.662005842,2.06788969,0.656020999,0.098015562,-0.026223792
2.790000133,0.34066245,0.051164422,0.157314152,-0.25800252,0.21301277,-0.296436846,-0.137296706,0.955510616,1.279441357,1.217276454,0.998157561,0.319377869,2.252251148,0.385857105,1.335628152,-0.268746674,-0.324588358,-0.048175018,2.252251148,0.385857105,1.335628152,-0.268746674,-0.324588358,-0.048175018,2.252251148,0.385857105,1.335628152,-0.268746674,-0.324588358,-0.048175018
2.800000133,0.339297742,0.0607411,0.170137256,-0.245617151,0.222964361,-0.293127596,-0.136190772,0.956670761,1.283900857,1.247986674,0.995123327,0.333776653,2.255733013,-2.014539719,0.872894108,1.296833277,-0.027009647,-0.067341879,2.255733013,-2.014539719,0.872894108,1.296833277,-0.027009647,-0.067341879,2.255733013,-2.014539719,0.872894108,1.296833277,-0.027009647,-0.067341879
2.810000133,0.337944478,0.070274852,0.183065742,-0.233211756,0.232876375,-0.289681017,-0.135094479,0.952648938,1.29533422,1.234915853,0.989898741,0.347274393,2.202495337,-2.9358356,0.338245839,-0.443957686,-0.224489227,-0.089942537,2.202495337,-2.9358356,0.338245839,-0.443957686,-0.224489227,-0.089942537,2.202495337,-2.9358356,0.338245839,-0.443957686,-0.224489227,-0.089942537
2.820000134,0.336603612,0.08037021,0.195162147,-0.220442533,0.242525175,-0.286109507,-0.133967444,1.028777838,1.180300117,1.292811751,0.957079291,0.359622896,2.76572752,2.15169096,-1.581532717,1.963940859,-0.828603148,-0.068167642,2.76572752,2.15169096,-1.581532717,1.963940859,-0.828603148,-0.068167642,2.76572752,2.15169096,-1.581532717,1.963940859,-0.828603148,-0.068167642
2.830000134,0.33527419,0.090950273,0.206438392,-0.207412481,0.252135813,-0.282397807,-0.132798195,1.061352372,1.119769931,1.301084876,0.96504581,0.374146283,3.229980469,-3.583885431,-1.404555678,-0.267976761,0.275617629,-0.045593768,3.229980469,-3.583885431,-1.404555678,-0.267976761,0.275617629,-0.045593768,3.229980469,-3.583885431,-1.404555678,-0.267976761,0.275617629,-0.045593768
2.840000135,0.333957165,0.101346754,0.217828602,-0.194560289,0.261581957,-0.278523982,-0.131582007,1.031287432,1.147975683,1.280560493,0.936376572,0.390803844,3.591796875,-7.387550354,-0.952458024,-0.801245511,-1.059687376,-0.037713528,3.591796875,-7.387550354,-0.952458024,-0.801245511,-1.059687376,-0.037713528,3.591796875,-7.387550354,-0.952458024,-0.801245511,-1.059687376,-0.037713528
2.850000135,0.332651585,0.111654542,0.229200214,-0.181578875,0.270857394,-0.274488986,-0.130351007,1.033423543,1.130480051,1.305541158,0.9273206,0.406508714,3.841675758,-4.009356022,-1.501683831,0.638941884,-0.163948119,-0.045111433,3.841675758,-4.009356022,-1.501683831,0.638941884,-0.163948119,-0.045111433,3.841675758,-4.009356022,-1.501683831,0.638941884,-0.163948119,-0.045111433
2.860000136,0.331358403,0.122185253,0.240212768,-0.168570757,0.280055583,-0.270305216,-0.129110813,1.058730721,1.093729973,1.296710968,0.917366326,0.42136398,4.011040688,-3.407808304,-1.575299025,-0.583791673,-0.41086334,-0.053863212,4.011040688,-3.407808304,-1.575299025,-0.583791673,-0.41086334,-0.053863212,4.011040688,-3.407808304,-1.575299025,-0.583791673,-0.41086334,-0.053863212
2.870000136,0.330076665,0.132709205,0.251241326,-0.155611753,0.289091647,-0.26597172,-0.127859905,1.048359632,1.108392477,1.297008514,0.899830878,0.436356962,4.098663807,-6.237974167,-1.097311497,-0.19609116,-0.588430941,-0.063998833,4.098663807,-6.237974167,-1.097311497,-0.19609116,-0.588430941,-0.063998833,4.098663807,-6.237974167,-1.097311497,-0.19609116,-0.588430941,-0.063998833
2.880000137,0.328807324,0.143110931,0.262476563,-0.142582178,0.298024714,-0.261495173,-0.126614347,1.038763642,1.126691818,1.304510951,0.89245379,0.450433969,4.109051228,-5.466525078,-1.149453521,-0.117434777,-0.278703123,-0.079994626,4.109051228,-5.466525078,-1.149453521,-0.117434777,-0.278703123,-0.079994626,4.109051228,-5.466525078,-1.149453521,-0.117434777,-0.278703123,-0.079994626
2.890000137,0.327552289,0.153604209,0.27370894,-0.129619837,0.306831896,-0.256887972,-0.125382334,1.053344488,1.120906472,1.292964816,0.877111793,0.463225126,4.049331188,-4.161451817,-1.44464314,-0.610738635,-0.557877541,-0.096875317,4.049331188,-4.161451817,-1.44464314,-0.610738635,-0.557877541,-0.096875317,4.049331188,-4.161451817,-1.44464314,-0.610738635,-0.557877541,-0.096875317
2.900000138,0.326308697,0.164159954,0.284969926,-0.116601944,0.315529406,-0.252159655,-0.124168165,1.055058241,1.128671765,1.305838585,0.868466973,0.475161701,3.9146173,-5.731825829,-1.496124864,0.050088257,-0.333980441,-0.112542547,3.9146173,-5.731825829,-1.496124864,0.050088257,-0.333980441,-0.112542547,3.9146173,-5.731825829,-1.496124864,0.050088257,-0.333980441,-0.112542547
2.910000138,0.325077504,0.174678028,0.296398759,-0.103563786,0.324127734,-0.247319281,-0.122976862,1.050933719,1.146888971,1.301781535,0.857420862,0.486229271,3.725513935,-6.327818871,-1.711723089,-0.676734626,-0.489979476,-0.128603235,3.725513935,-6.327818871,-1.711723089,-0.676734626,-0.489979476,-0.128603235,3.725513935,-6.327818871,-1.711723089,-0.676734626,-0.489979476,-0.128603235
2.920000139,0.323857754,0.185676754,0.307182908,-0.090536833,0.332422793,-0.242370665,-0.121772923,1.116449594,1.054336071,1.303687453,0.821111917,0.496988952,4.079015255,-2.89648962,-3.949690104,-0.34534359,-1.101409674,-0.109720416,4.079015255,-2.89648962,-3.949690104,-0.34534359,-1.101409674,-0.109720416,4.079015255,-2.89648962,-3.949690104,-0.34534359,-1.101409674,-0.109720416
2.930000139,0.322650403,0.197034061,0.317231774,-0.077326059,0.340605319,-0.237306654,-0.120542251,1.1366539,0.996460259,1.326532602,0.820267022,0.508837759,4.353743076,-8.83245945,-4.435272217,-0.278483897,-0.136416316,-0.093240574,4.353743076,-8.83245945,-4.435272217,-0.278483897,-0.136416316,-0.093240574,4.353743076,-8.83245945,-4.435272217,-0.278483897,-0.136416316,-0.093240574
2.94000014,0.321454495,0.208206832,0.327200532,-0.064203501,0.348582804,-0.232116282,-0.119283639,1.110601783,0.999886394,1.305670619,0.789631188,0.521739602,4.532698631,-12.03017998,-4.532341957,-1.810047865,-1.276759148,-0.085700601,4.532698631,-12.03017998,-4.532341957,-1.810047865,-1.276759148,-0.085700601,4.532698631,-12.03017998,-4.532341957,-1.810047865,-1.276759148,-0.085700601
2.95000014,0.320270985,0.219301403,0.336932778,-0.051177695,0.356340945,-0.226798117,-0.118025921,1.11131978,0.963448167,1.303760648,0.773721397,0.534269631,4.620637417,-9.679577827,-5.162322998,-0.891610682,-0.58863759,-0.087321952,4.620637417,-9.679577827,-5.162322998,-0.891610682,-0.58863759,-0.087321952,4.620637417,-9.679577827,-5.162322998,-0.891610682,-0.58863759,-0.087321952
2.960000141,0.319101781,0.2305004,0.346179605,-0.038015082,0.363956034,-0.221359789,-0.116773665,1.122119904,0.914919078,1.320035696,0.758163214,0.546295106,4.634904861,-9.614981651,-5.157148838,-0.630514383,-0.740209699,-0.091742881,4.634904861,-9.614981651,-5.157148838,-0.630514383,-0.740209699,-0.091742881,4.634904861,-9.614981651,-5.157148838,-0.630514383,-0.740209699,-0.091742881
2.970000141,0.31794402,0.241651714,0.355266213,-0.024942771,0.371370852,-0.215802252,-0.115528569,1.111988783,0.909831166,1.30170083,0.737049043,0.558161139,4.567710876,-11.08073425,-4.545646191,-1.689091682,-0.884267986,-0.098099016,4.567710876,-11.08073425,-4.545646191,-1.689091682,-0.884267986,-0.098099016,4.567710876,-11.08073425,-4.545646191,-1.689091682,-0.884267986,-0.098099016
2.980000142,0.316798657,0.252682269,0.364399552,-0.011899861,0.378620684,-0.210132658,-0.114305481,1.101137757,0.91410625,1.306994677,0.722379327,0.569186866,4.437580109,-10.21494389,-4.208337784,-0.746270239,-0.65491271,-0.107909985,4.437580109,-10.21494389,-4.208337784,-0.746270239,-0.65491271,-0.107909985,4.437580109,-10.21494389,-4.208337784,-0.746270239,-0.65491271,-0.107909985
2.990000142,0.315664738,0.263744891,0.373488069,0.001210202,0.385698855,-0.204359114,-0.113111466,1.108590126,0.906722486,1.311439872,0.703848839,0.579345405,4.250669956,-8.6733675,-4.011389256,-0.896678746,-0.779227555,-0.117861569,4.250669956,-8.6733675,-4.011389256,-0.896678746,-0.779227555,-0.117861569,4.250669956,-8.6733675,-4.011389256,-0.896678746,-0.779227555,-0.117861569
3.000000142,0.314543217,0.274862826,0.382621408,0.014259128,0.392620623,-0.198490202,-0.111948423,1.112175703,0.91638267,1.302563429,0.689687848,0.588724911,4.018352985,-9.122467995,-3.653029919,-1.206112385,-0.637563884,-0.127549067,4.018352985,-9.122467995,-3.653029919,-1.206112385,-0.637563884,-0.127549067,4.018352985,-9.122467995,-3.653029919,-1.206112385,-0.637563884,-0.127549067
3.010000143,0.313433141,0.285953104,0.391973138,0.027351229,0.399389803,-0.192535937,-0.110821143,1.10783112,0.940515041,1.3121984,0.673476458,0.597045004,3.736427307,-9.461454391,-3.509932518,-0.66605413,-0.726789474,-0.137068778,3.736427307,-9.461454391,-3.509932518,-0.66605413,-0.726789474,-0.137068778,3.736427307,-9.461454391,-3.509932518,-0.66605413,-0.726789474,-0.137068778
3.020000143,0.312333554,0.297413409,0.400913835,0.040043086,0.405832827,-0.186493933,-0.109692588,1.159240723,0.87696135,1.253847241,0.635843217,0.606051326,3.853241682,-7.815051079,-5.937682152,-2.718014717,-1.3204844,-0.121186279,3.853241682,-7.815051079,-5.937682152,-2.718014717,-1.3204844,-0.121186279,3.853241682,-7.815051079,-5.937682152,-2.718014717,-1.3204844,-0.121186279
3.030000144,0.311245412,0.309095919,0.409245133,0.052808374,0.412093699,-0.180366576,-0.108558021,1.166719794,0.824245989,1.289212704,0.625380695,0.614321113,3.906094313,-13.59419537,-7.077537537,-0.169938922,-0.563637018,-0.111462638,3.906094313,-13.59419537,-7.077537537,-0.169938922,-0.563637018,-0.111462638,3.906094313,-13.59419537,-7.077537537,-0.169938922,-0.563637018,-0.111462638
3.040000144,0.310168713,0.320602953,0.41729033,0.065607071,0.41811806,-0.174154341,-0.107414037,1.145883799,0.800864041,1.272527933,0.594901025,0.623003185,3.885472059,-16.09131622,-7.716378689,-2.527987242,-1.400602341,-0.101411968,3.885472059,-16.09131622,-7.716378689,-2.527987242,-1.400602341,-0.101411968,3.885472059,-16.09131622,-7.716378689,-2.527987242,-1.400602341,-0.101411968
3.050000145,0.309104413,0.332042277,0.4248873,0.078072786,0.423883021,-0.167852461,-0.106284216,1.144732952,0.747294664,1.240376949,0.572819293,0.631978273,3.788651466,-14.87955093,-8.362451553,-2.383749247,-0.989236653,-0.096187286,3.788651466,-14.87955093,-8.362451553,-2.383749247,-0.989236653,-0.096187286,3.788651466,-14.87955093,-8.362451553,-2.383749247,-0.989236653,-0.096187286
3.060000145,0.308050603,0.343455851,0.431898713,0.090775728,0.429447711,-0.161467135,-0.105179824,1.139912367,0.689870358,1.282342553,0.552134573,0.640104115,3.62877512,-15.2977457,-8.258422852,-0.467256486,-1.029867291,-0.095418759,3.62877512,-15.2977457,-8.258422852,-0.467256486,-1.029867291,-0.095418759,3.62877512,-15.2977457,-8.258422852,-0.467256486,-1.029867291,-0.095418759
3.070000146,0.307007283,0.354785502,0.438575387,0.103363991,0.434783518,-0.154997885,-0.104097821,1.131005168,0.663952947,1.246970296,0.528755963,0.648660123,3.426299095,-15.22022057,-7.530289173,-2.968272686,-1.114264369,-0.093749255,3.426299095,-15.22022057,-7.530289173,-2.968272686,-1.114264369,-0.093749255,3.426299095,-15.22022057,-7.530289173,-2.968272686,-1.114264369,-0.093749255
3.080000146,0.305974454,0.36600548,0.445131898,0.115811825,0.439898074,-0.14844805,-0.103054039,1.119670987,0.654078245,1.248013139,0.507352054,0.656500995,3.178792,-14.31441784,-6.782484531,-1.258357644,-0.991251588,-0.096952811,3.178792,-14.31441784,-6.782484531,-1.258357644,-0.991251588,-0.096952811,3.178792,-14.31441784,-6.782484531,-1.258357644,-0.991251588,-0.096952811
3.090000147,0.304952115,0.37719208,0.451617837,0.128467083,0.444806635,-0.141824782,-0.102054507,1.118926167,0.647140265,1.270290375,0.486612976,0.663721919,2.898919344,-12.61755371,-6.074944019,-0.947911978,-0.942470431,-0.099758752,2.898919344,-12.61755371,-6.074944019,-0.947911978,-0.942470431,-0.099758752,2.898919344,-12.61755371,-6.074944019,-0.947911978,-0.942470431,-0.099758752
3.100000147,0.303939313,0.388426363,0.458171487,0.140946865,0.449519694,-0.135129988,-0.101095945,1.124741435,0.65864104,1.238958955,0.467642128,0.670944452,2.59150362,-11.8127327,-5.326199055,-2.321458578,-0.892380416,-0.102345072,2.59150362,-11.8127327,-5.326199055,-2.321458578,-0.892380416,-0.102345072,2.59150362,-11.8127327,-5.326199055,-2.321458578,-0.892380416,-0.102345072
3.110000148,0.302936047,0.399650156,0.464986444,0.153483391,0.454031527,-0.128372729,-0.100185178,1.12105763,0.68797034,1.261573076,0.446992308,0.676769376,2.259644032,-11.90233898,-4.829552174,-0.48814404,-0.909283578,-0.107442036,2.259644032,-11.90233898,-4.829552174,-0.48814404,-0.909283578,-0.107442036,2.259644032,-11.90233898,-4.829552174,-0.48814404,-0.909283578,-0.107442036
3.120000148,0.301941365,0.411110461,0.471662164,0.165250778,0.458218157,-0.121548586,-0.099280514,1.154762506,0.658452392,1.145828247,0.410389632,0.683973193,2.121498585,-12.19183636,-7.330042362,-4.838346958,-1.444060683,-0.096579343,2.121498585,-12.19183636,-7.330042362,-4.838346958,-1.444060683,-0.096579343,2.121498585,-12.19183636,-7.330042362,-4.838346958,-1.444060683,-0.096579343
3.130000149,0.300956219,0.422647059,0.477879167,0.176961422,0.462150156,-0.114672117,-0.098393574,1.150478005,0.612402439,1.189764619,0.390272081,0.688326418,1.936736465,-17.40275764,-9.102823257,0.036812622,-0.956625879,-0.094262607,1.936736465,-17.40275764,-9.102823257,0.036812622,-0.956625879,-0.094262607,1.936736465,-17.40275764,-9.102823257,0.036812622,-0.956625879,-0.094262607
3.140000149,0.299978703,0.43403393,0.48360312,0.188836098,0.4658342,-0.107753448,-0.097516403,1.135819793,0.562263727,1.180470586,0.362113416,0.692807913,1.708933711,-19.19621086,-10.25156784,-2.901856899,-1.407372355,-0.080949597,1.708933711,-19.19621086,-10.25156784,-2.901856899,-1.407372355,-0.080949597,1.708933711,-19.19621086,-10.25156784,-2.901856899,-1.407372355,-0.080949597
3.15000015,0.299010724,0.445354998,0.488691926,0.200157166,0.469234049,-0.100783281,-0.096662641,1.131850719,0.494627893,1.118348122,0.334825993,0.698118567,1.443168879,-19.20365906,-10.86637402,-3.671102285,-1.32606101,-0.069690801,1.443168879,-19.20365906,-10.86637402,-3.671102285,-1.32606101,-0.069690801,1.443168879,-19.20365906,-10.86637402,-3.671102285,-1.32606101,-0.069690801
3.16000015,0.298050374,0.456527293,0.493117929,0.211789608,0.472383082,-0.093771867,-0.095853239,1.112568021,0.43000412,1.182810903,0.309927702,0.701781988,1.138911366,-19.95100403,-10.67106247,-0.138102144,-1.240185142,-0.063965671,1.138911366,-19.95100403,-10.67106247,-0.138102144,-1.240185142,-0.063965671,1.138911366,-19.95100403,-10.67106247,-0.138102144,-1.240185142,-0.063965671
3.170000151,0.297098607,0.467582285,0.497044206,0.223312378,0.475291789,-0.086712532,-0.09507931,1.104724169,0.384446621,1.1355021,0.285955876,0.707105398,0.824366033,-18.4231205,-9.843067169,-3.868488312,-1.247493863,-0.052271616,0.824366033,-18.4231205,-9.843067169,-3.868488312,-1.247493863,-0.052271616,0.824366033,-18.4231205,-9.843067169,-3.868488312,-1.247493863,-0.052271616
3.180000151,0.296153516,0.478545725,0.500694871,0.234574795,0.47793442,-0.079601936,-0.094357103,1.093762159,0.361509055,1.128738999,0.258628368,0.712030768,0.486700088,-17.45261002,-8.706009865,-1.681277633,-1.262325406,-0.049724784,0.486700088,-17.45261002,-8.706009865,-1.681277633,-1.262325406,-0.049724784,0.486700088,-17.45261002,-8.706009865,-1.681277633,-1.262325406,-0.049724784
3.190000152,0.295216054,0.489409983,0.504261613,0.246173859,0.480343401,-0.072446518,-0.093692154,1.084939003,0.356274903,1.169383168,0.236912981,0.71639663,0.150357366,-15.71252251,-7.51954031,-0.740292788,-1.022601008,-0.047180872,0.150357366,-15.71252251,-7.51954031,-0.740292788,-1.022601008,-0.047180872,0.150357366,-15.71252251,-7.51954031,-0.740292788,-1.022601008,-0.047180872
3.200000152,0.294284314,0.500312388,0.507927537,0.257511139,0.482533991,-0.065237932,-0.093073636,1.092555046,0.37010026,1.1186198,0.214348912,0.722040653,-0.185955554,-13.69040871,-6.42618084,-3.179612637,-1.072873712,-0.043687966,-0.185955554,-13.69040871,-6.42618084,-3.179612637,-1.072873712,-0.043687966,-0.185955554,-13.69040871,-6.42618084,-3.179612637,-1.072873712,-0.043687966
3.210000152,0.293358296,0.511231959,0.5118891,0.268892288,0.484484255,-0.057984404,-0.092510261,1.090889335,0.40372318,1.149584532,0.190146744,0.726051807,-0.519455135,-13.50294876,-5.622599125,-0.263204634,-1.028547287,-0.047807645,-0.519455135,-13.50294876,-5.622599125,-0.263204634,-1.028547287,-0.047807645,-0.519455135,-13.50294876,-5.622599125,-0.263204634,-1.028547287,-0.047807645
3.220000153,0.292437047,0.52223736,0.515999436,0.279172897,0.486124575,-0.050682358,-0.091958426,1.104035616,0.410984993,0.983678937,0.156796366,0.731369495,-0.905055523,-15.85877419,-8.092552185,-6.538131714,-1.458940387,-0.045774531,-0.905055523,-15.85877419,-8.092552185,-6.538131714,-1.458940387,-0.045774531,-0.905055523,-15.85877419,-8.092552185,-6.538131714,-1.458940387,-0.045774531
3.230000153,0.291521519,0.533176005,0.51982367,0.289270401,0.487459719,-0.043361239,-0.091446474,1.089248061,0.372848272,1.033236504,0.128035367,0.731958389,-1.310033441,-20.12495232,-10.44766617,0.332078248,-1.278452158,-0.051318951,-1.310033441,-20.12495232,-10.44766617,0.332078248,-1.278452158,-0.051318951,-1.310033441,-20.12495232,-10.44766617,0.332078248,-1.278452158,-0.051318951
3.240000154,0.29061076,0.544000208,0.522970796,0.299648285,0.488545954,-0.03603714,-0.090962067,1.081408978,0.298195511,1.031525731,0.10387522,0.732609034,-1.717437148,-21.26396179,-12.0626936,-3.021553516,-1.312291503,-0.036251374,-1.717437148,-21.26396179,-12.0626936,-3.021553516,-1.312291503,-0.036251374,-1.717437148,-21.26396179,-12.0626936,-3.021553516,-1.312291503,-0.036251374
3.250000154,0.28970477,0.554755747,0.525322556,0.309285164,0.489340365,-0.028698243,-0.090507209,1.073871136,0.219706565,0.943017602,0.072815329,0.734252572,-2.131415367,-22.52561188,-12.63545132,-4.652909279,-1.572400093,-0.021565977,-2.131415367,-22.52561188,-12.63545132,-4.652909279,-1.572400093,-0.021565977,-2.131415367,-22.52561188,-12.63545132,-4.652909279,-1.572400093,-0.021565977
3.260000155,0.288803548,0.565251887,0.52695334,0.319281578,0.489843905,-0.02136115,-0.090111583,1.042120695,0.149403736,1.025385976,0.045048986,0.733396649,-2.550364494,-23.47406578,-12.37448311,0.278617889,-1.360159278,-0.011866498,-2.550364494,-23.47406578,-12.37448311,0.278617889,-1.360159278,-0.011866498,-2.550364494,-23.47406578,-12.37448311,0.278617889,-1.360159278,-0.011866498
3.270000155,0.287905186,0.575599253,0.527943254,0.329190254,0.490109026,-0.014011297,-0.089762926,1.034932494,0.086630486,0.970764816,0.022051625,0.735623837,-2.950538158,-20.70425987,-11.47439861,-4.412285805,-1.287357092,0.009143665,-2.950538158,-20.70425987,-11.47439861,-4.412285805,-1.287357092,0.009143665,-2.950538158,-20.70425987,-11.47439861,-4.412285805,-1.287357092,0.009143665
3.280000156,0.287008733,0.58587414,0.528519273,0.338726997,0.490079463,-0.006635747,-0.089473724,1.024950624,0.052004058,0.954807341,-0.00982929,0.737983108,-3.330303431,-19.64681435,-10.00874043,-1.990498781,-1.453010201,0.015833262,-3.330303431,-19.64681435,-10.00874043,-1.990498781,-1.453010201,0.015833262,-3.330303431,-19.64681435,-10.00874043,-1.990498781,-1.453010201,0.015833262
3.290000156,0.286117047,0.596000254,0.528999925,0.348705292,0.489802897,0.000758744,-0.089248717,1.009233713,0.048583034,1.011901021,-0.031256165,0.739793003,-3.67394805,-17.94760513,-8.410655975,-0.386097044,-1.026713014,0.021029055,-3.67394805,-17.94760513,-8.410655975,-0.386097044,-1.026713014,0.021029055,-3.67394805,-17.94760513,-8.410655975,-0.386097044,-1.026713014,0.021029055
3.300000157,0.285225362,0.606147349,0.529614091,0.358368874,0.48929745,0.008190757,-0.089071162,1.017325401,0.065631166,0.946469009,-0.055962175,0.744226515,-3.994847536,-14.93102455,-7.029257774,-3.758906603,-1.178257823,0.028034121,-3.994847536,-14.93102455,-7.029257774,-3.758906603,-1.178257823,0.028034121,-3.994847536,-14.93102455,-7.029257774,-3.758906603,-1.178257823,0.028034121
3.310000157,0.28433463,0.616334498,0.530560136,0.368042946,0.488524973,0.015657132,-0.088948995,1.018290162,0.102840908,0.981078327,-0.082477547,0.747092128,-4.277784824,-14.40020943,-5.986065865,-0.061294094,-1.087278247,0.021919649,-4.277784824,-14.40020943,-5.986065865,-0.061294094,-1.087278247,0.021919649,-4.277784824,-14.40020943,-5.986065865,-0.061294094,-1.087278247,0.021919649
3.320000158,0.283447713,0.626460612,0.531933427,0.376328468,0.487475932,0.023153847,-0.088843226,1.010799885,0.145701692,0.773177683,-0.110786557,0.750390768,-4.887794018,-18.72919273,-8.339035034,-7.82073307,-1.380542636,0.011508707,-4.887794018,-18.72919273,-8.339035034,-7.82073307,-1.380542636,0.011508707,-4.887794018,-18.72919273,-8.339035034,-7.82073307,-1.380542636,0.011508707
3.330000158,0.282560796,0.636380732,0.533197999,0.384331703,0.486088336,0.030638581,-0.088798076,0.986531615,0.117067389,0.827814937,-0.146189064,0.747597396,-5.507572174,-21.9074955,-11.17576122,0.710975349,-1.510875583,-0.001912717,-5.507572174,-21.9074955,-11.17576122,0.710975349,-1.510875583,-0.001912717,-5.507572174,-21.9074955,-11.17576122,0.710975349,-1.510875583,-0.001912717
3.340000159,0.281673878,0.646228373,0.533634782,0.392702103,0.484466136,0.038092405,-0.088798225,0.986011565,0.022206925,0.830899596,-0.165189236,0.744940877,-6.078856468,-22.37803268,-13.18881798,-3.03734827,-1.147887945,0.012499231,-6.078856468,-22.37803268,-13.18881798,-3.03734827,-1.147887945,0.012499231,-6.078856468,-22.37803268,-13.18881798,-3.03734827,-1.147887945,0.012499231
3.350000159,0.280786961,0.656009257,0.533161759,0.400174141,0.482558787,0.045525938,-0.088832267,0.974988699,-0.063273557,0.721381187,-0.198291451,0.742969155,-6.613900661,-24.86099434,-13.71182346,-5.30953598,-1.72211957,0.027377216,-6.613900661,-24.86099434,-13.71182346,-5.30953598,-1.72211957,0.027377216,-6.613900661,-24.86099434,-13.71182346,-5.30953598,-1.72211957,0.027377216
3.36000016,0.279898137,0.665435374,0.531941056,0.408054352,0.480341494,0.052916318,-0.088935226,0.932718694,-0.136221081,0.818768561,-0.227103755,0.737868369,-7.12183094,-25.95988846,-13.41882324,0.743513286,-1.393198848,0.039883751,-7.12183094,-25.95988846,-13.41882324,0.743513286,-1.393198848,0.039883751,-7.12183094,-25.95988846,-13.41882324,0.743513286,-1.393198848,0.039883751
3.37000016,0.279006451,0.674693644,0.529970765,0.415858269,0.477900088,0.060286671,-0.089092791,0.92649895,-0.212673873,0.757408261,-0.247943237,0.73715055,-7.563182831,-22.16023636,-12.50347233,-4.773244381,-1.259683967,0.067981467,-7.563182831,-22.16023636,-12.50347233,-4.773244381,-1.259683967,0.067981467,-7.563182831,-22.16023636,-12.50347233,-4.773244381,-1.259683967,0.067981467
3.380000161,0.278114766,0.683890879,0.527475953,0.423205376,0.475153506,0.067658216,-0.089311495,0.917269468,-0.256547898,0.734740853,-0.282472849,0.737100363,-7.943684101,-21.1263752,-10.80348015,-2.12373662,-1.559715748,0.077056773,-7.943684101,-21.1263752,-10.80348015,-2.12373662,-1.559715748,0.077056773,-7.943684101,-21.1263752,-10.80348015,-2.12373662,-1.559715748,0.077056773
3.390000161,0.277218312,0.692899287,0.524878144,0.431077003,0.472160876,0.075025827,-0.089596093,0.896135807,-0.258481175,0.804564714,-0.302339673,0.736663699,-8.275274277,-19.48636436,-8.904755592,-0.038443256,-0.977304578,0.083086014,-8.275274277,-19.48636436,-8.904755592,-0.038443256,-0.977304578,0.083086014,-8.275274277,-19.48636436,-8.904755592,-0.038443256,-0.977304578,0.083086014
3.400000161,0.276319951,0.701911509,0.522440553,0.438587189,0.468939364,0.082416803,-0.089923859,0.904489994,-0.239319593,0.727386475,-0.327816457,0.739955008,-8.525539398,-15.71179867,-7.322441101,-4.151276112,-1.225451112,0.090992086,-8.525539398,-15.71179867,-7.322441101,-4.151276112,-1.225451112,0.090992086,-8.525539398,-15.71179867,-7.322441101,-4.151276112,-1.225451112,0.090992086
3.410000162,0.275417775,0.710990489,0.520352006,0.446087837,0.465443194,0.089833528,-0.090301618,0.907746196,-0.20016247,0.76543957,-0.354959995,0.741951406,-8.729825974,-14.90509033,-6.111292362,0.170323849,-1.091223717,0.081304505,-8.729825974,-14.90509033,-6.111292362,0.170323849,-1.091223717,0.081304505,-8.729825974,-14.90509033,-6.111292362,0.170323849,-1.091223717,0.081304505
3.420000162,0.274511784,0.719865382,0.518938661,0.451955795,0.461716235,0.097262174,-0.090701401,0.880675972,-0.124466136,0.522029102,-0.376824498,0.743074179,-9.550131798,-20.97244263,-8.250793457,-8.833126068,-1.240202785,0.057387117,-9.550131798,-20.97244263,-8.250793457,-8.833126068,-1.240202785,0.057387117,-9.550131798,-20.97244263,-8.250793457,-8.833126068,-1.240202785,0.057387117
3.430000163,0.273601025,0.728408396,0.517603517,0.457464218,0.457640231,0.104651004,-0.091178164,0.847697794,-0.141805887,0.582033038,-0.416453868,0.737392187,-10.32993031,-22.98672295,-11.43088722,1.134673715,-1.659766078,0.036983814,-10.32993031,-22.98672295,-11.43088722,1.134673715,-1.659766078,0.036983814,-10.32993031,-22.98672295,-11.43088722,1.134673715,-1.659766078,0.036983814
3.440000163,0.272684544,0.736922801,0.515339494,0.463412285,0.453356326,0.111980706,-0.091714785,0.854665935,-0.251815766,0.588706315,-0.429446816,0.731961787,-11.01953602,-22.75081253,-13.75882149,-2.98964119,-0.94362855,0.048595507,-11.01953602,-22.75081253,-13.75882149,-2.98964119,-0.94362855,0.048595507,-11.01953602,-22.75081253,-13.75882149,-2.98964119,-0.94362855,0.048595507
3.450000164,0.271762341,0.74537617,0.512095094,0.468332291,0.448811114,0.119257718,-0.092285767,0.841131628,-0.340291828,0.461920261,-0.462594956,0.726599097,-11.62692261,-26.36648369,-14.23117638,-5.766354561,-1.784096003,0.061144512,-11.62692261,-26.36648369,-14.23117638,-5.766354561,-1.784096003,0.061144512,-11.62692261,-26.36648369,-14.23117638,-5.766354561,-1.784096003,0.061144512
3.460000164,0.270834416,0.753392756,0.508114457,0.473706245,0.443955958,0.126455337,-0.092928082,0.790028572,-0.41202125,0.572563052,-0.490627706,0.717804015,-12.17248631,-27.62673378,-13.93849182,1.21408093,-1.362990737,0.075232983,-12.17248631,-27.62673378,-13.93849182,1.21408093,-1.362990737,0.075232983,-12.17248631,-27.62673378,-13.93849182,1.21408093,-1.362990737,0.075232983
3.470000165,0.269899815,0.761231959,0.503307939,0.479010582,0.438904345,0.133602172,-0.093628794,0.785850585,-0.498995751,0.504693449,-0.508342266,0.714331686,-12.62665367,-22.9461956,-13.07703686,-5.038772583,-1.186819911,0.107545994,-12.62665367,-22.9461956,-13.07703686,-5.038772583,-1.186819911,0.107545994,-12.62665367,-22.9461956,-13.07703686,-5.038772583,-1.186819911,0.107545994
3.480000165,0.268957585,0.769034922,0.497888207,0.48378849,0.433551371,0.140726119,-0.09438882,0.777746856,-0.550117493,0.477306813,-0.543288052,0.711968899,-12.99404716,-22.07124519,-11.23725033,-2.157151461,-1.590449095,0.117684022,-12.99404716,-22.07124519,-11.23725033,-2.157151461,-1.590449095,0.117684022,-12.99404716,-22.07124519,-11.23725033,-2.157151461,-1.590449095,0.117684022
3.490000166,0.268006772,0.776609004,0.492370248,0.48916626,0.427969515,0.147826225,-0.095209517,0.751372516,-0.549732387,0.557968497,-0.560460031,0.709484518,-13.26821423,-20.62252426,-9.142777443,0.279605746,-0.899932623,0.123630203,-13.26821423,-20.62252426,-9.142777443,0.279605746,-0.899932623,0.123630203,-13.26821423,-20.62252426,-9.142777443,0.279605746,-0.899932623,0.123630203
3.500000166,0.267048329,0.784173548,0.487024903,0.494134903,0.422172129,0.154934913,-0.096066713,0.760238528,-0.530233204,0.469692588,-0.585374713,0.711496234,-13.44234657,-16.20233345,-7.465145111,-4.485636234,-1.230068088,0.130958021,-13.44234657,-16.20233345,-7.465145111,-4.485636234,-1.230068088,0.130958021,-13.44234657,-16.20233345,-7.465145111,-4.485636234,-1.230068088,0.130958021
3.510000167,0.26608035,0.791822016,0.482025743,0.499082565,0.416109622,0.162059337,-0.096964486,0.765051007,-0.491228193,0.512141943,-0.611319959,0.712593853,-13.541502,-15.25849342,-6.151268482,0.423379928,-1.052535415,0.117752992,-13.541502,-15.25849342,-6.151268482,0.423379928,-1.052535415,0.117752992,-13.541502,-15.25849342,-6.151268482,0.423379928,-1.052535415,0.117752992
3.520000167,0.265102834,0.799144328,0.477910638,0.502229691,0.409876406,0.169177562,-0.097889178,0.721175373,-0.387780905,0.242927849,-0.625709653,0.711482048,-14.53347492,-22.65474129,-7.979658604,-9.560451508,-1.062961936,0.081908569,-14.53347492,-22.65474129,-7.979658604,-9.560451508,-1.062961936,0.081908569,-14.53347492,-22.65474129,-7.979658604,-9.560451508,-1.062961936,0.081908569
3.530000168,0.264115781,0.806024134,0.474060655,0.50494957,0.40330559,0.176232368,-0.098904863,0.680603504,-0.39201051,0.305523425,-0.66679728,0.703587294,-15.44669342,-23.55139351,-11.33652687,1.440499902,-1.732580185,0.056223523,-15.44669342,-23.55139351,-11.33652687,1.440499902,-1.732580185,0.056223523,-15.44669342,-23.55139351,-11.33652687,1.440499902,-1.732580185,0.056223523
3.540000168,0.263118237,0.812919199,0.469225526,0.508167267,0.396562159,0.183206111,-0.099993974,0.694877386,-0.511449575,0.316086113,-0.673549414,0.69596076,-16.22989464,-22.5658989,-13.8817482,-2.867293358,-0.732802153,0.063281424,-16.22989464,-22.5658989,-13.8817482,-2.867293358,-0.732802153,0.063281424,-16.22989464,-22.5658989,-13.8817482,-2.867293358,-0.732802153,0.063281424
3.550000169,0.262108296,0.819772303,0.463384271,0.51026535,0.389596522,0.190100223,-0.101117395,0.680393934,-0.598719537,0.176827729,-0.704379559,0.68768847,-16.89141464,-27.1412735,-14.28972912,-6.066896439,-1.758630872,0.071969517,-16.89141464,-27.1412735,-14.28972912,-6.066896439,-1.758630872,0.071969517,-16.89141464,-27.1412735,-14.28972912,-6.066896439,-1.758630872,0.071969517
3.560000169,0.261086911,0.826123774,0.456871629,0.512853622,0.382340968,0.196885616,-0.102310754,0.621788502,-0.663885891,0.297353595,-0.729965925,0.676073849,-17.4510994,-28.63110542,-14.01327515,1.583395243,-1.295337558,0.08635062,-17.4510994,-28.63110542,-14.01327515,1.583395243,-1.295337558,0.08635062,-17.4510994,-28.63110542,-14.01327515,1.583395243,-1.295337558,0.08635062
3.57000017,0.260053128,0.832297862,0.44950068,0.515371323,0.37492615,0.203596145,-0.103562497,0.620554328,-0.757389426,0.223904878,-0.743949473,0.670152843,-17.88616753,-23.20057678,-13.28647041,-5.226091385,-1.088687658,0.119577371,-17.88616753,-23.20057678,-13.28647041,-5.226091385,-1.088687658,0.119577371,-17.88616753,-23.20057678,-13.28647041,-5.226091385,-1.088687658,0.119577371
3.58000017,0.259007901,0.838460505,0.441451669,0.517320633,0.367234766,0.210261852,-0.104866348,0.613986135,-0.813790202,0.194543496,-0.776700675,0.665625632,-18.20014381,-22.62025642,-11.41798687,-2.125133276,-1.546354055,0.129803076,-18.20014381,-22.62025642,-11.41798687,-2.125133276,-1.546354055,0.129803076,-18.20014381,-22.62025642,-11.41798687,-2.125133276,-1.546354055,0.129803076
3.590000171,0.257948369,0.844363749,0.43330729,0.519924164,0.359345019,0.216883212,-0.106221221,0.583227038,-0.811382711,0.282513738,-0.790498435,0.661361694,-18.40376854,-21.44931412,-9.24246788,0.476627916,-0.822648108,0.135325506,-18.40376854,-21.44931412,-9.24246788,0.476627916,-0.822648108,0.135325506,-18.40376854,-21.44931412,-9.24246788,0.476627916,-0.822648108,0.135325506
3.600000171,0.256875485,0.850249827,0.425332665,0.522073746,0.351263583,0.223498374,-0.107602812,0.592777312,-0.793771088,0.185085759,-0.813490331,0.661847591,-18.48074532,-16.56228447,-7.559665203,-4.750854015,-1.196475863,0.14121531,-18.48074532,-16.56228447,-7.559665203,-4.750854015,-1.196475863,0.14121531,-18.48074532,-16.56228447,-7.559665203,-4.750854015,-1.196475863,0.14121531
3.610000171,0.255788296,0.85622555,0.417679429,0.524208069,0.342943728,0.230117828,-0.109012142,0.597939014,-0.757012427,0.232853383,-0.836354733,0.661881983,-18.4562397,-15.62036037,-6.198657036,0.653422236,-0.980317771,0.125947818,-18.4562397,-15.62036037,-6.198657036,0.653422236,-0.980317771,0.125947818,-18.4562397,-15.62036037,-6.198657036,0.653422236,-0.980317771,0.125947818
3.620000172,0.254686803,0.861775935,0.411065698,0.524450302,0.33452183,0.236712962,-0.110453203,0.541095495,-0.632375479,-0.051932108,-0.842763424,0.658725142,-19.5826149,-23.81805801,-7.623487949,-10.02075386,-0.872048676,0.08155825,-19.5826149,-23.81805801,-7.623487949,-10.02075386,-0.872048676,0.08155825,-19.5826149,-23.81805801,-7.623487949,-10.02075386,-0.872048676,0.08155825
3.630000172,0.253569096,0.866799891,0.404889703,0.524213791,0.325794756,0.243228942,-0.111997023,0.494366229,-0.62245965,0.011001647,-0.882399917,0.649456024,-20.5977726,-23.68853951,-10.96660709,1.608996034,-1.730713487,0.052380387,-20.5977726,-23.68853951,-10.96660709,1.608996034,-1.730713487,0.052380387,-20.5977726,-23.68853951,-10.96660709,1.608996034,-1.730713487,0.052380387
3.640000173,0.252436131,0.87187916,0.397738099,0.524517059,0.316941798,0.249649554,-0.113625214,0.515103281,-0.744460702,0.025236141,-0.883036613,0.64032042,-21.4334507,-21.93830681,-13.6002512,-2.710983276,-0.534675121,0.0534782,-21.4334507,-21.93830681,-13.6002512,-2.710983276,-0.534675121,0.0534782,-21.4334507,-21.93830681,-13.6002512,-2.710983276,-0.534675121,0.0534782
3.650000173,0.251286954,0.876945078,0.389607072,0.523658752,0.307920039,0.255970389,-0.115285799,0.501452625,-0.826280415,-0.121077165,-0.909313381,0.629918277,-22.11007881,-27.21126938,-13.93911743,-6.21533823,-1.653447509,0.057313055,-22.11007881,-27.21126938,-13.93911743,-6.21533823,-1.653447509,0.057313055,-22.11007881,-27.21126938,-13.93911743,-6.21533823,-1.653447509,0.057313055
3.660000174,0.25012061,0.881467402,0.380904794,0.523303986,0.29864651,0.262164503,-0.1170118,0.437414676,-0.880552411,0.004806494,-0.930880904,0.616673708,-22.663517,-28.97870445,-13.70037365,1.792422295,-1.20005548,0.070339575,-22.663517,-28.97870445,-13.70037365,1.792422295,-1.20005548,0.070339575,-22.663517,-28.97870445,-13.70037365,1.792422295,-1.20005548,0.070339575
3.670000174,0.248936146,0.885823786,0.371356606,0.522874832,0.289253771,0.268265158,-0.118793443,0.43975541,-0.97622335,-0.072385132,-0.940882325,0.608768582,-23.06162453,-22.98943901,-13.16585636,-5.32028532,-0.978864193,0.100592196,-23.06162453,-22.98943901,-13.16585636,-5.32028532,-0.978864193,0.100592196,-23.06162453,-22.98943901,-13.16585636,-5.32028532,-0.978864193,0.100592196
3.680000175,0.24773404,0.890195429,0.361095071,0.52186203,0.279632151,0.274301916,-0.120617345,0.434886932,-1.035485268,-0.101174057,-0.96876049,0.602382839,-23.30650139,-22.80834389,-11.37143993,-2.056068897,-1.427797198,0.110088415,-23.30650139,-22.80834389,-11.37143993,-2.056068897,-1.427797198,0.110088415,-23.30650139,-22.80834389,-11.37143993,-2.056068897,-1.427797198,0.110088415
3.690000175,0.24651286,0.894282877,0.350746751,0.521537781,0.269852221,0.280279547,-0.122478105,0.40068841,-1.031586766,-0.009673988,-0.978879869,0.596726954,-23.41171265,-21.98262405,-9.227766037,0.538958609,-0.758349121,0.11498379,-23.41171265,-21.98262405,-9.227766037,0.538958609,-0.758349121,0.11498379,-23.41171265,-21.98262405,-9.227766037,0.538958609,-0.758349121,0.11498379
3.700000176,0.245273083,0.898349345,0.340537667,0.520713806,0.259913981,0.286235243,-0.124352731,0.411302358,-1.01839149,-0.114076056,-0.998602211,0.595505178,-23.37299538,-16.8029232,-7.628911972,-4.946122169,-1.122766256,0.118664272,-23.37299538,-16.8029232,-7.628911972,-4.946122169,-1.122766256,0.118664272,-23.37299538,-16.8029232,-7.628911972,-4.946122169,-1.122766256,0.118664272
3.710000176,0.24401471,0.902507365,0.330601335,0.519901276,0.249781191,0.292181402,-0.126239672,0.415717065,-0.986213326,-0.059823982,-1.016690969,0.594351292,-23.21160698,-15.99956512,-6.262261868,0.863079786,-0.879343629,0.103158966,-23.21160698,-15.99956512,-6.262261868,0.863079786,-0.879343629,0.103158966,-23.21160698,-15.99956512,-6.262261868,0.863079786,-0.879343629,0.103158966
3.720000177,0.242736787,0.906171381,0.321797967,0.517185211,0.239618361,0.298088461,-0.128162324,0.349886954,-0.847495496,-0.349335372,-1.015051126,0.58959502,-24.42170525,-24.45639801,-7.195167065,-10.20055103,-0.677455366,0.054238658,-24.42170525,-24.45639801,-7.195167065,-10.20055103,-0.677455366,0.054238658,-24.42170525,-24.45639801,-7.195167065,-10.20055103,-0.677455366,0.054238658
3.730000177,0.241438836,0.909242213,0.313590646,0.513952255,0.229205191,0.303909689,-0.130195126,0.298272997,-0.822710693,-0.288569748,-1.050446391,0.579891562,-25.4859333,-23.4187336,-10.32643414,1.634592652,-1.653275013,0.022897605,-25.4859333,-23.4187336,-10.32643414,1.634592652,-1.653275013,0.022897605,-25.4859333,-23.4187336,-10.32643414,1.634592652,-1.653275013,0.022897605
3.740000178,0.240119904,0.912400782,0.304473519,0.511289597,0.21871525,0.309628874,-0.132321134,0.324604809,-0.940726042,-0.270225912,-1.04543519,0.569999397,-26.34187698,-20.83675575,-12.91441727,-2.493439674,-0.356920272,0.01682296,-26.34187698,-20.83675575,-12.91441727,-2.493439674,-0.356920272,0.01682296,-26.34187698,-20.83675575,-12.91441727,-2.493439674,-0.356920272,0.01682296
3.750000178,0.238779515,0.915586054,0.294445634,0.507465363,0.208122313,0.315236479,-0.13447684,0.31400758,-1.013544083,-0.418432981,-1.065128803,0.558468342,-26.99737167,-26.48804474,-13.16459274,-6.211274147,-1.469599366,0.015169014,-26.99737167,-26.48804474,-13.16459274,-6.211274147,-1.469599366,0.015169014,-26.99737167,-26.48804474,-13.16459274,-6.211274147,-1.469599366,0.015169014
3.760000179,0.237417191,0.918212473,0.283983827,0.504146576,0.197333872,0.320713431,-0.136688888,0.24696283,-1.053187251,-0.291010499,-1.081447005,0.544965267,-27.5003624,-28.57994652,-12.95598316,1.883162141,-1.079390168,0.024795366,-27.5003624,-28.57994652,-12.95598316,1.883162141,-1.079390168,0.024795366,-27.5003624,-28.57994652,-12.95598316,1.883162141,-1.079390168,0.024795366
3.770000179,0.236031979,0.920688212,0.272741914,0.500743866,0.186469615,0.326086432,-0.138949707,0.253173143,-1.145532012,-0.370494187,-1.087252259,0.535698771,-27.82667351,-22.23282814,-12.64520073,-5.320220947,-0.852605104,0.047868676,-27.82667351,-22.23282814,-12.64520073,-5.320220947,-0.852605104,0.047868676,-27.82667351,-22.23282814,-12.64520073,-5.320220947,-0.852605104,0.047868676
3.78000018,0.234624356,0.923215449,0.260785699,0.496769905,0.175437987,0.331381232,-0.141239896,0.250886619,-1.205334187,-0.396325141,-1.108091116,0.52795577,-27.97663689,-22.45781517,-11.02729607,-1.926525712,-1.241433382,0.055515647,-27.97663689,-22.45781517,-11.02729607,-1.926525712,-1.241433382,0.055515647,-27.97663689,-22.45781517,-11.02729607,-1.926525712,-1.241433382,0.055515647
3.79000018,0.233193845,0.925447047,0.248743907,0.493494987,0.164298117,0.336607367,-0.143549398,0.214819297,-1.200618148,-0.304914176,-1.114257574,0.521411896,-27.96863747,-22.0906086,-9.020516396,0.498285681,-0.694771647,0.059043936,-27.96863747,-22.0906086,-9.020516396,0.498285681,-0.694771647,0.059043936,-27.96863747,-22.0906086,-9.020516396,0.498285681,-0.694771647,0.059043936
3.80000018,0.231739491,0.927657664,0.236808673,0.48968792,0.153040469,0.341795355,-0.145858392,0.226030499,-1.192315459,-0.413477063,-1.129517317,0.518382549,-27.80785751,-16.86712837,-7.573340416,-5.036128521,-1.006805301,0.059579417,-27.80785751,-16.86712837,-7.573340416,-5.036128521,-1.006805301,0.059579417,-27.80785751,-16.86712837,-7.573340416,-5.036128521,-1.006805301,0.059579417
3.810000181,0.23026225,0.929954112,0.225081816,0.48592186,0.141645491,0.346959502,-0.148162514,0.228954762,-1.166558385,-0.353426814,-1.141527891,0.516012549,-27.50443268,-16.26659584,-6.268589497,1.024600267,-0.749686241,0.045634665,-27.50443268,-16.26659584,-6.268589497,1.024600267,-0.749686241,0.045634665,-27.50443268,-16.26659584,-6.268589497,1.024600267,-0.749686241,0.045634665
3.820000181,0.228762597,0.931714594,0.214512721,0.480333328,0.130296767,0.352075011,-0.150505453,0.158577517,-1.022407174,-0.635160148,-1.132094622,0.510232389,-28.73986626,-24.45820999,-6.665305614,-10.01212406,-0.476094782,-0.004016327,-28.73986626,-24.45820999,-6.665305614,-10.01212406,-0.476094782,-0.004016327,-28.73986626,-24.45820999,-6.665305614,-10.01212406,-0.476094782,-0.004016327
3.830000182,0.227238148,0.932851374,0.204658881,0.47420311,0.118766844,0.357105643,-0.152961224,0.104505889,-0.984557331,-0.580215931,-1.160850167,0.500966311,-29.80977821,-22.63984871,-9.403723717,1.507744789,-1.498384595,-0.036619287,-29.80977821,-22.63984871,-9.403723717,1.507744789,-1.498384595,-0.036619287,-29.80977821,-22.63984871,-9.403723717,1.507744789,-1.498384595,-0.036619287
3.840000182,0.225688428,0.934096873,0.194013491,0.468654633,0.107215464,0.362035185,-0.155515522,0.134187073,-1.091479897,-0.557293952,-1.150636077,0.490913302,-30.6406517,-19.33353424,-11.794384,-2.181202412,-0.193105936,-0.050564922,-30.6406517,-19.33353424,-11.794384,-2.181202412,-0.193105936,-0.050564922,-30.6406517,-19.33353424,-11.794384,-2.181202412,-0.193105936,-0.050564922
3.850000183,0.224112481,0.935416758,0.182576552,0.461992264,0.095631421,0.36685124,-0.158096582,0.127932206,-1.152141094,-0.701840341,-1.162499666,0.479158223,-31.24106789,-24.94609642,-11.94577122,-6.014261723,-1.221713901,-0.05743124,-31.24106789,-24.94609642,-11.94577122,-6.014261723,-1.221713901,-0.05743124,-31.24106789,-24.94609642,-11.94577122,-6.014261723,-1.221713901,-0.05743124
3.860000183,0.222510785,0.936187327,0.170854464,0.455814362,0.083921254,0.371543318,-0.160721391,0.061203841,-1.176139951,-0.577935874,-1.172479987,0.466665566,-31.66271973,-27.33698463,-11.76822186,1.867771983,-0.919128358,-0.052666187,-31.66271973,-27.33698463,-11.76822186,1.867771983,-0.919128358,-0.052666187,-31.66271973,-27.33698463,-11.76822186,1.867771983,-0.919128358,-0.052666187
3.870000184,0.220881909,0.936828196,0.158457175,0.449549675,0.072182715,0.376130491,-0.163385987,0.070490867,-1.259636641,-0.655934334,-1.173877835,0.456622034,-31.89487648,-20.93394279,-11.6721468,-5.12613678,-0.704314291,-0.040242814,-31.89487648,-20.93394279,-11.6721468,-5.12613678,-0.704314291,-0.040242814,-31.89487648,-20.93394279,-11.6721468,-5.12613678,-0.704314291,-0.040242814
3.880000184,0.219226331,0.937554896,0.145380393,0.44274807,0.060350824,0.38062802,-0.16606535,0.07115677,-1.317113876,-0.678309798,-1.186312795,0.448047101,-31.93212509,-21.48394012,-10.30589294,-1.764545798,-0.998774171,-0.03516886,-31.93212509,-21.48394012,-10.30589294,-1.764545798,-0.998774171,-0.03516886,-31.93212509,-21.48394012,-10.30589294,-1.764545798,-0.998774171,-0.03516886
3.890000185,0.217544049,0.937993586,0.132218733,0.436628342,0.048464943,0.385053068,-0.168744177,0.035385653,-1.312744975,-0.590451539,-1.188302994,0.441145182,-31.7973423,-21.60097885,-8.520339966,0.42665109,-0.612336993,-0.033566013,-31.7973423,-21.60097885,-8.520339966,0.42665109,-0.612336993,-0.033566013,-31.7973423,-21.60097885,-8.520339966,0.42665109,-0.612336993,-0.033566013
3.900000185,0.215835541,0.938405573,0.119130984,0.429966927,0.036510039,0.389425665,-0.171407089,0.046172243,-1.308568954,-0.698457599,-1.19799161,0.436346978,-31.50277328,-16.63426781,-7.268371105,-4.939469337,-0.841787338,-0.036954951,-31.50277328,-16.63426781,-7.268371105,-4.939469337,-0.841787338,-0.036954951,-31.50277328,-16.63426781,-7.268371105,-4.939469337,-0.841787338,-0.036954951
3.910000186,0.214100331,0.938891947,0.106179371,0.423372269,0.024483442,0.393761069,-0.174047232,0.047822632,-1.290752411,-0.63565588,-1.20338428,0.432846993,-31.06357765,-16.18981361,-6.088383675,1.112686753,-0.595528185,-0.047974784,-31.06357765,-16.18981361,-6.088383675,1.112686753,-0.595528185,-0.047974784,-31.06357765,-16.18981361,-6.088383675,1.112686753,-0.595528185,-0.047974784
3.920000186,0.212338418,0.938840449,0.094339028,0.41511631,0.012574971,0.398043066,-0.176729098,-0.022550868,-1.149942517,-0.896798968,-1.186437607,0.426628888,-32.27045059,-23.66256142,-5.928677082,-9.375419617,-0.251307577,-0.095142178,-32.27045059,-23.66256142,-5.928677082,-9.375419617,-0.251307577,-0.095142178,-32.27045059,-23.66256142,-5.928677082,-9.375419617,-0.251307577,-0.095142178
3.930000187,0.210548848,0.938167155,0.083289042,0.406323433,0.000568094,0.402244002,-0.179519519,-0.076466627,-1.10136497,-0.849807322,-1.206900716,0.418422639,-33.28372574,-21.24355698,-8.110173225,1.317616105,-1.271072626,-0.128208831,-33.28372574,-21.24355698,-8.110173225,1.317616105,-1.271072626,-0.128208831,-33.28372574,-21.24355698,-8.110173225,1.317616105,-1.271072626,-0.128208831
3.940000187,0.208730191,0.937610209,0.07161893,0.398096085,-0.011402855,0.406350523,-0.182408929,-0.045827959,-1.190051794,-0.823523343,-1.191757679,0.408645213,-34.04421616,-17.36135101,-10.15970325,-1.785328865,-0.026569774,-0.149491668,-34.04421616,-17.36135101,-10.15970325,-1.785328865,-0.026569774,-0.149491668,-34.04421616,-17.36135101,-10.15970325,-1.785328865,-0.026569774,-0.149491668
3.950000188,0.206882924,0.937171519,0.059317365,0.388847351,-0.023334267,0.410346419,-0.185321644,-0.046801239,-1.235842109,-0.958434939,-1.195381761,0.397331864,-34.55099487,-22.5163269,-10.21646214,-5.5494771,-0.925621212,-0.160399705,-34.55099487,-22.5163269,-10.21646214,-5.5494771,-0.925621212,-0.160399705,-34.55099487,-22.5163269,-10.21646214,-5.5494771,-0.925621212,-0.160399705
3.960000188,0.205006093,0.936233103,0.04687418,0.380044937,-0.035315651,0.414234549,-0.188262925,-0.108706579,-1.245257378,-0.843029559,-1.198310137,0.386753291,-34.86746979,-25.10138702,-10.07073498,1.810308933,-0.706552923,-0.160524175,-34.86746979,-25.10138702,-10.07073498,1.810308933,-0.706552923,-0.160524175,-34.86746979,-25.10138702,-10.07073498,1.810308933,-0.706552923,-0.160524175
3.970000189,0.203099221,0.935187876,0.033907667,0.371165276,-0.047272582,0.418020636,-0.191233054,-0.098227799,-1.313432336,-0.915340185,-1.194765925,0.376471609,-34.98370743,-19.09461403,-10.14713764,-4.68471241,-0.519232392,-0.16018337,-34.98370743,-19.09461403,-10.14713764,-4.68471241,-0.519232392,-0.16018337,-34.98370743,-19.09461403,-10.14713764,-4.68471241,-0.519232392,-0.16018337
3.980000189,0.201162785,0.934249461,0.020343615,0.361794472,-0.059247512,0.421713263,-0.194202483,-0.094454139,-1.365151405,-0.93530184,-1.198704243,0.367519826,-34.8966217,-19.79219627,-9.112615585,-1.562190771,-0.725158036,-0.157607049,-34.8966217,-19.79219627,-9.112615585,-1.562190771,-0.725158036,-0.157607049,-34.8966217,-19.79219627,-9.112615585,-1.562190771,-0.725158036,-0.157607049
3.99000019,0.199197263,0.933061182,0.006683922,0.353058815,-0.071216956,0.425332457,-0.197151616,-0.126814038,-1.363341928,-0.853597224,-1.195940018,0.360665202,-34.63271332,-20.35332298,-7.645112991,0.416309148,-0.478531808,-0.157744184,-34.63271332,-20.35332298,-7.645112991,0.416309148,-0.478531808,-0.157744184,-34.63271332,-20.35332298,-7.645112991,0.416309148,-0.478531808,-0.157744184
4.00000019,0.197202176,0.931838572,-0.006931467,0.343811035,-0.083199158,0.428887755,-0.200070038,-0.118088171,-1.361801744,-0.955075383,-1.199314237,0.354303896,-34.21051788,-16.05178261,-6.617255688,-4.593945503,-0.635155618,-0.164748371,-34.21051788,-16.05178261,-6.617255688,-4.593945503,-0.635155618,-0.164748371,-34.21051788,-16.05178261,-6.617255688,-4.593945503,-0.635155618,-0.164748371
4.01000019,0.195178479,0.930675089,-0.02047996,0.33463192,-0.095187083,0.432394415,-0.202947065,-0.117588803,-1.352461696,-0.895404696,-1.198263168,0.349768966,-33.63550949,-15.68715477,-5.631008625,1.091307521,-0.420920968,-0.171736121,-33.63550949,-15.68715477,-5.631008625,1.091307521,-0.420920968,-0.171736121,-33.63550949,-15.68715477,-5.631008625,1.091307521,-0.420920968,-0.171736121
4.020000191,0.193125695,0.928994715,-0.033032443,0.324033737,-0.106985703,0.435842901,-0.205867663,-0.184314579,-1.22362721,-1.122110486,-1.173932791,0.343526185,-34.7567482,-22.06978416,-4.946940899,-8.200925827,0.00938069,-0.213137046,-34.7567482,-22.06978416,-4.946940899,-8.200925827,0.00938069,-0.213137046,-34.7567482,-22.06978416,-4.946940899,-8.200925827,0.00938069,-0.213137046
4.030000191,0.19104287,0.926738322,-0.044783141,0.3129282,-0.118798152,0.439223677,-0.208886608,-0.234078124,-1.169430494,-1.085882783,-1.185650349,0.336586595,-35.66860962,-19.14544106,-6.453828335,1.082866192,-0.994937062,-0.244816542,-35.66860962,-19.14544106,-6.453828335,1.082866192,-0.994937062,-0.244816542,-35.66860962,-19.14544106,-6.453828335,1.082866192,-0.994937062,-0.244816542
4.040000192,0.188929051,0.924594462,-0.056949999,0.302347183,-0.130513415,0.442516714,-0.21199967,-0.205157965,-1.234291792,-1.057036996,-1.165329218,0.327338368,-36.32154846,-15.03722572,-8.016122818,-1.257951975,0.166386917,-0.270990521,-36.32154846,-15.03722572,-8.016122818,-1.257951975,0.166386917,-0.270990521,-36.32154846,-15.03722572,-8.016122818,-1.257951975,0.166386917,-0.270990521
4.050000192,0.186784238,0.922593653,-0.069546372,0.290881157,-0.142121062,0.445705801,-0.215132728,-0.201432824,-1.262223244,-1.176814795,-1.16129899,0.316815168,-36.71323013,-19.36004829,-7.971677303,-4.803236961,-0.614047468,-0.283704787,-36.71323013,-19.36004829,-7.971677303,-4.803236961,-0.614047468,-0.283704787,-36.71323013,-19.36004829,-7.971677303,-4.803236961,-0.614047468,-0.283704787
4.060000193,0.184607476,0.920184672,-0.082153946,0.279793739,-0.153702483,0.448806196,-0.218278423,-0.253495634,-1.259467483,-1.075883269,-1.156885505,0.30842793,-36.90294647,-21.87862396,-7.867015839,1.737686753,-0.438550889,-0.287043422,-36.90294647,-21.87862396,-7.867015839,1.737686753,-0.438550889,-0.287043422,-36.90294647,-21.87862396,-7.867015839,1.737686753,-0.438550889,-0.287043422
4.070000193,0.18239972,0.917691767,-0.095104605,0.268667221,-0.165199026,0.451811224,-0.221440479,-0.243813321,-1.307337761,-1.135843635,-1.147675872,0.298445463,-36.89086533,-16.77754211,-8.058024406,-3.892682076,-0.291295022,-0.296889693,-36.89086533,-16.77754211,-8.058024406,-3.892682076,-0.291295022,-0.296889693,-36.89086533,-16.77754211,-8.058024406,-3.892682076,-0.291295022,-0.296889693
4.080000194,0.180160016,0.915317118,-0.108523518,0.257094383,-0.176644072,0.454723746,-0.224587128,-0.237117201,-1.349287987,-1.15673995,-1.144130111,0.289467365,-36.67972565,-17.43135643,-7.399688244,-1.361154199,-0.448783398,-0.296219558,-36.67972565,-17.43135643,-7.399688244,-1.361154199,-0.448783398,-0.296219558,-36.67972565,-17.43135643,-7.399688244,-1.361154199,-0.448783398,-0.296219558
4.090000194,0.177889317,0.912746012,-0.122045666,0.246084765,-0.18802236,0.457564741,-0.227695853,-0.263757616,-1.350713372,-1.082594395,-1.135806084,0.282897323,-36.28922653,-18.3778286,-6.332298756,0.556129873,-0.27673912,-0.29683134,-36.28922653,-18.3778286,-6.332298756,0.556129873,-0.27673912,-0.29683134,-36.28922653,-18.3778286,-6.332298756,0.556129873,-0.27673912,-0.29683134
4.100000195,0.175588101,0.910136759,-0.135550678,0.234639719,-0.199352011,0.460335165,-0.230760172,-0.257911742,-1.350985765,-1.171304584,-1.132779241,0.27544412,-35.74309921,-15.00836277,-5.566922188,-3.968337297,-0.404742271,-0.305776,-35.74309921,-15.00836277,-5.566922188,-3.968337297,-0.404742271,-0.305776,-35.74309921,-15.00836277,-5.566922188,-3.968337297,-0.404742271,-0.305776
4.110000195,0.173256844,0.907565653,-0.149054229,0.223228052,-0.210626826,0.4630436,-0.233766139,-0.257895321,-1.35002172,-1.122180343,-1.125776172,0.27001971,-35.04938889,-14.69679165,-4.830212116,0.956263423,-0.22464183,-0.308276415,-35.04938889,-14.69679165,-4.830212116,0.956263423,-0.22464183,-0.308276415,-35.04938889,-14.69679165,-4.830212116,0.956263423,-0.22464183,-0.308276415
4.120000196,0.170894593,0.904534876,-0.161733806,0.210715368,-0.221644148,0.465696722,-0.236815169,-0.317689806,-1.240671635,-1.300644279,-1.094316006,0.264039665,-36.0325737,-19.70765305,-3.687939882,-6.45588541,0.298687994,-0.340641558,-36.0325737,-19.70765305,-3.687939882,-6.45588541,0.298687994,-0.340641558,-36.0325737,-19.70765305,-3.687939882,-6.45588541,0.298687994,-0.340641558
4.130000196,0.168501824,0.901006281,-0.173658073,0.197753981,-0.232594714,0.468289763,-0.239946559,-0.359550178,-1.185405374,-1.278175592,-1.097774625,0.25812161,-36.79533768,-16.43906975,-4.453502655,0.814425647,-0.696906447,-0.368570387,-36.79533768,-16.43906975,-4.453502655,0.814425647,-0.696906447,-0.368570387,-36.79533768,-16.43906975,-4.453502655,0.814425647,-0.696906447,-0.368570387
4.140000197,0.16607663,0.897584498,-0.18577832,0.185237005,-0.243385538,0.470803648,-0.24316074,-0.334158421,-1.223215699,-1.248844743,-1.071976423,0.249567762,-37.30910873,-12.47480583,-5.433537483,-0.615783155,0.389274806,-0.394675314,-37.30910873,-12.47480583,-5.433537483,-0.615783155,0.389274806,-0.394675314,-37.30910873,-12.47480583,-5.433537483,-0.615783155,0.389274806,-0.394675314
4.150000197,0.163619488,0.894313395,-0.198096454,0.172025278,-0.254008025,0.473221213,-0.246389821,-0.327340305,-1.230934858,-1.346274614,-1.061343431,0.240019009,-37.56209946,-15.76981354,-5.286826611,-3.722336769,-0.311901271,-0.406148732,-37.56209946,-15.76981354,-5.286826611,-3.722336769,-0.311901271,-0.406148732,-37.56209946,-15.76981354,-5.286826611,-3.722336769,-0.311901271,-0.406148732
4.160000198,0.161129445,0.890746653,-0.210300624,0.159092501,-0.264532775,0.475567251,-0.249616623,-0.365961432,-1.217217088,-1.267281532,-1.049820304,0.233448878,-37.61148071,-17.96086121,-5.243139744,1.593400717,-0.136832446,-0.409773856,-37.61148071,-17.96086121,-5.243139744,1.593400717,-0.136832446,-0.409773856,-37.61148071,-17.96086121,-5.243139744,1.593400717,-0.136832446,-0.409773856
4.170000198,0.158607453,0.887122691,-0.22265929,0.146172598,-0.274909705,0.477830321,-0.252845883,-0.358066767,-1.243030429,-1.308932543,-1.034558654,0.224305689,-37.465271,-14.12978745,-5.527785778,-2.748858452,-0.034719117,-0.424299389,-37.465271,-14.12978745,-5.527785778,-2.748858452,-0.034719117,-0.424299389,-37.465271,-14.12978745,-5.527785778,-2.748858452,-0.034719117,-0.424299389
4.180000199,0.156053036,0.883618891,-0.235327423,0.132871225,-0.285175055,0.480003744,-0.256045997,-0.349218607,-1.272314906,-1.331543326,-1.024852872,0.215629235,-37.12541199,-14.66419125,-5.262626171,-1.097537041,-0.186481044,-0.424342215,-37.12541199,-14.66419125,-5.262626171,-1.097537041,-0.186481044,-0.424342215,-37.12541199,-14.66419125,-5.262626171,-1.097537041,-0.186481044,-0.424342215
4.190000199,0.153467149,0.879983485,-0.248095691,0.120019749,-0.295312613,0.482109457,-0.259193838,-0.36874789,-1.276556611,-1.269205213,-1.010539174,0.20945923,-36.61431503,-15.89475918,-4.653287411,0.746182382,-0.027206857,-0.423347771,-36.61431503,-15.89475918,-4.653287411,0.746182382,-0.027206857,-0.423347771,-36.61431503,-15.89475918,-4.653287411,0.746182382,-0.027206857,-0.423347771
4.200000199,0.150850266,0.876302302,-0.260877788,0.10685356,-0.305341452,0.484142691,-0.262284964,-0.366542011,-1.278866172,-1.337739944,-1.001528025,0.201691434,-35.9562149,-13.62954712,-4.194241047,-3.007230759,-0.169966102,-0.431262463,-35.9562149,-13.62954712,-4.194241047,-3.007230759,-0.169966102,-0.431262463,-35.9562149,-13.62954712,-4.194241047,-3.007230759,-0.169966102,-0.431262463
4.2100002,0.148203343,0.8726421,-0.273723781,0.093667582,-0.315261573,0.486110121,-0.265304118,-0.36634624,-1.286228061,-1.305165887,-0.989219964,0.195672661,-35.15751648,-13.30897045,-3.74068737,0.727136075,-0.016316205,-0.429450303,-35.15751648,-13.30897045,-3.74068737,0.727136075,-0.016316205,-0.429450303,-35.15751648,-13.30897045,-3.74068737,0.727136075,-0.016316205,-0.429450303
4.2200002,0.145525903,0.868608057,-0.28596133,0.079738691,-0.324862212,0.488023192,-0.268360913,-0.416026384,-1.202383637,-1.42660284,-0.951305449,0.190192655,-35.95240402,-16.77089691,-2.222548485,-4.297997475,0.589327753,-0.450373769,-35.95240402,-16.77089691,-2.222548485,-4.297997475,0.589327753,-0.450373769,-35.95240402,-16.77089691,-2.222548485,-4.297997475,0.589327753,-0.450373769
4.230000201,0.142817467,0.864183009,-0.297535121,0.065456703,-0.334325522,0.489882857,-0.27148062,-0.44730866,-1.149622917,-1.417480588,-0.947563171,0.184886977,-36.53407288,-13.37602901,-2.224916697,0.60615623,-0.405311704,-0.471819103,-36.53407288,-13.37602901,-2.224916697,0.60615623,-0.405311704,-0.471819103,-36.53407288,-13.37602901,-2.224916697,0.60615623,-0.405311704,-0.471819103
4.240000201,0.140077084,0.859857142,-0.309087932,0.051502541,-0.343571395,0.49167195,-0.274664968,-0.426130742,-1.159795284,-1.391629219,-0.916420162,0.177197993,-36.87944794,-9.865917206,-2.580205441,0.041643448,0.622917295,-0.492179692,-36.87944794,-9.865917206,-2.580205441,0.041643448,0.622917295,-0.492179692,-36.87944794,-9.865917206,-2.580205441,0.041643448,0.622917295,-0.492179692
4.250000202,0.13730523,0.855672419,-0.32059592,0.037081078,-0.352594107,0.493378073,-0.27785641,-0.417884529,-1.146318555,-1.460245609,-0.900300443,0.168865666,-36.98141861,-12.09773445,-2.327143908,-2.342801809,-0.036385242,-0.499345422,-36.98141861,-12.09773445,-2.327143908,-2.342801809,-0.036385242,-0.499345422,-36.98141861,-12.09773445,-2.327143908,-2.342801809,-0.036385242,-0.499345422
4.260000202,0.134501427,0.851317942,-0.331859767,0.022826865,-0.36145851,0.495023161,-0.281033605,-0.44140318,-1.121260762,-1.407788277,-0.882477701,0.163460076,-36.88888931,-13.74209976,-2.355396271,1.398042202,0.161077753,-0.500712156,-36.88888931,-13.74209976,-2.355396271,1.398042202,0.161077753,-0.500712156,-36.88888931,-13.74209976,-2.355396271,1.398042202,0.161077753,-0.500712156
4.270000203,0.131665677,0.846936762,-0.34309119,0.008629456,-0.370114058,0.496596724,-0.284198612,-0.435064077,-1.12543118,-1.429605484,-0.861375332,0.155658558,-36.61606598,-11.36120892,-2.743599653,-1.416551828,0.224697337,-0.513112962,-36.61606598,-11.36120892,-2.743599653,-1.416551828,0.224697337,-0.513112962,-36.61606598,-11.36120892,-2.743599653,-1.416551828,0.224697337,-0.513112962
4.280000203,0.128798455,0.842664301,-0.354461849,-0.005853006,-0.378607482,0.498090178,-0.287323296,-0.425501645,-1.140147448,-1.451174855,-0.846727729,0.14778401,-36.16130829,-11.83257961,-2.871946096,-0.6878286,0.049768388,-0.512228727,-36.16130829,-11.83257961,-2.871946096,-0.6878286,0.049768388,-0.512228727,-36.16130829,-11.83257961,-2.871946096,-0.6878286,0.049768388,-0.512228727
4.290000204,0.125900716,0.838325083,-0.365914524,-0.020031551,-0.386918753,0.499521643,-0.290386498,-0.43729049,-1.145976424,-1.405775785,-0.826750398,0.142157361,-35.54998016,-13.16987705,-2.755597353,0.883662283,0.229700476,-0.50821203,-35.54998016,-13.16987705,-2.755597353,0.883662283,0.229700476,-0.50821203,-35.54998016,-13.16987705,-2.755597353,0.883662283,0.229700476,-0.50821203
4.300000204,0.122972809,0.833938181,-0.377421558,-0.034389172,-0.3950679,0.500888228,-0.29338333,-0.438166916,-1.151952267,-1.44978416,-0.812459707,0.135049,-34.80473328,-12.03826141,-2.646105766,-1.805021524,0.053418502,-0.512141228,-34.80473328,-12.03826141,-2.646105766,-1.805021524,0.053418502,-0.512141228,-34.80473328,-12.03826141,-2.646105766,-1.805021524,0.053418502,-0.512141228
4.310000205,0.120015465,0.829558909,-0.389057338,-0.048808131,-0.403059691,0.50218904,-0.296299845,-0.438096374,-1.167047858,-1.434588432,-0.795568943,0.129042074,-33.93157578,-11.75946808,-2.480785847,0.513895154,0.185910046,-0.507131994,-33.93157578,-11.75946808,-2.480785847,0.513895154,0.185910046,-0.507131994,-33.93157578,-11.75946808,-2.480785847,0.513895154,0.185910046,-0.507131994
4.320000205,0.117029272,0.824906886,-0.400329769,-0.063601762,-0.410684317,0.503438354,-0.299243331,-0.474179298,-1.112845063,-1.496720552,-0.752607465,0.124303624,-34.50231934,-13.49400711,-0.689338684,-1.993675113,0.8428666,-0.516034067,-34.50231934,-13.49400711,-0.689338684,-1.993675113,0.8428666,-0.516034067,-34.50231934,-13.49400711,-0.689338684,-1.993675113,0.8428666,-0.516034067
4.330000206,0.114013277,0.820003092,-0.411066234,-0.078627378,-0.41811344,0.504639983,-0.302228332,-0.492904246,-1.065364122,-1.498731494,-0.742793024,0.119325005,-34.87839508,-10.24944496,0.045774672,0.489160091,-0.137852654,-0.528841794,-34.87839508,-10.24944496,0.045774672,0.489160091,-0.137852654,-0.528841794,-34.87839508,-10.24944496,0.045774672,0.489160091,-0.137852654,-0.528841794
4.340000206,0.110966764,0.815192759,-0.421577632,-0.093458921,-0.425274581,0.505782485,-0.305254489,-0.476382375,-1.049092174,-1.479262471,-0.707249045,0.112778716,-35.04244232,-7.48183012,0.312141627,0.661891401,0.831149697,-0.538899899,-35.04244232,-7.48183012,0.312141627,0.661891401,0.831149697,-0.538899899,-35.04244232,-7.48183012,0.312141627,0.661891401,0.831149697,-0.538899899
4.350000207,0.107889973,0.810500681,-0.431806743,-0.108516961,-0.432169646,0.506856322,-0.308276623,-0.468110234,-1.014779806,-1.515927792,-0.686686993,0.106026955,-34.99045944,-8.706197739,0.665531337,-0.821593642,0.202783301,-0.539833963,-34.99045944,-8.706197739,0.665531337,-0.821593642,0.202783301,-0.539833963,-34.99045944,-8.706197739,0.665531337,-0.821593642,0.202783301,-0.539833963
4.360000207,0.104783379,0.805753291,-0.441651523,-0.123512536,-0.43885681,0.507876754,-0.311275691,-0.477162629,-0.977024913,-1.490746021,-0.66375798,0.101304963,-34.76002121,-9.696870804,0.556229293,1.181131482,0.420117408,-0.537440121,-34.76002121,-9.696870804,0.556229293,1.181131482,0.420117408,-0.537440121,-34.76002121,-9.696870804,0.556229293,1.181131482,0.420117408,-0.537440121
4.370000208,0.101646982,0.801023066,-0.45129317,-0.138431221,-0.445289344,0.508841872,-0.314247817,-0.470806986,-0.962201893,-1.495195866,-0.637847841,0.095223755,-34.36922455,-8.678524017,0.028171236,-0.095895045,0.453853726,-0.542311072,-34.36922455,-8.678524017,0.028171236,-0.095895045,0.453853726,-0.542311072,-34.36922455,-8.678524017,0.028171236,-0.095895045,0.453853726,-0.542311072
4.380000208,0.098480783,0.796384394,-0.460910976,-0.153511196,-0.451513022,0.509742141,-0.317171037,-0.462156683,-0.962206781,-1.511161447,-0.619091749,0.088857464,-33.82116318,-9.286812782,-0.473700732,-0.12201076,0.257796258,-0.539129615,-33.82116318,-9.286812782,-0.473700732,-0.12201076,0.257796258,-0.539129615,-33.82116318,-9.286812782,-0.473700732,-0.12201076,0.257796258,-0.539129615
4.390000209,0.095286213,0.791728556,-0.470573604,-0.168442875,-0.457511634,0.510590911,-0.320028335,-0.467392921,-0.967543602,-1.486158729,-0.594623566,0.084128894,-33.13341522,-10.5823307,-0.851135433,0.911530852,0.449210703,-0.532395542,-33.13341522,-10.5823307,-0.851135433,0.911530852,0.449210703,-0.532395542,-33.13341522,-10.5823307,-0.851135433,0.911530852,0.449210703,-0.532395542
4.400000209,0.092063509,0.787032664,-0.480341136,-0.183435112,-0.463305205,0.511388183,-0.322812468,-0.469873011,-0.979513407,-1.505894423,-0.575950325,0.078618959,-32.32817459,-10.40336323,-1.130428195,-0.548231542,0.252886206,-0.531228721,-32.32817459,-10.40336323,-1.130428195,-0.548231542,0.252886206,-0.531228721,-32.32817459,-10.40336323,-1.130428195,-0.548231542,0.252886206,-0.531228721
4.410000209,0.088813625,0.782327235,-0.490313709,-0.198496968,-0.468903273,0.512132049,-0.325513005,-0.470722258,-1.002380967,-1.504088163,-0.555310905,0.073521048,-31.41266441,-10.29973984,-1.238486886,0.410601616,0.363250256,-0.524743319,-31.41266441,-10.29973984,-1.238486886,0.410601616,0.363250256,-0.524743319,-31.41266441,-10.29973984,-1.238486886,0.410601616,0.363250256,-0.524743319
4.42000021,0.0855368,0.777473032,-0.500181437,-0.213572174,-0.474100798,0.51283586,-0.328225434,-0.489801049,-0.980053186,-1.509384871,-0.509371161,0.069789603,-31.73792076,-10.15490341,0.730992019,0.210341752,1.027906418,-0.523975015,-31.73792076,-10.15490341,0.730992019,0.210341752,1.027906418,-0.523975015,-31.73792076,-10.15490341,0.730992019,0.210341752,1.027906418,-0.523975015
4.43000021,0.082232557,0.772517741,-0.50965333,-0.228755623,-0.479057997,0.513493896,-0.33095637,-0.495814592,-0.938837528,-1.520746589,-0.494601071,0.065144487,-31.89201736,-7.443247318,2.143672943,0.405284554,0.094434492,-0.527953804,-31.89201736,-7.443247318,2.143672943,0.405284554,0.094434492,-0.527953804,-31.89201736,-7.443247318,2.143672943,0.405284554,0.094434492,-0.527953804
4.440000211,0.078901134,0.767644465,-0.518722773,-0.243874222,-0.483714789,0.514104247,-0.333701462,-0.48430872,-0.89922601,-1.508107424,-0.456364781,0.060070772,-31.8667984,-5.532669067,2.971640587,1.228204012,0.983076572,-0.526218951,-31.8667984,-5.532669067,2.971640587,1.228204012,0.983076572,-0.526218951,-31.8667984,-5.532669067,2.971640587,1.228204012,0.983076572,-0.526218951
4.450000211,0.075542293,0.762874186,-0.527303934,-0.258983731,-0.488074988,0.514666915,-0.336429387,-0.475768954,-0.847110868,-1.513145089,-0.432361513,0.055168964,-31.6671772,-5.7841115,3.413198948,0.656529725,0.403665155,-0.520886481,-31.6671772,-5.7841115,3.413198948,0.656529725,0.403665155,-0.520886481,-31.6671772,-5.7841115,3.413198948,0.656529725,0.403665155,-0.520886481
4.460000212,0.072156511,0.758140147,-0.53535676,-0.274123311,-0.492190093,0.515183806,-0.339127511,-0.472954988,-0.795239508,-1.513371348,-0.405802578,0.050987795,-31.31677818,-6.253927708,3.241440058,0.941427827,0.618916571,-0.514658689,-31.31677818,-6.253927708,3.241440058,0.941427827,0.618916571,-0.514658689,-31.31677818,-6.253927708,3.241440058,0.941427827,0.618916571,-0.514658689
4.470000212,0.068743788,0.753467143,-0.543051004,-0.289185643,-0.49601528,0.515660644,-0.341785789,-0.465653479,-0.764057159,-1.504128456,-0.376661837,0.046857204,-30.82857513,-6.332362175,2.543783188,1.075967312,0.631809056,-0.510071576,-30.82857513,-6.332362175,2.543783188,1.075967312,0.631809056,-0.510071576,-30.82857513,-6.332362175,2.543783188,1.075967312,0.631809056,-0.510071576
4.480000213,0.065305077,0.748868525,-0.550585032,-0.304277539,-0.49960205,0.516095519,-0.344389409,-0.458402783,-0.751258254,-1.511379719,-0.354693264,0.042581379,-30.2105999,-7.164726734,1.69443512,0.505306304,0.431809843,-0.504310131,-30.2105999,-7.164726734,1.69443512,0.505306304,0.431809843,-0.504310131,-30.2105999,-7.164726734,1.69443512,0.505306304,0.431809843,-0.504310131
4.490000213,0.061840739,0.744283259,-0.558117151,-0.319363713,-0.502931714,0.516492248,-0.346927077,-0.458774984,-0.754641175,-1.50697124,-0.32721886,0.039194882,-29.48042488,-8.3639431,0.86870414,0.848044753,0.614456952,-0.496426493,-29.48042488,-8.3639431,0.86870414,0.848044753,0.614456952,-0.496426493,-29.48042488,-8.3639431,0.86870414,0.848044753,0.614456952,-0.496426493
4.500000214,0.058351722,0.739677012,-0.565811396,-0.334421277,-0.506025434,0.516858459,-0.349388689,-0.461168259,-0.773927033,-1.505932808,-0.305370957,0.035950523,-28.64925575,-8.86762619,0.202884004,0.590629995,0.415333301,-0.491209686,-28.64925575,-8.86762619,0.202884004,0.590629995,0.415333301,-0.491209686,-28.64925575,-8.86762619,0.202884004,0.590629995,0.415333301,-0.491209686
4.510000214,0.054838624,0.735044062,-0.573787928,-0.349531293,-0.508895993,0.517192245,-0.351767927,-0.46362108,-0.804208577,-1.512550592,-0.281975031,0.032630727,-27.73084831,-9.06429863,-0.14178209,0.415886909,0.506610632,-0.485564411,-27.73084831,-9.06429863,-0.14178209,0.415886909,0.506610632,-0.485564411,-27.73084831,-9.06429863,-0.14178209,0.415886909,0.506610632,-0.485564411
4.520000215,0.051301923,0.730407298,-0.58191514,-0.364297032,-0.511356473,0.517499328,-0.35414061,-0.463338763,-0.813292205,-1.464122653,-0.235539466,0.030186124,-27.80051613,-7.013277054,1.910394549,2.210991383,1.130063891,-0.47954917,-27.80051613,-7.013277054,1.910394549,2.210991383,1.130063891,-0.47954917,-27.80051613,-7.013277054,1.910394549,2.210991383,1.130063891,-0.47954917
4.530000215,0.047741737,0.725814402,-0.589781046,-0.379069448,-0.513548017,0.517766356,-0.356508881,-0.458084792,-0.777513981,-1.485805631,-0.216997981,0.02607011,-27.73380661,-5.216696739,3.901272535,0.220980495,0.289122701,-0.476537704,-27.73380661,-5.216696739,3.901272535,0.220980495,0.289122701,-0.476537704,-27.73380661,-5.216696739,3.901272535,0.220980495,0.289122701,-0.476537704
4.540000216,0.04415771,0.721280634,-0.597095728,-0.3938905,-0.515421033,0.517999053,-0.358864188,-0.452077299,-0.7187199,-1.477998495,-0.178135142,0.022741294,-27.52972221,-4.136626244,5.182225227,1.756542563,1.06803906,-0.464603007,-27.52972221,-4.136626244,5.182225227,1.756542563,1.06803906,-0.464603007,-27.52972221,-4.136626244,5.182225227,1.756542563,1.06803906,-0.464603007
4.550000216,0.040550437,0.716838419,-0.603763819,-0.408473134,-0.516983151,0.518203139,-0.361188561,-0.442028403,-0.653589487,-1.453155518,-0.15191187,0.019726029,-27.19295692,-3.427547216,5.681795597,1.963511109,0.563968837,-0.455009043,-27.19295692,-3.427547216,5.681795597,1.963511109,0.563968837,-0.455009043,-27.19295692,-3.427547216,5.681795597,1.963511109,0.563968837,-0.455009043
4.560000217,0.036920276,0.71251446,-0.609775782,-0.423175931,-0.518276334,0.518370986,-0.363477916,-0.429849893,-0.588226259,-1.477760553,-0.123337574,0.016051235,-26.74146271,-3.580372334,5.471411705,0.60343188,0.756092966,-0.445824713,-26.74146271,-3.580372334,5.471411705,0.60343188,0.756092966,-0.445824713,-26.74146271,-3.580372334,5.471411705,0.60343188,0.756092966,-0.445824713
4.570000217,0.033267584,0.708282053,-0.615289927,-0.437815785,-0.519266248,0.518514037,-0.365716457,-0.421802342,-0.543525517,-1.456861854,-0.09278103,0.013972096,-26.18065643,-4.537436485,4.602571487,2.076242208,0.753368556,-0.432404131,-26.18065643,-4.537436485,4.602571487,2.076242208,0.753368556,-0.432404131,-26.18065643,-4.537436485,4.602571487,2.076242208,0.753368556,-0.432404131
4.580000218,0.029592957,0.704112589,-0.620537043,-0.452345014,-0.519996762,0.518638015,-0.367898017,-0.415901572,-0.521015763,-1.453831434,-0.068632506,0.012057141,-25.52531624,-5.539168835,3.442538023,1.085038185,0.571055412,-0.425296128,-25.52531624,-5.539168835,3.442538023,1.085038185,0.571055412,-0.425296128,-25.52531624,-5.539168835,3.442538023,1.085038185,0.571055412,-0.425296128
4.590000218,0.025896993,0.699979365,-0.625747919,-0.467007756,-0.520456433,0.518744826,-0.37001726,-0.412958443,-0.522210062,-1.470119119,-0.039858337,0.010287028,-24.78395462,-6.640935421,2.23738575,0.65536958,0.721343696,-0.418259412,-24.78395462,-6.640935421,2.23738575,0.65536958,0.721343696,-0.418259412,-24.78395462,-6.640935421,2.23738575,0.65536958,0.721343696,-0.418259412
4.600000218,0.022180464,0.695836604,-0.631176233,-0.481571317,-0.520662427,0.518840194,-0.372060955,-0.414694995,-0.549055159,-1.450443149,-0.016133348,0.009671714,-23.9644146,-7.628136158,1.233034372,1.592149377,0.539924622,-0.411273628,-23.9644146,-7.628136158,1.233034372,1.592149377,0.539924622,-0.411273628,-23.9644146,-7.628136158,1.233034372,1.592149377,0.539924622,-0.411273628
4.610000219,0.018444147,0.69165951,-0.636965036,-0.496150136,-0.520626187,0.518929839,-0.374027669,-0.418832839,-0.586378396,-1.462406635,0.008771362,0.008616454,-23.08193398,-8.099684715,0.702628791,0.433200002,0.610720754,-0.409083933,-23.08193398,-8.099684715,0.702628791,0.433200002,0.610720754,-0.409083933,-23.08193398,-8.099684715,0.702628791,0.433200002,0.610720754,-0.409083933
4.620000219,0.014688421,0.687621653,-0.643135309,-0.510055363,-0.520193219,0.51900804,-0.375967592,-0.398408353,-0.624293387,-1.365035534,0.053069174,0.007616549,-22.89721489,-4.303460598,2.756670713,3.932858229,1.151527047,-0.402511388,-22.89721489,-4.303460598,2.756670713,3.932858229,1.151527047,-0.402511388,-22.89721489,-4.303460598,2.756670713,3.932858229,1.151527047,-0.402511388
4.63000022,0.01091342,0.683757365,-0.649162531,-0.523883641,-0.519477963,0.519057631,-0.377881676,-0.38418898,-0.593198061,-1.396687508,0.074084222,0.004255176,-22.61747932,-3.659650803,5.19810009,-0.054989159,0.449401557,-0.395787418,-22.61747932,-3.659650803,5.19810009,-0.054989159,0.449401557,-0.395787418,-22.61747932,-3.659650803,5.19810009,-0.054989159,0.449401557,-0.395787418
4.64000022,0.007119585,0.679927409,-0.654524088,-0.53785497,-0.518447995,0.519086242,-0.379756898,-0.383403838,-0.520414352,-1.392459154,0.11133638,0.002655289,-22.24276543,-3.263173819,6.80637455,2.1774683,1.08778441,-0.377435476,-22.24276543,-3.263173819,6.80637455,2.1774683,1.08778441,-0.377435476,-22.24276543,-3.263173819,6.80637455,2.1774683,1.08778441,-0.377435476
4.650000221,0.003307346,0.676187098,-0.659139872,-0.551376164,-0.517110944,0.519101501,-0.381587714,-0.370746017,-0.447462857,-1.340297103,0.138444737,0.001322568,-21.78613091,-1.694934964,7.332100868,3.045063019,0.688998044,-0.366275907,-21.78613091,-1.694934964,7.332100868,3.045063019,0.688998044,-0.366275907,-21.78613091,-1.694934964,7.332100868,3.045063019,0.688998044,-0.366275907
4.660000221,-0.00052288,0.672626078,-0.663000345,-0.565101445,-0.515499234,0.519090056,-0.383379579,-0.352444947,-0.370451301,-1.387387633,0.16731292,-0.001843093,-21.25460243,-1.762190938,7.110376358,0.165569931,0.837423265,-0.355851293,-21.25460243,-1.762190938,7.110376358,0.165569931,0.837423265,-0.355851293,-21.25460243,-1.762190938,7.110376358,0.165569931,0.837423265,-0.355851293
4.670000222,-0.00437056,0.669175684,-0.666256189,-0.578784764,-0.513586164,0.519069076,-0.385112554,-0.343824774,-0.315770894,-1.357059956,0.19743444,-0.002081722,-20.6463089,-3.290225744,6.092740536,2.860964775,0.825327158,-0.336243808,-20.6463089,-3.290225744,6.092740536,2.860964775,0.825327158,-0.336243808,-20.6463089,-3.290225744,6.092740536,2.860964775,0.825327158,-0.336243808
4.680000222,-0.008235109,0.665780604,-0.669174433,-0.59222585,-0.511411786,0.519050002,-0.386788934,-0.338886201,-0.286760807,-1.343543291,0.22255072,-0.001796033,-19.9804039,-4.403301716,4.693787098,1.559564352,0.677758634,-0.329474211,-19.9804039,-4.403301716,4.693787098,1.559564352,0.677758634,-0.329474211,-19.9804039,-4.403301716,4.693787098,1.559564352,0.677758634,-0.329474211
4.690000223,-0.012115967,0.662433207,-0.672022104,-0.605924428,-0.508960843,0.519030929,-0.388409108,-0.334152609,-0.285613328,-1.378963113,0.250932723,-0.001973404,-19.258564,-5.42478323,3.21393609,0.372014642,0.778243244,-0.32513079,-19.258564,-5.42478323,3.21393609,0.372014642,0.778243244,-0.32513079,-19.258564,-5.42478323,3.21393609,0.372014642,0.778243244,-0.32513079
4.700000223,-0.016012473,0.659091532,-0.675134897,-0.619472325,-0.506256223,0.519023299,-0.389957339,-0.334313989,-0.319331169,-1.343636274,0.275049835,-0.000134051,-18.48383141,-6.664185524,1.942139268,2.40376544,0.627471268,-0.318703622,-18.48383141,-6.664185524,1.942139268,2.40376544,0.627471268,-0.318703622,-18.48383141,-6.664185524,1.942139268,2.40376544,0.627471268,-0.318703622
4.710000224,-0.019923909,0.655704081,-0.678673029,-0.632991612,-0.503305554,0.519032836,-0.391437262,-0.340140134,-0.362166077,-1.358438849,0.300206631,0.001083859,-17.67277145,-7.442700863,1.284117103,0.44614166,0.681857288,-0.32175222,-17.67277145,-7.442700863,1.284117103,0.44614166,0.681857288,-0.32175222,-17.67277145,-7.442700863,1.284117103,0.44614166,0.681857288,-0.32175222
4.720000224,-0.023849769,0.65259701,-0.68278718,-0.645536244,-0.499996305,0.51904428,-0.392870277,-0.300317287,-0.424891353,-1.217682362,0.339700222,0.001413646,-17.23880768,-2.131188154,3.247486353,5.350510597,1.09931016,-0.318721414,-17.23880768,-2.131188154,3.247486353,5.350510597,1.09931016,-0.318721414,-17.23880768,-2.131188154,3.247486353,5.350510597,1.09931016,-0.318721414
4.730000225,-0.027789576,0.649772227,-0.686866999,-0.657937825,-0.496410489,0.519038558,-0.394257456,-0.280082434,-0.39779827,-1.260056615,0.361972898,-0.001155502,-16.75582695,-2.786476135,5.985778332,-0.44703874,0.584838986,-0.311760783,-16.75582695,-2.786476135,5.985778332,-0.44703874,0.584838986,-0.311760783,-16.75582695,-2.786476135,5.985778332,-0.44703874,0.584838986,-0.311760783
4.740000225,-0.031742796,0.646943629,-0.690208673,-0.670574009,-0.492531896,0.519025207,-0.395582706,-0.284470916,-0.316234916,-1.258355975,0.395387918,-0.001298079,-16.22583008,-2.894402504,7.791554928,2.482795477,1.048309565,-0.291154146,-16.22583008,-2.894402504,7.791554928,2.482795477,1.048309565,-0.291154146,-16.22583008,-2.894402504,7.791554928,2.482795477,1.048309565,-0.291154146
4.750000226,-0.03570877,0.644218028,-0.692764521,-0.682561696,-0.488359571,0.519013762,-0.396851659,-0.268095762,-0.24121955,-1.180878758,0.421969235,-0.001408063,-15.66489983,-0.520922184,8.314484596,3.9126966,0.784683943,-0.281200051,-15.66489983,-0.520922184,8.314484596,3.9126966,0.784683943,-0.281200051,-15.66489983,-0.520922184,8.314484596,3.9126966,0.784683943,-0.281200051
4.760000226,-0.039687142,0.641707957,-0.694500208,-0.694841206,-0.48392117,0.51897943,-0.398078799,-0.24670665,-0.155653074,-1.249579549,0.449446648,-0.004231757,-15.07248497,-0.738789499,8.117066383,-0.391726851,0.872334123,-0.271459371,-15.07248497,-0.738789499,8.117066383,-0.391726851,0.872334123,-0.271459371,-15.07248497,-0.738789499,8.117066383,-0.391726851,0.872334123,-0.271459371
4.770000227,-0.043677196,0.639318049,-0.695556879,-0.707095921,-0.479204297,0.518943191,-0.399241418,-0.237691864,-0.095019095,-1.210219502,0.477234662,-0.003112825,-14.43913364,-2.535704374,6.993977547,3.488223076,0.853003502,-0.248705924,-14.43913364,-2.535704374,6.993977547,3.488223076,0.853003502,-0.248705924,-14.43913364,-2.535704374,6.993977547,3.488223076,0.853003502,-0.248705924
4.780000227,-0.047678456,0.636981547,-0.696237803,-0.71898824,-0.474230886,0.518927932,-0.400349945,-0.233030111,-0.062665537,-1.187074423,0.502139091,-0.001191342,-13.78730488,-3.696001768,5.441197395,1.890744805,0.759342313,-0.243627533,-13.78730488,-3.696001768,5.441197395,1.890744805,0.759342313,-0.243627533,-13.78730488,-3.696001768,5.441197395,1.890744805,0.759342313,-0.243627533
4.790000228,-0.051690444,0.634692729,-0.696827173,-0.731252491,-0.469000936,0.518924117,-0.401410282,-0.22772707,-0.05931624,-1.240166903,0.528316736,-0.000148354,-13.11151505,-4.688024521,3.795473576,0.016826013,0.787388504,-0.242894948,-13.11151505,-4.688024521,3.795473576,0.016826013,0.787388504,-0.242894948,-13.11151505,-4.688024521,3.795473576,0.016826013,0.787388504,-0.242894948
4.800000228,-0.055712566,0.632434428,-0.697715998,-0.743316472,-0.46353066,0.518952727,-0.402404815,-0.225686342,-0.098621897,-1.190599799,0.551485121,0.003570407,-12.40990353,-5.98259449,2.34823966,3.070584059,0.687734067,-0.238609672,-12.40990353,-5.98259449,2.34823966,3.070584059,0.687734067,-0.238609672,-12.40990353,-5.98259449,2.34823966,3.070584059,0.687734067,-0.238609672
4.810000228,-0.059744224,0.630120814,-0.699068308,-0.755315602,-0.457824826,0.519011855,-0.403342128,-0.233325839,-0.14427501,-1.208112359,0.575535536,0.006604211,-11.70013905,-7.103521347,1.627009153,0.390548319,0.720570028,-0.247500256,-11.70013905,-7.103521347,1.627009153,0.390548319,0.720570028,-0.247500256,-11.70013905,-7.103521347,1.627009153,0.390548319,0.720570028,-0.247500256
4.820000229,-0.063784704,0.628200114,-0.701147318,-0.7660864,-0.451814771,0.519088149,-0.404213458,-0.177570209,-0.22631596,-1.030692458,0.607792318,0.00791544,-11.02745056,-0.641456664,3.399983644,6.472547531,0.985996246,-0.250604272,-11.02745056,-0.641456664,3.399983644,6.472547531,0.985996246,-0.250604272,-11.02745056,-0.641456664,3.399983644,6.472547531,0.985996246,-0.250604272
4.830000229,-0.067833528,0.626637995,-0.703287363,-0.776666462,-0.445552945,0.519152999,-0.405021518,-0.153963879,-0.203763872,-1.08263135,0.630121052,0.005949854,-10.35461807,-2.483473778,6.263536453,-0.877073586,0.698195994,-0.246557489,-10.35461807,-2.483473778,6.263536453,-0.877073586,0.698195994,-0.246557489,-10.35461807,-2.483473778,6.263536453,-0.877073586,0.698195994,-0.246557489
4.84000023,-0.071889505,0.625041544,-0.704668283,-0.787555516,-0.439036489,0.519215941,-0.405747741,-0.162344739,-0.119615637,-1.082577109,0.657581151,0.006706317,-9.682333946,-2.903468847,8.142193794,2.669040203,0.955724597,-0.22736451,-9.682333946,-2.903468847,8.142193794,2.669040203,0.955724597,-0.22736451,-9.682333946,-2.903468847,8.142193794,2.669040203,0.955724597,-0.22736451
4.85000023,-0.075952157,0.623559535,-0.705278635,-0.797624409,-0.432260633,0.519288421,-0.406407475,-0.142679527,-0.047530137,-0.983715594,0.682274342,0.007230415,-9.032605171,0.046916667,8.645765305,4.542469025,0.854445219,-0.220353991,-9.032605171,0.046916667,8.645765305,4.542469025,0.854445219,-0.220353991,-9.032605171,0.046916667,8.645765305,4.542469025,0.854445219,-0.220353991
4.860000231,-0.08002077,0.622312129,-0.705049753,-0.808063328,-0.42524159,0.519339919,-0.407023728,-0.120745718,0.042041022,-1.07169795,0.706810534,0.004476866,-8.396012306,-0.379509598,8.49939537,-0.984946012,0.867300332,-0.212631628,-8.396012306,-0.379509598,8.49939537,-0.984946012,0.867300332,-0.212631628,-8.396012306,-0.379509598,8.49939537,-0.984946012,0.867300332,-0.212631628
4.870000231,-0.084095344,0.621184886,-0.704115152,-0.818498433,-0.417984128,0.51939714,-0.407572001,-0.111362793,0.104388587,-1.024737954,0.730483651,0.006257132,-7.758442402,-2.205815077,7.338934898,3.939909697,0.840937972,-0.189425513,-7.758442402,-2.205815077,7.338934898,3.939909697,0.840937972,-0.189425513,-7.758442402,-2.205815077,7.338934898,3.939909697,0.840937972,-0.189425513
4.880000232,-0.088174924,0.620109141,-0.70279336,-0.828462422,-0.410491109,0.519481063,-0.408070266,-0.106678836,0.137748346,-0.9931252,0.754037797,0.009035802,-7.139492989,-3.377846956,5.744991779,2.106203556,0.818676412,-0.186821833,-7.139492989,-3.377846956,5.744991779,2.106203556,0.818676412,-0.186821833,-7.139492989,-3.377846956,5.744991779,2.106203556,0.818676412,-0.186821833
4.890000232,-0.092259273,0.61908108,-0.701357126,-0.838905156,-0.402772069,0.51958406,-0.408529341,-0.101568207,0.143629268,-1.062165618,0.776399851,0.010678548,-6.530509472,-4.337473869,4.053734779,-0.373485744,0.756441593,-0.189645573,-6.530509472,-4.337473869,4.053734779,-0.373485744,0.756441593,-0.189645573,-6.530509472,-4.337473869,4.053734779,-0.373485744,0.756441593,-0.189645573
4.900000233,-0.096347675,0.618098795,-0.70023942,-0.849101841,-0.394841313,0.519727111,-0.408930361,-0.097211324,0.101306945,-0.99966836,0.797238708,0.015434342,-5.924267769,-5.578186989,2.52282548,3.615716934,0.720528185,-0.188025236,-5.924267769,-5.578186989,2.52282548,3.615716934,0.720528185,-0.188025236,-5.924267769,-5.578186989,2.52282548,3.615716934,0.720528185,-0.188025236
4.910000233,-0.100439891,0.617061198,-0.699592829,-0.859199345,-0.386695027,0.519914031,-0.409287214,-0.105924025,0.055903759,-1.019649386,0.818994284,0.019506736,-5.340150833,-6.972406864,1.792475581,0.289892107,0.733663499,-0.201815516,-5.340150833,-6.972406864,1.792475581,0.289892107,0.733663499,-0.201815516,-5.340150833,-6.972406864,1.792475581,0.289892107,0.733663499,-0.201815516
4.920000234,-0.104534969,0.61649853,-0.699766397,-0.867885411,-0.378322721,0.520121932,-0.409561455,-0.039175399,-0.038997389,-0.815028787,0.841890633,0.021196628,-4.443117619,0.142523929,3.283305168,7.262065411,0.820148766,-0.212211892,-4.443117619,0.142523929,3.283305168,7.262065411,0.820148766,-0.212211892,-4.443117619,0.142523929,3.283305168,7.262065411,0.820148766,-0.212211892
4.930000234,-0.108632192,0.616334498,-0.70008111,-0.876336873,-0.369732022,0.520322204,-0.409757107,-0.014709525,-0.021778686,-0.873080313,0.863280892,0.019568058,-3.59500742,-2.663326979,6.089274406,-1.230157018,0.792983472,-0.212621346,-3.59500742,-2.663326979,6.089274406,-1.230157018,0.792983472,-0.212621346,-3.59500742,-2.663326979,6.089274406,-1.230157018,0.792983472,-0.212621346
4.940000235,-0.112730607,0.616109431,-0.699667215,-0.885152638,-0.360941052,0.520524383,-0.409854978,-0.025842762,0.059174083,-0.875104427,0.882897913,0.020605443,-2.796893835,-3.234081745,7.915188789,2.707415342,0.812505305,-0.197830692,-2.796893835,-3.234081745,7.915188789,2.707415342,0.812505305,-0.197830692,-2.796893835,-3.234081745,7.915188789,2.707415342,0.812505305,-0.197830692
4.950000235,-0.116829023,0.616008341,-0.698549509,-0.893026173,-0.351940274,0.520734191,-0.409877986,-0.00379314,0.123346217,-0.760512948,0.904487729,0.021114513,-2.069852829,0.060250152,8.375155449,4.936528206,0.898367107,-0.195103601,-2.069852829,0.060250152,8.375155449,4.936528206,0.898367107,-0.195103601,-2.069852829,0.060250152,8.375155449,4.936528206,0.898367107,-0.195103601
4.960000236,-0.120927438,0.616139948,-0.696632624,-0.901330769,-0.342733502,0.520923018,-0.409856409,0.016879203,0.211154684,-0.862636328,0.924699426,0.018158725,-1.402702451,-0.583592057,8.299116135,-1.491829753,0.823899567,-0.190266117,-1.402702451,-0.583592057,8.299116135,-1.491829753,0.823899567,-0.190266117,-1.402702451,-0.583592057,8.299116135,-1.491829753,0.823899567,-0.190266117
4.970000236,-0.125025377,0.616389811,-0.694025278,-0.909642994,-0.333341718,0.521115661,-0.409765065,0.026561176,0.270978451,-0.810115993,0.942694426,0.019835649,-0.771219492,-2.253189087,7.187535286,4.20873785,0.790920436,-0.16910243,-0.771219492,-2.253189087,7.187535286,4.20873785,0.790920436,-0.16910243,-0.771219492,-2.253189087,7.187535286,4.20873785,0.790920436,-0.16910243
4.980000237,-0.129121408,0.616694987,-0.691046,-0.917411625,-0.323747754,0.521336913,-0.409628153,0.031292081,0.303520203,-0.772835851,0.963834107,0.02260353,-0.19841142,-3.415027142,5.6653409,2.200007915,0.853940547,-0.168919474,-0.19841142,-3.415027142,5.6653409,2.200007915,0.853940547,-0.168919474,-0.19841142,-3.415027142,5.6653409,2.200007915,0.853940547,-0.168919474
4.990000237,-0.133216485,0.617040217,-0.687929392,-0.925729573,-0.313969731,0.521577239,-0.40946126,0.035328764,0.312360376,-0.853012443,0.980927467,0.024207959,0.326498389,-4.358324051,4.044033527,-0.677495539,0.687843978,-0.174647182,0.326498389,-4.358324051,4.044033527,-0.677495539,0.687843978,-0.174647182,0.326498389,-4.358324051,4.044033527,-0.677495539,0.687843978,-0.174647182
5.000000237,-0.137309656,0.617442667,-0.68511796,-0.933776677,-0.304022908,0.521855712,-0.409245551,0.041656975,0.270381719,-0.781571031,0.998253405,0.028988704,0.821701229,-5.432470322,2.522413015,3.965786934,0.727714837,-0.175806925,0.821701229,-5.432470322,2.522413015,3.965786934,0.727714837,-0.175806925,0.821701229,-5.432470322,2.522413015,3.965786934,0.727714837,-0.175806925
5.010000238,-0.141399965,0.617795527,-0.682756662,-0.941692173,-0.293893933,0.522179961,-0.408999592,0.032702763,0.228257254,-0.802654922,1.016602278,0.033210024,1.266407013,-7.021871567,1.814156532,0.215638772,0.719870985,-0.192595229,1.266407013,-7.021871567,1.814156532,0.215638772,0.719870985,-0.192595229,1.266407013,-7.021871567,1.814156532,0.215638772,0.719870985,-0.192595229
5.020000238,-0.145487413,0.618651927,-0.681251764,-0.948081791,-0.283629537,0.522523284,-0.408657104,0.104197092,0.126969397,-0.580924094,1.028623939,0.034584533,2.369663477,0.187508747,2.93794632,7.719814301,0.61484164,-0.210201919,2.369663477,0.187508747,2.93794632,7.719814301,0.61484164,-0.210201919,2.369663477,0.187508747,2.93794632,7.719814301,0.61484164,-0.210201919
5.030000239,-0.149570569,0.619922221,-0.679966211,-0.954206288,-0.273191571,0.522855163,-0.408223152,0.128492802,0.13702336,-0.642411709,1.048143983,0.032852732,3.378530025,-3.165665388,5.509769917,-1.49438262,0.862360597,-0.215665534,3.378530025,-3.165665388,5.509769917,-1.49438262,0.862360597,-0.215665534,3.378530025,-3.165665388,5.509769917,-1.49438262,0.862360597,-0.215665534
5.040000239,-0.153648004,0.621118128,-0.678034067,-0.96072942,-0.262621045,0.523188949,-0.407678604,0.115938418,0.209253132,-0.645873308,1.058505654,0.033590835,4.288476944,-3.86845088,7.187520027,2.65697813,0.625262797,-0.206750199,4.288476944,-3.86845088,7.187520027,2.65697813,0.625262797,-0.206750199,4.288476944,-3.86845088,7.187520027,2.65697813,0.625262797,-0.206750199
5.05000024,-0.157719716,0.622434199,-0.67550683,-0.966241658,-0.251901746,0.523522735,-0.407052845,0.138017803,0.261981666,-0.521907806,1.075935841,0.033537284,5.075613976,-0.514293849,7.596920967,5.102945805,0.911155283,-0.209016189,5.075613976,-0.514293849,7.596920967,5.102945805,0.911155283,-0.209016189,5.075613976,-0.514293849,7.596920967,5.102945805,0.911155283,-0.209016189
5.06000024,-0.161784753,0.623969615,-0.672260523,-0.972215474,-0.24102217,0.523831725,-0.406382054,0.156481281,0.342528611,-0.632383585,1.090684772,0.030086052,5.763450146,-1.224328756,7.606241226,-1.855126143,0.743182182,-0.207719743,5.763450146,-1.224328756,7.606241226,-1.855126143,0.743182182,-0.207719743,5.763450146,-1.224328756,7.606241226,-1.855126143,0.743182182,-0.207719743
5.070000241,-0.165842637,0.625613749,-0.668386698,-0.978212178,-0.230025351,0.524136901,-0.405641198,0.166106999,0.396341473,-0.577169478,1.101791143,0.030939888,6.37520647,-2.669498205,6.618307114,4.293601036,0.704029024,-0.190265879,6.37520647,-2.669498205,6.618307114,4.293601036,0.704029024,-0.190265879,6.37520647,-2.669498205,6.618307114,4.293601036,0.704029024,-0.190265879
5.080000241,-0.169892415,0.627313197,-0.664173365,-0.983619511,-0.218869269,0.52446115,-0.404859751,0.17068249,0.426683277,-0.536159813,1.119540691,0.032894526,6.88799572,-3.774486065,5.270196438,2.226498604,0.859981,-0.192051321,6.88799572,-3.774486065,5.270196438,2.226498604,0.859981,-0.192051321,6.88799572,-3.774486065,5.270196438,2.226498604,0.859981,-0.192051321
5.090000242,-0.173934564,0.629045069,-0.659803629,-0.989621937,-0.207583964,0.524796844,-0.404057294,0.173728645,0.438687593,-0.623234153,1.130238771,0.033775151,7.319674492,-4.651016712,3.817287922,-0.898493826,0.585489631,-0.199457929,7.319674492,-4.651016712,3.817287922,-0.898493826,0.585489631,-0.199457929,7.319674492,-4.651016712,3.817287922,-0.898493826,0.585489631,-0.199457929
5.100000242,-0.177968606,0.630841792,-0.655700922,-0.995330632,-0.19618088,0.525163054,-0.403216362,0.181472763,0.400380373,-0.545975924,1.143102765,0.037635207,7.688768864,-5.536738873,2.391351938,4.16599226,0.70824182,-0.202432036,7.688768864,-5.536738873,2.391351938,4.16599226,0.70824182,-0.202432036,7.688768864,-5.536738873,2.391351938,4.16599226,0.70824182,-0.202432036
5.110000243,-0.181994066,0.632596552,-0.651987314,-1.000894427,-0.184637606,0.525567412,-0.402360082,0.172990441,0.364906341,-0.568304539,1.157098055,0.041136671,7.97844553,-7.216506004,1.73555994,0.132654682,0.67748338,-0.219881698,7.97844553,-7.216506004,1.73555994,0.132654682,0.67748338,-0.219881698,7.97844553,-7.216506004,1.73555994,0.132654682,0.67748338,-0.219881698
5.120000243,-0.186009988,0.634847224,-0.649116755,-1.004888415,-0.173057616,0.525985122,-0.401395917,0.243195862,0.263388127,-0.338976711,1.157361507,0.041548572,9.270602226,-0.438728958,2.416156769,7.892918587,0.380937546,-0.243762895,9.270602226,-0.438728958,2.416156769,7.892918587,0.380937546,-0.243762895,9.270602226,-0.438728958,2.416156769,7.892918587,0.380937546,-0.243762895
5.130000244,-0.19001542,0.637494624,-0.646528482,-1.008588672,-0.16135937,0.526383758,-0.400329381,0.265838116,0.265391916,-0.400518984,1.174259782,0.03935913,10.41923046,-4.009279251,4.600243568,-1.639062047,0.900958657,-0.254208386,10.41923046,-4.009279251,4.600243568,-1.639062047,0.900958657,-0.254208386,10.41923046,-4.009279251,4.600243568,-1.639062047,0.900958657,-0.254208386
5.140000244,-0.194008932,0.640056193,-0.643415689,-1.012712359,-0.149603903,0.526774764,-0.399143219,0.252716333,0.324418515,-0.406262368,1.174505949,0.039301436,11.42301941,-4.807155609,6.031398296,2.491267204,0.399239331,-0.252280235,11.42301941,-4.807155609,6.031398296,2.491267204,0.399239331,-0.252280235,11.42301941,-4.807155609,6.031398296,2.491267204,0.399239331,-0.252280235
5.150000245,-0.197990522,0.642728388,-0.639858484,-1.015802264,-0.137768805,0.527160048,-0.397871047,0.273178399,0.36175698,-0.278037727,1.18689549,0.038220759,12.25958157,-1.599474788,6.367803574,5.101945877,0.885202348,-0.259677917,12.25958157,-1.599474788,6.367803574,5.101945877,0.885202348,-0.259677917,12.25958157,-1.599474788,6.367803574,5.101945877,0.885202348,-0.259677917
5.160000245,-0.201958284,0.645591319,-0.635715723,-1.019357562,-0.125827372,0.527512908,-0.396553636,0.288718253,0.42991215,-0.391685367,1.195399046,0.034031935,12.95581055,-2.303309917,6.476678371,-2.087125063,0.626636624,-0.262271941,12.95581055,-2.303309917,6.476678371,-2.087125063,0.626636624,-0.262271941,12.95581055,-2.303309917,6.476678371,-2.087125063,0.626636624,-0.262271941
5.170000246,-0.205912694,0.648551524,-0.631040812,-1.022951007,-0.113844775,0.527846694,-0.395167708,0.297468454,0.474826932,-0.336742997,1.198805332,0.033482358,13.53287792,-3.468598366,5.691829681,4.213596821,0.579962969,-0.249744385,13.53287792,-3.468598366,5.691829681,4.213596821,0.579962969,-0.249744385,13.53287792,-3.468598366,5.691829681,4.213596821,0.579962969,-0.249744385
5.180000246,-0.2098528,0.651559412,-0.626072168,-1.025937915,-0.101753853,0.528184295,-0.393746316,0.30148533,0.501837373,-0.293815315,1.212327719,0.033934951,13.97502422,-4.441295147,4.607234955,2.19925952,0.830892682,-0.252925903,13.97502422,-4.441295147,4.607234955,2.19925952,0.830892682,-0.252925903,13.97502422,-4.441295147,4.607234955,2.19925952,0.830892682,-0.252925903
5.190000247,-0.2137786,0.654594004,-0.620928049,-1.029538989,-0.089595698,0.528519988,-0.392312884,0.303834707,0.517102361,-0.3837277,1.215904832,0.033447415,14.30296803,-5.179078102,3.407951593,-1.033954144,0.453191549,-0.260750681,14.30296803,-5.179078102,3.407951593,-1.033954144,0.453191549,-0.260750681,14.30296803,-5.179078102,3.407951593,-1.033954144,0.453191549,-0.260750681
5.200000247,-0.217690095,0.657693446,-0.615988016,-1.032838702,-0.07737913,0.52887094,-0.390852183,0.31218493,0.485491991,-0.304027736,1.223598719,0.035543479,14.53544903,-5.883625507,2.150646925,4.21733427,0.658760011,-0.264278114,14.53544903,-5.883625507,2.150646925,4.21733427,0.658760011,-0.264278114,14.53544903,-5.883625507,2.150646925,4.21733427,0.658760011,-0.264278114
5.210000247,-0.221586809,0.660768092,-0.611353159,-1.035978198,-0.065071248,0.529242873,-0.389391363,0.305057466,0.459066212,-0.326294571,1.232544661,0.037526239,14.66028404,-7.512506962,1.566182017,0.083921984,0.605639577,-0.279965818,14.66028404,-7.512506962,1.566182017,0.083921984,0.605639577,-0.279965818,14.66028404,-7.512506962,1.566182017,0.083921984,0.605639577,-0.279965818
5.220000248,-0.225468263,0.66428715,-0.607486963,-1.037580371,-0.052828692,0.529610991,-0.387814105,0.3679564,0.363916248,-0.10068588,1.220890284,0.036444705,16.11277199,-1.711115599,1.768208385,7.728476048,0.129091978,-0.308550298,16.11277199,-1.711115599,1.768208385,7.728476048,0.129091978,-0.308550298,16.11277199,-1.711115599,1.768208385,7.728476048,0.129091978,-0.308550298
5.230000248,-0.229333028,0.668159068,-0.603954554,-1.038869739,-0.040525697,0.5299505,-0.386125177,0.387920707,0.357375115,-0.158414051,1.234554172,0.03344249,17.38055611,-5.134425163,3.426138163,-1.632715106,0.901628852,-0.323211908,17.38055611,-5.134425163,3.426138163,-1.632715106,0.901628852,-0.323211908,17.38055611,-5.134425163,3.426138163,-1.632715106,0.901628852,-0.323211908
5.240000249,-0.233179674,0.671945155,-0.600054026,-1.040586352,-0.028245173,0.530274749,-0.384310991,0.375127405,0.399528652,-0.166371942,1.224464655,0.0321647,18.45886993,-6.028569698,4.531765461,2.234521389,0.142982051,-0.3282291,18.45886993,-6.028569698,4.531765461,2.234521389,0.142982051,-0.3282291,18.45886993,-6.028569698,4.531765461,2.234521389,0.142982051,-0.3282291
5.250000249,-0.237007722,0.675813258,-0.595884562,-1.041292071,-0.015959226,0.530578017,-0.382407546,0.391717017,0.419465363,-0.040510207,1.231170535,0.029734123,19.32825661,-3.217799425,4.782327652,4.894981861,0.814033687,-0.340472132,19.32825661,-3.217799425,4.782327652,4.894981861,0.814033687,-0.340472132,19.32825661,-3.217799425,4.782327652,4.894981861,0.814033687,-0.340472132
5.26000025,-0.240816221,0.679837763,-0.591297388,-1.042459369,-0.003627374,0.530835509,-0.380459189,0.4041152,0.470922887,-0.151890337,1.233000755,0.024586745,20.01465797,-3.755400658,4.986122608,-2.168222904,0.476276726,-0.346793324,20.01465797,-3.755400658,4.986122608,-2.168222904,0.476276726,-0.346793324,20.01465797,-3.755400658,4.986122608,-2.168222904,0.476276726,-0.346793324
5.27000025,-0.244604692,0.683936656,-0.586307764,-1.043668628,0.008667739,0.531060576,-0.378445357,0.411166698,0.504294217,-0.098364979,1.228410363,0.022242116,20.54782867,-4.655872345,4.456999302,4.01540041,0.421878636,-0.339286715,20.54782867,-4.655872345,4.456999302,4.01540041,0.421878636,-0.339286715,20.54782867,-4.655872345,4.456999302,4.01540041,0.421878636,-0.339286715
5.280000251,-0.248372659,0.688073695,-0.581083536,-1.044282794,0.021013733,0.531270385,-0.376401722,0.414253384,0.526774168,-0.056311879,1.237032413,0.0206648,20.9084549,-5.393608093,3.706287861,2.079634428,0.7600649,-0.343257606,20.9084549,-5.393608093,3.706287861,2.079634428,0.7600649,-0.343257606,20.9084549,-5.393608093,3.706287861,2.079634428,0.7600649,-0.343257606
5.290000251,-0.252120107,0.692231715,-0.575670481,-1.045495868,0.033361312,0.531459212,-0.374354929,0.416223735,0.54479748,-0.144654945,1.233186007,0.01829664,21.12221336,-5.925597668,2.829886198,-1.067796946,0.295328498,-0.350147367,21.12221336,-5.925597668,2.829886198,-1.067796946,0.295328498,-0.350147367,21.12221336,-5.925597668,2.829886198,-1.067796946,0.295328498,-0.350147367
5.300000252,-0.255847067,0.696456492,-0.57038331,-1.046411395,0.045705434,0.53164041,-0.372293055,0.424320012,0.522166908,-0.066343471,1.235350132,0.017989127,21.21033287,-6.450857639,1.809223413,4.101302147,0.578382492,-0.352743983,21.21033287,-6.450857639,1.809223413,4.101302147,0.578382492,-0.352743983,21.21033287,-6.450857639,1.809223413,4.101302147,0.578382492,-0.352743983
5.310000252,-0.259553045,0.700662196,-0.565292597,-1.047174335,0.058086749,0.531821609,-0.37024641,0.418752462,0.506887197,-0.088273406,1.238737106,0.01783015,21.16345406,-7.922496796,1.320984364,0.045035515,0.501496017,-0.364346504,21.16345406,-7.922496796,1.320984364,0.045035515,0.501496017,-0.364346504,21.16345406,-7.922496796,1.320984364,0.045035515,0.501496017,-0.364346504
5.320000253,-0.263238996,0.705230296,-0.560854197,-1.04648006,0.070303701,0.531978011,-0.368076801,0.470172048,0.423546612,0.126056105,1.215810895,0.014916122,22.74638176,-3.456362724,1.038957357,7.326760292,-0.126754582,-0.395740688,22.74638176,-3.456362724,1.038957357,7.326760292,-0.126754582,-0.395740688,22.74638176,-3.456362724,1.038957357,7.326760292,-0.126754582,-0.395740688
5.330000253,-0.266901106,0.710088313,-0.556776285,-1.045476794,0.082521461,0.532092452,-0.365787268,0.486535847,0.409499764,0.073306113,1.225716352,0.010739946,24.11077309,-6.50092411,2.089852333,-1.576130748,0.856658697,-0.413869321,24.11077309,-6.50092411,2.089852333,-1.576130748,0.856658697,-0.413869321,24.11077309,-6.50092411,2.089852333,-1.576130748,0.856658697,-0.413869321
5.340000254,-0.270539373,0.714866221,-0.552501917,-1.044877887,0.094638608,0.532176375,-0.36337021,0.474659503,0.432928354,0.064457774,1.20573926,0.007884318,25.23617363,-7.489491463,2.808298588,1.947982192,-0.129989833,-0.4248496,25.23617363,-7.489491463,2.808298588,1.947982192,-0.129989833,-0.4248496,25.23617363,-7.489491463,2.808298588,1.947982192,-0.129989833,-0.4248496
5.350000254,-0.274153799,0.719689906,-0.548143625,-1.043336749,0.106686614,0.532224059,-0.360862255,0.485947132,0.434877783,0.182304248,1.206471443,0.003878524,26.11650467,-5.253500938,2.955533743,4.490086079,0.69643718,-0.440704256,26.11650467,-5.253500938,2.955533743,4.490086079,0.69643718,-0.440704256,26.11650467,-5.253500938,2.955533743,4.490086079,0.69643718,-0.440704256
5.360000255,-0.277742475,0.724624217,-0.543554544,-1.042226672,0.118718408,0.532212615,-0.358309656,0.494753003,0.467196107,0.077775747,1.201493144,-0.00239756,26.78106499,-5.562789917,3.233637094,-2.12924099,0.294135898,-0.450114787,26.78106499,-5.562789917,3.233637094,-2.12924099,0.294135898,-0.450114787,26.78106499,-5.562789917,3.233637094,-2.12924099,0.294135898,-0.450114787
5.370000255,-0.281304449,0.729611933,-0.538709879,-1.041158557,0.130637199,0.53215158,-0.355696827,0.49945876,0.487170309,0.12736021,1.189212084,-0.006792055,27.25541687,-6.177034378,2.977262497,3.663362741,0.23770605,-0.447239518,27.25541687,-6.177034378,2.977262497,3.663362741,0.23770605,-0.447239518,27.25541687,-6.177034378,2.977262497,3.663362741,0.23770605,-0.447239518
5.380000256,-0.284840673,0.734618723,-0.533706903,-1.03954494,0.142546207,0.532052398,-0.353060871,0.500918448,0.50384146,0.166033491,1.19241035,-0.010686763,27.52136612,-6.648295879,2.588744164,1.876203299,0.642042458,-0.45109573,27.52136612,-6.648295879,2.588744164,1.876203299,0.642042458,-0.45109573,27.52136612,-6.648295879,2.588744164,1.876203299,0.642042458,-0.45109573
5.390000256,-0.288350195,0.739640772,-0.528517008,-1.038488269,0.154390842,0.531909347,-0.350430578,0.502540886,0.523044407,0.08408387,1.181330204,-0.015252791,27.61431885,-6.890318394,2.074946642,-1.001902103,0.119575843,-0.45586583,27.61431885,-6.890318394,2.074946642,-1.001902103,0.119575843,-0.45586583,27.61431885,-6.890318394,2.074946642,-1.001902103,0.119575843,-0.45586583
5.400000256,-0.291833013,0.744720042,-0.523372889,-1.03714931,0.166170627,0.531730056,-0.347798586,0.509574771,0.510042846,0.157648087,1.17793119,-0.018323872,27.55158424,-7.224909306,1.348910809,3.821974993,0.466688514,-0.456079572,27.55158424,-7.224909306,1.348910809,3.821974993,0.466688514,-0.456079572,27.55158424,-7.224909306,1.348910809,3.821974993,0.466688514,-0.456079572
5.410000257,-0.295290083,0.749795496,-0.5183146,-1.035669208,0.177931339,0.531524062,-0.345197439,0.506166637,0.505974352,0.136902541,1.175488234,-0.021064408,27.32727432,-8.38674736,0.99069649,0.023297429,0.365903288,-0.461752176,27.32727432,-8.38674736,0.99069649,0.023297429,0.365903288,-0.461752176,27.32727432,-8.38674736,0.99069649,0.023297429,0.365903288,-0.461752176
5.420000257,-0.298720449,0.755124629,-0.513748407,-1.032865405,0.18943885,0.531276107,-0.342467189,0.542195261,0.440124005,0.332370847,1.142729878,-0.025865968,29.01458549,-5.630277634,0.284962296,6.676775455,-0.371716708,-0.493485361,29.01458549,-5.630277634,0.284962296,6.676775455,-0.371716708,-0.493485361,29.01458549,-5.630277634,0.284962296,6.676775455,-0.371716708,-0.493485361
5.430000258,-0.302122205,0.760654032,-0.509529352,-1.029756427,0.200888664,0.530972838,-0.339610219,0.553302109,0.421145409,0.286468893,1.148347139,-0.031433601,30.43839645,-8.085870743,0.689142585,-1.45153904,0.760227382,-0.514475286,30.43839645,-8.085870743,0.689142585,-1.45153904,0.760227382,-0.514475286,30.43839645,-8.085870743,0.689142585,-1.45153904,0.760227382,-0.514475286
5.440000258,-0.305494398,0.766112864,-0.505291224,-1.027028918,0.212165862,0.530619979,-0.336626768,0.543403268,0.425112486,0.276076078,1.119730473,-0.036217026,31.58917046,-9.050643921,0.971742868,1.573132277,-0.398826092,-0.530081928,31.58917046,-9.050643921,0.971742868,1.573132277,-0.398826092,-0.530081928,31.58917046,-9.050643921,0.971742868,1.573132277,-0.398826092,-0.530081928
5.450000259,-0.308836073,0.77158314,-0.501154184,-1.023458362,0.223302871,0.530213714,-0.333551615,0.549041927,0.409346521,0.38281846,1.114377499,-0.041939456,32.46137619,-7.561988354,1.005812883,3.966755629,0.530679166,-0.547481835,32.46137619,-7.561988354,1.005812883,3.966755629,0.530679166,-0.547481835,32.46137619,-7.561988354,1.005812883,3.966755629,0.530679166,-0.547481835
5.460000259,-0.31214723,0.777110636,-0.496974826,-1.020269275,0.234362155,0.529734969,-0.330432683,0.553314567,0.422244757,0.288599133,1.102931976,-0.049433593,33.07711411,-7.684303761,1.338302851,-2.025524855,0.092400834,-0.558786988,33.07711411,-7.684303761,1.338302851,-2.025524855,0.092400834,-0.558786988,33.07711411,-7.684303761,1.338302851,-2.025524855,0.092400834,-0.558786988
5.47000026,-0.315425962,0.782657206,-0.492697597,-1.017133594,0.245239288,0.52918756,-0.327261835,0.554998696,0.428096473,0.331966609,1.0837183,-0.055945005,33.47472382,-7.956119061,1.341831446,3.174689054,0.035220314,-0.55958271,33.47472382,-7.956119061,1.341831446,3.174689054,0.035220314,-0.55958271,33.47472382,-7.956119061,1.341831446,3.174689054,0.035220314,-0.55958271
5.48000026,-0.318673223,0.788207591,-0.488349795,-1.013502002,0.256047189,0.528577209,-0.324075848,0.555158854,0.437004209,0.367564529,1.081206322,-0.062279403,33.63624954,-8.064451218,1.317954421,1.655780196,0.480559409,-0.56239742,33.63624954,-8.064451218,1.317954421,1.655780196,0.480559409,-0.56239742,33.63624954,-8.064451218,1.317954421,1.655780196,0.480559409,-0.56239742
5.490000261,-0.321889013,0.793767512,-0.483831286,-1.01037395,0.266728342,0.527898192,-0.320904911,0.556237042,0.456062794,0.292912066,1.063622117,-0.069173574,33.5968399,-8.039459229,1.192945361,-0.962382853,-0.062357251,-0.563805699,33.5968399,-8.039459229,1.192945361,-0.962382853,-0.062357251,-0.563805699,33.5968399,-8.039459229,1.192945361,-0.962382853,-0.062357251,-0.563805699
5.500000261,-0.325072378,0.799369395,-0.479287028,-1.006990314,0.277287424,0.527158141,-0.317746937,0.561471462,0.452483684,0.359617114,1.054785132,-0.075050861,33.38063812,-8.153954506,0.795720041,3.442593336,0.324409544,-0.560291708,33.38063812,-8.153954506,0.795720041,3.442593336,0.324409544,-0.560291708,33.38063812,-8.153954506,0.795720041,3.442593336,0.324409544,-0.560291708
5.510000262,-0.328225225,0.804978907,-0.474719882,-1.003476977,0.287771165,0.526364684,-0.314635158,0.560332954,0.458875746,0.341222614,1.046673298,-0.080522634,32.98026276,-8.893880844,0.599122465,0.012939896,0.210757196,-0.559217513,32.98026276,-8.893880844,0.599122465,0.012939896,0.210757196,-0.559217513,32.98026276,-8.893880844,0.599122465,0.012939896,0.210757196,-0.559217513
5.520000262,-0.331345648,0.810720026,-0.47045505,-0.998817325,0.297929704,0.525508285,-0.311388969,0.57869184,0.415029407,0.510842264,1.006144643,-0.087085478,34.73880386,-8.042201042,-0.440750599,5.790598392,-0.59313798,-0.58935082,34.73880386,-8.042201042,-0.440750599,5.790598392,-0.59313798,-0.58935082,34.73880386,-8.042201042,-0.440750599,5.790598392,-0.59313798,-0.58935082
5.530000263,-0.334432691,0.816548884,-0.466488719,-0.993877292,0.307972848,0.524581313,-0.308009952,0.583032072,0.394353688,0.473295361,1.006966829,-0.094144009,36.19527054,-9.798295975,-0.675924957,-1.271399975,0.613016605,-0.612371325,36.19527054,-9.798295975,-0.675924957,-1.271399975,0.613016605,-0.612371325,36.19527054,-9.798295975,-0.675924957,-1.271399975,0.613016605,-0.612371325
5.540000263,-0.337485403,0.822326243,-0.462662578,-0.989274859,0.31778425,0.52358377,-0.30450815,0.576041341,0.37934655,0.462949336,0.971635997,-0.101054356,37.34519958,-10.59121609,-0.844305456,1.183788419,-0.638800323,-0.63069123,37.34519958,-10.59121609,-0.844305456,1.183788419,-0.638800323,-0.63069123,37.34519958,-10.59121609,-0.844305456,1.183788419,-0.638800323,-0.63069123
5.550000264,-0.340502828,0.828082621,-0.459113002,-0.983951449,0.327392519,0.522513747,-0.300914854,0.575999439,0.34785676,0.554676235,0.960410237,-0.108503394,38.19091034,-9.99354744,-0.929181576,3.291734934,0.324912399,-0.647207916,38.19091034,-9.99354744,-0.929181576,3.291734934,0.324912399,-0.647207916,38.19091034,-9.99354744,-0.929181576,3.291734934,0.324912399,-0.647207916
5.560000264,-0.343482107,0.833835185,-0.455691218,-0.978958011,0.336866319,0.521359801,-0.297277778,0.574836314,0.342646569,0.473422557,0.943152308,-0.117190599,38.75170898,-9.98585701,-0.572665691,-1.866897941,-0.117052667,-0.658763707,38.75170898,-9.98585701,-0.572665691,-1.866897941,-0.117052667,-0.658763707,38.75170898,-9.98585701,-0.572665691,-1.866897941,-0.117052667,-0.658763707
5.570000265,-0.346425146,0.839572489,-0.452328563,-0.974010348,0.346100748,0.520118117,-0.293600172,0.573433459,0.333979964,0.510402977,0.918222547,-0.125686526,39.04859924,-9.846971512,-0.351153433,2.613411903,-0.170193985,-0.661810458,39.04859924,-9.846971512,-0.351153433,2.613411903,-0.170193985,-0.661810458,39.04859924,-9.846971512,-0.351153433,2.613411903,-0.170193985,-0.661810458
5.580000265,-0.349331945,0.845296443,-0.448993564,-0.968644977,0.355208337,0.51879251,-0.289917469,0.572177827,0.334044814,0.539950967,0.910034657,-0.134294152,39.09563065,-9.607818604,-0.035949212,1.319345951,0.284849137,-0.662647128,39.09563065,-9.607818604,-0.035949212,1.319345951,0.284849137,-0.662647128,39.09563065,-9.607818604,-0.035949212,1.319345951,0.284849137,-0.662647128
5.590000266,-0.352201551,0.851018488,-0.44552505,-0.963718295,0.364134729,0.517379165,-0.286259621,0.57229197,0.350886106,0.475951403,0.886992335,-0.143329158,38.92114639,-9.316631317,0.219597012,-0.856226504,-0.239252329,-0.660043836,38.92114639,-9.316631317,0.219597012,-0.856226504,-0.239252329,-0.660043836,38.92114639,-9.316631317,0.219597012,-0.856226504,-0.239252329,-0.660043836
5.600000266,-0.355034918,0.85676533,-0.441975474,-0.958562732,0.372887552,0.515878081,-0.28263098,0.57550472,0.35509482,0.534348369,0.873241425,-0.151757434,38.54338837,-9.152884483,0.173864409,2.961649179,0.164151698,-0.652446508,38.54338837,-9.152884483,0.173864409,2.961649179,0.164151698,-0.652446508,38.54338837,-9.152884483,0.173864409,2.961649179,0.164151698,-0.652446508
5.610000266,-0.357832998,0.86252743,-0.438308597,-0.953296542,0.381513536,0.514294982,-0.279064208,0.57646364,0.370436817,0.517647624,0.859859824,-0.159788251,37.9715538,-9.42297554,0.173395291,-0.026946941,0.044784851,-0.64450866,37.9715538,-9.42297554,0.173395291,-0.026946941,0.044784851,-0.64450866,37.9715538,-9.42297554,0.173395291,-0.026946941,0.044784851,-0.64450866
5.620000267,-0.360593885,0.868287623,-0.434735179,-0.947086215,0.389761865,0.512631774,-0.275357783,0.575746894,0.351817757,0.658510268,0.814128399,-0.167716965,39.76744843,-10.54529381,-1.078190207,4.794404984,-0.773115575,-0.671294153,39.76744843,-10.54529381,-1.078190207,4.794404984,-0.773115575,-0.671294153,39.76744843,-10.54529381,-1.078190207,4.794404984,-0.773115575,-0.671294153
5.630000267,-0.363316625,0.874019206,-0.43137157,-0.940627933,0.397844255,0.51088655,-0.271514446,0.572145522,0.333150625,0.629330218,0.809878111,-0.176172733,41.2284584,-11.49050903,-1.896705031,-1.094825268,0.425504535,-0.695735276,41.2284584,-11.49050903,-1.896705031,-1.094825268,0.425504535,-0.695735276,41.2284584,-11.49050903,-1.896705031,-1.094825268,0.425504535,-0.695735276
5.640000268,-0.365999311,0.879710734,-0.428286433,-0.934453845,0.405648172,0.509055495,-0.267554551,0.568463445,0.301418543,0.619038761,0.770076036,-0.185167402,42.35105515,-12.00421047,-2.504930735,0.774213195,-0.831555784,-0.71493417,42.35105515,-12.00421047,-2.504930735,0.774213195,-0.831555784,-0.71493417,42.35105515,-12.00421047,-2.504930735,0.774213195,-0.831555784,-0.71493417
5.650000268,-0.368642896,0.885356486,-0.425623775,-0.927696109,0.413199365,0.507129073,-0.263505638,0.56355834,0.256933898,0.694182754,0.753639221,-0.194208622,43.14008331,-12.30956936,-2.70403409,2.55140686,0.100185722,-0.728703916,43.14008331,-12.30956936,-2.70403409,2.55140686,0.100185722,-0.728703916,43.14008331,-12.30956936,-2.70403409,2.55140686,0.100185722,-0.728703916
5.660000269,-0.37124452,0.890937388,-0.423233867,-0.921211123,0.420566499,0.505107284,-0.259414643,0.556614399,0.236225665,0.627123237,0.731526971,-0.20395419,43.62329102,-12.2637434,-2.353134155,-1.694118023,-0.319443613,-0.738926291,43.62329102,-12.2637434,-2.353134155,-1.694118023,-0.319443613,-0.738926291,43.62329102,-12.2637434,-2.353134155,-1.694118023,-0.319443613,-0.738926291
5.670000269,-0.373806089,0.896466792,-0.421045184,-0.914770007,0.427650392,0.502986312,-0.255295604,0.552304924,0.214017913,0.656713307,0.702390432,-0.214113906,43.821064,-11.689785,-1.967247486,1.988785148,-0.361735016,-0.74264127,43.821064,-11.689785,-1.967247486,1.988785148,-0.361735016,-0.74264127,43.821064,-11.689785,-1.967247486,1.988785148,-0.361735016,-0.74264127
5.68000027,-0.376325697,0.9019714,-0.418989062,-0.907993197,0.434559762,0.500760436,-0.251182139,0.549978971,0.204436779,0.680442452,0.688950419,-0.224605456,43.75607681,-11.12178135,-1.365140319,0.970816076,0.074079148,-0.741021216,43.75607681,-11.12178135,-1.365140319,0.970816076,0.074079148,-0.741021216,43.75607681,-11.12178135,-1.365140319,0.970816076,0.074079148,-0.741021216
5.69000027,-0.37880525,0.907458842,-0.41684711,-0.901576877,0.441241205,0.498428345,-0.247103721,0.548583746,0.217755273,0.627891302,0.661825538,-0.235354096,43.44377899,-10.62815189,-0.756738544,-0.761186898,-0.396993756,-0.73423624,43.44377899,-10.62815189,-0.756738544,-0.761186898,-0.396993756,-0.73423624,43.44377899,-10.62815189,-0.756738544,-0.761186898,-0.396993756,-0.73423624
5.700000271,-0.381243795,0.912952006,-0.414584041,-0.894971728,0.447709024,0.495991707,-0.24307099,0.54968214,0.227864429,0.676066697,0.643906593,-0.245786056,42.91918945,-10.14176464,-0.463163793,2.402291536,-0.001388905,-0.722576797,42.91918945,-10.14176464,-0.463163793,2.402291536,-0.001388905,-0.722576797,42.91918945,-10.14176464,-0.463163793,2.402291536,-0.001388905,-0.722576797
5.710000271,-0.383642286,0.918469965,-0.412137866,-0.888276935,0.454007089,0.493453026,-0.239115089,0.552494049,0.249648541,0.662283301,0.626006365,-0.255880892,42.18510437,-9.933349609,-0.258612275,-0.037039638,-0.115415685,-0.708683312,42.18510437,-9.933349609,-0.258612275,-0.037039638,-0.115415685,-0.708683312,42.18510437,-9.933349609,-0.258612275,-0.037039638,-0.115415685,-0.708683312
5.720000272,-0.386000723,0.923841059,-0.409562945,-0.880845904,0.459896982,0.490824699,-0.235015184,0.531776786,0.25824964,0.772384584,0.5779441,-0.264556825,43.98436356,-13.02941704,-1.584418654,3.711886168,-0.897689939,-0.731416881,43.98436356,-13.02941704,-1.584418654,3.711886168,-0.897689939,-0.731416881,43.98436356,-13.02941704,-1.584418654,3.711886168,-0.897689939,-0.731416881
5.730000272,-0.388317198,0.929051936,-0.407079577,-0.873214602,0.46557802,0.488102913,-0.23077713,0.519379556,0.244839028,0.750328898,0.568560779,-0.274101704,45.42809677,-13.03823757,-2.90714097,-0.94213146,0.211392477,-0.75739795,45.42809677,-13.03823757,-2.90714097,-0.94213146,0.211392477,-0.75739795,45.42809677,-13.03823757,-2.90714097,-0.94213146,0.211392477,-0.75739795
5.740000273,-0.390590757,0.934247553,-0.404991984,-0.86581409,0.470951974,0.485275269,-0.226430491,0.520387232,0.197949827,0.741378725,0.526771307,-0.284982979,46.50953674,-13.07797527,-3.91819334,0.41088441,-0.958490789,-0.776197672,46.50953674,-13.07797527,-3.91819334,0.41088441,-0.958490789,-0.776197672,46.50953674,-13.07797527,-3.91819334,0.41088441,-0.958490789,-0.776197672
5.750000273,-0.392819494,0.939385951,-0.403445125,-0.857957721,0.47603792,0.48234272,-0.22199662,0.511353612,0.143965289,0.799908459,0.506122589,-0.295273483,47.24662018,-14.38190937,-4.198685169,1.80099225,-0.122588366,-0.785278499,47.24662018,-14.38190937,-4.198685169,1.80099225,-0.122588366,-0.785278499,47.24662018,-14.38190937,-4.198685169,1.80099225,-0.122588366,-0.785278499
5.760000274,-0.395003408,0.944392741,-0.402269244,-0.850328326,0.480899751,0.479306221,-0.217522711,0.497583807,0.112436764,0.746040106,0.48040393,-0.30572769,47.64498138,-14.39561176,-3.867490053,-1.550464272,-0.497529268,-0.793346226,47.64498138,-14.39561176,-3.867490053,-1.550464272,-0.497529268,-0.793346226,47.64498138,-14.39561176,-3.867490053,-1.550464272,-0.497529268,-0.793346226
5.770000274,-0.397143453,0.9493137,-0.401414752,-0.842735171,0.485451639,0.476159096,-0.213034406,0.491116136,0.078084894,0.769344091,0.448706329,-0.317118973,47.74237442,-13.27766037,-3.389876127,1.398907065,-0.523450971,-0.797039032,47.74237442,-13.27766037,-3.389876127,1.398907065,-0.523450971,-0.797039032,47.74237442,-13.27766037,-3.389876127,1.398907065,-0.523450971,-0.797039032
5.780000275,-0.399237722,0.954204142,-0.400797725,-0.834886432,0.489789903,0.472892761,-0.208563402,0.488436073,0.05872583,0.786870241,0.430895656,-0.328977704,47.56503677,-12.46076965,-2.56264019,0.598380268,-0.128647372,-0.792643011,47.56503677,-12.46076965,-2.56264019,0.598380268,-0.128647372,-0.792643011,47.56503677,-12.46076965,-2.56264019,0.598380268,-0.128647372,-0.792643011
5.790000275,-0.401288122,0.959062159,-0.400148273,-0.827323794,0.493868768,0.469507217,-0.20413734,0.484981865,0.067957677,0.74541682,0.401216805,-0.340848982,47.12688446,-11.87005138,-1.647867441,-0.680008888,-0.524334848,-0.781971216,47.12688446,-11.87005138,-1.647867441,-0.680008888,-0.524334848,-0.781971216,47.12688446,-11.87005138,-1.647867441,-0.680008888,-0.524334848,-0.781971216
5.800000275,-0.403294653,0.96390301,-0.399355769,-0.819608569,0.497706354,0.466005325,-0.199773267,0.483932823,0.081991635,0.783721745,0.380087972,-0.352577835,46.46146774,-11.03979397,-1.051428795,1.848887444,-0.15605174,-0.767070591,46.46146774,-11.03979397,-1.051428795,1.848887444,-0.15605174,-0.767070591,46.46146774,-11.03979397,-1.051428795,1.848887444,-0.15605174,-0.767070591
5.810000276,-0.405258268,0.968776286,-0.398335338,-0.811826587,0.501338899,0.462387085,-0.195500642,0.488350242,0.107808873,0.772196114,0.358799487,-0.364079118,45.58242798,-10.36422157,-0.646062374,-0.067897253,-0.252513766,-0.748738706,45.58242798,-10.36422157,-0.646062374,-0.067897253,-0.252513766,-0.748738706,45.58242798,-10.36422157,-0.646062374,-0.067897253,-0.252513766,-0.748738706
5.820000276,-0.407178015,0.973361552,-0.396974444,-0.803525805,0.504558504,0.458675385,-0.19107981,0.44804123,0.143678948,0.851365209,0.311273009,-0.372814357,47.36753464,-15.31159115,-1.918696404,2.626948357,-0.95859158,-0.766852677,47.36753464,-15.31159115,-1.918696404,2.626948357,-0.95859158,-0.766852677,47.36753464,-15.31159115,-1.918696404,2.626948357,-0.95859158,-0.766852677
5.830000277,-0.409051985,0.977653086,-0.395558238,-0.795068622,0.507537782,0.454866409,-0.186522946,0.426165551,0.138487265,0.836619973,0.297074974,-0.382930011,48.77086258,-14.34626865,-3.632320642,-0.769338667,-0.007801568,-0.794142723,48.77086258,-14.34626865,-3.632320642,-0.769338667,-0.007801568,-0.794142723,48.77086258,-14.34626865,-3.632320642,-0.769338667,-0.007801568,-0.794142723
5.840000277,-0.410878271,0.981954157,-0.394622684,-0.786786914,0.510196626,0.450939178,-0.181868181,0.432343125,0.079568289,0.828279674,0.25582844,-0.395230412,49.79070663,-13.75562191,-4.990640163,0.060883012,-1.008652925,-0.811816275,49.79070663,-13.75562191,-4.990640163,0.060883012,-1.008652925,-0.811816275,49.79070663,-13.75562191,-4.990640163,0.060883012,-1.008652925,-0.811816275
5.850000278,-0.412656873,0.986194193,-0.394312739,-0.778184772,0.512554109,0.446896553,-0.177130863,0.420472413,0.019411473,0.870733917,0.232251838,-0.406305104,50.44612503,-16.01798248,-5.331035137,1.097286105,-0.32250756,-0.815519512,50.44612503,-16.01798248,-5.331035137,1.097286105,-0.32250756,-0.815519512,50.44612503,-16.01798248,-5.331035137,1.097286105,-0.32250756,-0.815519512
5.860000278,-0.414387792,0.990235865,-0.394436717,-0.769750476,0.514659822,0.442747116,-0.172357678,0.400000602,-0.019079925,0.830955803,0.204361737,-0.417025685,50.74940109,-16.17034149,-5.033441067,-1.367341638,-0.636285782,-0.820699632,50.74940109,-16.17034149,-5.033441067,-1.367341638,-0.636285782,-0.820699632,50.74940109,-16.17034149,-5.033441067,-1.367341638,-0.636285782,-0.820699632
5.870000279,-0.416071028,0.994168818,-0.394976497,-0.761358142,0.516443193,0.438481331,-0.167585403,0.392494112,-0.063373953,0.84618783,0.171876103,-0.429094791,50.73788071,-14.47076702,-4.51857996,0.783188462,-0.640900135,-0.823734879,50.73788071,-14.47076702,-4.51857996,0.783188462,-0.640900135,-0.823734879,50.73788071,-14.47076702,-4.51857996,0.783188462,-0.640900135,-0.823734879
5.880000279,-0.417708486,0.998071253,-0.395845294,-0.752780795,0.517988145,0.434089661,-0.162843198,0.389937639,-0.091695368,0.859367013,0.15081124,-0.441660941,50.44098663,-13.52413082,-3.52989006,0.309096575,-0.305314064,-0.816629529,50.44098663,-13.52413082,-3.52989006,0.309096575,-0.305314064,-0.816629529,50.44098663,-13.52413082,-3.52989006,0.309096575,-0.305314064,-0.816629529
5.89000028,-0.419301122,1.001926064,-0.396735072,-0.744415164,0.519256532,0.429574013,-0.158155411,0.384106845,-0.086490013,0.828429937,0.120315492,-0.453958571,49.89348984,-12.91990852,-2.371908665,-0.617391586,-0.607290566,-0.802881539,49.89348984,-12.91990852,-2.371908665,-0.617391586,-0.607290566,-0.802881539,49.89348984,-12.91990852,-2.371908665,-0.617391586,-0.607290566,-0.802881539
5.90000028,-0.420846075,1.005740762,-0.397472262,-0.735942721,0.520267427,0.424936295,-0.153543428,0.381249338,-0.070227385,0.856075644,0.097062536,-0.466211855,49.12059021,-11.75013351,-1.528214216,1.297080278,-0.288100868,-0.786002696,49.12059021,-11.75013351,-1.528214216,1.297080278,-0.288100868,-0.786002696,49.12059021,-11.75013351,-1.528214216,1.297080278,-0.288100868,-0.786002696
5.910000281,-0.422345251,1.009593606,-0.397960544,-0.727416873,0.52104944,0.42017746,-0.149035409,0.386946648,-0.042823184,0.848397195,0.073758394,-0.478359878,48.12223434,-10.67711735,-0.947680414,-0.03802155,-0.351980209,-0.765050888,48.12223434,-10.67711735,-0.947680414,-0.03802155,-0.351980209,-0.765050888,48.12223434,-10.67711735,-0.947680414,-0.03802155,-0.351980209,-0.765050888
5.920000281,-0.423799604,1.013026834,-0.397910953,-0.718576312,0.521444261,0.415328026,-0.144376889,0.328331321,0.018932575,0.89711839,0.029593019,-0.486433655,49.86817932,-17.25697327,-2.049825191,1.56073606,-0.948935509,-0.778320611,49.86817932,-17.25697327,-2.049825191,1.56073606,-0.948935509,-0.778320611,49.86817932,-17.25697327,-2.049825191,1.56073606,-0.948935509,-0.778320611
5.930000282,-0.425206274,1.016040444,-0.397647738,-0.709640384,0.521575868,0.410384178,-0.139587194,0.297032297,0.024164574,0.888083994,0.011136566,-0.496503443,51.22479248,-15.30748081,-4.033358097,-0.60462594,-0.216778442,-0.806753457,51.22479248,-15.30748081,-4.033358097,-0.60462594,-0.216778442,-0.806753457,51.22479248,-15.30748081,-4.033358097,-0.60462594,-0.216778442,-0.806753457
5.940000282,-0.426564306,1.019092202,-0.397917628,-0.700818896,0.52139467,0.405315399,-0.134710327,0.308434159,-0.04334382,0.882406771,-0.027105767,-0.509607136,52.19036102,-13.99153614,-5.665276051,-0.168310866,-0.974513888,-0.822899759,52.19036102,-13.99153614,-5.665276051,-0.168310866,-0.974513888,-0.822899759,52.19036102,-13.99153614,-5.665276051,-0.168310866,-0.974513888,-0.822899759
5.950000283,-0.42787084,1.02207911,-0.398860812,-0.691793323,0.520914018,0.400128365,-0.129753649,0.294670284,-0.105783135,0.909330785,-0.052112319,-0.520878017,52.79436874,-17.13641548,-6.03668642,0.443468392,-0.482535481,-0.821020901,52.79436874,-17.13641548,-6.03668642,0.443468392,-0.482535481,-0.821020901,52.79436874,-17.13641548,-6.03668642,0.443468392,-0.482535481,-0.821020901
5.960000283,-0.42912969,1.024814248,-0.400257945,-0.682886004,0.520168245,0.394835472,-0.124764279,0.268192768,-0.147240534,0.881809771,-0.080636054,-0.531357527,53.02553558,-17.44046974,-5.785493374,-1.187073112,-0.724813223,-0.823250711,53.02553558,-17.44046974,-5.785493374,-1.187073112,-0.724813223,-0.823250711,53.02553558,-17.44046974,-5.785493374,-1.187073112,-0.724813223,-0.823250711
5.970000284,-0.430336088,1.027423501,-0.402136683,-0.674028277,0.519109666,0.389425278,-0.119787402,0.26046887,-0.198865652,0.89012593,-0.112123549,-0.543485999,52.94444656,-15.21431255,-5.29017067,0.259403616,-0.703035653,-0.825336695,52.94444656,-15.21431255,-5.29017067,0.259403616,-0.703035653,-0.825336695,52.94444656,-15.21431255,-5.29017067,0.259403616,-0.703035653,-0.825336695
5.980000284,-0.431494802,1.030009866,-0.404420733,-0.665046573,0.517799318,0.383890152,-0.114850484,0.258436501,-0.234677672,0.899464786,-0.135065541,-0.556076884,52.55864334,-14.23409081,-4.211565495,0.062794872,-0.440871447,-0.815896809,52.55864334,-14.23409081,-4.211565495,0.062794872,-0.440871447,-0.815896809,52.55864334,-14.23409081,-4.211565495,0.062794872,-0.440871447,-0.815896809
5.990000285,-0.432605833,1.032527566,-0.406771541,-0.656209826,0.516216218,0.378234863,-0.109976038,0.250089109,-0.233219281,0.87786597,-0.164687872,-0.568095684,51.91870117,-13.70858097,-2.885779142,-0.556881666,-0.641083479,-0.800003469,51.91870117,-13.70858097,-2.885779142,-0.556881666,-0.641083479,-0.800003469,51.91870117,-13.70858097,-2.885779142,-0.556881666,-0.641083479,-0.800003469
6.000000285,-0.43366918,1.034995675,-0.408975482,-0.647312045,0.514371812,0.372457504,-0.105190553,0.246085182,-0.216830283,0.895695865,-0.188845843,-0.580140293,51.04263306,-12.20824623,-1.865939975,0.805200875,-0.385924906,-0.78247875,51.04263306,-12.20824623,-1.865939975,0.805200875,-0.385924906,-0.78247875,51.04263306,-12.20824623,-1.865939975,0.805200875,-0.385924906,-0.78247875
6.010000285,-0.434684843,1.037501931,-0.410930514,-0.638368487,0.512292802,0.366559029,-0.100519381,0.252266079,-0.189689845,0.891998887,-0.212643772,-0.592156649,49.95163345,-10.89430237,-1.142272711,0.012742354,-0.406366616,-0.76056546,49.95163345,-10.89430237,-1.142272711,0.012742354,-0.406366616,-0.76056546,49.95163345,-10.89430237,-1.142272711,0.012742354,-0.406366616,-0.76056546
6.020000286,-0.435652822,1.0394665,-0.412176967,-0.629299045,0.509866655,0.360581398,-0.095697828,0.177199736,-0.104982458,0.912609041,-0.25103873,-0.598885894,51.63758087,-18.78001785,-1.977965474,0.590801954,-0.872733235,-0.768596709,51.63758087,-18.78001785,-1.977965474,0.590801954,-0.872733235,-0.768596709,51.63758087,-18.78001785,-1.977965474,0.590801954,-0.872733235,-0.768596709
6.030000286,-0.436569303,1.040889382,-0.413054347,-0.620189548,0.507171571,0.35451889,-0.09075468,0.137431532,-0.08853744,0.908559799,-0.272747219,-0.608281255,52.91711426,-15.83257389,-4.097907543,-0.42415002,-0.393850654,-0.797649503,52.91711426,-15.83257389,-4.097907543,-0.42415002,-0.393850654,-0.797649503,52.91711426,-15.83257389,-4.097907543,-0.42415002,-0.393850654,-0.797649503
6.040000287,-0.437437147,1.042377114,-0.414485812,-0.611135364,0.504186571,0.348330498,-0.085739754,0.154588804,-0.161120191,0.905196726,-0.305903494,-0.621559918,53.7903862,-13.70650959,-5.904298306,-0.326295197,-0.862369001,-0.81173408,53.7903862,-13.70650959,-5.904298306,-0.326295197,-0.862369001,-0.81173408,53.7903862,-13.70650959,-5.904298306,-0.326295197,-0.862369001,-0.81173408
6.050000287,-0.438253492,1.043830514,-0.416602015,-0.60198772,0.500923097,0.342025757,-0.080651626,0.140722901,-0.222462967,0.918086648,-0.33071354,-0.632453024,54.31441116,-17.59724236,-6.266326427,-0.096809499,-0.586036742,-0.803937793,54.31441116,-17.59724236,-6.266326427,-0.096809499,-0.586036742,-0.803937793,54.31441116,-17.59724236,-6.266326427,-0.096809499,-0.586036742,-0.803937793
6.060000288,-0.439019293,1.044982553,-0.419148326,-0.592918277,0.497398943,0.335624695,-0.075535208,0.108103491,-0.261629343,0.902458131,-0.358288229,-0.64204073,54.47088242,-18.21399498,-6.056015968,-0.960353792,-0.75478363,-0.802804351,54.47088242,-18.21399498,-6.056015968,-0.960353792,-0.75478363,-0.802804351,54.47088242,-18.21399498,-6.056015968,-0.960353792,-0.75478363,-0.802804351
6.070000288,-0.439734548,1.045993447,-0.422195315,-0.583886981,0.493584245,0.329112053,-0.070444345,0.100481294,-0.316602558,0.904904902,-0.38715294,-0.653558791,54.30145645,-15.44859219,-5.63736248,-0.163372248,-0.705515862,-0.804173946,54.30145645,-15.44859219,-5.63736248,-0.163372248,-0.705515862,-0.804173946,54.30145645,-15.44859219,-5.63736248,-0.163372248,-0.705515862,-0.804173946
6.080000289,-0.440397352,1.046992898,-0.425703883,-0.574798465,0.489524454,0.322479248,-0.065402232,0.099994481,-0.35813114,0.909578025,-0.410360813,-0.665529132,53.84920502,-14.47719193,-4.559961319,-0.155714169,-0.520738065,-0.792951703,53.84920502,-14.47719193,-4.559961319,-0.155714169,-0.520738065,-0.792951703,53.84920502,-14.47719193,-4.559961319,-0.155714169,-0.520738065,-0.792951703
6.090000289,-0.441012472,1.047916055,-0.429320216,-0.565790057,0.485204309,0.315735817,-0.060429756,0.089521706,-0.360362619,0.897820115,-0.437639922,-0.676585257,53.12123871,-14.16210938,-3.155428648,-0.431035101,-0.626351774,-0.775488436,53.12123871,-14.16210938,-3.155428648,-0.431035101,-0.626351774,-0.775488436,53.12123871,-14.16210938,-3.155428648,-0.431035101,-0.626351774,-0.775488436
6.10000029,-0.441578954,1.048762918,-0.432803988,-0.556758761,0.480638117,0.30888176,-0.055556711,0.084121734,-0.344762743,0.906179309,-0.46117273,-0.687638581,52.16287994,-12.46696091,-2.03610158,0.35552156,-0.435620666,-0.758267224,52.16287994,-12.46696091,-2.03610158,0.35552156,-0.435620666,-0.758267224,52.16287994,-12.46696091,-2.03610158,0.35552156,-0.435620666,-0.758267224
6.11000029,-0.442097753,1.049659371,-0.436060786,-0.547698855,0.475843042,0.301916122,-0.050807435,0.091062531,-0.320521027,0.905395806,-0.484174818,-0.698824286,50.99224091,-10.89762306,-1.227648616,0.067558497,-0.420458049,-0.73718673,50.99224091,-10.89762306,-1.227648616,0.067558497,-0.420458049,-0.73718673,50.99224091,-10.89762306,-1.227648616,0.067558497,-0.420458049,-0.73718673
6.120000291,-0.442565054,1.049907327,-0.438483119,-0.538661838,0.470760912,0.294885635,-0.045911558,0.002521811,-0.217924237,0.903470218,-0.514577925,-0.703630567,52.58831787,-19.79868507,-1.715883136,-0.178579658,-0.726416588,-0.739367604,52.58831787,-19.79868507,-1.715883136,-0.178579658,-0.726416588,-0.739367604,52.58831787,-19.79868507,-1.715883136,-0.178579658,-0.726416588,-0.739367604
6.130000291,-0.44298467,1.049525857,-0.440390468,-0.529641986,0.465420336,0.287786484,-0.040908094,-0.044415232,-0.189885721,0.901484668,-0.538401365,-0.711692274,53.75812149,-15.90910149,-3.822133541,-0.298949033,-0.530902743,-0.767986119,53.75812149,-15.90910149,-3.822133541,-0.298949033,-0.530902743,-0.767986119,53.75812149,-15.90910149,-3.822133541,-0.298949033,-0.530902743,-0.767986119
6.140000292,-0.443352789,1.049228311,-0.442831874,-0.520629764,0.459827989,0.28057003,-0.035847601,-0.022694534,-0.262608737,0.900943756,-0.564746082,-0.724386156,54.55575562,-13.03276062,-5.697785378,-0.364821911,-0.678479791,-0.779551923,54.55575562,-13.03276062,-5.697785378,-0.364821911,-0.678479791,-0.779551923,54.55575562,-13.03276062,-5.697785378,-0.364821911,-0.678479791,-0.779551923
6.150000292,-0.443670362,1.04891932,-0.445929408,-0.511606097,0.453994364,0.273244858,-0.030721372,-0.035846602,-0.319320679,0.903032482,-0.587709069,-0.73427844,54.99877167,-17.44181061,-6.03176403,-0.480038464,-0.624426305,-0.766167402,54.99877167,-17.44181061,-6.03176403,-0.480038464,-0.624426305,-0.766167402,54.99877167,-17.44181061,-6.03176403,-0.480038464,-0.624426305,-0.766167402
6.160000293,-0.443936437,1.048270822,-0.449401736,-0.502628207,0.447917551,0.265836716,-0.025572358,-0.07243339,-0.353410304,0.895996809,-0.612897277,-0.742449045,55.08593369,-18.30636406,-5.869725704,-0.761069179,-0.725020587,-0.761584938,55.08593369,-18.30636406,-5.869725704,-0.761069179,-0.725020587,-0.761584938,55.08593369,-18.30636406,-5.869725704,-0.761069179,-0.725020587,-0.761584938
6.170000293,-0.444151014,1.047481179,-0.453369021,-0.493689865,0.441590875,0.258330345,-0.020459712,-0.078654222,-0.408947587,0.893835723,-0.637588143,-0.752765894,54.84587479,-15.12990475,-5.559116364,-0.44855088,-0.643464267,-0.761846066,54.84587479,-15.12990475,-5.559116364,-0.44855088,-0.643464267,-0.761846066,54.84587479,-15.12990475,-5.559116364,-0.44855088,-0.643464267,-0.761846066
6.180000294,-0.444315046,1.046702981,-0.45782268,-0.484733909,0.435039133,0.250716209,-0.015403479,-0.077333353,-0.453655779,0.896105409,-0.659566045,-0.763445616,54.32592392,-14.28432178,-4.539073467,-0.261118889,-0.541775942,-0.749011099,54.32592392,-14.28432178,-4.539073467,-0.261118889,-0.541775942,-0.749011099,54.32592392,-14.28432178,-4.539073467,-0.261118889,-0.541775942,-0.749011099
6.190000294,-0.444429487,1.045837045,-0.462413669,-0.475812286,0.428258508,0.243005961,-0.010420956,-0.08971183,-0.458201736,0.890905023,-0.683005929,-0.772857308,53.54783249,-14.2501297,-3.14094758,-0.348064959,-0.55785203,-0.730771422,53.54783249,-14.2501297,-3.14094758,-0.348064959,-0.55785203,-0.730771422,53.54783249,-14.2501297,-3.14094758,-0.348064959,-0.55785203,-0.730771422
6.200000294,-0.444496244,1.044887185,-0.466892123,-0.466897339,0.421253771,0.235202521,-0.005544903,-0.095865808,-0.444678873,0.892149031,-0.704706848,-0.782276273,52.53116226,-12.40731335,-2.007114887,0.041489352,-0.440432817,-0.71487391,52.53116226,-12.40731335,-2.007114887,0.041489352,-0.440432817,-0.71487391,52.53116226,-12.40731335,-2.007114887,0.041489352,-0.440432817,-0.71487391
6.210000295,-0.444515318,1.043971658,-0.471178889,-0.45796141,0.414041132,0.22730276,-0.000798164,-0.089017719,-0.424285799,0.893902421,-0.725335956,-0.791909456,51.3135643,-10.76732922,-1.166504145,0.128851101,-0.382528812,-0.695681989,51.3135643,-10.76732922,-1.166504145,0.128851101,-0.382528812,-0.695681989,51.3135643,-10.76732922,-1.166504145,0.128851101,-0.382528812,-0.695681989
6.220000295,-0.444483846,1.042350411,-0.474552989,-0.449181885,0.406619638,0.219360083,0.004086923,-0.186518461,-0.309917659,0.872536004,-0.746363521,-0.794400334,52.7942276,-20.14570045,-1.265563846,-0.800476968,-0.529052615,-0.691483259,52.7942276,-20.14570045,-1.265563846,-0.800476968,-0.529052615,-0.691483259,52.7942276,-20.14570045,-1.265563846,-0.800476968,-0.529052615,-0.691483259
6.230000296,-0.444402784,1.040031075,-0.477290034,-0.44046244,0.398961633,0.211369723,0.009066093,-0.239094004,-0.270878136,0.873567164,-0.77086854,-0.800492883,53.86094666,-15.56059456,-3.2170403,-0.104606949,-0.60989809,-0.717922807,53.86094666,-15.56059456,-3.2170403,-0.104606949,-0.60989809,-0.717922807,53.86094666,-15.56059456,-3.2170403,-0.104606949,-0.60989809,-0.717922807
6.240000296,-0.444272131,1.037810922,-0.480501056,-0.431712478,0.391103357,0.203276366,0.014085692,-0.213957697,-0.338840544,0.874951482,-0.789061487,-0.81183362,54.55485153,-11.97756004,-5.052285194,-0.348371357,-0.434794068,-0.726485908,54.55485153,-11.97756004,-5.052285194,-0.348371357,-0.434794068,-0.726485908,54.55485153,-11.97756004,-5.052285194,-0.348371357,-0.434794068,-0.726485908
6.250000297,-0.444090933,1.035602212,-0.484300494,-0.423009247,0.383056253,0.195089072,0.019162076,-0.225331008,-0.387786031,0.868811548,-0.808836341,-0.820127904,54.9188652,-16.66162109,-5.343534946,-0.701346397,-0.598360062,-0.70782733,54.9188652,-16.66162109,-5.343534946,-0.701346397,-0.598360062,-0.70782733,54.9188652,-16.66162109,-5.343534946,-0.701346397,-0.598360062,-0.70782733
6.260000297,-0.443858236,1.033046365,-0.488396525,-0.414325088,0.374797434,0.186837405,0.024254756,-0.263866216,-0.414318532,0.868739963,-0.830183864,-0.826326907,54.93418503,-17.75194168,-5.236536503,-0.537918687,-0.629246056,-0.699589968,54.93418503,-17.75194168,-5.236536503,-0.537918687,-0.629246056,-0.699589968,54.93418503,-17.75194168,-5.236536503,-0.537918687,-0.629246056,-0.699589968
6.270000298,-0.443575948,1.030349374,-0.492941737,-0.405681938,0.36634025,0.178508013,0.029302053,-0.268887699,-0.466335207,0.862716019,-0.849439621,-0.834762335,54.62747574,-14.39038372,-5.057075024,-0.620687962,-0.523428857,-0.69852829,54.62747574,-14.39038372,-5.057075024,-0.620687962,-0.523428857,-0.69852829,54.62747574,-14.39038372,-5.057075024,-0.620687962,-0.523428857,-0.69852829
6.280000298,-0.443242162,1.027686715,-0.497974277,-0.397053093,0.357691377,0.170090407,0.034287527,-0.265769929,-0.511672735,0.863471866,-0.868804693,-0.843485177,54.05952835,-13.67448044,-4.173591614,-0.282815307,-0.503444731,-0.684682369,54.05952835,-13.67448044,-4.173591614,-0.282815307,-0.503444731,-0.684682369,54.05952835,-13.67448044,-4.173591614,-0.282815307,-0.503444731,-0.684682369
6.290000299,-0.442860693,1.024928689,-0.503163159,-0.388415664,0.348856539,0.161597461,0.039195731,-0.279236138,-0.518397629,0.86369729,-0.887132943,-0.850645602,53.23204803,-13.94416332,-2.869571924,-0.24101685,-0.438563973,-0.666455567,53.23204803,-13.94416332,-2.869571924,-0.24101685,-0.438563973,-0.666455567,53.23204803,-13.94416332,-2.869571924,-0.24101685,-0.438563973,-0.666455567
6.300000299,-0.442431539,1.02207911,-0.508269131,-0.37981829,0.339835733,0.153033465,0.043993428,-0.28578335,-0.508067191,0.858535051,-0.905768871,-0.857824504,52.18027878,-12.07861137,-1.795335531,-0.198446512,-0.398699284,-0.6526227,52.18027878,-12.07861137,-1.795335531,-0.198446512,-0.398699284,-0.6526227,52.18027878,-12.07861137,-1.795335531,-0.198446512,-0.398699284,-0.6526227
6.3100003,-0.441954702,1.019275308,-0.513232052,-0.371200889,0.330642313,0.144396037,0.048658736,-0.279284418,-0.493244857,0.863256991,-0.922865748,-0.865272045,50.93081665,-10.44719505,-0.974562526,0.233669996,-0.303180575,-0.636220038,50.93081665,-10.44719505,-0.974562526,0.233669996,-0.303180575,-0.636220038,50.93081665,-10.44719505,-0.974562526,0.233669996,-0.303180575,-0.636220038
6.3200003,-0.441430181,1.015708566,-0.517248929,-0.362834305,0.321325868,0.135740966,0.053448897,-0.382841557,-0.372310936,0.827327609,-0.93347317,-0.865073383,52.25338364,-19.98609924,-0.653964698,-1.240053058,-0.285930842,-0.625169992,52.25338364,-19.98609924,-0.653964698,-1.240053058,-0.285930842,-0.625169992,52.25338364,-19.98609924,-0.653964698,-1.240053058,-0.285930842,-0.625169992
6.330000301,-0.440857977,1.011397958,-0.520539105,-0.354570717,0.311807245,0.12706396,0.058316857,-0.438255727,-0.324463904,0.829361022,-0.95737654,-0.868687391,53.18996429,-14.70470047,-2.340527534,0.071239114,-0.633443654,-0.647910416,53.18996429,-14.70470047,-2.340527534,0.071239114,-0.633443654,-0.647910416,53.18996429,-14.70470047,-2.340527534,0.071239114,-0.633443654,-0.647910416
6.340000301,-0.440235227,1.007213235,-0.524229825,-0.34623751,0.302151293,0.118304938,0.063208975,-0.409558952,-0.385143608,0.83366257,-0.966531634,-0.877983689,53.77820587,-10.51826859,-4.022921562,-0.206618011,-0.142763808,-0.652726114,53.77820587,-10.51826859,-4.022921562,-0.206618011,-0.142763808,-0.652726114,53.77820587,-10.51826859,-4.022921562,-0.206618011,-0.142763808,-0.652726114
6.350000302,-0.439562887,1.003070474,-0.528405011,-0.337995857,0.292368501,0.109474629,0.068147339,-0.418850839,-0.422775209,0.820875525,-0.981916964,-0.884043694,54.04384995,-15.37235641,-4.219504833,-0.806736588,-0.50951463,-0.629100919,54.04384995,-15.37235641,-4.219504833,-0.806736588,-0.50951463,-0.629100919,54.04384995,-15.37235641,-4.219504833,-0.806736588,-0.50951463,-0.629100919
6.360000302,-0.438842863,0.998571873,-0.532763302,-0.329755157,0.28241691,0.100604504,0.073093802,-0.45831126,-0.438343078,0.826148272,-0.998374999,-0.88767755,53.9749527,-16.63738632,-4.162102699,-0.27776736,-0.477083623,-0.617543995,53.9749527,-16.63738632,-4.162102699,-0.27776736,-0.477083623,-0.617543995,53.9749527,-16.63738632,-4.162102699,-0.27776736,-0.477083623,-0.617543995
6.370000303,-0.438072294,0.99394846,-0.537497342,-0.32154879,0.272327989,0.091680974,0.077987134,-0.460885137,-0.484150916,0.818053365,-1.011167049,-0.893693864,53.6134758,-13.1063633,-4.142231941,-0.648926616,-0.346530229,-0.615511179,53.6134758,-13.1063633,-4.142231941,-0.648926616,-0.346530229,-0.615511179,53.6134758,-13.1063633,-4.142231941,-0.648926616,-0.346530229,-0.615511179
6.380000303,-0.437252134,0.98938036,-0.542689145,-0.313380569,0.262095064,0.082694501,0.082814105,-0.455533683,-0.527327061,0.817211568,-1.026698232,-0.899866998,52.99123383,-12.63993454,-3.444214344,-0.248706415,-0.408470064,-0.600888133,52.99123383,-12.63993454,-3.444214344,-0.248706415,-0.408470064,-0.600888133,52.99123383,-12.63993454,-3.444214344,-0.248706415,-0.408470064,-0.600888133
6.390000304,-0.43638429,0.984724522,-0.548039258,-0.305173248,0.251726717,0.073660105,0.08756128,-0.469454229,-0.535090625,0.821763098,-1.039055347,-0.904216707,52.12453079,-13.24260426,-2.314749956,-0.096700802,-0.277261019,-0.58335638,52.12453079,-13.24260426,-2.314749956,-0.096700802,-0.277261019,-0.58335638,52.12453079,-13.24260426,-2.314749956,-0.096700802,-0.277261019,-0.58335638
6.400000304,-0.435472578,0.979969501,-0.553337872,-0.297025055,0.241222471,0.064583033,0.092195116,-0.476355642,-0.528188229,0.812162936,-1.053465724,-0.908612907,51.03556824,-11.47938442,-1.381101251,-0.33166346,-0.309411645,-0.572352767,51.03556824,-11.47938442,-1.381101251,-0.33166346,-0.309411645,-0.572352767,51.03556824,-11.47938442,-1.381101251,-0.33166346,-0.309411645,-0.572352767
6.410000304,-0.434514135,0.975246906,-0.558554471,-0.288865417,0.230585188,0.055459216,0.096695796,-0.470401883,-0.519875586,0.818195581,-1.066131711,-0.913322628,49.7740593,-9.922166824,-0.64561069,0.318341941,-0.19118689,-0.559646249,49.7740593,-9.922166824,-0.64561069,0.318341941,-0.19118689,-0.559646249,49.7740593,-9.922166824,-0.64561069,0.318341941,-0.19118689,-0.559646249
6.420000305,-0.433509916,0.969770908,-0.562853634,-0.281012863,0.21991834,0.046345547,0.101302348,-0.573985457,-0.400221854,0.773615718,-1.066070795,-0.910402,50.90673065,-19.07108307,0.086346999,-1.447099328,-0.011944411,-0.541574657,50.90673065,-19.07108307,0.086346999,-1.447099328,-0.011944411,-0.541574657,50.90673065,-19.07108307,0.086346999,-1.447099328,-0.011944411,-0.541574657
6.430000305,-0.432460874,0.963543415,-0.566368878,-0.273290962,0.209097475,0.037239388,0.105970219,-0.630236745,-0.345180869,0.775657415,-1.087689757,-0.911004364,51.6800499,-13.49925232,-1.212540865,0.239334315,-0.590403318,-0.558194757,51.6800499,-13.49925232,-1.212540865,0.239334315,-0.590403318,-0.558194757,51.6800499,-13.49925232,-1.212540865,0.239334315,-0.590403318,-0.558194757
6.440000306,-0.431364149,0.957445621,-0.570172131,-0.265480369,0.198206037,0.02808091,0.110645972,-0.600481689,-0.393952519,0.781702161,-1.087760568,-0.917337358,52.13537598,-8.9031744,-2.649221659,-0.013349988,0.162734121,-0.559224308,52.13537598,-8.9031744,-2.649221659,-0.013349988,0.162734121,-0.559224308,52.13537598,-8.9031744,-2.649221659,-0.013349988,0.162734121,-0.559224308
6.450000306,-0.43021974,0.9514184,-0.574332058,-0.257780403,0.187255472,0.018879443,0.115355425,-0.606685162,-0.419028491,0.765922487,-1.097834706,-0.920581043,52.29829407,-13.55622864,-2.75976634,-0.732261837,-0.362903148,-0.532634914,52.29829407,-13.55622864,-2.75976634,-0.732261837,-0.362903148,-0.532634914,52.29829407,-13.55622864,-2.75976634,-0.732261837,-0.362903148,-0.532634914
6.460000307,-0.429027647,0.945057392,-0.57856065,-0.2500709,0.176190466,0.009667873,0.120064452,-0.644455969,-0.423082024,0.77408129,-1.10843122,-0.921201944,52.1481514,-14.96628952,-2.750593662,-0.028074015,-0.276515186,-0.51844269,52.1481514,-14.96628952,-2.750593662,-0.028074015,-0.276515186,-0.51844269,52.1481514,-14.96628952,-2.750593662,-0.028074015,-0.276515186,-0.51844269
6.470000307,-0.427788824,0.938581944,-0.5830639,-0.242388085,0.165057272,0.000433601,0.124713436,-0.645359457,-0.459356546,0.765306711,-1.114273906,-0.924152613,51.71224594,-11.55068684,-2.882980824,-0.549420297,-0.135896504,-0.515699446,51.71224594,-11.55068684,-2.882980824,-0.549420297,-0.135896504,-0.515699446,51.71224594,-11.55068684,-2.882980824,-0.549420297,-0.135896504,-0.515699446
6.480000308,-0.426506132,0.932188511,-0.587969601,-0.234754875,0.153831571,-0.008832777,0.129292235,-0.637972772,-0.498088837,0.763658106,-1.125027895,-0.927222371,51.0439949,-11.2496109,-2.418499947,-0.144033551,-0.266869962,-0.501677632,51.0439949,-11.2496109,-2.418499947,-0.144033551,-0.266869962,-0.501677632,51.0439949,-11.2496109,-2.418499947,-0.144033551,-0.266869962,-0.501677632
6.490000308,-0.42517671,0.925713062,-0.593029797,-0.227063969,0.142532438,-0.01811491,0.133791059,-0.651613295,-0.506249726,0.770759702,-1.130785346,-0.928356588,50.16867828,-12.18763351,-1.526990771,0.053872403,-0.08466395,-0.485996276,50.16867828,-12.18763351,-1.526990771,0.053872403,-0.08466395,-0.485996276,50.16867828,-12.18763351,-1.526990771,0.053872403,-0.08466395,-0.485996276
6.500000309,-0.423803419,0.91913271,-0.598069012,-0.219443634,0.131150812,-0.027408168,0.138177931,-0.658664942,-0.503105223,0.758615553,-1.140282989,-0.929607391,49.07696152,-10.612854,-0.786700428,-0.358823538,-0.187563643,-0.478473395,49.07696152,-10.612854,-0.786700428,-0.358823538,-0.187563643,-0.478473395,49.07696152,-10.612854,-0.786700428,-0.358823538,-0.187563643,-0.478473395
6.510000309,-0.422388166,0.912584782,-0.603087246,-0.211817101,0.119686849,-0.036717039,0.142432854,-0.653264225,-0.501947999,0.765167534,-1.147717237,-0.931215286,47.8115921,-9.172442436,-0.180444777,0.402483404,-0.049553264,-0.470036477,47.8115921,-9.172442436,-0.180444777,0.402483404,-0.049553264,-0.470036477,47.8115921,-9.172442436,-0.180444777,0.402483404,-0.049553264,-0.470036477
6.52000031,-0.420929044,0.905310154,-0.607258618,-0.20452483,0.108283289,-0.045987945,0.146770865,-0.752570748,-0.389023364,0.716429472,-1.137441158,-0.925601542,48.72994232,-17.57654381,0.932094753,-1.474521637,0.26860559,-0.445036352,48.72994232,-17.57654381,0.932094753,-1.474521637,0.26860559,-0.445036352,48.72994232,-17.57654381,0.932094753,-1.474521637,0.26860559,-0.445036352
6.53000031,-0.419427007,0.897316456,-0.610634625,-0.197381809,0.096782215,-0.05521987,0.151153967,-0.806438148,-0.33009991,0.717945635,-1.155280471,-0.922877789,49.31861115,-11.87642288,0.08009737,0.415764093,-0.487935632,-0.453862339,49.31861115,-11.87642288,0.08009737,0.415764093,-0.487935632,-0.453862339,49.31861115,-11.87642288,0.08009737,0.415764093,-0.487935632,-0.453862339
6.540000311,-0.417880148,0.889458179,-0.614178479,-0.190136269,0.085281856,-0.064467408,0.155529544,-0.776634574,-0.365128487,0.725545704,-1.146574974,-0.925466776,49.61371613,-7.124862194,-1.027252555,0.241088614,0.461949319,-0.451047719,49.61371613,-7.124862194,-1.027252555,0.241088614,0.461949319,-0.451047719,49.61371613,-7.124862194,-1.027252555,0.241088614,0.461949319,-0.451047719
6.550000311,-0.416289419,0.881689548,-0.617935956,-0.183005169,0.073792703,-0.073722102,0.159924001,-0.780058265,-0.375794679,0.708604574,-1.150866628,-0.925250828,49.64590073,-11.41750717,-1.027235508,-0.545342088,-0.180997357,-0.423779339,49.64590073,-11.41750717,-1.027235508,-0.545342088,-0.180997357,-0.423779339,49.64590073,-11.41750717,-1.027235508,-0.545342088,-0.180997357,-0.423779339
6.560000312,-0.414654821,0.873623371,-0.62163049,-0.175859764,0.062247761,-0.082952954,0.164307266,-0.814394772,-0.367403299,0.718045413,-1.155043244,-0.92244637,49.39977264,-12.83565331,-1.057219267,0.238609865,-0.046356145,-0.408882678,49.39977264,-12.83565331,-1.057219267,0.238609865,-0.046356145,-0.408882678,49.39977264,-12.83565331,-1.057219267,0.238609865,-0.046356145,-0.408882678
6.570000312,-0.412977308,0.865467548,-0.625485241,-0.168732002,0.050705321,-0.092171408,0.168625474,-0.813257575,-0.39227429,0.709857285,-1.153784633,-0.921863258,48.89937973,-9.67478466,-1.34072125,-0.339451969,0.092540845,-0.406468779,48.89937973,-9.67478466,-1.34072125,-0.339451969,0.092540845,-0.406468779,48.89937973,-9.67478466,-1.34072125,-0.339451969,0.092540845,-0.406468779
6.580000313,-0.41125688,0.857405186,-0.629660428,-0.161655739,0.039128669,-0.101386286,0.172871411,-0.804578722,-0.423856646,0.707886875,-1.159113884,-0.921380699,48.19354248,-9.613060951,-1.131382227,0.016863503,-0.095176548,-0.394492745,48.19354248,-9.613060951,-1.131382227,0.016863503,-0.095176548,-0.394492745,48.19354248,-9.613060951,-1.131382227,0.016863503,-0.095176548,-0.394492745
6.590000313,-0.409494489,0.849270344,-0.633972943,-0.154514626,0.02754093,-0.110582806,0.17703487,-0.817017078,-0.431610644,0.716127872,-1.158182979,-0.91910696,47.28802872,-10.77280235,-0.534494996,0.216788307,0.119220451,-0.382189393,47.28802872,-10.77280235,-0.534494996,0.216788307,0.119220451,-0.382189393,47.28802872,-10.77280235,-0.534494996,0.216788307,0.119220451,-0.382189393
6.600000313,-0.407692045,0.841043949,-0.638296902,-0.147444561,0.015930422,-0.119757153,0.181087926,-0.823430479,-0.432643563,0.703300536,-1.162208676,-0.91709286,46.19672775,-9.458426476,-0.038562264,-0.288406849,-0.039774656,-0.378588915,46.19672775,-9.458426476,-0.038562264,-0.288406849,-0.039774656,-0.378588915,46.19672775,-9.458426476,-0.038562264,-0.288406849,-0.039774656,-0.378588915
6.610000314,-0.405849546,0.832838535,-0.642664731,-0.140374497,0.004291873,-0.128914803,0.185013324,-0.819349527,-0.438072026,0.709456027,-1.164018512,-0.915417075,44.95342255,-8.288783073,0.401603788,0.472960919,0.103180215,-0.374596089,44.95342255,-8.288783073,0.401603788,0.472960919,0.103180215,-0.374596089,44.95342255,-8.288783073,0.401603788,0.472960919,0.103180215,-0.374596089
6.620000314,-0.403967947,0.823969364,-0.6462906,-0.133641556,-0.007202939,-0.138008088,0.188994393,-0.909683228,-0.337022275,0.660386503,-1.144580007,-0.907321393,45.61292267,-15.49637032,1.8335706,-1.346502781,0.535005748,-0.343197316,45.61292267,-15.49637032,1.8335706,-1.346502781,0.535005748,-0.343197316,45.61292267,-15.49637032,1.8335706,-1.346502781,0.535005748,-0.343197316
6.630000315,-0.402046293,0.814449787,-0.649151623,-0.127061203,-0.018731259,-0.14702937,0.19300428,-0.958314061,-0.277520657,0.661492884,-1.157214046,-0.90109396,45.9932785,-9.943705559,1.45879662,0.606655955,-0.336816311,-0.342940867,45.9932785,-9.943705559,1.45879662,0.606655955,-0.336816311,-0.342940867,45.9932785,-9.943705559,1.45879662,0.606655955,-0.336816311,-0.342940867
6.640000315,-0.400084585,0.805063725,-0.652056515,-0.120376423,-0.030190192,-0.156023949,0.196993172,-0.930000186,-0.297577232,0.669647157,-1.140659451,-0.899269581,46.11025238,-5.309298038,0.734657288,0.508783042,0.722415686,-0.336797386,46.11025238,-5.309298038,0.734657288,0.508783042,0.722415686,-0.336797386,46.11025238,-5.309298038,0.734657288,0.508783042,0.722415686,-0.336797386
6.650000316,-0.398083776,0.795778751,-0.655022442,-0.113798216,-0.041571248,-0.164984673,0.200985447,-0.930781782,-0.29365024,0.653504074,-1.139012575,-0.895077288,46.00370026,-9.036933899,0.849968791,-0.254766464,0.016452478,-0.31177476,46.00370026,-9.036933899,0.849968791,-0.254766464,0.016452478,-0.31177476,46.00370026,-9.036933899,0.849968791,-0.254766464,0.016452478,-0.31177476
6.660000316,-0.396042913,0.78624773,-0.657799542,-0.107200697,-0.052945007,-0.173883885,0.204955131,-0.959923923,-0.273406237,0.663276255,-1.136534929,-0.888580501,45.65983582,-10.36046886,0.786479831,0.516271174,0.189376876,-0.298592687,45.65983582,-10.36046886,0.786479831,0.516271174,0.189376876,-0.298592687,45.65983582,-10.36046886,0.786479831,0.516271174,0.189376876,-0.298592687
6.670000317,-0.393961996,0.776655674,-0.660614789,-0.100612953,-0.064248405,-0.182733029,0.208856001,-0.956894755,-0.285746515,0.656082153,-1.128526211,-0.88413322,45.09371948,-7.61771059,0.370993227,-0.066390127,0.310995549,-0.297933757,45.09371948,-7.61771059,0.370993227,-0.066390127,0.310995549,-0.297933757,45.09371948,-7.61771059,0.370993227,-0.066390127,0.310995549,-0.297933757
6.680000317,-0.391842932,0.7671628,-0.66365701,-0.094071224,-0.075526558,-0.191540211,0.212682098,-0.947549939,-0.308554024,0.654435754,-1.128139973,-0.879874229,44.34232712,-7.786907196,0.319496393,0.228588209,0.086677924,-0.289804429,44.34232712,-7.786907196,0.319496393,0.228588209,0.086677924,-0.289804429,44.34232712,-7.786907196,0.319496393,0.228588209,0.086677924,-0.289804429
6.690000318,-0.389686674,0.757612705,-0.666802227,-0.087463453,-0.086753689,-0.200294942,0.216423526,-0.958183289,-0.31503275,0.662747681,-1.120793104,-0.874226987,43.42187119,-9.083579063,0.599646389,0.384225786,0.314659894,-0.282296449,43.42187119,-9.083579063,0.599646389,0.384225786,0.314659894,-0.282296449,43.42187119,-9.083579063,0.599646389,0.384225786,0.314659894,-0.282296449
6.700000318,-0.387494177,0.747980595,-0.669989407,-0.080924347,-0.097944818,-0.208995312,0.220057711,-0.963756859,-0.319773883,0.650279462,-1.11920011,-0.86904937,42.34599304,-8.09633255,0.819505394,-0.156178832,0.114799701,-0.282871425,42.34599304,-8.09633255,0.819505394,-0.156178832,0.114799701,-0.282871425,42.34599304,-8.09633255,0.819505394,-0.156178832,0.114799701,-0.282871425
6.710000319,-0.385266393,0.73836565,-0.673279583,-0.074388817,-0.109108292,-0.217647523,0.223569885,-0.960783958,-0.331598282,0.655853391,-1.115376592,-0.864256442,41.1384697,-7.204983234,1.063950062,0.548417509,0.252971768,-0.283235699,41.1384697,-7.204983234,1.063950062,0.548417509,0.252971768,-0.283235699,41.1384697,-7.204983234,1.063950062,0.548417509,0.252971768,-0.283235699
6.720000319,-0.383002371,0.728182316,-0.67596513,-0.068174437,-0.120055042,-0.226210564,0.227109194,-1.037880063,-0.246516645,0.609217405,-1.08810246,-0.854005456,41.52289963,-12.94075584,2.737626553,-1.110602975,0.769802928,-0.2457591,41.52289963,-12.94075584,2.737626553,-1.110602975,0.769802928,-0.2457591,41.52289963,-12.94075584,2.737626553,-1.110602975,0.769802928,-0.2457591
6.73000032,-0.380703062,0.717443943,-0.677944958,-0.062105451,-0.130968824,-0.234671563,0.230660677,-1.079332352,-0.18910937,0.610194266,-1.094673753,-0.844273448,41.66818237,-7.827679157,2.837613106,0.804321766,-0.163747132,-0.235964671,41.66818237,-7.827679157,2.837613106,0.804321766,-0.163747132,-0.235964671,41.66818237,-7.827679157,2.837613106,0.804321766,-0.163747132,-0.235964671
6.74000032,-0.378367513,0.706829548,-0.679854214,-0.055934105,-0.141749635,-0.243060559,0.234178722,-1.05371356,-0.194433972,0.618348897,-1.071481347,-0.837692499,41.5920105,-3.503791094,2.508624315,0.774787247,0.926834524,-0.227406353,41.5920105,-3.503791094,2.508624315,0.774787247,0.926834524,-0.227406353,41.5920105,-3.503791094,2.508624315,0.774787247,0.926834524,-0.227406353
6.750000321,-0.375997633,0.696327686,-0.681677639,-0.049857412,-0.152392641,-0.251370966,0.237683117,-1.051734567,-0.177119389,0.6037063,-1.064101815,-0.829264939,41.32514954,-6.506899834,2.736382484,0.07928478,0.205000103,-0.207188353,41.32514954,-6.506899834,2.736382484,0.07928478,0.205000103,-0.207188353,41.32514954,-6.506899834,2.736382484,0.07928478,0.205000103,-0.207188353
6.760000321,-0.37359342,0.685633183,-0.683205426,-0.043755803,-0.162966505,-0.259582102,0.241151661,-1.07479918,-0.146168172,0.613646805,-1.05520153,-0.818971872,40.8632164,-7.708696365,2.651917934,0.8076002,0.404376954,-0.19803071,40.8632164,-7.708696365,2.651917934,0.8076002,0.404376954,-0.19803071,40.8632164,-7.708696365,2.651917934,0.8076002,0.404376954,-0.19803071
6.770000322,-0.371154875,0.674908161,-0.684649289,-0.03765646,-0.173407331,-0.267703593,0.244547278,-1.069999695,-0.145861715,0.607531965,-1.041155696,-0.810584307,40.22397232,-5.442921162,2.135447979,0.232016355,0.498680353,-0.200742349,40.22397232,-5.442921162,2.135447979,0.232016355,0.498680353,-0.200742349,40.22397232,-5.442921162,2.135447979,0.232016355,0.498680353,-0.200742349
6.780000322,-0.368682951,0.664288044,-0.686213315,-0.031595383,-0.183766618,-0.275745928,0.24786599,-1.06022501,-0.159126148,0.60642463,-1.035181403,-0.802611232,39.43707657,-5.810967445,1.841502428,0.465994716,0.257643282,-0.198016822,39.43707657,-5.810967445,1.841502428,0.465994716,0.257643282,-0.198016822,39.43707657,-5.810967445,1.841502428,0.465994716,0.257643282,-0.198016822
6.790000323,-0.366177648,0.653625965,-0.687844098,-0.025469055,-0.194018617,-0.283702433,0.251098424,-1.068713546,-0.163484603,0.614599168,-1.022023559,-0.793842554,38.51142883,-7.20105505,1.803428769,0.564396322,0.484590858,-0.196196511,38.51142883,-7.20105505,1.803428769,0.564396322,0.484590858,-0.196196511,38.51142883,-7.20105505,1.803428769,0.564396322,0.484590858,-0.196196511
6.800000323,-0.363641828,0.642899036,-0.689535916,-0.019406071,-0.204179063,-0.291576922,0.254226983,-1.073205829,-0.171006322,0.602870882,-1.01505506,-0.785840631,37.45453644,-6.555012226,1.743052483,0.002953315,0.259067655,-0.200960472,37.45453644,-6.555012226,1.743052483,0.002953315,0.259067655,-0.200960472,37.45453644,-6.555012226,1.743052483,0.002953315,0.259067655,-0.200960472
6.810000323,-0.361075491,0.63217783,-0.691376507,-0.013348924,-0.214258924,-0.299375117,0.257240236,-1.071503282,-0.188012391,0.607808232,-1.005915999,-0.778321981,36.29763794,-5.984345436,1.775344014,0.626680493,0.386594683,-0.205144614,36.29763794,-5.984345436,1.775344014,0.626680493,0.386594683,-0.205144614,36.29763794,-5.984345436,1.775344014,0.626680493,0.386594683,-0.205144614
6.820000324,-0.358478636,0.621016026,-0.692772686,-0.007584738,-0.224062696,-0.307065547,0.260251015,-1.131423354,-0.122140788,0.56526494,-0.972462118,-0.766331315,36.38167572,-9.977219582,3.589031458,-0.810002983,0.955198407,-0.162105665,36.38167572,-9.977219582,3.589031458,-0.810002983,0.955198407,-0.162105665,36.38167572,-9.977219582,3.589031458,-0.810002983,0.955198407,-0.162105665
6.830000324,-0.355852216,0.609419346,-0.693556607,-0.001948658,-0.233769193,-0.314624369,0.263257146,-1.163998246,-0.069466941,0.566768229,-0.972667336,-0.753343403,36.28458405,-5.604844093,4.129529953,1.006227374,0.009695108,-0.142962575,36.28458405,-5.604844093,4.129529953,1.006227374,0.009695108,-0.142962575,36.28458405,-5.604844093,4.129529953,1.006227374,0.009695108,-0.142962575
6.840000325,-0.35319528,0.597929478,-0.694166958,0.003782752,-0.243287817,-0.322066844,0.266218811,-1.142481685,-0.060670484,0.574209511,-0.944277108,-0.742062211,36.01383209,-1.792609096,4.189746857,1.004450202,1.064282894,-0.132913336,36.01383209,-1.792609096,4.189746857,1.004450202,1.064282894,-0.132913336,36.01383209,-1.792609096,4.189746857,1.004450202,1.064282894,-0.132913336
6.850000325,-0.350509733,0.58655405,-0.694556057,0.009430441,-0.252617121,-0.329387248,0.269150764,-1.137877226,-0.031722516,0.561269045,-0.931739688,-0.729462147,35.59554672,-3.92357707,4.515169144,0.419780612,0.365569085,-0.119256034,35.59554672,-3.92357707,4.515169144,0.419780612,0.365569085,-0.119256034,35.59554672,-3.92357707,4.515169144,0.419780612,0.365569085,-0.119256034
6.860000326,-0.347795576,0.575052738,-0.694559872,0.01511282,-0.261820078,-0.336571276,0.272034913,-1.15377152,0.00760664,0.571730196,-0.917087734,-0.71554929,35.02936935,-4.935539246,4.417823792,1.105360866,0.580159962,-0.115806133,35.02936935,-4.935539246,4.417823792,1.105360866,0.580159962,-0.115806133,35.02936935,-4.935539246,4.417823792,1.105360866,0.580159962,-0.115806133
6.870000326,-0.345052809,0.563551426,-0.694369137,0.0207997,-0.270838976,-0.343628466,0.274843633,-1.147664547,0.019996053,0.566507339,-0.897953153,-0.703430593,34.32977295,-3.268201351,3.831382513,0.516791105,0.642609358,-0.123036928,34.32977295,-3.268201351,3.831382513,0.516791105,0.642609358,-0.123036928,34.32977295,-3.268201351,3.831382513,0.516791105,0.642609358,-0.123036928
6.880000327,-0.342282385,0.552153111,-0.694191754,0.026454631,-0.279725313,-0.350572169,0.277574122,-1.138190866,0.01658337,0.565882802,-0.886939049,-0.692062497,33.51885986,-3.800990105,3.319788694,0.698918641,0.39928931,-0.126633361,33.51885986,-3.800990105,3.319788694,0.698918641,0.39928931,-0.126633361,33.51885986,-3.800990105,3.319788694,0.698918641,0.39928931,-0.126633361
6.890000327,-0.339485258,0.540728092,-0.694044888,0.032175306,-0.288455248,-0.357401431,0.280217856,-1.144154191,0.014480141,0.57399708,-0.868882716,-0.680637062,32.60459137,-5.185433865,2.979567528,0.74697721,0.616685748,-0.130824149,32.60459137,-5.185433865,2.979567528,0.74697721,0.616685748,-0.130824149,32.60459137,-5.185433865,2.979567528,0.74697721,0.616685748,-0.130824149
6.900000328,-0.336662382,0.529259205,-0.693972409,0.037837747,-0.297045946,-0.364124835,0.282763422,-1.147219419,0.004831165,0.563010573,-0.857102931,-0.670338392,31.59950638,-4.892662525,2.656769276,0.160863206,0.380267948,-0.139278397,31.59950638,-4.892662525,2.656769276,0.160863206,0.380267948,-0.139278397,31.59950638,-4.892662525,2.656769276,0.160863206,0.380267948,-0.139278397
6.910000328,-0.333815664,0.517786503,-0.69408685,0.043493275,-0.305508852,-0.370751917,0.285202801,-1.146870971,-0.016029965,0.567475617,-0.843334019,-0.660659432,30.51846504,-4.67035532,2.483814955,0.704489708,0.492595732,-0.146367207,30.51846504,-4.67035532,2.483814955,0.704489708,0.492595732,-0.146367207,30.51846504,-4.67035532,2.483814955,0.704489708,0.492595732,-0.146367207
6.920000329,-0.330945104,0.506014347,-0.693924725,0.04888821,-0.313651323,-0.377255023,0.287612557,-1.187223911,0.028919263,0.529530168,-0.805519223,-0.647339642,30.30614853,-6.777171135,4.341701984,-0.493149459,1.081044197,-0.098406807,30.30614853,-6.777171135,4.341701984,-0.493149459,1.081044197,-0.098406807,30.30614853,-6.777171135,4.341701984,-0.493149459,1.081044197,-0.098406807
6.930000329,-0.328050703,0.49394846,-0.693262875,0.054180745,-0.32164216,-0.383603632,0.290000767,-1.209529161,0.074412979,0.532499015,-0.799785912,-0.631582499,29.97447968,-3.31657958,5.264919281,1.211510539,0.162652701,-0.071169354,29.97447968,-3.31657958,5.264919281,1.211510539,0.162652701,-0.071169354,29.97447968,-3.31657958,5.264919281,1.211510539,0.162652701,-0.071169354
6.94000033,-0.325132459,0.481969357,-0.692335904,0.059560541,-0.329401255,-0.38979584,0.292334408,-1.192911863,0.09585689,0.538719714,-0.767663419,-0.616123378,29.51699638,-0.192098528,5.682966709,1.177658081,1.13882339,-0.060307328,29.51699638,-0.192098528,5.682966709,1.177658081,1.13882339,-0.060307328,29.51699638,-0.192098528,5.682966709,1.177658081,1.13882339,-0.060307328
6.95000033,-0.322190374,0.470105648,-0.691080868,0.064861037,-0.336931467,-0.39582783,0.294623762,-1.186026812,0.134179771,0.52693814,-0.75088805,-0.599786222,28.96011734,-1.39379406,6.076390743,0.719429374,0.4852947,-0.053578284,28.96011734,-1.39379406,6.076390743,0.719429374,0.4852947,-0.053578284,28.96011734,-1.39379406,6.076390743,0.719429374,0.4852947,-0.053578284
6.960000331,-0.319225401,0.458179951,-0.689377606,0.070211388,-0.344289064,-0.401689112,0.296854496,-1.194791436,0.179424495,0.538769424,-0.731515825,-0.582664967,28.29561615,-2.199237823,5.972960949,1.399215102,0.706816971,-0.05640801,28.29561615,-2.199237823,5.972960949,1.399215102,0.706816971,-0.05640801,28.29561615,-2.199237823,5.972960949,1.399215102,0.706816971,-0.05640801
6.970000331,-0.3162404,0.446280003,-0.687388241,0.075571276,-0.351420641,-0.407392085,0.299007148,-1.187620401,0.202387631,0.53379935,-0.708463848,-0.567336082,27.54068375,-1.129769921,5.352086067,0.748791277,0.738004982,-0.068740949,27.54068375,-1.129769921,5.352086067,0.748791277,0.738004982,-0.068740949,27.54068375,-1.129769921,5.352086067,0.748791277,0.738004982,-0.068740949
6.980000332,-0.313233465,0.434476376,-0.685313046,0.080901124,-0.358378649,-0.412952006,0.301081628,-1.178619146,0.208175927,0.533461988,-0.693312109,-0.553141832,26.72805214,-1.782613993,4.667924404,0.909825087,0.50320363,-0.078549065,26.72805214,-1.782613993,4.667924404,0.909825087,0.50320363,-0.078549065,26.72805214,-1.782613993,4.667924404,0.909825087,0.50320363,-0.078549065
6.990000332,-0.310206503,0.422670841,-0.683228314,0.086301304,-0.3651402,-0.418375552,0.303070962,-1.1818012,0.208343059,0.542028189,-0.671446979,-0.539619029,25.84635162,-3.100085497,4.069680691,0.929345548,0.707702816,-0.088258117,25.84635162,-3.100085497,4.069680691,0.929345548,0.707702816,-0.088258117,25.84635162,-3.100085497,4.069680691,0.929345548,0.707702816,-0.088258117
7.000000332,-0.307160467,0.410836697,-0.681223691,0.091647126,-0.371724367,-0.423674166,0.304969609,-1.183586717,0.197849795,0.531440735,-0.655731678,-0.527599096,24.91260529,-3.189689636,3.518111944,0.292687446,0.470107257,-0.099718809,24.91260529,-3.189689636,3.518111944,0.292687446,0.470107257,-0.099718809,24.91260529,-3.189689636,3.518111944,0.292687446,0.470107257,-0.099718809
7.010000333,-0.304096311,0.398993969,-0.679425061,0.096984603,-0.378144503,-0.428860247,0.306773305,-1.184432864,0.17460461,0.535560608,-0.638306677,-0.516382933,23.93696594,-3.275896072,3.153255701,0.77679038,0.566024661,-0.108789168,23.93696594,-3.275896072,3.153255701,0.77679038,0.566024661,-0.108789168,23.93696594,-3.275896072,3.153255701,0.77679038,0.566024661,-0.108789168
7.020000333,-0.301014036,0.387004375,-0.677521527,0.102092482,-0.384216547,-0.43391186,0.308522582,-1.203808188,0.197462097,0.501928449,-0.598065019,-0.502165735,23.4301796,-3.475819349,4.945879936,-0.19572188,1.144227266,-0.057144631,23.4301796,-3.475819349,4.945879936,-0.19572188,1.144227266,-0.057144631,23.4301796,-3.475819349,4.945879936,-0.19572188,1.144227266,-0.057144631
7.030000334,-0.297915548,0.374866962,-0.675257504,0.107130505,-0.390094042,-0.438791811,0.310231656,-1.215483904,0.233681113,0.507396877,-0.587340713,-0.484305322,22.85820961,-1.088495851,6.172573566,1.408158779,0.283812225,-0.023711132,22.85820961,-1.088495851,6.172573566,1.408158779,0.283812225,-0.023711132,22.85820961,-1.088495851,6.172573566,1.408158779,0.283812225,-0.023711132
7.040000334,-0.294799894,0.362792492,-0.672661602,0.112245061,-0.395709276,-0.443484843,0.311875343,-1.204234719,0.265693307,0.511625528,-0.553085864,-0.465582699,22.22112656,1.267964482,6.905162334,1.266579986,1.155528426,-0.012680248,22.22112656,1.267964482,6.905162334,1.266579986,1.155528426,-0.012680248,22.22112656,1.267964482,6.905162334,1.266579986,1.155528426,-0.012680248
7.050000335,-0.291668981,0.350823879,-0.669651806,0.117276885,-0.401068926,-0.447986186,0.313461065,-1.195378065,0.310687244,0.500310242,-0.533228517,-0.446284801,21.53335571,1.017222285,7.347941399,0.957392931,0.562959909,-0.012071519,21.53335571,1.017222285,7.347941399,0.957392931,0.562959909,-0.012071519,21.53335571,1.017222285,7.347941399,0.957392931,0.562959909,-0.012071519
7.060000335,-0.288521856,0.33886385,-0.666161358,0.122378089,-0.406223536,-0.452292025,0.31498,-1.196729422,0.358586818,0.514342964,-0.510480642,-0.426640123,20.8004055,0.476443797,7.247007847,1.673596501,0.783124566,-0.020760622,20.8004055,0.476443797,7.247007847,1.673596501,0.783124566,-0.020760622,20.8004055,0.476443797,7.247007847,1.673596501,0.783124566,-0.020760622
7.070000336,-0.285360426,0.326954365,-0.662314236,0.127492175,-0.411123514,-0.456414759,0.316420943,-1.18872714,0.390303195,0.509090185,-0.484795719,-0.408838391,20.02360916,0.913551092,6.636366367,0.914260328,0.788849652,-0.03785285,20.02360916,0.913551092,6.636366367,0.914260328,0.788849652,-0.03785285,20.02360916,0.913551092,6.636366367,0.914260328,0.788849652,-0.03785285
7.080000336,-0.282185644,0.315133572,-0.658289731,0.132575259,-0.415822268,-0.460371554,0.317785293,-1.180739284,0.404776454,0.508787215,-0.466656506,-0.392516762,19.22337532,0.162570909,5.830882549,1.080552936,0.567425549,-0.053060509,19.22337532,0.162570909,5.830882549,1.080552936,0.567425549,-0.053060509,19.22337532,0.162570909,5.830882549,1.080552936,0.567425549,-0.053060509
7.090000337,-0.278996557,0.30332613,-0.654217541,0.13773416,-0.420297861,-0.464176714,0.319068998,-1.181348562,0.407344282,0.518099606,-0.442216486,-0.37750414,18.40430832,-1.030425429,5.020446777,1.092360735,0.758499026,-0.067415588,18.40430832,-1.030425429,5.020446777,1.092360735,0.758499026,-0.067415588,18.40430832,-1.030425429,5.020446777,1.092360735,0.758499026,-0.067415588
7.100000337,-0.275796026,0.291512012,-0.650225461,0.142842039,-0.424566507,-0.4678455,0.320271194,-1.181297183,0.396498829,0.507650733,-0.423669219,-0.364374727,17.5639267,-1.430465341,4.28138113,0.395949125,0.526892066,-0.08118733,17.5639267,-1.430465341,4.28138113,0.395949125,0.526892066,-0.08118733,17.5639267,-1.430465341,4.28138113,0.395949125,0.526892066,-0.08118733
7.110000338,-0.272584051,0.279685497,-0.646447003,0.147941336,-0.428645372,-0.471393168,0.321391881,-1.18321681,0.372442335,0.511753201,-0.403692842,-0.352211773,16.72008705,-1.863192439,3.756557226,0.84066546,0.607460916,-0.091257766,16.72008705,-1.863192439,3.756557226,0.84066546,0.607460916,-0.091257766,16.72008705,-1.863192439,3.756557226,0.84066546,0.607460916,-0.091257766
7.120000338,-0.269361585,0.267864704,-0.64272958,0.152831301,-0.432369471,-0.474798739,0.322437197,-1.181579351,0.3731336,0.480775952,-0.363171428,-0.337532759,15.94103432,-0.219969034,5.384917259,0.032682728,1.14284575,-0.037641261,15.94103432,-0.219969034,5.384917259,0.032682728,1.14284575,-0.037641261,15.94103432,-0.219969034,5.384917259,0.032682728,1.14284575,-0.037641261
7.130000339,-0.266129583,0.256042957,-0.638806164,0.157688841,-0.435869455,-0.478023112,0.323424369,-1.182619691,0.398189425,0.490108639,-0.348656207,-0.318348467,15.15933609,1.038935542,6.826834679,1.606680393,0.374575198,-0.000320439,15.15933609,1.038935542,6.826834679,1.606680393,0.374575198,-0.000320439,15.15933609,1.038935542,6.826834679,1.606680393,0.374575198,-0.000320439
7.140000339,-0.262888044,0.244259357,-0.634505093,0.162613139,-0.439091921,-0.481040537,0.324336231,-1.176753163,0.438450664,0.49175933,-0.313944161,-0.297494709,14.36693192,2.570388317,7.819112778,1.262456059,1.121853471,0.010384704,14.36693192,2.570388317,7.819112778,1.262456059,1.121853471,0.010384704,14.36693192,2.570388317,7.819112778,1.262456059,1.121853471,0.010384704
7.15000034,-0.259637922,0.232573509,-0.629732907,0.167438731,-0.442048311,-0.48384434,0.325179309,-1.16640079,0.48739478,0.479613006,-0.29233095,-0.276244044,13.57755661,3.220419645,8.281682014,1.102059841,0.601818323,0.00633409,13.57755661,3.220419645,8.281682014,1.102059841,0.601818323,0.00633409,13.57755661,3.220419645,8.281682014,1.102059841,0.601818323,0.00633409
7.16000034,-0.256379217,0.220952988,-0.624478161,0.172359213,-0.444778681,-0.486436427,0.325949699,-1.161268353,0.535047531,0.497211248,-0.267657548,-0.254909873,12.7917099,2.93310833,8.186306953,1.927630305,0.814498305,-0.006979412,12.7917099,2.93310833,8.186306953,1.927630305,0.814498305,-0.006979412,12.7917099,2.93310833,8.186306953,1.927630305,0.814498305,-0.006979412
7.170000341,-0.25311479,0.209409714,-0.618820965,0.177294478,-0.447241068,-0.488830149,0.326643199,-1.152246714,0.572847188,0.490561008,-0.24079366,-0.235544071,12.01251411,2.841157198,7.621286392,0.981300712,0.798362613,-0.028078742,12.01251411,2.841157198,7.621286392,0.981300712,0.798362613,-0.028078742,12.01251411,2.841157198,7.621286392,0.981300712,0.798362613,-0.028078742
7.180000341,-0.249842852,0.197943211,-0.612908185,0.182188734,-0.449486017,-0.491044581,0.327264577,-1.145515919,0.594723403,0.490030587,-0.220891625,-0.217891082,11.260499,1.974047422,6.752346516,1.203049302,0.597201288,-0.04726316,11.260499,1.974047422,6.752346516,1.203049302,0.597201288,-0.04726316,11.260499,1.974047422,6.752346516,1.203049302,0.597201288,-0.04726316
7.190000342,-0.246566027,0.18650341,-0.606917202,0.187174067,-0.451494455,-0.493095934,0.327812165,-1.143879771,0.599339426,0.501054168,-0.195276722,-0.201996803,10.52111912,0.952168465,5.787055969,1.241830945,0.770263553,-0.065015092,10.52111912,0.952168465,5.787055969,1.241830945,0.770263553,-0.065015092,10.52111912,0.952168465,5.787055969,1.241830945,0.770263553,-0.065015092
7.200000342,-0.243283957,0.175080776,-0.601002514,0.192104563,-0.453281641,-0.49500519,0.328290462,-1.141700983,0.58875072,0.489449143,-0.175074458,-0.18833147,9.811447144,0.306239754,4.916166306,0.429684848,0.553251624,-0.080560572,9.811447144,0.306239754,4.916166306,0.429684848,0.553251624,-0.080560572,9.811447144,0.306239754,4.916166306,0.429684848,0.553251624,-0.080560572
7.210000342,-0.239997596,0.163642406,-0.595295727,0.197027907,-0.454863787,-0.496787608,0.328703344,-1.144709468,0.565471292,0.494406968,-0.153807133,-0.175727397,9.125736237,-0.479783684,4.273618221,0.913477778,0.616747439,-0.091049209,9.125736237,-0.479783684,4.273618221,0.913477778,0.616747439,-0.091049209,9.125736237,-0.479783684,4.273618221,0.913477778,0.616747439,-0.091049209
7.220000343,-0.236707896,0.152357101,-0.5898121,0.201747164,-0.456101656,-0.498428881,0.329023927,-1.122882366,0.544404089,0.46376276,-0.11519172,-0.161061212,8.106741905,2.871067524,5.648361206,0.158429474,1.082235813,-0.038137686,8.106741905,2.871067524,5.648361206,0.158429474,1.082235813,-0.038137686,8.106741905,2.871067524,5.648361206,0.158429474,1.082235813,-0.038137686
7.230000343,-0.233415812,0.141208172,-0.584282696,0.206470713,-0.457103968,-0.499885142,0.329269439,-1.114055872,0.557191908,0.477949411,-0.098195404,-0.141398355,7.141559601,2.973036528,7.224142075,1.795741677,0.437983602,0.000554306,7.141559601,2.973036528,7.224142075,1.795741677,0.437983602,0.000554306,7.141559601,2.973036528,7.224142075,1.795741677,0.437983602,0.000554306
7.240000344,-0.230121821,0.130074024,-0.578350842,0.211256728,-0.457829714,-0.501125336,0.329430789,-1.11339283,0.603496194,0.476999015,-0.064760134,-0.119628504,6.222129822,3.693188906,8.415596008,1.178636432,1.043765664,0.010285823,6.222129822,3.693188906,8.415596008,1.178636432,1.043765664,0.010285823,6.222129822,3.693188906,8.415596008,1.178636432,1.043765664,0.010285823
7.250000344,-0.226826876,0.11902564,-0.571911633,0.215912089,-0.4582932,-0.502145767,0.329515129,-1.101946712,0.653895617,0.462283641,-0.042774431,-0.097580664,5.358585358,5.155776978,8.86943531,1.130986452,0.607897401,0.002973525,5.358585358,5.155776978,8.86943531,1.130986452,0.607897401,0.002973525,5.358585358,5.155776978,8.86943531,1.130986452,0.607897401,0.002973525
7.260000345,-0.223531932,0.108093672,-0.565016568,0.220697626,-0.458523989,-0.502944946,0.329523921,-1.09125936,0.698361516,0.485018045,-0.017716285,-0.075535573,4.550925732,5.111239433,8.774968147,2.163545609,0.806551099,-0.013281402,4.550925732,5.111239433,8.774968147,2.163545609,0.806551099,-0.013281402,4.550925732,5.111239433,8.774968147,2.163545609,0.806551099,-0.013281402
7.270000345,-0.220236987,0.097260647,-0.557701886,0.225494131,-0.458487749,-0.503538132,0.329459518,-1.081287742,0.739718258,0.475660205,0.008930629,-0.05560261,3.803705454,4.560501575,8.283979416,0.933086097,0.774318874,-0.037267793,3.803705454,4.560501575,8.283979416,0.933086097,0.774318874,-0.037267793,3.803705454,4.560501575,8.283979416,0.933086097,0.774318874,-0.037267793
7.280000346,-0.216943473,0.086491756,-0.550076306,0.23023437,-0.458233118,-0.503948212,0.329329431,-1.076076984,0.767553627,0.474764138,0.02922092,-0.037475713,3.115041018,3.586618662,7.404466152,1.274337053,0.593354821,-0.058959387,3.115041018,3.586618662,7.404466152,1.274337053,0.593354821,-0.058959387,3.115041018,3.586618662,7.404466152,1.274337053,0.593354821,-0.058959387
7.290000346,-0.213651866,0.075758152,-0.5423401,0.235084757,-0.457740068,-0.504192352,0.329135627,-1.07271719,0.773908913,0.488206863,0.054674394,-0.021350285,2.487506866,2.768148661,6.349268436,1.361299753,0.750109851,-0.078932382,2.487506866,2.768148661,6.349268436,1.361299753,0.750109851,-0.078932382,2.487506866,2.768148661,6.349268436,1.361299753,0.750109851,-0.078932382
7.300000347,-0.210362643,0.065066509,-0.534676373,0.239872679,-0.457024813,-0.504295349,0.328886271,-1.068210483,0.763920903,0.474587232,0.075257897,-0.00771196,1.922390699,1.958345413,5.398245811,0.400874645,0.549390197,-0.095706634,1.922390699,1.958345413,5.398245811,0.400874645,0.549390197,-0.095706634,1.922390699,1.958345413,5.398245811,0.400874645,0.549390197,-0.095706634
7.310000347,-0.207076281,0.054356627,-0.527201474,0.244656309,-0.456103563,-0.504272461,0.32858929,-1.072256446,0.742796361,0.481080621,0.096536607,0.004845295,1.41602087,0.824042439,4.683135033,0.980964422,0.596427619,-0.106228955,1.41602087,0.824042439,4.683135033,0.980964422,0.596427619,-0.106228955,1.41602087,0.824042439,4.683135033,0.980964422,0.596427619,-0.106228955
7.320000348,-0.203793257,0.043934159,-0.520100415,0.249225363,-0.454868555,-0.504110336,0.328187406,-1.031822681,0.700760543,0.44796288,0.131143123,0.018968262,0.196406677,5.661912441,5.724536419,0.158179507,0.968670189,-0.056802139,0.196406677,5.661912441,5.724536419,0.158179507,0.968670189,-0.056802139,0.196406677,5.661912441,5.724536419,0.158179507,0.968670189,-0.056802139
7.330000348,-0.200515479,0.033772878,-0.513119519,0.253831208,-0.453401804,-0.503768921,0.327695012,-1.014369845,0.700466931,0.467609555,0.149375334,0.038210649,-0.919257045,4.614741802,7.348891258,1.959681273,0.478492528,-0.019294301,-0.919257045,4.614741802,7.348891258,1.959681273,0.478492528,-0.019294301,-0.919257045,4.614741802,7.348891258,1.959681273,0.478492528,-0.019294301
7.340000349,-0.197242469,0.023600584,-0.505734265,0.25849849,-0.451672792,-0.50321579,0.327111661,-1.018767118,0.750586987,0.464055985,0.179842487,0.05967677,-1.931041837,4.559726238,8.675987244,1.012589455,0.924424589,-0.011099031,-1.931041837,4.559726238,8.675987244,1.012589455,0.924424589,-0.011099031,-1.931041837,4.559726238,8.675987244,1.012589455,0.924424589,-0.011099031
7.350000349,-0.193976611,0.013500815,-0.497829616,0.26299125,-0.449700594,-0.502445221,0.326445788,-1.006536365,0.799730897,0.44518432,0.200786099,0.081327721,-2.84145093,6.744790554,9.09458828,1.0411973,0.583808124,-0.020320615,-2.84145093,6.744790554,9.09458828,1.0411973,0.583808124,-0.020320615,-2.84145093,6.744790554,9.09458828,1.0411973,0.583808124,-0.020320615
7.36000035,-0.190718383,0.003557181,-0.489519298,0.267649949,-0.447504282,-0.501459122,0.325704336,-0.991454959,0.838340938,0.474137187,0.224798456,0.103028141,-3.642926693,6.904423237,9.003556252,2.35927701,0.765966713,-0.037984256,-3.642926693,6.904423237,9.003556252,2.35927701,0.765966713,-0.037984256,-3.642926693,6.904423237,9.003556252,2.35927701,0.765966713,-0.037984256
7.37000035,-0.187467784,-0.006269041,-0.480800807,0.272318184,-0.445055246,-0.500270844,0.324895293,-0.980646014,0.880606472,0.461511999,0.249846071,0.122531511,-4.338162899,5.998318672,8.612193108,0.788312316,0.719177902,-0.063414067,-4.338162899,5.998318672,8.612193108,0.788312316,0.719177902,-0.063414067,-4.338162899,5.998318672,8.612193108,0.788312316,0.719177902,-0.063414067
7.380000351,-0.184225768,-0.016043935,-0.471730411,0.276906312,-0.442399263,-0.498903275,0.324029684,-0.97709614,0.912955582,0.459530056,0.269216508,0.140271381,-4.933549881,4.93240118,7.77610302,1.267640114,0.559728861,-0.086033419,-4.933549881,4.93240118,7.77610302,1.267640114,0.559728861,-0.086033419,-4.933549881,4.93240118,7.77610302,1.267640114,0.559728861,-0.086033419
7.390000351,-0.180992812,-0.025780234,-0.462527454,0.28162986,-0.439518213,-0.497373581,0.323112786,-0.972607374,0.920619249,0.476352274,0.293171704,0.155982226,-5.432186127,4.335746288,6.687271118,1.455131531,0.699521005,-0.106992193,-5.432186127,4.335746288,6.687271118,1.455131531,0.699521005,-0.106992193,-5.432186127,4.335746288,6.687271118,1.455131531,0.699521005,-0.106992193
7.400000351,-0.177769393,-0.035451971,-0.453388393,0.286279023,-0.436425447,-0.495707512,0.322155863,-0.965690732,0.911503375,0.459718525,0.312969774,0.169064522,-5.835431576,3.452231884,5.712732792,0.296149611,0.519214213,-0.124494724,-5.835431576,3.452231884,5.712732792,0.296149611,0.519214213,-0.124494724,-5.835431576,3.452231884,5.712732792,0.296149611,0.519214213,-0.124494724
7.410000352,-0.17455551,-0.045142017,-0.444414318,0.290926278,-0.433136225,-0.493919373,0.32117036,-0.97059536,0.893703818,0.468164444,0.332970291,0.181118414,-6.149436474,2.003115177,4.969886303,1.033125877,0.545991838,-0.134941921,-6.149436474,2.003115177,4.969886303,1.033125877,0.545991838,-0.134941921,-6.149436474,2.003115177,4.969886303,1.033125877,0.545991838,-0.134941921
7.420000352,-0.171353072,-0.054425083,-0.435948551,0.295329392,-0.429579973,-0.492004395,0.320071369,-0.913676798,0.832134366,0.429921001,0.361703753,0.194172278,-7.526628971,8.041040421,5.621581078,0.027551323,0.810353696,-0.091999166,-7.526628971,8.041040421,5.621581078,0.027551323,0.810353696,-0.091999166,-7.526628971,8.041040421,5.621581078,0.027551323,0.810353696,-0.091999166
7.430000353,-0.168162555,-0.063343786,-0.427761257,0.299793541,-0.425810099,-0.489920616,0.31886977,-0.889499903,0.819088697,0.455488503,0.380030394,0.212136745,-8.744367599,5.861743927,7.219283104,2.088866711,0.49733308,-0.05799564,-8.744367599,5.861743927,7.219283104,2.088866711,0.49733308,-0.05799564,-8.744367599,5.861743927,7.219283104,2.088866711,0.49733308,-0.05799564
7.440000353,-0.164984435,-0.072300933,-0.419181049,0.304326355,-0.421809435,-0.487640381,0.317573309,-0.898617566,0.870962203,0.449633479,0.405965805,0.232179403,-9.808492661,5.134798527,8.610219955,0.776529431,0.765997171,-0.05199784,-9.808492661,5.134798527,8.610219955,0.776529431,0.765997171,-0.05199784,-9.808492661,5.134798527,8.610219955,0.776529431,0.765997171,-0.05199784
7.450000354,-0.161819667,-0.081196092,-0.410102069,0.30862838,-0.417596102,-0.485157013,0.316192776,-0.885519147,0.915980458,0.425022781,0.424592286,0.252293229,-10.72234249,7.929533482,8.959051132,0.829324722,0.531977177,-0.062227894,-10.72234249,7.929533482,8.959051132,0.829324722,0.531977177,-0.062227894,-10.72234249,7.929533482,8.959051132,0.829324722,0.531977177,-0.062227894
7.460000354,-0.158669204,-0.089906476,-0.400692165,0.31313926,-0.41318059,-0.482471466,0.314739883,-0.867549241,0.946698904,0.461388528,0.446225703,0.272604376,-11.4888258,8.192716599,8.877663612,2.512271404,0.693959057,-0.079887845,-11.4888258,8.192716599,8.877663612,2.512271404,0.693959057,-0.079887845,-11.4888258,8.192716599,8.877663612,2.512271404,0.693959057,-0.079887845
7.470000355,-0.155533999,-0.098489784,-0.390901744,0.317649186,-0.40854001,-0.479598999,0.313226998,-0.856422305,0.987932444,0.44413352,0.468461812,0.290709019,-12.11159039,7.044878483,8.608348846,0.519831598,0.635089099,-0.105512001,-12.11159039,7.044878483,8.608348846,0.519831598,0.635089099,-0.105512001,-12.11159039,7.044878483,8.608348846,0.519831598,0.635089099,-0.105512001
7.480000355,-0.152414054,-0.107035421,-0.380735576,0.3220523,-0.403716326,-0.476559639,0.311668664,-0.854599237,1.023068666,0.441318631,0.485630065,0.307224333,-12.59480953,5.945952415,7.853367805,1.211290717,0.495044172,-0.127749085,-12.59480953,5.945952415,7.853367805,1.211290717,0.495044172,-0.127749085,-12.59480953,5.945952415,7.853367805,1.211290717,0.495044172,-0.127749085
7.490000356,-0.149309844,-0.11554148,-0.370426357,0.326624215,-0.398691416,-0.473369598,0.310073137,-0.849300981,1.031257272,0.462153763,0.506944537,0.321833998,-12.95011616,5.589062214,6.783611774,1.501178384,0.622449398,-0.148675472,-12.95011616,5.589062214,6.783611774,1.501178384,0.622449398,-0.148675472,-12.95011616,5.589062214,6.783611774,1.501178384,0.622449398,-0.148675472
7.500000356,-0.146222323,-0.123962663,-0.360172451,0.331100762,-0.393474817,-0.470054626,0.308454484,-0.840128779,1.023288965,0.441166908,0.524837434,0.33381483,-13.18125439,4.686765671,5.840280533,0.102164045,0.46083653,-0.166300237,-13.18125439,4.686765671,5.840280533,0.102164045,0.46083653,-0.166300237,-13.18125439,4.686765671,5.840280533,0.102164045,0.46083653,-0.166300237
7.510000357,-0.143150538,-0.132403627,-0.350044429,0.335582078,-0.388086557,-0.466628075,0.306827247,-0.846056044,1.009941936,0.452589452,0.542360783,0.344901204,-13.29375553,2.972689629,5.11383152,1.080351233,0.466180444,-0.176467851,-13.29375553,2.972689629,5.11383152,1.080351233,0.466180444,-0.176467851,-13.29375553,2.972689629,5.11383152,1.080351233,0.466180444,-0.176467851
7.520000357,-0.140095919,-0.140334383,-0.340548694,0.339770615,-0.382493258,-0.463088036,0.305082738,-0.77478528,0.930441082,0.406120777,0.563830614,0.356362969,-14.77521706,9.92788887,5.328068256,-0.259498507,0.616971791,-0.14246428,-14.77521706,9.92788887,5.328068256,-0.259498507,0.616971791,-0.14246428,-14.77521706,9.92788887,5.328068256,-0.259498507,0.616971791,-0.14246428
7.530000358,-0.137059897,-0.147821203,-0.331478298,0.3440364,-0.376713037,-0.459399223,0.303225905,-0.746097744,0.905610979,0.437743634,0.581181526,0.372231603,-16.05986404,6.612243176,6.836129189,2.173546791,0.489966184,-0.114122018,-16.05986404,6.612243176,6.836129189,2.173546791,0.489966184,-0.114122018,-16.05986404,6.612243176,6.836129189,2.173546791,0.489966184,-0.114122018
7.540000358,-0.134042948,-0.155379072,-0.322036922,0.348381341,-0.370743036,-0.455535889,0.301272869,-0.759820163,0.957499683,0.42981267,0.601350129,0.38984713,-17.14307022,5.335243702,8.222821236,0.470272571,0.572711706,-0.11081773,-17.14307022,5.335243702,8.222821236,0.470272571,0.572711706,-0.11081773,-17.14307022,5.335243702,8.222821236,0.470272571,0.572711706,-0.11081773
7.550000359,-0.131046504,-0.162880197,-0.312142551,0.352429688,-0.364605188,-0.451497078,0.299236804,-0.745577395,0.995457351,0.398250043,0.616469264,0.407414943,-18.03487396,8.654482841,8.471345901,0.5072245,0.448439538,-0.121482745,-18.03487396,8.654482841,8.471345901,0.5072245,0.448439538,-0.121482745,-18.03487396,8.654482841,8.471345901,0.5072245,0.448439538,-0.121482745
7.560000359,-0.12807104,-0.170179144,-0.30201453,0.356730759,-0.358296633,-0.44727993,0.297134131,-0.726175785,1.016648769,0.443104297,0.634670854,0.425349623,-18.73723221,8.893486023,8.406186104,2.615537643,0.59356612,-0.138074711,-18.73723221,8.893486023,8.406186104,2.615537643,0.59356612,-0.138074711,-18.73723221,8.893486023,8.406186104,2.615537643,0.59356612,-0.138074711
7.57000036,-0.125117034,-0.177351251,-0.291548908,0.361024201,-0.351802111,-0.44289875,0.294981867,-0.715510309,1.055239439,0.420501262,0.65303582,0.441183418,-19.26041603,7.60571003,8.275038719,0.144835845,0.519603848,-0.162559375,-19.26041603,7.60571003,8.275038719,0.144835845,0.519603848,-0.162559375,-19.26041603,7.60571003,8.275038719,0.144835845,0.519603848,-0.162559375
7.58000036,-0.122184679,-0.184501424,-0.28070277,0.365173638,-0.345158815,-0.438368797,0.292797059,-0.715381265,1.091497064,0.415996343,0.666883469,0.455673754,-19.61518288,6.557353497,7.632297039,1.069886565,0.398645729,-0.183331177,-19.61518288,6.557353497,7.632297039,1.069886565,0.398645729,-0.183331177,-19.61518288,6.557353497,7.632297039,1.069886565,0.398645729,-0.183331177
7.590000361,-0.119274303,-0.191613927,-0.269711673,0.369531929,-0.338349581,-0.433708191,0.290590823,-0.70966512,1.099386573,0.442109197,0.684575915,0.468520314,-19.81400681,6.452968121,6.632370472,1.52204597,0.51897198,-0.203264475,-19.81400681,6.452968121,6.632370472,1.52204597,0.51897198,-0.203264475,-19.81400681,6.452968121,6.632370472,1.52204597,0.51897198,-0.203264475
7.600000361,-0.116386101,-0.198622003,-0.258767307,0.373771012,-0.331382036,-0.428939819,0.288379639,-0.698394656,1.092679858,0.415697664,0.699644208,0.47887978,-19.86381149,5.601521969,5.771166325,-0.183247328,0.375422478,-0.220373645,-19.86381149,5.601521969,5.771166325,-0.183247328,0.375422478,-0.220373645,-19.86381149,5.601521969,5.771166325,-0.183247328,0.375422478,-0.220373645
7.610000361,-0.113519832,-0.205652967,-0.247904003,0.378015816,-0.324272394,-0.424075127,0.286179811,-0.705469072,1.084830642,0.430227965,0.713680029,0.488504052,-19.77662086,3.672507048,5.102654934,1.095306635,0.357660264,-0.230062678,-19.77662086,3.672507048,5.102654934,1.095306635,0.357660264,-0.230062678,-19.77662086,3.672507048,5.102654934,1.095306635,0.357660264,-0.230062678
7.620000362,-0.110676691,-0.212092176,-0.237770736,0.381912529,-0.317028284,-0.41911602,0.283863962,-0.622616291,0.990032315,0.374197006,0.726967394,0.497961819,-21.3036747,11.2390995,4.86144352,-0.655111432,0.395867258,-0.206763029,-21.3036747,11.2390995,4.86144352,-0.655111432,0.395867258,-0.206763029,-21.3036747,11.2390995,4.86144352,-0.655111432,0.395867258,-0.206763029
7.630000362,-0.107857391,-0.218030229,-0.228192031,0.385889351,-0.309636354,-0.41403389,0.281430602,-0.591310263,0.954965532,0.410560966,0.742409468,0.510993481,-22.59915352,6.854197502,6.219760895,2.166806936,0.452087998,-0.186018571,-22.59915352,6.854197502,6.219760895,2.166806936,0.452087998,-0.186018571,-22.59915352,6.854197502,6.219760895,2.166806936,0.452087998,-0.186018571
7.640000363,-0.105063364,-0.22407271,-0.218272865,0.38995868,-0.302103281,-0.408807755,0.278903455,-0.609472692,1.005248547,0.401309311,0.755958617,0.52532661,-23.65757179,5.118191242,7.535324574,0.128653407,0.34946236,-0.185662478,-23.65757179,5.118191242,7.535324574,0.128653407,0.34946236,-0.185662478,-23.65757179,5.118191242,7.535324574,0.128653407,0.34946236,-0.185662478
7.650000363,-0.102295086,-0.230065122,-0.207973182,0.393665612,-0.29445672,-0.403440475,0.276298016,-0.594130099,1.033758283,0.362369597,0.766655922,0.539530456,-24.48932457,8.851167679,7.656928539,0.093761355,0.332183391,-0.196203157,-24.48932457,8.851167679,7.656928539,0.093761355,0.332183391,-0.196203157,-24.48932457,8.851167679,7.656928539,0.093761355,0.332183391,-0.196203157
7.660000364,-0.099553511,-0.235845342,-0.197546661,0.397666276,-0.28668046,-0.397928238,0.273634136,-0.574438989,1.044327021,0.415207267,0.780596316,0.554200947,-25.1039505,8.983302116,7.615749359,2.630460978,0.463317633,-0.211102113,-25.1039505,8.983302116,7.615749359,2.630460978,0.463317633,-0.211102113,-25.1039505,8.983302116,7.615749359,2.630460978,0.463317633,-0.211102113
7.670000364,-0.096838877,-0.241510645,-0.186838806,0.401645958,-0.278764009,-0.392282486,0.270932764,-0.565143764,1.078964353,0.387186438,0.794327676,0.567016482,-25.51160431,7.619623184,7.627141476,-0.302903563,0.37392661,-0.233174503,-25.51160431,7.619623184,7.627141476,-0.302903563,0.37392661,-0.233174503,-25.51160431,7.619623184,7.627141476,-0.302903563,0.37392661,-0.233174503
7.680000365,-0.094151422,-0.247170225,-0.175762355,0.405445397,-0.270741701,-0.386517525,0.268212795,-0.566668987,1.114420295,0.381202936,0.803913951,0.578771293,-25.72761917,6.720942974,7.116513729,0.869599283,0.269039541,-0.251572609,-25.72761917,6.720942974,7.116513729,0.869599283,0.269039541,-0.251572609,-25.72761917,6.720942974,7.116513729,0.869599283,0.269039541,-0.251572609
7.690000365,-0.091490909,-0.252794772,-0.164551437,0.409495652,-0.262597322,-0.380645752,0.265487641,-0.560730457,1.121017575,0.412629187,0.817311347,0.58920908,-25.7656765,6.875697613,6.229104519,1.480969071,0.391686082,-0.269369751,-25.7656765,6.875697613,6.229104519,1.480969071,0.391686082,-0.269369751,-25.7656765,6.875697613,6.229104519,1.480969071,0.391686082,-0.269369751
7.700000366,-0.088857815,-0.258303195,-0.15338105,0.413399994,-0.25432992,-0.374687195,0.262775928,-0.547970712,1.115729094,0.380536586,0.828785002,0.597481132,-25.63793945,6.108913898,5.495814323,-0.530597806,0.261251301,-0.284978718,-25.63793945,6.108913898,5.495814323,-0.530597806,0.261251301,-0.284978718,-25.63793945,6.108913898,5.495814323,-0.530597806,0.261251301,-0.284978718
7.710000366,-0.086251661,-0.263836414,-0.14224261,0.417313874,-0.245964095,-0.36865139,0.260094702,-0.556075752,1.113723278,0.398262978,0.838490129,0.605151415,-25.35644531,4.079384804,4.92191267,1.071514487,0.221636102,-0.29387933,-25.35644531,4.079384804,4.92191267,1.071514487,0.221636102,-0.29387933,-25.35644531,4.079384804,4.92191267,1.071514487,0.221636102,-0.29387933
7.720000367,-0.083672926,-0.268718272,-0.131905735,0.420810044,-0.237537429,-0.362543106,0.257303774,-0.464614153,1.007061958,0.331108272,0.843433559,0.612305045,-26.86994743,11.93419552,4.237566948,-1.162507057,0.160566434,-0.282104582,-26.86994743,11.93419552,4.237566948,-1.162507057,0.160566434,-0.282104582,-26.86994743,11.93419552,4.237566948,-1.162507057,0.160566434,-0.282104582
7.730000367,-0.081123039,-0.273067027,-0.122225225,0.424379647,-0.229007289,-0.356344223,0.254393965,-0.432759106,0.9639346,0.371698201,0.85595715,0.621916294,-28.13117981,6.575544834,5.401339531,2.100654364,0.373030216,-0.270541668,-28.13117981,6.575544834,5.401339531,2.100654364,0.373030216,-0.270541668,-28.13117981,6.575544834,5.401339531,2.100654364,0.373030216,-0.270541668
7.740000368,-0.078602955,-0.277555019,-0.11224407,0.428057015,-0.220390841,-0.350042343,0.251396209,-0.454820424,1.010863066,0.361643016,0.862612903,0.63227874,-29.12421608,4.512029171,6.586138725,-0.243714765,0.109989613,-0.273209035,-29.12421608,4.512029171,6.586138725,-0.243714765,0.109989613,-0.273209035,-29.12421608,4.512029171,6.586138725,-0.243714765,0.109989613,-0.273209035
7.750000368,-0.076113626,-0.281995326,-0.101975143,0.431309998,-0.211719558,-0.343637466,0.248328045,-0.438322455,1.02797246,0.315398425,0.868223727,0.642536342,-29.86808014,8.53633213,6.569734097,-0.379123807,0.181757838,-0.28286165,-29.86808014,8.53633213,6.569734097,-0.379123807,0.181757838,-0.28286165,-29.86808014,8.53633213,6.569734097,-0.379123807,0.181757838,-0.28286165
7.760000369,-0.073655292,-0.286224872,-0.091693819,0.434891045,-0.202966258,-0.337126732,0.245211154,-0.419602931,1.027805567,0.375699937,0.877346277,0.653258085,-30.37108231,8.466288567,6.563749313,2.568092823,0.305254549,-0.295647353,-30.37108231,8.466288567,6.563749313,2.568092823,0.305254549,-0.295647353,-30.37108231,8.466288567,6.563749313,2.568092823,0.305254549,-0.295647353
7.770000369,-0.07122843,-0.29035905,-0.081192434,0.438442528,-0.194123313,-0.330519676,0.242070735,-0.412466586,1.057684898,0.342490643,0.88598907,0.662490606,-30.64913559,7.120278835,6.718129158,-0.796187818,0.201644436,-0.314226717,-30.64913559,7.120278835,6.718129158,-0.796187818,0.201644436,-0.314226717,-30.64913559,7.120278835,6.718129158,-0.796187818,0.201644436,-0.314226717
7.78000037,-0.0688328,-0.294502765,-0.070348918,0.441774666,-0.185224578,-0.323825836,0.238926128,-0.415406674,1.090721846,0.334489882,0.890635431,0.67094177,-30.71953964,6.455749512,6.351986408,0.60376364,0.10889072,-0.32947585,-30.71953964,6.455749512,6.351986408,0.60376364,0.10889072,-0.32947585,-30.71953964,6.455749512,6.351986408,0.60376364,0.10889072,-0.32947585
7.79000037,-0.066468641,-0.298616916,-0.059389412,0.445399582,-0.176250979,-0.317054749,0.235792235,-0.409633994,1.095536113,0.37148878,0.89936012,0.678430855,-30.59919548,6.84654808,5.612136841,1.401323795,0.244764924,-0.344246298,-30.59919548,6.84654808,5.612136841,1.401323795,0.244764924,-0.344246298,-30.59919548,6.84654808,5.612136841,1.401323795,0.244764924,-0.344246298
7.80000037,-0.064135477,-0.302606136,-0.048462331,0.448851883,-0.167197272,-0.310223579,0.232690096,-0.395958394,1.091894269,0.333531886,0.906683862,0.684220612,-30.29859543,6.218249798,5.038523674,-0.929433107,0.120966733,-0.357391059,-30.29859543,6.218249798,5.038523674,-0.929433107,0.120966733,-0.357391059,-30.29859543,6.218249798,5.038523674,-0.929433107,0.120966733,-0.357391059
7.810000371,-0.061833013,-0.306625873,-0.037516057,0.452313721,-0.158090636,-0.303339005,0.229635939,-0.404964238,1.095823288,0.354085982,0.911560535,0.689473987,-29.83743286,4.175002575,4.581896305,1.005444646,0.065203659,-0.364991695,-29.83743286,4.175002575,4.581896305,1.005444646,0.065203659,-0.364991695,-29.83743286,4.175002575,4.581896305,1.005444646,0.065203659,-0.364991695
7.820000371,-0.059561837,-0.309958011,-0.027412653,0.455289185,-0.148994967,-0.296405792,0.226483107,-0.308282167,0.981422961,0.275954127,0.908522964,0.694143474,-31.279356,12.01691914,3.485522985,-1.722663045,-0.079621345,-0.364415973,-31.279356,12.01691914,3.485522985,-1.722663045,-0.079621345,-0.364415973,-31.279356,12.01691914,3.485522985,-1.722663045,-0.079621345,-0.364415973
7.830000372,-0.057323087,-0.312746555,-0.01804018,0.458316147,-0.13984637,-0.289419174,0.223214835,-0.27729243,0.932180226,0.318775773,0.917275369,0.699887753,-32.4546051,5.852048874,4.41531229,1.942648411,0.252601802,-0.362915069,-32.4546051,5.852048874,4.41531229,1.942648411,0.252601802,-0.362915069,-32.4546051,5.852048874,4.41531229,1.942648411,0.252601802,-0.362915069
7.840000372,-0.055117715,-0.31570676,-0.008417794,0.461471856,-0.130667731,-0.282372475,0.219867706,-0.302755922,0.973950922,0.309211701,0.91722095,0.705788195,-33.34295273,3.538439512,5.42445755,-0.594210386,-0.133159488,-0.368119925,-33.34295273,3.538439512,5.42445755,-0.594210386,-0.133159488,-0.368119925,-33.34295273,3.538439512,5.42445755,-0.594210386,-0.133159488,-0.368119925
7.850000373,-0.052946199,-0.318622142,0.001386514,0.464147866,-0.121495768,-0.275266647,0.21646148,-0.285540015,0.978679359,0.255850852,0.917467237,0.711741745,-33.9679451,7.728460312,5.273554325,-0.89802146,0.003480558,-0.376130372,-33.9679451,7.728460312,5.273554325,-0.89802146,0.003480558,-0.376130372,-33.9679451,7.728460312,5.273554325,-0.89802146,0.003480558,-0.376130372
7.860000373,-0.050809134,-0.321337253,0.011088881,0.467173874,-0.112290427,-0.268099785,0.213017434,-0.268755436,0.968011379,0.322086632,0.921463966,0.718036532,-34.34252548,7.426427364,5.311152935,2.427100897,0.123413421,-0.386449277,-34.34252548,7.426427364,5.311152935,2.427100897,0.123413421,-0.386449277,-34.34252548,7.426427364,5.311152935,2.427100897,0.123413421,-0.386449277
7.870000374,-0.04870664,-0.323985606,0.020946436,0.470165551,-0.103047654,-0.260875702,0.209564865,-0.264481843,0.992404699,0.284979671,0.924889266,0.723313451,-34.4801445,6.166169643,5.604656696,-1.277603507,0.011643956,-0.400439948,-34.4801445,6.166169643,5.604656696,-1.277603507,0.011643956,-0.400439948,-34.4801445,6.166169643,5.604656696,-1.277603507,0.011643956,-0.400439948
7.880000374,-0.046638478,-0.326658756,0.031103961,0.472902596,-0.09380202,-0.253603935,0.206122503,-0.268418223,1.02133584,0.274521559,0.924260616,0.728081286,-34.40351868,5.823224068,5.392359257,0.287825823,-0.073326066,-0.411852956,-34.40351868,5.823224068,5.392359257,0.287825823,-0.073326066,-0.411852956,-34.40351868,5.823224068,5.392359257,0.287825823,-0.073326066,-0.411852956
7.890000375,-0.044604648,-0.329304248,0.041350838,0.475965798,-0.084530875,-0.246289253,0.202705935,-0.262974352,1.023965716,0.316586167,0.928191721,0.732244551,-34.12906265,6.425253868,4.834712982,1.284705877,0.084368721,-0.422644019,-34.12906265,6.425253868,4.834712982,1.284705877,0.084368721,-0.422644019,-34.12906265,6.425253868,4.834712982,1.284705877,0.084368721,-0.422644019
7.900000375,-0.042604554,-0.33182767,0.051579114,0.478837311,-0.075224206,-0.238941669,0.199338421,-0.249348566,1.022669792,0.273869783,0.931095123,0.735308588,-33.66925049,5.950975418,4.45072794,-1.323019862,-0.036623966,-0.432216555,-33.66925049,5.950975418,4.45072794,-1.323019862,-0.036623966,-0.432216555,-33.66925049,5.950975418,4.45072794,-1.323019862,-0.036623966,-0.432216555
7.910000376,-0.040637601,-0.334382564,0.061875697,0.481708825,-0.065913484,-0.231567383,0.196034029,-0.25854364,1.032045007,0.295960903,0.93091625,0.737830222,-33.04626465,4.048154354,4.124601841,0.883369565,-0.103059329,-0.437994123,-33.04626465,4.048154354,4.124601841,0.883369565,-0.103059329,-0.437994123,-33.04626465,4.048154354,4.124601841,0.883369565,-0.103059329,-0.437994123
7.920000376,-0.038704265,-0.336242229,0.071325384,0.484036744,-0.056680366,-0.224171638,0.192646727,-0.160467133,0.915124774,0.208780378,0.920834005,0.739968598,-34.35728455,11.54351711,2.678866625,-2.256588697,-0.308178812,-0.447569132,-34.35728455,11.54351711,2.678866625,-2.256588697,-0.308178812,-0.447569132,-34.35728455,11.54351711,2.678866625,-2.256588697,-0.308178812,-0.447569132
7.930000377,-0.036805738,-0.337563068,0.08000239,0.486382782,-0.047445938,-0.216758251,0.189152092,-0.131212294,0.861850679,0.251440048,0.925136924,0.741640747,-35.40027618,4.835579395,3.342982531,1.697818279,0.096425019,-0.456170499,-35.40027618,4.835579395,3.342982531,1.697818279,0.096425019,-0.456170499,-35.40027618,4.835579395,3.342982531,1.697818279,0.096425019,-0.456170499
7.940000377,-0.034942497,-0.339083225,0.088869892,0.488878548,-0.038236305,-0.209331512,0.185590759,-0.159274668,0.896974623,0.243440151,0.919001698,0.742847502,-36.14854431,2.315678596,4.143318176,-0.894143879,-0.362343222,-0.463291377,-36.14854431,2.315678596,4.143318176,-0.894143879,-0.362343222,-0.463291377,-36.14854431,2.315678596,4.143318176,-0.894143879,-0.362343222,-0.463291377
7.950000378,-0.033115495,-0.340565234,0.097809635,0.490854561,-0.02908871,-0.201890945,0.18198435,-0.142167777,0.889542639,0.184363738,0.913992643,0.744397402,-36.63174057,6.524088383,3.869176626,-1.402308226,-0.189863726,-0.468785256,-36.63174057,6.524088383,3.869176626,-1.402308226,-0.189863726,-0.468785256,-36.63174057,6.524088383,3.869176626,-1.402308226,-0.189863726,-0.468785256
7.960000378,-0.031324733,-0.341864139,0.106539093,0.493186295,-0.019959543,-0.194433689,0.178352177,-0.127770156,0.868916571,0.253905058,0.912805557,0.746062338,-36.86143494,6.024837017,3.948353767,2.202610731,-0.072546974,-0.476307303,-36.86143494,6.024837017,3.948353767,2.202610731,-0.072546974,-0.476307303,-36.86143494,6.024837017,3.948353767,2.202610731,-0.072546974,-0.476307303
7.970000379,-0.029570211,-0.343128711,0.115355097,0.49548465,-0.010843471,-0.186964035,0.174726844,-0.126739904,0.887179911,0.214862853,0.911246061,0.747228026,-36.85308456,4.88098526,4.369757175,-1.690518618,-0.180862561,-0.484931111,-36.85308456,4.88098526,4.369757175,-1.690518618,-0.180862561,-0.484931111,-36.85308456,4.88098526,4.369757175,-1.690518618,-0.180862561,-0.484931111
7.980000379,-0.027851809,-0.344432384,0.124418341,0.497496903,-0.001775854,-0.179483891,0.171125546,-0.131421879,0.910821021,0.201733872,0.90538919,0.748173237,-36.63276672,4.902209282,4.315720081,-0.054335888,-0.264214694,-0.491742253,-36.63276672,4.902209282,4.315720081,-0.054335888,-0.264214694,-0.491742253,-36.63276672,4.902209282,4.315720081,-0.054335888,-0.264214694,-0.491742253
7.99000038,-0.02616905,-0.345712215,0.133540705,0.499862015,0.007269104,-0.17199707,0.167563587,-0.126530319,0.911134124,0.247967333,0.904654741,0.748847663,-36.21495438,5.690158844,3.960665464,1.144492507,-0.080033198,-0.497928381,-36.21495438,5.690158844,3.960665464,1.144492507,-0.080033198,-0.497928381,-36.21495438,5.690158844,3.960665464,1.144492507,-0.080033198,-0.497928381
8.00000038,-0.024521399,-0.346875697,0.142659262,0.502023041,0.016304843,-0.164506435,0.164066076,-0.113541745,0.912365377,0.20167309,0.903164566,0.74908787,-35.61475372,5.401546001,3.779770613,-1.683379531,-0.198665187,-0.503129661,-35.61475372,5.401546001,3.779770613,-1.683379531,-0.198665187,-0.503129661,-35.61475372,5.401546001,3.779770613,-1.683379531,-0.198665187,-0.503129661
8.01000038,-0.0229082,-0.348070651,0.151890829,0.504172623,0.025297277,-0.157017708,0.160643965,-0.122501396,0.926604211,0.224257737,0.898075163,0.748756707,-34.85546494,3.721490145,3.593501568,0.727392375,-0.270110011,-0.506510437,-34.85546494,3.721490145,3.593501568,0.727392375,-0.270110011,-0.506510437,-34.85546494,3.721490145,3.593501568,0.727392375,-0.270110011,-0.506510437
8.020000381,-0.02132963,-0.348585635,0.160311773,0.50572902,0.034156136,-0.149533272,0.15715833,-0.026926437,0.812728047,0.129848316,0.882215619,0.748384833,-35.98200989,10.60516167,1.879194021,-2.741397858,-0.5118469,-0.524634838,-35.98200989,10.60516167,1.879194021,-2.741397858,-0.5118469,-0.524634838,-35.98200989,10.60516167,1.879194021,-2.741397858,-0.5118469,-0.524634838
8.030000381,-0.019786645,-0.348595172,0.167951658,0.507272065,0.042965345,-0.142066956,0.15357849,-0.000281957,0.757532239,0.170962557,0.881719112,0.74603349,-36.84994888,3.635522842,2.256659746,1.419071436,-0.080660455,-0.542425811,-36.84994888,3.635522842,2.256659746,1.419071436,-0.080660455,-0.542425811,-36.84994888,3.635522842,2.256659746,1.419071436,-0.080660455,-0.542425811
8.040000382,-0.018279899,-0.348813564,0.175709322,0.50897342,0.051700167,-0.134633064,0.149946794,-0.029209873,0.783998311,0.164301753,0.870460808,0.742632389,-37.42902374,1.031695008,2.828381062,-1.156588078,-0.561326146,-0.550674975,-37.42902374,1.031695008,2.828381062,-1.156588078,-0.561326146,-0.550674975,-37.42902374,1.031695008,2.828381062,-1.156588078,-0.561326146,-0.550674975
8.050000382,-0.016809691,-0.349005252,0.18343313,0.510136902,0.060323648,-0.127228737,0.146286398,-0.013413332,0.765785873,0.102229975,0.860649228,0.739923894,-37.74917603,5.029380322,2.465704918,-1.818425059,-0.381406665,-0.55306536,-37.74917603,5.029380322,2.465704918,-1.818425059,-0.381406665,-0.55306536,-37.74917603,5.029380322,2.465704918,-1.818425059,-0.381406665,-0.55306536
8.060000383,-0.015376226,-0.349038631,0.190856531,0.511643708,0.068880491,-0.119852185,0.142612919,-0.001886999,0.736655772,0.172070295,0.854587078,0.737073779,-37.82714081,4.421105385,2.583669186,1.903903604,-0.266022325,-0.557537735,-37.82714081,4.421105385,2.583669186,1.903903604,-0.266022325,-0.557537735,-37.82714081,4.421105385,2.583669186,1.903903604,-0.266022325,-0.557537735
8.070000383,-0.013979332,-0.349068195,0.198295668,0.51312381,0.077377729,-0.112504125,0.138961062,-0.003842918,0.748160422,0.133037552,0.848467946,0.73423475,-37.67418289,3.448301554,3.111217499,-1.999340892,-0.362276196,-0.560400724,-37.67418289,3.448301554,3.111217499,-1.999340892,-0.362276196,-0.560400724,-37.67418289,3.448301554,3.111217499,-1.999340892,-0.362276196,-0.560400724
8.080000384,-0.012618647,-0.34914735,0.205921248,0.514302552,0.085780077,-0.105183721,0.135345995,-0.009111759,0.765941322,0.117759019,0.837909102,0.731483459,-37.31909561,3.804649591,3.216682911,-0.378823578,-0.443190217,-0.562316358,-37.31909561,3.804649591,3.216682911,-0.378823578,-0.443190217,-0.562316358,-37.31909561,3.804649591,3.216682911,-0.378823578,-0.443190217,-0.562316358
8.090000384,-0.011293725,-0.349211246,0.213578299,0.515839875,0.094115429,-0.097890735,0.131781742,-0.00512441,0.764562428,0.165689588,0.832855463,0.728759885,-36.77618408,4.740244865,3.072942257,0.958066463,-0.23874341,-0.563658834,-36.77618408,4.740244865,3.072942257,0.958066463,-0.23874341,-0.563658834,-36.77618408,4.740244865,3.072942257,0.958066463,-0.23874341,-0.563658834
8.100000385,-0.010003851,-0.349170238,0.221249178,0.517171204,0.102399997,-0.090623498,0.128294498,0.006745012,0.768322468,0.118283674,0.827219188,0.726260006,-36.05934525,4.673927307,3.089328289,-1.941243172,-0.35120976,-0.564166427,-36.05934525,4.673927307,3.089328289,-1.941243172,-0.35120976,-0.564166427,-36.05934525,4.673927307,3.089328289,-1.941243172,-0.35120976,-0.564166427
8.110000385,-0.00874816,-0.349155933,0.229069784,0.518481553,0.110598497,-0.08338511,0.124891773,-0.001194573,0.786213279,0.140246451,0.817813516,0.723196089,-35.19382858,3.294881821,3.040496826,0.544252217,-0.418561339,-0.564779401,-35.19382858,3.294881821,3.040496826,0.544252217,-0.418561339,-0.564779401,-35.19382858,3.294881821,3.040496826,0.544252217,-0.418561339,-0.564779401
8.120000386,-0.007526771,-0.348502666,0.236150816,0.519160569,0.118619613,-0.07617557,0.121447243,0.088318788,0.680650473,0.040661875,0.797563374,0.720405221,-36.09323502,9.317613602,1.154395461,-3.139033556,-0.680466413,-0.589749515,-36.09323502,9.317613602,1.154395461,-3.139033556,-0.680466413,-0.589749515,-36.09323502,9.317613602,1.154395461,-3.139033556,-0.680466413,-0.589749515
8.130000386,-0.006340415,-0.347385913,0.242476061,0.519791901,0.126545116,-0.069018245,0.117926106,0.111770317,0.625574291,0.079637595,0.792402506,0.714344621,-36.75337601,2.400242805,1.24240458,1.149045467,-0.256226659,-0.614938617,-36.75337601,2.400242805,1.24240458,1.149045467,-0.256226659,-0.614938617,-36.75337601,2.400242805,1.24240458,1.149045467,-0.256226659,-0.614938617
8.140000387,-0.005189584,-0.346483737,0.248842791,0.520594895,0.134354755,-0.061934877,0.114370205,0.083098076,0.642707944,0.074876226,0.777203262,0.706754744,-37.14204025,-0.228374168,1.581334352,-1.347839236,-0.718220651,-0.623586476,-37.14204025,-0.228374168,1.581334352,-1.347839236,-0.718220651,-0.623586476,-37.14204025,-0.228374168,1.581334352,-1.347839236,-0.718220651,-0.623586476
8.150000387,-0.004074411,-0.34556821,0.255081743,0.520848572,0.142013237,-0.054920603,0.110803023,0.096944593,0.61550504,0.010693761,0.763311148,0.700169683,-37.28974533,3.428269625,1.156681061,-2.17285347,-0.554739296,-0.622764051,-37.28974533,3.428269625,1.156681061,-2.17285347,-0.554739296,-0.622764051,-37.28974533,3.428269625,1.156681061,-2.17285347,-0.554739296,-0.622764051
8.160000388,-0.002994918,-0.344522029,0.260943979,0.52143985,0.149562523,-0.047974277,0.107235879,0.105359688,0.579262257,0.079830483,0.752996266,0.693216741,-37.21447754,2.766280413,1.303170681,1.621136189,-0.439454287,-0.624045014,-37.21447754,2.766280413,1.303170681,1.621136189,-0.439454287,-0.624045014,-37.21447754,2.766280413,1.303170681,1.621136189,-0.439454287,-0.624045014
8.170000388,-0.001950831,-0.34349969,0.266753763,0.521994889,0.157013103,-0.041094113,0.103703931,0.100934513,0.583964467,0.040407684,0.743097544,0.686743736,-36.92515182,1.994166493,1.916775346,-2.263635635,-0.516964078,-0.621292353,-36.92515182,1.994166493,1.916775346,-2.263635635,-0.516964078,-0.621292353,-36.92515182,1.994166493,1.916775346,-2.263635635,-0.516964078,-0.621292353
8.180000389,-0.000941687,-0.342538387,0.272690386,0.522242844,0.164329693,-0.034275461,0.100219652,0.094973169,0.595893919,0.024841676,0.728494763,0.680665493,-36.45155334,2.625288963,2.173382282,-0.611712337,-0.599702358,-0.618383706,-36.45155334,2.625288963,2.173382282,-0.611712337,-0.599702358,-0.618383706,-36.45155334,2.625288963,2.173382282,-0.611712337,-0.599702358,-0.618383706
8.190000389,3.31E-05,-0.341567546,0.27863273,0.522855103,0.171542332,-0.027515162,0.096795298,0.098120101,0.592827857,0.073360905,0.719861031,0.674896657,-35.80643082,3.715204,2.230878115,0.76862067,-0.3733989,-0.615098596,-35.80643082,3.715204,2.230878115,0.76862067,-0.3733989,-0.615098596,-35.80643082,3.715204,2.230878115,0.76862067,-0.3733989,-0.615098596
8.200000389,0.000974299,-0.340504199,0.284602731,0.523255646,0.178667709,-0.020806361,0.093457036,0.10873653,0.598964691,0.024999661,0.710577846,0.66993624,-35.0030365,3.846607685,2.432606936,-2.14821887,-0.484448195,-0.611163437,-35.0030365,3.846607685,2.432606936,-2.14821887,-0.484448195,-0.611163437,-35.0030365,3.846607685,2.432606936,-2.14821887,-0.484448195,-0.611163437
8.21000039,0.001882849,-0.339464694,0.290753931,0.523635209,0.18567197,-0.01415034,0.090208866,0.101650096,0.619925022,0.047225002,0.697622538,0.664465845,-34.06713104,2.768529654,2.514650106,0.414112121,-0.539078116,-0.609063745,-34.06713104,2.768529654,2.514650106,0.414112121,-0.539078116,-0.609063745,-34.06713104,2.768529654,2.514650106,0.414112121,-0.539078116,-0.609063745
8.22000039,0.002758814,-0.33784917,0.296267122,0.523362458,0.192468807,-0.007546119,0.086941525,0.182389438,0.526761293,-0.05544832,0.674615502,0.659455538,-34.70850754,7.835425854,0.553071439,-3.442232132,-0.799444497,-0.639102459,-34.70850754,7.835425854,0.553071439,-3.442232132,-0.799444497,-0.639102459,-34.70850754,7.835425854,0.553071439,-3.442232132,-0.799444497,-0.639102459
8.230000391,0.003601661,-0.335823566,0.301074594,0.523009598,0.19913213,-0.001022912,0.083618879,0.202403992,0.473692477,-0.019307127,0.665264308,0.650259316,-35.13903809,1.239648461,0.370741367,0.903296292,-0.415222406,-0.669398606,-35.13903809,1.239648461,0.370741367,0.903296292,-0.415222406,-0.669398606,-35.13903809,1.239648461,0.370741367,0.903296292,-0.415222406,-0.669398606
8.240000391,0.004411143,-0.334003955,0.305852503,0.522839844,0.205648586,0.005391681,0.080280021,0.175177649,0.481563926,-0.02148832,0.647443354,0.639214158,-35.32661438,-1.334050179,0.493181169,-1.451575041,-0.823647916,-0.678022623,-35.32661438,-1.334050179,0.493181169,-1.451575041,-0.823647916,-0.678022623,-35.32661438,-1.334050179,0.493181169,-1.451575041,-0.823647916,-0.678022623
8.250000392,0.005187285,-0.332184345,0.310426325,0.522124588,0.211985275,0.011704334,0.076947376,0.186424151,0.448083758,-0.086515732,0.630468845,0.629366934,-35.30103683,1.846309185,0.035782237,-2.439643383,-0.694514632,-0.674524963,-35.30103683,1.846309185,0.035782237,-2.439643383,-0.694514632,-0.674524963,-35.30103683,1.846309185,0.035782237,-2.439643383,-0.694514632,-0.674524963
8.260000392,0.005930182,-0.330271274,0.314576715,0.521722138,0.21817939,0.017915402,0.073627681,0.191414729,0.407103479,-0.019643474,0.616781652,0.618985057,-35.08038712,1.179383993,0.195985764,1.35110414,-0.5802145,-0.672850072,-35.08038712,1.179383993,0.195985764,1.35110414,-0.5802145,-0.672850072,-35.08038712,1.179383993,0.195985764,1.35110414,-0.5802145,-0.672850072
8.270000393,0.006640252,-0.328401119,0.318610758,0.521296799,0.224244758,0.024028692,0.070354722,0.185503691,0.404629409,-0.05710572,0.603994966,0.609486401,-34.67062759,0.670750916,0.854621828,-2.391547203,-0.634638488,-0.665213764,-34.67062759,0.670750916,0.854621828,-2.391547203,-0.634638488,-0.665213764,-34.67062759,0.670750916,0.854621828,-2.391547203,-0.634638488,-0.665213764
8.280000393,0.007318032,-0.326596767,0.322706789,0.520558655,0.230147049,0.030052815,0.067138217,0.179280311,0.410856903,-0.074367814,0.586489558,0.600666583,-34.10129547,1.466856003,1.244544029,-0.848808825,-0.717343688,-0.658129752,-34.10129547,1.466856003,1.244544029,-0.848808825,-0.717343688,-0.658129752,-34.10129547,1.466856003,1.244544029,-0.848808825,-0.717343688,-0.658129752
8.290000394,0.007964176,-0.324795276,0.326790422,0.520177186,0.235915825,0.035992894,0.063987844,0.180858046,0.407038122,-0.025872944,0.574941814,0.592369199,-33.38338089,2.623213053,1.485461712,0.622337461,-0.484309971,-0.650979638,-33.38338089,2.623213053,1.485461712,0.622337461,-0.484309971,-0.650979638,-33.38338089,2.623213053,1.485461712,0.622337461,-0.484309971,-0.650979638
8.300000394,0.008579534,-0.322913677,0.330915064,0.51959163,0.24157016,0.041860018,0.060928576,0.190344617,0.414650738,-0.073545948,0.562895894,0.585374713,-32.52856445,3.013763666,1.839240074,-2.264387131,-0.582033157,-0.643238962,-32.52856445,3.013763666,1.839240074,-2.264387131,-0.582033157,-0.643238962,-32.52856445,3.013763666,1.839240074,-2.264387131,-0.582033157,-0.643238962
8.310000395,0.009165031,-0.32104829,0.335237116,0.518975556,0.247076198,0.047655139,0.057961486,0.184545308,0.437285304,-0.052690011,0.547361851,0.577996731,-31.56191444,2.212887526,2.037696362,0.269541085,-0.626977563,-0.638807893,-31.56191444,2.212887526,2.037696362,0.269541085,-0.626977563,-0.638807893,-31.56191444,2.212887526,2.037696362,0.269541085,-0.626977563,-0.638807893
8.320000395,0.009720934,-0.318687946,0.33904323,0.517716706,0.252359569,0.053379092,0.05499696,0.253796518,0.359845817,-0.15330103,0.523148954,0.571040988,-31.93084145,6.206526279,0.107592069,-3.541393995,-0.865498483,-0.672188878,-31.93084145,6.206526279,0.107592069,-3.541393995,-0.865498483,-0.672188878,-31.93084145,6.206526279,0.107592069,-3.541393995,-0.865498483,-0.672188878
8.330000396,0.010246945,-0.315983325,0.342224687,0.516356766,0.257484615,0.058999334,0.052000843,0.27002719,0.310989439,-0.121157952,0.510643184,0.559473157,-32.12425613,0.220328346,-0.305833846,0.649348021,-0.538754523,-0.704979122,-32.12425613,0.220328346,-0.305833846,0.649348021,-0.538754523,-0.704979122,-32.12425613,0.220328346,-0.305833846,0.649348021,-0.538754523,-0.704979122
8.340000396,0.010743004,-0.313466579,0.345310777,0.515181839,0.262441814,0.064486161,0.049007419,0.24570708,0.310060173,-0.121584438,0.491342723,0.545941532,-32.11304855,-2.185198069,-0.380434185,-1.49434638,-0.88277328,-0.713385046,-32.11304855,-2.185198069,-0.380434185,-1.49434638,-0.88277328,-0.713385046,-32.11304855,-2.185198069,-0.380434185,-1.49434638,-0.88277328,-0.713385046
8.350000397,0.011209291,-0.310961276,0.348135561,0.513482392,0.267204463,0.069846049,0.046036299,0.254148781,0.27287066,-0.184738919,0.472571462,0.533621609,-31.9242878,0.40372324,-0.838938177,-2.564600945,-0.785541177,-0.708284378,-31.9242878,0.40372324,-0.838938177,-2.564600945,-0.785541177,-0.708284378,-31.9242878,0.40372324,-0.838938177,-2.564600945,-0.785541177,-0.708284378
8.360000397,0.011646074,-0.308400661,0.350516886,0.512067139,0.271802127,0.075079337,0.043090407,0.255770206,0.229796678,-0.12218985,0.45659259,0.520690799,-31.57473564,-0.226316318,-0.673532963,1.075106859,-0.681151152,-0.704193473,-31.57473564,-0.226316318,-0.673532963,1.075106859,-0.681151152,-0.704193473,-31.57473564,-0.226316318,-0.673532963,1.075106859,-0.681151152,-0.704193473
8.370000398,0.01205383,-0.305892497,0.352727503,0.510630906,0.276251018,0.080191746,0.040200185,0.249262705,0.220934063,-0.157195285,0.441899657,0.508957684,-31.06833839,-0.45089379,-0.005824517,-2.422947645,-0.711307347,-0.692922592,-31.06833839,-0.45089379,-0.005824517,-2.422947645,-0.711307347,-0.692922592,-31.06833839,-0.45089379,-0.005824517,-2.422947645,-0.711307347,-0.692922592
8.380000398,0.012433183,-0.303452045,0.354946703,0.508899033,0.280519664,0.085193768,0.037372295,0.242771298,0.222340554,-0.174044266,0.422745198,0.49810636,-30.43231201,0.399681807,0.490477979,-0.98033452,-0.788865268,-0.682810664,-30.43231201,0.399681807,0.490477979,-0.98033452,-0.788865268,-0.682810664,-30.43231201,0.399681807,0.490477979,-0.98033452,-0.788865268,-0.682810664
8.390000399,0.012784821,-0.301026851,0.357141107,0.507499039,0.284634769,0.09009327,0.034613881,0.242820337,0.218336701,-0.128374651,0.409233272,0.487956792,-29.6757431,1.58720243,0.875506341,0.44137305,-0.562682748,-0.672803164,-29.6757431,1.58720243,0.875506341,0.44137305,-0.562682748,-0.672803164,-29.6757431,1.58720243,0.875506341,0.44137305,-0.562682748,-0.672803164
8.400000399,0.013109577,-0.298535854,0.359383196,0.505906403,0.288616359,0.09490408,0.031947147,0.251157403,0.226667464,-0.173374191,0.39530915,0.479441166,-28.80845833,2.19697237,1.33943367,-2.258485079,-0.644343853,-0.662365317,-28.80845833,2.19697237,1.33943367,-2.258485079,-0.644343853,-0.662365317,-28.80845833,2.19697237,1.33943367,-2.258485079,-0.644343853,-0.662365317
8.410000399,0.013408405,-0.296053439,0.36182937,0.504285157,0.292435825,0.099629059,0.029370937,0.246632278,0.249715403,-0.153691337,0.378390908,0.47071901,-27.85322571,1.648921847,1.632331133,0.153040975,-0.674570322,-0.65617609,-27.85322571,1.648921847,1.632331133,0.153040975,-0.674570322,-0.65617609,-27.85322571,1.648921847,1.632331133,0.153040975,-0.674570322,-0.65617609
8.4200004,0.013681662,-0.293167621,0.363888353,0.502051651,0.296032131,0.10426797,0.02681702,0.303117931,0.189584464,-0.249338552,0.354494095,0.46222204,-27.95292664,4.569336891,-0.171470433,-3.5023036,-0.879992187,-0.691013873,-27.95292664,4.569336891,-0.171470433,-3.5023036,-0.879992187,-0.691013873,-27.95292664,4.569336891,-0.171470433,-3.5023036,-0.879992187,-0.691013873
8.4300004,0.013929349,-0.290009052,0.365424722,0.49970752,0.299455822,0.108787909,0.024255536,0.315215945,0.146980852,-0.220786244,0.339957982,0.449138731,-27.91703987,-0.62834692,-0.756291449,0.4456321,-0.622067869,-0.723852634,-27.91703987,-0.62834692,-0.756291449,0.4456321,-0.622067869,-0.723852634,-27.91703987,-0.62834692,-0.756291449,0.4456321,-0.622067869,-0.723852634
8.440000401,0.014151526,-0.287011653,0.366817087,0.497539818,0.302703083,0.113160029,0.021714674,0.294741035,0.138767898,-0.219978392,0.320500255,0.434184074,-27.72167587,-2.751021147,-0.993772209,-1.484529853,-0.891262531,-0.731888831,-27.72167587,-2.751021147,-0.993772209,-1.484529853,-0.891262531,-0.731888831,-27.72167587,-2.751021147,-0.993772209,-1.484529853,-0.891262531,-0.731888831
8.450000401,0.014348638,-0.284033328,0.367916673,0.494889557,0.305751979,0.117390051,0.019209962,0.300493777,0.100557759,-0.278944463,0.301139474,0.420295119,-27.38974571,-0.810548246,-1.431154728,-2.556758165,-0.829874337,-0.72633034,-27.38974571,-0.810548246,-1.431154728,-2.556758165,-0.829874337,-0.72633034,-27.38974571,-0.810548246,-1.431154728,-2.556758165,-0.829874337,-0.72633034
8.460000402,0.014520985,-0.281033069,0.368580431,0.492491066,0.308627307,0.121477261,0.016741142,0.298902333,0.05812183,-0.222251803,0.284165472,0.405796349,-26.93635178,-1.397473216,-1.275787473,0.807387352,-0.734630108,-0.720594049,-26.93635178,-1.397473216,-1.275787473,0.807387352,-0.734630108,-0.720594049,-26.93635178,-1.397473216,-1.275787473,0.807387352,-0.734630108,-0.720594049
8.470000402,0.014669103,-0.278095752,0.369038194,0.490073502,0.311344326,0.125429392,0.014333812,0.292346269,0.044201821,-0.254306048,0.268605947,0.392690092,-26.36307716,-1.359651923,-0.642333031,-2.366713762,-0.74787885,-0.707115173,-26.36307716,-1.359651923,-0.642333031,-2.366713762,-0.74787885,-0.707115173,-26.36307716,-1.359651923,-0.642333031,-2.366713762,-0.74787885,-0.707115173
8.480000403,0.014793676,-0.275221378,0.369453043,0.487381279,0.313876331,0.129258394,0.01199164,0.286126435,0.041007198,-0.270071924,0.249079749,0.380591869,-25.69362068,-0.510656238,-0.088044174,-1.046249151,-0.814334273,-0.695174813,-25.69362068,-0.510656238,-0.088044174,-1.046249151,-0.814334273,-0.695174813,-25.69362068,-0.510656238,-0.088044174,-1.046249151,-0.814334273,-0.695174813
8.490000403,0.014895392,-0.27237466,0.369829744,0.484993279,0.316249073,0.132973909,0.00971911,0.284635365,0.036846459,-0.228044957,0.23465541,0.369304836,-24.93502617,0.619428992,0.401906163,0.283771515,-0.605786681,-0.68346113,-24.93502617,0.619428992,0.401906163,0.283771515,-0.605786681,-0.68346113,-24.93502617,0.619428992,0.401906163,0.283771515,-0.605786681,-0.68346113
8.500000404,0.014975113,-0.269474536,0.370257944,0.482426941,0.318477809,0.136590242,0.007534668,0.291790754,0.045080088,-0.269839764,0.219839931,0.359834075,-24.0949955,1.414920568,0.939664602,-2.18851614,-0.671497941,-0.67142576,-24.0949955,1.414920568,0.939664602,-2.18851614,-0.671497941,-0.67142576,-24.0949955,1.414920568,0.939664602,-2.18851614,-0.671497941,-0.67142576
8.510000404,0.015033674,-0.266578227,0.370881647,0.479833901,0.320539653,0.140113115,0.005435354,0.288295776,0.067331947,-0.251487106,0.202679932,0.350353241,-23.19347,1.078737617,1.301980972,0.065296032,-0.684939802,-0.664092183,-23.19347,1.078737617,1.301980972,0.065296032,-0.684939802,-0.664092183,-23.19347,1.078737617,1.301980972,0.065296032,-0.684939802,-0.664092183
8.520000405,0.015071523,-0.263376743,0.371248811,0.476694405,0.322391689,0.14353919,0.00337474,0.331287205,0.024878381,-0.33738324,0.180606321,0.340814143,-23.04465485,2.999991417,-0.284985214,-3.279638052,-0.843355954,-0.698348463,-23.04465485,2.999991417,-0.284985214,-3.279638052,-0.843355954,-0.698348463,-23.04465485,2.999991417,-0.284985214,-3.279638052,-0.843355954,-0.698348463
8.530000405,0.015088898,-0.25997594,0.371205896,0.473438561,0.324070156,0.146839857,0.0013292,0.339438885,-0.009864223,-0.313899249,0.165222004,0.327145845,-22.80252266,-1.253274322,-0.968358755,0.227233753,-0.664993703,-0.728954673,-22.80252266,-1.253274322,-0.968358755,0.227233753,-0.664993703,-0.728954673,-22.80252266,-1.253274322,-0.968358755,0.227233753,-0.664993703,-0.728954673
8.540000406,0.015086067,-0.256704837,0.370992273,0.470347703,0.325577915,0.149989367,-0.000680389,0.323332846,-0.023140116,-0.311488718,0.146802202,0.311837375,-22.44960594,-3.019154787,-1.318762064,-1.385856032,-0.853275359,-0.736590147,-22.44960594,-3.019154787,-1.318762064,-1.385856032,-0.853275359,-0.736590147,-22.44960594,-3.019154787,-1.318762064,-1.385856032,-0.853275359,-0.736590147
8.550000406,0.015063536,-0.253454715,0.370482057,0.466829598,0.326895893,0.152991056,-0.002643047,0.326848298,-0.059593558,-0.36442259,0.128136024,0.297355473,-22.00421333,-1.710764885,-1.713124633,-2.440229654,-0.825286329,-0.731554329,-22.00421333,-1.710764885,-1.713124633,-2.440229654,-0.825286329,-0.731554329,-22.00421333,-1.710764885,-1.713124633,-2.440229654,-0.825286329,-0.731554329
8.560000407,0.015021753,-0.25021413,0.369571298,0.463524163,0.328041255,0.15584445,-0.004561474,0.322556347,-0.098549627,-0.315043598,0.111330092,0.282328427,-21.47816849,-2.259619951,-1.579119086,0.554354966,-0.744558573,-0.725064397,-21.47816849,-2.259619951,-1.579119086,0.554354966,-0.744558573,-0.725064397,-21.47816849,-2.259619951,-1.579119086,0.554354966,-0.744558573,-0.725064397
8.570000407,0.014961285,-0.247036487,0.368436426,0.460203469,0.329031169,0.158557653,-0.006416135,0.316700459,-0.115920343,-0.342886239,0.096032657,0.26875031,-20.87199593,-1.980050921,-1.019544125,-2.204711676,-0.740922511,-0.710930943,-20.87199593,-1.980050921,-1.019544125,-2.204711676,-0.740922511,-0.710930943,-20.87199593,-1.980050921,-1.019544125,-2.204711676,-0.740922511,-0.710930943
8.580000408,0.014882755,-0.243915111,0.367221445,0.456640542,0.3298437,0.161144495,-0.008205996,0.311009616,-0.12246611,-0.357037604,0.077363655,0.256210238,-20.20471954,-1.229375601,-0.451709092,-1.056920171,-0.796706498,-0.698411047,-20.20471954,-1.229375601,-0.451709092,-1.056920171,-0.796706498,-0.698411047,-20.20471954,-1.229375601,-0.451709092,-1.056920171,-0.796706498,-0.698411047
8.590000408,0.014786941,-0.240829021,0.365963548,0.453344643,0.330500782,0.163613081,-0.009929175,0.308163345,-0.126440436,-0.320126802,0.063036941,0.244523928,-19.4809227,-0.213870943,0.087985031,0.133007288,-0.614719808,-0.686139643,-19.4809227,-0.213870943,0.087985031,0.133007288,-0.614719808,-0.686139643,-19.4809227,-0.213870943,0.087985031,0.133007288,-0.614719808,-0.686139643
8.600000408,0.014674467,-0.237704307,0.364751428,0.449888527,0.331014812,0.165978193,-0.011571877,0.314105004,-0.119168356,-0.357309937,0.04841115,0.234659031,-18.7067585,0.693606257,0.644880116,-2.031260014,-0.662180603,-0.673571229,-18.7067585,0.693606257,0.644880116,-2.031260014,-0.662180603,-0.673571229,-18.7067585,0.693606257,0.644880116,-2.031260014,-0.662180603,-0.673571229
8.610000409,0.014546168,-0.234578639,0.363714784,0.446411431,0.331367671,0.168247461,-0.01313817,0.311531395,-0.099166639,-0.340682656,0.032046128,0.224980339,-17.89701843,0.529171407,1.043534756,-0.010178613,-0.663086474,-0.66557759,-17.89701843,0.529171407,1.043534756,-0.010178613,-0.663086474,-0.66557759,-17.89701843,0.529171407,1.043534756,-0.010178613,-0.663086474,-0.66557759
8.620000409,0.01440264,-0.231245548,0.362542719,0.4424842,0.331538379,0.170417547,-0.014653479,0.340886593,-0.12474294,-0.412480921,0.013174948,0.214955553,-17.53601074,1.540169835,-0.258314043,-2.890881062,-0.761243165,-0.697081923,-17.53601074,1.540169835,-0.258314043,-2.890881062,-0.761243165,-0.697081923,-17.53601074,1.540169835,-0.258314043,-2.890881062,-0.761243165,-0.697081923
8.63000041,0.014244241,-0.22778514,0.36108169,0.438440621,0.331547916,0.172461271,-0.016134283,0.345246017,-0.150653198,-0.395117968,-0.002006252,0.201569185,-17.12441826,-1.678833365,-0.968960881,9.68E-05,-0.672599971,-0.723557472,-17.12441826,-1.678833365,-0.968960881,9.68E-05,-0.672599971,-0.723557472,-17.12441826,-1.678833365,-0.968960881,9.68E-05,-0.672599971,-0.723557472
8.64000041,0.014071387,-0.224422008,0.35944137,0.434542954,0.331400096,0.17435956,-0.017567623,0.333651483,-0.167008296,-0.39103654,-0.018261934,0.186864406,-16.65119934,-3.034836769,-1.387304783,-1.217941523,-0.773121417,-0.730483174,-16.65119934,-3.034836769,-1.387304783,-1.217941523,-0.773121417,-0.730483174,-16.65119934,-3.034836769,-1.387304783,-1.217941523,-0.773121417,-0.730483174
8.650000411,0.013884646,-0.221079379,0.357517809,0.430295289,0.331083477,0.176114798,-0.018947013,0.33533603,-0.199736103,-0.435644716,-0.035075754,0.172716156,-16.12922668,-2.309070349,-1.721909642,-2.209640026,-0.777702689,-0.726385832,-16.12922668,-2.309070349,-1.721909642,-2.209640026,-0.777702689,-0.726385832,-16.12922668,-2.309070349,-1.721909642,-2.209640026,-0.777702689,-0.726385832
8.660000411,0.013684523,-0.217770129,0.355250925,0.426209748,0.330607593,0.177725554,-0.020276805,0.329090506,-0.233104289,-0.395878673,-0.050646149,0.158165112,-15.56708813,-2.808692217,-1.609546065,0.283136964,-0.715035558,-0.719786048,-15.56708813,-2.808692217,-1.609546065,0.283136964,-0.715035558,-0.719786048,-15.56708813,-2.808692217,-1.609546065,0.283136964,-0.715035558,-0.719786048
8.670000412,0.013471586,-0.214520961,0.352761835,0.422117531,0.329988658,0.179200888,-0.021544356,0.324140191,-0.252015352,-0.417909145,-0.064649999,0.144967929,-14.96434021,-2.348413944,-1.147455931,-1.929170847,-0.695121229,-0.706316888,-14.96434021,-2.348413944,-1.147455931,-1.929170847,-0.695121229,-0.706316888,-14.96434021,-2.348413944,-1.147455931,-1.929170847,-0.695121229,-0.706316888
8.680000412,0.013246429,-0.211316615,0.350167841,0.417821229,0.329209507,0.180552721,-0.022750607,0.319410354,-0.260923415,-0.430353492,-0.081371874,0.132780775,-14.33449459,-1.717249036,-0.607730925,-1.031625748,-0.74058938,-0.694200277,-14.33449459,-1.717249036,-0.607730925,-1.031625748,-0.74058938,-0.694200277,-14.33449459,-1.717249036,-0.607730925,-1.031625748,-0.74058938,-0.694200277
8.690000413,0.013009739,-0.208154708,0.347529024,0.413745224,0.328288257,0.18178916,-0.023896171,0.315513045,-0.264428139,-0.399677485,-0.094637752,0.121427886,-13.68037605,-0.88401854,-0.063131727,-0.00112793,-0.590932608,-0.682306349,-13.68037605,-0.88401854,-0.063131727,-0.00112793,-0.590932608,-0.682306349,-13.68037605,-0.88401854,-0.063131727,-0.00112793,-0.590932608,-0.682306349
8.700000413,0.012762141,-0.204966098,0.3449274,0.409535706,0.327234447,0.182925463,-0.024972264,0.320234209,-0.258643448,-0.430658519,-0.108102374,0.111750476,-13.0056057,0.078151718,0.47225675,-1.787544131,-0.620216131,-0.670127749,-13.0056057,0.078151718,0.47225675,-1.787544131,-0.620216131,-0.670127749,-13.0056057,0.078151718,0.47225675,-1.787544131,-0.620216131,-0.670127749
8.710000414,0.012504292,-0.201773196,0.342471689,0.405309021,0.326036632,0.183968306,-0.025983559,0.318530679,-0.241787091,-0.416751504,-0.12271072,0.102435388,-12.32096672,0.044960178,0.877557814,-0.090565145,-0.611062825,-0.661984026,-12.32096672,0.044960178,0.877557814,-0.090565145,-0.611062825,-0.661984026,-12.32096672,0.044960178,0.877557814,-0.090565145,-0.611062825,-0.661984026
8.720000414,0.012236816,-0.198469669,0.339989275,0.400759041,0.324691951,0.184913874,-0.02693646,0.334618688,-0.251694471,-0.469897151,-0.137327671,0.092553191,-11.79946232,0.265274942,-0.089514986,-2.331143618,-0.643345296,-0.688800752,-11.79946232,0.265274942,-0.089514986,-2.331143618,-0.643345296,-0.688800752,-11.79946232,0.265274942,-0.089514986,-2.331143618,-0.643345296,-0.688800752
8.730000415,0.01196025,-0.195103198,0.33733806,0.396095574,0.323206127,0.18574214,-0.02784019,0.335996777,-0.268437177,-0.46010682,-0.151345104,0.080272518,-11.26691628,-1.846695304,-0.762247503,-0.249202415,-0.645738244,-0.709660769,-11.26691628,-1.846695304,-0.762247503,-0.249202415,-0.645738244,-0.709660769,-11.26691628,-1.846695304,-0.762247503,-0.249202415,-0.645738244,-0.709660769
8.740000415,0.011675012,-0.19179824,0.334517092,0.391556084,0.321587741,0.186438799,-0.028689725,0.328822255,-0.285549581,-0.454039961,-0.164458662,0.067008391,-10.71916962,-2.802386284,-1.197826385,-0.973598301,-0.655873537,-0.715622127,-10.71916962,-2.802386284,-1.197826385,-0.973598301,-0.655873537,-0.715622127,-10.71916962,-2.802386284,-1.197826385,-0.973598301,-0.655873537,-0.715622127
8.750000416,0.011381728,-0.188513786,0.331452936,0.386758149,0.319832981,0.187004805,-0.029482421,0.328864276,-0.312233001,-0.488481969,-0.17848058,0.054048635,-10.16274261,-2.59525609,-1.459954381,-1.883753538,-0.693729162,-0.712551713,-10.16274261,-2.59525609,-1.459954381,-1.883753538,-0.693729162,-0.712551713,-10.16274261,-2.59525609,-1.459954381,-1.883753538,-0.693729162,-0.712551713
8.760000416,0.011080963,-0.185277492,0.328118891,0.382064164,0.317940891,0.187440157,-0.030223712,0.321776122,-0.33848393,-0.460194111,-0.191916257,0.040881436,-9.603508949,-3.007260084,-1.383185148,0.006871799,-0.649808168,-0.706278086,-9.603508949,-3.007260084,-1.383185148,0.006871799,-0.649808168,-0.706278086,-9.603508949,-3.007260084,-1.383185148,0.006871799,-0.649808168,-0.706278086
8.770000417,0.010773254,-0.182093173,0.324580759,0.377374947,0.315926731,0.187752485,-0.030907957,0.317928016,-0.357186913,-0.474890172,-0.203671351,0.028835593,-9.040514946,-2.46544385,-1.040850997,-1.55084765,-0.613595784,-0.694498122,-9.040514946,-2.46544385,-1.040850997,-1.55084765,-0.613595784,-0.694498122,-9.040514946,-2.46544385,-1.040850997,-1.55084765,-0.613595784,-0.694498122
8.780000417,0.010459107,-0.178942233,0.320924371,0.372531235,0.313780963,0.187951326,-0.031537447,0.314327419,-0.367278099,-0.485510558,-0.217595369,0.017710729,-8.481495857,-1.987756252,-0.569910049,-0.973676264,-0.653804302,-0.683458388,-8.481495857,-1.987756252,-0.569910049,-0.973676264,-0.653804302,-0.683458388,-8.481495857,-1.987756252,-0.569910049,-0.973676264,-0.653804302,-0.683458388
8.790000418,0.01013909,-0.175834209,0.317225069,0.36784488,0.311512172,0.188045263,-0.032114968,0.309893906,-0.370268136,-0.462702364,-0.22895731,0.007361938,-7.927655697,-1.367926478,-0.066831417,-0.136802971,-0.537555993,-0.672590971,-7.927655697,-1.367926478,-0.066831417,-0.136802971,-0.537555993,-0.672590971,-7.927655697,-1.367926478,-0.066831417,-0.136802971,-0.537555993,-0.672590971
8.800000418,0.009813738,-0.172713786,0.313551515,0.363062203,0.309132755,0.188046694,-0.032636788,0.313088268,-0.366292745,-0.485233307,-0.240407974,-0.001595944,-7.3801651,-0.450228423,0.40815106,-1.443427444,-0.550427437,-0.661544323,-7.3801651,-0.450228423,0.40815106,-1.443427444,-0.550427437,-0.661544323,-7.3801651,-0.450228423,0.40815106,-1.443427444,-0.550427437,-0.661544323
8.810000418,0.009483588,-0.169585735,0.309984773,0.358265221,0.306632221,0.187963247,-0.033107612,0.312327802,-0.353595495,-0.475368351,-0.252528697,-0.010040959,-6.845227242,-0.357306659,0.787730038,-0.194131717,-0.535850406,-0.653518975,-6.845227242,-0.357306659,0.787730038,-0.194131717,-0.535850406,-0.653518975,-6.845227242,-0.357306659,0.787730038,-0.194131717,-0.535850406,-0.653518975
8.820000419,0.009149206,-0.166436225,0.306482881,0.353289902,0.30402869,0.187790632,-0.033517748,0.315957218,-0.34991014,-0.506387055,-0.262128711,-0.01913671,-6.225554943,-0.810572624,0.183446646,-1.634048581,-0.498665839,-0.673988998,-6.225554943,-0.810572624,0.183446646,-1.634048581,-0.498665839,-0.673988998,-6.225554943,-0.810572624,0.183446646,-1.634048581,-0.498665839,-0.673988998
8.830000419,0.008811188,-0.163281947,0.302924722,0.348217309,0.301311672,0.187516451,-0.03387,0.314988226,-0.357758909,-0.504577637,-0.274283946,-0.029645693,-5.629041672,-1.810115099,-0.395567656,-0.494771212,-0.592124522,-0.688409805,-5.629041672,-1.810115099,-0.395567656,-0.494771212,-0.592124522,-0.688409805,-5.629041672,-1.810115099,-0.395567656,-0.494771212,-0.592124522,-0.688409805
8.84000042,0.0084701,-0.160155803,0.299222559,0.343231499,0.29849261,0.18713069,-0.034166429,0.311989099,-0.37380597,-0.497545868,-0.28349942,-0.040805593,-5.057020187,-2.373658657,-0.802973926,-0.705075562,-0.509572506,-0.692916214,-5.057020187,-2.373658657,-0.802973926,-0.705075562,-0.509572506,-0.692916214,-5.057020187,-2.373658657,-0.802973926,-0.705075562,-0.509572506,-0.692916214
8.85000042,0.00812648,-0.157047302,0.29532966,0.338095963,0.295573413,0.186634302,-0.03440753,0.310670108,-0.393299818,-0.51912576,-0.294114292,-0.051855914,-4.511239529,-2.593521833,-0.984392464,-1.436850548,-0.582997441,-0.690588236,-4.511239529,-2.593521833,-0.984392464,-1.436850548,-0.582997441,-0.690588236,-4.511239529,-2.593521833,-0.984392464,-1.436850548,-0.582997441,-0.690588236
8.860000421,0.007780855,-0.15399316,0.291250795,0.333002388,0.292547405,0.186027288,-0.034599338,0.303788453,-0.411450654,-0.504165292,-0.304630905,-0.062896416,-3.994522095,-2.89318347,-0.940608263,-0.28886193,-0.552431405,-0.684881449,-3.994522095,-2.89318347,-0.940608263,-0.28886193,-0.552431405,-0.684881449,-3.994522095,-2.89318347,-0.940608263,-0.28886193,-0.552431405,-0.684881449
8.870000421,0.007433703,-0.150980979,0.287002176,0.327924073,0.289429843,0.185316324,-0.034742538,0.300915748,-0.428033113,-0.510734022,-0.313477874,-0.073125996,-3.505216599,-2.364781857,-0.724287689,-1.093776226,-0.506398499,-0.675346911,-3.505216599,-2.364781857,-0.724287689,-1.093776226,-0.506398499,-0.675346911,-3.505216599,-2.364781857,-0.724287689,-1.093776226,-0.506398499,-0.675346911
8.880000422,0.007085477,-0.147988826,0.282637209,0.322748482,0.286212146,0.184509039,-0.034840334,0.298629403,-0.438227564,-0.518876076,-0.324008375,-0.08256837,-3.045630217,-2.027466774,-0.353896856,-0.868007123,-0.542233825,-0.665823281,-3.045630217,-2.027466774,-0.353896856,-0.868007123,-0.542233825,-0.665823281,-3.045630217,-2.027466774,-0.353896856,-0.868007123,-0.542233825,-0.665823281
8.890000422,0.006736597,-0.145037204,0.278232187,0.317659676,0.282900989,0.183613062,-0.034897164,0.294285804,-0.440610319,-0.50518775,-0.332721949,-0.091324843,-2.615929842,-1.648651719,0.068962164,-0.27174738,-0.457029969,-0.656470835,-2.615929842,-1.648651719,0.068962164,-0.27174738,-0.457029969,-0.656470835,-2.615929842,-1.648651719,0.068962164,-0.27174738,-0.457029969,-0.656470835
8.900000423,0.006387477,-0.142085582,0.273842424,0.312522233,0.279503047,0.182637453,-0.03491376,0.295803487,-0.438438088,-0.517908454,-0.341619492,-0.099047109,-2.215068817,-0.861455679,0.453758538,-1.027359724,-0.462149829,-0.647100687,-2.215068817,-0.861455679,0.453758538,-1.027359724,-0.462149829,-0.647100687,-2.215068817,-0.861455679,0.453758538,-1.027359724,-0.462149829,-0.647100687
8.910000423,0.006038477,-0.139124423,0.269521326,0.307366669,0.276014507,0.181589842,-0.034894705,0.296033263,-0.430337548,-0.513360441,-0.350610584,-0.106177457,-1.844964027,-0.660387754,0.77774626,-0.316608459,-0.438874602,-0.639597416,-1.844964027,-0.660387754,0.77774626,-0.316608459,-0.438874602,-0.639597416,-1.844964027,-0.660387754,0.77774626,-0.316608459,-0.438874602,-0.639597416
8.920000424,0.005690118,-0.136220485,0.265332788,0.302191079,0.272471607,0.18046689,-0.034817684,0.288528293,-0.415751249,-0.519711077,-0.354945809,-0.113861375,-1.196482897,-1.660630822,0.528903484,-0.831611753,-0.342331886,-0.652561724,-1.196482897,-1.660630822,0.528903484,-0.831611753,-0.342331886,-0.652561724,-1.196482897,-1.660630822,0.528903484,-0.831611753,-0.342331886,-0.652561724
8.930000424,0.005342995,-0.133358508,0.261183351,0.296937287,0.268847644,0.179262877,-0.034680828,0.286049247,-0.415695339,-0.526434422,-0.364658475,-0.122099079,-0.598218679,-1.60129714,0.082642309,-0.74160111,-0.514269352,-0.660398126,-0.598218679,-1.60129714,0.082642309,-0.74160111,-0.514269352,-0.660398126,-0.598218679,-1.60129714,0.082642309,-0.74160111,-0.514269352,-0.660398126
8.940000425,0.004997691,-0.130495101,0.256923288,0.291729271,0.265158832,0.177973509,-0.034491807,0.286468387,-0.429076046,-0.518484473,-0.369579196,-0.130701259,-0.055243731,-1.834747314,-0.257415563,-0.398351192,-0.347347826,-0.662905276,-0.055243731,-1.834747314,-0.257415563,-0.398351192,-0.347347826,-0.662905276,-0.055243731,-1.834747314,-0.257415563,-0.398351192,-0.347347826,-0.662905276
8.950000425,0.004654666,-0.127649814,0.25253734,0.286493599,0.261408985,0.176597834,-0.034253146,0.283863604,-0.440613151,-0.526046216,-0.376470834,-0.139279753,0.435091376,-2.36516881,-0.352481097,-0.926095009,-0.454973072,-0.6607849,0.435091376,-2.36516881,-0.352481097,-0.926095009,-0.454973072,-0.6607849,0.435091376,-2.36516881,-0.352481097,-0.926095009,-0.454973072,-0.6607849
8.960000426,0.004314368,-0.124853231,0.248049915,0.28122741,0.257586658,0.175138712,-0.033971369,0.278373152,-0.45058912,-0.526074767,-0.383586109,-0.147662729,0.872035563,-2.502598763,-0.340097606,-0.595284581,-0.432136267,-0.655750334,0.872035563,-2.502598763,-0.340097606,-0.595284581,-0.432136267,-0.655750334,0.872035563,-2.502598763,-0.340097606,-0.595284581,-0.432136267,-0.655750334
8.970000426,0.0039772,-0.122090198,0.243442714,0.275991738,0.253705204,0.173599005,-0.033652086,0.276018828,-0.463401526,-0.522884727,-0.389106095,-0.155564442,1.258125186,-2.10793972,-0.241848573,-0.549580991,-0.381385416,-0.648674965,1.258125186,-2.10793972,-0.241848573,-0.549580991,-0.381385416,-0.648674965,1.258125186,-2.10793972,-0.241848573,-0.549580991,-0.381385416,-0.648674965
8.980000427,0.003643495,-0.119336464,0.238731563,0.270718873,0.249761611,0.171984911,-0.03329907,0.275242627,-0.472766608,-0.529024839,-0.395908684,-0.162836894,1.595434189,-1.859143734,0.004540362,-0.756359756,-0.414526314,-0.640944839,1.595434189,-1.859143734,0.004540362,-0.756359756,-0.414526314,-0.640944839,1.595434189,-1.859143734,0.004540362,-0.756359756,-0.414526314,-0.640944839
8.990000427,0.003313539,-0.116610147,0.233985126,0.26545459,0.245756656,0.170302153,-0.03291788,0.271789879,-0.474705726,-0.525044143,-0.401563585,-0.169547752,1.884971619,-1.721668243,0.320406556,-0.385050952,-0.35828346,-0.633442819,1.884971619,-1.721668243,0.320406556,-0.385050952,-0.35828346,-0.633442819,1.884971619,-1.721668243,0.320406556,-0.385050952,-0.35828346,-0.633442819
9.000000427,0.002987576,-0.113898851,0.229244888,0.260197937,0.241694003,0.168557882,-0.032512534,0.271208018,-0.473816514,-0.526310861,-0.407470405,-0.17558746,2.129482269,-1.179447532,0.597299039,-0.545531809,-0.358629286,-0.626064718,2.129482269,-1.179447532,0.597299039,-0.545531809,-0.358629286,-0.626064718,2.129482269,-1.179447532,0.597299039,-0.545531809,-0.358629286,-0.626064718
9.010000428,0.00266586,-0.111176826,0.22453326,0.254917443,0.23757413,0.166758299,-0.032087527,0.272528321,-0.47033906,-0.52847749,-0.413094491,-0.181047216,2.330708027,-0.8492136,0.839709401,-0.466530144,-0.332320511,-0.619553864,2.330708027,-0.8492136,0.839709401,-0.466530144,-0.332320511,-0.619553864,2.330708027,-0.8492136,0.839709401,-0.466530144,-0.332320511,-0.619553864
9.020000428,0.002348763,-0.108577825,0.220002353,0.249775231,0.233447105,0.164901972,-0.031612035,0.255560607,-0.447651923,-0.509409726,-0.412287772,-0.186768174,2.936177969,-2.282701015,0.92095232,0.02445979,-0.183518335,-0.624557436,2.936177969,-2.282701015,0.92095232,0.02445979,-0.183518335,-0.624557436,2.936177969,-2.282701015,0.92095232,0.02445979,-0.183518335,-0.624557436
9.030000429,0.002036867,-0.106057741,0.215590656,0.244582474,0.229273826,0.162988901,-0.031081727,0.252223402,-0.440825462,-0.524189472,-0.419185787,-0.192431003,3.473543644,-1.272266984,0.629377067,-0.961118281,-0.419133931,-0.626399577,3.473543644,-1.272266984,0.629377067,-0.961118281,-0.419133931,-0.626399577,3.473543644,-1.272266984,0.629377067,-0.961118281,-0.419133931,-0.626399577
9.040000429,0.001730626,-0.103510477,0.211109817,0.23938638,0.225072414,0.161018133,-0.030507805,0.255487502,-0.450608045,-0.516438603,-0.419818163,-0.198216081,3.935853481,-1.230301142,0.377199352,-0.102686569,-0.183214813,-0.626517296,3.935853481,-1.230301142,0.377199352,-0.102686569,-0.183214813,-0.626517296,3.935853481,-1.230301142,0.377199352,-0.102686569,-0.183214813,-0.626517296
9.05000043,0.001430446,-0.100981809,0.206568897,0.234285653,0.220851928,0.158990145,-0.02989378,0.251738012,-0.454420894,-0.509058475,-0.422901422,-0.203960955,4.329342365,-1.984364271,0.360253453,-0.360772043,-0.317607433,-0.624065459,4.329342365,-1.984364271,0.360253453,-0.360772043,-0.317607433,-0.624065459,4.329342365,-1.984364271,0.360253453,-0.360772043,-0.317607433,-0.624065459
9.06000043,0.001136669,-0.098492481,0.202006996,0.22908479,0.216593772,0.156906843,-0.029246679,0.248342052,-0.456726044,-0.52415365,-0.42644769,-0.209423944,4.654383183,-1.944085121,0.343691707,-0.886422813,-0.301132351,-0.619791806,4.654383183,-1.944085121,0.343691707,-0.886422813,-0.301132351,-0.619791806,4.654383183,-1.944085121,0.343691707,-0.886422813,-0.301132351,-0.619791806
9.070000431,0.000849567,-0.096025325,0.197375,0.223929226,0.212312251,0.154770613,-0.028574929,0.246355996,-0.465166986,-0.511364043,-0.428523034,-0.214654759,4.914539337,-1.742463708,0.33303377,0.012098996,-0.249342695,-0.6148507,4.914539337,-1.742463708,0.33303377,0.012098996,-0.249342695,-0.6148507,4.914539337,-1.742463708,0.33303377,0.012098996,-0.249342695,-0.6148507
9.080000431,0.000569347,-0.093558885,0.192660987,0.218796551,0.208003551,0.152585268,-0.027882822,0.24686937,-0.472903073,-0.515300214,-0.431557953,-0.219449759,5.114931107,-1.570968032,0.453828841,-0.61951685,-0.28113544,-0.609101892,5.114931107,-1.570968032,0.453828841,-0.61951685,-0.28113544,-0.609101892,5.114931107,-1.570968032,0.453828841,-0.61951685,-0.28113544,-0.609101892
9.090000432,0.000296166,-0.091106273,0.187918365,0.213594258,0.203668147,0.150355577,-0.027176306,0.244666532,-0.474286646,-0.521146953,-0.433983982,-0.223834306,5.257745266,-1.645839214,0.649591327,-0.483508378,-0.249917746,-0.603595257,5.257745266,-1.645839214,0.649591327,-0.483508378,-0.249917746,-0.603595257,5.257745266,-1.645839214,0.649591327,-0.483508378,-0.249917746,-0.603595257
9.100000432,3.01E-05,-0.088680364,0.183173358,0.208458245,0.199305564,0.148084879,-0.026461212,0.24211657,-0.474567533,-0.510759652,-0.436798066,-0.227834031,5.34679842,-1.379947543,0.810438931,-0.04311683,-0.249892935,-0.598383486,5.34679842,-1.379947543,0.810438931,-0.04311683,-0.249892935,-0.598383486,5.34679842,-1.379947543,0.810438931,-0.04311683,-0.249892935,-0.598383486
9.110000433,-0.00022874,-0.086242534,0.178422153,0.203288853,0.194919616,0.145777464,-0.025742216,0.244469777,-0.475282252,-0.519939721,-0.438982368,-0.231388256,5.386171818,-0.945829332,0.962643862,-0.613268375,-0.221148834,-0.593468189,5.386171818,-0.945829332,0.962643862,-0.613268375,-0.221148834,-0.593468189,5.386171818,-0.945829332,0.962643862,-0.613268375,-0.221148834,-0.593468189
9.120000433,-0.000480118,-0.083980657,0.173880279,0.198407471,0.190568477,0.14343667,-0.024984293,0.219858319,-0.447153002,-0.476552635,-0.433664382,-0.234740943,5.881065845,-2.702419281,1.32542336,0.868151784,-0.037981763,-0.590774953,5.881065845,-2.702419281,1.32542336,0.868151784,-0.037981763,-0.590774953,5.881065845,-2.702419281,1.32542336,0.868151784,-0.037981763,-0.590774953
9.130000434,-0.000723568,-0.081825115,0.169517696,0.193505585,0.186206371,0.141064882,-0.024183135,0.216228262,-0.434969842,-0.498561025,-0.437526077,-0.237723321,6.299918652,-0.882778227,1.190431714,-1.142814755,-0.311913788,-0.587820411,6.299918652,-0.882778227,1.190431714,-1.142814755,-0.311913788,-0.587820411,6.299918652,-0.882778227,1.190431714,-1.142814755,-0.311913788,-0.587820411
9.140000434,-0.000958755,-0.079619743,0.165127456,0.188551247,0.181851894,0.138664484,-0.02335107,0.221703902,-0.440810561,-0.491523266,-0.434298217,-0.240635276,6.636613369,-0.629603922,1.035610199,0.177504525,-0.032871451,-0.585447431,6.636613369,-0.629603922,1.035610199,0.177504525,-0.032871451,-0.585447431,6.636613369,-0.629603922,1.035610199,0.177504525,-0.032871451,-0.585447431
9.150000435,-0.001185401,-0.077436067,0.160740077,0.183808625,0.177516013,0.136235952,-0.022491518,0.216861591,-0.437489778,-0.469767362,-0.433760732,-0.243395984,6.899005413,-1.536146641,1.088683963,0.202872619,-0.180728316,-0.58239001,6.899005413,-1.536146641,1.088683963,0.202872619,-0.180728316,-0.58239001,6.899005413,-1.536146641,1.088683963,0.202872619,-0.180728316,-0.58239001
9.160000435,-0.001403289,-0.075278141,0.15640229,0.178902447,0.173176795,0.133782148,-0.021612115,0.215931877,-0.432962269,-0.49907884,-0.433856547,-0.245922282,7.088163376,-1.302413821,1.047281742,-1.142813683,-0.170882031,-0.579028487,7.088163376,-1.302413821,1.047281742,-1.142813683,-0.170882031,-0.579028487,7.088163376,-1.302413821,1.047281742,-1.142813683,-0.170882031,-0.579028487
9.170000436,-0.001612289,-0.073132373,0.152046382,0.17405349,0.168847114,0.131302595,-0.020721747,0.214114025,-0.436777294,-0.477382779,-0.432713628,-0.248346463,7.208895206,-1.331194758,0.944221139,0.555534661,-0.122370198,-0.575837314,7.208895206,-1.331194758,0.944221139,0.555534661,-0.122370198,-0.575837314,7.208895206,-1.331194758,0.944221139,0.555534661,-0.122370198,-0.575837314
9.180000436,-0.001812337,-0.070980169,0.147632778,0.169286072,0.164525062,0.128801584,-0.019825187,0.215758935,-0.442496449,-0.479065388,-0.432155252,-0.250553399,7.267523289,-1.210365057,0.942705691,-0.468155384,-0.150089741,-0.572204471,7.267523289,-1.210365057,0.942705691,-0.468155384,-0.150089741,-0.572204471,7.267523289,-1.210365057,0.942705691,-0.468155384,-0.150089741,-0.572204471
9.190000437,-0.002003415,-0.068826534,0.143199623,0.164374173,0.160208255,0.126280069,-0.018928034,0.215043873,-0.443247139,-0.494412601,-0.431536883,-0.252531439,7.267487049,-1.467998028,1.017928839,-0.56752938,-0.144262582,-0.568798125,7.267487049,-1.467998028,1.017928839,-0.56752938,-0.144262582,-0.568798125,7.267487049,-1.467998028,1.017928839,-0.56752938,-0.144262582,-0.568798125
9.200000437,-0.002185559,-0.066709854,0.138758838,0.159584343,0.155895263,0.123740673,-0.018036297,0.210630938,-0.444409043,-0.472838223,-0.43137455,-0.254299223,7.213153839,-1.496786475,1.063017726,0.449771762,-0.14308399,-0.565704226,7.213153839,-1.496786475,1.063017726,0.449771762,-0.14308399,-0.565704226,7.213153839,-1.496786475,1.063017726,0.449771762,-0.14308399,-0.565704226
9.210000437,-0.002358867,-0.064581491,0.13428086,0.154752553,0.151589423,0.121185064,-0.017155053,0.213941693,-0.44877997,-0.488704532,-0.430338711,-0.255866557,7.10955286,-0.971013248,1.119848132,-0.745217562,-0.115306243,-0.562930644,7.10955286,-0.971013248,1.119848132,-0.745217562,-0.115306243,-0.562930644,7.10955286,-0.971013248,1.119848132,-0.745217562,-0.115306243,-0.562930644
9.220000438,-0.00252319,-0.062665321,0.130021751,0.150333703,0.147352725,0.11861968,-0.016249629,0.183843374,-0.417978317,-0.42445913,-0.421519309,-0.256673932,7.436691761,-2.950985909,1.699374795,1.622334123,0.082254648,-0.55359292,7.436691761,-2.950985909,1.699374795,1.622334123,0.082254648,-0.55359292,7.436691761,-2.950985909,1.699374795,1.622334123,0.082254648,-0.55359292
9.230000438,-0.002678244,-0.060875155,0.125982463,0.145929158,0.143137008,0.116049528,-0.015317909,0.180021197,-0.401882172,-0.451645553,-0.422326863,-0.25707829,7.690573692,-0.529088616,1.708307505,-1.2545228,-0.201026455,-0.547332883,7.690573692,-0.529088616,1.708307505,-1.2545228,-0.201026455,-0.547332883,7.690573692,-0.529088616,1.708307505,-1.2545228,-0.201026455,-0.547332883
9.240000439,-0.002823865,-0.059019424,0.121952474,0.141423047,0.138958961,0.11347723,-0.014371038,0.18709518,-0.404079288,-0.446446329,-0.416040361,-0.257268131,7.867808819,-0.104784302,1.644473314,0.397296309,0.089113571,-0.542719483,7.867808819,-0.104784302,1.644473314,0.397296309,0.089113571,-0.542719483,7.867808819,-0.104784302,1.644473314,0.397296309,0.089113571,-0.542719483
9.250000439,-0.002959898,-0.057187416,0.117975891,0.137229264,0.134831458,0.110905409,-0.013411426,0.181394979,-0.395159632,-0.411687523,-0.412317783,-0.257132411,7.976327419,-1.09792161,1.754273295,0.734531999,-0.053923763,-0.538996339,7.976327419,-1.09792161,1.754273295,0.734531999,-0.053923763,-0.538996339,7.976327419,-1.09792161,1.754273295,0.734531999,-0.053923763,-0.538996339
9.26000044,-0.003086297,-0.055367805,0.114107072,0.132822335,0.130731612,0.108335733,-0.012447111,0.182752132,-0.384975404,-0.452959001,-0.40934816,-0.256935298,8.017120361,-0.695027351,1.699499965,-1.343196511,-0.053234626,-0.536754906,8.017120361,-0.695027351,1.699499965,-1.343196511,-0.053234626,-0.536754906,8.017120361,-0.695027351,1.699499965,-1.343196511,-0.053234626,-0.536754906
9.27000044,-0.00320307,-0.053551294,0.110265672,0.128475964,0.126668006,0.105768681,-0.011485301,0.181017816,-0.384527773,-0.424408317,-0.40554741,-0.256643414,7.996348858,-0.935879588,1.524315596,1.020027876,-0.01289946,-0.534864843,7.996348858,-0.935879588,1.524315596,1.020027876,-0.01289946,-0.534864843,7.996348858,-0.935879588,1.524315596,1.020027876,-0.01289946,-0.534864843
9.280000441,-0.003310284,-0.05172465,0.106392324,0.124266654,0.1226428,0.103204489,-0.010531121,0.183421448,-0.388113588,-0.423185766,-0.401783913,-0.25636062,7.9198246,-0.852087677,1.419079185,-0.289530814,-0.02967985,-0.533493042,7.9198246,-0.852087677,1.419079185,-0.289530814,-0.02967985,-0.533493042,7.9198246,-0.852087677,1.419079185,-0.289530814,-0.02967985,-0.533493042
9.290000441,-0.00340805,-0.049881913,0.102508247,0.119848758,0.118650481,0.100643396,-0.009589056,0.184301272,-0.388232887,-0.44723931,-0.398594946,-0.256052703,7.792049885,-1.232754469,1.386125207,-0.643865466,-0.051905125,-0.532180488,7.792049885,-1.232754469,1.386125207,-0.643865466,-0.051905125,-0.532180488,7.792049885,-1.232754469,1.386125207,-0.643865466,-0.051905125,-0.532180488
9.300000442,-0.003496533,-0.048083164,0.098613203,0.115595847,0.114687011,0.098086357,-0.008663846,0.178387195,-0.389999002,-0.41615966,-0.395825952,-0.255595058,7.617283344,-1.541506886,1.329234958,0.891363978,-0.04623602,-0.531089425,7.617283344,-1.541506886,1.329234958,0.891363978,-0.04623602,-0.531089425,7.617283344,-1.541506886,1.329234958,0.891363978,-0.04623602,-0.531089425
9.310000442,-0.003575942,-0.046273328,0.09465903,0.111301452,0.110759065,0.095533133,-0.007761003,0.182351947,-0.397065639,-0.436945826,-0.391983092,-0.255249381,7.400299549,-0.950927973,1.29978013,-0.825023234,-0.021138186,-0.530814052,7.400299549,-0.950927973,1.29978013,-0.825023234,-0.021138186,-0.530814052,7.400299549,-0.950927973,1.29978013,-0.825023234,-0.021138186,-0.530814052
9.320000443,-0.003646275,-0.044696428,0.090919197,0.107506305,0.106923625,0.092993259,-0.006850651,0.149025247,-0.365789145,-0.357868463,-0.380984932,-0.253599167,7.520773888,-3.05546546,2.018733263,2.198504448,0.166210204,-0.516536057,7.520773888,-3.05546546,2.018733263,2.198504448,0.166210204,-0.516536057,7.520773888,-3.05546546,2.018733263,2.198504448,0.166210204,-0.516536057
9.330000443,-0.003707452,-0.043258525,0.087420881,0.103760272,0.103135154,0.09047246,-0.005934325,0.144932687,-0.347273797,-0.387381077,-0.378944874,-0.251708359,7.580792904,-0.26618284,2.139916897,-1.268889546,-0.094260633,-0.508595824,7.580792904,-0.26618284,2.139916897,-1.268889546,-0.094260633,-0.508595824,7.580792904,-0.26618284,2.139916897,-1.268889546,-0.094260633,-0.508595824
9.340000444,-0.003759494,-0.041745402,0.083958805,0.099875003,0.099407718,0.087972641,-0.005020158,0.153058633,-0.346705973,-0.384631872,-0.370641977,-0.24952355,7.581091404,0.294675738,2.147193909,0.54587245,0.173360914,-0.502405822,7.581091404,0.294675738,2.147193909,0.54587245,0.173360914,-0.502405822,7.581091404,0.294675738,2.147193909,0.54587245,0.173360914,-0.502405822
9.350000444,-0.00380241,-0.040257312,0.080585659,0.096371442,0.095753476,0.085498571,-0.004108735,0.146791548,-0.334022224,-0.3402372,-0.364400178,-0.246824577,7.528311729,-0.742421508,2.297706604,1.165252924,0.053005099,-0.498273134,7.528311729,-0.742421508,2.297706604,1.165252924,0.053005099,-0.498273134,7.528311729,-0.742421508,2.297706604,1.165252924,0.053005099,-0.498273134
9.360000445,-0.003836287,-0.038771845,0.077360809,0.092625886,0.092152163,0.083050489,-0.003207989,0.149796754,-0.319741964,-0.389369905,-0.359011143,-0.244312614,7.422964573,-0.21504581,2.238129854,-1.442764521,0.041676313,-0.497355402,7.422964573,-0.21504581,2.238129854,-1.442764521,0.041676313,-0.497355402,7.422964573,-0.21504581,2.238129854,-1.442764521,0.041676313,-0.497355402
9.370000445,-0.003861277,-0.037282325,0.074197948,0.088938266,0.088607594,0.080628633,-0.002321956,0.148258209,-0.316057384,-0.356965959,-0.353315711,-0.241641924,7.271933556,-0.601786315,2.014291525,1.35157156,0.07092756,-0.496505737,7.271933556,-0.601786315,2.014291525,1.35157156,0.07092756,-0.496505737,7.271933556,-0.601786315,2.014291525,1.35157156,0.07092756,-0.496505737
9.380000446,-0.003877556,-0.035780288,0.071025312,0.085428506,0.085124776,0.078232527,-0.001455617,0.151076183,-0.317777723,-0.352866977,-0.346990079,-0.239179477,7.079341888,-0.554417253,1.834421396,-0.104732066,0.070446223,-0.497288227,7.079341888,-0.554417253,1.834421396,-0.104732066,0.070446223,-0.497288227,7.079341888,-0.554417253,1.834421396,-0.104732066,0.070446223,-0.497288227
9.390000446,-0.003885342,-0.034251191,0.067850292,0.081667691,0.081696317,0.07585907,-0.000611761,0.153226346,-0.317239016,-0.383179665,-0.341914803,-0.236899927,6.850247383,-1.005284905,1.718375444,-0.679368258,0.019802805,-0.498034835,6.850247383,-1.005284905,1.718375444,-0.679368258,0.019802805,-0.498034835,6.850247383,-1.005284905,1.718375444,-0.679368258,0.019802805,-0.498034835
9.400000446,-0.003884895,-0.0327693,0.064662397,0.07809785,0.078315541,0.073509455,0.000207136,0.146416336,-0.31938377,-0.345882744,-0.337119102,-0.234456271,6.588177204,-1.524674177,1.58212328,1.219743252,0.033308886,-0.498751163,6.588177204,-1.524674177,1.58212328,1.219743252,0.033308886,-0.498751163,6.588177204,-1.524674177,1.58212328,1.219743252,0.033308886,-0.498751163
9.410000447,-0.003876513,-0.031277753,0.061401904,0.074490815,0.074991748,0.071181297,0.000995516,0.150666147,-0.328063935,-0.36933893,-0.331123233,-0.232437298,6.296676159,-0.912011623,1.485580325,-0.834545434,0.054052763,-0.501040459,6.296676159,-0.912011623,1.485580325,-0.834545434,0.054052763,-0.501040459,6.296676159,-0.912011623,1.485580325,-0.834545434,0.054052763,-0.501040459
9.420000447,-0.003860323,-0.030025698,0.05834192,0.071430713,0.071771905,0.068885803,0.001774485,0.116220407,-0.297984719,-0.282022327,-0.319385529,-0.22869955,6.197347164,-3.048341036,2.26459837,2.565726995,0.209201381,-0.48408401,6.197347164,-3.048341036,2.26459837,2.565726995,0.209201381,-0.48408401,6.197347164,-3.048341036,2.26459837,2.565726995,0.209201381,-0.48408401
9.430000448,-0.003836459,-0.028918542,0.055527627,0.068446428,0.068617627,0.066629171,0.002538428,0.111870266,-0.278575748,-0.31189087,-0.314978153,-0.224976346,6.058698177,-0.117657743,2.455512524,-1.213436723,-0.000950166,-0.476005256,6.058698177,-0.117657743,2.455512524,-1.213436723,-0.000950166,-0.476005256,6.058698177,-0.117657743,2.455512524,-1.213436723,-0.000950166,-0.476005256
9.440000448,-0.003805107,-0.027732827,0.052765429,0.065297872,0.065537497,0.06441164,0.003283351,0.120422676,-0.276371568,-0.311346084,-0.305833995,-0.220948502,5.886024952,0.527959943,2.50743866,0.639205456,0.215604946,-0.469221264,5.886024952,0.527959943,2.50743866,0.639205456,0.215604946,-0.469221264,5.886024952,0.527959943,2.50743866,0.639205456,0.215604946,-0.469221264
9.450000449,-0.003766438,-0.026572861,0.050109327,0.062569648,0.062544152,0.062239647,0.004010993,0.113901041,-0.261966676,-0.261164099,-0.297905564,-0.21625863,5.683641434,-0.509472013,2.67931819,1.463992476,0.133123562,-0.465176672,5.683641434,-0.509472013,2.67931819,1.463992476,0.133123562,-0.465176672,5.683641434,-0.509472013,2.67931819,1.463992476,0.133123562,-0.465176672
9.460000449,-0.003720684,-0.025409497,0.04762274,0.059588701,0.059620552,0.060111403,0.004714373,0.117845513,-0.245431304,-0.314281285,-0.290963203,-0.212010235,5.451183319,0.089246474,2.623094559,-1.454076409,0.106228881,-0.465705037,5.451183319,0.089246474,2.623094559,-1.454076409,0.106228881,-0.465705037,5.451183319,0.089246474,2.623094559,-1.454076409,0.106228881,-0.465705037
9.47000045,-0.003668098,-0.024237551,0.045219123,0.056658179,0.056764655,0.05802691,0.005393282,0.116478764,-0.239757076,-0.280581772,-0.284257829,-0.207525939,5.19562149,-0.375632972,2.376050472,1.550984383,0.124549381,-0.465777993,5.19562149,-0.375632972,2.376050472,1.550984383,0.124549381,-0.465777993,5.19562149,-0.375632972,2.376050472,1.550984383,0.124549381,-0.465777993
9.48000045,-0.003608948,-0.02305273,0.042820275,0.053932935,0.053985886,0.055984974,0.006043568,0.119382113,-0.240144342,-0.27400744,-0.276198268,-0.203399971,4.918644428,-0.352305651,2.154648066,0.0639337,0.143548474,-0.468443722,4.918644428,-0.352305651,2.154648066,0.0639337,0.143548474,-0.468443722,4.918644428,-0.352305651,2.154648066,0.0639337,0.143548474,-0.468443722
9.490000451,-0.003543532,-0.021833993,0.040426672,0.050932199,0.051273994,0.053981185,0.006664564,0.12240649,-0.239024267,-0.30826357,-0.270074904,-0.199638531,4.625181198,-0.820361316,1.989092231,-0.682693183,0.065870628,-0.470986545,4.625181198,-0.820361316,1.989092231,-0.682693183,0.065870628,-0.470986545,4.625181198,-0.820361316,1.989092231,-0.682693183,0.065870628,-0.470986545
9.500000451,-0.003472148,-0.020662524,0.038020313,0.048133761,0.048621587,0.052016497,0.007256508,0.115218967,-0.241284028,-0.267632544,-0.263974637,-0.195668399,4.317553997,-1.4700948,1.803217888,1.438681006,0.090989336,-0.473224103,4.317553997,-1.4700948,1.803217888,1.438681006,0.090989336,-0.473224103,4.317553997,-1.4700948,1.803217888,1.438681006,0.090989336,-0.473224103
9.510000452,-0.003395101,-0.019483186,0.035536349,0.045306116,0.046039991,0.050086498,0.007814411,0.119491614,-0.250550389,-0.291882783,-0.256641567,-0.192377195,3.99736166,-0.862305999,1.663897157,-0.791197002,0.105596766,-0.477769285,3.99736166,-0.862305999,1.663897157,-0.791197002,0.105596766,-0.477769285,3.99736166,-0.862305999,1.663897157,-0.791197002,0.105596766,-0.477769285
9.520000452,-0.003312683,-0.018536188,0.033233106,0.043025047,0.043560199,0.048203349,0.008348075,0.085915327,-0.222876847,-0.20382224,-0.245608374,-0.187169135,3.698320866,-2.955439806,2.425950527,2.695683002,0.209965184,-0.460656494,3.698320866,-2.955439806,2.425950527,2.695683002,0.209965184,-0.460656494,3.698320866,-2.955439806,2.425950527,2.695683002,0.209965184,-0.460656494
9.530000453,-0.003225183,-0.017734088,0.031163858,0.040840417,0.041155629,0.046371579,0.008848319,0.08122699,-0.204098433,-0.231459528,-0.23954083,-0.182231277,3.386440039,-0.101985864,2.637883425,-1.072700024,0.071965322,-0.453809261,3.386440039,-0.101985864,2.637883425,-1.072700024,0.071965322,-0.453809261,3.386440039,-0.101985864,2.637883425,-1.072700024,0.071965322,-0.453809261
9.540000453,-0.003132953,-0.016855456,0.029148506,0.038479596,0.038828664,0.044590473,0.009315596,0.089730665,-0.201623082,-0.233302101,-0.230711028,-0.177052587,3.070807219,0.58716768,2.704772949,0.654487669,0.21686013,-0.447544396,3.070807219,0.58716768,2.704772949,0.654487669,0.21686013,-0.447544396,3.070807219,0.58716768,2.704772949,0.654487669,0.21686013,-0.447544396
9.550000454,-0.003036274,-0.016002454,0.027238058,0.036542326,0.036591105,0.042866945,0.009754155,0.083194591,-0.187483221,-0.181444511,-0.22208643,-0.171137691,2.753161192,-0.425541937,2.880797386,1.620513678,0.180498391,-0.4441365,2.753161192,-0.425541937,2.880797386,1.620513678,0.180498391,-0.4441365,2.753161192,-0.425541937,2.880797386,1.620513678,0.180498391,-0.4441365
9.560000454,-0.002935482,-0.015145309,0.025498377,0.034363061,0.034431033,0.041198015,0.010158843,0.087253705,-0.170650318,-0.234164611,-0.214544743,-0.165859118,2.431801796,0.19387342,2.835272551,-1.369120479,0.138567507,-0.446056783,2.431801796,0.19387342,2.835272551,-1.369120479,0.138567507,-0.446056783,2.431801796,0.19387342,2.835272551,-1.369120479,0.138567507,-0.446056783
9.570000455,-0.002830891,-0.014277376,0.02384715,0.032220274,0.032340102,0.039583564,0.010533103,0.08612518,-0.164383128,-0.202218488,-0.207760945,-0.160306007,2.11286211,-0.26694259,2.592050076,1.596114516,0.146114141,-0.447024494,2.11286211,-0.26694259,2.592050076,1.596114516,0.146114141,-0.447024494,2.11286211,-0.26694259,2.592050076,1.596114516,0.146114141,-0.447024494
9.580000455,-0.00272282,-0.013397969,0.022207545,0.030293852,0.030331843,0.038021684,0.010874324,0.088766195,-0.164060846,-0.193465397,-0.198949963,-0.155191734,1.795467257,-0.262937009,2.366031408,0.218604311,0.185305774,-0.451134413,1.795467257,-0.262937009,2.366031408,0.218604311,0.185305774,-0.451134413,1.795467257,-0.262937009,2.366031408,0.218604311,0.185305774,-0.451134413
9.590000456,-0.002611591,-0.012482531,0.020578312,0.028091103,0.028394334,0.036506891,0.011184046,0.092198715,-0.162504494,-0.22893481,-0.192638963,-0.150573894,1.483626008,-0.693254828,2.187839031,-0.648348927,0.086332045,-0.455109566,1.483626008,-0.693254828,2.187839031,-0.648348927,0.086332045,-0.455109566,1.483626008,-0.693254828,2.187839031,-0.648348927,0.086332045,-0.455109566
9.600000456,-0.002497493,-0.011611439,0.018939124,0.026083142,0.026520006,0.035039902,0.011465103,0.085197225,-0.164529398,-0.188529596,-0.186070174,-0.145715758,1.178030491,-1.382878184,1.986934543,1.524804473,0.123207144,-0.458498836,1.178030491,-1.382878184,1.986934543,1.524804473,0.123207144,-0.458498836,1.178030491,-1.382878184,1.986934543,1.524804473,0.123207144,-0.458498836
9.610000456,-0.002380854,-0.010734119,0.017226027,0.024058014,0.0247209,0.03361547,0.011713728,0.089213222,-0.173370883,-0.211268112,-0.178311646,-0.141683802,0.878155589,-0.807371318,1.831796646,-0.680137515,0.131978646,-0.464642525,0.878155589,-0.807371318,1.831796646,-0.680137515,0.131978646,-0.464642525,0.878155589,-0.807371318,1.831796646,-0.680137515,0.131978646,-0.464642525
9.620000457,-0.00226198,-0.010068931,0.015670167,0.022530168,0.02300965,0.032244682,0.01192834,0.058462963,-0.148976862,-0.130378097,-0.169263944,-0.135804087,0.440279216,-2.773989439,2.507604599,2.570692778,0.172949553,-0.44995895,0.440279216,-2.773989439,2.507604599,2.570692778,0.172949553,-0.44995895,0.440279216,-2.773989439,2.507604599,2.570692778,0.172949553,-0.44995895
9.630000457,-0.002141325,-0.009541906,0.014322625,0.021108717,0.021372847,0.030930355,0.012097541,0.053470261,-0.132213414,-0.153540432,-0.162439257,-0.130389348,0.01620204,-0.203317031,2.693820238,-0.851748288,0.118998565,-0.44546786,0.01620204,-0.203317031,2.693820238,-0.851748288,0.118998565,-0.44546786,0.01620204,-0.203317031,2.693820238,-0.851748288,0.118998565,-0.44546786
9.640000458,-0.002019314,-0.008945622,0.013018386,0.019516438,0.019807868,0.029670492,0.012225693,0.06142756,-0.130673632,-0.157335505,-0.154934749,-0.12486399,-0.382230252,0.482417256,2.74802351,0.60924536,0.183539227,-0.44086048,-0.382230252,0.482417256,2.74802351,0.60924536,0.183539227,-0.44086048,-0.382230252,0.482417256,2.74802351,0.60924536,0.183539227,-0.44086048
9.650000458,-0.001896293,-0.008373447,0.011801975,0.018314034,0.018324487,0.028471425,0.012319228,0.055214301,-0.118547201,-0.108511023,-0.146662787,-0.118630119,-0.755959392,-0.473151386,2.911160707,1.614356518,0.192925915,-0.438657105,-0.755959392,-0.473151386,2.911160707,1.614356518,0.192925915,-0.438657105,-0.755959392,-0.473151386,2.911160707,1.614356518,0.192925915,-0.438657105
9.660000459,-0.001772636,-0.007800737,0.010738479,0.01689896,0.016915731,0.027329639,0.012375442,0.058624677,-0.103316233,-0.156408057,-0.139497951,-0.113124095,-1.108059049,0.1088861,2.880604029,-1.18113184,0.139945596,-0.441769958,-1.108059049,0.1088861,2.880604029,-1.18113184,0.139945596,-0.441769958,-1.108059049,0.1088861,2.880604029,-1.18113184,0.139945596,-0.441769958
9.670000459,-0.001648673,-0.007217744,0.009754585,0.015504748,0.015569256,0.026244178,0.012400508,0.057741538,-0.09775915,-0.128782481,-0.13348788,-0.107369065,-1.434117794,-0.27411288,2.666086197,1.497463584,0.138467848,-0.443612278,-1.434117794,-0.27411288,2.666086197,1.497463584,0.138467848,-0.443612278,-1.434117794,-0.27411288,2.666086197,1.497463584,0.138467848,-0.443612278
9.68000046,-0.00152471,-0.006625542,0.008781331,0.01431784,0.014301018,0.025213197,0.012393788,0.05989749,-0.097387783,-0.118873566,-0.124984361,-0.102062665,-1.737090349,-0.27917853,2.468705177,0.337343693,0.19381997,-0.448546559,-1.737090349,-0.27917853,2.468705177,0.337343693,0.19381997,-0.448546559,-1.737090349,-0.27917853,2.468705177,0.337343693,0.19381997,-0.448546559
9.69000046,-0.001401042,-0.006000096,0.007820474,0.012877494,0.013098435,0.024230793,0.012358745,0.063201308,-0.095631644,-0.152361155,-0.119295858,-0.097306922,-2.014634609,-0.63419795,2.312541962,-0.558857977,0.083917663,-0.453368753,-2.014634609,-0.63419795,2.312541962,-0.558857977,0.083917663,-0.453368753,-2.014634609,-0.63419795,2.312541962,-0.558857977,0.083917663,-0.453368753
9.700000461,-0.001277913,-0.005413705,0.00685397,0.011608332,0.011954383,0.023297384,0.012300141,0.056901168,-0.097141817,-0.115663193,-0.113099411,-0.092316344,-2.267753839,-1.270226479,2.130133152,1.475082278,0.129785374,-0.457413197,-2.267753839,-1.270226479,2.130133152,1.475082278,0.129785374,-0.457413197,-2.267753839,-1.270226479,2.130133152,1.475082278,0.129785374,-0.457413197
9.710000461,-0.001155575,-0.004822442,0.005824508,0.010334074,0.010881052,0.022407845,0.012215883,0.06044738,-0.104716457,-0.135099351,-0.105846591,-0.088171653,-2.498784304,-0.750579417,1.986035109,-0.513808548,0.133470148,-0.464229226,-2.498784304,-0.750579417,1.986035109,-0.513808548,0.133470148,-0.464229226,-2.498784304,-0.750579417,1.986035109,-0.513808548,0.133470148,-0.464229226
9.720000462,-0.001034358,-0.004409412,0.004924687,0.009462476,0.009871648,0.021570459,0.012096434,0.034481257,-0.084480472,-0.068625994,-0.099802189,-0.08251211,-2.968016386,-2.489157438,2.521222115,2.213594675,0.10650181,-0.454321444,-2.968016386,-2.489157438,2.521222115,2.213594675,0.10650181,-0.454321444,-2.968016386,-2.489157438,2.521222115,2.213594675,0.10650181,-0.454321444
9.730000462,-0.000914701,-0.004119838,0.004195469,0.008695871,0.008926258,0.020786539,0.011930201,0.029389231,-0.070899457,-0.08551877,-0.093166016,-0.077425338,-3.402367353,-0.385337949,2.648662806,-0.562455297,0.139253303,-0.453055918,-3.402367353,-0.385337949,2.648662806,-0.562455297,0.139253303,-0.453055918,-3.402367353,-0.385337949,2.648662806,-0.562455297,0.139253303,-0.453055918
9.740000463,-0.000797032,-0.003772893,0.003490711,0.007778999,0.008038209,0.020052209,0.011724123,0.036319677,-0.071008809,-0.090791382,-0.087809615,-0.072405338,-3.789926291,0.248352468,2.672049761,0.514820516,0.123695537,-0.451084167,-3.789926291,0.248352468,2.672049761,0.514820516,0.123695537,-0.451084167,-3.789926291,0.248352468,2.672049761,0.514820516,0.123695537,-0.451084167
9.750000463,-0.000681686,-0.003446945,0.002845766,0.007184577,0.007214656,0.019372657,0.011485799,0.030811155,-0.062145125,-0.049289688,-0.080869749,-0.066807434,-4.133684158,-0.607058764,2.807880402,1.461886525,0.173456118,-0.450547636,-4.133684158,-0.607058764,2.807880402,1.461886525,0.173456118,-0.450547636,-4.133684158,-0.607058764,2.807880402,1.461886525,0.173456118,-0.450547636
9.760000464,-0.000568981,-0.003126465,0.002320679,0.006423739,0.006453937,0.018744126,0.011214993,0.033054985,-0.050077777,-0.088398688,-0.074967198,-0.06191586,-4.437709332,-0.113587491,2.794167042,-0.897109866,0.115309447,-0.454528868,-4.437709332,-0.113587491,2.794167042,-0.897109866,0.115309447,-0.454528868,-4.437709332,-0.113587491,2.794167042,-0.897109866,0.115309447,-0.454528868
9.770000464,-0.000459189,-0.002798021,0.001855412,0.005667088,0.005740887,0.018165186,0.010919088,0.032438483,-0.046154089,-0.067313671,-0.070452861,-0.056861911,-4.699901104,-0.368007779,2.628559828,1.273676991,0.106834941,-0.457117379,-4.699901104,-0.368007779,2.628559828,1.273676991,0.106834941,-0.457117379,-4.699901104,-0.368007779,2.628559828,1.273676991,0.106834941,-0.457117379
9.780000465,-0.000352547,-0.002463438,0.001394676,0.005090144,0.005092507,0.017634109,0.010599261,0.033933658,-0.046171077,-0.057271406,-0.063251473,-0.052201003,-4.924537182,-0.3762182,2.484568596,0.422201246,0.172119543,-0.46217224,-4.924537182,-0.3762182,2.484568596,0.422201246,0.172119543,-0.46217224,-4.924537182,-0.3762182,2.484568596,0.422201246,0.172119543,-0.46217224
9.790000465,-0.000249261,-0.002102241,0.000945346,0.004304093,0.004496774,0.017145351,0.010260103,0.036688995,-0.044488154,-0.085859388,-0.05887777,-0.048063383,-5.111134529,-0.626292706,2.375454187,-0.416260868,0.063246831,-0.467133641,-5.111134529,-0.626292706,2.375454187,-0.416260868,0.063246831,-0.467133641,-5.111134529,-0.626292706,2.375454187,-0.416260868,0.063246831,-0.467133641
9.800000465,-0.000149478,-0.001772508,0.00049548,0.003651591,0.003947711,0.01669921,0.009907184,0.031545106,-0.045301273,-0.055962723,-0.053815249,-0.043733712,-5.262134552,-1.135450721,2.237933397,1.304113388,0.113506071,-0.471221387,-5.262134552,-1.135450721,2.237933397,1.304113388,0.113506071,-0.471221387,-5.262134552,-1.135450721,2.237933397,1.304113388,0.113506071,-0.471221387
9.810000466,-5.33E-05,-0.00143915,-8.90E-07,0.003005394,0.003456553,0.016291037,0.009540054,0.034408305,-0.050977014,-0.070600271,-0.047913384,-0.040145617,-5.381103992,-0.697369635,2.125909805,-0.300390691,0.113102183,-0.477664977,-5.381103992,-0.697369635,2.125909805,-0.300390691,0.113102183,-0.477664977,-5.381103992,-0.697369635,2.125909805,-0.300390691,0.113102183,-0.477664977
9.820000466,3.89E-05,-0.001234747,-0.000402854,0.002625534,0.002998298,0.015925303,0.009149174,0.015426931,-0.036156785,-0.025121095,-0.045529127,-0.035606358,-5.721450806,-2.062302589,2.483728647,1.65150702,0.022195222,-0.474431783,-5.721450806,-2.062302589,2.483728647,1.65150702,0.022195222,-0.474431783,-5.721450806,-2.062302589,2.483728647,1.65150702,0.022195222,-0.474431783
9.830000467,0.000127062,-0.001128789,-0.000683534,0.00234002,0.00258567,0.015601352,0.008725345,0.010656221,-0.026717396,-0.033981506,-0.039938342,-0.031651542,-6.019656181,-0.598004818,2.542181969,-0.201439187,0.13576445,-0.476964176,-6.019656181,-0.598004818,2.542181969,-0.201439187,0.13576445,-0.476964176,-6.019656181,-0.598004818,2.542181969,-0.201439187,0.13576445,-0.476964176
9.840000467,0.000210729,-0.000981316,-0.000959969,0.001938374,0.002209535,0.015314355,0.008275898,0.016090821,-0.028402712,-0.040416006,-0.037280571,-0.027962852,-6.266489029,-0.062550887,2.533159733,0.379553884,0.047816485,-0.478328973,-6.266489029,-0.062550887,2.533159733,0.379553884,0.047816485,-0.478328973,-6.266489029,-0.062550887,2.533159733,0.379553884,0.047816485,-0.478328973
9.850000468,0.000289751,-0.000849347,-0.001207916,0.001760931,0.001873494,0.015066907,0.007807797,0.011784487,-0.023338562,-0.010102668,-0.032489765,-0.023915667,-6.466144562,-0.755201221,2.631139517,1.187650084,0.128550783,-0.479789644,-6.466144562,-0.755201221,2.631139517,1.187650084,0.128550783,-0.479789644,-6.466144562,-0.755201221,2.631139517,1.187650084,0.128550783,-0.479789644
9.860000468,0.000363954,-0.000728583,-0.001378278,0.001479325,0.001581096,0.014855787,0.007322359,0.012644764,-0.015420236,-0.036726497,-0.028528037,-0.020452691,-6.623000622,-0.396235973,2.633136988,-0.514256358,0.073284179,-0.484247684,-6.623000622,-0.396235973,2.633136988,-0.514256358,0.073284179,-0.484247684,-6.623000622,-0.396235973,2.633136988,-0.514256358,0.073284179,-0.484247684
9.870000469,0.000433212,-0.0006025,-0.001513833,0.001184476,0.001316414,0.014679089,0.006826108,0.012406696,-0.01347234,-0.024215559,-0.026018526,-0.016960409,-6.737075806,-0.497911572,2.529006481,0.943184137,0.059033599,-0.487348318,-6.737075806,-0.497911572,2.529006481,0.943184137,0.059033599,-0.487348318,-6.737075806,-0.497911572,2.529006481,0.943184137,0.059033599,-0.487348318
9.880000469,0.000497435,-0.000473557,-0.001651837,0.001025018,0.001095385,0.014535293,0.0063211,0.013123851,-0.013937409,-0.014945337,-0.020947805,-0.01374949,-6.812828541,-0.516341925,2.449774981,0.483616441,0.126372904,-0.491785586,-6.812828541,-0.516341925,2.449774981,0.483616441,0.126372904,-0.491785586,-6.812828541,-0.516341925,2.449774981,0.483616441,0.126372904,-0.491785586
9.89000047,0.000556572,-0.000327356,-0.001781283,0.000720405,0.000908102,0.014420286,0.005811629,0.015042349,-0.012567945,-0.035967089,-0.018373599,-0.010962127,-6.851368904,-0.644599795,2.397120714,-0.220091283,0.03130893,-0.496108264,-6.851368904,-0.644599795,2.397120714,-0.220091283,0.03130893,-0.496108264,-6.851368904,-0.644599795,2.397120714,-0.220091283,0.03130893,-0.496108264
9.90000047,0.000610613,-0.00020248,-0.001906896,0.000499104,0.000750204,0.014333829,0.005302485,0.011495286,-0.012685343,-0.015682733,-0.015046653,-0.008052814,-6.855822086,-0.979278922,2.317564011,1.026266456,0.079286791,-0.49953258,-6.855822086,-0.979278922,2.317564011,1.026266456,0.079286791,-0.49953258,-6.855822086,-0.979278922,2.317564011,1.026266456,0.079286791,-0.49953258
9.910000471,0.000659573,-7.56E-05,-0.002059842,0.000294674,0.000630763,0.014272586,0.00479419,0.013417097,-0.016123757,-0.024178881,-0.011157651,-0.005670566,-6.829958439,-0.660777152,2.249042749,-0.042617332,0.076223232,-0.504504919,-6.829958439,-0.660777152,2.249042749,-0.042617332,0.076223232,-0.504504919,-6.829958439,-0.660777152,2.249042749,-0.042617332,0.076223232,-0.504504919
9.920000471,0.000703485,-9.81E-06,-0.0021676,0.000186884,0.000510029,0.014236495,0.004290498,0.004055363,-0.008716109,-0.005067201,-0.012640996,-0.003076396,-6.824651718,-1.435023189,2.414843082,0.928426802,-0.065575309,-0.509175658,-6.824651718,-1.435023189,2.414843082,0.928426802,-0.065575309,-0.509175658,-6.824651718,-1.435023189,2.414843082,0.928426802,-0.065575309,-0.509175658
9.930000472,0.000742368,-3.22E-06,-0.002215283,0.000155612,0.000411521,0.014222786,0.003787773,0.000367985,-0.0041393,-0.004384323,-0.008731534,-0.000979283,-6.792740345,-0.775381625,2.426995039,0.229155332,0.115225844,-0.515680373,-6.792740345,-0.775381625,2.426995039,0.229155332,0.115225844,-0.515680373,-6.792740345,-0.775381625,2.426995039,0.229155332,0.115225844,-0.515680373
9.940000472,0.000776266,2.53E-05,-0.00227035,5.39E-05,0.000325054,0.014226362,0.003290671,0.00377175,-0.00617338,-0.011682008,-0.008991397,0.000668226,-6.731427193,-0.387245625,2.407381296,0.221772701,-0.031986792,-0.520731747,-6.731427193,-0.387245625,2.407381296,0.221772701,-0.031986792,-0.520731747,-6.731427193,-0.387245625,2.407381296,0.221772701,-0.031986792,-0.520731747
9.950000473,0.000805265,4.72E-05,-0.002321312,5.23E-05,0.000250015,0.014246717,0.002802711,0.001363445,-0.004515404,0.004186583,-0.006893182,0.002385972,-6.644706249,-0.817655027,2.46126008,0.824754834,0.068551883,-0.524364829,-6.644706249,-0.817655027,2.46126008,0.824754834,0.068551883,-0.524364829,-6.644706249,-0.817655027,2.46126008,0.824754834,0.068551883,-0.524364829
9.960000473,0.000829465,5.66E-05,-0.00233821,2.33E-05,0.000194964,0.014281407,0.002324788,0.001073609,-0.000941893,-0.006709952,-0.005245802,0.003714789,-6.535906315,-0.634282589,2.474112988,-0.030986356,0.025320407,-0.528901279,-6.535906315,-0.634282589,2.474112988,-0.030986356,0.025320407,-0.528901279,-6.535906315,-0.634282589,2.474112988,-0.030986356,0.025320407,-0.528901279
9.970000474,0.000848989,7.03E-05,-0.002342114,-3.65E-05,0.000145263,0.014328197,0.001859905,0.001422438,-0.000455168,-0.00446569,-0.004964564,0.004916542,-6.406335831,-0.599826813,2.433746576,0.533775389,0.005141215,-0.53218925,-6.406335831,-0.599826813,2.433746576,0.533775389,0.005141215,-0.53218925,-6.406335831,-0.599826813,2.433746576,0.533775389,0.005141215,-0.53218925
9.980000474,0.000863976,8.40E-05,-0.00234999,-1.95E-05,0.000113543,0.014386013,0.001409142,0.001331096,-0.000876851,0.003252902,-0.002576294,0.005988183,-6.259145737,-0.650802732,2.411254168,0.533884287,0.065860622,-0.535328865,-6.259145737,-0.650802732,2.411254168,0.533884287,0.065860622,-0.535328865,-6.259145737,-0.650802732,2.411254168,0.533884287,0.065860622,-0.535328865
9.990000474,0.000874584,0.000104714,-0.002352515,-6.66E-05,9.35E-05,0.014452413,0.00097431,0.002334793,-1.54E-05,-0.007883621,-0.002010671,0.00678626,-6.096027374,-0.657667339,2.401816845,0.029851517,-0.003437975,-0.538268983,-6.096027374,-0.657667339,2.401816845,0.029851517,-0.003437975,-0.538268983,-6.096027374,-0.657667339,2.401816845,0.029851517,-0.003437975,-0.538268983
