0.024000001,0.000598621,-1.570812583,-0.001406777,-1.595333457,0.001028079,-0.001162382,0.042540301,-0.039015926,-0.134035826,-0.707439423,0.088811994,-0.096743755,-1.708405852,2.85376215,3.799286842,18.18672943,-0.497437,0.053059377,-1.708405852,2.85376215,3.799286842,18.18672943,-0.497437,0.053059377,-1.708405852,2.85376215,3.799286842,18.18672943,-0.497437,0.053059377
0.044000002,0.001433076,-1.572029471,-0.004882317,-1.593246818,0.003917616,-0.004145035,0.038845524,-0.07561896,-0.176376,0.446720213,0.165057242,-0.169234633,-2.452644587,10.38514042,9.280672073,8.966108322,-1.497777939,0.131753266,-2.452644587,10.38514042,9.280672073,8.966108322,-1.497777939,0.131753266,-2.452644587,10.38514042,9.280672073,8.966108322,-1.497777939,0.131753266
0.064000003,0.002199566,-1.573952079,-0.007635604,-1.579704642,0.007011485,-0.00756345,0.040017597,-0.102969527,-0.111647323,0.708761275,0.137390673,-0.163535133,-3.076590061,20.85857391,11.73898983,-0.195506096,-2.219768763,0.184515461,-3.076590061,20.85857391,11.73898983,-0.195506096,-2.219768763,0.184515461,-3.076590061,20.85857391,11.73898983,-0.195506096,-2.219768763,0.184515461
0.084000004,0.003182693,-1.575874686,-0.008994619,-1.56921041,0.008532517,-0.010110637,0.053974114,-0.088063985,-0.048095774,0.389334679,0.039772555,-0.10444691,-4.260405064,28.63588333,12.31139183,-3.621441603,-2.287006617,0.199894711,-4.260405064,28.63588333,12.31139183,-3.621441603,-2.287006617,0.199894711,-4.260405064,28.63588333,12.31139183,-3.621441603,-2.287006617,0.199894711
0.104000005,0.004361285,-1.577103019,-0.009606997,-1.566799521,0.008140765,-0.011300495,0.059133891,-0.046061482,-0.025014311,-0.010650488,-0.046310581,-0.036350876,-5.383194923,31.78635979,12.67229843,-2.091082811,-1.877020359,0.189293787,-5.383194923,31.78635979,12.67229843,-2.091082811,-1.877020359,0.189293787,-5.383194923,31.78635979,12.67229843,-2.091082811,-1.877020359,0.189293787
0.124000006,0.005418373,-1.5774616,-0.010101001,-1.569874167,0.006786468,-0.011349967,0.047128584,-0.004429179,-0.024794733,-0.201985657,-0.071696848,0.013081986,-5.813874722,31.70843124,13.38015079,0.971517324,-1.409164071,0.168766171,-5.813874722,31.70843124,13.38015079,0.971517324,-1.409164071,0.168766171,-5.813874722,31.70843124,13.38015079,0.971517324,-1.409164071,0.168766171
0.144000007,0.006120918,-1.577167869,-0.010560135,-1.573753715,0.005674678,-0.010702422,0.027708594,0.023015087,-0.019668184,-0.171373874,-0.04252344,0.040817291,-5.543485641,30.43843079,14.04028511,2.947333097,-1.185058475,0.147238716,-5.543485641,30.43843079,14.04028511,2.947333097,-1.185058475,0.147238716,-5.543485641,30.43843079,14.04028511,2.947333097,-1.185058475,0.147238716
0.164000008,0.006495951,-1.576485038,-0.010720829,-1.575588584,0.00542793,-0.009662738,0.013790128,0.038753077,0.000803074,-0.046128213,0.003717692,0.057455525,-4.964130402,29.04337883,14.0975523,3.187509537,-1.244022846,0.125121906,-4.964130402,29.04337883,14.0975523,3.187509537,-1.244022846,0.125121906,-4.964130402,29.04337883,14.0975523,3.187509537,-1.244022846,0.125121906
0.184000009,0.006725756,-1.575538993,-0.010336797,-1.575104117,0.005914736,-0.008307656,0.00983547,0.051075194,0.030666957,0.054843243,0.032423072,0.073636964,-4.404809952,27.48431015,13.32422543,2.374985695,-1.433902383,0.098848186,-4.404809952,27.48431015,13.32422543,2.374985695,-1.433902383,0.098848186,-4.404809952,27.48431015,13.32422543,2.374985695,-1.433902383,0.098848186
0.20400001,0.006973756,-1.574325919,-0.009366433,-1.573471427,0.006577778,-0.006583368,0.012470443,0.065640531,0.058770984,0.088175096,0.030392507,0.093386769,-3.944115162,25.33019066,11.86713982,1.450691938,-1.561855912,0.065519907,-3.944115162,25.33019066,11.86713982,1.450691938,-1.561855912,0.065519907,-3.944115162,25.33019066,11.86713982,1.450691938,-1.561855912,0.065519907
0.224000011,0.007299243,-1.572777152,-0.007941674,-1.571853995,0.006875443,-0.004437154,0.01615712,0.082785666,0.078535885,0.073401868,0.005016185,0.114801012,-3.476338387,22.28730011,10.02373314,0.908216774,-1.509246707,0.024884883,-3.476338387,22.28730011,10.02373314,0.908216774,-1.509246707,0.024884883,-3.476338387,22.28730011,10.02373314,0.908216774,-1.509246707,0.024884883
0.244000012,0.007682098,-1.570877433,-0.006240393,-1.570705771,0.006550166,-0.001886077,0.018163748,0.099954732,0.089656726,0.048616543,-0.027303118,0.134010956,-2.88462162,18.51625633,8.034675598,0.728830934,-1.263274312,-0.02124729,-2.88462162,18.51625633,8.034675598,0.728830934,-1.263274312,-0.02124729,-2.88462162,18.51625633,8.034675598,0.728830934,-1.263274312,-0.02124729
0.264000013,0.008094698,-1.568661094,-0.004399951,-1.569893241,0.005658167,0.000988001,0.019241353,0.114809543,0.095029928,0.037845332,-0.052207917,0.148333013,-2.146787405,14.36082077,6.026226997,0.671058536,-0.886658728,-0.070498496,-2.146787405,14.36082077,6.026226997,0.671058536,-0.886658728,-0.070498496,-2.146787405,14.36082077,6.026226997,0.671058536,-0.886658728,-0.070498496
0.284000013,0.008547306,-1.56618917,-0.002497497,-1.569065452,0.004449951,0.004076574,0.021629654,0.126589715,0.097429074,0.043482922,-0.062744774,0.157155931,-1.327296257,10.20948792,4.044164658,0.532898545,-0.467769712,-0.120968401,-1.327296257,10.20948792,4.044164658,0.532898545,-0.467769712,-0.120968401,-1.327296257,10.20948792,4.044164658,0.532898545,-0.467769712,-0.120968401
0.304000014,0.009088248,-1.563515067,-0.000573196,-1.568020225,0.003218402,0.007277581,0.026876707,0.135667115,0.098175414,0.055795629,-0.059160061,0.161166489,-0.516067147,6.24119997,2.113289833,0.270540804,-0.081318051,-0.171462059,-0.516067147,6.24119997,2.113289833,0.270540804,-0.081318051,-0.171462059,-0.516067147,6.24119997,2.113289833,0.270540804,-0.081318051,-0.171462059
0.324000015,0.009782612,-1.560680747,0.001334657,-1.56675756,0.002190632,0.010506166,0.035457179,0.143004954,0.096720889,0.065578006,-0.045981586,0.161212936,0.21075809,2.628186226,0.288311958,-0.047580466,0.229748011,-0.221161634,0.21075809,2.628186226,0.288311958,-0.047580466,0.229748011,-0.221161634,0.21075809,2.628186226,0.288311958,-0.047580466,0.229748011,-0.221161634
0.344000016,0.010689199,-1.557705283,0.00317274,-1.56536901,0.001486861,0.01368974,0.046623744,0.149111241,0.092481598,0.06903635,-0.028683066,0.15775983,0.816865444,-0.583516359,-1.351459384,-0.345139384,0.453453064,-0.269287705,0.816865444,-0.583516359,-1.351459384,-0.345139384,0.453453064,-0.269287705,0.816865444,-0.583516359,-1.351459384,-0.345139384,0.453453064,-0.269287705
0.364000017,0.011847675,-1.554615378,0.004882499,-1.56398046,0.001128958,0.016759766,0.059519812,0.15418829,0.085222952,0.067412965,-0.011738122,0.150875852,1.293250442,-3.256809711,-2.72935915,-0.563404799,0.599694729,-0.314955115,1.293250442,-3.256809711,-2.72935915,-0.563404799,0.599694729,-0.314955115,1.293250442,-3.256809711,-2.72935915,-0.563404799,0.599694729,-0.314955115
0.384000018,0.013283491,-1.551437736,0.006407618,-1.562649131,0.001075139,0.019646181,0.073481366,0.158285111,0.075324699,0.064331822,0.002414477,0.140451491,1.637913465,-5.277938843,-3.78034234,-0.695092261,0.687870085,-0.357171834,1.637913465,-5.277938843,-3.78034234,-0.695092261,0.687870085,-0.357171834,1.637913465,-5.277938843,-3.78034234,-0.695092261,0.687870085,-0.357171834
0.404000019,0.015014619,-1.548183799,0.007702499,-1.561367393,0.001260401,0.022277905,0.088214137,0.161676586,0.063471913,0.062420201,0.013278887,0.126510993,1.844631314,-6.58356905,-4.45801878,-0.760069013,0.736710966,-0.39497903,1.844631314,-6.58356905,-4.45801878,-0.760069013,0.736710966,-0.39497903,1.844631314,-6.58356905,-4.45801878,-0.760069013,0.736710966,-0.39497903
0.42400002,0.017050475,-1.544861197,0.008747264,-1.560097098,0.001628747,0.024587883,0.103292868,0.164489359,0.051150907,0.061983626,0.021691682,0.109315649,1.919891953,-7.127969265,-4.764476776,-0.779640973,0.757896841,-0.427580297,1.919891953,-7.127969265,-4.764476776,-0.779640973,0.757896841,-0.427580297,1.919891953,-7.127969265,-4.764476776,-0.779640973,0.757896841,-0.427580297
0.444000021,0.01939854,-1.541489005,0.009541049,-1.55881536,0.002147013,0.026516391,0.11880146,0.167487577,0.038890183,0.062684998,0.028892383,0.089281239,1.857682109,-6.88624382,-4.711195946,-0.761438727,0.755813718,-0.45436582,1.857682109,-6.88624382,-4.711195946,-0.761438727,0.755813718,-0.45436582,1.857682109,-6.88624382,-4.711195946,-0.761438727,0.755813718,-0.45436582
0.464000022,0.022063762,-1.538044333,0.010093614,-1.557518363,0.002807954,0.028012885,0.134382233,0.171233654,0.027453989,0.063717,0.036161792,0.066913143,1.663335443,-5.950211525,-4.323484898,-0.704154432,0.72800988,-0.474906296,1.663335443,-5.950211525,-4.323484898,-0.704154432,0.72800988,-0.474906296,1.663335443,-5.950211525,-4.323484898,-0.704154432,0.72800988,-0.474906296
0.484000023,0.025041372,-1.53450048,0.010432645,-1.556190848,0.003622757,0.029037369,0.149580657,0.176047012,0.01769633,0.064901978,0.044156395,0.042704772,1.356691837,-4.436563492,-3.653020144,-0.608537257,0.669166625,-0.488930643,1.356691837,-4.436563492,-3.653020144,-0.608537257,0.669166625,-0.488930643,1.356691837,-4.436563492,-3.653020144,-0.608537257,0.669166625,-0.488930643
0.504000024,0.028320104,-1.53083837,0.010598226,-1.554836631,0.004604005,0.029559446,0.164168432,0.182294339,0.010020425,0.066559419,0.052632142,0.017158166,0.958364487,-2.448676825,-2.760975361,-0.475673139,0.576503098,-0.496318668,0.958364487,-2.448676825,-2.760975361,-0.475673139,0.576503098,-0.496318668,0.958364487,-2.448676825,-2.760975361,-0.475673139,0.576503098,-0.496318668
0.524000025,0.031885475,-1.527023673,0.010632946,-1.553436637,0.00575132,0.029559089,0.17796886,0.190326452,0.004540874,0.069040887,0.060778696,-0.00919632,0.487876773,-0.111805201,-1.70396924,-0.317200899,0.452527583,-0.497117788,0.487876773,-0.111805201,-1.70396924,-0.317200899,0.452527583,-0.497117788,0.487876773,-0.111805201,-1.70396924,-0.317200899,0.452527583,-0.497117788
0.544000026,0.035719246,-1.523029685,0.010582312,-1.551975608,0.00704556,0.029027177,0.19080621,0.200356096,0.001346061,0.07263764,0.067628838,-0.035820793,-0.030676305,2.428534031,-0.543132424,-0.139994919,0.305075914,-0.491545498,-0.030676305,2.428534031,-0.543132424,-0.139994919,0.305075914,-0.491545498,-0.030676305,2.428534031,-0.543132424,-0.139994919,0.305075914,-0.491545498
0.564000027,0.039798111,-1.518799186,0.01049666,-1.550419211,0.008450359,0.027965499,0.202359527,0.212271973,0.000874322,0.077198952,0.072405398,-0.062167473,-0.565048039,4.989061356,0.649134159,0.03997007,0.145727158,-0.479989439,-0.565048039,4.989061356,0.649134159,0.03997007,0.145727158,-0.479989439,-0.565048039,4.989061356,0.649134159,0.03997007,0.145727158,-0.479989439
0.584000028,0.044094056,-1.514305472,0.010434135,-1.548759818,0.009916931,0.026386334,0.212538183,0.225949705,0.003304815,0.082754329,0.074579775,-0.087724775,-1.083395362,7.451412678,1.792237282,0.217946187,-0.011632301,-0.462985098,-1.083395362,7.451412678,1.792237282,0.217946187,-0.011632301,-0.462985098,-1.083395362,7.451412678,1.792237282,0.217946187,-0.011632301,-0.462985098
0.604000029,0.048581451,-1.509510398,0.01044686,-1.54696691,0.011391431,0.024311734,0.221499443,0.241480023,0.008193621,0.089518905,0.074061692,-0.112016983,-1.565330744,9.674750328,2.825552702,0.379069924,-0.153187037,-0.441194504,-1.565330744,9.674750328,2.825552702,0.379069924,-0.153187037,-0.441194504,-1.565330744,9.674750328,2.825552702,0.379069924,-0.153187037,-0.441194504
0.62400003,0.053234667,-1.504375815,0.010583087,-1.545021415,0.012824506,0.021772875,0.229187727,0.258645266,0.015464592,0.097107016,0.071223378,-0.134586126,-1.984779596,11.53962135,3.687150478,0.51495558,-0.267868757,-0.415415138,-1.984779596,11.53962135,3.687150478,0.51495558,-0.267868757,-0.415415138,-1.984779596,11.53962135,3.687150478,0.51495558,-0.267868757,-0.415415138
0.644000031,0.058028311,-1.498878837,0.010887428,-1.542919517,0.014177412,0.018809153,0.235664725,0.277176976,0.024866745,0.105619557,0.066662282,-0.155076817,-2.318833351,12.93052864,4.32144165,0.623613298,-0.348102987,-0.386526406,-2.318833351,12.93052864,4.32144165,0.623613298,-0.348102987,-0.386526406,-2.318833351,12.93052864,4.32144165,0.623613298,-0.348102987,-0.386526406
0.664000032,0.062941879,-1.492988944,0.011393293,-1.540626884,0.015423626,0.015466107,0.241218388,0.296989352,0.035694923,0.114970639,0.060980171,-0.173175395,-2.556177855,13.77885056,4.694475174,0.690008938,-0.389451206,-0.355478078,-2.556177855,13.77885056,4.694475174,0.690008938,-0.389451206,-0.355478078,-2.556177855,13.77885056,4.694475174,0.690008938,-0.389451206,-0.355478078
0.684000032,0.067956775,-1.486690879,0.01212494,-1.538143516,0.016548604,0.011795057,0.245959327,0.317732841,0.047589879,0.124732763,0.054759566,-0.188633934,-2.683916092,14.01465225,4.778957367,0.7157498,-0.390452057,-0.323283792,-2.683916092,14.01465225,4.778957367,0.7157498,-0.390452057,-0.323283792,-2.683916092,14.01465225,4.778957367,0.7157498,-0.390452057,-0.323283792
0.704000033,0.073058218,-1.479965568,0.013099327,-1.535454154,0.017547697,0.0078506,0.250017345,0.338950008,0.060236227,0.134813398,0.048427634,-0.201321781,-2.693401814,13.5933876,4.554851532,0.695631146,-0.351705372,-0.290955365,-2.693401814,13.5933876,4.554851532,0.695631146,-0.351705372,-0.290955365,-2.693401814,13.5933876,4.554851532,0.695631146,-0.351705372,-0.290955365
0.724000034,0.078235954,-1.47281301,0.01432307,-1.532570243,0.018421203,0.003689392,0.253707588,0.360387117,0.072949782,0.144808978,0.042160153,-0.211155936,-2.585081339,12.53061295,4.02077055,0.634429693,-0.274178654,-0.259514451,-2.585081339,12.53061295,4.02077055,0.634429693,-0.274178654,-0.259514451,-2.585081339,12.53061295,4.02077055,0.634429693,-0.274178654,-0.259514451
0.744000035,0.083484977,-1.465225577,0.015789313,-1.529476523,0.019173056,-0.000631837,0.257252425,0.381721586,0.085152991,0.154553071,0.036137931,-0.218168303,-2.364326715,10.82593727,3.19178319,0.527186811,-0.159722686,-0.229933232,-2.364326715,10.82593727,3.19178319,0.527186811,-0.159722686,-0.229933232,-2.364326715,10.82593727,3.19178319,0.527186811,-0.159722686,-0.229933232
0.764000036,0.088803142,-1.457218528,0.017484767,-1.526192069,0.019810289,-0.005058177,0.26077956,0.402505845,0.096533462,0.163937435,0.030526331,-0.222492963,-2.034991741,8.537197113,2.084199905,0.384294927,-0.010987453,-0.203116208,-2.034991741,8.537197113,2.084199905,0.384294927,-0.010987453,-0.203116208,-2.034991741,8.537197113,2.084199905,0.384294927,-0.010987453,-0.203116208
0.784000037,0.094191641,-1.44880712,0.019386156,-1.522720695,0.020343512,-0.009538626,0.264519483,0.42246154,0.106589727,0.173003256,0.025479021,-0.224352017,-1.609618664,5.73646307,0.731638491,0.206668258,0.1686216,-0.17986618,-1.609618664,5.73646307,0.731638491,0.206668258,0.1686216,-0.17986618,-1.609618664,5.73646307,0.731638491,0.206668258,0.1686216,-0.17986618
0.804000038,0.099657625,-1.440002799,0.02146141,-1.519081473,0.020786375,-0.014027512,0.268648595,0.441345006,0.114930153,0.181672573,0.02119077,-0.224035859,-1.103978515,2.490077019,-0.823899508,0.001873851,0.374732912,-0.160877019,-1.103978515,2.490077019,-0.823899508,0.001873851,0.374732912,-0.160877019,-1.103978515,2.490077019,-0.823899508,0.001873851,0.374732912,-0.160877019
0.824000039,0.105209202,-1.430832267,0.023673577,-1.515266776,0.021157056,-0.018485986,0.273289591,0.458927274,0.1213191,0.189843297,0.017868174,-0.221903265,-0.534400403,-1.106097698,-2.537266731,-0.230152041,0.60179013,-0.146706492,-0.534400403,-1.106097698,-2.537266731,-0.230152041,0.60179013,-0.146706492,-0.534400403,-1.106097698,-2.537266731,-0.230152041,0.60179013,-0.146706492
0.84400004,0.110857815,-1.421326041,0.025982125,-1.511303306,0.021476775,-0.022882484,0.278531283,0.475052774,0.125632733,0.197001368,0.015656171,-0.21833539,0.080605447,-4.919061661,-4.360738754,-0.478881061,0.843666375,-0.137791604,0.080605447,-4.919061661,-4.360738754,-0.478881061,0.843666375,-0.137791604,0.080605447,-4.919061661,-4.360738754,-0.478881061,0.843666375,-0.137791604
0.864000041,0.116616577,-1.411518455,0.028340919,-1.507202506,0.021769673,-0.027194522,0.284503549,0.489756107,0.127542242,0.203358471,0.014706667,-0.21381034,0.718713999,-8.86138916,-6.236619473,-0.734912872,1.093487859,-0.134392604,0.718713999,-8.86138916,-6.236619473,-0.734912872,1.093487859,-0.134392604,0.718713999,-8.86138916,-6.236619473,-0.734912872,1.093487859,-0.134392604
0.884000042,0.122500271,-1.40143621,0.030702932,-1.502987266,0.022062629,-0.031409308,0.291197807,0.502985597,0.127134234,0.208764717,0.015119352,-0.208818212,1.360170841,-12.81155109,-8.112747192,-0.99083662,1.3438375,-0.136610568,1.360170841,-12.81155109,-8.112747192,-0.99083662,1.3438375,-0.136610568,1.360170841,-12.81155109,-8.112747192,-0.99083662,1.3438375,-0.136610568
0.904000043,0.128522292,-1.391109824,0.033023853,-1.498669028,0.022382945,-0.035524294,0.298577935,0.514727175,0.124585591,0.213396549,0.016892463,-0.203892484,1.98703146,-16.68283081,-9.942265511,-1.243279696,1.587473035,-0.144373432,1.98703146,-16.68283081,-9.942265511,-1.243279696,1.587473035,-0.144373432,1.98703146,-16.68283081,-9.942265511,-1.243279696,1.587473035,-0.144373432
0.924000044,0.134695902,-1.380562186,0.035263557,-1.494263053,0.022755772,-0.039547488,0.306595296,0.525056422,0.120117351,0.217128322,0.019858902,-0.199537396,2.581420183,-20.39680099,-11.68458462,-1.483006477,1.818240166,-0.157455802,2.581420183,-20.39680099,-11.68458462,-1.483006477,1.818240166,-0.157455802,2.581420183,-20.39680099,-11.68458462,-1.483006477,1.818240166,-0.157455802
0.944000045,0.141033068,-1.369827628,0.03738739,-1.489792228,0.023202091,-0.043497249,0.315154731,0.534083009,0.113966957,0.220285639,0.023789166,-0.196276903,3.128188133,-23.87827301,-13.30690575,-1.702093363,2.031248093,-0.175469548,3.128188133,-23.87827301,-13.30690575,-1.702093363,2.031248093,-0.175469548,3.128188133,-23.87827301,-13.30690575,-1.702093363,2.031248093,-0.175469548
0.964000046,0.147541896,-1.358917594,0.039365429,-1.485271811,0.023737639,-0.047401592,0.324126899,0.541929126,0.106465943,0.223224878,0.028413488,-0.194606617,3.616939545,-27.07020187,-14.78361511,-1.898764491,2.22308898,-0.197883874,3.616939545,-27.07020187,-14.78361511,-1.898764491,2.22308898,-0.197883874,3.616939545,-27.07020187,-14.78361511,-1.898764491,2.22308898,-0.197883874
0.984000047,0.15423049,-1.347862601,0.041175265,-1.480682731,0.024371952,-0.051298067,0.333385319,0.54880321,0.097925149,0.225818336,0.033392727,-0.194930166,4.036623001,-29.93865013,-16.09811592,-2.08027792,2.392073393,-0.224055737,4.036623001,-29.93865013,-16.09811592,-2.08027792,2.392073393,-0.224055737,4.036623001,-29.93865013,-16.09811592,-2.08027792,2.392073393,-0.224055737
1.004000048,0.161103621,-1.336685538,0.042797703,-1.476051688,0.025108129,-0.055230662,0.342807114,0.555054545,0.08846952,0.227894217,0.038456876,-0.197582498,4.379953861,-32.41657257,-17.2359066,-2.236706734,2.537990332,-0.253275782,4.379953861,-32.41657257,-17.2359066,-2.236706734,2.537990332,-0.253275782,4.379953861,-32.41657257,-17.2359066,-2.236706734,2.537990332,-0.253275782
1.024000049,0.168161288,-1.32538259,0.044219393,-1.471382499,0.025946409,-0.05925028,0.352198154,0.56085211,0.078562915,0.229635373,0.043484177,-0.202877924,4.645362377,-34.56371689,-18.19305801,-2.367305756,2.660873413,-0.284736723,4.645362377,-34.56371689,-18.19305801,-2.367305756,2.660873413,-0.284736723,4.645362377,-34.56371689,-18.19305801,-2.367305756,2.660873413,-0.284736723
1.04400005,0.175400153,-1.313965201,0.045437831,-1.466675162,0.02688387,-0.063413069,0.361372501,0.566366136,0.068637118,0.231165037,0.048320387,-0.21104759,4.834421635,-36.37624741,-18.98122406,-2.474932671,2.761554003,-0.317573607,4.834421635,-36.37624741,-18.98122406,-2.474932671,2.761554003,-0.317573607,4.834421635,-36.37624741,-18.98122406,-2.474932671,2.761554003,-0.317573607
1.064000051,0.182815447,-1.302441001,0.046456236,-1.461941123,0.027914256,-0.067777798,0.37017861,0.571844757,0.058916971,0.232598931,0.052783512,-0.222231731,4.950710773,-37.87467194,-19.61556053,-2.558286667,2.841820955,-0.350919515,4.950710773,-37.87467194,-19.61556053,-2.558286667,2.841820955,-0.350919515,4.950710773,-37.87467194,-19.61556053,-2.558286667,2.841820955,-0.350919515
1.084000051,0.190395728,-1.29080236,0.047282834,-1.457176566,0.029028326,-0.072406933,0.378431141,0.577389538,0.049777102,0.234354883,0.056747079,-0.236520365,5.002349854,-39.13097382,-20.11874199,-2.62053299,2.904057026,-0.383872509,5.002349854,-39.13097382,-20.11874199,-2.62053299,2.904057026,-0.383872509,5.002349854,-39.13097382,-20.11874199,-2.62053299,2.904057026,-0.383872509
1.104000052,0.19812955,-1.279049277,0.04793312,-1.452370048,0.030213565,-0.077362224,0.385989189,0.583116233,0.041482814,0.236465231,0.060010038,-0.253879011,4.999219418,-40.18641663,-20.52189255,-2.672060728,2.951659203,-0.415574521,4.999219418,-40.18641663,-20.52189255,-2.672060728,2.951659203,-0.415574521,4.999219418,-40.18641663,-20.52189255,-2.672060728,2.951659203,-0.415574521
1.124000053,0.206001177,-1.267174125,0.048425097,-1.447510123,0.031453378,-0.082702801,0.392739058,0.589194298,0.034091663,0.238720715,0.062383566,-0.27416271,4.952506065,-41.10448456,-20.8552494,-2.717209101,2.989071608,-0.445260912,4.952506065,-41.10448456,-20.8552494,-2.717209101,2.989071608,-0.445260912,4.952506065,-41.10448456,-20.8552494,-2.717209101,2.989071608,-0.445260912
1.144000054,0.213993445,-1.255173087,0.048779506,-1.442612052,0.032728322,-0.088485405,0.398567587,0.595627844,0.027811242,0.241025746,0.063766629,-0.297169387,4.876215935,-41.96572876,-21.1554184,-2.753158808,3.02117157,-0.472214848,4.876215935,-41.96572876,-21.1554184,-2.753158808,3.02117157,-0.472214848,4.876215935,-41.96572876,-21.1554184,-2.753158808,3.02117157,-0.472214848
1.164000055,0.222087279,-1.24303472,0.04901566,-1.43765676,0.034018286,-0.094759628,0.403438777,0.602576971,0.022400156,0.243491322,0.064144522,-0.32262966,4.782497883,-42.83462524,-21.44904518,-2.790976524,3.05273819,-0.495850623,4.782497883,-42.83462524,-21.44904518,-2.790976524,3.05273819,-0.495850623,4.782497883,-42.83462524,-21.44904518,-2.790976524,3.05273819,-0.495850623
1.184000056,0.230263129,-1.230751395,0.049153466,-1.432648063,0.035304196,-0.101572201,0.407291412,0.609897435,0.018052947,0.246248394,0.063610688,-0.35023874,4.686520576,-43.7822113,-21.77105904,-2.830064774,3.087901354,-0.515642107,4.686520576,-43.7822113,-21.77105904,-2.830064774,3.087901354,-0.515642107,4.686520576,-43.7822113,-21.77105904,-2.830064774,3.087901354,-0.515642107
1.204000057,0.238500491,-1.218315482,0.049214143,-1.427582145,0.03656853,-0.108960554,0.410124093,0.617517531,0.014716375,0.249141231,0.062238019,-0.379606783,4.600719929,-44.87078857,-22.15371704,-2.877285957,3.130543232,-0.531216085,4.600719929,-44.87078857,-22.15371704,-2.877285957,3.130543232,-0.531216085,4.600719929,-44.87078857,-22.15371704,-2.877285957,3.130543232,-0.531216085
1.224000058,0.246778861,-1.205719352,0.049215216,-1.422459006,0.037796266,-0.116954491,0.411966652,0.625332296,0.012215665,0.252449542,0.060141206,-0.410342753,4.537513733,-46.16145325,-22.62278557,-2.933532476,3.183703661,-0.542326927,4.537513733,-46.16145325,-22.62278557,-2.933532476,3.183703661,-0.542326927,4.537513733,-46.16145325,-22.62278557,-2.933532476,3.183703661,-0.542326927
1.244000059,0.255079657,-1.192970634,0.049170274,-1.417259574,0.038973697,-0.125575706,0.412899077,0.633304298,0.010224906,0.255866259,0.057407439,-0.441975087,4.507452965,-47.65666199,-23.19686317,-3.010744095,3.250204802,-0.548863471,4.507452965,-47.65666199,-23.19686317,-3.010744095,3.250204802,-0.548863471,4.507452965,-47.65666199,-23.19686317,-3.010744095,3.250204802,-0.548863471
1.26400006,0.26338616,-1.180057883,0.049085755,-1.411987662,0.040089972,-0.134835884,0.413010001,0.641309261,0.008552182,0.258895248,0.054191783,-0.474015117,4.516178608,-49.43458557,-23.88622284,-3.105678797,3.332033396,-0.550878823,4.516178608,-49.43458557,-23.88622284,-3.105678797,3.332033396,-0.550878823,4.516178608,-49.43458557,-23.88622284,-3.105678797,3.332033396,-0.550878823
1.284000061,0.271683127,-1.16698873,0.048967499,-1.406673789,0.041138299,-0.144737408,0.41239664,0.649115026,0.007054346,0.261829317,0.050712071,-0.506050348,4.568986416,-51.48351288,-24.70302963,-3.209269285,3.429849863,-0.548514366,4.568986416,-51.48351288,-24.70302963,-3.209269285,3.429849863,-0.548514366,4.568986416,-51.48351288,-24.70302963,-3.209269285,3.429849863,-0.548514366
1.304000062,0.279957205,-1.15376699,0.048814315,-1.401287436,0.042115577,-0.155274555,0.411181062,0.65658462,0.005414409,0.26470688,0.047138296,-0.537653089,4.669198513,-53.81955719,-25.6465416,-3.336643457,3.543598175,-0.542042375,4.669198513,-53.81955719,-25.6465416,-3.336643457,3.543598175,-0.542042375,4.669198513,-53.81955719,-25.6465416,-3.336643457,3.543598175,-0.542042375
1.324000063,0.288198858,-1.140396476,0.048622627,-1.395855308,0.043021448,-0.166433498,0.409476787,0.66345942,0.003576413,0.267245114,0.04359702,-0.568407476,4.815817833,-56.44604492,-26.717556,-3.478462219,3.672679663,-0.531850278,4.815817833,-56.44604492,-26.717556,-3.478462219,3.672679663,-0.531850278,4.815817833,-56.44604492,-26.717556,-3.478462219,3.672679663,-0.531850278
1.344000064,0.296400458,-1.126900077,0.048385162,-1.390369773,0.043857701,-0.178192303,0.407413542,0.669618726,0.001204566,0.269373626,0.040186372,-0.597940385,5.006355286,-59.31793213,-27.90791321,-3.639166117,3.816034555,-0.518403888,5.006355286,-59.31793213,-27.90791321,-3.639166117,3.816034555,-0.518403888,5.006355286,-59.31793213,-27.90791321,-3.639166117,3.816034555,-0.518403888
1.364000065,0.304555327,-1.113289237,0.048086423,-1.384846091,0.044628628,-0.190521881,0.405123979,0.674963653,-0.002016053,0.271046519,0.037026718,-0.625928879,5.235580444,-62.40736389,-29.19918251,-3.813337088,3.971970081,-0.502271175,5.235580444,-62.40736389,-29.19918251,-3.813337088,3.971970081,-0.502271175,5.235580444,-62.40736389,-29.19918251,-3.813337088,3.971970081,-0.502271175
1.384000066,0.312662512,-1.09958303,0.047706384,-1.379295707,0.045340903,-0.203387901,0.402726114,0.679396033,-0.006315157,0.272274643,0.034278344,-0.652114391,5.494675636,-65.68841553,-30.56748009,-3.998125076,4.138077259,-0.484048277,5.494675636,-65.68841553,-30.56748009,-3.998125076,4.138077259,-0.484048277,5.494675636,-65.68841553,-30.56748009,-3.998125076,4.138077259,-0.484048277
1.404000067,0.320718199,-1.085796714,0.047224421,-1.373726249,0.04600466,-0.216752693,0.40031141,0.682734191,-0.011653381,0.272851676,0.032052569,-0.676288128,5.776907921,-69.11058807,-31.99440575,-4.193287373,4.311227322,-0.46435684,5.776907921,-69.11058807,-31.99440575,-4.193287373,4.311227322,-0.46435684,5.776907921,-69.11058807,-31.99440575,-4.193287373,4.311227322,-0.46435684
1.424000068,0.328726202,-1.071964622,0.046617527,-1.368149161,0.046630986,-0.230573341,0.397978812,0.684963644,-0.018224444,0.272637576,0.030402416,-0.698299348,6.070596218,-72.59281158,-33.45403671,-4.392693996,4.488204479,-0.443881571,6.070596218,-72.59281158,-33.45403671,-4.392693996,4.488204479,-0.443881571,6.070596218,-72.59281158,-33.45403671,-4.392693996,4.488204479,-0.443881571
1.444000069,0.336688429,-1.058102012,0.045858998,-1.362591147,0.047232039,-0.244805023,0.395802528,0.686083198,-0.026172077,0.271906614,0.029413948,-0.718100786,6.364826202,-76.11636353,-34.91576004,-4.589718342,4.665511131,-0.423261344,6.364826202,-76.11636353,-34.91576004,-4.589718342,4.665511131,-0.423261344,6.364826202,-76.11636353,-34.91576004,-4.589718342,4.665511131,-0.423261344
1.46400007,0.344605833,-1.044224143,0.044925828,-1.357052207,0.047821529,-0.259404838,0.39380917,0.685877204,-0.035115745,0.270714045,0.029093819,-0.735709965,6.649323463,-79.63075256,-36.36316681,-4.784190655,4.839437962,-0.403087109,6.649323463,-79.63075256,-36.36316681,-4.784190655,4.839437962,-0.403087109,6.649323463,-79.63075256,-36.36316681,-4.784190655,4.839437962,-0.403087109
1.48400007,0.352486044,-1.030372977,0.043796081,-1.351543784,0.048411496,-0.274327934,0.392046243,0.684530079,-0.045340039,0.268954426,0.02931956,-0.751157701,6.911558628,-83.02185059,-37.77090073,-4.97633791,5.007181168,-0.383959353,6.911558628,-83.02185059,-37.77090073,-4.97633791,5.007181168,-0.383959353,6.911558628,-83.02185059,-37.77090073,-4.97633791,5.007181168,-0.383959353
1.504000071,0.36033383,-1.016559958,0.042443532,-1.346081138,0.049011596,-0.289533317,0.39051795,0.682103515,-0.056768134,0.266576707,0.030044353,-0.764552593,7.137304783,-86.32576752,-39.11109543,-5.16119957,5.166334152,-0.366390049,7.137304783,-86.32576752,-39.11109543,-5.16119957,5.166334152,-0.366390049,7.137304783,-86.32576752,-39.11109543,-5.16119957,5.166334152,-0.366390049
1.524000072,0.368151098,-1.002815604,0.040846605,-1.340675712,0.049631603,-0.304981887,0.389210761,0.678672493,-0.06926772,0.26357004,0.031210851,-0.776059747,7.320944309,-89.43486786,-40.3658905,-5.331830025,5.314500809,-0.350804269,7.320944309,-89.43486786,-40.3658905,-5.331830025,5.314500809,-0.350804269,7.320944309,-89.43486786,-40.3658905,-5.331830025,5.314500809,-0.350804269
1.544000073,0.375944525,-0.989143729,0.038986344,-1.335335135,0.050279386,-0.320639312,0.388086975,0.674265385,-0.082555972,0.260054052,0.032763641,-0.785902083,7.450857162,-92.38240051,-41.52010727,-5.492406845,5.449699879,-0.337581456,7.450857162,-92.38240051,-41.52010727,-5.492406845,5.449699879,-0.337581456,7.450857162,-92.38240051,-41.52010727,-5.492406845,5.449699879,-0.337581456
1.564000074,0.383716017,-0.975576758,0.036852021,-1.330070853,0.050960667,-0.336475074,0.387088716,0.668945134,-0.096376285,0.255940259,0.03455719,-0.794314504,7.520250797,-95.09770203,-42.57204437,-5.637379646,5.570837021,-0.32695812,7.520250797,-95.09770203,-42.57204437,-5.637379646,5.570837021,-0.32695812,7.520250797,-95.09770203,-42.57204437,-5.637379646,5.570837021,-0.32695812
1.584000075,0.391468436,-0.962124228,0.034431595,-1.324894309,0.051679023,-0.352462471,0.386158377,0.662950337,-0.110819794,0.251582712,0.03648648,-0.801579475,7.522338867,-97.58978271,-43.50894928,-5.766688347,5.677246094,-0.319143504,7.522338867,-97.58978271,-43.50894928,-5.766688347,5.677246094,-0.319143504,7.522338867,-97.58978271,-43.50894928,-5.766688347,5.677246094,-0.319143504
1.604000076,0.399201781,-0.948795676,0.031718154,-1.319805503,0.052435406,-0.368583381,0.385206372,0.656278253,-0.125437364,0.246778116,0.038418602,-0.807969332,7.454479218,-99.8706131,-44.3344574,-5.884003162,5.76896143,-0.314183742,7.454479218,-99.8706131,-44.3344574,-5.884003162,5.76896143,-0.314183742,7.454479218,-99.8706131,-44.3344574,-5.884003162,5.76896143,-0.314183742
1.624000077,0.406913191,-0.935610175,0.028709399,-1.314823508,0.053228267,-0.384824455,0.384151727,0.649116099,-0.140233383,0.241856232,0.040240251,-0.813785017,7.315924644,-101.9108429,-45.05189896,-5.982636452,5.846734524,-0.312052786,7.315924644,-101.9108429,-45.05189896,-5.982636452,5.846734524,-0.312052786,7.315924644,-101.9108429,-45.05189896,-5.982636452,5.846734524,-0.312052786
1.644000078,0.414599806,-0.922567725,0.025403963,-1.309936881,0.054054029,-0.401178062,0.382905275,0.641535223,-0.154950619,0.236762598,0.041859843,-0.819299161,7.109138012,-103.7682953,-45.66671753,-6.069660187,5.911611557,-0.312638372,7.109138012,-103.7682953,-45.66671753,-6.069660187,5.911611557,-0.312638372,7.109138012,-103.7682953,-45.66671753,-6.069660187,5.911611557,-0.312638372
1.664000079,0.422255903,-0.909689307,0.02180581,-1.305153251,0.054907687,-0.417639434,0.381379992,0.633664429,-0.169507295,0.231503323,0.043184284,-0.82476759,6.834973812,-105.40728,-46.19145203,-6.147957325,5.965085983,-0.315759391,6.834973812,-105.40728,-46.19145203,-6.147957325,5.965085983,-0.315759391,6.834973812,-105.40728,-46.19145203,-6.147957325,5.965085983,-0.315759391
1.68400008,0.429877669,-0.896967292,0.017916547,-1.300480247,0.055782683,-0.434214294,0.379497737,0.625691473,-0.18395552,0.226088643,0.044185363,-0.83041966,6.49707365,-106.9015656,-46.62997437,-6.214382172,6.008862972,-0.321129203,6.49707365,-106.9015656,-46.62997437,-6.214382172,6.008862972,-0.321129203,6.49707365,-106.9015656,-46.62997437,-6.214382172,6.008862972,-0.321129203
1.704000081,0.437455565,-0.884405494,0.013745325,-1.295917869,0.056672581,-0.450905502,0.377160996,0.617474914,-0.19779475,0.220521405,0.044843473,-0.836478889,6.102710724,-108.280365,-47.00662231,-6.272188663,6.044556618,-0.328465879,6.102710724,-108.280365,-47.00662231,-6.272188663,6.044556618,-0.328465879,6.102710724,-108.280365,-47.00662231,-6.272188663,6.044556618,-0.328465879
1.724000082,0.444977194,-0.872007728,0.00930314,-1.291466117,0.057569392,-0.467725456,0.374307275,0.609162927,-0.211179227,0.214825526,0.045084294,-0.843107402,5.66232729,-109.5634003,-47.3371048,-6.324304581,6.074349403,-0.337368786,5.66232729,-109.5634003,-47.3371048,-6.324304581,6.074349403,-0.337368786,5.66232729,-109.5634003,-47.3371048,-6.324304581,6.074349403,-0.337368786
1.744000083,0.452435881,-0.859781623,0.004599871,-1.287128806,0.058464535,-0.484688461,0.370875001,0.60076189,-0.224068955,0.209099218,0.044887275,-0.850441992,5.180799007,-110.7758865,-47.6378479,-6.37237072,6.100412369,-0.347426414,5.180799007,-110.7758865,-47.6378479,-6.37237072,6.100412369,-0.347426414,5.180799007,-110.7758865,-47.6378479,-6.37237072,6.100412369,-0.347426414
1.764000084,0.459816366,-0.847723365,-0.000355735,-1.282909751,0.059349306,-0.501806855,0.366814673,0.592294574,-0.236520603,0.203460097,0.044271264,-0.858574212,4.670534134,-111.9669342,-47.92179871,-6.41808033,6.124877453,-0.358228594,4.670534134,-111.9669342,-47.92179871,-6.41808033,6.124877453,-0.358228594,4.670534134,-111.9669342,-47.92179871,-6.41808033,6.124877453,-0.358228594
1.784000085,0.467107207,-0.835836768,-0.005554693,-1.278805137,0.060215719,-0.519098878,0.362099349,0.583742738,-0.248550773,0.197821751,0.043265786,-0.867541313,4.141628742,-113.1575928,-48.2032547,-6.46567297,6.149646282,-0.369381934,4.141628742,-113.1575928,-48.2032547,-6.46567297,6.149646282,-0.369381934,4.141628742,-113.1575928,-48.2032547,-6.46567297,6.149646282,-0.369381934
1.804000086,0.474293143,-0.824121833,-0.010988598,-1.274814963,0.061056502,-0.536579728,0.356716394,0.575056672,-0.260168046,0.192052066,0.041919887,-0.877332091,3.605977297,-114.3824158,-48.49530411,-6.516749859,6.176353455,-0.380437165,3.605977297,-114.3824158,-48.49530411,-6.516749859,6.176353455,-0.380437165,3.605977297,-114.3824158,-48.49530411,-6.516749859,6.176353455,-0.380437165
1.824000087,0.48136273,-0.812584281,-0.016649753,-1.27094686,0.061865576,-0.554268479,0.350667208,0.566188812,-0.27145493,0.186112165,0.04029591,-0.887899518,3.073385,-115.6589203,-48.80913925,-6.569699764,6.206329346,-0.39098835,3.073385,-115.6589203,-48.80913925,-6.569699764,6.206329346,-0.39098835,3.073385,-115.6589203,-48.80913925,-6.569699764,6.206329346,-0.39098835
1.844000088,0.488301665,-0.801227927,-0.022532374,-1.267200828,0.062638864,-0.572178483,0.343974918,0.557070673,-0.282493711,0.179972082,0.038459059,-0.899161756,2.555251122,-116.9872284,-49.1531601,-6.627110004,6.240441799,-0.400691688,2.555251122,-116.9872284,-49.1531601,-6.627110004,6.240441799,-0.400691688,2.555251122,-116.9872284,-49.1531601,-6.627110004,6.240441799,-0.400691688
1.864000089,0.495100409,-0.790060401,-0.028634757,-1.263576865,0.063372001,-0.590321183,0.336678743,0.54770416,-0.293516636,0.173591405,0.036492985,-0.910993934,2.057941437,-118.3881226,-49.52736282,-6.693114281,6.279474735,-0.409249872,2.057941437,-118.3881226,-49.52736282,-6.693114281,6.279474735,-0.409249872,2.057941437,-118.3881226,-49.52736282,-6.693114281,6.279474735,-0.409249872
1.884000089,0.501744688,-0.779085517,-0.034957081,-1.260090232,0.064065322,-0.608706117,0.32882598,0.537989259,-0.304586202,0.167157263,0.034528695,-0.923276246,1.592684984,-119.8741608,-49.93218994,-6.759725094,6.322980881,-0.416359544,1.592684984,-119.8741608,-49.93218994,-6.759725094,6.322980881,-0.416359544,1.592684984,-119.8741608,-49.93218994,-6.759725094,6.322980881,-0.416359544
1.90400009,0.508223951,-0.768310905,-0.041499645,-1.256733298,0.064718351,-0.627339005,0.320480019,0.527805924,-0.315670937,0.160328493,0.03260114,-0.93581903,1.165810227,-121.4226532,-50.36975861,-6.835135937,6.370942593,-0.421824515,1.165810227,-121.4226532,-50.36975861,-6.835135937,6.370942593,-0.421824515,1.165810227,-121.4226532,-50.36975861,-6.835135937,6.370942593,-0.421824515
1.924000091,0.514529645,-0.757748008,-0.048265368,-1.253528953,0.065333471,-0.646225572,0.311716795,0.517130017,-0.326982349,0.153340563,0.030794382,-0.948458016,0.782458782,-123.043251,-50.83424759,-6.909280777,6.422641754,-0.425439328,0.782458782,-123.043251,-50.83424759,-6.909280777,6.422641754,-0.425439328,0.782458782,-123.043251,-50.83424759,-6.909280777,6.422641754,-0.425439328
1.944000092,0.520657957,-0.747406363,-0.055259854,-1.250450492,0.065913782,-0.665363908,0.302617133,0.505904138,-0.338597387,0.146107823,0.029145919,-0.96099335,0.447050333,-124.7096558,-51.31820297,-6.996153355,6.477109432,-0.427116573,0.447050333,-124.7096558,-51.31820297,-6.996153355,6.477109432,-0.427116573,0.447050333,-124.7096558,-51.31820297,-6.996153355,6.477109432,-0.427116573
1.964000093,0.52659744,-0.737299323,-0.062489063,-1.247543693,0.066461906,-0.684746385,0.293270469,0.494105339,-0.350588739,0.138235852,0.027666762,-0.973195553,0.164152086,-126.3973389,-51.81455612,-7.076931,6.533739567,-0.426874191,0.164152086,-126.3973389,-51.81455612,-7.076931,6.533739567,-0.426874191,0.164152086,-126.3973389,-51.81455612,-7.076931,6.533739567,-0.426874191
1.984000094,0.532348096,-0.727436423,-0.069962293,-1.244797111,0.066983327,-0.704371095,0.28376469,0.48167485,-0.363037139,0.130409762,0.026470674,-0.984934747,-0.067214072,-128.1032104,-52.31033325,-7.159231663,6.590901852,-0.424558938,-0.067214072,-128.1032104,-52.31033325,-7.159231663,6.590901852,-0.424558938,-0.067214072,-128.1032104,-52.31033325,-7.159231663,6.590901852,-0.424558938
2.004000095,0.537908018,-0.717832923,-0.077687532,-1.242203116,0.067483529,-0.724220872,0.274187118,0.468569189,-0.375869542,0.122152053,0.02553425,-0.995980561,-0.247636139,-129.791626,-52.79711151,-7.247687817,6.647278309,-0.420345217,-0.247636139,-129.791626,-52.79711151,-7.247687817,6.647278309,-0.420345217,-0.247636139,-129.791626,-52.79711151,-7.247687817,6.647278309,-0.420345217
2.024000096,0.543273389,-0.708500266,-0.085672408,-1.239788413,0.067966804,-0.744276643,0.264625043,0.454829931,-0.389156908,0.113188975,0.024845043,-1.006137013,-0.375397205,-131.4489899,-53.2647934,-7.330117702,6.701942444,-0.414337099,-0.375397205,-131.4489899,-53.2647934,-7.330117702,6.701942444,-0.414337099,-0.375397205,-131.4489899,-53.2647934,-7.330117702,6.701942444,-0.414337099
2.044000097,0.548449934,-0.699451804,-0.093927175,-1.237556815,0.06843935,-0.764523149,0.255161971,0.440462381,-0.402934283,0.103982523,0.024456738,-1.015291572,-0.458150655,-133.0419312,-53.69971848,-7.408028126,6.753274918,-0.406653047,-0.458150655,-133.0419312,-53.69971848,-7.408028126,6.753274918,-0.406653047,-0.458150655,-133.0419312,-53.69971848,-7.408028126,6.753274918,-0.406653047
2.064000098,0.55343765,-0.690700889,-0.102459937,-1.235515952,0.06890665,-0.784939408,0.245868027,0.425468951,-0.41712454,0.094531484,0.024365697,-1.023302794,-0.496797115,-134.5522919,-54.09248352,-7.479658127,6.799910545,-0.397387534,-0.496797115,-134.5522919,-54.09248352,-7.479658127,6.799910545,-0.397387534,-0.496797115,-134.5522919,-54.09248352,-7.479658127,6.799910545,-0.397387534
2.084000099,0.558242261,-0.682255149,-0.111279041,-1.233669639,0.069375142,-0.805500627,0.236813992,0.409895211,-0.431693614,0.084878802,0.024550617,-1.030059099,-0.49598828,-135.9711151,-54.43267441,-7.54500246,6.840392113,-0.386767149,-0.49598828,-135.9711151,-54.43267441,-7.54500246,6.840392113,-0.386767149,-0.49598828,-135.9711151,-54.43267441,-7.54500246,6.840392113,-0.386767149
2.1040001,0.562869489,-0.674133658,-0.120390207,-1.232025504,0.069849119,-0.826178193,0.228050575,0.39378801,-0.446577579,0.075002521,0.024946984,-1.035464168,-0.463235676,-137.2573853,-54.71403503,-7.601697922,6.873961926,-0.375005394,-0.463235676,-137.2573853,-54.71403503,-7.601697922,6.873961926,-0.375005394,-0.463235676,-137.2573853,-54.71403503,-7.601697922,6.873961926,-0.375005394
2.124000101,0.567325056,-0.666342139,-0.129799396,-1.230579734,0.07033287,-0.84694922,0.219625697,0.37721318,-0.461707085,0.064894654,0.025513751,-1.039449215,-0.403731763,-138.4180298,-54.92831802,-7.655227184,6.899776459,-0.362303883,-0.403731763,-138.4180298,-54.92831802,-7.655227184,6.899776459,-0.362303883,-0.403731763,-138.4180298,-54.92831802,-7.655227184,6.899776459,-0.362303883
2.144000102,0.57161659,-0.658890128,-0.139509708,-1.229339957,0.070828304,-0.867775559,0.211577818,0.360235214,-0.476979375,0.054417562,0.02618752,-1.041957378,-0.323912948,-139.4346771,-55.07312012,-7.697939396,6.917571068,-0.348941147,-0.323912948,-139.4346771,-55.07312012,-7.697939396,6.917571068,-0.348941147,-0.323912948,-139.4346771,-55.07312012,-7.697939396,6.917571068,-0.348941147
2.164000103,0.575755537,-0.651783347,-0.149522811,-1.228321433,0.071337327,-0.888634324,0.203925684,0.342916846,-0.492302388,0.043644186,0.026934395,-1.042978048,-0.231382698,-140.3111877,-55.14503098,-7.727885246,6.927143574,-0.335087359,-0.231382698,-140.3111877,-55.14503098,-7.727885246,6.927143574,-0.335087359,-0.231382698,-140.3111877,-55.14503098,-7.727885246,6.927143574,-0.335087359
2.184000104,0.579743803,-0.645029426,-0.159838229,-1.227524161,0.071860895,-0.909496903,0.196680322,0.325288296,-0.507568121,0.033001568,0.027738651,-1.042544603,-0.125420243,-141.0476685,-55.1460228,-7.747618198,6.928323269,-0.320889264,-0.125420243,-141.0476685,-55.1460228,-7.747618198,6.928323269,-0.320889264,-0.125420243,-141.0476685,-55.1460228,-7.747618198,6.928323269,-0.320889264
2.204000105,0.583592832,-0.638632178,-0.170453578,-1.226932883,0.072399005,-0.930327058,0.189851031,0.307453722,-0.522739232,0.022271121,0.028526247,-1.040655494,-0.016498417,-141.6404724,-55.07609177,-7.762525558,6.92146492,-0.306679398,-0.016498417,-141.6404724,-55.07609177,-7.762525558,6.92146492,-0.306679398,-0.016498417,-141.6404724,-55.07609177,-7.762525558,6.92146492,-0.306679398
2.224000106,0.587310255,-0.63259542,-0.181365043,-1.226566672,0.072951183,-0.951101899,0.183428034,0.289448917,-0.537687063,0.011367545,0.02923706,-1.037342191,0.091496855,-142.1111755,-54.94133759,-7.767014027,6.906997204,-0.292518139,0.091496855,-142.1111755,-54.94133759,-7.767014027,6.906997204,-0.292518139,0.091496855,-142.1111755,-54.94133759,-7.767014027,6.906997204,-0.292518139
2.244000107,0.590905607,-0.626924872,-0.192566425,-1.226425529,0.073515281,-0.971792817,0.177397028,0.271299273,-0.552326024,0.000480276,0.029829765,-1.032671094,0.195189267,-142.4562225,-54.74733734,-7.761368275,6.885574341,-0.278593212,0.195189267,-142.4562225,-54.74733734,-7.761368275,6.885574341,-0.278593212,0.195189267,-142.4562225,-54.74733734,-7.761368275,6.885574341,-0.278593212
2.264000108,0.594382703,-0.621622443,-0.204053432,-1.226501822,0.074088439,-0.992373109,0.171736225,0.253123403,-0.56676811,-0.010205488,0.030298138,-1.02671051,0.293582976,-142.6765747,-54.49593735,-7.75169754,6.85814476,-0.265026689,0.293582976,-142.6765747,-54.49593735,-7.75169754,6.85814476,-0.265026689,0.293582976,-142.6765747,-54.49593735,-7.75169754,6.85814476,-0.265026689
2.284000108,0.597751081,-0.61668241,-0.215820819,-1.226791739,0.074668512,-1.012817502,0.166422144,0.234921873,-0.580837011,-0.02111372,0.0306176,-1.019498944,0.38217172,-142.8198853,-54.19176865,-7.735693932,6.825277328,-0.251911759,0.38217172,-142.8198853,-54.19176865,-7.735693932,6.825277328,-0.251911759,0.38217172,-142.8198853,-54.19176865,-7.735693932,6.825277328,-0.251911759
2.304000109,0.601014555,-0.612112403,-0.227859527,-1.227306724,0.075251684,-1.033104062,0.161425039,0.216728583,-0.594534755,-0.032132816,0.030799288,-1.011119604,0.464662462,-142.8700409,-53.84367752,-7.712421417,6.788033485,-0.239351809,0.464662462,-142.8700409,-53.84367752,-7.712421417,6.788033485,-0.239351809,0.464662462,-142.8700409,-53.84367752,-7.712421417,6.788033485,-0.239351809
2.32400011,0.604180753,-0.607908607,-0.240161926,-1.22805059,0.075836286,-1.053207517,0.156715184,0.198510721,-0.607789934,-0.042970035,0.030875482,-1.001678705,0.537221551,-142.860611,-53.45908737,-7.680508614,6.746770382,-0.22737892,0.537221551,-142.860611,-53.45908737,-7.680508614,6.746770382,-0.22737892,0.537221551,-142.860611,-53.45908737,-7.680508614,6.746770382,-0.22737892
2.344000111,0.607261121,-0.604071021,-0.252718389,-1.229004264,0.076419696,-1.073104978,0.152252927,0.180281445,-0.620635331,-0.053581849,0.030832117,-0.99125874,0.594743788,-142.7876434,-53.04456329,-7.650728226,6.702228069,-0.216049209,0.594743788,-142.7876434,-53.04456329,-7.650728226,6.702228069,-0.216049209,0.594743788,-142.7876434,-53.04456329,-7.650728226,6.702228069,-0.216049209
2.364000112,0.610251844,-0.600599647,-0.26552242,-1.230171561,0.076999292,-1.092785001,0.14800474,0.162085548,-0.633136988,-0.064318635,0.030651603,-0.979906023,0.649515688,-142.6731567,-52.60418701,-7.616549969,6.655202389,-0.205328837,0.649515688,-142.6731567,-52.60418701,-7.616549969,6.655202389,-0.205328837,0.649515688,-142.6731567,-52.60418701,-7.616549969,6.655202389,-0.205328837
2.384000113,0.613160551,-0.59749639,-0.278566778,-1.231560111,0.077572688,-1.112228513,0.143940732,0.143905118,-0.645311594,-0.075130582,0.030365149,-0.967698753,0.698593259,-142.5158234,-52.14138031,-7.578090191,6.60624218,-0.195229173,0.698593259,-142.5158234,-52.14138031,-7.578090191,6.60624218,-0.195229173,0.698593259,-142.5158234,-52.14138031,-7.578090191,6.60624218,-0.195229173
2.404000114,0.615989149,-0.594759345,-0.291843832,-1.233169913,0.078138217,-1.13141644,0.140033126,0.125730693,-0.65722847,-0.085816197,0.030028658,-0.954728544,0.744913816,-142.3306732,-51.65934372,-7.535133362,6.55558157,-0.185693145,0.744913816,-142.3306732,-51.65934372,-7.535133362,6.55558157,-0.185693145,0.744913816,-142.3306732,-51.65934372,-7.535133362,6.55558157,-0.185693145
2.424000115,0.618741453,-0.592390418,-0.305352628,-1.234993339,0.078695878,-1.150333524,0.136263609,0.107516669,-0.668872654,-0.096353084,0.02968728,-0.941066623,0.797130585,-142.1204376,-51.15563202,-7.489621639,6.503211021,-0.176732659,0.797130585,-142.1204376,-51.15563202,-7.489621639,6.503211021,-0.176732659,0.797130585,-142.1204376,-51.15563202,-7.489621639,6.503211021,-0.176732659
2.444000116,0.62141937,-0.590387702,-0.319085538,-1.237026572,0.079245672,-1.16896832,0.132619306,0.089249887,-0.680260897,-0.106962673,0.02936464,-0.926759779,0.8543697,-141.8809509,-50.63324356,-7.445311546,6.448998928,-0.168200627,0.8543697,-141.8809509,-50.63324356,-7.445311546,6.448998928,-0.168200627,0.8543697,-141.8809509,-50.63324356,-7.445311546,6.448998928,-0.168200627
2.464000117,0.624024808,-0.588755012,-0.33303684,-1.239281058,0.079788312,-1.187309384,0.129095718,0.070894092,-0.691424012,-0.117528006,0.029089659,-0.911873937,0.923521996,-141.6053619,-50.09464645,-7.394849777,6.3926754,-0.160061389,0.923521996,-141.6053619,-50.09464645,-7.394849777,6.3926754,-0.160061389,0.923521996,-141.6053619,-50.09464645,-7.394849777,6.3926754,-0.160061389
2.484000118,0.626561582,-0.587496161,-0.347203672,-1.241741538,0.080325469,-1.205349088,0.125697941,0.05249615,-0.702522099,-0.128103703,0.028873201,-0.89644742,1.007421494,-141.2920227,-49.53465652,-7.34311533,6.333858013,-0.15217407,1.007421494,-141.2920227,-49.53465652,-7.34311533,6.333858013,-0.15217407,1.007421494,-141.2920227,-49.53465652,-7.34311533,6.333858013,-0.15217407
2.504000119,0.629031599,-0.586603522,-0.361585081,-1.24442327,0.080857858,-1.223075986,0.122442484,0.034016471,-0.713521302,-0.138793871,0.028735625,-0.880517304,1.112642765,-140.9557495,-48.94737625,-7.284649849,6.272236824,-0.144459635,1.112642765,-140.9557495,-48.94737625,-7.284649849,6.272236824,-0.144459635,1.112642765,-140.9557495,-48.94737625,-7.284649849,6.272236824,-0.144459635
2.52400012,0.631438673,-0.586088538,-0.376179159,-1.247314811,0.081387624,-1.24047482,0.119352795,0.015380043,-0.724363327,-0.14927724,0.028730165,-0.864148974,1.240016937,-140.5589294,-48.33193588,-7.223072529,6.207188129,-0.13683024,1.240016937,-140.5589294,-48.33193588,-7.223072529,6.207188129,-0.13683024,1.240016937,-140.5589294,-48.33193588,-7.223072529,6.207188129,-0.13683024
2.544000121,0.633786619,-0.585953116,-0.390983045,-1.250419974,0.081917152,-1.257537961,0.11646606,-0.003305873,-0.735226452,-0.15991132,0.028853919,-0.847337365,1.392015934,-140.0932465,-47.68347168,-7.156915188,6.137980938,-0.129229873,1.392015934,-140.0932465,-47.68347168,-7.156915188,6.137980938,-0.129229873,1.392015934,-140.0932465,-47.68347168,-7.156915188,6.137980938,-0.129229873
2.564000122,0.636079252,-0.586197257,-0.405999601,-1.253742576,0.082450494,-1.274261594,0.113827474,-0.022071891,-0.746058166,-0.170492873,0.029157721,-0.830129862,1.571106672,-139.5553284,-46.98977661,-7.0823102,6.063523769,-0.121472001,1.571106672,-139.5553284,-46.98977661,-7.0823102,6.063523769,-0.121472001,1.571106672,-139.5553284,-46.98977661,-7.0823102,6.063523769,-0.121472001
2.584000123,0.638324201,-0.58682096,-0.421225965,-1.257274985,0.082991228,-1.290638089,0.111492544,-0.040930979,-0.756788552,-0.18103765,0.029641071,-0.812546313,1.777703524,-138.9402771,-46.25037003,-7.000357151,5.982854366,-0.113437146,1.777703524,-138.9402771,-46.25037003,-7.000357151,5.982854366,-0.113437146,1.777703524,-138.9402771,-46.25037003,-7.000357151,5.982854366,-0.113437146
2.604000124,0.640527189,-0.587826133,-0.436657369,-1.261024833,0.083541498,-1.306652188,0.10952048,-0.059902247,-0.767352462,-0.191495612,0.030251153,-0.794601738,2.010270596,-138.2338257,-45.46475983,-6.90969944,5.895470619,-0.105132036,2.010270596,-138.2338257,-45.46475983,-6.90969944,5.895470619,-0.105132036,2.010270596,-138.2338257,-45.46475983,-6.90969944,5.895470619,-0.105132036
2.624000125,0.642693937,-0.589214683,-0.45229286,-1.264980674,0.084103927,-1.322311521,0.107979022,-0.078917138,-0.777819037,-0.201843783,0.030954672,-0.77628994,2.269060135,-137.4282227,-44.62659073,-6.811392784,5.800899029,-0.09616594,2.269060135,-137.4282227,-44.62659073,-6.811392784,5.800899029,-0.09616594,2.269060135,-137.4282227,-44.62659073,-6.811392784,5.800899029,-0.09616594
2.644000126,0.644837797,-0.590984702,-0.468129575,-1.269150138,0.084679946,-1.337589383,0.106940292,-0.09796568,-0.788129568,-0.212086439,0.031707387,-0.7576074,2.548725128,-136.5249481,-43.73314285,-6.703543663,5.698768616,-0.086796053,2.548725128,-136.5249481,-43.73314285,-6.703543663,5.698768616,-0.086796053,2.548725128,-136.5249481,-43.73314285,-6.703543663,5.698768616,-0.086796053
2.664000127,0.646974027,-0.593136191,-0.484163702,-1.273517966,0.085270032,-1.352485776,0.106475629,-0.11704845,-0.798189223,-0.222206086,0.032486584,-0.738554776,2.840018034,-135.5158691,-42.78364563,-6.588775635,5.588963032,-0.076807305,2.840018034,-135.5158691,-42.78364563,-6.588775635,5.588963032,-0.076807305,2.840018034,-135.5158691,-42.78364563,-6.588775635,5.588963032,-0.076807305
2.684000127,0.649106443,-0.59567678,-0.500392377,-1.278095603,0.085874423,-1.367000699,0.10665001,-0.136058077,-0.808085144,-0.232273489,0.033280227,-0.719100595,3.143764019,-134.3688812,-41.77128983,-6.460689068,5.471405983,-0.06601654,3.143764019,-134.3688812,-41.77128983,-6.460689068,5.471405983,-0.06601654,3.143764019,-134.3688812,-41.77128983,-6.460689068,5.471405983,-0.06601654
2.704000128,0.651248395,-0.598596931,-0.516810834,-1.282875419,0.086493358,-1.381130338,0.107537702,-0.154938594,-0.817791283,-0.242244959,0.034118481,-0.699213743,3.454799652,-133.1174164,-40.69549561,-6.323504448,5.345812798,-0.054236464,3.454799652,-133.1174164,-40.69549561,-6.323504448,5.345812798,-0.054236464,3.454799652,-133.1174164,-40.69549561,-6.323504448,5.345812798,-0.054236464
2.724000129,0.653420866,-0.601896644,-0.53341049,-1.287853599,0.087128505,-1.394844174,0.109205738,-0.173718423,-0.82716006,-0.251897007,0.035000917,-0.678888559,3.758490324,-131.7476959,-39.55929947,-6.174955368,5.211702347,-0.041853487,3.758490324,-131.7476959,-39.55929947,-6.174955368,5.211702347,-0.041853487,3.758490324,-131.7476959,-39.55929947,-6.174955368,5.211702347,-0.041853487
2.74400013,0.65563339,-0.605577826,-0.550189435,-1.293022513,0.087779388,-1.408153653,0.111702263,-0.192291752,-0.836268365,-0.261350513,0.035868987,-0.658071816,4.050637722,-130.2470856,-38.36070251,-6.017933846,5.069217205,-0.028412936,4.050637722,-130.2470856,-38.36070251,-6.017933846,5.069217205,-0.028412936,4.050637722,-130.2470856,-38.36070251,-6.017933846,5.069217205,-0.028412936
2.764000131,0.657908857,-0.609621406,-0.56714195,-1.298378348,0.088446006,-1.421035886,0.115074836,-0.210705504,-0.844877183,-0.270745963,0.036703028,-0.636724651,4.319460869,-128.6694031,-37.09493256,-5.851029873,4.918240547,-0.014153123,4.319460869,-128.6694031,-37.09493256,-5.851029873,4.918240547,-0.014153123,4.319460869,-128.6694031,-37.09493256,-5.851029873,4.918240547,-0.014153123
2.784000132,0.660260618,-0.614038825,-0.584250867,-1.303921103,0.089126453,-1.433479428,0.119340681,-0.228909284,-0.853037715,-0.27987656,0.037441466,-0.614819229,4.555850983,-126.9626083,-35.78273773,-5.671137333,4.759326458,0.000975868,4.555850983,-126.9626083,-35.78273773,-5.671137333,4.759326458,0.000975868,4.555850983,-126.9626083,-35.78273773,-5.671137333,4.759326458,0.000975868
2.804000133,0.662711561,-0.618818641,-0.60151428,-1.309643149,0.089819059,-1.445484281,0.124502771,-0.246862307,-0.860770583,-0.288616776,0.03805453,-0.592317879,4.749321461,-125.162323,-34.40907669,-5.484839916,4.592914581,0.017073091,4.749321461,-125.162323,-34.40907669,-5.484839916,4.592914581,0.017073091,4.749321461,-125.162323,-34.40907669,-5.484839916,4.592914581,0.017073091
2.824000134,0.665276945,-0.623957038,-0.618920743,-1.315540671,0.090520486,-1.457031369,0.130530491,-0.264537543,-0.868029058,-0.29716599,0.038532924,-0.569152892,4.890472889,-123.2682266,-32.98808289,-5.28795433,4.419581413,0.03398551,4.890472889,-123.2682266,-32.98808289,-5.28795433,4.419581413,0.03398551,4.890472889,-123.2682266,-32.98808289,-5.28795433,4.419581413,0.03398551
2.844000135,0.667972028,-0.629448295,-0.636460721,-1.32160604,0.091228828,-1.468105435,0.137383223,-0.281906724,-0.874859929,-0.305264056,0.038892403,-0.545302927,4.97785759,-121.2810974,-31.51682663,-5.08146143,4.239694595,0.051633567,4.97785759,-121.2810974,-31.51682663,-5.08146143,4.239694595,0.051633567,4.97785759,-121.2810974,-31.51682663,-5.08146143,4.239694595,0.051633567
2.864000136,0.670813978,-0.635286689,-0.654130399,-1.327827811,0.091940984,-1.478687406,0.144990057,-0.298980445,-0.881186783,-0.313107967,0.039134853,-0.520715177,5.001229286,-119.2118073,-29.99243736,-4.869232178,4.053709507,0.069920488,5.001229286,-119.2118073,-29.99243736,-4.869232178,4.053709507,0.069920488,5.001229286,-119.2118073,-29.99243736,-4.869232178,4.053709507,0.069920488
2.884000137,0.673816144,-0.641460776,-0.671914518,-1.334205985,0.09265624,-1.48876965,0.153257072,-0.315787196,-0.886935651,-0.320694,0.039292853,-0.495360881,4.958780766,-117.0844879,-28.42885399,-4.648112297,3.861567497,0.088863894,4.958780766,-117.0844879,-28.42885399,-4.648112297,3.861567497,0.088863894,4.958780766,-117.0844879,-28.42885399,-4.648112297,3.861567497,0.088863894
2.904000138,0.67699188,-0.647974372,-0.689799726,-1.340736747,0.093371734,-1.498329282,0.16205886,-0.332269132,-0.892265618,-0.327905953,0.039335996,-0.469210833,4.853489399,-114.858963,-26.82852554,-4.417849064,3.663770676,0.108188547,4.853489399,-114.858963,-26.82852554,-4.417849064,3.663770676,0.108188547,4.853489399,-114.858963,-26.82852554,-4.417849064,3.663770676,0.108188547
2.924000139,0.680348814,-0.654814124,-0.707784116,-1.347404838,0.094085798,-1.50735867,0.1712538,-0.34841904,-0.897203803,-0.33470422,0.039311275,-0.442249864,4.68478775,-112.5777588,-25.1853466,-4.181532383,3.460522175,0.127907827,4.68478775,-112.5777588,-25.1853466,-4.181532383,3.460522175,0.127907827,4.68478775,-112.5777588,-25.1853466,-4.181532383,3.460522175,0.127907827
2.94400014,0.683888853,-0.661978126,-0.725854337,-1.354202628,0.094796762,-1.515838742,0.180707842,-0.364269406,-0.901681066,-0.341383189,0.039202411,-0.414438784,4.467258453,-110.222084,-23.50590515,-3.941923618,3.251846075,0.147845939,4.467258453,-110.222084,-23.50590515,-3.941923618,3.251846075,0.147845939,4.467258453,-110.222084,-23.50590515,-3.941923618,3.251846075,0.147845939
2.964000141,0.687619627,-0.669453025,-0.744008482,-1.361141562,0.095503673,-1.523754239,0.190284237,-0.379827201,-0.905742407,-0.347621739,0.039070193,-0.385801345,4.204100132,-107.8152237,-21.78458405,-3.687598944,3.037719727,0.167956516,4.204100132,-107.8152237,-21.78458405,-3.687598944,3.037719727,0.167956516,4.204100132,-107.8152237,-21.78458405,-3.687598944,3.037719727,0.167956516
2.984000142,0.691543043,-0.677240729,-0.762229383,-1.368194938,0.096206531,-1.531082273,0.199835375,-0.395147264,-0.909322262,-0.353415102,0.038900331,-0.356347203,3.906204939,-105.3356781,-20.0346508,-3.431455374,2.817745209,0.188017875,3.906204939,-105.3356781,-20.0346508,-3.431455374,2.817745209,0.188017875,3.906204939,-105.3356781,-20.0346508,-3.431455374,2.817745209,0.188017875
3.004000143,0.695653379,-0.68533361,-0.780513227,-1.375362754,0.096903905,-1.537803769,0.209240735,-0.4101367,-0.912592649,-0.358921677,0.038658645,-0.326080859,3.591509342,-102.7734909,-18.24536514,-3.168715,2.592167377,0.207791895,3.591509342,-102.7734909,-18.24536514,-3.168715,2.592167377,0.207791895,3.591509342,-102.7734909,-18.24536514,-3.168715,2.592167377,0.207791895
3.024000144,0.69995445,-0.693724036,-0.798852384,-1.382637382,0.097595319,-1.543914914,0.218413174,-0.424827218,-0.915492892,-0.364084661,0.038355198,-0.295047641,3.267066002,-100.1552353,-16.41974831,-2.900162458,2.360827684,0.227340057,3.267066002,-100.1552353,-16.41974831,-2.900162458,2.360827684,0.227340057,3.267066002,-100.1552353,-16.41974831,-2.900162458,2.360827684,0.227340057
3.044000145,0.704434812,-0.702408195,-0.817244947,-1.390011191,0.098278388,-1.549396634,0.22728762,-0.43923685,-0.917959511,-0.36892572,0.038002212,-0.263284683,2.952786446,-97.45259094,-14.5493412,-2.623756647,2.124011278,0.246539518,2.952786446,-97.45259094,-14.5493412,-2.623756647,2.124011278,0.246539518,2.952786446,-97.45259094,-14.5493412,-2.623756647,2.124011278,0.246539518
3.064000146,0.709088743,-0.711380363,-0.835679471,-1.397480369,0.098953351,-1.554237485,0.235896677,-0.453313887,-0.919960201,-0.373612553,0.037623558,-0.230833694,2.663406849,-94.67310333,-12.64172745,-2.340659142,1.881160498,0.265262932,2.663406849,-94.67310333,-12.64172745,-2.340659142,1.881160498,0.265262932,2.663406849,-94.67310333,-12.64172745,-2.340659142,1.881160498,0.265262932
3.084000146,0.713912427,-0.720629096,-0.854140699,-1.405044913,0.099619016,-1.558418393,0.244312659,-0.467065901,-0.921473622,-0.377648592,0.037190672,-0.197801396,2.40872407,-91.82719421,-10.70431137,-2.04654336,1.632412314,0.283344865,2.40872407,-91.82719421,-10.70431137,-2.04654336,1.632412314,0.283344865,2.40872407,-91.82719421,-10.70431137,-2.04654336,1.632412314,0.283344865
3.104000147,0.718903959,-0.730152488,-0.872622907,-1.412681937,0.100273952,-1.561927915,0.252667278,-0.480415761,-0.922552764,-0.381021559,0.036595095,-0.164255217,2.194381237,-88.91496277,-8.735445023,-1.751779437,1.378114581,0.300774544,2.194381237,-88.91496277,-8.735445023,-1.751779437,1.378114581,0.300774544,2.194381237,-88.91496277,-8.735445023,-1.751779437,1.378114581,0.300774544
3.124000148,0.724063337,-0.739935279,-0.891122282,-1.420372367,0.100912914,-1.56475842,0.261136711,-0.493315965,-0.923107743,-0.384126544,0.03575189,-0.130241066,2.022911072,-85.95061493,-6.731443405,-1.457364202,1.119474888,0.317459732,2.022911072,-85.95061493,-6.731443405,-1.457364202,1.119474888,0.317459732,2.022911072,-85.95061493,-6.731443405,-1.457364202,1.119474888,0.317459732
3.144000149,0.729394376,-0.749975562,-0.909615934,-1.428127646,0.101531133,-1.56690228,0.269923717,-0.505781054,-0.922945917,-0.387204707,0.034636557,-0.095820636,1.89178586,-82.92513275,-4.710749626,-1.155180931,0.857488811,0.333361357,1.89178586,-82.92513275,-4.710749626,-1.155180931,0.857488811,0.333361357,1.89178586,-82.92513275,-4.710749626,-1.155180931,0.857488811,0.333361357
3.16400015,0.734912336,-0.760259986,-0.928098142,-1.435936332,0.102121934,-1.56835568,0.279230684,-0.51769954,-0.922262371,-0.389582098,0.033238895,-0.061119366,1.788521051,-79.87251282,-2.670953989,-0.848254025,0.593541145,0.348527074,1.788521051,-79.87251282,-2.670953989,-0.848254025,0.593541145,0.348527074,1.788521051,-79.87251282,-2.670953989,-0.848254025,0.593541145,0.348527074
3.184000151,0.740622938,-0.770777106,-0.946553648,-1.443786979,0.102681026,-1.569114804,0.289230973,-0.529083312,-0.920934141,-0.391344279,0.031564593,-0.026198352,1.707224607,-76.79846191,-0.623936653,-0.539849639,0.32823059,0.362962008,1.707224607,-76.79846191,-0.623936653,-0.539849639,0.32823059,0.362962008,1.707224607,-76.79846191,-0.623936653,-0.539849639,0.32823059,0.362962008
3.204000152,0.746543348,-0.781513572,-0.964972913,-1.451668143,0.103202686,-1.569172025,0.300053358,-0.539934218,-0.91890806,-0.392546833,0.029603079,0.008888192,1.637268662,-73.72625732,1.429980397,-0.231394395,0.062806532,0.37666294,1.637268662,-73.72625732,1.429980397,-0.231394395,0.062806532,0.37666294,1.637268662,-73.72625732,1.429980397,-0.231394395,0.062806532,0.37666294
3.224000153,0.75269264,-0.792465568,-0.983338773,-1.459564567,0.10368143,-1.568523526,0.311706513,-0.550273001,-0.916143179,-0.393210351,0.027398963,0.044073723,1.561362743,-70.64548492,3.48049283,0.075694919,-0.202018008,0.389507353,1.561362743,-70.64548492,3.48049283,0.075694919,-0.202018008,0.389507353,1.561362743,-70.64548492,3.48049283,0.075694919,-0.202018008,0.389507353
3.244000154,0.759082258,-0.803617835,-1.001637816,-1.467468619,0.104112253,-1.567176938,0.324124247,-0.560070813,-0.912762344,-0.393315971,0.024947917,0.079317458,1.4781636,-67.58029938,5.515987396,0.37947759,-0.465313405,0.401758105,1.4781636,-67.58029938,5.515987396,0.37947759,-0.465313405,0.401758105,1.4781636,-67.58029938,5.515987396,0.37947759,-0.465313405,0.401758105
3.264000155,0.765729368,-0.814960837,-1.01986444,-1.475372672,0.104490861,-1.565117002,0.337113529,-0.569417953,-0.908703864,-0.393040389,0.022301998,0.11458385,1.3817873,-64.53759766,7.543003082,0.681597948,-0.726545751,0.413087696,1.3817873,-64.53759766,7.543003082,0.681597948,-0.726545751,0.413087696,1.3817873,-64.53759766,7.543003082,0.681597948,-0.726545751,0.413087696
3.284000156,0.772639692,-0.826486945,-1.037991881,-1.483265281,0.104815111,-1.562358975,0.350441486,-0.578316927,-0.904111147,-0.392319441,0.019494878,0.149831593,1.277316213,-61.50655365,9.542648315,0.98006916,-0.985636473,0.423859209,1.277316213,-61.50655365,9.542648315,0.98006916,-0.985636473,0.423859209,1.277316213,-61.50655365,9.542648315,0.98006916,-0.985636473,0.423859209
3.304000157,0.779818952,-0.838186622,-1.056020141,-1.491131186,0.105080709,-1.558891416,0.363838673,-0.586821437,-0.899062634,-0.391198367,0.016532246,0.18502748,1.172515392,-58.49713898,11.52195072,1.273624063,-1.241995096,0.433785409,1.172515392,-58.49713898,11.52195072,1.273624063,-1.241995096,0.433785409,1.172515392,-58.49713898,11.52195072,1.273624063,-1.241995096,0.433785409
3.324000158,0.787263334,-0.850054145,-1.073949218,-1.498970389,0.105285034,-1.554725766,0.377085328,-0.594953239,-0.893637478,-0.389696598,0.013473728,0.220138267,1.083093643,-55.4965744,13.48719406,1.564654708,-1.49553442,0.443147302,1.083093643,-55.4965744,13.48719406,1.564654708,-1.49553442,0.443147302,1.083093643,-55.4965744,13.48719406,1.564654708,-1.49553442,0.443147302
3.344000159,0.79497093,-0.862081885,-1.09175241,-1.506779075,0.105428323,-1.549850583,0.39009434,-0.602747083,-0.887806475,-0.387691438,0.010424977,0.255102605,1.016956568,-52.49099731,15.42858219,1.854643464,-1.747065067,0.451660186,1.016956568,-52.49099731,15.42858219,1.854643464,-1.747065067,0.451660186,1.016956568,-52.49099731,15.42858219,1.854643464,-1.747065067,0.451660186
3.36400016,0.802937925,-0.874262214,-1.109437346,-1.514541984,0.105509385,-1.544281125,0.402868271,-0.610130072,-0.881744742,-0.385154009,0.007277843,0.289879829,0.986498892,-49.49146271,17.35431862,2.139673948,-1.996322274,0.459589392,0.986498892,-49.49146271,17.35431862,2.139673948,-1.996322274,0.459589392,0.986498892,-49.49146271,17.35431862,2.139673948,-1.996322274,0.459589392
3.384000161,0.811158597,-0.886581779,-1.126996398,-1.522240043,0.105526313,-1.538021207,0.415520817,-0.617160201,-0.875269055,-0.382272243,0.004033003,0.32443729,0.994777679,-46.50536346,19.26580048,2.417700529,-2.243351221,0.466962785,0.994777679,-46.50536346,19.26580048,2.417700529,-2.243351221,0.466962785,0.994777679,-46.50536346,19.26580048,2.417700529,-2.243351221,0.466962785
3.404000162,0.819632947,-0.89904058,-1.14441812,-1.529888511,0.105476245,-1.531074643,0.428263575,-0.623770356,-0.868406415,-0.378946781,0.000649782,0.358729631,1.041345,-43.51109314,21.16321182,2.698187113,-2.487528801,0.473806381,1.041345,-43.51109314,21.16321182,2.698187113,-2.487528801,0.473806381,1.041345,-43.51109314,21.16321182,2.698187113,-2.487528801,0.473806381
3.424000163,0.828366697,-0.911629081,-1.16169107,-1.537460685,0.105356798,-1.523445249,0.441310018,-0.629910111,-0.861150563,-0.375055134,-0.002902099,0.392708242,1.119580507,-40.51700974,23.03652191,2.970819473,-2.728730679,0.480141401,1.119580507,-40.51700974,23.03652191,2.970819473,-2.728730679,0.480141401,1.119580507,-40.51700974,23.03652191,2.970819473,-2.728730679,0.480141401
3.444000164,0.837367475,-0.92433393,-1.17881906,-1.544948936,0.105163679,-1.515133023,0.454805851,-0.635488451,-0.8535465,-0.370707303,-0.006656684,0.426350474,1.218342185,-37.54238892,24.90098953,3.236649036,-2.966098547,0.485904694,1.218342185,-37.54238892,24.90098953,3.236649036,-2.966098547,0.485904694,1.218342185,-37.54238892,24.90098953,3.236649036,-2.966098547,0.485904694
3.464000165,0.846646726,-0.937143683,-1.195786834,-1.552338004,0.104894266,-1.506160855,0.468731076,-0.640614688,-0.845309436,-0.366376936,-0.01054811,0.459652752,1.331124306,-34.5909729,26.74103355,3.495612383,-3.199507236,0.491313219,1.331124306,-34.5909729,26.74103355,3.495612383,-3.199507236,0.491313219,1.331124306,-34.5909729,26.74103355,3.495612383,-3.199507236,0.491313219
3.484000165,0.856210172,-0.950048804,-1.212575316,-1.559646964,0.104545221,-1.49652493,0.482972682,-0.645312369,-0.836505949,-0.361546367,-0.014565736,0.492559105,1.456199646,-31.67204285,28.54720879,3.760453939,-3.428704739,0.496303886,1.456199646,-31.67204285,28.54720879,3.760453939,-3.428704739,0.496303886,1.456199646,-31.67204285,28.54720879,3.760453939,-3.428704739,0.496303886
3.504000166,0.866061628,-0.963043571,-1.229188323,-1.566841483,0.104114637,-1.486240506,0.497492492,-0.649566114,-0.827178299,-0.356003672,-0.018706456,0.525038064,1.593351364,-28.76735306,30.32965469,4.013500214,-3.653547525,0.501029849,1.593351364,-28.76735306,30.32965469,4.013500214,-3.653547525,0.501029849,1.593351364,-28.76735306,30.32965469,4.013500214,-3.653547525,0.501029849
3.524000167,0.876206815,-0.976120353,-1.24560678,-1.573921561,0.103599176,-1.475307584,0.51221627,-0.653371871,-0.817320466,-0.349859625,-0.022989755,0.5570876,1.742480993,-25.88152313,32.07303619,4.26021862,-3.873550892,0.50539422,1.742480993,-25.88152313,32.07303619,4.26021862,-3.873550892,0.50539422,1.742480993,-25.88152313,32.07303619,4.26021862,-3.873550892,0.50539422
3.544000168,0.886651456,-0.989267707,-1.261815429,-1.580868125,0.1029955,-1.463741422,0.527050138,-0.656698644,-0.807006776,-0.343282878,-0.027494727,0.58871603,1.900243759,-23.02929306,33.77314758,4.495729446,-4.088035107,0.509517372,1.900243759,-23.02929306,33.77314758,4.495729446,-4.088035107,0.509517372,1.900243759,-23.02929306,33.77314758,4.495729446,-4.088035107,0.509517372
3.564000169,0.897389829,-1.002476096,-1.277810454,-1.587681174,0.102299318,-1.45154202,0.54195112,-0.659526467,-0.796289325,-0.33633557,-0.032255046,0.6199224,2.073105574,-20.20799637,35.42472458,4.727306366,-4.29616785,0.513224602,2.073105574,-20.20799637,35.42472458,4.727306366,-4.29616785,0.513224602,2.073105574,-20.20799637,35.42472458,4.727306366,-4.29616785,0.513224602
3.58400017,0.90843147,-1.015728354,-1.293591857,-1.594349265,0.101505622,-1.438724637,0.556866884,-0.661892474,-0.785152316,-0.328873843,-0.037209615,0.650686145,2.257204533,-17.45108032,37.04615402,4.949554443,-4.497189999,0.51669091,2.257204533,-17.45108032,37.04615402,4.949554443,-4.497189999,0.51669091,2.257204533,-17.45108032,37.04615402,4.949554443,-4.497189999,0.51669091
3.604000171,0.919774473,-1.029030204,-1.309144378,-1.600864768,0.100611553,-1.425296903,0.571775794,-0.6638152,-0.773530304,-0.321073532,-0.042289585,0.681014776,2.454055548,-14.70637798,38.61993408,5.164055824,-4.691106319,0.519899547,2.454055548,-14.70637798,38.61993408,5.164055824,-4.691106319,0.519899547,2.454055548,-14.70637798,38.61993408,5.164055824,-4.691106319,0.519899547
3.624000172,0.931409299,-1.042362571,-1.324448943,-1.607212424,0.099614963,-1.411266446,0.586733103,-0.665258408,-0.761488855,-0.312891245,-0.047500074,0.710904002,2.669306993,-12.02087879,40.13641357,5.368640423,-4.877623558,0.522833347,2.669306993,-12.02087879,40.13641357,5.368640423,-4.877623558,0.522833347,2.669306993,-12.02087879,40.13641357,5.368640423,-4.877623558,0.522833347
3.644000173,0.943349302,-1.055714011,-1.339509368,-1.613392234,0.098511562,-1.396656156,0.601770639,-0.66621089,-0.749079823,-0.30449459,-0.052901715,0.740374744,2.891830921,-9.392757416,41.59951401,5.564718723,-5.055965424,0.525624156,2.891830921,-9.392757416,41.59951401,5.564718723,-5.055965424,0.525624156,2.891830921,-9.392757416,41.59951401,5.564718723,-5.055965424,0.525624156
3.664000174,0.95559448,-1.069084525,-1.354318023,-1.619400382,0.09729968,-1.381454587,0.616799057,-0.666742504,-0.736294031,-0.295487821,-0.058364186,0.769391954,3.121112585,-6.815190315,43.01719284,5.755046844,-5.22622633,0.528023064,3.121112585,-6.815190315,43.01719284,5.755046844,-5.22622633,0.528023064,3.121112585,-6.815190315,43.01719284,5.755046844,-5.22622633,0.528023064
3.684000175,0.968141019,-1.082466483,-1.368867278,-1.625217795,0.09597908,-1.365676999,0.631895781,-0.666774154,-0.723174274,-0.28611356,-0.063862935,0.797962785,3.358010769,-4.259538651,44.38287735,5.933250904,-5.388979435,0.530101895,3.358010769,-4.259538651,44.38287735,5.933250904,-5.388979435,0.530101895,3.358010769,-4.259538651,44.38287735,5.933250904,-5.388979435,0.530101895
3.704000176,0.980990827,-1.095829368,-1.383149505,-1.630844474,0.094548568,-1.349334836,0.64700681,-0.66635412,-0.709697127,-0.276468545,-0.069411375,0.826092243,3.599447012,-1.814780235,45.69446945,6.104044914,-5.544099331,0.531868637,3.599447012,-1.814780235,45.69446945,6.104044914,-5.544099331,0.531868637,3.599447012,-1.814780235,45.69446945,6.104044914,-5.544099331,0.531868637
3.724000177,0.994140089,-1.109188437,-1.397157073,-1.636272788,0.093006954,-1.332435727,0.662048995,-0.665640056,-0.695742667,-0.266504318,-0.075020246,0.853769422,3.850436687,0.596203804,46.94683075,6.266730309,-5.691656113,0.53327018,3.850436687,0.596203804,46.94683075,6.266730309,-5.691656113,0.53327018,3.850436687,0.596203804,46.94683075,6.266730309,-5.691656113,0.53327018
3.744000178,1.007588863,-1.122524619,-1.410874724,-1.641487479,0.091352805,-1.314983487,0.6771366,-0.664526761,-0.681484163,-0.256078184,-0.080750592,0.880967677,4.102588654,2.949810028,48.13584518,6.417938709,-5.831334591,0.53414762,4.102588654,2.949810028,48.13584518,6.417938709,-5.831334591,0.53414762,4.102588654,2.949810028,48.13584518,6.417938709,-5.831334591,0.53414762
3.764000179,1.021344662,-1.135837913,-1.424313903,-1.646496177,0.089582309,-1.29699719,0.692214012,-0.663028777,-0.666960061,-0.245429218,-0.08664605,0.90769887,4.350437164,5.247073174,49.2743721,6.562875748,-5.962245941,0.534655213,4.350437164,5.247073174,49.2743721,6.562875748,-5.962245941,0.534655213,4.350437164,5.247073174,49.2743721,6.562875748,-5.962245941,0.534655213
3.78400018,1.035398006,-1.149116874,-1.43745172,-1.651283622,0.087694272,-1.278480649,0.707257271,-0.661153972,-0.652189076,-0.234317496,-0.092574283,0.933921337,4.599516392,7.505688667,50.34959412,6.699378014,-6.084880352,0.534624219,4.599516392,7.505688667,50.34959412,6.699378014,-6.084880352,0.534624219,4.599516392,7.505688667,50.34959412,6.699378014,-6.084880352,0.534624219
3.804000181,1.049756527,-1.162346244,-1.450291991,-1.655842185,0.085687742,-1.259452939,0.722254276,-0.65887928,-0.637261569,-0.222840413,-0.09856227,0.959631741,4.837928295,9.690904617,51.3701973,6.825335026,-6.19899559,0.534269631,4.837928295,9.690904617,51.3701973,6.825335026,-6.19899559,0.534269631,4.837928295,9.690904617,51.3701973,6.825335026,-6.19899559,0.534269631
3.824000182,1.064416409,-1.175533652,-1.462827086,-1.660168052,0.083562717,-1.239917874,0.737084806,-0.656287968,-0.622133672,-0.211044163,-0.10456349,0.984816849,5.06901741,11.83978081,52.33162308,6.94457674,-6.305139542,0.533338487,5.06901741,11.83978081,52.33162308,6.94457674,-6.305139542,0.533338487,5.06901741,11.83978081,52.33162308,6.94457674,-6.305139542,0.533338487
3.844000183,1.079362392,-1.188660026,-1.475057006,-1.664245963,0.081318483,-1.219883084,0.751771152,-0.65337342,-0.606823027,-0.199083477,-0.110565603,1.009462476,5.299048901,13.93507481,53.24058151,7.049330235,-6.403327465,0.531807661,5.299048901,13.93507481,53.24058151,7.049330235,-6.403327465,0.531807661,5.299048901,13.93507481,53.24058151,7.049330235,-6.403327465,0.531807661
3.864000184,1.094602108,-1.201732993,-1.48698175,-1.668087363,0.078955039,-1.199356198,0.766385972,-0.650076866,-0.591362298,-0.18716462,-0.11653059,1.033549666,5.520883083,16.00104332,54.10299301,7.152216434,-6.493863583,0.529588819,5.520883083,16.00104332,54.10299301,7.152216434,-6.493863583,0.529588819,5.520883083,16.00104332,54.10299301,7.152216434,-6.493863583,0.529588819
3.884000184,1.11013937,-1.214729667,-1.498597503,-1.671684623,0.076475486,-1.178367734,0.780829847,-0.646441281,-0.575741231,-0.17494823,-0.122343935,1.057011366,5.723350525,18.00684357,54.91992569,7.251609325,-6.578011513,0.526902139,5.723350525,18.00684357,54.91992569,7.251609325,-6.578011513,0.526902139,5.723350525,18.00684357,54.91992569,7.251609325,-6.578011513,0.526902139
3.904000185,1.12595892,-1.227650046,-1.509900451,-1.675026298,0.073882684,-1.156917691,0.795014203,-0.642541587,-0.559891224,-0.162496835,-0.128038213,1.079825282,5.915224075,19.97068787,55.69500732,7.3408041,-6.65662241,0.523597836,5.915224075,19.97068787,55.69500732,7.3408041,-6.65662241,0.523597836,5.915224075,19.97068787,55.69500732,7.3408041,-6.65662241,0.523597836
3.924000186,1.142056942,-1.240494132,-1.520875335,-1.678116202,0.071176872,-1.135017514,0.808969855,-0.638318062,-0.543917537,-0.149752334,-0.133728608,1.10195303,6.097152233,21.91596031,56.40643692,7.428203106,-6.729611874,0.51958406,6.097152233,21.91596031,56.40643692,7.428203106,-6.729611874,0.51958406,6.097152233,21.91596031,56.40643692,7.428203106,-6.729611874,0.51958406
3.944000187,1.158437252,-1.25324285,-1.531537414,-1.680942893,0.068358526,-1.112682462,0.822700202,-0.633720458,-0.527911663,-0.136604458,-0.139463007,1.123343945,6.261481285,23.80164719,57.08521271,7.507371426,-6.796833038,0.515002072,6.261481285,23.80164719,57.08521271,7.507371426,-6.796833038,0.515002072,6.261481285,23.80164719,57.08521271,7.507371426,-6.796833038,0.515002072
3.964000188,1.175084591,-1.265896201,-1.541875243,-1.683502555,0.065426216,-1.089931607,0.836059809,-0.628928542,-0.511630595,-0.12333405,-0.145180166,1.143982768,6.413303375,25.63722229,57.72206116,7.580971718,-6.858361244,0.509744823,6.413303375,25.63722229,57.72206116,7.580971718,-6.858361244,0.509744823,6.413303375,25.63722229,57.72206116,7.580971718,-6.858361244,0.509744823
3.984000189,1.191995144,-1.27845037,-1.551888824,-1.685791373,0.062380467,-1.066768765,0.84911406,-0.623806,-0.495238215,-0.109934516,-0.150938258,1.163833618,6.547055721,27.45330811,58.31400299,7.649427414,-6.914144516,0.503820002,6.547055721,27.45330811,58.31400299,7.649427414,-6.914144516,0.503820002,6.547055721,27.45330811,58.31400299,7.649427414,-6.914144516,0.503820002
4.00400019,1.209165096,-1.290897727,-1.561570525,-1.687809348,0.059221301,-1.043220639,0.86180824,-0.61841166,-0.478666633,-0.09635362,-0.156669363,1.182848811,6.667661667,29.23162842,58.8645668,7.714504242,-6.964412689,0.497300982,6.667661667,29.23162842,58.8645668,7.714504242,-6.964412689,0.497300982,6.667661667,29.23162842,58.8645668,7.714504242,-6.964412689,0.497300982
4.024000191,1.226579189,-1.303234458,-1.570916533,-1.689545035,0.05594841,-1.019310117,0.874120831,-0.612705112,-0.462017387,-0.08246547,-0.162404045,1.200994968,6.775050163,30.97766495,59.37002945,7.773447514,-7.009067059,0.490303695,6.775050163,30.97766495,59.37002945,7.773447514,-7.009067059,0.490303695,6.775050163,30.97766495,59.37002945,7.773447514,-7.009067059,0.490303695
4.044000192,1.244233608,-1.315449119,-1.579926848,-1.691006064,0.052561793,-0.995046616,0.886093855,-0.606661797,-0.445314318,-0.068441905,-0.16813843,1.218267679,6.870617867,32.66509247,59.83450699,7.829319,-7.048106194,0.482786745,6.870617867,32.66509247,59.83450699,7.829319,-7.048106194,0.482786745,6.870617867,32.66509247,59.83450699,7.829319,-7.048106194,0.482786745
4.064000193,1.262135983,-1.327537894,-1.588605285,-1.692173362,0.049062405,-0.970449448,0.897606194,-0.60035044,-0.428524882,-0.054217443,-0.173815981,1.234639406,6.933254719,34.32147217,60.26103592,7.877620697,-7.081869602,0.474776447,6.933254719,34.32147217,60.26103592,7.877620697,-7.081869602,0.474776447,6.933254719,34.32147217,60.26103592,7.877620697,-7.081869602,0.474776447
4.084000194,1.280248165,-1.339500785,-1.596944213,-1.693054557,0.045452271,-0.945539474,0.908599377,-0.593810976,-0.411548674,-0.040199138,-0.179389447,1.25011909,6.993818283,35.94074249,60.65086746,7.922996521,-7.110964775,0.466333032,6.993818283,35.94074249,60.65086746,7.922996521,-7.110964775,0.466333032,6.993818283,35.94074249,60.65086746,7.922996521,-7.110964775,0.466333032
4.104000195,1.298577785,-1.351326346,-1.604943633,-1.693653464,0.041733418,-0.920330048,0.919171214,-0.586967587,-0.394526929,-0.025979932,-0.184839457,1.264658093,7.039207458,37.52132797,61.00482941,7.970073223,-7.135882854,0.457424462,7.039207458,37.52132797,61.00482941,7.970073223,-7.135882854,0.457424462,7.039207458,37.52132797,61.00482941,7.970073223,-7.135882854,0.457424462
4.124000196,1.3171134,-1.363014579,-1.612603545,-1.693954825,0.037908111,-0.894842148,0.929229975,-0.579867303,-0.377455831,-0.011596547,-0.190204486,1.278248668,7.065804005,39.05612946,61.32574463,8.008365631,-7.156983852,0.448147595,7.065804005,39.05612946,61.32574463,8.008365631,-7.156983852,0.448147595,7.065804005,39.05612946,61.32574463,8.008365631,-7.156983852,0.448147595
4.144000197,1.335843563,-1.374561667,-1.619920135,-1.693966269,0.033977542,-0.869094849,0.938781142,-0.572500706,-0.360351712,0.002883232,-0.195487767,1.290884495,7.078184605,40.5791626,61.61156845,8.047889709,-7.174397469,0.438475132,7.078184605,40.5791626,61.61156845,8.047889709,-7.174397469,0.438475132,7.078184605,40.5791626,61.61156845,8.047889709,-7.174397469,0.438475132
4.164000198,1.354760647,-1.385959983,-1.626893401,-1.693691611,0.029943693,-0.843107224,0.947817564,-0.564826608,-0.343306661,0.017662628,-0.200688019,1.302542567,7.073054314,42.05709076,61.86668015,8.087798119,-7.188418388,0.428476632,7.073054314,42.05709076,61.86668015,8.087798119,-7.188418388,0.428476632,7.073054314,42.05709076,61.86668015,8.087798119,-7.188418388,0.428476632
4.184000199,1.373841763,-1.397194266,-1.63352716,-1.693111777,0.025808383,-0.816900253,0.956267416,-0.556954563,-0.326221555,0.032629672,-0.205790743,1.313231826,7.060169697,43.45472336,62.09632492,8.12014389,-7.199349403,0.418204963,7.060169697,43.45472336,62.09632492,8.12014389,-7.199349403,0.418204963,7.060169697,43.45472336,62.09632492,8.12014389,-7.199349403,0.418204963
4.2040002,1.393083096,-1.408268332,-1.639817595,-1.692226768,0.021573175,-0.790493011,0.964125514,-0.548973322,-0.308998257,0.047443114,-0.210819051,1.322988153,7.036172867,44.82592773,62.29514694,8.148249626,-7.207327366,0.407669634,7.036172867,44.82592773,62.29514694,8.148249626,-7.207327366,0.407669634,7.036172867,44.82592773,62.29514694,8.148249626,-7.207327366,0.407669634
4.224000201,1.412473202,-1.419182181,-1.645760894,-1.691040397,0.017239202,-0.763902664,0.971383452,-0.540877104,-0.291684985,0.062011607,-0.215810329,1.331824303,7.000613689,46.15559006,62.46092987,8.173704147,-7.212215424,0.396861821,7.000613689,46.15559006,62.46092987,8.173704147,-7.212215424,0.396861821,7.000613689,46.15559006,62.46092987,8.173704147,-7.212215424,0.396861821
4.244000202,1.432012081,-1.429931998,-1.651360869,-1.689560294,0.012807378,-0.737148285,0.978027165,-0.532653451,-0.274363697,0.076558515,-0.220738336,1.339727521,6.941679955,47.45717621,62.60142899,8.203101158,-7.214020252,0.38580817,6.941679955,47.45717621,62.60142899,8.203101158,-7.214020252,0.38580817,6.941679955,47.45717621,62.60142899,8.203101158,-7.214020252,0.38580817
4.264000203,1.451673031,-1.440517783,-1.656613708,-1.687782645,0.00827966,-0.710245132,0.984034717,-0.52423507,-0.257138193,0.091233708,-0.225555763,1.346685529,6.870401382,48.7539444,62.71492767,8.231863976,-7.213055611,0.374510884,6.870401382,48.7539444,62.71492767,8.231863976,-7.213055611,0.374510884,6.870401382,48.7539444,62.71492767,8.231863976,-7.213055611,0.374510884
4.284000203,1.471448421,-1.450928092,-1.661523223,-1.68570745,0.003658541,-0.683218002,0.989387214,-0.515684426,-0.240019396,0.106218189,-0.230233461,1.352696776,6.78582716,49.98555756,62.80778503,8.258506775,-7.209694386,0.363024384,6.78582716,49.98555756,62.80778503,8.258506775,-7.209694386,0.363024384,6.78582716,49.98555756,62.80778503,8.258506775,-7.209694386,0.363024384
4.304000204,1.491315365,-1.461170554,-1.66609323,-1.683327079,-0.001052996,-0.656084061,0.994103014,-0.506951451,-0.223039493,0.121243522,-0.234760612,1.357793331,6.693751812,51.2221489,62.88614273,8.281047821,-7.204326153,0.351357788,6.693751812,51.2221489,62.88614273,8.281047821,-7.204326153,0.351357788,6.693751812,51.2221489,62.88614273,8.281047821,-7.204326153,0.351357788
4.324000205,1.511273861,-1.471233726,-1.670319915,-1.680649161,-0.005851449,-0.628862381,0.998165965,-0.498094916,-0.206133068,0.136137113,-0.239104301,1.362000465,6.584592819,52.4017868,62.94405365,8.304816246,-7.197546959,0.339523643,6.584592819,52.4017868,62.94405365,8.304816246,-7.197546959,0.339523643,6.584592819,52.4017868,62.94405365,8.304816246,-7.197546959,0.339523643
4.344000206,1.531304836,-1.481113791,-1.674218535,-1.677666068,-0.010733175,-0.601564407,1.001544714,-0.489118546,-0.189301461,0.15088436,-0.243246526,1.365329027,6.465184689,53.55001831,63.00147629,8.325630188,-7.189821243,0.327455103,6.465184689,53.55001831,63.00147629,8.325630188,-7.189821243,0.327455103,6.465184689,53.55001831,63.00147629,8.325630188,-7.189821243,0.327455103
4.364000207,1.551393032,-1.490822196,-1.677773833,-1.674385428,-0.015693737,-0.574211121,1.004255533,-0.480036944,-0.172501683,0.165301785,-0.247186691,1.367794871,6.332566261,54.70849609,63.0376358,8.346623421,-7.181882858,0.315139264,6.332566261,54.70849609,63.0376358,8.346623421,-7.181882858,0.315139264,6.332566261,54.70849609,63.0376358,8.346623421,-7.181882858,0.315139264
4.384000208,1.571530819,-1.500339866,-1.680997252,-1.670814872,-0.02073021,-0.546819687,1.006266832,-0.470831931,-0.155841976,0.179721698,-0.25099206,1.369380474,6.18486166,55.80613708,63.06455994,8.372484207,-7.173697472,0.302639514,6.18486166,55.80613708,63.06455994,8.372484207,-7.173697472,0.302639514,6.18486166,55.80613708,63.06455994,8.372484207,-7.173697472,0.302639514
4.404000209,1.591699123,-1.5096668,-1.683888793,-1.666946769,-0.025839223,-0.519412994,1.007527947,-0.461632341,-0.13917315,0.194085464,-0.254627556,1.370104074,6.028313637,56.85927582,63.08864975,8.396920204,-7.165627956,0.28997612,6.028313637,56.85927582,63.08864975,8.396920204,-7.165627956,0.28997612,6.028313637,56.85927582,63.08864975,8.396920204,-7.165627956,0.28997612
4.42400021,1.611875057,-1.518822074,-1.68645227,-1.662800193,-0.031018091,-0.491997719,1.008070946,-0.452404588,-0.122548543,0.208452627,-0.258125484,1.369967103,5.867028236,57.93566513,63.10957336,8.426466942,-7.157692909,0.277045041,5.867028236,57.93566513,63.10957336,8.426466942,-7.157692909,0.277045041,5.867028236,57.93566513,63.10957336,8.426466942,-7.157692909,0.277045041
4.444000211,1.632050991,-1.527786613,-1.688683867,-1.658352256,-0.036263779,-0.464600563,1.007946491,-0.443040282,-0.106092066,0.222995445,-0.261497796,1.368956923,5.696017742,58.98386765,63.11987686,8.45080471,-7.150066853,0.263970822,5.696017742,58.98386765,63.11987686,8.45080471,-7.150066853,0.263970822,5.696017742,58.98386765,63.11987686,8.45080471,-7.150066853,0.263970822
4.464000212,1.652219296,-1.536560416,-1.690583587,-1.653610587,-0.041574791,-0.437232018,1.007120609,-0.433606654,-0.089676455,0.237156898,-0.264775187,1.367129683,5.505111694,59.99827957,63.12565994,8.474905968,-7.142320633,0.25063163,5.505111694,59.99827957,63.12565994,8.474905968,-7.142320633,0.25063163,5.505111694,59.99827957,63.12565994,8.474905968,-7.142320633,0.25063163
4.484000213,1.672364712,-1.545143485,-1.692155242,-1.648586631,-0.046949103,-0.409912109,1.005548,-0.424133331,-0.073341481,0.25110659,-0.267980814,1.364481449,5.303468704,60.98451233,63.12637711,8.500324249,-7.134183884,0.237074286,5.303468704,60.98451233,63.12637711,8.500324249,-7.134183884,0.237074286,5.303468704,60.98451233,63.12637711,8.500324249,-7.134183884,0.237074286
4.504000214,1.692468166,-1.553535819,-1.693402648,-1.643280387,-0.052385047,-0.382658005,1.003212929,-0.414635807,-0.057107694,0.264954329,-0.271084428,1.361012459,5.084294796,61.94697571,63.12072372,8.526473045,-7.125540733,0.223308548,5.084294796,61.94697571,63.12072372,8.526473045,-7.125540733,0.223308548,5.084294796,61.94697571,63.12072372,8.526473045,-7.125540733,0.223308548
4.524000215,1.712510586,-1.561737418,-1.694325805,-1.637691855,-0.057879522,-0.355483055,1.000117183,-0.405130059,-0.040934041,0.278597534,-0.274005979,1.35673666,4.862692833,62.88823318,63.11613083,8.554443359,-7.116619587,0.209294006,4.862692833,62.88823318,63.11613083,8.554443359,-7.116619587,0.209294006,4.862692833,62.88823318,63.11613083,8.554443359,-7.116619587,0.209294006
4.544000216,1.732488155,-1.569748282,-1.694924712,-1.63183248,-0.063429393,-0.328404427,0.996250331,-0.39560616,-0.024891166,0.292177469,-0.276758641,1.351648331,4.619801521,63.80836487,63.10215378,8.58343792,-7.107494831,0.195031807,4.619801521,63.80836487,63.10215378,8.58343792,-7.107494831,0.195031807,4.619801521,63.80836487,63.10215378,8.58343792,-7.107494831,0.195031807
4.564000217,1.752370358,-1.577568412,-1.695207,-1.625698447,-0.069030322,-0.301439285,0.991605699,-0.38607049,-0.009001039,0.305813432,-0.279303789,1.345743299,4.370702744,64.70770264,63.09181595,8.610251427,-7.09842968,0.180554673,4.370702744,64.70770264,63.09181595,8.610251427,-7.09842968,0.180554673,4.370702744,64.70770264,63.09181595,8.610251427,-7.09842968,0.180554673
4.584000218,1.772153378,-1.585197806,-1.695176482,-1.619289756,-0.074677743,-0.274603844,0.986177564,-0.376551896,0.006842396,0.319170654,-0.281591952,1.339050412,4.107711792,65.58634949,63.09065247,8.635380745,-7.090045452,0.165825963,4.107711792,65.58634949,63.09065247,8.635380745,-7.090045452,0.165825963,4.107711792,65.58634949,63.09065247,8.635380745,-7.090045452,0.165825963
4.604000219,1.791818142,-1.592636466,-1.694821715,-1.612614036,-0.080367364,-0.247910887,0.979967773,-0.367033541,0.022566363,0.33222577,-0.283722371,1.331580043,3.834199905,66.44300079,63.0729599,8.661028862,-7.082222939,0.15083234,3.834199905,66.44300079,63.0729599,8.661028862,-7.082222939,0.15083234,3.834199905,66.44300079,63.0729599,8.661028862,-7.082222939,0.15083234
4.62400022,1.811345577,-1.599884391,-1.694157958,-1.605675101,-0.086097039,-0.221379668,0.972963691,-0.357520968,0.038124822,0.3450059,-0.285741687,1.323334694,3.550040722,67.2730484,63.06173325,8.686192513,-7.074402809,0.13560535,3.550040722,67.2730484,63.06173325,8.686192513,-7.074402809,0.13560535,3.550040722,67.2730484,63.06173325,8.686192513,-7.074402809,0.13560535
4.644000221,1.830724239,-1.606941581,-1.69318521,-1.598488212,-0.091863908,-0.195023447,0.965158522,-0.348054022,0.053587124,0.357421428,-0.287583709,1.31432426,3.25505209,68.07706451,63.05244827,8.715093613,-7.066642284,0.120121531,3.25505209,68.07706451,63.05244827,8.715093613,-7.066642284,0.120121531,3.25505209,68.07706451,63.05244827,8.715093613,-7.066642284,0.120121531
4.664000222,1.849935055,-1.613811851,-1.691903472,-1.591041923,-0.097664155,-0.168857485,0.956543028,-0.338656366,0.068904243,0.369793862,-0.289244115,1.304526448,2.948738337,68.86753845,63.04315567,8.740571022,-7.058987141,0.104387566,2.948738337,68.86753845,63.04315567,8.740571022,-7.058987141,0.104387566,2.948738337,68.86753845,63.04315567,8.740571022,-7.058987141,0.104387566
4.684000222,1.868962765,-1.620491385,-1.690316558,-1.583359122,-0.103493966,-0.14289847,0.947131693,-0.329314709,0.084070295,0.381961197,-0.290720433,1.293956399,2.634214878,69.62269592,63.03585052,8.768772125,-7.051299572,0.088440135,2.634214878,69.62269592,63.03585052,8.768772125,-7.051299572,0.088440135,2.634214878,69.62269592,63.03585052,8.768772125,-7.051299572,0.088440135
4.704000223,1.88779211,-1.626987815,-1.688428283,-1.575420737,-0.10935048,-0.117160961,0.936917484,-0.320037782,0.099067666,0.393977374,-0.29200846,1.282613993,2.311110497,70.36751556,63.03218842,8.790412903,-7.043488979,0.072265677,2.311110497,70.36751556,63.03218842,8.790412903,-7.043488979,0.072265677,2.311110497,70.36751556,63.03218842,8.790412903,-7.043488979,0.072265677
4.724000224,1.906396389,-1.633301139,-1.686238647,-1.567245841,-0.115228452,-0.09166114,0.925925672,-0.310804278,0.113934822,0.405375183,-0.29309991,1.270538211,1.98582232,71.09368134,63.02801895,8.811792374,-7.035699844,0.055890836,1.98582232,71.09368134,63.02801895,8.811792374,-7.035699844,0.055890836,1.98582232,71.09368134,63.02801895,8.811792374,-7.035699844,0.055890836
4.744000225,1.924771786,-1.639427543,-1.683755279,-1.558849692,-0.121124782,-0.066412851,0.914175749,-0.301641107,0.128626749,0.416476727,-0.293984622,1.257708669,1.649605036,71.77931213,63.03033829,8.837280273,-7.027801514,0.039320439,1.649605036,71.77931213,63.03033829,8.837280273,-7.027801514,0.039320439,1.649605036,71.77931213,63.03033829,8.837280273,-7.027801514,0.039320439
4.764000226,1.942910671,-1.645374656,-1.680985808,-1.550236106,-0.127034456,-0.041431408,0.90160495,-0.292666912,0.143248275,0.427492172,-0.294624865,1.244115949,1.29224956,72.4404068,63.03808975,8.861887932,-7.019984722,0.022582998,1.29224956,72.4404068,63.03808975,8.861887932,-7.019984722,0.022582998,1.29224956,72.4404068,63.03808975,8.861887932,-7.019984722,0.022582998
4.784000227,1.960782528,-1.651138663,-1.677918792,-1.541397452,-0.132953435,-0.016732138,0.888218701,-0.283843189,0.157751516,0.438399762,-0.295052886,1.229764462,0.932589769,73.0799942,63.04349518,8.882073402,-7.012260914,0.005712761,0.932589769,73.0799942,63.04349518,8.882073402,-7.012260914,0.005712761,0.932589769,73.0799942,63.04349518,8.882073402,-7.012260914,0.005712761
4.804000228,1.978375912,-1.656738639,-1.674569488,-1.532337546,-0.13887766,0.007670157,0.874037147,-0.275120705,0.1720981,0.448768407,-0.295350313,1.214697123,0.566110015,73.73181152,63.05274963,8.897340775,-7.004052639,-0.011278594,0.566110015,73.73181152,63.05274963,8.897340775,-7.004052639,-0.011278594,0.566110015,73.73181152,63.05274963,8.897340775,-7.004052639,-0.011278594
4.824000229,1.995679379,-1.662159324,-1.670926452,-1.523079276,-0.144804746,0.031761233,0.85907954,-0.26646769,0.18625243,0.458718985,-0.295450836,1.198905945,0.184166431,74.34874725,63.05781555,8.913443565,-6.995052338,-0.028364349,0.184166431,74.34874725,63.05781555,8.913443565,-6.995052338,-0.028364349,0.184166431,74.34874725,63.05781555,8.913443565,-6.995052338,-0.028364349
4.84400023,2.01267767,-1.667408347,-1.667008758,-1.513622642,-0.150730401,0.055526797,0.843321264,-0.257928312,0.200214088,0.468222201,-0.295394957,1.182407022,-0.208768249,74.92385101,63.06891251,8.928119659,-6.985010624,-0.045516364,-0.208768249,74.92385101,63.06891251,8.928119659,-6.985010624,-0.045516364,-0.208768249,74.92385101,63.06891251,8.928119659,-6.985010624,-0.045516364
4.864000231,2.029340267,-1.672485709,-1.662808776,-1.503979087,-0.156651288,0.078952372,0.826744616,-0.249573246,0.214011192,0.477549702,-0.295140833,1.165190935,-0.604274273,75.48104858,63.07608795,8.941819191,-6.973828793,-0.062691875,-0.604274273,75.48104858,63.07608795,8.941819191,-6.973828793,-0.062691875,-0.604274273,75.48104858,63.07608795,8.941819191,-6.973828793,-0.062691875
4.884000232,2.045659542,-1.677406669,-1.658337951,-1.494144797,-0.162562639,0.102024376,0.809390664,-0.241387531,0.227645382,0.486560792,-0.294645727,1.147279024,-0.995687842,76.03736115,63.08920288,8.948953629,-6.961512566,-0.079866156,-0.995687842,76.03736115,63.08920288,8.948953629,-6.961512566,-0.079866156,-0.995687842,76.03736115,63.08920288,8.948953629,-6.961512566,-0.079866156
4.904000233,2.061620235,-1.682159781,-1.653592467,-1.484142661,-0.16846016,0.124728739,0.791291058,-0.233322591,0.241083384,0.495172232,-0.293864191,1.128686309,-1.398726106,76.54327393,63.10437775,8.95625782,-6.947954655,-0.097002812,-1.398726106,76.54327393,63.10437775,8.95625782,-6.947954655,-0.097002812,-1.398726106,76.54327393,63.10437775,8.95625782,-6.947954655,-0.097002812
4.924000234,2.077214718,-1.686752677,-1.648579955,-1.473961234,-0.174337178,0.147051871,0.772402585,-0.225456312,0.254368603,0.503383577,-0.292850047,1.109433293,-1.811847687,77.02158356,63.11613083,8.957150459,-6.933531761,-0.114060678,-1.811847687,77.02158356,63.11613083,8.957150459,-6.933531761,-0.114060678,-1.811847687,77.02158356,63.11613083,8.957150459,-6.933531761,-0.114060678
4.944000235,2.092427731,-1.691192985,-1.643304229,-1.463623405,-0.180190355,0.168981135,0.752730191,-0.217789635,0.267491907,0.511092663,-0.291641057,1.089545131,-2.234337807,77.48822784,63.12440872,8.956050873,-6.917757988,-0.13102144,-2.234337807,77.48822784,63.12440872,8.956050873,-6.917757988,-0.13102144,-2.234337807,77.48822784,63.12440872,8.956050873,-6.917757988,-0.13102144
4.964000236,2.107228756,-1.695480704,-1.637769103,-1.453136802,-0.186015397,0.190504134,0.732297182,-0.21032466,0.280453593,0.518393815,-0.290185928,1.069028378,-2.65030098,77.92743683,63.13895035,8.951773643,-6.900442123,-0.147842586,-2.65030098,77.92743683,63.13895035,8.951773643,-6.900442123,-0.147842586,-2.65030098,77.92743683,63.13895035,8.951773643,-6.900442123,-0.147842586
4.984000237,2.121610165,-1.699623466,-1.631970763,-1.44250524,-0.191807061,0.211608946,0.71109432,-0.203071892,0.293239206,0.525348604,-0.288495064,1.047896266,-3.073856354,78.35483551,63.14492035,8.944994926,-6.881490231,-0.164500117,-3.073856354,78.35483551,63.14492035,8.944994926,-6.881490231,-0.164500117,-3.073856354,78.35483551,63.14492035,8.944994926,-6.881490231,-0.164500117
5.004000238,2.135556698,-1.703628898,-1.625924468,-1.431740165,-0.197561055,0.232282221,0.689188421,-0.195966765,0.305728167,0.532049119,-0.286582738,1.026160359,-3.497390747,78.77877808,63.15427399,8.934511185,-6.860795975,-0.1809358,-3.497390747,78.77877808,63.15427399,8.934511185,-6.860795975,-0.1809358,-3.497390747,78.77877808,63.15427399,8.934511185,-6.860795975,-0.1809358
5.024000239,2.149053097,-1.707485557,-1.619626403,-1.420849204,-0.203272134,0.252513349,0.666550875,-0.189087927,0.318094879,0.538235784,-0.284376711,1.003861547,-3.919058323,79.12534332,63.16367722,8.919348717,-6.838393688,-0.197129667,-3.919058323,79.12534332,63.16367722,8.919348717,-6.838393688,-0.197129667,-3.919058323,79.12534332,63.16367722,8.919348717,-6.838393688,-0.197129667
5.04400024,2.162091732,-1.711216331,-1.613084197,-1.409832358,-0.208935529,0.27228874,0.643203795,-0.182439625,0.330263704,0.544015646,-0.281961232,0.981019258,-4.344799995,79.50273132,63.16851044,8.895733833,-6.814047337,-0.213009909,-4.344799995,79.50273132,63.16851044,8.895733833,-6.814047337,-0.213009909,-4.344799995,79.50273132,63.16851044,8.895733833,-6.814047337,-0.213009909
5.064000241,2.174649715,-1.714805961,-1.606301665,-1.398708701,-0.214545518,0.291602552,0.619146228,-0.176017687,0.342303544,0.549118042,-0.279280275,0.957675219,-4.76470089,79.79670715,63.17736053,8.870990753,-6.787796974,-0.228627264,-4.76470089,79.79670715,63.17736053,8.870990753,-6.787796974,-0.228627264,-4.76470089,79.79670715,63.17736053,8.870990753,-6.787796974,-0.228627264
5.084000241,2.186727047,-1.71828115,-1.599271178,-1.387485862,-0.22009781,0.310443342,0.594385684,-0.169859484,0.35417375,0.553787768,-0.276390404,0.933834493,-5.19953537,80.11740112,63.16554642,8.839981079,-6.759399414,-0.243921772,-5.19953537,80.11740112,63.16554642,8.839981079,-6.759399414,-0.243921772,-5.19953537,80.11740112,63.16554642,8.839981079,-6.759399414,-0.243921772
5.104000242,2.198300838,-1.721630454,-1.59200418,-1.376179099,-0.225589067,0.328799665,0.568937898,-0.163896829,0.365744829,0.558139384,-0.273303181,0.909511864,-5.623373032,80.40692139,63.14999771,8.807080269,-6.728104115,-0.258834392,-5.623373032,80.40692139,63.14999771,8.807080269,-6.728104115,-0.258834392,-5.623373032,80.40692139,63.14999771,8.807080269,-6.728104115,-0.258834392
5.124000243,2.209340572,-1.724865317,-1.5845083,-1.364792228,-0.231014043,0.346662939,0.542831182,-0.158170864,0.377060562,0.562219739,-0.269952089,0.884731829,-6.034396172,80.66429138,63.13382339,8.768299103,-6.693963528,-0.273343801,-6.034396172,80.66429138,63.13382339,8.768299103,-6.693963528,-0.273343801,-6.034396172,80.66429138,63.13382339,8.768299103,-6.693963528,-0.273343801
5.144000244,2.219853878,-1.727989554,-1.576783538,-1.353329062,-0.236368448,0.364025533,0.516094923,-0.152697742,0.388157278,0.565892518,-0.266302109,0.859532356,-6.445306301,80.88644409,63.1108284,8.721743584,-6.657059193,-0.287444174,-6.445306301,80.88644409,63.1108284,8.721743584,-6.657059193,-0.287444174,-6.445306301,80.88644409,63.1108284,8.721743584,-6.657059193,-0.287444174
5.164000245,2.229817867,-1.731003165,-1.568848968,-1.341793418,-0.241644174,0.380879819,0.488739461,-0.147482395,0.399093479,0.568800747,-0.262331814,0.833967745,-6.85206461,81.08347321,63.09849548,8.666636467,-6.617839813,-0.301129222,-6.85206461,81.08347321,63.09849548,8.666636467,-6.617839813,-0.301129222,-6.85206461,81.08347321,63.09849548,8.666636467,-6.617839813,-0.301129222
5.184000246,2.23923254,-1.733925223,-1.560693145,-1.330211997,-0.246835023,0.397218168,0.460769594,-0.142571434,0.40996328,0.570853889,-0.258022815,0.8080706,-7.250767708,81.30031586,63.06936264,8.610675812,-6.57654953,-0.314366817,-7.250767708,81.30031586,63.06936264,8.610675812,-6.57654953,-0.314366817,-7.250767708,81.30031586,63.06936264,8.610675812,-6.57654953,-0.314366817
5.204000247,2.248082638,-1.736748099,-1.552319884,-1.318592429,-0.251933366,0.413031995,0.432215154,-0.1378773,0.420611024,0.572430432,-0.253381848,0.781833649,-7.645397663,81.46134949,63.03608322,8.551550865,-6.53382349,-0.327125251,-7.645397663,81.46134949,63.03608322,8.551550865,-6.53382349,-0.327125251,-7.645397663,81.46134949,63.03608322,8.551550865,-6.53382349,-0.327125251
5.224000248,2.256352901,-1.739483237,-1.543736815,-1.306949973,-0.256935388,0.428318441,0.403060496,-0.133492574,0.431033403,0.57380724,-0.248564065,0.755271435,-8.037805557,81.61405945,62.99245071,8.487792015,-6.488742828,-0.339390725,-8.037805557,81.61405945,62.99245071,8.487792015,-6.488742828,-0.339390725,-8.037805557,81.61405945,62.99245071,8.487792015,-6.488742828,-0.339390725
5.244000249,2.264028072,-1.742138267,-1.534947753,-1.295284629,-0.261838228,0.443069875,0.373359323,-0.129338712,0.441223621,0.574782372,-0.243442416,0.728419423,-8.416840553,81.77728271,62.94747925,8.419194221,-6.440797329,-0.351164937,-8.416840553,81.77728271,62.94747925,8.419194221,-6.440797329,-0.351164937,-8.416840553,81.77728271,62.94747925,8.419194221,-6.440797329,-0.351164937
5.26400025,2.27110815,-1.744713187,-1.525956511,-1.283604026,-0.266634256,0.457278669,0.343125075,-0.125419751,0.45116967,0.575335622,-0.238042325,0.701310754,-8.792276382,81.89672089,62.89124298,8.340752602,-6.390703678,-0.362372577,-8.792276382,81.89672089,62.89124298,8.340752602,-6.390703678,-0.362372577,-8.792276382,81.89672089,62.89124298,8.340752602,-6.390703678,-0.362372577
5.284000251,2.277570248,-1.747215629,-1.516763091,-1.271915793,-0.27131775,0.470941007,0.312361032,-0.121755108,0.460887671,0.575122058,-0.232467473,0.674007475,-9.150276184,81.98345184,62.82220078,8.255640984,-6.337882519,-0.373030603,-9.150276184,81.98345184,62.82220078,8.255640984,-6.337882519,-0.373030603,-9.150276184,81.98345184,62.82220078,8.255640984,-6.337882519,-0.373030603
5.304000252,2.283406734,-1.749645591,-1.507378936,-1.260250449,-0.275884897,0.48405689,0.281110525,-0.11836677,0.470371187,0.574436843,-0.226638034,0.646513164,-9.49296093,82.04628754,62.74911118,8.172096252,-6.282117844,-0.383196533,-9.49296093,82.04628754,62.74911118,8.172096252,-6.282117844,-0.383196533,-9.49296093,82.04628754,62.74911118,8.172096252,-6.282117844,-0.383196533
5.324000253,2.288609982,-1.752003074,-1.497804046,-1.248596549,-0.280333787,0.496619642,0.249358192,-0.115369163,0.479736298,0.573322237,-0.220561072,0.618855238,-9.828309059,82.05595398,62.6643486,8.076356888,-6.223042011,-0.392799258,-9.828309059,82.05595398,62.6643486,8.076356888,-6.223042011,-0.392799258,-9.828309059,82.05595398,62.6643486,8.076356888,-6.223042011,-0.392799258
5.344000254,2.293179989,-1.75431478,-1.488042235,-1.236980796,-0.284656793,0.508626401,0.217142954,-0.112743206,0.488935351,0.571740091,-0.214185491,0.591065526,-10.14923477,82.08166504,62.56722641,7.979204655,-6.160581112,-0.401852727,-10.14923477,82.08166504,62.56722641,7.979204655,-6.160581112,-0.401852727,-10.14923477,82.08166504,62.56722641,7.979204655,-6.160581112,-0.401852727
5.364000255,2.297086239,-1.756576896,-1.47809732,-1.225399375,-0.288846284,0.520078123,0.184505537,-0.110426575,0.497904629,0.569642544,-0.207463056,0.563173771,-10.44956493,82.0946579,62.45850372,7.873411655,-6.096001625,-0.410375059,-10.44956493,82.0946579,62.45850372,7.873411655,-6.096001625,-0.410375059,-10.44956493,82.0946579,62.45850372,7.873411655,-6.096001625,-0.410375059
5.384000256,2.30035162,-1.75879705,-1.467980742,-1.213875175,-0.292894632,0.530969083,0.151488319,-0.108373195,0.506598353,0.566806912,-0.200403601,0.535221577,-10.74464703,82.09831238,62.34290695,7.765265465,-6.029560566,-0.418328851,-10.74464703,82.09831238,62.34290695,7.765265465,-6.029560566,-0.418328851,-10.74464703,82.09831238,62.34290695,7.765265465,-6.029560566,-0.418328851
5.404000257,2.302937984,-1.760979056,-1.457684875,-1.202412009,-0.296797067,0.541301191,0.118110575,-0.10658358,0.514982879,0.563495755,-0.192999139,0.507213891,-11.01837063,82.08496857,62.21515274,7.653419018,-5.961173058,-0.425781876,-11.01837063,82.08496857,62.21515274,7.653419018,-5.961173058,-0.425781876,-11.01837063,82.08496857,62.21515274,7.653419018,-5.961173058,-0.425781876
5.424000258,2.304860592,-1.763126731,-1.447232604,-1.191028953,-0.300546914,0.551072538,0.084401205,-0.105066232,0.523062587,0.559590757,-0.185299709,0.479189366,-11.28511333,82.04673004,62.08921432,7.537180901,-5.891214371,-0.432666212,-11.28511333,82.04673004,62.08921432,7.537180901,-5.891214371,-0.432666212,-11.28511333,82.04673004,62.08921432,7.537180901,-5.891214371,-0.432666212
5.444000259,2.306096554,-1.765251517,-1.436620116,-1.179729819,-0.304137498,0.560283124,0.050374053,-0.103873827,0.530925274,0.555300772,-0.177244425,0.451153964,-11.52781773,82.01084137,61.95713425,7.417645454,-5.820014954,-0.439010262,-11.52781773,82.01084137,61.95713425,7.417645454,-5.820014954,-0.439010262,-11.52781773,82.01084137,61.95713425,7.417645454,-5.820014954,-0.439010262
5.46400026,2.3066535,-1.76735723,-1.425851226,-1.168522239,-0.30756405,0.568931043,0.016050186,-0.103034571,0.538631618,0.550446391,-0.168886274,0.423149854,-11.75926781,81.95561218,61.81729889,7.290685654,-5.747335911,-0.444820106,-11.75926781,81.95561218,61.81729889,7.290685654,-5.747335911,-0.444820106,-11.75926781,81.95561218,61.81729889,7.290685654,-5.747335911,-0.444820106
5.48400026,2.306516171,-1.769455314,-1.414929748,-1.15742147,-0.31081894,0.577018201,-0.018510882,-0.102448821,0.546063304,0.544813454,-0.160253346,0.395218402,-11.97000694,81.91249084,61.67079926,7.162558556,-5.67389822,-0.450072348,-11.97000694,81.91249084,61.67079926,7.162558556,-5.67389822,-0.450072348,-11.97000694,81.91249084,61.67079926,7.162558556,-5.67389822,-0.450072348
5.504000261,2.305692196,-1.771545768,-1.403859496,-1.146446586,-0.313895494,0.584550321,-0.05329344,-0.102163717,0.553254247,0.538701713,-0.151359439,0.367359966,-12.17255783,81.86019897,61.51638412,7.035710335,-5.599859238,-0.454858452,-12.17255783,81.86019897,61.51638412,7.035710335,-5.599859238,-0.454858452,-12.17255783,81.86019897,61.51638412,7.035710335,-5.599859238,-0.454858452
5.524000262,2.304151058,-1.773636222,-1.392640471,-1.135597587,-0.316791803,0.591527402,-0.088247441,-0.102131069,0.560102403,0.532256484,-0.142225429,0.339583248,-12.34018517,81.80404663,61.35047531,6.903854847,-5.524589539,-0.45915398,-12.34018517,81.80404663,61.35047531,6.903854847,-5.524589539,-0.45915398,-12.34018517,81.80404663,61.35047531,6.903854847,-5.524589539,-0.45915398
5.544000263,2.301915646,-1.775726676,-1.381291747,-1.124885917,-0.319500238,0.597949445,-0.123331234,-0.102366515,0.566650331,0.525225103,-0.132888228,0.311934441,-12.50068283,81.72045135,61.18626022,6.76751709,-5.448455811,-0.462945759,-12.50068283,81.72045135,61.18626022,6.76751709,-5.448455811,-0.462945759,-12.50068283,81.72045135,61.18626022,6.76751709,-5.448455811,-0.462945759
5.564000264,2.298978329,-1.777828574,-1.369809508,-1.114326835,-0.322017938,0.603820264,-0.158565044,-0.102956511,0.573035598,0.517717481,-0.123332873,0.284426749,-12.65526867,81.63947296,61.02004242,6.630843163,-5.371241093,-0.466259688,-12.65526867,81.63947296,61.02004242,6.630843163,-5.371241093,-0.466259688,-12.65526867,81.63947296,61.02004242,6.630843163,-5.371241093,-0.466259688
5.584000265,2.295339108,-1.779941916,-1.358193755,-1.103920341,-0.324342042,0.609141767,-0.193896085,-0.103910096,0.579253674,0.509742916,-0.113537997,0.257081807,-12.79190636,81.52427673,60.83697891,6.488625526,-5.292355537,-0.469086051,-12.79190636,81.52427673,60.83697891,6.488625526,-5.292355537,-0.469086051,-12.79190636,81.52427673,60.83697891,6.488625526,-5.292355537,-0.469086051
5.604000266,2.290982723,-1.782081962,-1.346459746,-1.093689322,-0.326466829,0.613919675,-0.229301944,-0.105207808,0.585273504,0.501223385,-0.103468083,0.229929507,-12.90436935,81.44284821,60.65607834,6.346397877,-5.212426662,-0.471448332,-12.90436935,81.44284821,60.65607834,6.346397877,-5.212426662,-0.471448332,-12.90436935,81.44284821,60.65607834,6.346397877,-5.212426662,-0.471448332
5.624000267,2.285916805,-1.784256339,-1.334603667,-1.083637595,-0.328384668,0.618157804,-0.264738679,-0.106825799,0.591107905,0.49211967,-0.093063481,0.202989668,-13.01006889,81.37129974,60.46699905,6.203350544,-5.132300377,-0.473413587,-13.01006889,81.37129974,60.46699905,6.203350544,-5.132300377,-0.473413587,-13.01006889,81.37129974,60.46699905,6.203350544,-5.132300377,-0.473413587
5.644000268,2.280141354,-1.786465049,-1.322629333,-1.073772788,-0.330091745,0.62185806,-0.300136447,-0.108686969,0.59662497,0.482476145,-0.08232633,0.176281855,-13.09572983,81.29514313,60.2719574,6.058428288,-5.05209589,-0.474901497,-13.09572983,81.29514313,60.2719574,6.058428288,-5.05209589,-0.474901497,-13.09572983,81.29514313,60.2719574,6.058428288,-5.05209589,-0.474901497
5.664000269,2.273663998,-1.78871572,-1.310544372,-1.06411016,-0.331577569,0.625028074,-0.335480869,-0.11079593,0.601823866,0.472307086,-0.071299829,0.149826288,-13.1769228,81.22354126,60.07534027,5.914710045,-4.972750187,-0.475971639,-13.1769228,81.22354126,60.07534027,5.914710045,-4.972750187,-0.475971639,-13.1769228,81.22354126,60.07534027,5.914710045,-4.972750187,-0.475971639
5.68400027,2.266469479,-1.791012168,-1.298356414,-1.054661155,-0.332840234,0.627671659,-0.370776176,-0.113224089,0.606802642,0.461674422,-0.060071636,0.123637497,-13.23644447,81.14121246,59.8798027,5.770896912,-4.894138336,-0.476672292,-13.23644447,81.14121246,59.8798027,5.770896912,-4.894138336,-0.476672292,-13.23644447,81.14121246,59.8798027,5.770896912,-4.894138336,-0.476672292
5.704000271,2.258580685,-1.793365836,-1.286073089,-1.045441031,-0.333874971,0.629796445,-0.405974895,-0.115934506,0.611538768,0.450729012,-0.048585314,0.097719304,-13.3053894,81.09977722,59.68531036,5.631095886,-4.816172123,-0.476990342,-13.3053894,81.09977722,59.68531036,5.631095886,-4.816172123,-0.476990342,-13.3053894,81.09977722,59.68531036,5.631095886,-4.816172123,-0.476990342
5.724000272,2.249982357,-1.795776725,-1.273690581,-1.036445975,-0.334676057,0.631406248,-0.441046864,-0.118918553,0.61600697,0.439558327,-0.03687999,0.07208477,-13.35169697,81.04689026,59.49225235,5.488226414,-4.739225864,-0.47693488,-13.35169697,81.04689026,59.49225235,5.488226414,-4.739225864,-0.47693488,-13.35169697,81.04689026,59.49225235,5.488226414,-4.739225864,-0.47693488
5.744000273,2.240689754,-1.798252463,-1.261227965,-1.027683616,-0.335238725,0.63250488,-0.475975424,-0.122197025,0.620311439,0.427813977,-0.025020828,0.046779573,-13.3956461,81.00866699,59.30799866,5.344443798,-4.663601398,-0.476471931,-13.3956461,81.00866699,59.30799866,5.344443798,-4.663601398,-0.476471931,-13.3956461,81.00866699,59.30799866,5.344443798,-4.663601398,-0.476471931
5.764000274,2.230687618,-1.800804496,-1.248669982,-1.019161582,-0.335562974,0.633105695,-0.510731936,-0.125725195,0.624439538,0.415316224,-0.012998457,0.021835739,-13.41982174,81.00965881,59.11309433,5.198813438,-4.588416576,-0.475756466,-13.41982174,81.00965881,59.11309433,5.198813438,-4.588416576,-0.475756466,-13.41982174,81.00965881,59.11309433,5.198813438,-4.588416576,-0.475756466
5.784000275,2.219998837,-1.803432822,-1.23603189,-1.010902762,-0.335644037,0.633210599,-0.545249462,-0.129419953,0.628258109,0.402136534,-0.000769675,-0.002739755,-13.44529724,81.02069092,58.92478561,5.060568333,-4.51396513,-0.474729359,-13.44529724,81.02069092,58.92478561,5.060568333,-4.51396513,-0.474729359,-13.44529724,81.02069092,58.92478561,5.060568333,-4.51396513,-0.474729359
5.804000276,2.208623409,-1.806137443,-1.223317504,-1.002910972,-0.335477144,0.63282913,-0.579533696,-0.133360296,0.631883264,0.388608724,0.011691192,-0.026958119,-13.46774197,81.02819061,58.74088669,4.925086975,-4.441027164,-0.47340259,-13.46774197,81.02819061,58.74088669,4.925086975,-4.441027164,-0.47340259,-13.46774197,81.02819061,58.74088669,4.925086975,-4.441027164,-0.47340259
5.824000277,2.196561337,-1.808918357,-1.210526824,-0.995201468,-0.335057527,0.631968915,-0.613581836,-0.137637109,0.635424078,0.374896824,0.024286186,-0.050820049,-13.48184681,81.02062988,58.55474854,4.794077396,-4.369462013,-0.471819699,-13.48184681,81.02062988,58.55474854,4.794077396,-4.369462013,-0.471819699,-13.48184681,81.02062988,58.55474854,4.794077396,-4.369462013,-0.471819699
5.844000278,2.183812618,-1.811790824,-1.19765985,-0.987770438,-0.33438614,0.630631864,-0.647361577,-0.142295316,0.638900816,0.361153632,0.036951311,-0.07432197,-13.48355007,81.04443359,58.36066437,4.662407875,-4.298525333,-0.4699049,-13.48355007,81.04443359,58.36066437,4.662407875,-4.298525333,-0.4699049,-13.48355007,81.04443359,58.36066437,4.662407875,-4.298525333,-0.4699049
5.864000279,2.170407772,-1.814766288,-1.184720397,-0.980621696,-0.333458215,0.628835142,-0.680798054,-0.147142023,0.642066538,0.346955925,0.049755216,-0.097410277,-13.4992218,81.09818268,58.16379547,4.529374123,-4.228533745,-0.467801958,-13.4992218,81.09818268,58.16379547,4.529374123,-4.228533745,-0.467801958,-13.4992218,81.09818268,58.16379547,4.529374123,-4.228533745,-0.467801958
5.884000279,2.156331539,-1.817837119,-1.171735168,-0.973770499,-0.332271844,0.626580656,-0.713921309,-0.152240187,0.645052373,0.332252651,0.062692165,-0.12007463,-13.49908733,81.15078735,57.98658752,4.400028706,-4.159325123,-0.465465248,-13.49908733,81.15078735,57.98658752,4.400028706,-4.159325123,-0.465465248,-13.49908733,81.15078735,57.98658752,4.400028706,-4.159325123,-0.465465248
5.90400028,2.141599178,-1.821018577,-1.158677459,-0.967222571,-0.330824167,0.623874128,-0.746707082,-0.157583714,0.647903442,0.317086607,0.075839423,-0.142303929,-13.50683784,81.24729156,57.79890442,4.274384975,-4.091812134,-0.462840736,-13.50683784,81.24729156,57.79890442,4.274384975,-4.091812134,-0.462840736,-13.50683784,81.24729156,57.79890442,4.274384975,-4.091812134,-0.462840736
5.924000281,2.12621069,-1.824303031,-1.145570159,-0.960987449,-0.329111367,0.620730817,-0.779080749,-0.163064703,0.65040797,0.30154416,0.089189388,-0.164089665,-13.50951576,81.3470459,57.61980438,4.152455807,-4.025920868,-0.460073411,-13.50951576,81.3470459,57.61980438,4.152455807,-4.025920868,-0.460073411,-13.50951576,81.3470459,57.61980438,4.152455807,-4.025920868,-0.460073411
5.944000282,2.110173702,-1.827709556,-1.132405639,-0.955070853,-0.327126771,0.617158353,-0.811048627,-0.168807283,0.652772784,0.285731047,0.102665827,-0.185434788,-13.49911785,81.47319794,57.44149017,4.034301758,-3.962627888,-0.457128644,-13.49911785,81.47319794,57.44149017,4.034301758,-3.962627888,-0.457128644,-13.49911785,81.47319794,57.44149017,4.034301758,-3.962627888,-0.457128644
5.964000283,2.093503475,-1.831234336,-1.119195342,-0.9494766,-0.324871331,0.613166273,-0.842535019,-0.174652383,0.65478164,0.269526333,0.116277821,-0.206320629,-13.49180412,81.62882996,57.26810074,3.919476986,-3.901711702,-0.454061538,-13.49180412,81.62882996,57.26810074,3.919476986,-3.901711702,-0.454061538,-13.49180412,81.62882996,57.26810074,3.919476986,-3.901711702,-0.454061538
5.984000284,2.076215267,-1.834877372,-1.105943084,-0.944219947,-0.322341233,0.608760297,-0.873549581,-0.180674091,0.656546056,0.253066093,0.129956335,-0.226750836,-13.49368858,81.78865051,57.10351563,3.812203169,-3.843040943,-0.450833142,-13.49368858,81.78865051,57.10351563,3.812203169,-3.843040943,-0.450833142,-13.49368858,81.78865051,57.10351563,3.812203169,-3.843040943,-0.450833142
6.004000285,2.058316708,-1.838646293,-1.092656493,-0.939293265,-0.319536477,0.603953779,-0.904109776,-0.186931789,0.658184528,0.236401722,0.143665299,-0.246724263,-13.50246811,81.97299957,56.95083237,3.70414567,-3.786393404,-0.447456598,-13.50246811,81.97299957,56.95083237,3.70414567,-3.786393404,-0.447456598,-13.50246811,81.97299957,56.95083237,3.70414567,-3.786393404,-0.447456598
6.024000286,2.039807796,-1.842544913,-1.07933557,-0.934709907,-0.316457063,0.598750532,-0.934201419,-0.193439633,0.659784615,0.219382569,0.157425493,-0.266223341,-13.50793934,82.16959381,56.80397797,3.601864338,-3.731547594,-0.443954915,-13.50793934,82.16959381,56.80397797,3.601864338,-3.731547594,-0.443954915,-13.50793934,82.16959381,56.80397797,3.601864338,-3.731547594,-0.443954915
6.044000287,2.020696163,-1.846573234,-1.065980315,-0.930475593,-0.313101083,0.593165815,-0.963776708,-0.200204015,0.6613428,0.202141747,0.171223387,-0.285253435,-13.50884247,82.39619446,56.6541481,3.504923105,-3.67871213,-0.440365493,-13.50884247,82.39619446,56.6541481,3.504923105,-3.67871213,-0.440365493,-13.50884247,82.39619446,56.6541481,3.504923105,-3.67871213,-0.440365493
6.064000288,2.000997066,-1.850746512,-1.052590728,-0.926594138,-0.309467584,0.58720535,-0.992781699,-0.207124636,0.662709177,0.184667408,0.18508774,-0.303806007,-13.51074982,82.66343689,56.50996399,3.411885977,-3.628040552,-0.436641574,-13.51074982,82.66343689,56.50996399,3.411885977,-3.628040552,-0.436641574,-13.51074982,82.66343689,56.50996399,3.411885977,-3.628040552,-0.436641574
6.084000289,1.980723977,-1.85505712,-1.039170623,-0.923071265,-0.305553705,0.580880582,-1.021170497,-0.214163616,0.663856089,0.166998908,0.199034795,-0.32188046,-13.50935555,82.94023132,56.36820984,3.324328661,-3.579969406,-0.432850033,-13.50935555,82.94023132,56.36820984,3.324328661,-3.579969406,-0.432850033,-13.50935555,82.94023132,56.36820984,3.324328661,-3.579969406,-0.432850033
6.10400029,1.959899545,-1.859512687,-1.025739074,-0.919908881,-0.301360399,0.574202955,-1.048953891,-0.221301064,0.664757729,0.149100795,0.213024586,-0.339468807,-13.52288723,83.25797272,56.24543762,3.241439104,-3.534506321,-0.429000944,-13.52288723,83.25797272,56.24543762,3.241439104,-3.534506321,-0.429000944,-13.52288723,83.25797272,56.24543762,3.241439104,-3.534506321,-0.429000944
6.124000291,1.938521981,-1.864113212,-1.012273192,-0.917110801,-0.296886712,0.56717819,-1.076136947,-0.228603378,0.665537119,0.13103725,0.226992473,-0.356578141,-13.54064178,83.58245087,56.11550522,3.162964344,-3.491444826,-0.425065547,-13.54064178,83.58245087,56.11550522,3.162964344,-3.491444826,-0.425065547,-13.54064178,83.58245087,56.11550522,3.162964344,-3.491444826,-0.425065547
6.144000292,1.916606545,-1.868866324,-0.998801768,-0.914682746,-0.292131692,0.559817731,-1.102681279,-0.236019,0.666128755,0.112822987,0.240974993,-0.373205304,-13.5582304,83.94369507,56.00545502,3.088926077,-3.450889349,-0.421076983,-13.5582304,83.94369507,56.00545502,3.088926077,-3.450889349,-0.421076983,-13.5582304,83.94369507,56.00545502,3.088926077,-3.450889349,-0.421076983
6.164000293,1.894168496,-1.873772025,-0.985312998,-0.912622809,-0.287098199,0.552131116,-1.128567696,-0.243529916,0.666565776,0.094325602,0.254971564,-0.389338255,-13.57831478,84.33171844,55.89651489,3.019920588,-3.412695646,-0.417015821,-13.57831478,84.33171844,55.89651489,3.019920588,-3.412695646,-0.417015821,-13.57831478,84.33171844,55.89651489,3.019920588,-3.412695646,-0.417015821
6.184000294,1.871226907,-1.878830314,-0.971812785,-0.910944343,-0.281781465,0.544127882,-1.153793812,-0.251130342,0.666831076,0.075655818,0.268954039,-0.404985964,-13.61006832,84.73660278,55.79726791,2.958652496,-3.377669334,-0.41287899,-13.61006832,84.73660278,55.79726791,2.958652496,-3.377669334,-0.41287899,-13.61006832,84.73660278,55.79726791,2.958652496,-3.377669334,-0.41287899
6.204000295,1.847785592,-1.88404119,-0.958304942,-0.909643531,-0.276187211,0.535815656,-1.178356409,-0.258861125,0.666987062,0.056982927,0.282879889,-0.420159578,-13.64336491,85.15325165,55.70331573,2.901698112,-3.344853878,-0.408662409,-13.64336491,85.15325165,55.70331573,2.901698112,-3.344853878,-0.408662409,-13.64336491,85.15325165,55.70331573,2.901698112,-3.344853878,-0.408662409
6.224000296,1.823863626,-1.889416099,-0.944793284,-0.908724189,-0.270312577,0.527211607,-1.202236533,-0.266721964,0.667067647,0.038255461,0.296741247,-0.4348557,-13.68301582,85.60546875,55.61746597,2.85018611,-3.314965725,-0.404452026,-13.68301582,85.60546875,55.61746597,2.85018611,-3.314965725,-0.404452026,-13.68301582,85.60546875,55.61746597,2.85018611,-3.314965725,-0.404452026
6.244000297,1.799472451,-1.89494741,-0.931270182,-0.908186316,-0.264159471,0.51831764,-1.225402474,-0.274628043,0.666946471,0.019448714,0.310550004,-0.449073672,-13.72268295,86.08001709,55.53166962,2.803593874,-3.287883282,-0.400164247,-13.72268295,86.08001709,55.53166962,2.803593874,-3.287883282,-0.400164247,-13.72268295,86.08001709,55.53166962,2.803593874,-3.287883282,-0.400164247
6.264000298,1.774623513,-1.900638938,-0.917750895,-0.908029914,-0.257729799,0.509149015,-1.247847199,-0.282583207,0.666626632,0.000555073,0.324253559,-0.462810516,-13.7625351,86.56997681,55.45494461,2.761265755,-3.263286114,-0.395856708,-13.7625351,86.56997681,55.45494461,2.761265755,-3.263286114,-0.395856708,-13.7625351,86.56997681,55.45494461,2.761265755,-3.263286114,-0.395856708
6.284000298,1.749335885,-1.906486869,-0.904231608,-0.908258796,-0.251028329,0.499713361,-1.269566655,-0.290686816,0.666289568,-0.018342799,0.337831348,-0.476083726,-13.80226135,87.06286621,55.3828392,2.723984718,-3.240327358,-0.391520739,-13.80226135,87.06286621,55.3828392,2.723984718,-3.240327358,-0.391520739,-13.80226135,87.06286621,55.3828392,2.723984718,-3.240327358,-0.391520739
6.304000299,1.723621011,-1.912510276,-0.890718043,-0.908869147,-0.244053409,0.49001354,-1.290524244,-0.298859715,0.665825844,-0.037371546,0.351322621,-0.488878161,-13.84206009,87.61071777,55.31865692,2.690299273,-3.220253229,-0.387047231,-13.84206009,87.61071777,55.31865692,2.690299273,-3.220253229,-0.387047231,-13.84206009,87.61071777,55.31865692,2.690299273,-3.220253229,-0.387047231
6.3240003,1.697501779,-1.9186939,-0.877214015,-0.909870505,-0.236808822,0.480063856,-1.310686827,-0.307035655,0.665194035,-0.056606896,0.364786923,-0.501184225,-13.88571262,88.1717453,55.26522064,2.664705276,-3.202507019,-0.382514685,-13.88571262,88.1717453,55.26522064,2.664705276,-3.202507019,-0.382514685,-13.88571262,88.1717453,55.26522064,2.664705276,-3.202507019,-0.382514685
6.344000301,1.670985818,-1.925037742,-0.863719523,-0.911259055,-0.229294345,0.469874799,-1.330070734,-0.315288693,0.664482534,-0.075708494,0.378185362,-0.513034105,-13.93121815,88.73365021,55.21529007,2.64452076,-3.187878609,-0.377907693,-13.93121815,88.73365021,55.21529007,2.64452076,-3.187878609,-0.377907693,-13.93121815,88.73365021,55.21529007,2.64452076,-3.187878609,-0.377907693
6.364000302,1.644096017,-1.931557059,-0.850234568,-0.913036704,-0.221511886,0.459455907,-1.348646522,-0.323605269,0.663678229,-0.094707146,0.39147529,-0.524426699,-13.97385025,89.34054565,55.16817856,2.630069017,-3.176213503,-0.373256475,-13.97385025,89.34054565,55.16817856,2.630069017,-3.176213503,-0.373256475,-13.97385025,89.34054565,55.16817856,2.630069017,-3.176213503,-0.373256475
6.384000303,1.61683619,-1.938240409,-0.836766779,-0.915201545,-0.213462874,0.448815763,-1.366382241,-0.331864804,0.662628174,-0.113718972,0.404668212,-0.535351753,-14.01254749,89.96404266,55.13368225,2.620569706,-3.167886019,-0.368538558,-14.01254749,89.96404266,55.13368225,2.620569706,-3.167886019,-0.368538558,-14.01254749,89.96404266,55.13368225,2.620569706,-3.167886019,-0.368538558
6.404000304,1.589236856,-1.94509542,-0.823316157,-0.917753577,-0.205150172,0.437961042,-1.383266926,-0.34014079,0.661466897,-0.13260667,0.417699873,-0.545824528,-14.04894066,90.61057281,55.10612106,2.617452145,-3.162807941,-0.363706589,-14.04894066,90.61057281,55.10612106,2.617452145,-3.162807941,-0.363706589,-14.04894066,90.61057281,55.10612106,2.617452145,-3.162807941,-0.363706589
6.424000305,1.561309457,-1.952118278,-0.809886515,-0.920690894,-0.196578071,0.426904142,-1.399285555,-0.348371655,0.660113811,-0.15133886,0.430567414,-0.555847406,-14.08884907,91.2886734,55.0890274,2.619100094,-3.160700321,-0.35880658,-14.08884907,91.2886734,55.0890274,2.619100094,-3.160700321,-0.35880658,-14.08884907,91.2886734,55.0890274,2.619100094,-3.160700321,-0.35880658
6.444000306,1.533073068,-1.959301353,-0.796479762,-0.924005866,-0.187749431,0.415652692,-1.414447784,-0.356630206,0.658739984,-0.170017183,0.44322139,-0.565417826,-14.12508583,91.95970154,55.0786705,2.623208761,-3.161514282,-0.353814989,-14.12508583,91.95970154,55.0786705,2.623208761,-3.161514282,-0.353814989,-14.12508583,91.95970154,55.0786705,2.623208761,-3.161514282,-0.353814989
6.464000307,1.504546762,-1.966656089,-0.783097804,-0.927702308,-0.178669021,0.404217184,-1.428745031,-0.364914656,0.657346666,-0.188702255,0.455611169,-0.574532986,-14.15854359,92.65576172,55.07406235,2.633137941,-3.164618015,-0.34875378,-14.15854359,92.65576172,55.07406235,2.633137941,-3.164618015,-0.34875378,-14.15854359,92.65576172,55.07406235,2.633137941,-3.164618015,-0.34875378
6.484000308,1.475741982,-1.974174857,-0.769738734,-0.931774497,-0.169341609,0.392604291,-1.442156196,-0.373159468,0.655839205,-0.207317755,0.467779666,-0.583200574,-14.18659115,93.37309265,55.06967545,2.647622824,-3.170196533,-0.343584716,-14.18659115,93.37309265,55.06967545,2.647622824,-3.170196533,-0.343584716,-14.18659115,93.37309265,55.06967545,2.647622824,-3.170196533,-0.343584716
6.504000309,1.446689248,-1.981861472,-0.756406367,-0.936222434,-0.159772918,0.38082546,-1.454687119,-0.381341279,0.654189169,-0.225975677,0.479716778,-0.591412127,-14.22091293,94.11406708,55.07250214,2.666646957,-3.177624226,-0.338347018,-14.22091293,94.11406708,55.07250214,2.666646957,-3.177624226,-0.338347018,-14.22091293,94.11406708,55.07250214,2.666646957,-3.177624226,-0.338347018
6.52400031,1.417380929,-1.989712119,-0.74310261,-0.941049933,-0.149965331,0.368886411,-1.466317773,-0.38944602,0.652365267,-0.244446978,0.491461784,-0.599192679,-14.23133278,94.84867859,55.07831573,2.693183899,-3.187413692,-0.332986325,-14.23133278,94.84867859,55.07831573,2.693183899,-3.187413692,-0.332986325,-14.23133278,94.84867859,55.07831573,2.693183899,-3.187413692,-0.332986325
6.544000311,1.387862802,-1.997722983,-0.729837,-0.946253181,-0.139922664,0.356799543,-1.477025509,-0.397494435,0.650429964,-0.26254949,0.503042459,-0.606562257,-14.24552727,95.59791565,55.09767914,2.726279497,-3.199928284,-0.32754755,-14.24552727,95.59791565,55.09767914,2.726279497,-3.199928284,-0.32754755,-14.24552727,95.59791565,55.09767914,2.726279497,-3.199928284,-0.32754755
6.564000312,1.358142495,-2.005894899,-0.716600001,-0.951818824,-0.12964873,0.344569623,-1.486849785,-0.405546904,0.648504615,-0.280349135,0.514392495,-0.613523006,-14.25414658,96.36164856,55.11534119,2.76027298,-3.215167046,-0.321984589,-14.25414658,96.36164856,55.11534119,2.76027298,-3.215167046,-0.321984589,-14.25414658,96.36164856,55.11534119,2.76027298,-3.215167046,-0.321984589
6.584000313,1.328235269,-2.014218569,-0.703395426,-0.957744956,-0.119150072,0.33220619,-1.495772719,-0.413593292,0.64654249,-0.297867328,0.525423646,-0.620071232,-14.25372601,97.10583496,55.12975311,2.796414614,-3.232413292,-0.31628862,-14.25372601,97.10583496,55.12975311,2.796414614,-3.232413292,-0.31628862,-14.25372601,97.10583496,55.12975311,2.796414614,-3.232413292,-0.31628862
6.604000314,1.298167825,-2.022717714,-0.690228999,-0.964027762,-0.108433396,0.319718778,-1.503793359,-0.421571195,0.644456565,-0.315324843,0.536128581,-0.626190305,-14.24738026,97.9289856,55.14866638,2.836326122,-3.251145124,-0.310511917,-14.24738026,97.9289856,55.14866638,2.836326122,-3.251145124,-0.310511917,-14.24738026,97.9289856,55.14866638,2.836326122,-3.251145124,-0.310511917
6.624000315,1.267951608,-2.031377077,-0.677108347,-0.970665336,-0.097502381,0.307113111,-1.510884047,-0.429262489,0.641924679,-0.332728118,0.546650469,-0.631875992,-14.23162079,98.75887299,55.18357086,2.882565975,-3.272143602,-0.304608434,-14.23162079,98.75887299,55.18357086,2.882565975,-3.272143602,-0.304608434,-14.23162079,98.75887299,55.18357086,2.882565975,-3.272143602,-0.304608434
6.644000316,1.237605691,-2.040189028,-0.664031565,-0.977655768,-0.086361319,0.294401586,-1.517050624,-0.436766058,0.63917619,-0.349924773,0.557005107,-0.637155116,-14.20153522,99.58036041,55.22954178,2.933256149,-3.295778036,-0.298630714,-14.20153522,99.58036041,55.22954178,2.933256149,-3.295778036,-0.298630714,-14.20153522,99.58036041,55.22954178,2.933256149,-3.295778036,-0.298630714
6.664000317,1.207145333,-2.049145937,-0.651006281,-0.984997153,-0.075013787,0.281589925,-1.522318721,-0.44427219,0.636536539,-0.366696388,0.567085683,-0.642061889,-14.15588379,100.3837967,55.28317261,2.990482569,-3.322301149,-0.292533278,-14.15588379,100.3837967,55.28317261,2.990482569,-3.322301149,-0.292533278,-14.15588379,100.3837967,55.28317261,2.990482569,-3.322301149,-0.292533278
6.684000317,1.176589608,-2.058255434,-0.638026774,-0.992674232,-0.063466221,0.268684804,-1.526662946,-0.451747596,0.633991539,-0.383082032,0.57685858,-0.646597147,-14.09033203,101.2105255,55.33831024,3.049158096,-3.351310253,-0.286297619,-14.09033203,101.2105255,55.33831024,3.049158096,-3.351310253,-0.286297619,-14.09033203,101.2105255,55.33831024,3.049158096,-3.351310253,-0.286297619
6.704000318,1.145961404,-2.06750989,-0.625091136,-1.000680923,-0.051726229,0.255693853,-1.530082464,-0.459192574,0.63150847,-0.39919433,0.586184025,-0.650751412,-14.01168823,102.0385818,55.38544083,3.108047485,-3.381982088,-0.279943794,-14.01168823,102.0385818,55.38544083,3.108047485,-3.381982088,-0.279943794,-14.01168823,102.0385818,55.38544083,3.108047485,-3.381982088,-0.279943794
6.724000319,1.115275979,-2.076916933,-0.612205088,-1.009016037,-0.039803036,0.242625177,-1.53255868,-0.466449767,0.628813803,-0.415096164,0.595083892,-0.654515564,-13.91203403,102.8980408,55.43942261,3.172495127,-3.41348505,-0.273474842,-13.91203403,102.8980408,55.43942261,3.172495127,-3.41348505,-0.273474842,-13.91203403,102.8980408,55.43942261,3.172495127,-3.41348505,-0.273474842
6.74400032,1.084552407,-2.086476564,-0.599370539,-1.017671585,-0.027703531,0.229486883,-1.534066439,-0.473404616,0.625748217,-0.430721372,0.603661299,-0.657896757,-13.79479408,103.7911606,55.49806595,3.237465382,-3.446019173,-0.266892731,-13.79479408,103.7911606,55.49806595,3.237465382,-3.446019173,-0.266892731,-13.79479408,103.7911606,55.49806595,3.237465382,-3.446019173,-0.266892731
6.764000321,1.053813577,-2.096173525,-0.586598933,-1.026647568,-0.015433553,0.216286123,-1.534623861,-0.480101377,0.622448623,-0.446039259,0.611968338,-0.660909832,-13.65854454,104.6675034,55.57408905,3.310008764,-3.479839325,-0.260218769,-13.65854454,104.6675034,55.57408905,3.310008764,-3.479839325,-0.260218769,-13.65854454,104.6675034,55.57408905,3.310008764,-3.479839325,-0.260218769
6.784000322,1.023078561,-2.106007814,-0.573888361,-1.035932541,-0.002998109,0.20303005,-1.534242511,-0.486602038,0.619059861,-0.460921288,0.620012999,-0.663576245,-13.50588894,105.549118,55.65592194,3.384387732,-3.515397072,-0.25343135,-13.50588894,105.549118,55.65592194,3.384387732,-3.515397072,-0.25343135,-13.50588894,105.549118,55.65592194,3.384387732,-3.515397072,-0.25343135
6.804000323,0.992364526,-2.115964174,-0.561240733,-1.045511246,0.009596926,0.189725339,-1.532934308,-0.492941856,0.615695417,-0.475482017,0.627744734,-0.665895104,-13.32965755,106.4202423,55.74584198,3.459154129,-3.55270052,-0.246532395,-13.32965755,106.4202423,55.74584198,3.459154129,-3.55270052,-0.246532395,-13.32965755,106.4202423,55.74584198,3.459154129,-3.55270052,-0.246532395
6.824000324,0.96168673,-2.126050234,-0.548650324,-1.055387497,0.022343351,0.176379621,-1.530714631,-0.499276638,0.612619817,-0.489780873,0.63501358,-0.667873502,-13.12670326,107.2767944,55.82632065,3.536480665,-3.590972662,-0.239544809,-13.12670326,107.2767944,55.82632065,3.536480665,-3.590972662,-0.239544809,-13.12670326,107.2767944,55.82632065,3.536480665,-3.590972662,-0.239544809
6.844000325,0.931064248,-2.136265993,-0.536117136,-1.06554985,0.035231598,0.162998617,-1.527562976,-0.505451441,0.609506309,-0.503644228,0.641802967,-0.669521451,-12.89845943,108.1522598,55.90007019,3.614924192,-3.629388809,-0.232456729,-12.89845943,108.1522598,55.90007019,3.614924192,-3.629388809,-0.232456729,-12.89845943,108.1522598,55.90007019,3.614924192,-3.629388809,-0.232456729
6.864000326,0.900519967,-2.146603823,-0.523648798,-1.075994492,0.048252828,0.149589479,-1.523455262,-0.511246562,0.605968058,-0.51705271,0.648173153,-0.670834064,-12.64506626,109.0445404,55.97899246,3.698105812,-3.667614937,-0.225281119,-12.64506626,109.0445404,55.97899246,3.698105812,-3.667614937,-0.225281119,-12.64506626,109.0445404,55.97899246,3.698105812,-3.667614937,-0.225281119
6.884000327,0.870069146,-2.157048464,-0.511243403,-1.086709976,0.061398394,0.136158407,-1.518428206,-0.516864777,0.602383018,-0.529953539,0.65411979,-0.671833098,-12.36482525,109.8602448,56.05733871,3.781823635,-3.705385923,-0.218022183,-12.36482525,109.8602448,56.05733871,3.781823635,-3.705385923,-0.218022183,-12.36482525,109.8602448,56.05733871,3.781823635,-3.705385923,-0.218022183
6.904000328,0.839730859,-2.167615175,-0.498907715,-1.097673416,0.074659854,0.122712076,-1.512485266,-0.522341967,0.598813236,-0.542374074,0.659639299,-0.672522247,-12.05507851,110.7447052,56.13334274,3.860323191,-3.742337465,-0.210691363,-12.05507851,110.7447052,56.13334274,3.860323191,-3.742337465,-0.210691363,-12.05507851,110.7447052,56.13334274,3.860323191,-3.742337465,-0.210691363
6.924000329,0.809527993,-2.178281069,-0.48664251,-1.10890007,0.088029653,0.109256446,-1.505617619,-0.527513862,0.595014989,-0.554620266,0.664781153,-0.672873676,-11.71764851,111.5764389,56.21144485,3.944300413,-3.778503418,-0.203310058,-11.71764851,111.5764389,56.21144485,3.944300413,-3.778503418,-0.203310058,-11.71764851,111.5764389,56.21144485,3.944300413,-3.778503418,-0.203310058
6.94400033,0.779468179,-2.189061403,-0.474445969,-1.12036705,0.101499826,0.095797718,-1.497838855,-0.532535851,0.591235936,-0.566383243,0.669546127,-0.672928095,-11.34413147,112.4165497,56.28322601,4.027868748,-3.813807011,-0.195874855,-11.34413147,112.4165497,56.28322601,4.027868748,-3.813807011,-0.195874855,-11.34413147,112.4165497,56.28322601,4.027868748,-3.813807011,-0.195874855
6.964000331,0.749581933,-2.19993329,-0.462323815,-1.132066727,0.115062505,0.082342565,-1.489138603,-0.53728807,0.587266624,-0.577784061,0.673927665,-0.672674179,-10.94428825,113.2452164,56.35418701,4.110205173,-3.848168373,-0.188415214,-10.94428825,113.2452164,56.35418701,4.110205173,-3.848168373,-0.188415214,-10.94428825,113.2452164,56.35418701,4.110205173,-3.848168373,-0.188415214
6.984000332,0.719878793,-2.210889101,-0.450278908,-1.143995285,0.128710121,0.068896711,-1.479530215,-0.541886985,0.583320677,-0.588842154,0.677899063,-0.672124088,-10.50631714,114.0245285,56.42295074,4.194227219,-3.881455183,-0.180946231,-10.50631714,114.0245285,56.42295074,4.194227219,-3.881455183,-0.180946231,-10.50631714,114.0245285,56.42295074,4.194227219,-3.881455183,-0.180946231
7.004000333,0.690385461,-2.221944094,-0.438309342,-1.156148911,0.142434925,0.055465639,-1.469008803,-0.546230257,0.579177678,-0.599303901,0.681488097,-0.671299696,-10.04201126,114.8312302,56.48684692,4.280677795,-3.913648129,-0.1734723,-10.04201126,114.8312302,56.48684692,4.280677795,-3.913648129,-0.1734723,-10.04201126,114.8312302,56.48684692,4.280677795,-3.913648129,-0.1734723
7.024000334,0.661115289,-2.23308301,-0.426422745,-1.168512344,0.15622887,0.042054474,-1.457577348,-0.550280988,0.574761987,-0.609009743,0.684699833,-0.670218945,-9.544149399,115.6175003,56.55388641,4.366861343,-3.944959164,-0.16599682,-9.544149399,115.6175003,56.55388641,4.366861343,-3.944959164,-0.16599682,-9.544149399,115.6175003,56.55388641,4.366861343,-3.944959164,-0.16599682
7.044000335,0.632083535,-2.24429822,-0.414621025,-1.181066513,0.170084327,0.028668758,-1.445250869,-0.554172099,0.570374906,-0.618332922,0.687474191,-0.668865561,-9.009039879,116.3841705,56.61837006,4.448443413,-3.974971771,-0.15854381,-9.009039879,116.3841705,56.61837006,4.448443413,-3.974971771,-0.15854381,-9.009039879,116.3841705,56.61837006,4.448443413,-3.974971771,-0.15854381
7.064000336,0.603311181,-2.255589724,-0.402903229,-1.193811417,0.183991283,0.015313853,-1.432025075,-0.557871938,0.565962374,-0.627365947,0.689781785,-0.66723752,-8.4395504,117.150444,56.67624664,4.531298161,-4.003120422,-0.151141867,-8.4395504,117.150444,56.67624664,4.531298161,-4.003120422,-0.151141867,-8.4395504,117.150444,56.67624664,4.531298161,-4.003120422,-0.151141867
7.084000336,0.574815392,-2.266957521,-0.391274124,-1.206735611,0.197939724,0.001995107,-1.417892456,-0.561269701,0.561308026,-0.635969877,0.691666245,-0.66534847,-7.835148811,117.9272232,56.73334503,4.613208294,-4.029012203,-0.143809482,-7.835148811,117.9272232,56.73334503,4.613208294,-4.029012203,-0.143809482,-7.835148811,117.9272232,56.73334503,4.613208294,-4.029012203,-0.143809482
7.104000337,0.546615243,-2.278401613,-0.379737526,-1.219835281,0.21192345,-0.011282398,-1.402851582,-0.564257324,0.556239784,-0.644067943,0.69319737,-0.663210213,-7.197167873,118.7290421,56.79585266,4.698562622,-4.053216457,-0.136565462,-7.197167873,118.7290421,56.79585266,4.698562622,-4.053216457,-0.136565462,-7.197167873,118.7290421,56.79585266,4.698562622,-4.053216457,-0.136565462
7.124000338,0.518727899,-2.289883852,-0.368299156,-1.233098984,0.22593531,-0.024514092,-1.386932492,-0.567148626,0.551361918,-0.651620448,0.694368899,-0.66085583,-6.524653435,119.4433289,56.85741043,4.784238338,-4.07608366,-0.129417881,-6.524653435,119.4433289,56.85741043,4.784238338,-4.07608366,-0.129417881,-6.524653435,119.4433289,56.85741043,4.784238338,-4.07608366,-0.129417881
7.144000339,0.491169572,-2.301427126,-0.3569552,-1.246500015,0.239968151,-0.037695844,-1.370122194,-0.569748044,0.54630053,-0.658644974,0.695120156,-0.658280253,-5.817717552,120.1758728,56.91455078,4.861549377,-4.097577095,-0.122380614,-5.817717552,120.1758728,56.91455078,4.861549377,-4.097577095,-0.122380614,-5.817717552,120.1758728,56.91455078,4.861549377,-4.097577095,-0.122380614
7.16400034,0.463961244,-2.313023806,-0.345715195,-1.260046005,0.254010469,-0.050822694,-1.352422595,-0.571976483,0.540976763,-0.665486455,0.695437431,-0.655463934,-5.079622269,120.9404297,56.97750092,4.94426012,-4.116715431,-0.115496777,-5.079622269,120.9404297,56.97750092,4.94426012,-4.116715431,-0.115496777,-5.079622269,120.9404297,56.97750092,4.94426012,-4.116715431,-0.115496777
7.184000341,0.43712008,-2.324658632,-0.334575325,-1.273733139,0.26805523,-0.063891001,-1.333864331,-0.574116588,0.535866439,-0.671688557,0.695362866,-0.652472377,-4.310034275,121.6570511,57.02983475,5.02838707,-4.133813381,-0.108756728,-4.310034275,121.6570511,57.02983475,5.02838707,-4.133813381,-0.108756728,-4.310034275,121.6570511,57.02983475,5.02838707,-4.133813381,-0.108756728
7.204000342,0.410662293,-2.336331606,-0.323544174,-1.287534714,0.282096177,-0.076896735,-1.314428329,-0.575775862,0.53025192,-0.677257478,0.694893539,-0.649292409,-3.509418726,122.3839722,57.09236908,5.108865738,-4.149386883,-0.102183603,-3.509418726,122.3839722,57.09236908,5.108865738,-4.149386883,-0.102183603,-3.509418726,122.3839722,57.09236908,5.108865738,-4.149386883,-0.102183603
7.224000343,0.384604096,-2.348035097,-0.312618881,-1.3014431,0.296121866,-0.089836903,-1.294150472,-0.577358007,0.524913073,-0.682327032,0.694007397,-0.645949841,-2.677015066,123.0813904,57.14289856,5.18842268,-4.162268639,-0.095782407,-2.677015066,123.0813904,57.14289856,5.18842268,-4.162268639,-0.095782407,-2.677015066,123.0813904,57.14289856,5.18842268,-4.162268639,-0.095782407
7.244000344,0.358963609,-2.359784365,-0.301805168,-1.315458298,0.310126573,-0.102707453,-1.27300477,-0.5783481,0.518892288,-0.686920822,0.692713559,-0.642423451,-1.816101074,123.8570251,57.20057297,5.268571854,-4.173496723,-0.089589156,-1.816101074,123.8570251,57.20057297,5.268571854,-4.173496723,-0.089589156,-1.816101074,123.8570251,57.20057297,5.268571854,-4.173496723,-0.089589156
7.264000345,0.333757997,-2.371533632,-0.291114479,-1.329553604,0.324101716,-0.115505762,-1.251025915,-0.579038441,0.5128178,-0.691109538,0.691072702,-0.638744533,-0.928667784,124.5384903,57.26893997,5.345059395,-4.182907104,-0.083604708,-0.928667784,124.5384903,57.26893997,5.345059395,-4.182907104,-0.083604708,-0.928667784,124.5384903,57.26893997,5.345059395,-4.182907104,-0.083604708
7.284000346,0.309002519,-2.3832829,-0.280536324,-1.343725204,0.338039666,-0.128228262,-1.228240967,-0.579743326,0.507281005,-0.695098877,0.689016938,-0.634928524,-0.013182163,125.1794586,57.31971359,5.421153069,-4.190119743,-0.077851117,-0.013182163,125.1794586,57.31971359,5.421153069,-4.190119743,-0.077851117,-0.013182163,125.1794586,57.31971359,5.421153069,-4.190119743,-0.077851117
7.304000347,0.284715295,-2.395047426,-0.270066887,-1.357973099,0.35193184,-0.140873507,-1.204644561,-0.580290198,0.501806676,-0.698490202,0.686431348,-0.630999863,0.926644802,125.8557281,57.34803009,5.499423981,-4.194757462,-0.07231281,0.926644802,125.8557281,57.34803009,5.499423981,-4.194757462,-0.07231281,0.926644802,125.8557281,57.34803009,5.499423981,-4.194757462,-0.07231281
7.324000348,0.260909677,-2.406827211,-0.25971666,-1.372289658,0.365763932,-0.153438643,-1.180226445,-0.580233514,0.495496809,-0.700851738,0.683388114,-0.626974761,1.890231371,126.5524597,57.3830452,5.579828262,-4.195585728,-0.067020841,1.890231371,126.5524597,57.3830452,5.579828262,-4.195585728,-0.067020841,1.890231371,126.5524597,57.3830452,5.579828262,-4.195585728,-0.067020841
7.344000349,0.237605035,-2.418591738,-0.249498755,-1.386640549,0.379534036,-0.165921763,-1.155017972,-0.579820037,0.488933831,-0.702592313,0.680045605,-0.622855127,2.874275446,127.1886978,57.42839432,5.650493622,-4.194252491,-0.061961614,2.874275446,127.1886978,57.42839432,5.650493622,-4.194252491,-0.061961614,2.874275446,127.1886978,57.42839432,5.650493622,-4.194252491,-0.061961614
7.36400035,0.21481508,-2.430341005,-0.239404589,-1.401025772,0.393230706,-0.178321913,-1.129048228,-0.579367816,0.482749611,-0.704099536,0.676384032,-0.618644834,3.877944231,127.8200226,57.45595932,5.720555782,-4.189997673,-0.057156175,3.877944231,127.8200226,57.45595932,5.720555782,-4.189997673,-0.057156175,3.877944231,127.8200226,57.45595932,5.720555782,-4.189997673,-0.057156175
7.384000351,0.192556322,-2.442090273,-0.229439646,-1.415437698,0.406851083,-0.190637186,-1.102307081,-0.578486562,0.476142883,-0.705169022,0.672394574,-0.614345074,4.898361206,128.5028381,57.48138428,5.78971529,-4.183728218,-0.052605566,4.898361206,128.5028381,57.48138428,5.78971529,-4.183728218,-0.052605566,4.898361206,128.5028381,57.48138428,5.78971529,-4.183728218,-0.052605566
7.404000352,0.170842111,-2.453816652,-0.219616324,-1.429864883,0.420387536,-0.202864721,-1.074803352,-0.577021658,0.468876243,-0.70582515,0.668134153,-0.609964132,5.934444427,129.1869965,57.52200699,5.859639168,-4.175827503,-0.048340566,5.934444427,129.1869965,57.52200699,5.859639168,-4.175827503,-0.048340566,5.934444427,129.1869965,57.52200699,5.859639168,-4.175827503,-0.048340566
7.424000353,0.149689138,-2.465504885,-0.20993939,-1.444299698,0.433836251,-0.215004995,-1.046572089,-0.575347424,0.461716235,-0.706071675,0.663667202,-0.605547309,6.982557297,129.7994385,57.56950378,5.929724216,-4.167509079,-0.044341475,6.982557297,129.7994385,57.56950378,5.929724216,-4.167509079,-0.044341475,6.982557297,129.7994385,57.56950378,5.929724216,-4.167509079,-0.044341475
7.444000354,0.129110754,-2.4771626,-0.200404078,-1.458734512,0.447190553,-0.227056101,-1.017624974,-0.573500037,0.454687476,-0.705821335,0.658868015,-0.601114333,8.041582108,130.4722595,57.6074295,6.000991344,-4.158261299,-0.040606078,8.041582108,130.4722595,57.6074295,6.000991344,-4.158261299,-0.040606078,8.041582108,130.4722595,57.6074295,6.000991344,-4.158261299,-0.040606078
7.464000355,0.109120548,-2.488774538,-0.191013247,-1.473150253,0.460442811,-0.239019468,-0.987971485,-0.571381509,0.447589308,-0.705036104,0.653692126,-0.596675277,9.109079361,131.0911407,57.64380264,6.070350647,-4.148030281,-0.037120424,9.109079361,131.0911407,57.64380264,6.070350647,-4.148030281,-0.037120424,9.109079361,131.0911407,57.64380264,6.070350647,-4.148030281,-0.037120424
7.484000355,0.089734018,-2.5003407,-0.181767851,-1.487543106,0.473584443,-0.250893652,-0.957623601,-0.568945348,0.440271139,-0.703541577,0.648056507,-0.592248201,10.18107891,131.7483063,57.67353821,6.138194084,-4.136140823,-0.03388153,10.18107891,131.7483063,57.67353821,6.138194084,-4.136140823,-0.03388153,10.18107891,131.7483063,57.67353821,6.138194084,-4.136140823,-0.03388153
7.504000356,0.0709638,-2.511845827,-0.172672182,-1.501893997,0.486606866,-0.26267916,-0.926601171,-0.566245496,0.432859361,-0.701586843,0.641975284,-0.587832272,11.25580502,132.3758698,57.69984818,6.201450348,-4.122231483,-0.030897358,11.25580502,132.3758698,57.69984818,6.201450348,-4.122231483,-0.030897358,11.25580502,132.3758698,57.69984818,6.201450348,-4.122231483,-0.030897358
7.524000357,0.052823365,-2.523305178,-0.163731962,-1.516202927,0.499500543,-0.274377882,-0.894919574,-0.563185811,0.425165415,-0.699200153,0.635520458,-0.583431065,12.33017921,133.0244598,57.72705841,6.265944004,-4.105873585,-0.028134387,12.33017921,133.0244598,57.72705841,6.265944004,-4.105873585,-0.028134387,12.33017921,133.0244598,57.72705841,6.265944004,-4.105873585,-0.028134387
7.544000358,0.035325944,-2.534688234,-0.15495339,-1.530450821,0.512258768,-0.285988867,-0.862600625,-0.559742093,0.417157829,-0.696288049,0.628801405,-0.579063475,13.40083504,133.6573944,57.75917053,6.328258514,-4.087495327,-0.025587434,13.40083504,133.6573944,57.75917053,6.328258514,-4.087495327,-0.025587434,13.40083504,133.6573944,57.75917053,6.328258514,-4.087495327,-0.025587434
7.564000359,0.018483579,-2.546002626,-0.146339327,-1.54463768,0.524881601,-0.297513068,-0.82966888,-0.555993259,0.408994883,-0.692856908,0.621876895,-0.574748874,14.46548939,134.3082123,57.79319763,6.389608383,-4.068553925,-0.023268048,14.46548939,134.3082123,57.79319763,6.389608383,-4.068553925,-0.023268048,14.46548939,134.3082123,57.79319763,6.389608383,-4.068553925,-0.023268048
7.58400036,0.002308264,-2.557233095,-0.137892634,-1.558740616,0.537357569,-0.308952391,-0.796149313,-0.552022576,0.400846958,-0.688955009,0.614782691,-0.570501566,15.52140999,134.9459229,57.82566452,6.449576855,-4.048149586,-0.021148333,15.52140999,134.9459229,57.82566452,6.449576855,-4.048149586,-0.021148333,15.52140999,134.9459229,57.82566452,6.449576855,-4.048149586,-0.021148333
7.604000361,-0.013188458,-2.568379641,-0.129615217,-1.572755814,0.549690485,-0.320307791,-0.762054324,-0.547706008,0.392463952,-0.68470788,0.607386112,-0.566313267,16.56548309,135.620285,57.85785675,6.506388664,-4.028910637,-0.019196909,16.56548309,135.620285,57.85785675,6.506388664,-4.028910637,-0.019196909,16.56548309,135.620285,57.85785675,6.506388664,-4.028910637,-0.019196909
7.624000362,-0.027995266,-2.579434633,-0.121511698,-1.586679459,0.561866999,-0.331580222,-0.727409124,-0.543084264,0.383893937,-0.679917693,0.599673629,-0.562210441,17.59461403,136.2669678,57.89126205,6.565782547,-4.008852482,-0.017414868,17.59461403,136.2669678,57.89126205,6.565782547,-4.008852482,-0.017414868,17.59461403,136.2669678,57.89126205,6.565782547,-4.008852482,-0.017414868
7.644000363,-0.042101555,-2.590390444,-0.113585472,-1.600500107,0.573881388,-0.34277159,-0.692240059,-0.538177431,0.375182569,-0.674659491,0.591702521,-0.55819881,18.60604668,136.9113922,57.92561722,6.622989178,-3.987350941,-0.015793804,18.60604668,136.9113922,57.92561722,6.622989178,-3.987350941,-0.015793804,18.60604668,136.9113922,57.92561722,6.622989178,-3.987350941,-0.015793804
7.664000364,-0.055497102,-2.601239443,-0.105841398,-1.614198685,0.585733652,-0.353884757,-0.656572282,-0.532977819,0.366285503,-0.668735862,0.583451986,-0.554297805,19.59696198,137.5822601,57.96216202,6.677841187,-3.966739893,-0.014281144,19.59696198,137.5822601,57.96216202,6.677841187,-3.966739893,-0.014281144,19.59696198,137.5822601,57.96216202,6.677841187,-3.966739893,-0.014281144
7.684000365,-0.068172388,-2.61198163,-0.09828186,-1.627771378,0.597414255,-0.364920676,-0.620430708,-0.527489364,0.357226193,-0.662319779,0.5749017,-0.550502896,20.56467819,138.2436218,57.99929047,6.728536606,-3.945518017,-0.012877196,20.56467819,138.2436218,57.99929047,6.728536606,-3.945518017,-0.012877196,20.56467819,138.2436218,57.99929047,6.728536606,-3.945518017,-0.012877196
7.704000366,-0.080119066,-2.622609377,-0.090912104,-1.641202927,0.608917475,-0.375883162,-0.583840847,-0.521647513,0.347907245,-0.655564725,0.566097021,-0.546807706,21.50704384,138.9454041,58.0411644,6.776896,-3.923737288,-0.011541331,21.50704384,138.9454041,58.0411644,6.776896,-3.923737288,-0.011541331,21.50704384,138.9454041,58.0411644,6.776896,-3.923737288,-0.011541331
7.724000367,-0.091327123,-2.633107424,-0.083734751,-1.654489517,0.620237589,-0.386774123,-0.546834171,-0.515576005,0.338574558,-0.64854008,0.557028174,-0.543219745,22.42041016,139.6002045,58.08312988,6.82446909,-3.901766062,-0.010272431,22.42041016,139.6002045,58.08312988,6.82446909,-3.901766062,-0.010272431,22.42041016,139.6002045,58.08312988,6.82446909,-3.901766062,-0.010272431
7.744000368,-0.101789407,-2.6434834,-0.076754093,-1.66762352,0.631366968,-0.397594512,-0.509439945,-0.509141207,0.328943193,-0.641024709,0.547781706,-0.539748669,23.30324173,140.3170929,58.12880707,6.870257378,-3.87876606,-0.009037247,23.30324173,140.3170929,58.12880707,6.870257378,-3.87876606,-0.009037247,23.30324173,140.3170929,58.12880707,6.870257378,-3.87876606,-0.009037247
7.764000369,-0.111498766,-2.653729677,-0.069975615,-1.680597305,0.642309427,-0.408346236,-0.471689075,-0.502313733,0.318992436,-0.633093417,0.53840965,-0.536394894,24.15304565,141.054306,58.18358994,6.915188789,-3.857137918,-0.007853436,24.15304565,141.054306,58.18358994,6.915188789,-3.857137918,-0.007853436,24.15304565,141.054306,58.18358994,6.915188789,-3.857137918,-0.007853436
7.78400037,-0.120447569,-2.663823366,-0.063404799,-1.693403244,0.653061152,-0.41903311,-0.433616102,-0.495210856,0.308948785,-0.624600768,0.528870583,-0.533179998,24.96720886,141.7534637,58.2455368,6.960899353,-3.836982965,-0.006670135,24.96720886,141.7534637,58.2455368,6.960899353,-3.836982965,-0.006670135,24.96720886,141.7534637,58.2455368,6.960899353,-3.836982965,-0.006670135
7.804000371,-0.128630579,-2.673764467,-0.057039421,-1.706029892,0.663612604,-0.429657996,-0.395254523,-0.487970918,0.299057841,-0.615576327,0.519077837,-0.530107379,25.74479675,142.4526672,58.30265427,7.003903866,-3.81719017,-0.005429936,25.74479675,142.4526672,58.30265427,7.003903866,-3.81719017,-0.005429936,25.74479675,142.4526672,58.30265427,7.003903866,-3.81719017,-0.005429936
7.824000372,-0.136042058,-2.68355298,-0.050879281,-1.718458176,0.673963785,-0.440223753,-0.356633514,-0.480489314,0.289089531,-0.606075108,0.509028614,-0.527160764,26.48327446,143.1691589,58.35372543,7.039037704,-3.797837734,-0.004142395,26.48327446,143.1691589,58.35372543,7.039037704,-3.797837734,-0.004142395,26.48327446,143.1691589,58.35372543,7.039037704,-3.797837734,-0.004142395
7.844000373,-0.142677724,-2.693188906,-0.044930141,-1.73069191,0.684107065,-0.450732291,-0.317779541,-0.472615302,0.278729677,-0.596113086,0.498641729,-0.524324954,27.18169403,143.9143829,58.40719604,7.072659492,-3.778662682,-0.002789292,27.18169403,143.9143829,58.40719604,7.072659492,-3.778662682,-0.002789292,27.18169403,143.9143829,58.40719604,7.072659492,-3.778662682,-0.002789292
7.864000374,-0.148532331,-2.702672243,-0.039202373,-1.742708206,0.694032907,-0.461184561,-0.278726757,-0.46424228,0.267828107,-0.585802436,0.48803094,-0.521589339,27.83764648,144.7030487,58.47469711,7.099778175,-3.758578777,-0.001377761,27.83764648,144.7030487,58.47469711,7.099778175,-3.758578777,-0.001377761,27.83764648,144.7030487,58.47469711,7.099778175,-3.758578777,-0.001377761
7.884000374,-0.153603971,-2.711972475,-0.033704918,-1.754514694,0.703747034,-0.471583426,-0.239513442,-0.455435663,0.256632447,-0.575455189,0.477340698,-0.518946528,28.45171547,145.4380188,58.5610733,7.126513958,-3.739552975,9.86E-05,28.45171547,145.4380188,58.5610733,7.126513958,-3.739552975,9.86E-05,28.45171547,145.4380188,58.5610733,7.126513958,-3.739552975,9.86E-05
7.904000375,-0.15788883,-2.721081972,-0.028431492,-1.766103745,0.713238001,-0.481931746,-0.200189248,-0.446668744,0.246016622,-0.564813793,0.466618061,-0.516435266,29.02200699,146.1824799,58.6367836,7.155347824,-3.720729828,0.00169774,29.02200699,146.1824799,58.6367836,7.155347824,-3.720729828,0.00169774,29.02200699,146.1824799,58.6367836,7.155347824,-3.720729828,0.00169774
7.924000376,-0.161385953,-2.730031252,-0.023380177,-1.777463913,0.722515345,-0.492231429,-0.160778299,-0.437558919,0.235145912,-0.553535938,0.455768079,-0.514040112,29.54877663,146.995636,58.70783615,7.179135323,-3.703997612,0.003427532,29.54877663,146.995636,58.70783615,7.179135323,-3.703997612,0.003427532,29.54877663,146.995636,58.70783615,7.179135323,-3.703997612,0.003427532
7.944000377,-0.164092958,-2.738766909,-0.018561618,-1.788591385,0.731565714,-0.502483428,-0.121309265,-0.427997947,0.223857328,-0.541813254,0.44475168,-0.511739135,30.0308609,147.7293701,58.79055023,7.200980186,-3.687465191,0.00528827,30.0308609,147.7293701,58.79055023,7.200980186,-3.687465191,0.00528827,30.0308609,147.7293701,58.79055023,7.200980186,-3.687465191,0.00528827
7.964000378,-0.166009367,-2.74731946,-0.013973968,-1.799474716,0.740392923,-0.51268965,-0.081825905,-0.41829288,0.212711379,-0.529571235,0.433585286,-0.509546578,30.46815681,148.4971771,58.86590958,7.219939709,-3.672373772,0.007257843,30.46815681,148.4971771,58.86590958,7.219939709,-3.672373772,0.007257843,30.46815681,148.4971771,58.86590958,7.219939709,-3.672373772,0.007257843
7.984000379,-0.16713661,-2.755658388,-0.009619193,-1.810098648,0.748991251,-0.522855818,-0.042355999,-0.40834415,0.201498032,-0.516904116,0.422194421,-0.507438064,30.86152077,149.2520447,58.93607712,7.230277538,-3.657636881,0.009425873,30.86152077,149.2520447,58.93607712,7.230277538,-3.657636881,0.009425873,30.86152077,149.2520447,58.93607712,7.230277538,-3.657636881,0.009425873
8.00400038,-0.167473733,-2.763791323,-0.005500442,-1.820459366,0.757354975,-0.532981932,-0.002927375,-0.398035645,0.18999207,-0.504030943,0.410564631,-0.505381763,31.21033478,150.0052032,59.00550842,7.234949589,-3.642220259,0.0117642,31.21033478,150.0052032,59.00550842,7.234949589,-3.642220259,0.0117642,31.21033478,150.0052032,59.00550842,7.234949589,-3.642220259,0.0117642
8.024000381,-0.167022645,-2.771725893,-0.001623126,-1.830553055,0.765476465,-0.543066084,0.036421224,-0.387402147,0.17827712,-0.491053402,0.39883706,-0.503366113,31.51486015,150.7782593,59.0758667,7.235962391,-3.625699997,0.014224121,31.51486015,150.7782593,59.0758667,7.235962391,-3.625699997,0.014224121,31.51486015,150.7782593,59.0758667,7.235962391,-3.625699997,0.014224121
8.044000382,-0.16578573,-2.779431581,0.002006516,-1.840379715,0.773361444,-0.55311209,0.075655602,-0.376395792,0.16628848,-0.477997392,0.387124568,-0.501382232,31.77622414,151.5294952,59.15211105,7.236459255,-3.609376192,0.01684683,31.77622414,151.5294952,59.15211105,7.236459255,-3.609376192,0.01684683,31.77622414,151.5294952,59.15211105,7.236459255,-3.609376192,0.01684683
8.064000383,-0.163765371,-2.786908388,0.005388368,-1.849935532,0.78101182,-0.563118041,0.114737548,-0.365219921,0.154381186,-0.464612186,0.375453562,-0.499445796,31.99571991,152.2628784,59.2243042,7.235624313,-3.595221043,0.019599045,31.99571991,152.2628784,59.2243042,7.235624313,-3.595221043,0.019599045,31.99571991,152.2628784,59.2243042,7.235624313,-3.595221043,0.019599045
8.084000384,-0.160965383,-2.794156313,0.008522678,-1.859209061,0.788421869,-0.573085845,0.15363951,-0.353841126,0.142430261,-0.450722992,0.36373508,-0.497553945,32.17480469,152.9985504,59.2899971,7.229001045,-3.580756187,0.022499161,32.17480469,152.9985504,59.2899971,7.229001045,-3.580756187,0.022499161,32.17480469,152.9985504,59.2899971,7.229001045,-3.580756187,0.022499161
8.104000385,-0.157389104,-2.801167727,0.011405904,-1.868196487,0.795595407,-0.583017409,0.192336693,-0.342157066,0.130243316,-0.436556995,0.351962149,-0.495675206,32.3130722,153.74617,59.3532486,7.220804214,-3.568095446,0.025552735,32.3130722,153.74617,59.3532486,7.220804214,-3.568095446,0.025552735,32.3130722,153.74617,59.3532486,7.220804214,-3.568095446,0.025552735
8.124000386,-0.15304178,-2.807942629,0.014035512,-1.876886368,0.80252862,-0.592910826,0.230798796,-0.330285937,0.118019648,-0.422058582,0.340104163,-0.493809372,32.4131279,154.4731598,59.41112518,7.20528698,-3.555341244,0.028723691,32.4131279,154.4731598,59.41112518,7.20528698,-3.555341244,0.028723691,32.4131279,154.4731598,59.41112518,7.20528698,-3.555341244,0.028723691
8.144000387,-0.147927225,-2.814473391,0.016407255,-1.885282516,0.809217691,-0.602766097,0.269003689,-0.318084985,0.105488367,-0.407377541,0.328156114,-0.491933107,32.47551727,155.1864471,59.46939468,7.187851429,-3.542582035,0.031995576,32.47551727,155.1864471,59.46939468,7.187851429,-3.542582035,0.031995576,32.47551727,155.1864471,59.46939468,7.187851429,-3.542582035,0.031995576
8.164000388,-0.142052114,-2.820744753,0.018518154,-1.893377304,0.815668344,-0.61258322,0.306919426,-0.305720001,0.092964016,-0.392487973,0.316176236,-0.490051001,32.50207901,155.8522797,59.52523422,7.166791439,-3.531001329,0.035364971,32.50207901,155.8522797,59.52523422,7.166791439,-3.531001329,0.035364971,32.50207901,155.8522797,59.52523422,7.166791439,-3.531001329,0.035364971
8.184000389,-0.13542217,-2.826771975,0.020367447,-1.901159286,0.821871042,-0.622362196,0.344525546,-0.293099105,0.080256976,-0.377512008,0.304154068,-0.488143504,32.4940033,156.5796967,59.57582474,7.139086723,-3.518126726,0.03882046,32.4940033,156.5796967,59.57582474,7.139086723,-3.518126726,0.03882046,32.4940033,156.5796967,59.57582474,7.139086723,-3.518126726,0.03882046
8.20400039,-0.128044546,-2.832532167,0.021953586,-1.908636093,0.827833414,-0.632103026,0.381793231,-0.280398995,0.067699425,-0.362499028,0.292178392,-0.486210972,32.45462036,157.241745,59.61725616,7.111239433,-3.505647182,0.042361394,32.45462036,157.241745,59.61725616,7.111239433,-3.505647182,0.042361394,32.45462036,157.241745,59.61725616,7.111239433,-3.505647182,0.042361394
8.224000391,-0.119925201,-2.838025331,0.023272935,-1.915800095,0.833551645,-0.641805708,0.418705195,-0.267338663,0.054700144,-0.347273409,0.280250818,-0.484238565,32.38327408,157.8967133,59.6596489,7.079606056,-3.49338007,0.045979571,32.38327408,157.8967133,59.6596489,7.079606056,-3.49338007,0.045979571,32.38327408,157.8967133,59.6596489,7.079606056,-3.49338007,0.045979571
8.244000392,-0.111072004,-2.843259096,0.024323944,-1.92265892,0.839027643,-0.651468337,0.455233425,-0.254223645,0.041831449,-0.331807911,0.268399894,-0.482237875,32.28277588,158.5510864,59.69265747,7.049759865,-3.481216669,0.049654614,32.28277588,158.5510864,59.69265747,7.049759865,-3.481216669,0.049654614,32.28277588,158.5510864,59.69265747,7.049759865,-3.481216669,0.049654614
8.264000393,-0.101493061,-2.848218203,0.02510101,-1.929193497,0.84426713,-0.661087096,0.491362453,-0.240743399,0.02846713,-0.315907508,0.25665918,-0.480199188,32.15503311,159.1993713,59.73106003,7.013721943,-3.469929934,0.053358667,32.15503311,159.1993713,59.73106003,7.013721943,-3.469929934,0.053358667,32.15503311,159.1993713,59.73106003,7.013721943,-3.469929934,0.053358667
8.284000393,-0.091196239,-2.85291028,0.025603358,-1.935403824,0.849268198,-0.670663893,0.527073979,-0.227239341,0.015323503,-0.300075144,0.245003864,-0.478114009,32.00114059,159.8503265,59.76113892,6.972947121,-3.459107637,0.057063945,32.00114059,159.8503265,59.76113892,6.972947121,-3.459107637,0.057063945,32.00114059,159.8503265,59.76113892,6.972947121,-3.459107637,0.057063945
8.304000394,-0.080190361,-2.85732007,0.02582467,-1.941286087,0.85403657,-0.680200636,0.562360704,-0.213314623,0.0016292,-0.284211397,0.233377784,-0.475963742,31.82298851,160.4868927,59.80173111,6.929789543,-3.450027227,0.060827889,31.82298851,160.4868927,59.80173111,6.929789543,-3.450027227,0.060827889,31.82298851,160.4868927,59.80173111,6.929789543,-3.450027227,0.060827889
8.324000395,-0.068484008,-2.861439943,0.025764231,-1.946855545,0.858570337,-0.689695418,0.59720099,-0.199344754,-0.011854575,-0.268419147,0.221826211,-0.473760694,31.62178802,161.0914764,59.83834839,6.890312672,-3.44088006,0.06463439,31.62178802,161.0914764,59.83834839,6.890312672,-3.44088006,0.06463439,31.62178802,161.0914764,59.83834839,6.890312672,-3.44088006,0.06463439
8.344000396,-0.056086734,-2.865269899,0.025428478,-1.952093124,0.862869501,-0.699140608,0.631573677,-0.185483232,-0.02491523,-0.252384752,0.21038343,-0.471521556,31.39966965,161.6580505,59.85699463,6.847243309,-3.431791067,0.068420507,31.39966965,161.6580505,59.85699463,6.847243309,-3.431791067,0.068420507,31.39966965,161.6580505,59.85699463,6.847243309,-3.431791067,0.068420507
8.364000397,-0.043007448,-2.868832827,0.024815504,-1.957006454,0.866939783,-0.708543837,0.665478528,-0.171236664,-0.038570035,-0.236116588,0.198959216,-0.469212353,31.15735054,162.3214569,59.87137222,6.801425457,-3.423258305,0.072241619,31.15735054,162.3214569,59.87137222,6.801425457,-3.423258305,0.072241619,31.15735054,162.3214569,59.87137222,6.801425457,-3.423258305,0.072241619
8.384000398,-0.029255848,-2.872098207,0.023909632,-1.961580276,0.870781183,-0.717899382,0.698904455,-0.156575739,-0.052775607,-0.219826624,0.187637314,-0.466824442,30.89583397,162.9267578,59.90498352,6.751112461,-3.414839506,0.076080739,30.89583397,162.9267578,59.90498352,6.751112461,-3.414839506,0.076080739,30.89583397,162.9267578,59.90498352,6.751112461,-3.414839506,0.076080739
8.404000399,-0.014841836,-2.875058413,0.02271289,-1.965829849,0.874393702,-0.727207243,0.731831908,-0.141932309,-0.066629283,-0.203724548,0.17653209,-0.464371741,30.61674881,163.4927673,59.93563461,6.704555035,-3.406257153,0.079904571,30.61674881,163.4927673,59.93563461,6.704555035,-3.406257153,0.079904571,30.61674881,163.4927673,59.93563461,6.704555035,-3.406257153,0.079904571
8.4240004,0.000224537,-2.877713442,0.021233205,-1.969747543,0.87778306,-0.736463606,0.764247894,-0.127350628,-0.080106594,-0.187651023,0.165674135,-0.461856574,30.32120514,164.0350647,59.95008469,6.655299187,-3.398327589,0.083735488,30.32120514,164.0350647,59.95008469,6.655299187,-3.398327589,0.083735488,30.32120514,164.0350647,59.95008469,6.655299187,-3.398327589,0.083735488
8.444000401,0.015932897,-2.880070925,0.019474629,-1.973333359,0.880953074,-0.745670378,0.796145082,-0.112739176,-0.093489885,-0.171417803,0.155009195,-0.459273338,30.01020241,164.5890503,59.9464035,6.605971336,-3.390482664,0.08759515,30.01020241,164.5890503,59.9464035,6.605971336,-3.390482664,0.08759515,30.01020241,164.5890503,59.9464035,6.605971336,-3.390482664,0.08759515
8.464000402,0.032272853,-2.882138491,0.017428998,-1.97659111,0.883909464,-0.754823744,0.827525139,-0.097710848,-0.107570849,-0.154939875,0.144456357,-0.456599176,29.68430328,165.1641693,59.94670868,6.556308746,-3.3834126,0.091411009,29.68430328,165.1641693,59.94670868,6.556308746,-3.3834126,0.091411009,29.68430328,165.1641693,59.94670868,6.556308746,-3.3834126,0.091411009
8.484000403,0.04923407,-2.883893251,0.015088473,-1.979516983,0.886656046,-0.763921797,0.85837692,-0.082540303,-0.121737301,-0.138519168,0.134085596,-0.45383659,29.34400177,165.6952209,59.95196152,6.504246235,-3.377358675,0.095241316,29.34400177,165.6952209,59.95196152,6.504246235,-3.377358675,0.095241316,29.34400177,165.6952209,59.95196152,6.504246235,-3.377358675,0.095241316
8.504000404,0.06680581,-2.885342836,0.012454126,-1.982103348,0.889194727,-0.77296263,0.888694048,-0.067287125,-0.135859326,-0.122222289,0.123887584,-0.450983316,28.9899044,166.2286377,59.95566559,6.450704575,-3.371771812,0.099057108,28.9899044,166.2286377,59.95566559,6.450704575,-3.371771812,0.099057108,28.9899044,166.2286377,59.95566559,6.450704575,-3.371771812,0.099057108
8.524000405,0.084976882,-2.886487246,0.00952575,-1.984357834,0.891529322,-0.781946242,0.918471396,-0.05189639,-0.150026098,-0.106139049,0.113904305,-0.448029667,28.62289429,166.7681122,59.95881271,6.39786005,-3.366190672,0.102887407,28.62289429,166.7681122,59.95881271,6.39786005,-3.366190672,0.102887407,28.62289429,166.7681122,59.95881271,6.39786005,-3.366190672,0.102887407
8.544000406,0.103737086,-2.88731885,0.006301818,-1.986284256,0.89365983,-0.790868819,0.947699547,-0.036371622,-0.164225847,-0.090138398,0.104224883,-0.444978297,28.24215698,167.2899017,59.96331024,6.344646454,-3.36078167,0.106738046,28.24215698,167.2899017,59.96331024,6.344646454,-3.36078167,0.106738046,28.24215698,167.2899017,59.96331024,6.344646454,-3.36078167,0.106738046
8.564000407,0.123074979,-2.887830019,0.002785218,-1.987886429,0.895599604,-0.799728453,0.976372063,-0.020815609,-0.178261101,-0.074306756,0.094844729,-0.441826493,27.84902954,167.7785492,59.96061325,6.296993256,-3.356791973,0.110558681,27.84902954,167.7785492,59.96061325,6.296993256,-3.356791973,0.110558681,27.84902954,167.7785492,59.96061325,6.296993256,-3.356791973,0.110558681
8.584000408,0.142978877,-2.888020754,-0.001021346,-1.989168167,0.897358179,-0.808525145,1.004483461,-0.005261752,-0.192140102,-0.058354426,0.085693844,-0.438581735,27.44342041,168.2411957,59.94845963,6.250213623,-3.355133295,0.114421636,27.44342041,168.2411957,59.94845963,6.250213623,-3.355133295,0.114421636,27.44342041,168.2411957,59.94845963,6.250213623,-3.355133295,0.114421636
8.604000409,0.163439006,-2.887883425,-0.005115167,-1.990118027,0.898927927,-0.817253172,1.032031894,0.010273016,-0.205890164,-0.042292826,0.076649658,-0.435231328,27.02396774,168.686554,59.92276382,6.201776028,-3.353106737,0.1183066,27.02396774,168.686554,59.92276382,6.201776028,-3.353106737,0.1183066,27.02396774,168.686554,59.92276382,6.201776028,-3.353106737,0.1183066
8.62400041,0.184442729,-2.887425661,-0.009491776,-1.990743637,0.900318384,-0.825914443,1.059007406,0.025689706,-0.219384462,-0.026241029,0.06778276,-0.431762427,26.59223366,169.0969238,59.8758812,6.153560162,-3.351075649,0.122250944,26.59223366,169.0969238,59.8758812,6.153560162,-3.351075649,0.122250944,26.59223366,169.0969238,59.8758812,6.153560162,-3.351075649,0.122250944
8.644000411,0.205978602,-2.886662722,-0.01415429,-1.991037369,0.901527643,-0.834505141,1.085413456,0.041306846,-0.233302444,-0.010254515,0.059028838,-0.428141534,26.14778519,169.5439911,59.82291794,6.099322796,-3.347899199,0.126201823,26.14778519,169.5439911,59.82291794,6.099322796,-3.347899199,0.126201823,26.14778519,169.5439911,59.82291794,6.099322796,-3.347899199,0.126201823
8.664000412,0.228035659,-2.885579348,-0.019111697,-1.991010666,0.902565241,-0.843019545,1.111241221,0.057104334,-0.247554377,0.005485822,0.050576799,-0.424358904,25.68937111,169.9671326,59.77656555,6.046961308,-3.344269037,0.130172834,25.68937111,169.9671326,59.77656555,6.046961308,-3.344269037,0.130172834,25.68937111,169.9671326,59.77656555,6.046961308,-3.344269037,0.130172834
8.684000412,0.250601977,-2.884190798,-0.024368946,-1.990659714,0.903438807,-0.851455748,1.13648355,0.073098108,-0.262103915,0.020884108,0.042555254,-0.42040956,25.21755791,170.4322815,59.74155045,5.996175766,-3.341137648,0.134185344,25.21755791,170.4322815,59.74155045,5.996175766,-3.341137648,0.134185344,25.21755791,170.4322815,59.74155045,5.996175766,-3.341137648,0.134185344
8.704000413,0.27366659,-2.882458925,-0.02992845,-1.990003586,0.90415597,-0.859811842,1.161129832,0.089107096,-0.276519328,0.035907831,0.035050154,-0.416303456,24.73129654,170.8284454,59.71716309,5.951759338,-3.339758158,0.138208941,24.73129654,170.8284454,59.71716309,5.951759338,-3.339758158,0.138208941,24.73129654,170.8284454,59.71716309,5.951759338,-3.339758158,0.138208941
8.724000414,0.29721567,-2.880406618,-0.035779286,-1.989042282,0.90472436,-0.868084013,1.185168505,0.104862183,-0.290323257,0.05079712,0.028039575,-0.412056923,24.23144722,171.2140808,59.67961121,5.912578583,-3.339982033,0.142280951,24.23144722,171.2140808,59.67961121,5.912578583,-3.339982033,0.142280951,24.23144722,171.2140808,59.67961121,5.912578583,-3.339982033,0.142280951
8.744000415,0.32123968,-2.878026247,-0.041914035,-1.987779617,0.90515542,-0.876266539,1.208598495,0.120517328,-0.303914785,0.065793425,0.021366967,-0.407659143,23.71607971,171.5794983,59.62728882,5.877287865,-3.343067169,0.146396056,23.71607971,171.5794983,59.62728882,5.877287865,-3.343067169,0.146396056,23.71607971,171.5794983,59.62728882,5.877287865,-3.343067169,0.146396056
8.764000416,0.345721453,-2.8753407,-0.048333813,-1.986207962,0.905454874,-0.884363234,1.231424689,0.136285067,-0.317763478,0.080986463,0.014882217,-0.403091729,23.1896019,171.9982452,59.57174301,5.839519024,-3.348226547,0.150635496,23.1896019,171.9982452,59.57174301,5.839519024,-3.348226547,0.150635496,23.1896019,171.9982452,59.57174301,5.839519024,-3.348226547,0.150635496
8.784000417,0.370654315,-2.872334719,-0.055048157,-1.984323502,0.905624628,-0.892364562,1.253651738,0.152304098,-0.332051694,0.096029744,0.008542965,-0.398325592,22.64476967,172.3934174,59.53252029,5.79791832,-3.354089022,0.154905885,22.64476967,172.3934174,59.53252029,5.79791832,-3.354089022,0.154905885,22.64476967,172.3934174,59.53252029,5.79791832,-3.354089022,0.154905885
8.804000418,0.396023959,-2.869000673,-0.06205504,-1.982133865,0.905670404,-0.900268614,1.275265455,0.168219283,-0.345992714,0.110504769,0.002469229,-0.393356204,22.08449554,172.7964172,59.4936409,5.758078098,-3.360848904,0.15923956,22.08449554,172.7964172,59.4936409,5.758078098,-3.360848904,0.15923956,22.08449554,172.7964172,59.4936409,5.758078098,-3.360848904,0.15923956
8.824000419,0.421818942,-2.865338564,-0.069346115,-1.979658127,0.90559411,-0.908067763,1.296255589,0.183946848,-0.359446377,0.12446937,-0.003283767,-0.388183713,21.50758743,173.1477356,59.44506454,5.725513935,-3.36702323,0.163617194,21.50758743,173.1477356,59.44506454,5.725513935,-3.36702323,0.163617194,21.50758743,173.1477356,59.44506454,5.725513935,-3.36702323,0.163617194
8.84400042,0.448025912,-2.861371279,-0.076916859,-1.976892471,0.90540719,-0.915762007,1.316616178,0.199751675,-0.373013467,0.13841702,-0.008653395,-0.382807761,20.91461372,173.551651,59.39172745,5.696636677,-3.373999834,0.168049887,20.91461372,173.551651,59.39172745,5.696636677,-3.373999834,0.168049887,20.91461372,173.551651,59.39172745,5.696636677,-3.373999834,0.168049887
8.864000421,0.474632472,-2.85707593,-0.084773466,-1.973844528,0.905113459,-0.923345625,1.336344242,0.215696231,-0.386767149,0.152230829,-0.013620147,-0.37721464,20.30406761,173.9038849,59.34806824,5.669724941,-3.382000208,0.172573596,20.30406761,173.9038849,59.34806824,5.669724941,-3.382000208,0.172573596,20.30406761,173.9038849,59.34806824,5.669724941,-3.382000208,0.172573596
8.884000422,0.501623392,-2.852452517,-0.092909977,-1.970518112,0.90472436,-0.930814803,1.35542345,0.231466651,-0.400090724,0.165945277,-0.018078366,-0.371412516,19.67947769,174.2245331,59.29927826,5.648348808,-3.391073704,0.177178487,19.67947769,174.2245331,59.29927826,5.648348808,-3.391073704,0.177178487,19.67947769,174.2245331,59.29927826,5.648348808,-3.391073704,0.177178487
8.904000423,0.528988123,-2.84750104,-0.101318046,-1.966905594,0.90424943,-0.938163817,1.373856783,0.247056454,-0.413010776,0.179343536,-0.022172732,-0.365376681,19.03723717,174.5439148,59.23595047,5.624156475,-3.402795076,0.181870311,19.03723717,174.5439148,59.23595047,5.624156475,-3.402795076,0.181870311,19.03723717,174.5439148,59.23595047,5.624156475,-3.402795076,0.181870311
8.924000424,0.55671525,-2.842236757,-0.109992668,-1.963018417,0.903696299,-0.945392668,1.391639709,0.262571633,-0.425812215,0.192550749,-0.025996283,-0.359094471,18.37765121,174.8484344,59.16113663,5.601610661,-3.415910006,0.186662376,18.37765121,174.8484344,59.16113663,5.601610661,-3.415910006,0.186662376,18.37765121,174.8484344,59.16113663,5.601610661,-3.415910006,0.186662376
8.944000425,0.5847857,-2.836667299,-0.118936941,-1.958868027,0.903066874,-0.952489913,1.40877831,0.278214663,-0.438912809,0.205633014,-0.029601166,-0.352545977,17.70446777,175.1784363,59.08891296,5.583682537,-3.429262877,0.191508517,17.70446777,175.1784363,59.08891296,5.583682537,-3.429262877,0.191508517,17.70446777,175.1784363,59.08891296,5.583682537,-3.429262877,0.191508517
8.964000426,0.613195658,-2.830777407,-0.128154308,-1.954450607,0.902366877,-0.959453642,1.425262213,0.293895096,-0.452062547,0.218382567,-0.03283719,-0.345725656,17.00850868,175.4687805,59.025383,5.567156315,-3.442501068,0.196427569,17.00850868,175.4687805,59.025383,5.567156315,-3.442501068,0.196427569,17.00850868,175.4687805,59.025383,5.567156315,-3.442501068,0.196427569
8.984000427,0.641924143,-2.824582338,-0.137643367,-1.949773788,0.901605844,-0.966276228,1.441082239,0.309546441,-0.465085655,0.230710268,-0.03562111,-0.338627994,16.29983902,175.7841034,58.96744537,5.552435875,-3.456973553,0.201412454,16.29983902,175.7841034,58.96744537,5.552435875,-3.456973553,0.201412454,16.29983902,175.7841034,58.96744537,5.552435875,-3.456973553,0.201412454
9.004000428,0.670959711,-2.818066835,-0.147400409,-1.9448452,0.900793314,-0.972953856,1.456234694,0.325176954,-0.477959305,0.242685243,-0.037905656,-0.331254601,15.57275009,176.0498657,58.91722107,5.543823242,-3.472899675,0.206429467,15.57275009,176.0498657,58.91722107,5.543823242,-3.472899675,0.206429467,15.57275009,176.0498657,58.91722107,5.543823242,-3.472899675,0.206429467
9.024000429,0.700294733,-2.811230898,-0.157414943,-1.939676285,0.899940729,-0.979480803,1.470706344,0.340468824,-0.490096986,0.254248738,-0.03973281,-0.323609799,14.82791615,176.2880859,58.85266113,5.54142189,-3.491618633,0.211536929,14.82791615,176.2880859,58.85266113,5.54142189,-3.491618633,0.211536929,14.82791615,176.2880859,58.85266113,5.54142189,-3.491618633,0.211536929
9.04400043,0.729908228,-2.804089785,-0.167678863,-1.934278488,0.899053812,-0.985851347,1.484497547,0.355677515,-0.502116561,0.265950143,-0.041235145,-0.31569469,14.06732178,176.5315704,58.7794342,5.546021938,-3.5121696,0.216734588,14.06732178,176.5315704,58.7794342,5.546021938,-3.5121696,0.216734588,14.06732178,176.5315704,58.7794342,5.546021938,-3.5121696,0.216734588
9.064000431,0.759788752,-2.796643496,-0.178192645,-1.928617477,0.898140192,-0.992059767,1.497613072,0.370882124,-0.514166653,0.277611285,-0.042498067,-0.307487935,13.29288483,176.7619629,58.70672607,5.540002346,-3.53375411,0.22195597,13.29288483,176.7619629,58.70672607,5.540002346,-3.53375411,0.22195597,13.29288483,176.7619629,58.70672607,5.540002346,-3.53375411,0.22195597
9.084000431,0.789922953,-2.788892031,-0.18895486,-1.9227314,0.897201777,-0.998098433,1.510054231,0.38603884,-0.526089489,0.28862235,-0.043515142,-0.298958719,12.50277328,176.9733887,58.63462067,5.540959358,-3.555874109,0.227216527,12.50277328,176.9733887,58.63462067,5.540959358,-3.555874109,0.227216527,12.50277328,176.9733887,58.63462067,5.540959358,-3.555874109,0.227216527
9.104000432,0.820303202,-2.78083539,-0.199960738,-1.916624069,0.896248102,-1.003967762,1.521811366,0.401111871,-0.537835956,0.299233407,-0.044174615,-0.290118605,11.69187355,177.1585846,58.56211853,5.546142101,-3.57795167,0.232586265,11.69187355,177.1585846,58.56211853,5.546142101,-3.57795167,0.232586265,11.69187355,177.1585846,58.56211853,5.546142101,-3.57795167,0.232586265
9.124000433,0.850908518,-2.772473574,-0.211206466,-1.910303116,0.895279169,-1.009651661,1.532870531,0.416037232,-0.549305618,0.309627235,-0.044385277,-0.280971497,10.87025738,177.3113708,58.48869705,5.558884144,-3.599426031,0.237942114,10.87025738,177.3113708,58.48869705,5.558884144,-3.599426031,0.237942114,10.87025738,177.3113708,58.48869705,5.558884144,-3.599426031,0.237942114
9.144000434,0.881721735,-2.763806581,-0.222684413,-1.90376091,0.894315958,-1.015144825,1.543229461,0.43076238,-0.56042695,0.319853693,-0.044125713,-0.271522999,10.03847694,177.4241638,58.40842056,5.569806099,-3.623812199,0.24327001,10.03847694,177.4241638,58.40842056,5.569806099,-3.623812199,0.24327001,10.03847694,177.4241638,58.40842056,5.569806099,-3.623812199,0.24327001
9.164000435,0.912729502,-2.754842043,-0.234388381,-1.89702034,0.893358469,-1.020447254,1.552895546,0.445250362,-0.571170449,0.329764307,-0.04353857,-0.261760652,9.200455666,177.5187531,58.31826019,5.586852551,-3.648646355,0.248654753,9.200455666,177.5187531,58.31826019,5.586852551,-3.648646355,0.248654753,9.200455666,177.5187531,58.31826019,5.586852551,-3.648646355,0.248654753
9.184000436,0.943928003,-2.745587587,-0.246312171,-1.890073776,0.892416239,-1.025555134,1.561873078,0.45963186,-0.581835032,0.339492857,-0.042634033,-0.251672059,8.34691143,177.6019287,58.22334671,5.603745461,-3.673885822,0.254179239,8.34691143,177.6019287,58.22334671,5.603745461,-3.673885822,0.254179239,8.34691143,177.6019287,58.22334671,5.603745461,-3.673885822,0.254179239
9.204000437,0.975294352,-2.736043215,-0.258455306,-1.882928848,0.891498804,-1.030453205,1.570160866,0.473976076,-0.592554212,0.348988563,-0.041409429,-0.241247654,7.484161854,177.657608,58.13093567,5.62168169,-3.700068474,0.259590507,7.484161854,177.657608,58.13093567,5.62168169,-3.700068474,0.259590507,7.484161854,177.657608,58.13093567,5.62168169,-3.700068474,0.259590507
9.224000438,1.00682056,-2.726208925,-0.27081874,-1.875589371,0.890604258,-1.035137653,1.577754498,0.488149345,-0.603018939,0.358007908,-0.039825097,-0.230488732,6.611249447,177.6454163,58.04568863,5.640956879,-3.725926161,0.265034527,6.611249447,177.6454163,58.04568863,5.640956879,-3.725926161,0.265034527,6.611249447,177.6454163,58.04568863,5.640956879,-3.725926161,0.265034527
9.244000439,1.038490176,-2.716092348,-0.283391982,-1.868070602,0.889747858,-1.039604664,1.584655285,0.502155066,-0.61322397,0.366464734,-0.037832111,-0.219387829,5.732150078,177.649765,57.95739746,5.667286396,-3.752689362,0.270487249,5.732150078,177.649765,57.95739746,5.667286396,-3.752689362,0.270487249,5.732150078,177.649765,57.95739746,5.667286396,-3.752689362,0.270487249
9.26400044,1.070281863,-2.705701113,-0.296172172,-1.860380173,0.888935328,-1.043842793,1.590861678,0.515996575,-0.62319684,0.374582767,-0.035412572,-0.207958907,4.851648808,177.6517639,57.87139893,5.697481632,-3.780020952,0.275874227,4.851648808,177.6517639,57.87139893,5.697481632,-3.780020952,0.275874227,4.851648808,177.6517639,57.87139893,5.697481632,-3.780020952,0.275874227
9.284000441,1.102195621,-2.69502759,-0.309156448,-1.852521896,0.888176203,-1.047852039,1.59637773,0.52970767,-0.633003414,0.382557094,-0.032582957,-0.196212664,3.960891962,177.5698853,57.7943306,5.732640743,-3.808936357,0.281293213,3.960891962,177.5698853,57.7943306,5.732640743,-3.808936357,0.281293213,3.960891962,177.5698853,57.7943306,5.732640743,-3.808936357,0.281293213
9.304000442,1.13420856,-2.684087038,-0.322335273,-1.844495773,0.887476206,-1.051624775,1.601200938,0.543161094,-0.642373204,0.390146434,-0.02940521,-0.184140012,3.066725731,177.5255737,57.71481323,5.767254353,-3.838855267,0.286716759,3.066725731,177.5255737,57.71481323,5.767254353,-3.838855267,0.286716759,3.066725731,177.5255737,57.71481323,5.767254353,-3.838855267,0.286716759
9.324000443,1.166313052,-2.672864199,-0.335704833,-1.836324692,0.886846781,-1.055145741,1.605340004,0.556495667,-0.65157789,0.397515655,-0.02590085,-0.171743721,2.171871662,177.3958282,57.64103699,5.810531139,-3.870327473,0.292067379,2.171871662,177.3958282,57.64103699,5.810531139,-3.870327473,0.292067379,2.171871662,177.3958282,57.64103699,5.810531139,-3.870327473,0.292067379
9.344000444,1.198486209,-2.66138196,-0.349254638,-1.828001022,0.886291742,-1.058414936,1.608781934,0.569456279,-0.66017133,0.404706448,-0.022145489,-0.15904431,1.276010275,177.2452545,57.56059265,5.85497427,-3.902746201,0.297329158,1.276010275,177.2452545,57.56059265,5.85497427,-3.902746201,0.297329158,1.276010275,177.2452545,57.56059265,5.85497427,-3.902746201,0.297329158
9.364000445,1.23072803,-2.649632692,-0.362977058,-1.81952858,0.885812998,-1.061428547,1.611547947,0.582339764,-0.668733954,0.411739439,-0.018213456,-0.146027535,0.377765894,177.0339813,57.48094559,5.896930695,-3.934590578,0.302646726,0.377765894,177.0339813,57.48094559,5.896930695,-3.934590578,0.302646726,0.377765894,177.0339813,57.48094559,5.896930695,-3.934590578,0.302646726
9.384000446,1.263015628,-2.637639284,-0.376872092,-1.810911179,0.885412455,-1.064178944,1.613636851,0.595137715,-0.677206755,0.41838944,-0.014039356,-0.132680163,-0.519449711,176.8674927,57.40843582,5.940648079,-3.964857578,0.307932615,-0.519449711,176.8674927,57.40843582,5.940648079,-3.964857578,0.307932615,-0.519449711,176.8674927,57.40843582,5.940648079,-3.964857578,0.307932615
9.404000447,1.295329928,-2.625394106,-0.390935928,-1.802160263,0.885099649,-1.066658497,1.615042686,0.607728839,-0.685274482,0.424414575,-0.009419177,-0.119001538,-1.408274174,176.6431885,57.34274292,5.98671627,-3.994576693,0.313159823,-1.408274174,176.6431885,57.34274292,5.98671627,-3.994576693,0.313159823,-1.408274174,176.6431885,57.34274292,5.98671627,-3.994576693,0.313159823
9.424000448,1.327670932,-2.612881899,-0.40515998,-1.793294907,0.884884119,-1.068859577,1.615772963,0.620150745,-0.693019629,0.429997385,-0.004379493,-0.105003916,-2.29308486,176.3074951,57.2821846,6.041883469,-4.024924278,0.31836623,-2.29308486,176.3074951,57.2821846,6.041883469,-4.024924278,0.31836623,-2.29308486,176.3074951,57.2821846,6.041883469,-4.024924278,0.31836623
9.444000449,1.360011935,-2.600133181,-0.419532806,-1.784311295,0.8847754,-1.07077837,1.615821362,0.632252157,-0.700212777,0.435358435,0.001055629,-0.090704761,-3.166130781,175.9772186,57.21720505,6.099637985,-4.056191921,0.323474675,-3.166130781,175.9772186,57.21720505,6.099637985,-4.056191921,0.323474675,-3.166130781,175.9772186,57.21720505,6.099637985,-4.056191921,0.323474675
9.46400045,1.392352939,-2.587147951,-0.434049636,-1.775213242,0.884781122,-1.072407246,1.615211248,0.644259334,-0.707299531,0.440638542,0.006709257,-0.076101676,-4.035563469,175.6465149,57.15702057,6.157307625,-4.088562489,0.328573316,-4.035563469,175.6465149,57.15702057,6.157307625,-4.088562489,0.328573316,-4.035563469,175.6465149,57.15702057,6.157307625,-4.088562489,0.328573316
9.48400045,1.424671054,-2.573918581,-0.448703796,-1.766008377,0.884901285,-1.073738575,1.61392951,0.655960739,-0.713860691,0.445619673,0.012583409,-0.061196081,-4.893613815,175.2154541,57.09670639,6.216893196,-4.120488167,0.333576143,-4.893613815,175.2154541,57.09670639,6.216893196,-4.120488167,0.333576143,-4.893613815,175.2154541,57.09670639,6.216893196,-4.120488167,0.333576143
9.504000451,1.456958652,-2.560460329,-0.463485748,-1.756700516,0.885139704,-1.074768543,1.611987472,0.66742456,-0.720040321,0.450262815,0.018672541,-0.045982774,-5.74011898,174.7527466,57.03475189,6.277589798,-4.15095377,0.338508248,-5.74011898,174.7527466,57.03475189,6.277589798,-4.15095377,0.338508248,-5.74011898,174.7527466,57.03475189,6.277589798,-4.15095377,0.338508248
9.524000452,1.489192843,-2.546773195,-0.478386909,-1.747304916,0.885504007,-1.075493336,1.609393597,0.678685904,-0.72592175,0.454572558,0.024944292,-0.03046171,-6.567355156,174.2332458,56.97147369,6.341938972,-4.181337357,0.343393981,-6.567355156,174.2332458,56.97147369,6.341938972,-4.181337357,0.343393981,-6.567355156,174.2332458,56.97147369,6.341938972,-4.181337357,0.343393981
9.544000453,1.52137363,-2.53285718,-0.493402511,-1.737821579,0.885998011,-1.075901508,1.606151104,0.689686835,-0.731444299,0.458750784,0.031420238,-0.014645947,-7.37887001,173.6394348,56.90809631,6.407114029,-4.210286617,0.348149121,-7.37887001,173.6394348,56.90809631,6.407114029,-4.210286617,0.348149121,-7.37887001,173.6394348,56.90809631,6.407114029,-4.210286617,0.348149121
9.564000454,1.553481936,-2.518727541,-0.508521438,-1.728250504,0.886623621,-1.075981617,1.602255821,0.700374961,-0.7365098,0.462573051,0.038118731,0.001468124,-8.173565865,172.9842834,56.84027863,6.471404076,-4.237503052,0.352740377,-8.173565865,172.9842834,56.84027863,6.471404076,-4.237503052,0.352740377,-8.173565865,172.9842834,56.84027863,6.471404076,-4.237503052,0.352740377
9.584000455,1.585502505,-2.504391909,-0.523740172,-1.718610764,0.887388468,-1.075745106,1.597720146,0.710861921,-0.741354465,0.46617955,0.04505723,0.017874748,-8.947412491,172.3291779,56.77479935,6.540487289,-4.263221741,0.357301146,-8.947412491,172.3291779,56.77479935,6.540487289,-4.263221741,0.357301146,-8.947412491,172.3291779,56.77479935,6.540487289,-4.263221741,0.357301146
9.604000456,1.617416263,-2.489850283,-0.539052367,-1.70889473,0.888294458,-1.075172901,1.592561364,0.721146226,-0.745976567,0.469593734,0.052221064,0.034573849,-9.688386917,171.6204376,56.71333694,6.60708046,-4.287593365,0.361740112,-9.688386917,171.6204376,56.71333694,6.60708046,-4.287593365,0.361740112,-9.688386917,171.6204376,56.71333694,6.60708046,-4.287593365,0.361740112
9.624000457,1.649223208,-2.475102663,-0.554450393,-1.699106216,0.889347315,-1.074261189,1.586788774,0.731200159,-0.750263035,0.47250101,0.059681449,0.051571742,-10.40728378,170.8031006,56.65761185,6.672145844,-4.310148716,0.366012007,-10.40728378,170.8031006,56.65761185,6.672145844,-4.310148716,0.366012007,-10.40728378,170.8031006,56.65761185,6.672145844,-4.310148716,0.366012007
9.644000458,1.680911899,-2.460156679,-0.56992662,-1.689271927,0.890552759,-1.073006153,1.58040297,0.740924239,-0.754058361,0.474920809,0.067425378,0.068858348,-11.10278225,169.9558563,56.6009903,6.744438171,-4.331674099,0.370136946,-11.10278225,169.9558563,56.6009903,6.744438171,-4.331674099,0.370136946,-11.10278225,169.9558563,56.6009903,6.744438171,-4.331674099,0.370136946
9.664000459,1.712459445,-2.44501996,-0.585467696,-1.679384232,0.891922235,-1.07140398,1.573399305,0.750244975,-0.757298172,0.477029234,0.075390078,0.086420648,-11.76565552,169.0305328,56.53735352,6.817625046,-4.353292465,0.374132812,-11.76565552,169.0305328,56.53735352,6.817625046,-4.353292465,0.374132812,-11.76565552,169.0305328,56.53735352,6.817625046,-4.353292465,0.374132812
9.68400046,1.743854403,-2.429707766,-0.601071715,-1.66945076,0.893448114,-1.069439411,1.565817356,0.759361744,-0.760403752,0.479141802,0.083425596,0.104253285,-12.39170933,168.1092987,56.47789383,6.890038013,-4.372406483,0.377898544,-12.39170933,168.1092987,56.47789383,6.890038013,-4.372406483,0.377898544,-12.39170933,168.1092987,56.47789383,6.890038013,-4.372406483,0.377898544
9.704000461,1.775096774,-2.414204836,-0.61672914,-1.659479141,0.895143747,-1.067131519,1.55766046,0.768166423,-0.76313132,0.481009901,0.091605395,0.12235231,-12.9910183,167.0493011,56.42479324,6.964276791,-4.390727043,0.381672293,-12.9910183,167.0493011,56.42479324,6.964276791,-4.390727043,0.381672293,-12.9910183,167.0493011,56.42479324,6.964276791,-4.390727043,0.381672293
9.724000462,1.806167483,-2.39853406,-0.632434249,-1.649469376,0.897003412,-1.064442158,1.548918605,0.776562512,-0.765338659,0.482612997,0.099927306,0.140714794,-13.55741596,165.9608307,56.37062836,7.037950993,-4.406361103,0.385059088,-13.55741596,165.9608307,56.37062836,7.037950993,-4.406361103,0.385059088,-13.55741596,165.9608307,56.37062836,7.037950993,-4.406361103,0.385059088
9.744000463,1.837062716,-2.382703066,-0.648175597,-1.639432907,0.899032831,-1.061386585,1.539617181,0.784637809,-0.767185628,0.48395142,0.108357936,0.159322128,-14.08971214,164.8396454,56.31556702,7.113888264,-4.419817924,0.388244331,-14.08971214,164.8396454,56.31556702,7.113888264,-4.419817924,0.388244331,-14.08971214,164.8396454,56.31556702,7.113888264,-4.419817924,0.388244331
9.764000464,1.867759585,-2.366719484,-0.663945556,-1.629365921,0.901235819,-1.057972431,1.529765248,0.792505562,-0.768884003,0.485096931,0.116908558,0.178185582,-14.58610344,163.6820374,56.26403046,7.186500549,-4.43130827,0.391509026,-14.58610344,163.6820374,56.26403046,7.186500549,-4.43130827,0.391509026,-14.58610344,163.6820374,56.26403046,7.186500549,-4.43130827,0.391509026
9.784000465,1.89825809,-2.350583315,-0.679746032,-1.619287491,0.903610468,-1.054176807,1.519386888,0.800129831,-0.770326138,0.485962063,0.125605673,0.197307974,-15.04504776,162.4640808,56.22943497,7.261670589,-4.439664841,0.394501954,-15.04504776,162.4640808,56.22943497,7.261670589,-4.439664841,0.394501954,-15.04504776,162.4640808,56.22943497,7.261670589,-4.439664841,0.394501954
9.804000466,1.928535342,-2.334294558,-0.695565581,-1.609186172,0.906160593,-1.04998827,1.508474469,0.807375431,-0.771216512,0.486342043,0.134546861,0.216677994,-15.46009254,161.1694794,56.19949722,7.334022045,-4.445611954,0.397169918,-15.46009254,161.1694794,56.19949722,7.334022045,-4.445611954,0.397169918,-15.46009254,161.1694794,56.19949722,7.334022045,-4.445611954,0.397169918
9.824000467,1.958591342,-2.317860842,-0.711390853,-1.599084854,0.908897638,-1.04539156,1.497036576,0.814125657,-0.771385491,0.486274093,0.143706486,0.236260742,-15.83657265,159.8122711,56.16605759,7.412729263,-4.450880051,0.399229318,-15.83657265,159.8122711,56.16605759,7.412729263,-4.450880051,0.399229318,-15.83657265,159.8122711,56.16605759,7.412729263,-4.450880051,0.399229318
9.844000468,1.98841083,-2.301312685,-0.727208495,-1.588983536,0.911821604,-1.04041338,1.485113621,0.820601523,-0.771324396,0.486262619,0.152861446,0.256025314,-16.16890526,158.4738159,56.13056564,7.491519451,-4.454629898,0.401198626,-16.16890526,158.4738159,56.13056564,7.491519451,-4.454629898,0.401198626,-16.16890526,158.4738159,56.13056564,7.491519451,-4.454629898,0.401198626
9.864000469,2.017986536,-2.284642458,-0.74302423,-1.578882217,0.91492486,-1.035042286,1.472735524,0.826936901,-0.771214902,0.486260653,0.162011951,0.275981486,-16.46343994,157.0512085,56.11199951,7.567480087,-4.454805374,0.403003275,-16.46343994,157.0512085,56.11199951,7.567480087,-4.454805374,0.403003275,-16.46343994,157.0512085,56.11199951,7.567480087,-4.454805374,0.403003275
9.884000469,2.047313929,-2.267827272,-0.758824706,-1.568784714,0.918215036,-1.02926302,1.459890246,0.832796037,-0.77040273,0.485781133,0.171290383,0.296119988,-16.71626854,155.5106506,56.09586334,7.643852234,-4.452528954,0.404340386,-16.71626854,155.5106506,56.09586334,7.643852234,-4.452528954,0.404340386,-16.71626854,155.5106506,56.09586334,7.643852234,-4.452528954,0.404340386
9.90400047,2.076374292,-2.250928164,-0.774594665,-1.558710098,0.92169404,-1.023075581,1.446586609,0.838275373,-0.769150078,0.485274553,0.180610001,0.316413641,-16.9280262,154.0095215,56.07468796,7.725275993,-4.448175907,0.405372649,-16.9280262,154.0095215,56.07468796,7.725275993,-4.448175907,0.405372649,-16.9280262,154.0095215,56.07468796,7.725275993,-4.448175907,0.405372649
9.924000471,2.105159998,-2.233914614,-0.790336013,-1.548646927,0.925361872,-1.016487598,1.432873487,0.843444884,-0.767582119,0.484769285,0.189895168,0.336848795,-17.08600044,152.4448395,56.06204224,7.800502777,-4.441140652,0.406197339,-17.08600044,152.4448395,56.06204224,7.800502777,-4.441140652,0.406197339,-17.08600044,152.4448395,56.06204224,7.800502777,-4.441140652,0.406197339
9.944000472,2.133678675,-2.216794252,-0.806033492,-1.5385952,0.929220438,-1.009487629,1.418749213,0.848220289,-0.765493214,0.483870625,0.199160814,0.357429117,-17.22120476,150.7664795,56.05175018,7.87431097,-4.431702614,0.406610727,-17.22120476,150.7664795,56.05175018,7.87431097,-4.431702614,0.406610727,-17.22120476,150.7664795,56.05175018,7.87431097,-4.431702614,0.406610727
9.964000473,2.161907434,-2.199589968,-0.821675658,-1.528570175,0.93326211,-1.002071857,1.404222846,0.852606356,-0.762966454,0.482756019,0.208374172,0.378138721,-17.31093597,149.0720825,56.03446198,7.947245121,-4.418246269,0.406703204,-17.31093597,149.0720825,56.03446198,7.947245121,-4.418246269,0.406703204,-17.31093597,149.0720825,56.03446198,7.947245121,-4.418246269,0.406703204
9.984000474,2.189831018,-2.182309389,-0.837260604,-1.518575668,0.937488794,-0.994242787,1.389328957,0.856665015,-0.760115147,0.481468797,0.217612311,0.398965985,-17.34896469,147.3557434,56.02111816,8.020608902,-4.400481224,0.40648061,-17.34896469,147.3557434,56.02111816,8.020608902,-4.400481224,0.40648061,-17.34896469,147.3557434,56.02111816,8.020608902,-4.400481224,0.40648061
10.00400048,2.217449427,-2.164952517,-0.852778792,-1.50860405,0.941900492,-0.985993505,1.374102712,0.860416114,-0.756945908,0.479881376,0.226925701,0.419901669,-17.34356689,145.5878143,56.01232529,8.089308739,-4.379062653,0.405861288,-17.34356689,145.5878143,56.01232529,8.089308739,-4.379062653,0.405861288,-17.34356689,145.5878143,56.01232529,8.089308739,-4.379062653,0.405861288
10.02400048,2.244762659,-2.147526979,-0.868224502,-1.498670578,0.946502924,-0.977324605,1.358555675,0.863768578,-0.753306866,0.477903515,0.236304075,0.440933228,-17.30331612,143.7766266,56.0056572,8.159712791,-4.355533123,0.404873639,-17.30331612,143.7766266,56.0056572,8.159712791,-4.355533123,0.404873639,-17.30331612,143.7766266,56.0056572,8.159712791,-4.355533123,0.404873639
10.04400048,2.271770716,-2.130055666,-0.883588195,-1.488782883,0.951296091,-0.968232274,1.342698336,0.866748989,-0.749286413,0.475758284,0.245699883,0.46203506,-17.23537064,141.9554749,55.99919128,8.232287407,-4.32983923,0.403510422,-17.23537064,141.9554749,55.99919128,8.232287407,-4.32983923,0.403510422,-17.23537064,141.9554749,55.99919128,8.232287407,-4.32983923,0.403510422
10.06400048,2.298465967,-2.112508059,-0.898862243,-1.478940964,0.956278086,-0.958716512,1.326536179,0.869414985,-0.745000184,0.473690629,0.255098224,0.4831765,-17.13993263,140.0262756,55.9998436,8.303040504,-4.301641464,0.40173474,-17.13993263,140.0262756,55.9998436,8.303040504,-4.301641464,0.40173474,-17.13993263,140.0262756,55.9998436,8.303040504,-4.301641464,0.40173474
10.08400048,2.324833155,-2.094922304,-0.914039016,-1.469141006,0.961448908,-0.948779225,1.310067892,0.871706486,-0.740331709,0.471466601,0.264490992,0.504350185,-17.00872993,138.0887909,56.0014801,8.369997978,-4.271217346,0.399608642,-17.00872993,138.0887909,56.0014801,8.369997978,-4.271217346,0.399608642,-17.00872993,138.0887909,56.0014801,8.369997978,-4.271217346,0.399608642
10.10400048,2.35084939,-2.077298403,-0.929112792,-1.45939827,0.966810465,-0.938418508,1.29331255,0.873415649,-0.734963596,0.468839079,0.273758173,0.525554717,-16.83402061,136.0991364,56.00314331,8.439234734,-4.238977432,0.397103429,-16.83402061,136.0991364,56.00314331,8.439234734,-4.238977432,0.397103429,-16.83402061,136.0991364,56.00314331,8.439234734,-4.238977432,0.397103429
10.12400048,2.37655282,-2.059666872,-0.944072127,-1.449705124,0.972355127,-0.927632451,1.276318073,0.874851763,-0.729456007,0.466401488,0.282838553,0.546752214,-16.64690208,134.1590881,56.00749588,8.504582405,-4.20359993,0.394229233,-16.64690208,134.1590881,56.00749588,8.504582405,-4.20359993,0.394229233,-16.64690208,134.1590881,56.00749588,8.504582405,-4.20359993,0.394229233
10.14400048,2.401890039,-2.041974306,-0.958909392,-1.440073013,0.978084803,-0.916421056,1.25907135,0.875903487,-0.7235533,0.463613272,0.291786045,0.567942739,-16.41617012,132.0594635,56.01345825,8.57013607,-4.165343285,0.390920699,-16.41617012,132.0594635,56.01345825,8.57013607,-4.165343285,0.390920699,-16.41617012,132.0594635,56.01345825,8.57013607,-4.165343285,0.390920699
10.16400048,2.426899195,-2.024274111,-0.973613143,-1.430498123,0.983989954,-0.904788136,1.241553783,0.876322746,-0.717004478,0.460811257,0.300616771,0.589098394,-16.1704483,129.9476166,56.00704575,8.634250641,-4.123335838,0.387261152,-16.1704483,129.9476166,56.00704575,8.634250641,-4.123335838,0.387261152,-16.1704483,129.9476166,56.00704575,8.634250641,-4.123335838,0.387261152
10.18400048,2.451542139,-2.006573915,-0.988177657,-1.420980453,0.990074396,-0.892731786,1.223802924,0.876307666,-0.710138142,0.457802743,0.309266031,0.610218287,-15.89442825,127.8396759,55.99645615,8.692637444,-4.078537464,0.383205175,-15.89442825,127.8396759,55.99645615,8.692637444,-4.078537464,0.383205175,-15.89442825,127.8396759,55.99645615,8.692637444,-4.078537464,0.383205175
10.20400048,2.475826502,-1.988890171,-1.002598763,-1.411535263,0.9963305,-0.880253911,1.205829263,0.875933647,-0.703088701,0.454801053,0.317828983,0.631275117,-15.59538937,125.7505646,55.990448,8.75438118,-4.029970646,0.378769666,-15.59538937,125.7505646,55.990448,8.75438118,-4.029970646,0.378769666,-15.59538937,125.7505646,55.990448,8.75438118,-4.029970646,0.378769666
10.22400049,2.499752283,-1.971228123,-1.01687336,-1.402151108,1.002763987,-0.867354512,1.187683344,0.87541908,-0.696140289,0.451868445,0.326342493,0.652247667,-15.28076935,123.6850891,55.99734497,8.80744648,-3.979538918,0.373940766,-15.28076935,123.6850891,55.99734497,8.80744648,-3.979538918,0.373940766,-15.28076935,123.6850891,55.99734497,8.80744648,-3.979538918,0.373940766
10.24400049,2.523319483,-1.953569889,-1.030995369,-1.392831802,1.009363413,-0.854035497,1.16937077,0.874595106,-0.688916206,0.448381245,0.334781885,0.673140705,-14.94984818,121.5217896,56.01172256,8.859222412,-3.92650342,0.368713766,-14.94984818,121.5217896,56.01172256,8.859222412,-3.92650342,0.368713766,-14.94984818,121.5217896,56.01172256,8.859222412,-3.92650342,0.368713766
10.26400049,2.546520472,-1.935945988,-1.04496479,-1.383592606,1.016134501,-0.840300679,1.150834799,0.87336427,-0.68127501,0.444509208,0.343286008,0.693920851,-14.61458683,119.3949203,56.03775406,8.915438652,-3.871829748,0.363125205,-14.61458683,119.3949203,56.03775406,8.915438652,-3.871829748,0.363125205,-14.61458683,119.3949203,56.03775406,8.915438652,-3.871829748,0.363125205
10.28400049,2.569339991,-1.918348789,-1.058773994,-1.374437332,1.023073435,-0.826153874,1.132075667,0.871659398,-0.673129499,0.44049868,0.351738244,0.71456027,-14.25806904,117.2172699,56.07293701,8.975031853,-3.817039251,0.357206523,-14.25806904,117.2172699,56.07293701,8.975031853,-3.817039251,0.357206523,-14.25806904,117.2172699,56.07293701,8.975031853,-3.817039251,0.357206523
10.30400049,2.59177804,-1.900793552,-1.072403908,-1.365369797,1.030180216,-0.811593175,1.113109708,0.869486749,-0.664506733,0.436580032,0.360068649,0.735034108,-13.88702488,115.0371475,56.1061821,9.035157204,-3.761905909,0.350869566,-13.88702488,115.0371475,56.1061821,9.035157204,-3.761905909,0.350869566,-13.88702488,115.0371475,56.1061821,9.035157204,-3.761905909,0.350869566
10.32400049,2.61383462,-1.883291721,-1.085858345,-1.356378555,1.037458658,-0.796628118,1.093963265,0.86690098,-0.655538321,0.43287769,0.368071377,0.755324483,-13.50759411,112.8507996,56.14805603,9.091781616,-3.706805468,0.34424755,-13.50759411,112.8507996,56.14805603,9.091781616,-3.706805468,0.34424755,-13.50759411,112.8507996,56.14805603,9.091781616,-3.706805468,0.34424755
10.34400049,2.635509729,-1.865847111,-1.099118233,-1.347463608,1.044897318,-0.781256795,1.074635029,0.86386174,-0.646132469,0.429112136,0.37557745,0.775424778,-13.1263504,110.6624374,56.18053436,9.144358635,-3.651199818,0.337263674,-13.1263504,110.6624374,56.18053436,9.144358635,-3.651199818,0.337263674,-13.1263504,110.6624374,56.18053436,9.144358635,-3.651199818,0.337263674
10.36400049,2.65680337,-1.848471165,-1.112179756,-1.338632584,1.052473307,-0.765484929,1.055127263,0.860496402,-0.636522412,0.425390929,0.382635027,0.795314074,-12.74875069,108.4952469,56.21050644,9.195180893,-3.590661287,0.3299582,-12.74875069,108.4952469,56.21050644,9.195180893,-3.590661287,0.3299582,-12.74875069,108.4952469,56.21050644,9.195180893,-3.590661287,0.3299582
10.38400049,2.677700281,-1.831171513,-1.12504673,-1.329885483,1.06018281,-0.749318242,1.03538537,0.856787562,-0.62663728,0.421661317,0.389648497,0.814974487,-12.363554,106.319313,56.2492485,9.243814468,-3.525055885,0.322364956,-12.363554,106.319313,56.2492485,9.243814468,-3.525055885,0.322364956,-12.363554,106.319313,56.2492485,9.243814468,-3.525055885,0.322364956
10.40400049,2.698192835,-1.813951969,-1.137700081,-1.321214676,1.068041086,-0.732762456,1.015419245,0.852702141,-0.616377831,0.417672724,0.396628648,0.834398866,-11.97646999,104.1245041,56.282444,9.287432671,-3.460692644,0.314483285,-11.97646999,104.1245041,56.282444,9.287432671,-3.460692644,0.314483285,-11.97646999,104.1245041,56.282444,9.287432671,-3.460692644,0.314483285
10.4240005,2.718303919,-1.796812534,-1.150143623,-1.312623978,1.076032877,-0.7158252,0.995236635,0.848240376,-0.605784714,0.413307488,0.403327703,0.853585482,-11.60140324,101.9109116,56.31763458,9.328465462,-3.395101547,0.306387901,-11.60140324,101.9109116,56.31763458,9.328465462,-3.395101547,0.306387901,-11.60140324,101.9109116,56.31763458,9.328465462,-3.395101547,0.306387901
10.4440005,2.737995386,-1.779779911,-1.162362099,-1.304140091,1.084161997,-0.698506474,0.974808812,0.843373775,-0.594871342,0.408848494,0.409857005,0.8725124,-11.21151733,99.73099518,56.34183502,9.376349449,-3.32919383,0.298016608,-11.21151733,99.73099518,56.34183502,9.376349449,-3.32919383,0.298016608,-11.21151733,99.73099518,56.34183502,9.376349449,-3.32919383,0.298016608
10.4640005,2.757274866,-1.762842655,-1.174359322,-1.295736313,1.092420816,-0.680808187,0.95414567,0.838175833,-0.583830297,0.404688418,0.416010261,0.891148806,-10.82855892,97.53240967,56.36603546,9.417253494,-3.263669968,0.289338559,-10.82855892,97.53240967,56.36603546,9.417253494,-3.263669968,0.289338559,-10.82855892,97.53240967,56.36603546,9.417253494,-3.263669968,0.289338559
10.4840005,2.776149988,-1.746016026,-1.186123848,-1.287431717,1.100794077,-0.66274178,0.93325913,0.832585573,-0.572517753,0.400489271,0.421797395,0.90949285,-10.45023632,95.32328796,56.39310074,9.459503174,-3.195261955,0.280417442,-10.45023632,95.32328796,56.39310074,9.459503174,-3.195261955,0.280417442,-10.45023632,95.32328796,56.39310074,9.459503174,-3.195261955,0.280417442
10.5040005,2.794590235,-1.729315281,-1.197651863,-1.279211044,1.109281778,-0.64431107,0.912105322,0.826589584,-0.560978353,0.396482497,0.427326888,0.9275226,-10.06508923,93.13627625,56.4107399,9.496934891,-3.126009703,0.271266669,-10.06508923,93.13627625,56.4107399,9.496934891,-3.126009703,0.271266669,-10.06508923,93.13627625,56.4107399,9.496934891,-3.126009703,0.271266669
10.5240005,2.812618494,-1.712732792,-1.208943367,-1.271066666,1.117876291,-0.625523686,0.890757263,0.820260942,-0.549251556,0.392243534,0.432471901,0.945243895,-9.688071251,90.93831635,56.43015289,9.526493073,-3.055141449,0.261883497,-9.688071251,90.93831635,56.43015289,9.526493073,-3.055141449,0.261883497,-9.688071251,90.93831635,56.43015289,9.526493073,-3.055141449,0.261883497
10.5440005,2.830211878,-1.696291447,-1.21999836,-1.263029099,1.126573801,-0.606389165,0.869165421,0.813539803,-0.537238181,0.387687147,0.437291026,0.962645411,-9.315479279,88.76646423,56.45444107,9.562569618,-2.984572172,0.252379805,-9.315479279,88.76646423,56.45444107,9.562569618,-2.984572172,0.252379805,-9.315479279,88.76646423,56.45444107,9.562569618,-2.984572172,0.252379805
10.5640005,2.847355127,-1.679983616,-1.230797768,-1.255079269,1.135362864,-0.586911321,0.847351193,0.806440294,-0.525019705,0.383258075,0.441832006,0.979706049,-8.929374695,86.59161377,56.47129059,9.595815659,-2.911393642,0.242643878,-8.929374695,86.59161377,56.47129059,9.595815659,-2.911393642,0.242643878,-8.929374695,86.59161377,56.47129059,9.595815659,-2.911393642,0.242643878
10.5840005,2.864063501,-1.663824558,-1.241345406,-1.247220993,1.144243479,-0.567093968,0.825374424,0.798930287,-0.512578249,0.37886098,0.445916951,0.996424019,-8.552253723,84.41905212,56.4849205,9.626682281,-2.83872366,0.232721746,-8.552253723,84.41905212,56.4849205,9.626682281,-2.83872366,0.232721746,-8.552253723,84.41905212,56.4849205,9.626682281,-2.83872366,0.232721746
10.6040005,2.880344629,-1.647829533,-1.251641273,-1.239461899,1.153204203,-0.546944737,0.803227782,0.791050673,-0.499956816,0.374458551,0.449576676,1.012781024,-8.188532829,82.28001404,56.49614716,9.657351494,-2.764559984,0.222575724,-8.188532829,82.28001404,56.49614716,9.657351494,-2.764559984,0.222575724,-8.188532829,82.28001404,56.49614716,9.657351494,-2.764559984,0.222575724
10.6240005,2.896183252,-1.631998539,-1.261673927,-1.231790543,1.162229776,-0.526475072,0.780863285,0.782842577,-0.487232149,0.370279491,0.453003764,1.028750896,-7.842220783,80.17333221,56.50593948,9.684220314,-2.688574553,0.212314099,-7.842220783,80.17333221,56.50593948,9.684220314,-2.688574553,0.212314099,-7.842220783,80.17333221,56.50593948,9.684220314,-2.688574553,0.212314099
10.64400051,2.911571741,-1.616335392,-1.271450996,-1.224206924,1.171316385,-0.505688787,0.758258164,0.774306595,-0.474357873,0.365981042,0.456352979,1.04432857,-7.50158596,78.05726624,56.52222824,9.705788612,-2.610399961,0.201858938,-7.50158596,78.05726624,56.52222824,9.705788612,-2.610399961,0.201858938,-7.50158596,78.05726624,56.52222824,9.705788612,-2.610399961,0.201858938
10.66400051,2.926502466,-1.600847721,-1.280957222,-1.216714859,1.180471659,-0.484596372,0.735434592,0.76539892,-0.461257458,0.361532778,0.459554672,1.059505939,-7.16415596,75.96918488,56.52767563,9.72867775,-2.534674644,0.191288069,-7.16415596,75.96918488,56.52767563,9.72867775,-2.534674644,0.191288069,-7.16415596,75.96918488,56.52767563,9.72867775,-2.534674644,0.191288069
10.68400051,2.940975428,-1.585550785,-1.290192604,-1.209318161,1.189691782,-0.463205457,0.712451458,0.75616461,-0.448032379,0.357022822,0.462294847,1.074271083,-6.836565971,73.9102478,56.52788925,9.750175476,-2.462286949,0.180592075,-6.836565971,73.9102478,56.52788925,9.750175476,-2.462286949,0.180592075,-6.836565971,73.9102478,56.52788925,9.750175476,-2.462286949,0.180592075
10.70400051,2.954990625,-1.570444584,-1.299160957,-1.20201683,1.198957682,-0.441525578,0.689321995,0.746641457,-0.434770197,0.352714181,0.464519083,1.088603973,-6.523736954,71.86544037,56.53253555,9.772548676,-2.389039755,0.169803575,-6.523736954,71.86544037,56.53253555,9.772548676,-2.389039755,0.169803575,-6.523736954,71.86544037,56.53253555,9.772548676,-2.389039755,0.169803575
10.72400051,2.968548059,-1.555532932,-1.307858467,-1.194799423,1.208261728,-0.419563413,0.66599977,0.736743927,-0.421308786,0.348394394,0.466282517,1.10249567,-6.229209423,69.81468964,56.53680038,9.789604187,-2.315345287,0.158906013,-6.229209423,69.81468964,56.53680038,9.789604187,-2.315345287,0.158906013,-6.229209423,69.81468964,56.53680038,9.789604187,-2.315345287,0.158906013
10.74400051,2.981624842,-1.54082346,-1.316281319,-1.187685013,1.217600107,-0.397331357,0.64247334,0.726453722,-0.407626808,0.344048262,0.467660457,1.115933776,-5.933913708,67.79666138,56.54234695,9.809790611,-2.242578268,0.147966683,-5.933913708,67.79666138,56.54234695,9.809790611,-2.242578268,0.147966683,-5.933913708,67.79666138,56.54234695,9.809790611,-2.242578268,0.147966683
10.76400051,2.994220972,-1.526331425,-1.324421883,-1.180654526,1.226953745,-0.37483418,0.618802845,0.715819895,-0.393846512,0.340007097,0.468567222,1.128903866,-5.651259422,65.81241608,56.53458023,9.825066566,-2.167704105,0.136935741,-5.651259422,65.81241608,56.53458023,9.825066566,-2.167704105,0.136935741,-5.651259422,65.81241608,56.53458023,9.825066566,-2.167704105,0.136935741
10.78400051,3.006328821,-1.512053013,-1.332283974,-1.173704147,1.2363379,-0.352084279,0.59506917,0.704880714,-0.379945695,0.335846335,0.468857706,1.141407609,-5.364992142,63.84928131,56.5247879,9.835014343,-2.097265482,0.125869349,-5.364992142,63.84928131,56.5247879,9.835014343,-2.097265482,0.125869349,-5.364992142,63.84928131,56.5247879,9.835014343,-2.097265482,0.125869349
10.80400051,3.017978907,-1.497995853,-1.339859962,-1.166849136,1.245722055,-0.329091191,0.571231008,0.693584979,-0.365920126,0.331720322,0.468571097,1.15342772,-5.117682934,61.88433838,56.50984955,9.846879959,-2.024564266,0.11478401,-5.117682934,61.88433838,56.50984955,9.846879959,-2.024564266,0.11478401,-5.117682934,61.88433838,56.50984955,9.846879959,-2.024564266,0.11478401
10.82400051,3.02914834,-1.484175205,-1.347149849,-1.160078049,1.255087137,-0.305862546,0.547136784,0.68190217,-0.351734906,0.327613831,0.468053818,1.164940834,-4.892852306,59.95927429,56.48068237,9.853256226,-1.949268699,0.103668883,-4.892852306,59.95927429,56.48068237,9.853256226,-1.949268699,0.103668883,-4.892852306,59.95927429,56.48068237,9.853256226,-1.949268699,0.103668883
10.84400052,3.039821863,-1.470602512,-1.354149818,-1.15338707,1.264433146,-0.282410741,0.522851408,0.669985771,-0.337608039,0.323570639,0.467560023,1.175934792,-4.665720463,58.11439896,56.44713974,9.8564291,-1.872744441,0.092579179,-4.665720463,58.11439896,56.44713974,9.8564291,-1.872744441,0.092579179,-4.665720463,58.11439896,56.44713974,9.8564291,-1.872744441,0.092579179
10.86400052,3.050022364,-1.457262516,-1.3608675,-1.146787643,1.273779154,-0.25874722,0.498417258,0.65787977,-0.323593974,0.319624156,0.466885656,1.186402202,-4.472557068,56.24360657,56.41161346,9.860471725,-1.802147508,0.081548706,-4.472557068,56.24360657,56.41161346,9.860471725,-1.802147508,0.081548706,-4.472557068,56.24360657,56.41161346,9.860471725,-1.802147508,0.081548706
10.88400052,3.059719324,-1.444178104,-1.367295265,-1.140268326,1.283109903,-0.234877869,0.473722965,0.64542383,-0.309497476,0.315699369,0.4658041,1.196331859,-4.291387081,54.41456223,56.37081909,9.860523224,-1.73600769,0.07052803,-4.291387081,54.41456223,56.37081909,9.860523224,-1.73600769,0.07052803,-4.291387081,54.41456223,56.37081909,9.860523224,-1.73600769,0.07052803
10.90400052,3.068928003,-1.431341648,-1.373444557,-1.133836746,1.292410135,-0.210818097,0.448819965,0.632701755,-0.295408875,0.311719209,0.464235395,1.205715299,-4.127196312,52.58117294,56.33111572,9.859704018,-1.671339512,0.059600793,-4.127196312,52.58117294,56.33111572,9.859704018,-1.671339512,0.059600793,-4.127196312,52.58117294,56.33111572,9.859704018,-1.671339512,0.059600793
10.92400052,3.077617884,-1.418772221,-1.379300117,-1.12748909,1.30167222,-0.186577603,0.423644066,0.619646132,-0.281271517,0.30785498,0.462190419,1.214542866,-3.96688509,50.80353546,56.28145218,9.859641075,-1.608477712,0.048776679,-3.96688509,50.80353546,56.28145218,9.859641075,-1.608477712,0.048776679,-3.96688509,50.80353546,56.28145218,9.859641075,-1.608477712,0.048776679
10.94400052,3.085811853,-1.406469822,-1.384869576,-1.121217728,1.310892344,-0.162167832,0.398290545,0.606354654,-0.267254651,0.304260701,0.459466815,1.222808957,-3.832607746,49.05228043,56.22507858,9.853767395,-1.547909379,0.038074091,-3.832607746,49.05228043,56.22507858,9.853767395,-1.547909379,0.038074091,-3.832607746,49.05228043,56.22507858,9.853767395,-1.547909379,0.038074091
10.96400052,3.093494654,-1.394438267,-1.390156746,-1.115026474,1.320047617,-0.137600228,0.372735411,0.592778146,-0.25322929,0.300627828,0.456090212,1.230515122,-3.704003334,47.32385635,56.17301178,9.846736908,-1.487199068,0.027528737,-3.704003334,47.32385635,56.17301178,9.846736908,-1.487199068,0.027528737,-3.704003334,47.32385635,56.17301178,9.846736908,-1.487199068,0.027528737
10.98400052,3.100658655,-1.382685184,-1.395153999,-1.108911514,1.329130411,-0.112885043,0.346877813,0.578875721,-0.239162177,0.296976477,0.45232895,1.237651348,-3.589664936,45.63113403,56.10440445,9.837377548,-1.426568031,0.017127894,-3.589664936,45.63113403,56.10440445,9.837377548,-1.426568031,0.017127894,-3.589664936,45.63113403,56.10440445,9.837377548,-1.426568031,0.017127894
11.00400052,3.107296228,-1.37121439,-1.39987278,-1.102872849,1.338136911,-0.088035151,0.320798188,0.564717531,-0.225127727,0.29330337,0.448151886,1.244219303,-3.480516434,43.94740677,56.04350662,9.826325417,-1.367269635,0.006918159,-3.480516434,43.94740677,56.04350662,9.826325417,-1.367269635,0.006918159,-3.480516434,43.94740677,56.04350662,9.826325417,-1.367269635,0.006918159
11.02400052,3.113407373,-1.360029697,-1.404301643,-1.096910477,1.347059488,-0.063060567,0.294503957,0.550278544,-0.21112667,0.28967914,0.443539321,1.250217795,-3.379446268,42.3013649,55.96406937,9.813972473,-1.309515715,-0.003101881,-3.379446268,42.3013649,55.96406937,9.813972473,-1.309515715,-0.003101881,-3.379446268,42.3013649,55.96406937,9.813972473,-1.309515715,-0.003101881
11.04400052,3.11899209,-1.349142551,-1.408452034,-1.091024399,1.355879068,-0.037973687,0.268015176,0.535549104,-0.197135463,0.286098182,0.438510746,1.255648613,-3.291607141,40.68791962,55.88835907,9.800807953,-1.251707435,-0.012906477,-3.291607141,40.68791962,55.88835907,9.800807953,-1.251707435,-0.012906477,-3.291607141,40.68791962,55.88835907,9.800807953,-1.251707435,-0.012906477
11.06400053,3.124042749,-1.338556767,-1.412316322,-1.085214615,1.364599466,-0.012785344,0.241369545,0.520627797,-0.183325008,0.282760948,0.433102548,1.260507226,-3.21284914,39.11077118,55.79790878,9.786218643,-1.196223259,-0.022487247,-3.21284914,39.11077118,55.79790878,9.786218643,-1.196223259,-0.022487247,-3.21284914,39.11077118,55.79790878,9.786218643,-1.196223259,-0.022487247
11.08400053,3.128559351,-1.328272343,-1.415905952,-1.079469681,1.373209238,0.012492754,0.214548647,0.505472362,-0.169631213,0.279604107,0.427356392,1.264796376,-3.146623135,37.55437088,55.70855713,9.767402649,-1.14248395,-0.031829875,-3.146623135,37.55437088,55.70855713,9.767402649,-1.14248395,-0.031829875,-3.146623135,37.55437088,55.70855713,9.767402649,-1.14248395,-0.031829875
11.10400053,3.132534266,-1.318300724,-1.41921711,-1.073793411,1.381696939,0.03784937,0.187563658,0.490091532,-0.156016171,0.276341468,0.421266049,1.26852119,-3.088107347,36.045681,55.61655807,9.745201111,-1.089786053,-0.040925562,-3.088107347,36.045681,55.61655807,9.745201111,-1.089786053,-0.040925562,-3.088107347,36.045681,55.61655807,9.745201111,-1.089786053,-0.040925562
11.12400053,3.135967493,-1.308638096,-1.422249794,-1.068185806,1.390058756,0.063273251,0.160452574,0.474502474,-0.142534405,0.27306208,0.414771467,1.271683455,-3.042183161,34.53407669,55.51043701,9.721855164,-1.039128184,-0.049768738,-3.042183161,34.53407669,55.51043701,9.721855164,-1.039128184,-0.049768738,-3.042183161,34.53407669,55.51043701,9.721855164,-1.039128184,-0.049768738
11.14400053,3.138859034,-1.299299717,-1.425011635,-1.062643051,1.398294687,0.088753045,0.133179307,0.458700657,-0.129182652,0.269736201,0.407900095,1.274283528,-3.01043129,33.09526443,55.40087891,9.696372986,-0.993701279,-0.058349721,-3.01043129,33.09526443,55.40087891,9.696372986,-0.993701279,-0.058349721,-3.01043129,33.09526443,55.40087891,9.696372986,-0.993701279,-0.058349721
11.16400053,3.141185999,-1.290277958,-1.427506447,-1.057168961,1.406381845,0.114277899,0.105796486,0.44273138,-0.116022177,0.266473651,0.400524467,1.276325345,-2.981971502,31.66163635,55.29062271,9.670603752,-0.948390067,-0.066665493,-2.981971502,31.66163635,55.29062271,9.670603752,-0.948390067,-0.066665493,-2.981971502,31.66163635,55.29062271,9.670603752,-0.948390067,-0.066665493
11.18400053,3.142971277,-1.281580448,-1.42973423,-1.051763535,1.414316416,0.139836133,0.078248277,0.426500767,-0.1029687,0.26336211,0.392811626,1.277812004,-2.96595645,30.24008751,55.1739006,9.646583557,-0.904950261,-0.074710928,-2.96595645,30.24008751,55.1739006,9.646583557,-0.904950261,-0.074710928,-2.96595645,30.24008751,55.1739006,9.646583557,-0.904950261,-0.074710928
11.20400053,3.14419198,-1.273214817,-1.431698799,-1.046426773,1.422098398,0.165417492,0.050530829,0.410031229,-0.090083659,0.260566711,0.384734422,1.278745294,-2.949221611,28.85832596,55.0528717,9.619915962,-0.865402043,-0.082483917,-2.949221611,28.85832596,55.0528717,9.619915962,-0.865402043,-0.082483917,-2.949221611,28.85832596,55.0528717,9.619915962,-0.865402043,-0.082483917
11.22400053,3.144855738,-1.265184879,-1.433407784,-1.041143417,1.429720163,0.191010773,0.022715719,0.393343836,-0.077372372,0.257884234,0.376096755,1.279133081,-2.951620817,27.51617622,54.927845,9.58878994,-0.829119921,-0.089985967,-2.951620817,27.51617622,54.927845,9.58878994,-0.829119921,-0.089985967,-2.951620817,27.51617622,54.927845,9.58878994,-0.829119921,-0.089985967
11.24400053,3.144962549,-1.25749445,-1.434853554,-1.035921097,1.437158823,0.216604054,-0.005188462,0.376480013,-0.06484241,0.255184978,0.366902322,1.278979182,-2.96080637,26.22542191,54.79414749,9.555090904,-0.793284059,-0.097208671,-2.96080637,26.22542191,54.79414749,9.555090904,-0.793284059,-0.097208671,-2.96080637,26.22542191,54.79414749,9.555090904,-0.793284059,-0.097208671
11.26400054,3.144504786,-1.250147343,-1.436055183,-1.030755997,1.444410563,0.242186844,-0.033267189,0.35943079,-0.05251481,0.25250423,0.357421249,1.278283715,-2.976644516,24.95701981,54.66674042,9.521090508,-0.758904755,-0.104149468,-2.976644516,24.95701981,54.66674042,9.521090508,-0.758904755,-0.104149468,-2.976644516,24.95701981,54.66674042,9.521090508,-0.758904755,-0.104149468
11.28400054,3.143482447,-1.243147373,-1.437001228,-1.025644302,1.451471567,0.267750055,-0.06150014,0.342190057,-0.040353745,0.249705195,0.3476291,1.277053237,-3.009774208,23.71319008,54.52047729,9.482917786,-0.726948142,-0.110843822,-3.009774208,23.71319008,54.52047729,9.482917786,-0.726948142,-0.110843822,-3.009774208,23.71319008,54.52047729,9.482917786,-0.726948142,-0.110843822
11.30400054,3.141887903,-1.236498356,-1.437706947,-1.020593643,1.458338022,0.293278962,-0.089924872,0.324801803,-0.028490232,0.247029185,0.337579221,1.275287271,-3.037274599,22.52413559,54.37641525,9.447217941,-0.698616028,-0.117224015,-3.037274599,22.52413559,54.37641525,9.447217941,-0.698616028,-0.117224015,-3.037274599,22.52413559,54.37641525,9.447217941,-0.698616028,-0.117224015
11.32400054,3.139713526,-1.230196476,-1.438176155,-1.01559639,1.464994669,0.318766862,-0.118397906,0.307271957,-0.016847914,0.244264722,0.327028096,1.273002148,-3.073608398,21.34489441,54.23762131,9.408120155,-0.671915531,-0.123356812,-3.073608398,21.34489441,54.23762131,9.408120155,-0.671915531,-0.123356812,-3.073608398,21.34489441,54.23762131,9.408120155,-0.671915531,-0.123356812
11.34400054,3.136966944,-1.224253178,-1.438408852,-1.010660172,1.471441507,0.344204217,-0.146951213,0.289607495,-0.005498279,0.241693094,0.316148281,1.270196795,-3.11190486,20.21025085,54.08913803,9.372558594,-0.648397148,-0.129259169,-3.11190486,20.21025085,54.08913803,9.372558594,-0.648397148,-0.129259169,-3.11190486,20.21025085,54.08913803,9.372558594,-0.648397148,-0.129259169
11.36400054,3.133648157,-1.218672276,-1.438412666,-1.005777359,1.477678537,0.369576722,-0.175637662,0.271731406,0.00564414,0.239230335,0.304867446,1.26687789,-3.16763854,19.11415863,53.93849182,9.333427429,-0.628589332,-0.134878129,-3.16763854,19.11415863,53.93849182,9.333427429,-0.628589332,-0.134878129,-3.16763854,19.11415863,53.93849182,9.333427429,-0.628589332,-0.134878129
11.38400054,3.129741907,-1.213442326,-1.438195229,-1.000944138,1.483682871,0.394875795,-0.204437777,0.253706127,0.016495811,0.23695384,0.293135256,1.263050675,-3.219633102,18.02609253,53.78565979,9.293048859,-0.611145735,-0.140244931,-3.219633102,18.02609253,53.78565979,9.293048859,-0.611145735,-0.140244931,-3.219633102,18.02609253,53.78565979,9.293048859,-0.611145735,-0.140244931
11.40400054,3.125271082,-1.208586216,-1.437764168,-0.996156693,1.489443064,0.420092851,-0.233365119,0.23545517,0.027206196,0.234571978,0.281089574,1.258723497,-3.284175873,17.00383759,53.64001465,9.250197411,-0.59245652,-0.145391583,-3.284175873,17.00383759,53.64001465,9.250197411,-0.59245652,-0.145391583,-3.284175873,17.00383759,53.64001465,9.250197411,-0.59245652,-0.145391583
11.42400054,3.120205164,-1.204103947,-1.437111855,-0.991422653,1.494962931,0.445219308,-0.262390733,0.21713388,0.037579034,0.232179552,0.26890865,1.253892541,-3.347810507,16.04187012,53.48447037,9.207756042,-0.5768556,-0.150343612,-3.347810507,16.04187012,53.48447037,9.207756042,-0.5768556,-0.150343612,-3.347810507,16.04187012,53.48447037,9.207756042,-0.5768556,-0.150343612
11.44400054,3.114559412,-1.199984074,-1.436257362,-0.986740112,1.500238657,0.470238954,-0.291384995,0.198782995,0.047563732,0.229863077,0.256348103,1.248567224,-3.415534019,15.09535885,53.33285904,9.165688515,-0.56505096,-0.155029282,-3.415534019,15.09535885,53.33285904,9.165688515,-0.56505096,-0.155029282,-3.415534019,15.09535885,53.33285904,9.165688515,-0.56505096,-0.155029282
11.46400054,3.108333826,-1.196234226,-1.435200691,-0.98210144,1.505262613,0.49514702,-0.320583522,0.180222332,0.057343092,0.227583647,0.243683264,1.242753386,-3.497072458,14.17084503,53.17912292,9.121756554,-0.555606067,-0.159504831,-3.497072458,14.17084503,53.17912292,9.121756554,-0.555606067,-0.159504831,-3.497072458,14.17084503,53.17912292,9.121756554,-0.555606067,-0.159504831
11.48400055,3.101513147,-1.192858219,-1.433945656,-0.977516174,1.510030985,0.519933045,-0.349843949,0.161533818,0.066821739,0.225373387,0.23064813,1.236458182,-3.573206902,13.28643894,53.02249908,9.079294205,-0.550188303,-0.163795605,-3.573206902,13.28643894,53.02249908,9.079294205,-0.550188303,-0.163795605,-3.573206902,13.28643894,53.02249908,9.079294205,-0.550188303,-0.163795605
11.50400055,3.094089746,-1.189863682,-1.4325037,-0.972970963,1.514532328,0.544585526,-0.379012644,0.142760634,0.075976036,0.223210335,0.217147872,1.229691267,-3.641272783,12.46225452,52.87065125,9.033878326,-0.545957148,-0.167855069,-3.641272783,12.46225452,52.87065125,9.033878326,-0.545957148,-0.167855069,-3.641272783,12.46225452,52.87065125,9.033878326,-0.545957148,-0.167855069
11.52400055,3.08610177,-1.187250614,-1.430882454,-0.968473434,1.518762827,0.569098771,-0.408121705,0.123934858,0.08480294,0.220970631,0.203306317,1.222454786,-3.732355833,11.68901539,52.7256813,8.989999771,-0.543630421,-0.171746656,-3.732355833,11.68901539,52.7256813,8.989999771,-0.543630421,-0.171746656,-3.732355833,11.68901539,52.7256813,8.989999771,-0.543630421,-0.171746656
11.54400055,3.077518702,-1.185019016,-1.429085732,-0.96402359,1.522711039,0.593459427,-0.437296808,0.105050698,0.093296386,0.218712285,0.189269319,1.214751244,-3.826897621,10.9615097,52.58033752,8.946581841,-0.543269455,-0.175444171,-3.826897621,10.9615097,52.58033752,8.946581841,-0.543269455,-0.175444171,-3.826897621,10.9615097,52.58033752,8.946581841,-0.543269455,-0.175444171
11.56400055,3.068348169,-1.183168888,-1.427113533,-0.959623337,1.526388407,0.617661774,-0.466471523,0.086132936,0.101394564,0.216647506,0.174998626,1.206585884,-3.926445246,10.273283,52.43717575,8.90551281,-0.547007143,-0.179008096,-3.926445246,10.273283,52.43717575,8.90551281,-0.547007143,-0.179008096,-3.926445246,10.273283,52.43717575,8.90551281,-0.547007143,-0.179008096
11.58400055,3.058582544,-1.18170023,-1.424984932,-0.95526123,1.529772043,0.64169246,-0.495584041,0.067172542,0.109146103,0.214632154,0.160426244,1.197969675,-4.017213345,9.620892525,52.30212784,8.861050606,-0.551873684,-0.182356507,-4.017213345,9.620892525,52.30212784,8.861050606,-0.551873684,-0.182356507,-4.017213345,9.620892525,52.30212784,8.861050606,-0.551873684,-0.182356507
11.60400055,3.048229456,-1.180613041,-1.422696114,-0.950942993,1.532865763,0.665543854,-0.524690866,0.048126329,0.116632566,0.21248965,0.145671234,1.188909888,-4.120567322,9.003708839,52.16558075,8.817130089,-0.558409393,-0.185545549,-4.120567322,9.003708839,52.16558075,8.817130089,-0.558409393,-0.185545549,-4.120567322,9.003708839,52.16558075,8.817130089,-0.558409393,-0.185545549
11.62400055,3.037304163,-1.179907322,-1.420258522,-0.946670532,1.535661936,0.689212143,-0.553857923,0.028965982,0.12383353,0.210399956,0.130847782,1.179409623,-4.241032124,8.421170235,52.03390884,8.775566101,-0.568126857,-0.188628703,-4.241032124,8.421170235,52.03390884,8.775566101,-0.568126857,-0.188628703,-4.241032124,8.421170235,52.03390884,8.775566101,-0.568126857,-0.188628703
11.64400055,3.025776148,-1.179598331,-1.417683601,-0.942440033,1.538164377,0.712683976,-0.582983255,0.009765886,0.130693674,0.208328679,0.115802519,1.169475198,-4.341218948,7.928668499,51.9094162,8.733765602,-0.581662357,-0.191541225,-4.341218948,7.928668499,51.9094162,8.733765602,-0.581662357,-0.191541225,-4.341218948,7.928668499,51.9094162,8.733765602,-0.581662357,-0.191541225
11.66400055,3.013668299,-1.17967844,-1.414967537,-0.93825531,1.540361643,0.735951722,-0.611978829,-0.009437026,0.137203038,0.206245616,0.100455508,1.159116626,-4.462528706,7.473826885,51.78888702,8.693447113,-0.596532106,-0.194335461,-4.462528706,7.473826885,51.78888702,8.693447113,-0.596532106,-0.194335461,-4.462528706,7.473826885,51.78888702,8.693447113,-0.596532106,-0.194335461
11.68400055,3.000988245,-1.180147648,-1.412125587,-0.934114456,1.542253733,0.759005845,-0.640963733,-0.028595399,0.143242747,0.204351619,0.084962294,1.148336768,-4.599537373,7.082987785,51.67599106,8.654086113,-0.614153624,-0.196969241,-4.599537373,7.082987785,51.67599106,8.654086113,-0.614153624,-0.196969241,-4.599537373,7.082987785,51.67599106,8.654086113,-0.614153624,-0.196969241
11.70400056,2.987705469,-1.180998325,-1.409165382,-0.930011749,1.543825388,0.781840622,-0.669876218,-0.047759302,0.148944438,0.20240809,0.069295123,1.137146115,-4.713123322,6.713596344,51.57420349,8.613614082,-0.631559849,-0.199515596,-4.713123322,6.713596344,51.57420349,8.613614082,-0.631559849,-0.199515596,-4.713123322,6.713596344,51.57420349,8.613614082,-0.631559849,-0.199515596
11.72400056,2.973858118,-1.182230473,-1.406090736,-0.925949097,1.545088053,0.804446518,-0.698712945,-0.067017525,0.154448316,0.200270325,0.053536806,1.125555873,-4.856492996,6.373447895,51.47695541,8.574354172,-0.653428018,-0.201932609,-4.856492996,6.373447895,51.47695541,8.574354172,-0.653428018,-0.201932609,-4.856492996,6.373447895,51.47695541,8.574354172,-0.653428018,-0.201932609
11.74400056,2.959423304,-1.183851719,-1.402905464,-0.921930313,1.546041727,0.826813996,-0.727603734,-0.086411826,0.159751877,0.198045745,0.037733641,1.113573313,-4.991847038,6.098770618,51.38005829,8.536687851,-0.678853869,-0.204230025,-4.991847038,6.098770618,51.38005829,8.536687851,-0.678853869,-0.204230025,-4.991847038,6.098770618,51.38005829,8.536687851,-0.678853869,-0.204230025
11.76400056,2.944408655,-1.185862064,-1.399617195,-0.917957306,1.546678782,0.84893924,-0.756244063,-0.105776981,0.164633155,0.195988953,0.021495746,1.101208687,-5.125557899,5.878417015,51.28398132,8.501671791,-0.705949306,-0.2064441,-5.125557899,5.878417015,51.28398132,8.501671791,-0.705949306,-0.2064441,-5.125557899,5.878417015,51.28398132,8.501671791,-0.705949306,-0.2064441
11.78400056,2.928821802,-1.188276768,-1.396229744,-0.91402626,1.546983957,0.870808899,-0.784712315,-0.12511161,0.16909118,0.194026113,0.00510352,1.088466525,-5.276646137,5.760271549,51.19484711,8.466623306,-0.733203351,-0.208491743,-5.276646137,5.760271549,51.19484711,8.466623306,-0.733203351,-0.208491743,-5.276646137,5.760271549,51.19484711,8.466623306,-0.733203351,-0.208491743
11.80400056,2.912662745,-1.191072941,-1.39275074,-0.910133362,1.546961069,0.892422974,-0.812927723,-0.144269347,0.172945812,0.192137942,-0.011467785,1.075355768,-5.428212166,5.675662994,51.10745621,8.429940224,-0.761145115,-0.210515559,-5.428212166,5.675662994,51.10745621,8.429940224,-0.761145115,-0.210515559,-5.428212166,5.675662994,51.10745621,8.429940224,-0.761145115,-0.210515559
11.82400056,2.895939112,-1.194250584,-1.389203072,-0.906280518,1.546613932,0.913768113,-0.84098351,-0.163373157,0.176373243,0.190105408,-0.02796114,1.061881304,-5.598503113,5.620441437,51.04352951,8.393984795,-0.790933788,-0.21239832,-5.598503113,5.620441437,51.04352951,8.393984795,-0.790933788,-0.21239832,-5.598503113,5.620441437,51.04352951,8.393984795,-0.790933788,-0.21239832
11.84400056,2.878650904,-1.197824955,-1.385590553,-0.902475357,1.545934916,0.934834778,-0.868880212,-0.182436943,0.179456279,0.187870383,-0.044408333,1.048064351,-5.76758337,5.664513111,50.99235535,8.362174034,-0.822846472,-0.214140132,-5.76758337,5.664513111,50.99235535,8.362174034,-0.822846472,-0.214140132,-5.76758337,5.664513111,50.99235535,8.362174034,-0.822846472,-0.214140132
11.86400056,2.86080575,-1.201780796,-1.381917,-0.898714066,1.544935465,0.955624878,-0.89663136,-0.201464638,0.182235762,0.185497195,-0.060786474,1.033915162,-5.946734428,5.750533104,50.95896149,8.333820343,-0.858141661,-0.215847373,-5.946734428,5.750533104,50.95896149,8.333820343,-0.858141661,-0.215847373,-5.946734428,5.750533104,50.95896149,8.333820343,-0.858141661,-0.215847373
11.88400056,2.84241128,-1.206118107,-1.378186226,-0.895004272,1.543600321,0.976128876,-0.924191236,-0.220468074,0.184683338,0.183162063,-0.077165961,1.019442677,-6.141199112,5.886313915,50.9301033,8.309539795,-0.894670248,-0.217478901,-6.141199112,5.886313915,50.9301033,8.309539795,-0.894670248,-0.217478901,-6.141199112,5.886313915,50.9301033,8.309539795,-0.894670248,-0.217478901
11.90400057,2.823452234,-1.210836887,-1.374409676,-0.891336441,1.541948557,0.99633342,-0.951562405,-0.239478499,0.186844036,0.180924177,-0.093591124,1.004662991,-6.338649273,6.080726624,50.92077255,8.285457611,-0.935363293,-0.218965709,-6.338649273,6.080726624,50.92077255,8.285457611,-0.935363293,-0.218965709,-6.338649273,6.080726624,50.92077255,8.285457611,-0.935363293,-0.218965709
11.92400057,2.803951502,-1.215937138,-1.370591164,-0.887718201,1.5399611,1.016244173,-0.978698313,-0.258483499,0.188730061,0.178686991,-0.110114552,0.989589632,-6.543669701,6.340401173,50.91685486,8.265173912,-0.976963162,-0.220461458,-6.543669701,6.340401173,50.91685486,8.265173912,-0.976963162,-0.220461458,-6.543669701,6.340401173,50.91685486,8.265173912,-0.976963162,-0.220461458
11.94400057,2.783909082,-1.221411228,-1.366734505,-0.884143829,1.537649393,1.035851717,-1.00558126,-0.277466714,0.190291315,0.17656295,-0.126737684,0.974226773,-6.759017944,6.642394066,50.91570282,8.243541718,-1.021370769,-0.221913561,-6.759017944,6.642394066,50.91570282,8.243541718,-1.021370769,-0.221913561,-6.759017944,6.642394066,50.91570282,8.243541718,-1.021370769,-0.221913561
11.96400057,2.763324976,-1.227266788,-1.362847328,-0.88061142,1.535005808,1.05515027,-1.032198429,-0.296447903,0.191586629,0.174363732,-0.143386841,0.958584487,-6.980194092,7.027177811,50.92662811,8.222650528,-1.065761685,-0.223327309,-6.980194092,7.027177811,50.92662811,8.222650528,-1.065761685,-0.223327309,-6.980194092,7.027177811,50.92662811,8.222650528,-1.065761685,-0.223327309
11.98400057,2.742222071,-1.233503819,-1.358933449,-0.877126694,1.532022715,1.074124575,-1.058438659,-0.315334439,0.192530274,0.172039375,-0.160053864,0.942673683,-7.22812748,7.497196198,50.94314957,8.204425812,-1.109853745,-0.224556327,-7.22812748,7.497196198,50.94314957,8.204425812,-1.109853745,-0.224556327,-7.22812748,7.497196198,50.94314957,8.204425812,-1.109853745,-0.224556327
12.00400057,2.720592737,-1.240122318,-1.355004311,-0.873687744,1.528711557,1.092778444,-1.08435595,-0.334029555,0.19293882,0.169739857,-0.176628932,0.926511824,-7.487545967,8.054656982,50.97009659,8.185421944,-1.155733824,-0.225801826,-7.487545967,8.054656982,50.97009659,8.185421944,-1.155733824,-0.225801826,-7.487545967,8.054656982,50.97009659,8.185421944,-1.155733824,-0.225801826
12.02400057,2.698436975,-1.247122288,-1.351075172,-0.870300293,1.525079966,1.11110425,-1.109853268,-0.352478206,0.192856431,0.16722399,-0.193110272,0.910107255,-7.747206688,8.706214905,51.02225876,8.170827866,-1.203992009,-0.226911575,-7.747206688,8.706214905,51.02225876,8.170827866,-1.203992009,-0.226911575,-7.747206688,8.706214905,51.02225876,8.170827866,-1.203992009,-0.226911575
12.04400057,2.675770044,-1.254480839,-1.347146034,-0.866962433,1.521108866,1.129101992,-1.134923816,-0.370667845,0.192309156,0.164551795,-0.209530458,0.893474221,-8.032450676,9.384357452,51.09144592,8.159878731,-1.2509619,-0.228074849,-8.032450676,9.384357452,51.09144592,8.159878731,-1.2509619,-0.228074849,-8.032450676,9.384357452,51.09144592,8.159878731,-1.2509619,-0.228074849
12.06400057,2.652622461,-1.262205601,-1.343224525,-0.863681793,1.516828775,1.14676404,-1.159758925,-0.388837814,0.191537723,0.161845386,-0.225605652,0.87662673,-8.345704079,10.12046623,51.16921616,8.153089523,-1.303034067,-0.229195088,-8.345704079,10.12046623,51.16921616,8.153089523,-1.303034067,-0.229195088,-8.345704079,10.12046623,51.16921616,8.153089523,-1.303034067,-0.229195088
12.08400057,2.628971338,-1.270300388,-1.339325905,-0.860456467,1.512224436,1.16408658,-1.184317946,-0.406866908,0.190445051,0.159139514,-0.241575345,0.859575808,-8.673068047,10.96513271,51.27836609,8.149392128,-1.356848598,-0.230279371,-8.673068047,10.96513271,51.27836609,8.149392128,-1.356848598,-0.230279371,-8.673068047,10.96513271,51.27836609,8.149392128,-1.356848598,-0.230279371
12.10400057,2.604831934,-1.278749943,-1.335442543,-0.857286453,1.507295847,1.181065798,-1.208611131,-0.424847394,0.189181238,0.156441674,-0.257250786,0.842333913,-9.007083893,11.84530067,51.38917542,8.148527145,-1.410303593,-0.231338367,-9.007083893,11.84530067,51.38917542,8.148527145,-1.410303593,-0.231338367,-9.007083893,11.84530067,51.38917542,8.148527145,-1.410303593,-0.231338367
12.12400058,2.580211878,-1.287565708,-1.331593513,-0.854167938,1.502062082,1.197694063,-1.232517958,-0.442664295,0.187655568,0.153668642,-0.272809446,0.824912906,-9.366353989,12.84494209,51.52873611,8.148118973,-1.467922807,-0.232314512,-9.366353989,12.84494209,51.52873611,8.148118973,-1.467922807,-0.232314512,-9.366353989,12.84494209,51.52873611,8.148118973,-1.467922807,-0.232314512
12.14400058,2.555118799,-1.296732426,-1.327775002,-0.851106644,1.496523142,1.213971376,-1.255978107,-0.460303307,0.18588537,0.150778785,-0.28843528,0.807329416,-9.737045288,13.89945507,51.67529297,8.151189804,-1.528048158,-0.233268455,-9.737045288,13.89945507,51.67529297,8.151189804,-1.528048158,-0.233268455,-9.737045288,13.89945507,51.67529297,8.151189804,-1.528048158,-0.233268455
12.16400058,2.529552698,-1.30625391,-1.323994637,-0.848106384,1.490675211,1.229897738,-1.278973937,-0.477754146,0.183877096,0.147835553,-0.304168195,0.789593101,-10.11898613,15.02410889,51.83555603,8.158475876,-1.588662982,-0.234308809,-10.11898613,15.02410889,51.83555603,8.158475876,-1.588662982,-0.234308809,-10.11898613,15.02410889,51.83555603,8.158475876,-1.588662982,-0.234308809
12.18400058,2.503544092,-1.316122532,-1.320252419,-0.84516716,1.484495401,1.245469332,-1.301547885,-0.495028079,0.181632638,0.14495869,-0.319715351,0.771715641,-10.53382015,16.23451996,52.00243759,8.168375969,-1.644848347,-0.235311449,-10.53382015,16.23451996,52.00243759,8.168375969,-1.644848347,-0.235311449,-10.53382015,16.23451996,52.00243759,8.168375969,-1.644848347,-0.235311449
12.20400058,2.477092981,-1.326334476,-1.316552162,-0.842281342,1.478014231,1.2606709,-1.32374835,-0.512051046,0.179045394,0.142152816,-0.334755957,0.753700137,-10.96225739,17.51243973,52.17061615,8.176105499,-1.701751471,-0.236205861,-10.96225739,17.51243973,52.17061615,8.176105499,-1.701751471,-0.236205861,-10.96225739,17.51243973,52.17061615,8.176105499,-1.701751471,-0.236205861
12.22400058,2.450191736,-1.336885929,-1.312905312,-0.839454651,1.471250772,1.275525331,-1.345534921,-0.52884984,0.176191568,0.139212042,-0.349494487,0.735567987,-11.40396309,18.86049652,52.35635376,8.185466766,-1.765213728,-0.237266496,-11.40396309,18.86049652,52.35635376,8.185466766,-1.765213728,-0.237266496,-11.40396309,18.86049652,52.35635376,8.185466766,-1.765213728,-0.237266496
12.24400058,2.422855616,-1.34777689,-1.309319496,-0.836688995,1.464185953,1.290002108,-1.366771579,-0.545357823,0.173048243,0.136096507,-0.36420235,0.717324197,-11.86138248,20.30803299,52.55295944,8.196956635,-1.827185392,-0.238181978,-11.86138248,20.30803299,52.55295944,8.196956635,-1.827185392,-0.238181978,-11.86138248,20.30803299,52.55295944,8.196956635,-1.827185392,-0.238181978
12.26400058,2.395115137,-1.3589921,-1.305794716,-0.83398819,1.456827402,1.304124117,-1.387555003,-0.561614931,0.169666454,0.132846355,-0.378542602,0.698984683,-12.34484768,21.78226852,52.75809479,8.210506439,-1.888446927,-0.23922123,-12.34484768,21.78226852,52.75809479,8.210506439,-1.888446927,-0.23922123,-12.34484768,21.78226852,52.75809479,8.210506439,-1.888446927,-0.23922123
12.28400058,2.366962671,-1.370531559,-1.302334785,-0.831352234,1.449190378,1.317876101,-1.40788734,-0.577643335,0.166078806,0.129529893,-0.392619222,0.680552363,-12.84368992,23.33603859,52.97438049,8.226820946,-1.953259826,-0.240295321,-12.84368992,23.33603859,52.97438049,8.226820946,-1.953259826,-0.240295321,-12.84368992,23.33603859,52.97438049,8.226820946,-1.953259826,-0.240295321
12.30400058,2.338405848,-1.382387638,-1.298951149,-0.828783035,1.441274881,1.331246614,-1.427822351,-0.593487501,0.162361592,0.126128986,-0.406294644,0.662045956,-13.36133099,24.93015671,53.19914246,8.244070053,-2.018693447,-0.241204873,-13.36133099,24.93015671,53.19914246,8.244070053,-2.018693447,-0.241204873,-13.36133099,24.93015671,53.19914246,8.244070053,-2.018693447,-0.241204873
12.32400059,2.309452295,-1.394564152,-1.295643806,-0.826286316,1.433077097,1.344254732,-1.447214961,-0.609072387,0.158458516,0.122715913,-0.419755697,0.643484056,-13.88288498,26.62710571,53.43206406,8.264964104,-2.082610607,-0.242204294,-13.88288498,26.62710571,53.43206406,8.264964104,-2.082610607,-0.242204294,-13.88288498,26.62710571,53.43206406,8.264964104,-2.082610607,-0.242204294
12.34400059,2.280124903,-1.407045841,-1.292412758,-0.823854446,1.424616098,1.356896639,-1.466086745,-0.624399066,0.154388845,0.119310141,-0.432859093,0.624861836,-14.42775726,28.36802483,53.66757584,8.285330772,-2.148762226,-0.243366197,-14.42775726,28.36802483,53.66757584,8.285330772,-2.148762226,-0.243366197,-14.42775726,28.36802483,53.66757584,8.285330772,-2.148762226,-0.243366197
12.36400059,2.250438929,-1.419832706,-1.289261818,-0.821493149,1.4158957,1.369160891,-1.484469295,-0.639469743,0.150160953,0.115840375,-0.44565317,0.606190205,-14.99112129,30.17656326,53.89993668,8.305978775,-2.216412783,-0.244477212,-14.99112129,30.17656326,53.89993668,8.305978775,-2.216412783,-0.244477212,-14.99112129,30.17656326,53.89993668,8.305978775,-2.216412783,-0.244477212
12.38400059,2.220379114,-1.432920933,-1.286194801,-0.819200516,1.406919718,1.381043673,-1.502345204,-0.654220521,0.145701021,0.112358645,-0.458099753,0.587487698,-15.56112671,32.06852722,54.13988495,8.326573372,-2.28401947,-0.245495468,-15.56112671,32.06852722,54.13988495,8.326573372,-2.28401947,-0.245495468,-15.56112671,32.06852722,54.13988495,8.326573372,-2.28401947,-0.245495468
12.40400059,2.189983606,-1.446299076,-1.283223152,-0.816980362,1.397699594,1.392544985,-1.519699454,-0.668674767,0.141115382,0.108655259,-0.470320046,0.568778634,-16.14973831,33.99047089,54.39060974,8.347570419,-2.354229689,-0.246433601,-16.14973831,33.99047089,54.39060974,8.347570419,-2.354229689,-0.246433601,-16.14973831,33.99047089,54.39060974,8.347570419,-2.354229689,-0.246433601
12.42400059,2.159237146,-1.459959507,-1.280339241,-0.814836502,1.388227701,1.403687716,-1.536557555,-0.682860911,0.136461318,0.104818895,-0.482153445,0.550069749,-16.74325562,35.96862793,54.63123703,8.370690346,-2.42194438,-0.247588217,-16.74325562,35.96862793,54.63123703,8.370690346,-2.42194438,-0.247588217,-16.74325562,35.96862793,54.63123703,8.370690346,-2.42194438,-0.247588217
12.44400059,2.128170252,-1.473902225,-1.277550697,-0.812768936,1.378526926,1.414460421,-1.552862525,-0.696723104,0.131640643,0.100992717,-0.493654639,0.531353652,-17.34629822,37.99043655,54.87893295,8.393693924,-2.49196744,-0.248892963,-17.34629822,37.99043655,54.87893295,8.393693924,-2.49196744,-0.248892963,-17.34629822,37.99043655,54.87893295,8.393693924,-2.49196744,-0.248892963
12.46400059,2.096798182,-1.488119602,-1.274861336,-0.810777664,1.368597269,1.424855471,-1.568671465,-0.710279167,0.126740783,0.097071156,-0.504785061,0.512639463,-17.96674538,40.08137512,55.12279129,8.416521072,-2.562511921,-0.250175178,-17.96674538,40.08137512,55.12279129,8.416521072,-2.562511921,-0.250175178,-17.96674538,40.08137512,55.12279129,8.416521072,-2.562511921,-0.250175178
12.48400059,2.065120935,-1.502604008,-1.272263527,-0.808868408,1.35844636,1.434869051,-1.584010363,-0.723505318,0.121727027,0.09311223,-0.515478134,0.493944257,-18.59107208,42.217556,55.36003876,8.439683914,-2.633832693,-0.251376539,-18.59107208,42.217556,55.36003876,8.439683914,-2.633832693,-0.251376539,-18.59107208,42.217556,55.36003876,8.439683914,-2.633832693,-0.251376539
12.50400059,2.033138514,-1.517351627,-1.26977253,-0.807039261,1.348081827,1.444501162,-1.598833084,-0.736370087,0.11658559,0.089160919,-0.525769532,0.475287586,-19.20634079,44.40600967,55.59683609,8.462902069,-2.704822302,-0.252493948,-19.20634079,44.40600967,55.59683609,8.462902069,-2.704822302,-0.252493948,-19.20634079,44.40600967,55.59683609,8.462902069,-2.704822302,-0.252493948
12.52400059,2.000866175,-1.532354832,-1.267384529,-0.805288315,1.337511301,1.453767061,-1.613076448,-0.748830616,0.11130669,0.085147806,-0.535754621,0.456688166,-19.81626892,46.65338898,55.83019257,8.483735085,-2.776936293,-0.253694564,-19.81626892,46.65338898,55.83019257,8.483735085,-2.776936293,-0.253694564,-19.81626892,46.65338898,55.83019257,8.483735085,-2.776936293,-0.253694564
12.5440006,1.968322039,-1.547594547,-1.265091896,-0.803617477,1.326742411,1.462674379,-1.62670958,-0.76088047,0.10594178,0.080916114,-0.545485318,0.438136935,-20.41819572,48.89109039,56.0515976,8.503508568,-2.847837687,-0.255187035,-20.41819572,48.89109039,56.0515976,8.503508568,-2.847837687,-0.255187035,-20.41819572,48.89109039,56.0515976,8.503508568,-2.847837687,-0.255187035
12.5640006,1.935515642,-1.563070774,-1.262913704,-0.802034378,1.315778971,1.471200228,-1.639812112,-0.772644341,0.100633539,0.076581761,-0.554761112,0.419638067,-21.01657486,51.14013672,56.2697258,8.52325058,-2.918051481,-0.256547272,-21.01657486,51.14013672,56.2697258,8.52325058,-2.918051481,-0.256547272,-21.01657486,51.14013672,56.2697258,8.52325058,-2.918051481,-0.256547272
12.5840006,1.902457476,-1.578779697,-1.260842323,-0.800539017,1.30463624,1.479344606,-1.652347088,-0.784066141,0.095370635,0.072183192,-0.563549697,0.401214838,-21.60421753,53.45450592,56.47742462,8.542877197,-2.988536358,-0.257767111,-21.60421753,53.45450592,56.47742462,8.542877197,-2.988536358,-0.257767111,-21.60421753,53.45450592,56.47742462,8.542877197,-2.988536358,-0.257767111
12.6040006,1.869155169,-1.594713688,-1.25887394,-0.799131393,1.293310404,1.487145662,-1.664298177,-0.795116425,0.090091646,0.067855529,-0.571928918,0.382872611,-22.17078018,55.78090286,56.66910553,8.561208725,-3.057744265,-0.25933814,-22.17078018,55.78090286,56.66910553,8.561208725,-3.057744265,-0.25933814,-22.17078018,55.78090286,56.66910553,8.561208725,-3.057744265,-0.25933814
12.6240006,1.835620165,-1.610865116,-1.257004738,-0.797809601,1.28182435,1.494565248,-1.675636292,-0.805743933,0.084758997,0.063506715,-0.579843879,0.364607751,-22.71695328,58.12742233,56.84374237,8.575131416,-3.127489805,-0.260770291,-22.71695328,58.12742233,56.84374237,8.575131416,-3.127489805,-0.260770291,-22.71695328,58.12742233,56.84374237,8.575131416,-3.127489805,-0.260770291
12.6440006,1.801879168,-1.627226353,-1.255246162,-0.796577454,1.270181894,1.501626253,-1.686357737,-0.815913141,0.079366326,0.0590459,-0.587335467,0.346447378,-23.25085258,60.5025177,57.00520706,8.588253021,-3.197196245,-0.262274384,-23.25085258,60.5025177,57.00520706,8.588253021,-3.197196245,-0.262274384,-23.25085258,60.5025177,57.00520706,8.588253021,-3.197196245,-0.262274384
12.6640006,1.767932177,-1.643782139,-1.253594398,-0.795434952,1.25838685,1.508321047,-1.696490645,-0.825652301,0.073988177,0.054468177,-0.594362855,0.328383952,-23.759758,62.85979843,57.15047836,8.597827911,-3.265734673,-0.263813227,-23.759758,62.85979843,57.15047836,8.597827911,-3.265734673,-0.263813227,-23.759758,62.85979843,57.15047836,8.597827911,-3.265734673,-0.263813227
12.6840006,1.733794451,-1.66052866,-1.252049446,-0.79438591,1.246454477,1.514657259,-1.706065655,-0.835006058,0.068678483,0.049789015,-0.600827038,0.310438037,-24.24227524,65.21508789,57.27782822,8.605750084,-3.333986044,-0.265361637,-24.24227524,65.21508789,57.27782822,8.605750084,-3.333986044,-0.265361637,-24.24227524,65.21508789,57.27782822,8.605750084,-3.333986044,-0.265361637
12.7040006,1.69946599,-1.677458286,-1.250611305,-0.793432236,1.234392405,1.520631075,-1.715046048,-0.843951583,0.063418247,0.045079716,-0.606853008,0.292606652,-24.68316269,67.56502533,57.38698578,8.611573219,-3.403059721,-0.266879141,-24.68316269,67.56502533,57.38698578,8.611573219,-3.403059721,-0.266879141,-24.68316269,67.56502533,57.38698578,8.611573219,-3.403059721,-0.266879141
12.7240006,1.664977312,-1.694559574,-1.249272346,-0.792573929,1.222208261,1.526257753,-1.723424315,-0.852517486,0.058276635,0.040331528,-0.612420261,0.274897367,-25.0935173,69.90943909,57.47159195,8.61445713,-3.470538378,-0.268616736,-25.0935173,69.90943909,57.47159195,8.61445713,-3.470538378,-0.268616736,-25.0935173,69.90943909,57.47159195,8.61445713,-3.470538378,-0.268616736
12.74400061,1.630324602,-1.711828709,-1.248040199,-0.791810989,1.209913492,1.531529665,-1.731182456,-0.860691309,0.053230572,0.035562769,-0.617610097,0.257317513,-25.4571228,72.23040009,57.53211594,8.613458633,-3.537606239,-0.270305425,-25.4571228,72.23040009,57.53211594,8.613458633,-3.537606239,-0.270305425,-25.4571228,72.23040009,57.53211594,8.613458633,-3.537606239,-0.270305425
12.76400061,1.595530748,-1.729261875,-1.246907234,-0.791143417,1.197519541,1.536450624,-1.738281727,-0.868377626,0.048149232,0.030759117,-0.622474909,0.239873067,-25.78154945,74.5659256,57.56656647,8.607728004,-3.603491068,-0.272018224,-25.78154945,74.5659256,57.56656647,8.607728004,-3.603491068,-0.272018224,-25.78154945,74.5659256,57.56656647,8.607728004,-3.603491068,-0.272018224
12.78400061,1.560607195,-1.746832371,-1.245869637,-0.790575027,1.185026407,1.541024446,-1.744742632,-0.875634909,0.043154348,0.025799284,-0.626979113,0.222570464,-26.05737686,76.84056091,57.57385254,8.599433899,-3.667837143,-0.273768067,-26.05737686,76.84056091,57.57385254,8.599433899,-3.667837143,-0.273768067,-26.05737686,76.84056091,57.57385254,8.599433899,-3.667837143,-0.273768067
12.80400061,1.525565386,-1.76454401,-1.244935036,-0.790107727,1.172441721,1.545254946,-1.750579,-0.882509351,0.038254034,0.020863287,-0.630958378,0.205407113,-26.28225708,79.07305145,57.55447388,8.586359024,-3.728691578,-0.275565267,-26.28225708,79.07305145,57.55447388,8.586359024,-3.728691578,-0.275565267,-26.28225708,79.07305145,57.55447388,8.586359024,-3.728691578,-0.275565267
12.82400061,1.490416765,-1.782392979,-1.244091988,-0.789735794,1.159780741,1.549142122,-1.75576973,-0.888960242,0.033428259,0.01582383,-0.634418249,0.188391402,-26.45103073,81.30717468,57.50513458,8.56760025,-3.788427591,-0.277361989,-26.45103073,81.30717468,57.50513458,8.56760025,-3.788427591,-0.277361989,-26.45103073,81.30717468,57.50513458,8.56760025,-3.788427591,-0.277361989
12.84400061,1.455172777,-1.800360203,-1.243351936,-0.78947258,1.147054911,1.552689791,-1.760274172,-0.894968331,0.02867051,0.010626373,-0.637393892,0.171530679,-26.55550575,83.47662354,57.43296051,8.547895432,-3.846329212,-0.279167056,-26.55550575,83.47662354,57.43296051,8.547895432,-3.846329212,-0.279167056,-26.55550575,83.47662354,57.43296051,8.547895432,-3.846329212,-0.279167056
12.86400061,1.419852495,-1.818445683,-1.242695808,-0.789310455,1.134268045,1.555901766,-1.764085293,-0.900542855,0.023956286,0.005452743,-0.639885843,0.154822543,-26.60140228,85.61434174,57.32556915,8.523093224,-3.902739763,-0.280987352,-26.60140228,85.61434174,57.32556915,8.523093224,-3.902739763,-0.280987352,-26.60140228,85.61434174,57.32556915,8.523093224,-3.902739763,-0.280987352
12.88400061,1.384459734,-1.836637974,-1.242142677,-0.78925705,1.121431589,1.558781862,-1.76717484,-0.905678689,0.019286433,0.000211982,-0.641965687,0.138273165,-26.57189178,87.70330811,57.20002747,8.49507618,-3.955896616,-0.28276968,-26.57189178,87.70330811,57.20002747,8.49507618,-3.955896616,-0.28276968,-26.57189178,87.70330811,57.20002747,8.49507618,-3.955896616,-0.28276968
12.90400061,1.349025011,-1.854921818,-1.24167347,-0.789306641,1.108556986,1.561333895,-1.769530177,-0.910375297,0.014712132,-0.00513116,-0.643528104,0.121886984,-26.48450279,89.72802734,57.04322052,8.462535858,-4.007346153,-0.284632355,-26.48450279,89.72802734,57.04322052,8.462535858,-4.007346153,-0.284632355,-26.48450279,89.72802734,57.04322052,8.462535858,-4.007346153,-0.284632355
12.92400061,1.313552141,-1.873297215,-1.241299629,-0.789464951,1.095651865,1.563557863,-1.77116406,-0.91473639,0.010342879,-0.010605329,-0.644595265,0.105664685,-26.32474136,91.69639587,56.86592865,8.425943375,-4.05656147,-0.286403567,-26.32474136,91.69639587,56.86592865,8.425943375,-4.05656147,-0.286403567,-26.32474136,91.69639587,56.86592865,8.425943375,-4.05656147,-0.286403567
12.94400061,1.278064013,-1.891756535,-1.241017342,-0.789737701,1.082727671,1.565461397,-1.772034287,-0.918679237,0.006111255,-0.016172756,-0.645122647,0.089606345,-26.09885216,93.63388062,56.66253662,8.388388634,-4.102992535,-0.288255632,-26.09885216,93.63388062,56.66253662,8.388388634,-4.102992535,-0.288255632,-26.09885216,93.63388062,56.66253662,8.388388634,-4.102992535,-0.288255632
12.96400062,1.242568254,-1.910288334,-1.240815163,-0.790124893,1.069803476,1.567044497,-1.772115111,-0.922186375,0.001973633,-0.021696482,-0.645245254,0.073712073,-25.78980637,95.50766754,56.43262863,8.348258972,-4.149449825,-0.290016472,-25.78980637,95.50766754,56.43262863,8.348258972,-4.149449825,-0.290016472,-25.78980637,95.50766754,56.43262863,8.348258972,-4.149449825,-0.290016472
12.98400062,1.207083941,-1.928877354,-1.240689278,-0.790616989,1.056871653,1.568314791,-1.771386862,-0.925295055,-0.002056618,-0.027137564,-0.645045996,0.057980008,-25.41089249,97.30448914,56.17071152,8.300755501,-4.191104889,-0.291797131,-25.41089249,97.30448914,56.17071152,8.300755501,-4.191104889,-0.291797131,-25.41089249,97.30448914,56.17071152,8.300755501,-4.191104889,-0.291797131
13.00400062,1.171622515,-1.947535038,-1.240639687,-0.791217804,1.043943644,1.569268465,-1.76981473,-0.927931786,-0.006042768,-0.032813646,-0.644363344,0.042422976,-24.94881821,99.08261871,55.88142014,8.247641563,-4.228925705,-0.293541849,-24.94881821,99.08261871,55.88142014,8.247641563,-4.228925705,-0.293541849,-24.94881821,99.08261871,55.88142014,8.247641563,-4.228925705,-0.293541849
13.02400062,1.136203051,-1.966234684,-1.240666389,-0.791940689,1.031030893,1.569916964,-1.767388463,-0.930090487,-0.010012903,-0.038612857,-0.643117785,0.027039116,-24.40909576,100.747139,55.57051849,8.194791794,-4.262558937,-0.295248568,-24.40909576,100.747139,55.57051849,8.194791794,-4.262558937,-0.295248568,-24.40909576,100.747139,55.57051849,8.194791794,-4.262558937,-0.295248568
13.04400062,1.100852251,-1.984968662,-1.240773201,-0.79278183,1.018144846,1.570252657,-1.764102221,-0.931839585,-0.013898021,-0.044361956,-0.641277194,0.011823141,-23.79652023,102.3501511,55.24599457,8.14012146,-4.293514729,-0.296794623,-23.79652023,102.3501511,55.24599457,8.14012146,-4.293514729,-0.296794623,-23.79652023,102.3501511,55.24599457,8.14012146,-4.293514729,-0.296794623
13.06400062,1.065577745,-2.003736973,-1.240952492,-0.793741226,1.00530076,1.570290804,-1.759948969,-0.933247507,-0.017571822,-0.050101917,-0.638872325,-0.003224966,-23.10464096,103.8828888,54.90032196,8.082800865,-4.323110104,-0.298346341,-23.10464096,103.8828888,54.90032196,8.082800865,-4.323110104,-0.298346341,-23.10464096,103.8828888,54.90032196,8.082800865,-4.323110104,-0.298346341
13.08400062,1.030398607,-2.022520542,-1.241208076,-0.794815063,0.992504597,1.570035219,-1.754882216,-0.934288681,-0.021049963,-0.0559204,-0.63600105,-0.018100046,-22.33224869,105.327774,54.5444603,8.020943642,-4.34945488,-0.299845487,-22.33224869,105.327774,54.5444603,8.020943642,-4.34945488,-0.299845487,-22.33224869,105.327774,54.5444603,8.020943642,-4.34945488,-0.299845487
13.10400062,0.995335817,-2.04131937,-1.24153614,-0.796007156,0.979771137,1.569478273,-1.748896956,-0.935150445,-0.024049999,-0.061913379,-0.632764399,-0.032807507,-21.48417282,106.6830444,54.17811203,7.957037926,-4.373913288,-0.301227093,-21.48417282,106.6830444,54.17811203,7.957037926,-4.373913288,-0.301227093,-21.48417282,106.6830444,54.17811203,7.957037926,-4.373913288,-0.301227093
13.12400062,0.960406542,-2.060133457,-1.24191761,-0.797323227,0.967106342,1.568627596,-1.741942048,-0.935660005,-0.02680338,-0.068045698,-0.629098594,-0.047334492,-20.56302261,108.0318527,53.7771225,7.892755032,-4.39529705,-0.302489221,-20.56302261,108.0318527,53.7771225,7.892755032,-4.39529705,-0.302489221,-20.56302261,108.0318527,53.7771225,7.892755032,-4.39529705,-0.302489221
13.14400062,0.925631762,-2.078947544,-1.242352486,-0.798761368,0.954515934,1.567494631,-1.733979225,-0.935724854,-0.02954484,-0.074055038,-0.625022888,-0.061688013,-19.56926155,109.3007507,53.36293793,7.826568604,-4.413006783,-0.303683817,-19.56926155,109.3007507,53.36293793,7.826568604,-4.413006783,-0.303683817,-19.56926155,109.3007507,53.36293793,7.826568604,-4.413006783,-0.303683817
13.16400063,0.891022921,-2.097761631,-1.242844582,-0.800319672,0.942007542,1.566071749,-1.724987864,-0.93533808,-0.03227254,-0.080044411,-0.620510042,-0.075863682,-18.50082779,110.5225296,52.93640518,7.756227493,-4.426718235,-0.304746568,-18.50082779,110.5225296,52.93640518,7.756227493,-4.426718235,-0.304746568,-18.50082779,110.5225296,52.93640518,7.756227493,-4.426718235,-0.304746568
13.18400063,0.856612444,-2.11655283,-1.243393898,-0.802001953,0.929598331,1.564374208,-1.714954019,-0.934475243,-0.034970272,-0.086120673,-0.615424335,-0.08985541,-17.36905098,111.6609192,52.514431,7.686279297,-4.437870502,-0.305734217,-17.36905098,111.6609192,52.514431,7.686279297,-4.437870502,-0.305734217,-17.36905098,111.6609192,52.514431,7.686279297,-4.437870502,-0.305734217
13.20400063,0.822417498,-2.135336399,-1.243988991,-0.803808212,0.917292118,1.562394381,-1.703881025,-0.933247745,-0.037499014,-0.09227635,-0.609826922,-0.10366606,-16.17504883,112.7581406,52.08087158,7.614659786,-4.446354866,-0.30652684,-16.17504883,112.7581406,52.08087158,7.614659786,-4.446354866,-0.30652684,-16.17504883,112.7581406,52.08087158,7.614659786,-4.446354866,-0.30652684
13.22400063,0.78846097,-2.154089451,-1.244637489,-0.805738449,0.90510416,1.560139894,-1.691744089,-0.931538284,-0.039966032,-0.098559238,-0.603631258,-0.117285162,-14.92485619,113.7720642,51.65037155,7.543672085,-4.452563763,-0.307178587,-14.92485619,113.7720642,51.65037155,7.543672085,-4.452563763,-0.307178587,-14.92485619,113.7720642,51.65037155,7.543672085,-4.452563763,-0.307178587
13.24400063,0.754761934,-2.172796726,-1.245339394,-0.807800293,0.893042088,1.557614565,-1.678556442,-0.929554105,-0.042093344,-0.10491541,-0.596917927,-0.130722523,-13.61976433,114.7176819,51.23462677,7.474806786,-4.456811905,-0.307682276,-13.61976433,114.7176819,51.23462677,7.474806786,-4.456811905,-0.307682276,-13.61976433,114.7176819,51.23462677,7.474806786,-4.456811905,-0.307682276
13.26400063,0.721343279,-2.191465855,-1.24607563,-0.809988022,0.881121159,1.554826021,-1.664292574,-0.927246034,-0.043914266,-0.111266248,-0.589676619,-0.143975869,-12.26578522,115.6235352,50.81193161,7.405699253,-4.460773945,-0.308093756,-12.26578522,115.6235352,50.81193161,7.405699253,-4.460773945,-0.308093756,-12.26578522,115.6235352,50.81193161,7.405699253,-4.460773945,-0.308093756
13.28400063,0.68822217,-2.210089207,-1.24683857,-0.812303543,0.869349003,1.551774263,-1.648931265,-0.924650073,-0.04545239,-0.117486626,-0.582048893,-0.157051459,-10.86357307,116.458374,50.38150406,7.337613583,-4.463132381,-0.308346093,-10.86357307,116.458374,50.38150406,7.337613583,-4.463132381,-0.308346093,-10.86357307,116.458374,50.38150406,7.337613583,-4.463132381,-0.308346093
13.30400063,0.655423403,-2.228643894,-1.247632027,-0.814744949,0.857731342,1.548455477,-1.632458091,-0.921791077,-0.046675555,-0.123671815,-0.574073553,-0.169937313,-9.421367645,117.2232132,49.96078873,7.26811409,-4.463019371,-0.3083314,-9.421367645,117.2232132,49.96078873,7.26811409,-4.463019371,-0.3083314,-9.421367645,117.2232132,49.96078873,7.26811409,-4.463019371,-0.3083314
13.32400063,0.622969866,-2.247137547,-1.248452187,-0.817310333,0.846273899,1.54488492,-1.614849091,-0.91861105,-0.047702182,-0.129725799,-0.565693021,-0.182628959,-7.943853378,117.9428101,49.54516983,7.197920799,-4.460874081,-0.308217883,-7.943853378,117.9428101,49.54516983,7.197920799,-4.460874081,-0.308217883,-7.943853378,117.9428101,49.54516983,7.197920799,-4.460874081,-0.308217883
13.34400063,0.590884447,-2.265570164,-1.249283791,-0.820001602,0.834991932,1.541066408,-1.596105337,-0.915124893,-0.048422486,-0.135979727,-0.55684799,-0.195111573,-6.439071655,118.6483231,49.13115311,7.12875843,-4.457245827,-0.307953686,-6.439071655,118.6483231,49.13115311,7.12875843,-4.457245827,-0.307953686,-6.439071655,118.6483231,49.13115311,7.12875843,-4.457245827,-0.307953686
13.36400063,0.559191942,-2.283926487,-1.250130653,-0.822816849,0.823885441,1.536999941,-1.576215982,-0.911278844,-0.049002271,-0.142163604,-0.547532082,-0.207394272,-4.915753365,119.30159,48.73104095,7.058952332,-4.451561928,-0.307536781,-4.915753365,119.30159,48.73104095,7.058952332,-4.451561928,-0.307536781,-4.915753365,119.30159,48.73104095,7.058952332,-4.451561928,-0.307536781
13.38400064,0.527909517,-2.302206516,-1.250992775,-0.825761795,0.812975407,1.532689333,-1.555190682,-0.907112241,-0.049317338,-0.1484292,-0.537669063,-0.219472855,-3.374451399,119.9335632,48.34611893,6.993920326,-4.445994377,-0.307025731,-3.374451399,119.9335632,48.34611893,6.993920326,-4.445994377,-0.307025731,-3.374451399,119.9335632,48.34611893,6.993920326,-4.445994377,-0.307025731
13.40400064,0.497066706,-2.320394993,-1.251862526,-0.828834534,0.802269459,1.528142214,-1.533033729,-0.902678311,-0.049293507,-0.154696733,-0.527360499,-0.231349811,-1.827543974,120.5137863,47.98420715,6.930588722,-4.441099644,-0.30636543,-1.827543974,120.5137863,47.98420715,6.930588722,-4.441099644,-0.30636543,-1.827543974,120.5137863,47.98420715,6.930588722,-4.441099644,-0.30636543
13.42400064,0.466679782,-2.338484287,-1.252720833,-0.83203125,0.791771412,1.523362398,-1.509747028,-0.89802587,-0.048871547,-0.160929337,-0.516655087,-0.243028581,-0.27630806,121.0454712,47.62870789,6.868124008,-4.435750961,-0.305610895,-0.27630806,121.0454712,47.62870789,6.868124008,-4.435750961,-0.305610895,-0.27630806,121.0454712,47.62870789,6.868124008,-4.435750961,-0.305610895
13.44400064,0.436775416,-2.356482029,-1.253560066,-0.835355759,0.78149271,1.518353701,-1.48532033,-0.893030345,-0.048283439,-0.166967228,-0.505548298,-0.254515022,1.268706322,121.6073685,47.27384567,6.808992386,-4.430972099,-0.304767281,1.268706322,121.6073685,47.27384567,6.808992386,-4.430972099,-0.304767281,1.268706322,121.6073685,47.27384567,6.808992386,-4.430972099,-0.304767281
13.46400064,0.407376498,-2.374380589,-1.25439167,-0.838796616,0.771440983,1.513116121,-1.459765434,-0.887631238,-0.047611453,-0.172943935,-0.49401474,-0.265799314,2.799168825,122.127594,46.95100403,6.747543812,-4.426064014,-0.303783774,2.799168825,122.127594,46.95100403,6.747543812,-4.426064014,-0.303783774,2.799168825,122.127594,46.95100403,6.747543812,-4.426064014,-0.303783774
13.48400064,0.378501147,-2.392149448,-1.255204201,-0.842367172,0.761623859,1.50764966,-1.433120131,-0.882012248,-0.046510126,-0.179053068,-0.482120633,-0.276875198,4.313162804,122.5861435,46.65277863,6.691990376,-4.422380447,-0.302612484,4.313162804,122.5861435,46.65277863,6.691990376,-4.422380447,-0.302612484,4.313162804,122.5861435,46.65277863,6.691990376,-4.422380447,-0.302612484
13.50400064,0.350173205,-2.409819126,-1.255990028,-0.846057892,0.752050877,1.501965761,-1.405397773,-0.876183391,-0.045006137,-0.185025439,-0.469869643,-0.287754059,5.801940918,123.0715027,46.37450027,6.638147354,-4.419662476,-0.301371872,5.801940918,123.0715027,46.37450027,6.638147354,-4.419662476,-0.301371872,5.801940918,123.0715027,46.37450027,6.638147354,-4.419662476,-0.301371872
13.52400064,0.322414607,-2.427359104,-1.256741524,-0.849872589,0.742727757,1.496068239,-1.376616597,-0.870095253,-0.043106012,-0.190998554,-0.457244337,-0.298427671,7.259403229,123.5451813,46.11645508,6.587711811,-4.418253422,-0.30001688,7.259403229,123.5451813,46.11645508,6.587711811,-4.418253422,-0.30001688,7.259403229,123.5451813,46.11645508,6.587711811,-4.418253422,-0.30001688
13.54400064,0.295246333,-2.444777012,-1.257447243,-0.853805542,0.733658314,1.489957094,-1.34679687,-0.863670468,-0.040919531,-0.196848646,-0.44419089,-0.308905691,8.678202629,124.0250549,45.87636948,6.539524555,-4.417274475,-0.2986103,8.678202629,124.0250549,45.87636948,6.539524555,-4.417274475,-0.2986103,8.678202629,124.0250549,45.87636948,6.539524555,-4.417274475,-0.2986103
13.56400064,0.268688411,-2.462072849,-1.258114815,-0.85785675,0.7248559,1.48364377,-1.315980315,-0.856996,-0.038290795,-0.202634782,-0.43075785,-0.319188833,10.05322075,124.511673,45.67103577,6.493890762,-4.418899059,-0.29716441,10.05322075,124.511673,45.67103577,6.493890762,-4.418899059,-0.29716441,10.05322075,124.511673,45.67103577,6.493890762,-4.418899059,-0.29716441
13.58400065,0.242759436,-2.479216099,-1.258713722,-0.862026215,0.716331959,1.477120638,-1.284196973,-0.850041568,-0.035200424,-0.208363101,-0.416982949,-0.329281867,11.37965584,124.967041,45.47599792,6.451935768,-4.423992157,-0.295575708,11.37965584,124.967041,45.47599792,6.451935768,-4.423992157,-0.295575708,11.37965584,124.967041,45.47599792,6.451935768,-4.423992157,-0.295575708
13.60400065,0.217479438,-2.49620676,-1.259251595,-0.866308212,0.708082676,1.470406771,-1.251480579,-0.842918396,-0.031580567,-0.213916376,-0.403110027,-0.339195937,12.65231514,125.3918686,45.30503464,6.410686016,-4.430204868,-0.294084758,12.65231514,125.3918686,45.30503464,6.410686016,-4.430204868,-0.294084758,12.65231514,125.3918686,45.30503464,6.410686016,-4.430204868,-0.294084758
13.62400065,0.192865103,-2.513052464,-1.259701729,-0.870704651,0.700117588,1.46348691,-1.217873812,-0.835650802,-0.027379567,-0.219291106,-0.389076293,-0.348942578,13.8674593,125.8439484,45.13314819,6.372175694,-4.437852383,-0.292470038,13.8674593,125.8439484,45.13314819,6.372175694,-4.437852383,-0.292470038,13.8674593,125.8439484,45.13314819,6.372175694,-4.437852383,-0.292470038
13.64400065,0.168935031,-2.529753208,-1.260071754,-0.875207901,0.692434788,1.456376314,-1.1834023,-0.828050017,-0.022886228,-0.224373952,-0.374812603,-0.358517408,15.01984596,126.3312683,44.98611069,6.333534718,-4.445896626,-0.290812582,15.01984596,126.3312683,44.98611069,6.333534718,-4.445896626,-0.290812582,15.01984596,126.3312683,44.98611069,6.333534718,-4.445896626,-0.290812582
13.66400065,0.145705432,-2.546286106,-1.260342598,-0.879816055,0.685041904,1.449082613,-1.148126125,-0.820196152,-0.017907074,-0.229489297,-0.360311687,-0.36791417,16.10625267,126.7874069,44.85136032,6.295415401,-4.455191612,-0.289189607,16.10625267,126.7874069,44.85136032,6.295415401,-4.455191612,-0.289189607,16.10625267,126.7874069,44.85136032,6.295415401,-4.455191612,-0.289189607
13.68400065,0.123192042,-2.562666416,-1.260514259,-0.884527206,0.67794466,1.441605806,-1.112092614,-0.812035799,-0.012540245,-0.234496504,-0.345511198,-0.377158433,17.12424278,127.2956848,44.73548508,6.259006977,-4.465703487,-0.287669361,17.12424278,127.2956848,44.73548508,6.259006977,-4.465703487,-0.287669361,17.12424278,127.2956848,44.73548508,6.259006977,-4.465703487,-0.287669361
13.70400065,0.101408929,-2.578894138,-1.260575294,-0.889343262,0.671150684,1.433938265,-1.075348377,-0.803421617,-0.006917335,-0.239504039,-0.330364764,-0.386245996,18.07127953,127.8637314,44.63737488,6.225277901,-4.478981972,-0.286047727,18.07127953,127.8637314,44.63737488,6.225277901,-4.478981972,-0.286047727,18.07127953,127.8637314,44.63737488,6.225277901,-4.478981972,-0.286047727
13.72400065,0.080370158,-2.594931126,-1.260518074,-0.894258499,0.664661884,1.426095247,-1.037951827,-0.794308126,-0.001058699,-0.244440138,-0.314902335,-0.395185083,18.94564819,128.3842316,44.55845642,6.193990707,-4.494457245,-0.284517854,18.94564819,128.3842316,44.55845642,6.193990707,-4.494457245,-0.284517854,18.94564819,128.3842316,44.55845642,6.193990707,-4.494457245,-0.284517854
13.74400065,0.060087267,-2.610777378,-1.260334969,-0.899274826,0.658485889,1.418072939,-0.999986708,-0.78507036,0.005515441,-0.24918811,-0.29936555,-0.404009312,19.74768066,128.8465881,44.49026871,6.165720463,-4.511770248,-0.282920986,19.74768066,128.8465881,44.49026871,6.165720463,-4.511770248,-0.282920986,19.74768066,128.8465881,44.49026871,6.165720463,-4.511770248,-0.282920986
13.76400065,0.040571157,-2.626448154,-1.260014534,-0.90438652,0.6526227,1.409875154,-0.961494863,-0.775575101,0.012623386,-0.253634781,-0.283766598,-0.412728935,20.47782707,129.3852692,44.43544388,6.137720108,-4.530848503,-0.281392604,20.47782707,129.3852692,44.43544388,6.137720108,-4.530848503,-0.281392604,20.47782707,129.3852692,44.43544388,6.137720108,-4.530848503,-0.281392604
13.78400065,0.021831457,-2.641920567,-1.259549141,-0.909584045,0.64707613,1.401505709,-0.922536731,-0.765869379,0.020357011,-0.25793764,-0.26816234,-0.421348125,21.1366272,129.8656616,44.38962936,6.107872009,-4.550779343,-0.279845327,21.1366272,129.8656616,44.38962936,6.107872009,-4.550779343,-0.279845327,21.1366272,129.8656616,44.38962936,6.107872009,-4.550779343,-0.279845327
13.80400066,0.003876791,-2.657194614,-1.258919716,-0.914871216,0.641840458,1.392964602,-0.883165419,-0.755954683,0.028687211,-0.262014687,-0.252584428,-0.429879993,21.72575188,130.3728333,44.3379631,6.079944134,-4.570183754,-0.278364837,21.72575188,130.3728333,44.3379631,6.079944134,-4.570183754,-0.278364837,21.72575188,130.3728333,44.3379631,6.079944134,-4.570183754,-0.278364837
13.82400066,-0.013285171,-2.672270298,-1.258114815,-0.920238495,0.636917591,1.384255648,-0.843435109,-0.74583894,0.037560124,-0.265799582,-0.237025395,-0.438339621,22.24697113,130.8911896,44.28279114,6.049008369,-4.588421822,-0.276860893,22.24697113,130.8911896,44.28279114,6.049008369,-4.588421822,-0.276860893,22.24697113,130.8911896,44.28279114,6.049008369,-4.588421822,-0.276860893
13.84400066,-0.029647868,-2.687139988,-1.257122993,-0.925682068,0.632311344,1.375375032,-0.803393543,-0.73540169,0.046800688,-0.269433886,-0.221387938,-0.446723551,22.70257187,131.3682098,44.2183075,6.015672684,-4.60579443,-0.275371283,22.70257187,131.3682098,44.2183075,6.015672684,-4.60579443,-0.275371283,22.70257187,131.3682098,44.2183075,6.015672684,-4.60579443,-0.275371283
13.86400066,-0.045205932,-2.701788425,-1.255944252,-0.93119812,0.62801981,1.366330385,-0.763096452,-0.724696338,0.05641678,-0.272939503,-0.205742747,-0.455040962,23.09575462,131.8259125,44.15431976,5.979748249,-4.621498585,-0.27387169,23.09575462,131.8259125,44.15431976,5.979748249,-4.621498585,-0.27387169,23.09575462,131.8259125,44.15431976,5.979748249,-4.621498585,-0.27387169
13.88400066,-0.059954744,-2.71622324,-1.254570961,-0.936788559,0.624042988,1.357117891,-0.722605705,-0.713820815,0.066512994,-0.276313603,-0.190058649,-0.463304669,23.4300518,132.2866211,44.08883286,5.94478035,-4.635677814,-0.272335291,23.4300518,132.2866211,44.08883286,5.94478035,-4.635677814,-0.272335291,23.4300518,132.2866211,44.08883286,5.94478035,-4.635677814,-0.272335291
13.90400066,-0.07389129,-2.730436802,-1.252987862,-0.942443848,0.620382786,1.347741365,-0.681972504,-0.702795506,0.077090748,-0.279570252,-0.17433238,-0.47152409,23.70977974,132.7377777,44.01735687,5.905575752,-4.647488117,-0.270856977,23.70977974,132.7377777,44.01735687,5.905575752,-4.647488117,-0.270856977,23.70977974,132.7377777,44.01735687,5.905575752,-4.647488117,-0.270856977
13.92400066,-0.087013133,-2.744429111,-1.25118351,-0.948165894,0.617041111,1.338200808,-0.641239047,-0.691556215,0.088013284,-0.282698274,-0.158507094,-0.479708076,23.93915939,133.1893005,43.93274689,5.866830826,-4.658286572,-0.269303381,23.93915939,133.1893005,43.93274689,5.866830826,-4.658286572,-0.269303381,23.93915939,133.1893005,43.93274689,5.866830826,-4.658286572,-0.269303381
13.94400066,-0.099319346,-2.758192539,-1.24916172,-0.953950882,0.614019871,1.328500032,-0.600445509,-0.680087388,0.099184118,-0.285611123,-0.142632991,-0.487867951,24.12324142,133.6230774,43.85166931,5.825435162,-4.667189121,-0.267767608,24.12324142,133.6230774,43.85166931,5.825435162,-4.667189121,-0.267767608,24.12324142,133.6230774,43.85166931,5.825435162,-4.667189121,-0.267767608
13.96400066,-0.110808976,-2.771719456,-1.246914864,-0.959796906,0.611320972,1.318631411,-0.559641719,-0.668473661,0.110724315,-0.288349688,-0.126729786,-0.496012717,24.26633835,134.0279236,43.77140427,5.784569263,-4.674890518,-0.266175449,24.26633835,134.0279236,43.77140427,5.784569263,-4.674890518,-0.266175449,24.26633835,134.0279236,43.77140427,5.784569263,-4.674890518,-0.266175449
13.98400066,-0.121482737,-2.785009861,-1.244423866,-0.965698242,0.608938694,1.308602571,-0.518861949,-0.656720579,0.122580849,-0.290836424,-0.110853955,-0.504150927,24.37414932,134.4198456,43.67800522,5.742509365,-4.679642677,-0.264516175,24.37414932,134.4198456,43.67800522,5.742509365,-4.679642677,-0.264516175,24.37414932,134.4198456,43.67800522,5.742509365,-4.679642677,-0.264516175
14.00400067,-0.131340623,-2.798063755,-1.241700172,-0.97164917,0.606878757,1.298413515,-0.478141904,-0.64485991,0.134788513,-0.293185651,-0.095009714,-0.512284577,24.45105553,134.8106232,43.59450912,5.696748734,-4.682851315,-0.262833476,24.45105553,134.8106232,43.59450912,5.696748734,-4.682851315,-0.262833476,24.45105553,134.8106232,43.59450912,5.696748734,-4.682851315,-0.262833476
14.02400067,-0.14038384,-2.810881138,-1.238720894,-0.977649689,0.605139256,1.288064241,-0.437513113,-0.632889509,0.147344813,-0.295453638,-0.079218864,-0.520417571,24.50081253,135.2150269,43.50542831,5.651742458,-4.684431553,-0.261117697,24.50081253,135.2150269,43.50542831,5.651742458,-4.684431553,-0.261117697,24.50081253,135.2150269,43.50542831,5.651742458,-4.684431553,-0.261117697
14.04400067,-0.148616433,-2.82345438,-1.235489845,-0.983695984,0.603716373,1.277547121,-0.39699769,-0.620749354,0.160131216,-0.297588974,-0.063437626,-0.528554618,24.53075027,135.6384888,43.4221344,5.604902744,-4.682718277,-0.259302199,24.53075027,135.6384888,43.4221344,5.604902744,-4.682718277,-0.259302199,24.53075027,135.6384888,43.4221344,5.604902744,-4.682718277,-0.259302199
14.06400067,-0.156039357,-2.835791111,-1.232003212,-0.989786148,0.602613926,1.266869783,-0.356621742,-0.608453035,0.173168316,-0.299562484,-0.047662247,-0.536699474,24.54347992,136.0611572,43.34311676,5.558980942,-4.679365635,-0.25738436,24.54347992,136.0611572,43.34311676,5.558980942,-4.679365635,-0.25738436,24.54347992,136.0611572,43.34311676,5.558980942,-4.679365635,-0.25738436
14.08400067,-0.162656903,-2.847868443,-1.22824955,-0.995918274,0.601828098,1.256028414,-0.316407174,-0.595998824,0.186468139,-0.301356226,-0.031882931,-0.54485625,24.54514503,136.4309235,43.27209854,5.513702393,-4.67418766,-0.255355746,24.54514503,136.4309235,43.27209854,5.513702393,-4.67418766,-0.255355746,24.54514503,136.4309235,43.27209854,5.513702393,-4.67418766,-0.255355746
14.10400067,-0.168471932,-2.859701633,-1.224225044,-1.002087831,0.601362705,1.245023012,-0.27637282,-0.58344543,0.200096413,-0.302935481,-0.016162829,-0.553028286,24.53889084,136.8227997,43.21068192,5.468330383,-4.667240143,-0.253212392,24.53889084,136.8227997,43.21068192,5.468330383,-4.667240143,-0.253212392,24.53889084,136.8227997,43.21068192,5.468330383,-4.667240143,-0.253212392
14.12400067,-0.173488259,-2.871283054,-1.219922066,-1.008286715,0.601212025,1.233853579,-0.236528695,-0.570785463,0.214034751,-0.304350048,-0.000564428,-0.561211288,24.52837563,137.246582,43.14791107,5.421093941,-4.657690048,-0.251011819,24.52837563,137.246582,43.14791107,5.421093941,-4.657690048,-0.251011819,24.52837563,137.246582,43.14791107,5.421093941,-4.657690048,-0.251011819
14.14400067,-0.177710652,-2.882605076,-1.215340614,-1.0145123,0.601379871,1.222520113,-0.196887881,-0.558049679,0.228315845,-0.305539787,0.014896355,-0.569410205,24.51763725,137.618103,43.09592819,5.374125481,-4.647351742,-0.248639986,24.51763725,137.618103,43.09592819,5.374125481,-4.647351742,-0.248639986,24.51763725,137.618103,43.09592819,5.374125481,-4.647351742,-0.248639986
14.16400067,-0.181141496,-2.893667698,-1.210461617,-1.020768404,0.601856709,1.21102643,-0.157451972,-0.545204937,0.242881179,-0.306675196,0.030160896,-0.577610254,24.50798607,138.0045776,43.04403305,5.328794479,-4.633630276,-0.24621585,24.50798607,138.0045776,43.04403305,5.328794479,-4.633630276,-0.24621585,24.50798607,138.0045776,43.04403305,5.328794479,-4.633630276,-0.24621585
14.18400067,-0.183786511,-2.90447855,-1.205288887,-1.027039766,0.602636814,1.199364901,-0.118237026,-0.532369912,0.2578246,-0.30752188,0.045242567,-0.585829496,24.50230026,138.3899384,42.99778366,5.279218674,-4.615643978,-0.243678525,24.50230026,138.3899384,42.99778366,5.279218674,-4.615643978,-0.243678525,24.50230026,138.3899384,42.99778366,5.279218674,-4.615643978,-0.243678525
14.20400067,-0.185649037,-2.915022373,-1.199818611,-1.033337831,0.603720188,1.187543154,-0.079247147,-0.519421518,0.272985429,-0.308071852,0.060322415,-0.59406507,24.5021286,138.741684,42.96244431,5.235367298,-4.594698429,-0.241032466,24.5021286,138.741684,42.96244431,5.235367298,-4.594698429,-0.241032466,24.5021286,138.741684,42.96244431,5.235367298,-4.594698429,-0.241032466
14.22400068,-0.186734796,-2.925306797,-1.19403553,-1.039639711,0.605108738,1.175557375,-0.040492613,-0.506454766,0.288462818,-0.30834657,0.075338855,-0.602316499,24.50906754,139.132431,42.92330933,5.185583591,-4.571764469,-0.23828122,24.50906754,139.132431,42.92330933,5.185583591,-4.571764469,-0.23828122,24.50906754,139.132431,42.92330933,5.185583591,-4.571764469,-0.23828122
14.24400068,-0.187048078,-2.935331821,-1.187939644,-1.045941591,0.606802464,1.163399935,-0.001968713,-0.493408173,0.304153979,-0.308670789,0.090205304,-0.610554397,24.52408409,139.5019836,42.88909912,5.132356644,-4.547259808,-0.235385135,24.52408409,139.5019836,42.88909912,5.132356644,-4.547259808,-0.235385135,24.52408409,139.5019836,42.88909912,5.132356644,-4.547259808,-0.235385135
14.26400068,-0.186593175,-2.945097446,-1.181523323,-1.052270174,0.608791828,1.151082277,0.036318485,-0.480192751,0.319907963,-0.3088862,0.104949512,-0.618782401,24.54639626,139.9060822,42.86407471,5.088624954,-4.520129204,-0.2324083,24.54639626,139.9060822,42.86407471,5.088624954,-4.520129204,-0.2324083,24.54639626,139.9060822,42.86407471,5.088624954,-4.520129204,-0.2324083
14.28400068,-0.18537581,-2.954588413,-1.174798012,-1.058594942,0.611078739,1.138600588,0.074346989,-0.466996044,0.335895002,-0.308529466,0.119544953,-0.627034009,24.57656288,140.2414551,42.85628128,5.042658806,-4.490695477,-0.22933954,24.57656288,140.2414551,42.85628128,5.042658806,-4.490695477,-0.22933954,24.57656288,140.2414551,42.85628128,5.042658806,-4.490695477,-0.22933954
14.30400068,-0.18340075,-2.963819981,-1.167740822,-1.064904451,0.613659382,1.125954866,0.112108596,-0.453755677,0.352104366,-0.308165073,0.133996382,-0.635270536,24.61414337,140.6274719,42.85173035,4.988932133,-4.459845066,-0.226204336,24.61414337,140.6274719,42.85173035,4.988932133,-4.459845066,-0.226204336,24.61414337,140.6274719,42.85173035,4.988932133,-4.459845066,-0.226204336
14.32400068,-0.180673242,-2.972784519,-1.160359383,-1.071213961,0.616528034,1.113145113,0.149590924,-0.440515012,0.368585646,-0.308040798,0.148208067,-0.643476903,24.65864754,140.9786224,42.85464859,4.941729546,-4.426296711,-0.223075539,24.65864754,140.9786224,42.85464859,4.941729546,-4.426296711,-0.223075539,24.65864754,140.9786224,42.85464859,4.941729546,-4.426296711,-0.223075539
14.34400068,-0.177199006,-2.981482029,-1.152646065,-1.077508211,0.619682789,1.100167513,0.186774462,-0.427259922,0.385237843,-0.307725519,0.162267551,-0.651678979,24.70824051,141.3564453,42.87263489,4.891576767,-4.390874863,-0.219776928,24.70824051,141.3564453,42.87263489,4.891576767,-4.390874863,-0.219776928,24.70824051,141.3564453,42.87263489,4.891576767,-4.390874863,-0.219776928
14.36400068,-0.172985673,-2.989920139,-1.144593239,-1.083802462,0.623121738,1.087025881,0.223637432,-0.414051026,0.4021267,-0.307230294,0.176138699,-0.659872413,24.76346016,141.7344208,42.89395142,4.848712444,-4.354056358,-0.216434672,24.76346016,141.7344208,42.89395142,4.848712444,-4.354056358,-0.216434672,24.76346016,141.7344208,42.89395142,4.848712444,-4.354056358,-0.216434672
14.38400068,-0.168038964,-2.998091221,-1.136200905,-1.090089083,0.626835346,1.073720217,0.260164022,-0.400762916,0.418980658,-0.306050748,0.189854369,-0.66808641,24.82262039,142.104126,42.92859268,4.809327126,-4.315142155,-0.213104382,24.82262039,142.104126,42.92859268,4.809327126,-4.315142155,-0.213104382,24.82262039,142.104126,42.92859268,4.809327126,-4.315142155,-0.213104382
14.40400068,-0.162366033,-3.006002903,-1.127469063,-1.096352816,0.630829334,1.060250521,0.296323717,-0.387479067,0.435948312,-0.304423541,0.203417853,-0.67630887,24.88483429,142.5326538,42.97795105,4.764940739,-4.275839329,-0.209679559,24.88483429,142.5326538,42.97795105,4.764940739,-4.275839329,-0.209679559,24.88483429,142.5326538,42.97795105,4.764940739,-4.275839329,-0.209679559
14.42400069,-0.15597403,-3.013639927,-1.118397713,-1.102578402,0.635092258,1.046620607,0.332094133,-0.374136627,0.452986807,-0.302748531,0.216763556,-0.68451333,24.94787216,142.8894806,43.04699326,4.716971874,-4.23519516,-0.20630087,24.94787216,142.8894806,43.04699326,4.716971874,-4.23519516,-0.20630087,24.94787216,142.8894806,43.04699326,4.716971874,-4.23519516,-0.20630087
14.44400069,-0.148872495,-3.021017551,-1.108979225,-1.108777285,0.639622211,1.032822847,0.36743629,-0.360913634,0.470375955,-0.301252186,0.229862824,-0.69269383,25.01235962,143.3104095,43.12328339,4.673396111,-4.19334507,-0.202922598,25.01235962,143.3104095,43.12328339,4.673396111,-4.19334507,-0.202922598,25.01235962,143.3104095,43.12328339,4.673396111,-4.19334507,-0.202922598
14.46400069,-0.141069531,-3.028120518,-1.099209785,-1.114949465,0.644415379,1.01886487,0.402328461,-0.347700089,0.487867296,-0.29961738,0.242690653,-0.700868309,25.07635307,143.6623077,43.21054077,4.633728981,-4.15113306,-0.19954586,25.07635307,143.6623077,43.21054077,4.633728981,-4.15113306,-0.19954586,25.07635307,143.6623077,43.21054077,4.633728981,-4.15113306,-0.19954586
14.48400069,-0.132574201,-3.034971714,-1.089085579,-1.121091127,0.64946413,1.004742861,0.436733752,-0.33458814,0.50552851,-0.297560155,0.255259782,-0.709059179,25.13878632,144.1045227,43.30421448,4.59577179,-4.106933594,-0.196171746,25.13878632,144.1045227,43.30421448,4.59577179,-4.106933594,-0.196171746,25.13878632,144.1045227,43.30421448,4.59577179,-4.106933594,-0.196171746
14.50400069,-0.123396754,-3.041548252,-1.07861042,-1.127183199,0.654764652,0.99045682,0.470625281,-0.321503192,0.523262203,-0.295364171,0.267545849,-0.71724838,25.19910049,144.4695587,43.41989136,4.553498268,-4.062161922,-0.192842931,25.19910049,144.4695587,43.41989136,4.553498268,-4.062161922,-0.192842931,25.19910049,144.4695587,43.41989136,4.553498268,-4.062161922,-0.192842931
14.52400069,-0.113548636,-3.04787302,-1.06777668,-1.133237123,0.660307407,0.976004839,0.5039711,-0.308491051,0.541090429,-0.293081045,0.279537916,-0.725437224,25.25666046,144.9144287,43.53850555,4.515625,-4.015735626,-0.18951349,25.25666046,144.9144287,43.53850555,4.515625,-4.015735626,-0.18951349,25.25666046,144.9144287,43.53850555,4.515625,-4.015735626,-0.18951349
14.54400069,-0.103041053,-3.053930759,-1.056580544,-1.139241457,0.666090488,0.961392641,0.536737442,-0.295543194,0.558980644,-0.290649712,0.291296601,-0.73363018,25.31100464,145.3101349,43.66795349,4.477639675,-3.967922926,-0.186246738,25.31100464,145.3101349,43.66795349,4.477639675,-3.967922926,-0.186246738,25.31100464,145.3101349,43.66795349,4.477639675,-3.967922926,-0.186246738
14.56400069,-0.091885448,-3.059736729,-1.045025826,-1.145196199,0.672111988,0.946612597,0.568903804,-0.28257072,0.576693714,-0.287940621,0.302800715,-0.741836011,25.3610096,145.7342987,43.80938721,4.442313194,-3.920670509,-0.18298848,25.3610096,145.7342987,43.80938721,4.442313194,-3.920670509,-0.18298848,25.3610096,145.7342987,43.80938721,4.442313194,-3.920670509,-0.18298848
14.58400069,-0.080094457,-3.065290928,-1.033112526,-1.151097536,0.678360462,0.931670427,0.600434959,-0.269603819,0.594309092,-0.285060227,0.314043999,-0.750050008,25.40591621,146.2176819,43.96652985,4.406529903,-3.8720541,-0.179777578,25.40591621,146.2176819,43.96652985,4.406529903,-3.8720541,-0.179777578,25.40591621,146.2176819,43.96652985,4.406529903,-3.8720541,-0.179777578
14.60400069,-0.067681432,-3.070570469,-1.020848274,-1.156945467,0.684832096,0.916564226,0.631296098,-0.256704092,0.611940563,-0.282172054,0.325077206,-0.758268535,25.4455986,146.600647,44.15340805,4.377191544,-3.822924614,-0.176652551,25.4455986,146.600647,44.15340805,4.377191544,-3.822924614,-0.176652551,25.4455986,146.600647,44.15340805,4.377191544,-3.822924614,-0.176652551
14.62400069,-0.054659847,-3.075605869,-1.008236885,-1.162732363,0.691524982,0.901290178,0.661454618,-0.24397023,0.629687786,-0.27907005,0.335868031,-0.766507089,25.47983742,147.0717163,44.36211777,4.346804142,-3.774754763,-0.173525348,25.47983742,147.0717163,44.36211777,4.346804142,-3.774754763,-0.173525348,25.47983742,147.0717163,44.36211777,4.346804142,-3.774754763,-0.173525348
14.6440007,-0.041044239,-3.0803895,-0.995254815,-1.168462038,0.698433399,0.885854006,0.690887392,-0.231416255,0.647556126,-0.275832176,0.346331626,-0.774760246,25.50793839,147.5331879,44.57022858,4.323961258,-3.726951599,-0.170462534,25.50793839,147.5331879,44.57022858,4.323961258,-3.726951599,-0.170462534,25.50793839,147.5331879,44.57022858,4.323961258,-3.726951599,-0.170462534
14.6640007,-0.026849572,-3.084913731,-0.98192054,-1.174126863,0.705551624,0.870251894,0.719578564,-0.218956292,0.665303051,-0.272113383,0.356447428,-0.783046007,25.5296669,147.9676819,44.80072784,4.301671982,-3.679630518,-0.167459145,25.5296669,147.9676819,44.80072784,4.301671982,-3.679630518,-0.167459145,25.5296669,147.9676819,44.80072784,4.301671982,-3.679630518,-0.167459145
14.6840007,-0.012090817,-3.089193821,-0.968229592,-1.179715395,0.712866306,0.854481936,0.747506022,-0.206636727,0.683029175,-0.268242091,0.366207212,-0.791345894,25.54406738,148.4339294,45.04999542,4.278186798,-3.631546259,-0.164470211,25.54406738,148.4339294,45.04999542,4.278186798,-3.631546259,-0.164470211,25.54406738,148.4339294,45.04999542,4.278186798,-3.631546259,-0.164470211
14.7040007,0.003216524,-3.093229771,-0.954180062,-1.185227633,0.720375538,0.838547945,0.774652481,-0.194433808,0.700696766,-0.264390647,0.375636637,-0.799648345,25.55029297,148.9521027,45.31206512,4.25675106,-3.583519459,-0.161532402,25.55029297,148.9521027,45.31206512,4.25675106,-3.583519459,-0.161532402,25.55029297,148.9521027,45.31206512,4.25675106,-3.583519459,-0.161532402
14.7240007,0.019056611,-3.097029209,-0.93977958,-1.190663576,0.728073597,0.822448015,0.801005065,-0.18229194,0.718176782,-0.260522515,0.384746313,-0.807955623,25.54720879,149.4776917,45.59544373,4.238820553,-3.535897493,-0.158674866,25.54720879,149.4776917,45.59544373,4.238820553,-3.535897493,-0.158674866,25.54720879,149.4776917,45.59544373,4.238820553,-3.535897493,-0.158674866
14.7440007,0.035413377,-3.100584507,-0.925030053,-1.196023226,0.735947132,0.806180239,0.826543033,-0.17027168,0.735560715,-0.256616801,0.393600911,-0.81626904,25.53371811,150.0042877,45.9013443,4.225876808,-3.487739801,-0.15583986,25.53371811,150.0042877,45.9013443,4.225876808,-3.487739801,-0.15583986,25.53371811,150.0042877,45.9013443,4.225876808,-3.487739801,-0.15583986
14.7640007,0.052270405,-3.103895664,-0.909931481,-1.201298952,0.743999958,0.789744616,0.851255119,-0.158308685,0.752727747,-0.252590507,0.402226716,-0.82458955,25.50854492,150.5171356,46.23199844,4.214972496,-3.441434145,-0.153025448,25.50854492,150.5171356,46.23199844,4.214972496,-3.441434145,-0.153025448,25.50854492,150.5171356,46.23199844,4.214972496,-3.441434145,-0.153025448
14.7840007,0.069610707,-3.10697031,-0.894487679,-1.206498384,0.752222538,0.77314496,0.875126958,-0.14654842,0.769876897,-0.248463035,0.410534054,-0.832913518,25.47018814,151.0487671,46.58087158,4.211863041,-3.396022558,-0.150260448,25.47018814,151.0487671,46.58087158,4.211863041,-3.396022558,-0.150260448,25.47018814,151.0487671,46.58087158,4.211863041,-3.396022558,-0.150260448
14.8040007,0.087417953,-3.109816074,-0.878700554,-1.211613894,0.760611057,0.756377459,0.898150146,-0.134948,0.786884487,-0.243965298,0.418512464,-0.841250718,25.41680336,151.6148376,46.95158768,4.212025166,-3.352735519,-0.147536129,25.41680336,151.6148376,46.95158768,4.212025166,-3.352735519,-0.147536129,25.41680336,151.6148376,46.95158768,4.212025166,-3.352735519,-0.147536129
14.8240007,0.10567414,-3.112432957,-0.862573922,-1.216634035,0.769155979,0.739444017,0.920319438,-0.123469777,0.803717732,-0.239373088,0.426148683,-0.849581361,25.34674072,152.2019196,47.34396744,4.215111256,-3.309967279,-0.144854501,25.34674072,152.2019196,47.34396744,4.215111256,-3.309967279,-0.144854501,25.34674072,152.2019196,47.34396744,4.215111256,-3.309967279,-0.144854501
14.84400071,0.12436258,-3.114820957,-0.846105874,-1.221566439,0.777847767,0.722340822,0.941628397,-0.112112656,0.820344865,-0.234621733,0.433426887,-0.857903004,25.25749779,152.7979584,47.75708008,4.222385883,-3.268512726,-0.14215304,25.25749779,152.7979584,47.75708008,4.222385883,-3.268512726,-0.14215304,25.25749779,152.7979584,47.75708008,4.222385883,-3.268512726,-0.14215304
14.86400071,0.143466115,-3.116980076,-0.829305947,-1.226395845,0.786688328,0.705075502,0.962070048,-0.100912482,0.8367939,-0.229703248,0.440337777,-0.866208196,25.14616776,153.3924866,48.19372559,4.230998993,-3.229184389,-0.139512181,25.14616776,153.3924866,48.19372559,4.230998993,-3.229184389,-0.139512181,25.14616776,153.3924866,48.19372559,4.230998993,-3.229184389,-0.139512181
14.88400071,0.162966371,-3.118925571,-0.812172234,-1.231137514,0.795660496,0.687642336,0.981637478,-0.08992295,0.85318464,-0.224884316,0.44684723,-0.874480009,25.01152992,154.040863,48.64876175,4.248434544,-3.19077754,-0.136899874,25.01152992,154.040863,48.64876175,4.248434544,-3.19077754,-0.136899874,25.01152992,154.040863,48.64876175,4.248434544,-3.19077754,-0.136899874
14.90400071,0.182848096,-3.120649815,-0.794714272,-1.235772371,0.804760456,0.67004323,1.000326872,-0.079025559,0.869244874,-0.219765246,0.45304504,-0.88273102,24.84783363,154.6897736,49.12984467,4.267209053,-3.153021097,-0.134298727,24.84783363,154.6897736,49.12984467,4.267209053,-3.153021097,-0.134298727,24.84783363,154.6897736,49.12984467,4.267209053,-3.153021097,-0.134298727
14.92400071,0.203091264,-3.122152805,-0.776935875,-1.240311861,0.813982487,0.652282,1.018128037,-0.068264917,0.885094166,-0.21459502,0.458945543,-0.890941083,24.65449905,155.3274078,49.63474655,4.294303894,-3.117343664,-0.131730631,24.65449905,155.3274078,49.63474655,4.294303894,-3.117343664,-0.131730631,24.65449905,155.3274078,49.63474655,4.294303894,-3.117343664,-0.131730631
14.94400071,0.223678708,-3.123449802,-0.758835137,-1.244748354,0.823318958,0.63435483,1.035032868,-0.05771751,0.900844514,-0.209369972,0.464569896,-0.899104774,24.42828369,155.9809265,50.15727997,4.325314045,-3.083242893,-0.129183754,24.42828369,155.9809265,50.15727997,4.325314045,-3.083242893,-0.129183754,24.42828369,155.9809265,50.15727997,4.325314045,-3.083242893,-0.129183754
14.96400071,0.244592309,-3.124540806,-0.740423501,-1.249074221,0.832767963,0.616265535,1.051039815,-0.047289401,0.916294515,-0.203915641,0.469903171,-0.90721941,24.16544151,156.6884308,50.70475006,4.359940529,-3.052000999,-0.126637578,24.16544151,156.6884308,50.70475006,4.359940529,-3.052000999,-0.126637578,24.16544151,156.6884308,50.70475006,4.359940529,-3.052000999,-0.126637578
14.98400071,0.265814155,-3.125425816,-0.721697152,-1.253285646,0.842316151,0.598014116,1.066142201,-0.037036534,0.93157661,-0.198546946,0.474909425,-0.915261567,23.86197853,157.4110718,51.2688942,4.397834778,-3.022433519,-0.124142013,23.86197853,157.4110718,51.2688942,4.397834778,-3.022433519,-0.124142013,23.86197853,157.4110718,51.2688942,4.397834778,-3.022433519,-0.124142013
15.00400071,0.287327141,-3.126104832,-0.702669442,-1.257394075,0.851965427,0.57960248,1.080338597,-0.026859004,0.946467698,-0.19306986,0.47957471,-0.923229992,23.51455688,158.0939026,51.85704041,4.444725037,-2.996303082,-0.121644802,23.51455688,158.0939026,51.85704041,4.444725037,-2.996303082,-0.121644802,23.51455688,158.0939026,51.85704041,4.444725037,-2.996303082,-0.121644802
15.02400071,0.309111923,-3.126585484,-0.683344185,-1.261395693,0.861702442,0.561032534,1.093614221,-0.016886448,0.961200595,-0.187440231,0.48390907,-0.931120276,23.12000656,158.8279419,52.46874619,4.499334812,-2.972026587,-0.11918135,23.12000656,158.8279419,52.46874619,4.499334812,-2.972026587,-0.11918135,23.12000656,158.8279419,52.46874619,4.499334812,-2.972026587,-0.11918135
15.04400071,0.331148475,-3.126867771,-0.663719475,-1.265282869,0.871527195,0.542306185,1.105962396,-0.007196767,0.975853682,-0.181597143,0.487828583,-0.938928604,22.67532539,159.5404816,53.08873367,4.558362961,-2.951666355,-0.116782948,22.67532539,159.5404816,53.08873367,4.558362961,-2.951666355,-0.116782948,22.67532539,159.5404816,53.08873367,4.558362961,-2.951666355,-0.116782948
15.06400072,0.353420585,-3.126966953,-0.643804848,-1.26905179,0.88142252,0.523423433,1.117385745,0.002487294,0.989944637,-0.175522223,0.491334349,-0.946641028,22.17622948,160.3222656,53.73187256,4.620545387,-2.932565689,-0.11436753,22.17622948,160.3222656,53.73187256,4.620545387,-2.932565689,-0.11436753,22.17622948,160.3222656,53.73187256,4.620545387,-2.932565689,-0.11436753
15.08400072,0.375911087,-3.126867771,-0.623606026,-1.272694826,0.891384602,0.504388094,1.127862215,0.011922793,1.00395596,-0.169633359,0.494537205,-0.954232991,21.61696434,161.0489044,54.39009857,4.685932636,-2.915040731,-0.112001568,21.61696434,161.0489044,54.39009857,4.685932636,-2.915040731,-0.112001568,21.61696434,161.0489044,54.39009857,4.685932636,-2.915040731,-0.112001568
15.10400072,0.398598045,-3.126593113,-0.603128731,-1.276223421,0.901407719,0.485203028,1.137385845,0.021318363,1.017481923,-0.163724363,0.497456312,-0.961703062,20.99711609,161.8488007,55.06735992,4.760347843,-2.900405645,-0.109679542,20.99711609,161.8488007,55.06735992,4.760347843,-2.900405645,-0.109679542,20.99711609,161.8488007,55.06735992,4.760347843,-2.900405645,-0.109679542
15.12400072,0.421461433,-3.12612009,-0.582380593,-1.27963376,0.911486149,0.465870142,1.145940065,0.030491345,1.030851722,-0.157812685,0.500105679,-0.96904552,20.31344604,162.5603027,55.75912857,4.842272282,-2.8886168,-0.107410237,20.31344604,162.5603027,55.75912857,4.842272282,-2.8886168,-0.107410237,20.31344604,162.5603027,55.75912857,4.842272282,-2.8886168,-0.107410237
15.14400072,0.444483131,-3.125479221,-0.561363518,-1.282918215,0.921616077,0.446392298,1.153514504,0.039426696,1.044012785,-0.151625708,0.502460301,-0.976263285,19.56357002,163.3614807,56.45883179,4.928937912,-2.880740881,-0.105196543,19.56357002,163.3614807,56.45883179,4.928937912,-2.880740881,-0.105196543,19.56357002,163.3614807,56.45883179,4.928937912,-2.880740881,-0.105196543
15.16400072,0.467645019,-3.124655247,-0.540085137,-1.286080599,0.931787968,0.426771402,1.160103917,0.048270665,1.056745768,-0.145429254,0.50446403,-0.983335316,18.7418766,164.0973969,57.17094803,5.020699978,-2.875421524,-0.10303349,18.7418766,164.0973969,57.17094803,5.020699978,-2.875421524,-0.10303349,18.7418766,164.0973969,57.17094803,5.020699978,-2.875421524,-0.10303349
15.18400072,0.490925163,-3.123655796,-0.518547356,-1.289124727,0.941998005,0.407009363,1.165689707,0.056874484,1.06925559,-0.139054447,0.506115258,-0.990261614,17.84702492,164.826767,57.8888092,5.121187687,-2.873372078,-0.100906149,17.84702492,164.826767,57.8888092,5.121187687,-2.873372078,-0.100906149,17.84702492,164.826767,57.8888092,5.121187687,-2.873372078,-0.100906149
15.20400072,0.514305413,-3.122488499,-0.496758759,-1.292027712,0.952232838,0.387110949,1.170258641,0.065188304,1.081603765,-0.13255699,0.507373035,-0.997029364,16.87654114,165.5700684,58.60530472,5.22165966,-2.873201609,-0.098829873,16.87654114,165.5700684,58.60530472,5.22165966,-2.873201609,-0.098829873,16.87654114,165.5700684,58.60530472,5.22165966,-2.873201609,-0.098829873
15.22400072,0.537761986,-3.121168613,-0.474726975,-1.294808626,0.962492466,0.36707902,1.17380023,0.0734725,1.093343377,-0.126092687,0.508319855,-1.003622293,15.82882214,166.3535767,59.33234024,5.32964468,-2.876352549,-0.096819796,15.82882214,166.3535767,59.33234024,5.32964468,-2.876352549,-0.096819796,15.82882214,166.3535767,59.33234024,5.32964468,-2.876352549,-0.096819796
15.24400072,0.561273873,-3.119688511,-0.452465355,-1.297459841,0.972763538,0.346918344,1.176298738,0.081818409,1.104358315,-0.119621277,0.509038925,-1.010033488,14.70617294,167.1520844,60.07824707,5.443412304,-2.881338596,-0.094883874,14.70617294,167.1520844,60.07824707,5.443412304,-2.881338596,-0.094883874,14.70617294,167.1520844,60.07824707,5.443412304,-2.881338596,-0.094883874
15.26400073,0.584821999,-3.118032932,-0.429983437,-1.299973726,0.983047962,0.326629877,1.177731991,0.08994358,1.115228415,-0.113326989,0.509523153,-1.01625526,13.50174141,167.8474274,60.83426666,5.562973022,-2.890791178,-0.093000069,13.50174141,167.8474274,60.83426666,5.562973022,-2.890791178,-0.093000069,13.50174141,167.8474274,60.83426666,5.562973022,-2.890791178,-0.093000069
15.28400073,0.608381569,-3.116224766,-0.407277405,-1.302373171,0.993338108,0.306219339,1.178078294,0.097697504,1.126187086,-0.107068866,0.509737849,-1.02228725,12.22014713,168.5626831,61.57908249,5.695911884,-2.903201103,-0.091197416,12.22014713,168.5626831,61.57908249,5.695911884,-2.903201103,-0.091197416,12.22014713,168.5626831,61.57908249,5.695911884,-2.903201103,-0.091197416
15.30400073,0.631937325,-3.114264011,-0.384352028,-1.304631472,1.003628254,0.2856915,1.177328706,0.10525433,1.136829972,-0.100488603,0.50960207,-1.028133392,10.85621548,169.2672882,62.316185,5.829691887,-2.919329643,-0.089470178,10.85621548,169.2672882,62.316185,5.829691887,-2.919329643,-0.089470178,10.85621548,169.2672882,62.316185,5.829691887,-2.919329643,-0.089470178
15.32400073,0.65546447,-3.112150669,-0.361213028,-1.306760073,1.013912678,0.265047312,1.175463915,0.112644531,1.147093654,-0.093716748,0.509020805,-1.033780098,9.406873703,169.9429779,63.04171753,5.967892647,-2.939360142,-0.087790579,9.406873703,169.9429779,63.04171753,5.967892647,-2.939360142,-0.087790579,9.406873703,169.9429779,63.04171753,5.967892647,-2.939360142,-0.087790579
15.34400073,0.67893821,-3.109915257,-0.337873757,-1.30874753,1.024178028,0.244294405,1.172464013,0.119949438,1.156835794,-0.086804114,0.508040965,-1.03921771,7.880887985,170.6617889,63.7621727,6.108929634,-2.959558964,-0.086204171,7.880887985,170.6617889,63.7621727,6.108929634,-2.959558964,-0.086204171,7.880887985,170.6617889,63.7621727,6.108929634,-2.959558964,-0.086204171
15.36400073,0.702337563,-3.107527256,-0.314345658,-1.310601473,1.034424305,0.223434687,1.168307781,0.127316743,1.165900946,-0.079990447,0.506812513,-1.044430971,6.275668144,171.3315735,64.48668671,6.255093098,-2.983864546,-0.084671855,6.275668144,171.3315735,64.48668671,6.255093098,-2.983864546,-0.084671855,6.275668144,171.3315735,64.48668671,6.255093098,-2.983864546,-0.084671855
15.38400073,0.725637734,-3.104986668,-0.290632546,-1.312314272,1.04463625,0.202473402,1.162962556,0.134422615,1.174916267,-0.073295936,0.505359173,-1.049420118,4.593001366,171.932312,65.19481659,6.406793118,-3.008987665,-0.083216548,4.593001366,171.932312,65.19481659,6.406793118,-3.008987665,-0.083216548,4.593001366,171.932312,65.19481659,6.406793118,-3.008987665,-0.083216548
15.40400073,0.748815835,-3.10230875,-0.266735375,-1.313897371,1.054821491,0.181415319,1.156409621,0.141170248,1.184020638,-0.066661231,0.503582597,-1.054182172,2.836331129,172.5213165,65.87216949,6.56586647,-3.037862301,-0.081829906,2.836331129,172.5213165,65.87216949,6.56586647,-3.037862301,-0.081829906,2.836331129,172.5213165,65.87216949,6.56586647,-3.037862301,-0.081829906
15.42400073,0.771847069,-3.099508762,-0.242661327,-1.315339327,1.064964771,0.160264254,1.148629308,0.147975788,1.192360759,-0.059572324,0.501516581,-1.058719754,1.009280682,173.1120453,66.53102112,6.726499081,-3.068050146,-0.080492049,1.009280682,173.1120453,66.53102112,6.726499081,-3.068050146,-0.080492049,1.009280682,173.1120453,66.53102112,6.726499081,-3.068050146,-0.080492049
15.44400073,0.794706643,-3.096563816,-0.218420357,-1.316632509,1.075062275,0.139024496,1.139596105,0.154551372,1.200587988,-0.052613102,0.499182254,-1.063012838,-0.885870457,173.5825043,67.16360474,6.886927605,-3.100003719,-0.079197682,-0.885870457,173.5825043,67.16360474,6.886927605,-3.100003719,-0.079197682,-0.885870457,173.5825043,67.16360474,6.886927605,-3.100003719,-0.079197682
15.46400073,0.817369759,-3.09348917,-0.194013447,-1.317784548,1.085106373,0.117702961,1.129286766,0.16086936,1.208694935,-0.045630667,0.496555984,-1.067059755,-2.843046188,174.0493317,67.75397491,7.050632954,-3.132931709,-0.077970937,-2.843046188,174.0493317,67.75397491,7.050632954,-3.132931709,-0.077970937,-2.843046188,174.0493317,67.75397491,7.050632954,-3.132931709,-0.077970937
15.48400074,0.839809716,-3.090300083,-0.169450134,-1.318795443,1.095097065,0.096303463,1.117683291,0.16718702,1.216187358,-0.038619842,0.493596435,-1.070849538,-4.855892658,174.5093231,68.30988312,7.215360641,-3.168884754,-0.076789491,-4.855892658,174.5093231,68.30988312,7.215360641,-3.168884754,-0.076789491,-4.855892658,174.5093231,68.30988312,7.215360641,-3.168884754,-0.076789491
15.50400074,0.861997902,-3.086988926,-0.144742817,-1.319665194,1.105019093,0.074830532,1.104757786,0.173458904,1.223169446,-0.031411428,0.490368575,-1.074382424,-6.917560101,174.8825531,68.83665466,7.383588314,-3.204396486,-0.075632423,-6.917560101,174.8825531,68.83665466,7.383588314,-3.204396486,-0.075632423,-6.917560101,174.8825531,68.83665466,7.383588314,-3.204396486,-0.075632423
15.52400074,0.883911431,-3.083548069,-0.11989747,-1.320389986,1.114872456,0.053290486,1.090483069,0.179580539,1.229891539,-0.024155645,0.486969799,-1.077649355,-9.022711754,175.1997528,69.32077026,7.552511692,-3.240074158,-0.074514769,-9.022711754,175.1997528,69.32077026,7.552511692,-3.240074158,-0.074514769,-9.022711754,175.1997528,69.32077026,7.552511692,-3.240074158,-0.074514769
15.54400074,0.905523598,-3.079992771,-0.094920978,-1.320962191,1.124657154,0.031688213,1.074840426,0.185589343,1.236299872,-0.016885681,0.483285576,-1.080642462,-11.16421604,175.4416199,69.76039886,7.718339443,-3.278499842,-0.073419109,-11.16421604,175.4416199,69.76039886,7.718339443,-3.278499842,-0.073419109,-11.16421604,175.4416199,69.76039886,7.718339443,-3.278499842,-0.073419109
15.56400074,0.926803887,-3.076307774,-0.06981574,-1.321381807,1.134361744,0.010029446,1.057807684,0.191330582,1.242698908,-0.009741557,0.479252756,-1.083354592,-13.33228207,175.6048126,70.14004517,7.882112026,-3.317577362,-0.072342902,-13.33228207,175.6048126,70.14004517,7.882112026,-3.317577362,-0.072342902,-13.33228207,175.6048126,70.14004517,7.882112026,-3.317577362,-0.072342902
15.58400074,0.947727501,-3.072523594,-0.044586286,-1.321648836,1.143978596,-0.011680062,1.039360642,0.1969731,1.248726606,-0.002624429,0.474939913,-1.085779071,-15.52085304,175.7300262,70.45556641,8.042952538,-3.354715824,-0.071277075,-15.52085304,175.7300262,70.45556641,8.042952538,-3.354715824,-0.071277075,-15.52085304,175.7300262,70.45556641,8.042952538,-3.354715824,-0.071277075
15.60400074,0.968263924,-3.068617344,-0.019243047,-1.321774721,1.153511524,-0.033434596,1.019480109,0.20256108,1.254276514,0.004586972,0.470304251,-1.087910771,-17.71578026,175.7628784,70.71163177,8.20546627,-3.392706394,-0.070214771,-17.71578026,175.7628784,70.71163177,8.20546627,-3.392706394,-0.070214771,-17.71578026,175.7628784,70.71163177,8.20546627,-3.392706394,-0.070214771
15.62400074,0.98838073,-3.064604282,0.006204979,-1.321748018,1.162941456,-0.055227961,0.99814719,0.208037645,1.259432793,0.012063329,0.465312243,-1.089748383,-19.90446854,175.6975098,70.90352631,8.362291336,-3.4284513,-0.069145992,-19.90446854,175.6975098,70.90352631,8.362291336,-3.4284513,-0.069145992,-19.90446854,175.6975098,70.90352631,8.362291336,-3.4284513,-0.069145992
15.64400074,1.008051276,-3.060484409,0.031752709,-1.321564913,1.172272205,-0.077054352,0.97534436,0.213318855,1.264371395,0.019618018,0.460021287,-1.091282487,-22.07588768,175.5883331,71.02026367,8.512568474,-3.463052034,-0.068061255,-22.07588768,175.5883331,71.02026367,8.512568474,-3.463052034,-0.068061255,-22.07588768,175.5883331,71.02026367,8.512568474,-3.463052034,-0.068061255
15.66400074,1.027246833,-3.056257725,0.057388905,-1.321229219,1.181488514,-0.098908275,0.951053858,0.21859546,1.268734336,0.027288629,0.454510689,-1.092501998,-24.22042656,175.3447876,71.07098389,8.657510757,-3.49374342,-0.066944242,-24.22042656,175.3447876,71.07098389,8.657510757,-3.49374342,-0.066944242,-24.22042656,175.3447876,71.07098389,8.657510757,-3.49374342,-0.066944242
15.68400074,1.045938849,-3.051931858,0.083105922,-1.320740938,1.190590382,-0.120782226,0.925256312,0.2237546,1.272737265,0.035108931,0.448892057,-1.093403339,-26.32222557,175.0273895,71.04494476,8.79671669,-3.521794796,-0.06580393,-26.32222557,175.0273895,71.04494476,8.79671669,-3.521794796,-0.06580393,-26.32222557,175.0273895,71.04494476,8.79671669,-3.521794796,-0.06580393
15.70400075,1.064092994,-3.04749918,0.108896136,-1.320088625,1.199577808,-0.14267002,0.897941113,0.228769198,1.276430964,0.043038599,0.443152398,-1.093978524,-28.37112427,174.6243896,70.93878937,8.924088478,-3.54791832,-0.064621396,-28.37112427,174.6243896,70.93878937,8.924088478,-3.54791832,-0.064621396,-28.37112427,174.6243896,70.93878937,8.924088478,-3.54791832,-0.064621396
15.72400075,1.081678748,-3.042967319,0.134752333,-1.31927228,1.20844698,-0.164565429,0.86911273,0.233648896,1.27982378,0.050783847,0.437191337,-1.094211459,-30.34506607,174.0923004,70.74790192,9.041292191,-3.571501255,-0.063394561,-30.34506607,174.0923004,70.74790192,9.041292191,-3.571501255,-0.063394561,-30.34506607,174.0923004,70.74790192,9.041292191,-3.571501255,-0.063394561
15.74400075,1.09866941,-3.038343906,0.16066891,-1.318288088,1.21719408,-0.186460361,0.838773906,0.238389716,1.282872319,0.058406491,0.430918843,-1.094095826,-32.23722076,173.4835358,70.46521759,9.147694588,-3.591926575,-0.062128294,-32.23722076,173.4835358,70.46521759,9.147694588,-3.591926575,-0.062128294,-32.23722076,173.4835358,70.46521759,9.147694588,-3.591926575,-0.062128294
15.76400075,1.115038276,-3.033613682,0.1866346,-1.317151308,1.225807667,-0.208349094,0.806926668,0.243076682,1.285379291,0.065930814,0.424309939,-1.093621016,-34.035923,172.7483215,70.09507751,9.246480942,-3.607746124,-0.060806789,-34.035923,172.7483215,70.09507751,9.246480942,-3.607746124,-0.060806789,-34.035923,172.7483215,70.09507751,9.246480942,-3.607746124,-0.060806789
15.78400075,1.130747199,-3.028791904,0.212641299,-1.315858126,1.234287739,-0.230223522,0.773574948,0.247582376,1.287508726,0.073644742,0.417460382,-1.092788696,-35.71422958,171.8837128,69.63210297,9.335037231,-3.617928267,-0.059436418,-35.71422958,171.8837128,69.63210297,9.335037231,-3.617928267,-0.059436418,-35.71422958,171.8837128,69.63210297,9.335037231,-3.617928267,-0.059436418
15.80400075,1.145769477,-3.023886204,0.238677084,-1.314408541,1.242622852,-0.252076507,0.738736451,0.252013981,1.289008141,0.081606045,0.410364926,-1.091586351,-37.26378632,170.9348145,69.08036041,9.412172318,-3.622105598,-0.057997756,-37.26378632,170.9348145,69.08036041,9.412172318,-3.622105598,-0.057997756,-37.26378632,170.9348145,69.08036041,9.412172318,-3.622105598,-0.057997756
15.82400075,1.160074592,-3.01888895,0.264729857,-1.312794924,1.250813007,-0.273902297,0.702429771,0.256278008,1.290037513,0.089795128,0.403069943,-1.09000659,-38.67189026,169.8663483,68.43922424,9.47556591,-3.619929552,-0.056484085,-38.67189026,169.8663483,68.43922424,9.47556591,-3.619929552,-0.056484085,-38.67189026,169.8663483,68.43922424,9.47556591,-3.619929552,-0.056484085
15.84400075,1.173647285,-3.013807774,0.29079473,-1.311009645,1.258854389,-0.295691848,0.664689958,0.260349482,1.290631652,0.097978853,0.395549327,-1.088032484,-39.92609787,168.7036896,67.70149994,9.518446922,-3.610796213,-0.054903995,-39.92609787,168.7036896,67.70149994,9.518446922,-3.610796213,-0.054903995,-39.92609787,168.7036896,67.70149994,9.518446922,-3.610796213,-0.054903995
15.86400075,1.18643415,-3.008642673,0.316857696,-1.309060335,1.266743183,-0.317434669,0.62555337,0.264284372,1.290641785,0.10604158,0.387830287,-1.085650444,-40.99770737,167.4322052,66.87210083,9.547156334,-3.594263554,-0.053300641,-40.99770737,167.4322052,66.87210083,9.547156334,-3.594263554,-0.053300641,-40.99770737,167.4322052,66.87210083,9.547156334,-3.594263554,-0.053300641
15.88400075,1.198423743,-3.00339365,0.342904449,-1.306950808,1.27447176,-0.339125991,0.58508122,0.268038452,1.290106535,0.114014097,0.379932195,-1.082849145,-41.88137054,166.0443878,65.95653534,9.562590599,-3.568804979,-0.05162891,-41.88137054,166.0443878,65.95653534,9.562590599,-3.568804979,-0.05162891,-41.88137054,166.0443878,65.95653534,9.562590599,-3.568804979,-0.05162891
15.90400076,1.209589362,-2.998068333,0.368926406,-1.304669619,1.282036304,-0.360755324,0.543333888,0.271623135,1.288956404,0.121854238,0.371859938,-1.079615355,-42.5671196,164.5631256,64.95291901,9.560565948,-3.534798861,-0.049928874,-42.5671196,164.5631256,64.95291901,9.560565948,-3.534798861,-0.049928874,-42.5671196,164.5631256,64.95291901,9.560565948,-3.534798861,-0.049928874
15.92400076,1.219904304,-2.992674351,0.394909263,-1.302228212,1.289440632,-0.382313132,0.500385582,0.275125355,1.287011862,0.129381478,0.363631308,-1.075932145,-43.04108429,163.0039063,63.86825562,9.543766975,-3.4915905,-0.048227262,-43.04108429,163.0039063,63.86825562,9.543766975,-3.4915905,-0.048227262,-43.04108429,163.0039063,63.86825562,9.543766975,-3.4915905,-0.048227262
15.94400076,1.229345679,-2.987204075,0.42083776,-1.299634218,1.296677113,-0.403791785,0.456332237,0.278431267,1.284416914,0.136806935,0.355217606,-1.071794629,-43.28925705,161.3351135,62.70776367,9.515789986,-3.438386679,-0.04651653,-43.28925705,161.3351135,62.70776367,9.515789986,-3.438386679,-0.04651653,-43.28925705,161.3351135,62.70776367,9.515789986,-3.438386679,-0.04651653
15.96400076,1.237894416,-2.981665134,0.446698546,-1.296887636,1.303738117,-0.425179839,0.411280185,0.281480819,1.281201005,0.144332811,0.34665069,-1.067195296,-43.30900574,159.5864716,61.47259903,9.474321365,-3.37446475,-0.044845838,-43.30900574,159.5864716,61.47259903,9.474321365,-3.37446475,-0.044845838,-43.30900574,159.5864716,61.47259903,9.474321365,-3.37446475,-0.044845838
15.98400076,1.24553144,-2.976072788,0.472479224,-1.293988466,1.310623646,-0.446471572,0.365349293,0.284343451,1.27719152,0.151992634,0.337960988,-1.062121749,-43.08941269,157.8078766,60.16946793,9.418197632,-3.299190044,-0.043194063,-43.08941269,157.8078766,60.16946793,9.418197632,-3.299190044,-0.043194063,-43.08941269,157.8078766,60.16946793,9.418197632,-3.299190044,-0.043194063
16.00400076,1.252237678,-2.970427036,0.498161674,-1.290936708,1.317337513,-0.467654586,0.318679065,0.287025243,1.272377014,0.159696281,0.329240143,-1.056558132,-42.62374115,155.9571838,58.8092041,9.347471237,-3.212959766,-0.04159997,-42.62374115,155.9571838,58.8092041,9.347471237,-3.212959766,-0.04159997,-42.62374115,155.9571838,58.8092041,9.347471237,-3.212959766,-0.04159997
16.02400076,1.25799787,-2.964720249,0.523730934,-1.287728548,1.323872089,-0.488721251,0.271439195,0.289507598,1.266809464,0.167284161,0.320361823,-1.050491333,-41.91266632,154.0649567,57.39519119,9.260352135,-3.115458965,-0.04007088,-41.91266632,154.0649567,57.39519119,9.260352135,-3.115458965,-0.04007088,-41.91266632,154.0649567,57.39519119,9.260352135,-3.115458965,-0.04007088
16.04400076,1.262804389,-2.958967686,0.549174964,-1.284371614,1.330227375,-0.509659767,0.223817229,0.291798592,1.260505915,0.174490869,0.311294973,-1.043907046,-40.95720291,152.1516876,55.93192673,9.162117958,-3.005561829,-0.03867792,-40.95720291,152.1516876,55.93192673,9.162117958,-3.005561829,-0.03867792,-40.95720291,152.1516876,55.93192673,9.162117958,-3.005561829,-0.03867792
16.06400076,1.266657233,-2.953169346,0.574470222,-1.280869722,1.336399555,-0.530457497,0.176000237,0.293907613,1.253438711,0.181516647,0.302217841,-1.036801577,-39.76873398,150.1819,54.43596649,9.052564621,-2.881976604,-0.037441261,-39.76873398,150.1819,54.43596649,9.052564621,-2.881976604,-0.037441261,-39.76873398,150.1819,54.43596649,9.052564621,-2.881976604,-0.037441261
16.08400076,1.269556403,-2.94732523,0.599610984,-1.277226686,1.342392445,-0.551110268,0.128195897,0.295782655,1.245753646,0.188211367,0.293158114,-1.029170632,-38.35884476,148.215271,52.90103149,8.931921005,-2.747676134,-0.036342073,-38.35884476,148.215271,52.90103149,8.931921005,-2.747676134,-0.036342073,-38.35884476,148.215271,52.90103149,8.931921005,-2.747676134,-0.036342073
16.10400076,1.271501899,-2.941442966,0.624587715,-1.273450136,1.348194599,-0.571599007,0.080618314,0.297352582,1.23751545,0.194906458,0.284210414,-1.021021247,-36.73852539,146.2219086,51.32469559,8.804756165,-2.599082708,-0.035508119,-36.73852539,146.2219086,51.32469559,8.804756165,-2.599082708,-0.035508119,-36.73852539,146.2219086,51.32469559,8.804756165,-2.599082708,-0.035508119
16.12400077,1.272501349,-2.935530186,0.64938134,-1.269536257,1.353828907,-0.591919899,0.033497691,0.298840225,1.228350639,0.201505348,0.275409549,-1.012348175,-34.92618561,144.27388,49.72517776,8.664917946,-2.44106245,-0.03489856,-34.92618561,144.27388,49.72517776,8.664917946,-2.44106245,-0.03489856,-34.92618561,144.27388,49.72517776,8.664917946,-2.44106245,-0.03489856
16.14400077,1.272570014,-2.929579258,0.673974693,-1.265488863,1.359283924,-0.612061501,-0.01293135,0.300187141,1.218451023,0.207917497,0.266816586,-1.00316,-32.94335175,142.2762604,48.1103363,8.518198013,-2.272669077,-0.034556739,-32.94335175,142.2762604,48.1103363,8.518198013,-2.272669077,-0.034556739,-32.94335175,142.2762604,48.1103363,8.518198013,-2.272669077,-0.034556739
16.16400077,1.271715522,-2.923613071,0.69835633,-1.261315584,1.364571095,-0.632012367,-0.058421966,0.301298231,1.208031058,0.214151323,0.258424819,-0.993472278,-30.81145668,140.3584747,46.47995377,8.363614082,-2.094677687,-0.034463141,-30.81145668,140.3584747,46.47995377,8.363614082,-2.094677687,-0.034463141,-30.81145668,140.3584747,46.47995377,8.363614082,-2.094677687,-0.034463141
16.18400077,1.26996839,-2.917616367,0.722512901,-1.25701642,1.369686604,-0.651761055,-0.10273812,0.30244863,1.196704388,0.220192581,0.250310063,-0.983296335,-28.56591225,138.4627533,44.84599686,8.202432632,-1.908038378,-0.034744862,-28.56591225,138.4627533,44.84599686,8.202432632,-1.908038378,-0.034744862,-28.56591225,138.4627533,44.84599686,8.202432632,-1.908038378,-0.034744862
16.20400077,1.267355323,-2.911596775,0.746427238,-1.252595186,1.37464571,-0.671301842,-0.14565897,0.303540021,1.184772968,0.225985005,0.242626816,-0.972659171,-26.24522781,136.5638885,43.21316147,8.036307335,-1.715045929,-0.03526631,-26.24522781,136.5638885,43.21316147,8.036307335,-1.715045929,-0.03526631,-26.24522781,136.5638885,43.21316147,8.036307335,-1.715045929,-0.03526631
16.22400077,1.263903022,-2.905554295,0.770095527,-1.248059511,1.379456043,-0.690625191,-0.18697536,0.304368526,1.172644377,0.231733724,0.23539786,-0.961601675,-23.87503815,134.7052307,41.56978989,7.86678648,-1.517440796,-0.036113594,-23.87503815,134.7052307,41.56978989,7.86678648,-1.517440796,-0.036113594,-23.87503815,134.7052307,41.56978989,7.86678648,-1.517440796,-0.036113594
16.24400077,1.259642005,-2.899496555,0.793508232,-1.243405581,1.384136677,-0.709721565,-0.226506412,0.305273831,1.15980494,0.237504512,0.228544623,-0.950147808,-21.49861908,132.9234924,39.92450714,7.690560341,-1.321353555,-0.037238367,-21.49861908,132.9234924,39.92450714,7.690560341,-1.321353555,-0.037238367,-21.49861908,132.9234924,39.92450714,7.690560341,-1.321353555,-0.037238367
16.26400077,1.254614234,-2.893415928,0.816650093,-1.238637209,1.388676167,-0.728581429,-0.264087021,0.306149036,1.146587133,0.243126139,0.222041041,-0.938343644,-19.1543293,131.1273499,38.28392029,7.509881496,-1.121428132,-0.038642094,-19.1543293,131.1273499,38.28392029,7.509881496,-1.121428132,-0.038642094,-19.1543293,131.1273499,38.28392029,7.509881496,-1.121428132,-0.038642094
16.28400077,1.248865485,-2.887312412,0.839517295,-1.233754396,1.393093586,-0.747202873,-0.299642473,0.306904137,1.133198619,0.248730153,0.216093928,-0.92624253,-16.89617348,129.3562317,36.63534546,7.32322073,-0.924819231,-0.040266421,-16.89617348,129.3562317,36.63534546,7.32322073,-0.924819231,-0.040266421,-16.89617348,129.3562317,36.63534546,7.32322073,-0.924819231,-0.040266421
16.30400077,1.242430091,-2.881193638,0.86210984,-1.228757143,1.397408009,-0.76557827,-0.333136439,0.307735771,1.119395137,0.254227936,0.210781232,-0.91388309,-14.74976063,127.6269684,34.97838974,7.130198479,-0.73336798,-0.042030968,-14.74976063,127.6269684,34.97838974,7.130198479,-0.73336798,-0.042030968,-14.74976063,127.6269684,34.97838974,7.130198479,-0.73336798,-0.042030968
16.32400078,1.235353827,-2.875059605,0.88441056,-1.223649263,1.40161562,-0.783703804,-0.364597976,0.308794528,1.104985237,0.259581238,0.206110105,-0.901309669,-12.76439381,125.9536438,33.32269669,6.932517529,-0.548610151,-0.04385487,-12.76439381,125.9536438,33.32269669,6.932517529,-0.548610151,-0.04385487,-12.76439381,125.9536438,33.32269669,6.932517529,-0.548610151,-0.04385487
16.34400078,1.227671027,-2.868895054,0.906413734,-1.218434572,1.405746937,-0.801575661,-0.394113392,0.309922874,1.090281487,0.264863074,0.202109739,-0.888578236,-10.96041775,124.2254486,31.66591644,6.730763912,-0.375947714,-0.045713183,-10.96041775,124.2254486,31.66591644,6.730763912,-0.375947714,-0.045713183,-10.96041775,124.2254486,31.66591644,6.730763912,-0.375947714,-0.045713183
16.36400078,1.219416022,-2.862707615,0.928123176,-1.213109255,1.40980196,-0.819190025,-0.421831906,0.31102857,1.075416446,0.270164698,0.198676735,-0.875736415,-9.371143341,122.5134354,29.99286461,6.521471024,-0.215504542,-0.047468297,-9.371143341,122.5134354,29.99286461,6.521471024,-0.215504542,-0.047468297,-9.371143341,122.5134354,29.99286461,6.521471024,-0.215504542,-0.047468297
16.38400078,1.210630774,-2.856497288,0.94952172,-1.207677126,1.413792133,-0.836548805,-0.447990298,0.312268764,1.060129881,0.275392056,0.195860639,-0.862821162,-8.01848793,120.8359833,28.3154583,6.306426525,-0.06882403,-0.04901972,-8.01848793,120.8359833,28.3154583,6.306426525,-0.06882403,-0.04901972,-8.01848793,120.8359833,28.3154583,6.306426525,-0.06882403,-0.04901972
16.40400078,1.201341987,-2.850241184,0.97060746,-1.202134371,1.41773653,-0.853646278,-0.472893715,0.313376248,1.04477787,0.280686557,0.193541124,-0.849871337,-6.921947956,119.0590744,26.62906456,6.082132816,0.059138611,-0.050268091,-6.921947956,119.0590744,26.62906456,6.082132816,0.059138611,-0.050268091,-6.921947956,119.0590744,26.62906456,6.082132816,0.059138611,-0.050268091
16.42400078,1.191564918,-2.843985081,0.991376579,-1.196484804,1.421635151,-0.870482445,-0.49690637,0.31448859,1.029090047,0.285818845,0.191606924,-0.836905956,-6.079296112,117.392746,24.92876053,5.849265575,0.169364482,-0.051151522,-6.079296112,117.392746,24.92876053,5.849265575,0.169364482,-0.051151522,-6.079296112,117.392746,24.92876053,5.849265575,0.169364482,-0.051151522
16.44400078,1.181311011,-2.83769846,1.011818051,-1.19073987,1.425499439,-0.887063026,-0.520422161,0.315870434,1.012610555,0.290711164,0.189848468,-0.823920548,-5.478866577,115.7226791,23.23383141,5.617653847,0.260312259,-0.051423419,-5.478866577,115.7226791,23.23383141,5.617653847,0.260312259,-0.051423419,-5.478866577,115.7226791,23.23383141,5.617653847,0.260312259,-0.051423419
16.46400078,1.170587897,-2.831366062,1.031921506,-1.184888124,1.429329395,-0.903380394,-0.543864548,0.317085505,0.995894969,0.295589119,0.18803528,-0.810925961,-5.115336418,113.9597015,21.53812408,5.377251625,0.333371878,-0.051118031,-5.115336418,113.9597015,21.53812408,5.377251625,0.333371878,-0.051118031,-5.115336418,113.9597015,21.53812408,5.377251625,0.333371878,-0.051118031
16.48400078,1.159391761,-2.825033665,1.051677823,-1.178941011,1.433125019,-0.919436455,-0.567684948,0.31821844,0.978742242,0.300272107,0.185999393,-0.797902822,-4.954881191,112.3182373,19.85038757,5.132013321,0.389705658,-0.050140731,-4.954881191,112.3182373,19.85038757,5.132013321,0.389705658,-0.050140731,-4.954881191,112.3182373,19.85038757,5.132013321,0.389705658,-0.050140731
16.50400078,1.147703528,-2.81867075,1.071079373,-1.172902346,1.436874866,-0.935235023,-0.592292011,0.319495171,0.960785449,0.304610908,0.183572635,-0.784801662,-4.964360714,110.6897888,18.17703438,4.886911392,0.433388054,-0.04829869,-4.964360714,110.6897888,18.17703438,4.886911392,0.433388054,-0.04829869,-4.964360714,110.6897888,18.17703438,4.886911392,0.433388054,-0.04829869
16.52400078,1.135511756,-2.812262058,1.090110898,-1.166772127,1.440563679,-0.950768471,-0.618081331,0.320454836,0.942626476,0.308853686,0.180784106,-0.771587193,-5.110365868,108.9866562,16.5302887,4.641115189,0.467918634,-0.045657046,-5.110365868,108.9866562,16.5302887,4.641115189,0.467918634,-0.045657046,-5.110365868,108.9866562,16.5302887,4.641115189,0.467918634,-0.045657046
16.54400079,1.122785926,-2.805853367,1.108772397,-1.160557985,1.444199085,-0.966034889,-0.64537698,0.321173459,0.924102306,0.312911093,0.177536637,-0.758192122,-5.337686539,107.4275055,14.89545536,4.394517899,0.493024409,-0.042178325,-5.337686539,107.4275055,14.89545536,4.394517899,0.493024409,-0.042178325,-5.337686539,107.4275055,14.89545536,4.394517899,0.493024409,-0.042178325
16.56400079,1.109487891,-2.799444675,1.127048612,-1.154263735,1.447758198,-0.981032372,-0.67438525,0.32193917,0.904791057,0.316795439,0.1736743,-0.744535744,-5.598022461,105.9895096,13.30008507,4.150258541,0.515821397,-0.037836716,-5.598022461,105.9895096,13.30008507,4.150258541,0.515821397,-0.037836716,-5.598022461,105.9895096,13.30008507,4.150258541,0.515821397,-0.037836716
16.58400079,1.095587134,-2.793005466,1.144928098,-1.14789319,1.451233387,-0.995747566,-0.705173612,0.322848111,0.884672642,0.3203381,0.169100687,-0.730535746,-5.838663578,104.5764084,11.7500782,3.911107063,0.539086819,-0.032753732,-5.838663578,104.5764084,11.7500782,3.911107063,0.539086819,-0.032753732,-5.838663578,104.5764084,11.7500782,3.911107063,0.539086819,-0.032753732
16.60400079,1.081049323,-2.786520481,1.162399411,-1.141450167,1.454605579,-1.010174751,-0.737702608,0.323413432,0.864473343,0.323926419,0.163904399,-0.716133296,-6.017468452,103.1032486,10.24618816,3.67564559,0.566997945,-0.026987091,-6.017468452,103.1032486,10.24618816,3.67564559,0.566997945,-0.026987091,-6.017468452,103.1032486,10.24618816,3.67564559,0.566997945,-0.026987091
16.62400079,1.065832496,-2.780035496,1.179470181,-1.134930849,1.457867146,-1.024315834,-0.771761954,0.323676288,0.844271719,0.327453434,0.158044696,-0.7012555,-6.084975243,101.7939911,8.775495529,3.441707611,0.603118181,-0.020429492,-6.084975243,101.7939911,8.775495529,3.441707611,0.603118181,-0.020429492,-6.084975243,101.7939911,8.775495529,3.441707611,0.603118181,-0.020429492
16.64400079,1.049925208,-2.77355051,1.196121335,-1.128342867,1.460999012,-1.038151741,-0.806979537,0.323978961,0.823788464,0.330698907,0.151556894,-0.685814142,-6.022991657,100.6224747,7.35411787,3.212389469,0.652765989,-0.013358831,-6.022991657,100.6224747,7.35411787,3.212389469,0.652765989,-0.013358831,-6.022991657,100.6224747,7.35411787,3.212389469,0.652765989,-0.013358831
16.66400079,1.033296943,-2.767065525,1.212352872,-1.121690035,1.464004993,-1.051659584,-0.842868209,0.324536711,0.802962124,0.3337951,0.144665703,-0.669759929,-5.804607391,99.57685852,5.98445797,2.992340088,0.713828862,-0.006009365,-5.804607391,99.57685852,5.98445797,2.992340088,0.713828862,-0.006009365,-5.804607391,99.57685852,5.98445797,2.992340088,0.713828862,-0.006009365
16.68400079,1.015951514,-2.76058054,1.228160977,-1.114972353,1.466862202,-1.064843178,-0.878816724,0.325558484,0.781791568,0.336767972,0.137566328,-0.653058589,-5.432961464,98.64346313,4.663398266,2.778750181,0.792920351,0.001617711,-5.432961464,98.64346313,4.663398266,2.778750181,0.792920351,0.001617711,-5.432961464,98.64346313,4.663398266,2.778750181,0.792920351,0.001617711
16.70400079,0.997888625,-2.754034519,1.243545651,-1.108197451,1.469582081,-1.077683449,-0.914183319,0.327020168,0.760583162,0.339809597,0.130703077,-0.635698617,-4.911532879,97.61261749,3.392961264,2.571683884,0.887101948,0.009408455,-4.911532879,97.61261749,3.392961264,2.571683884,0.887101948,0.009408455,-4.911532879,97.61261749,3.392961264,2.571683884,0.887101948,0.009408455
16.72400079,0.979135573,-2.74747324,1.258506894,-1.101350069,1.472168446,-1.090176582,-0.94829452,0.328528017,0.740100384,0.343163341,0.124334775,-0.617694199,-4.266080856,96.64477539,2.148865461,2.364992857,0.993094504,0.017380223,-4.266080856,96.64477539,2.148865461,2.364992857,0.993094504,0.017380223,-4.266080856,96.64477539,2.148865461,2.364992857,0.993094504,0.017380223
16.7440008,0.959720671,-2.740873814,1.273063779,-1.094426394,1.474644184,-1.102288246,-0.980516195,0.330495328,0.720011234,0.346623927,0.118724287,-0.599061072,-3.531356335,95.68308258,0.916244984,2.155724049,1.10765183,0.025022961,-3.531356335,95.68308258,0.916244984,2.155724049,1.10765183,0.025022961,-3.531356335,95.68308258,0.916244984,2.155724049,1.10765183,0.025022961
16.7640008,0.939689696,-2.73423624,1.28722775,-1.087426424,1.477020741,-1.11401844,-1.010320902,0.332713097,0.70070225,0.350286722,0.114075616,-0.579864144,-2.748443604,94.6861496,-0.333499908,1.943084121,1.224854112,0.032422327,-2.748443604,94.6861496,-0.333499908,1.943084121,1.224854112,0.032422327,-2.748443604,94.6861496,-0.333499908,1.943084121,1.224854112,0.032422327
16.7840008,0.919094145,-2.727530003,1.301014066,-1.080350161,1.479321003,-1.125367165,-1.037295222,0.335380048,0.681882441,0.354320705,0.110421285,-0.560157895,-1.964306831,93.58318329,-1.615736485,1.725377917,1.341352105,0.039656211,-1.964306831,93.58318329,-1.615736485,1.725377917,1.341352105,0.039656211,-1.964306831,93.58318329,-1.615736485,1.725377917,1.341352105,0.039656211
16.8040008,0.897998869,-2.720777988,1.314422727,-1.073189974,1.481556416,-1.136307716,-1.061239243,0.338469744,0.663462818,0.358905792,0.107932463,-0.54000324,-1.232368946,92.44451141,-2.930378914,1.498801708,1.454254389,0.046457879,-1.232368946,92.44451141,-2.930378914,1.498801708,1.454254389,0.046457879,-1.232368946,92.44451141,-2.930378914,1.498801708,1.454254389,0.046457879
16.8240008,0.876464903,-2.71394968,1.327461362,-1.065922976,1.483757496,-1.146847725,-1.082151651,0.341878802,0.645524561,0.363632232,0.106667332,-0.519483566,-0.595830679,91.15821075,-4.283573627,1.252323508,1.555222034,0.052962702,-0.595830679,91.15821075,-4.283573627,1.252323508,1.555222034,0.052962702,-0.595830679,91.15821075,-4.283573627,1.252323508,1.555222034,0.052962702
16.8440008,0.854543746,-2.707052708,1.34014523,-1.058564425,1.485939503,-1.156968117,-1.100230455,0.345501691,0.627948999,0.36829403,0.106556691,-0.498668075,-0.080008507,89.77085876,-5.703337193,0.993154168,1.642259479,0.058959331,-0.080008507,89.77085876,-5.703337193,0.993154168,1.642259479,0.058959331,-0.080008507,89.77085876,-5.703337193,0.993154168,1.642259479,0.058959331
16.8640008,0.832294524,-2.700079441,1.352481961,-1.051110506,1.488136768,-1.166668892,-1.115845799,0.349271566,0.610493362,0.372832417,0.107322261,-0.477632076,0.280121565,88.26313782,-7.185097694,0.723549962,1.708218813,0.064518817,0.280121565,88.26313782,-7.185097694,0.723549962,1.708218813,0.064518817,0.280121565,88.26313782,-7.185097694,0.723549962,1.708218813,0.064518817
16.8840008,0.8097592,-2.693029881,1.364463925,-1.043565035,1.490356922,-1.175946236,-1.129500151,0.353071809,0.59288466,0.377397329,0.108469456,-0.456441462,0.480955839,86.64914703,-8.718389511,0.440043151,1.751694918,0.069643699,0.480955839,86.64914703,-8.718389511,0.440043151,1.751694918,0.069643699,0.480955839,86.64914703,-8.718389511,0.440043151,1.751694918,0.069643699
16.9040008,0.786966383,-2.685904026,1.376079679,-1.035924196,1.492603779,-1.184800148,-1.141804338,0.356786668,0.574894547,0.381754458,0.109676279,-0.435148239,0.528271198,84.94379425,-10.28852463,0.143730417,1.775415182,0.074387699,0.528271198,84.94379425,-10.28852463,0.143730417,1.775415182,0.074387699,0.528271198,84.94379425,-10.28852463,0.143730417,1.775415182,0.074387699
16.9240008,0.763940871,-2.678709507,1.387329221,-1.028203249,1.49486208,-1.193226814,-1.153375506,0.360216528,0.556475639,0.385819852,0.110538073,-0.413797259,0.436182022,83.19900513,-11.8844471,-0.154892579,1.783342957,0.078738146,0.436182022,83.19900513,-11.8844471,-0.154892579,1.783342957,0.078738146,0.436182022,83.19900513,-11.8844471,-0.154892579,1.783342957,0.078738146
16.9440008,0.740678847,-2.671453953,1.398197293,-1.020394564,1.497135639,-1.201230049,-1.164790392,0.363347381,0.537326097,0.389515907,0.110917367,-0.392417252,0.245245695,81.45666504,-13.4943409,-0.463740975,1.777477741,0.082784779,0.245245695,81.45666504,-13.4943409,-0.463740975,1.777477741,0.082784779,0.245245695,81.45666504,-13.4943409,-0.463740975,1.777477741,0.082784779
16.96400081,0.717184126,-2.664129734,1.408672452,-1.012521029,1.499401569,-1.208802223,-1.176473737,0.366103232,0.517404139,0.392611206,0.110536277,-0.371035427,-0.014307499,79.66239929,-15.08695602,-0.769327998,1.762206793,0.086499132,-0.014307499,79.66239929,-15.08695602,-0.769327998,1.762206793,0.086499132,-0.014307499,79.66239929,-15.08695602,-0.769327998,1.762206793,0.086499132
16.98400081,0.69344908,-2.656759739,1.418735623,-1.004582644,1.501656055,-1.215943336,-1.188693762,0.36856246,0.496519595,0.395217925,0.109331258,-0.34967646,-0.306487083,77.97367859,-16.64255333,-1.069261193,1.742059231,0.089787662,-0.306487083,77.97367859,-16.64255333,-1.069261193,1.742059231,0.089787662,-0.306487083,77.97367859,-16.64255333,-1.069261193,1.742059231,0.089787662
17.00400081,0.669460356,-2.649359226,1.428367734,-0.996598482,1.503872395,-1.222661018,-1.201558709,0.370609164,0.474891484,0.397367179,0.107327193,-0.328368485,-0.592496395,76.40354919,-18.139534,-1.357949376,1.722307205,0.092842631,-0.592496395,76.40354919,-18.139534,-1.357949376,1.722307205,0.092842631,-0.592496395,76.40354919,-18.139534,-1.357949376,1.722307205,0.092842631
17.02400081,0.645204604,-2.641890049,1.43755734,-0.988568544,1.506035328,-1.228951454,-1.214922547,0.372416764,0.452500433,0.39914301,0.104639925,-0.307136446,-0.838798285,74.85186768,-19.55040359,-1.634509683,1.706718087,0.09561833,-0.838798285,74.85186768,-19.55040359,-1.634509683,1.706718087,0.09561833,-0.838798285,74.85186768,-19.55040359,-1.634509683,1.706718087,0.09561833
17.04400081,0.620678008,-2.634413242,1.446289182,-0.980508089,1.508141041,-1.234818459,-1.228509188,0.373960406,0.42967853,0.400609493,0.101573065,-0.286013693,-1.02694869,73.51296234,-20.87551308,-1.892760158,1.696498394,0.098187707,-1.02694869,73.51296234,-20.87551308,-1.892760158,1.696498394,0.098187707,-1.02694869,73.51296234,-20.87551308,-1.892760158,1.696498394,0.098187707
17.06400081,0.595878661,-2.626890659,1.454559445,-0.972417116,1.510185719,-1.240265846,-1.241837859,0.37556687,0.406460404,0.401880085,0.098336831,-0.265032083,-1.146919727,72.27324677,-22.09246254,-2.131887197,1.693179011,0.100613959,-1.146919727,72.27324677,-22.09246254,-2.131887197,1.693179011,0.100613959,-1.146919727,72.27324677,-22.09246254,-2.131887197,1.693179011,0.100613959
17.08400081,0.570819914,-2.619337559,1.462356687,-0.964295626,1.512157917,-1.245293617,-1.254443884,0.377192646,0.383324146,0.403028458,0.095224358,-0.244228244,-1.203091145,71.1411972,-23.19824982,-2.354679585,1.696970344,0.102901533,-1.203091145,71.1411972,-23.19824982,-2.354679585,1.696970344,0.102901533,-1.203091145,71.1411972,-23.19824982,-2.354679585,1.696970344,0.102901533
17.10400081,0.545520842,-2.611753941,1.469688535,-0.956153154,1.514080524,-1.249905586,-1.26581049,0.37911877,0.360443294,0.404057831,0.092512786,-0.223635197,-1.203483343,70.16290283,-24.20246315,-2.555237532,1.703311205,0.105108902,-1.203483343,70.16290283,-24.20246315,-2.555237532,1.703311205,0.105108902,-1.203483343,70.16290283,-24.20246315,-2.555237532,1.703311205,0.105108902
17.12400081,0.520013869,-2.604124546,1.476566434,-0.947980165,1.515945911,-1.254117012,-1.275555491,0.381321609,0.338170975,0.405302405,0.090305775,-0.203284234,-1.169291735,69.2209549,-25.12268066,-2.740230083,1.712087989,0.107462652,-1.169291735,69.2209549,-25.12268066,-2.740230083,1.712087989,0.107462652,-1.169291735,69.2209549,-25.12268066,-2.740230083,1.712087989,0.107462652
17.14400081,0.494337887,-2.596434116,1.483020902,-0.939772844,1.517780781,-1.257912636,-1.283416152,0.383954078,0.316567987,0.406932771,0.088765986,-0.183184937,-1.1237216,68.31045532,-25.98952675,-2.913803577,1.719214678,0.109652624,-1.1237216,68.31045532,-25.98952675,-2.913803577,1.719214678,0.109652624,-1.1237216,68.31045532,-25.98952675,-2.913803577,1.719214678,0.109652624
17.16400082,0.468526691,-2.58869791,1.489040494,-0.931525469,1.519581318,-1.26132679,-1.289293885,0.387032449,0.295810908,0.408919692,0.087822095,-0.163340822,-1.082395315,67.46419525,-26.79241943,-3.079065561,1.723183274,0.112228453,-1.082395315,67.46419525,-26.79241943,-3.079065561,1.723183274,0.112228453,-1.082395315,67.46419525,-26.79241943,-3.079065561,1.723183274,0.112228453
17.18400082,0.442622989,-2.58088541,1.494659543,-0.923232317,1.521381855,-1.264321327,-1.29323411,0.390534282,0.276031613,0.4112432,0.087328196,-0.14374052,-1.063885689,66.56671143,-27.56771278,-3.237680197,1.718066454,0.114635311,-1.063885689,66.56671143,-27.56771278,-3.237680197,1.718066454,0.114635311,-1.063885689,66.56671143,-27.56771278,-3.237680197,1.718066454,0.114635311
17.20400082,0.416661114,-2.572996616,1.499897122,-0.914881945,1.523167133,-1.266934395,-1.295432329,0.394366056,0.257227004,0.414028317,0.087038681,-0.124382451,-1.071505547,65.63027191,-28.33940506,-3.397526264,1.707943797,0.117295124,-1.071505547,65.63027191,-28.33940506,-3.397526264,1.707943797,0.117295124,-1.071505547,65.63027191,-28.33940506,-3.397526264,1.707943797,0.117295124
17.22400082,0.390673488,-2.565031528,1.504757047,-0.906470537,1.524944782,-1.269165993,-1.296132207,0.398480922,0.239355996,0.417078257,0.086741641,-0.105230197,-1.108831167,64.66431427,-29.10615158,-3.559225559,1.690824151,0.120210469,-1.108831167,64.66431427,-29.10615158,-3.559225559,1.690824151,0.120210469,-1.108831167,64.66431427,-29.10615158,-3.559225559,1.690824151,0.120210469
17.24400082,0.364688724,-2.556982517,1.509273648,-0.897990465,1.526707172,-1.271016121,-1.295612812,0.402878851,0.222253054,0.420266509,0.086354941,-0.086246021,-1.173627377,63.64339066,-29.89761162,-3.724719286,1.671136498,0.123315305,-1.173627377,63.64339066,-29.89761162,-3.724719286,1.671136498,0.123315305,-1.173627377,63.64339066,-29.89761162,-3.724719286,1.671136498,0.123315305
17.26400082,0.338723987,-2.548849583,1.513458371,-0.889441729,1.528461933,-1.272484779,-1.294156671,0.407493979,0.20570074,0.423638463,0.085755318,-0.067398831,-1.250799894,62.57546997,-30.71824265,-3.895372868,1.646570802,0.126549393,-1.250799894,62.57546997,-30.71824265,-3.895372868,1.646570802,0.126549393,-1.250799894,62.57546997,-30.71824265,-3.895372868,1.646570802,0.126549393
17.28400082,0.312798351,-2.540609837,1.517307401,-0.880820513,1.53019762,-1.273575783,-1.291975617,0.41217795,0.189589888,0.427131712,0.084830046,-0.048668571,-1.329330206,61.4153595,-31.56433868,-4.072792053,1.619522333,0.129904196,-1.329330206,61.4153595,-31.56433868,-4.072792053,1.619522333,0.129904196,-1.329330206,61.4153595,-31.56433868,-4.072792053,1.619522333,0.129904196
17.30400082,0.286922306,-2.532270908,1.520843625,-0.872126818,1.531914234,-1.274296761,-1.28918159,0.416837484,0.173798665,0.430572629,0.083584771,-0.030037645,-1.393530369,60.14323044,-32.44615555,-4.256844521,1.592093349,0.133373097,-1.393530369,60.14323044,-32.44615555,-4.256844521,1.592093349,0.133373097,-1.393530369,60.14323044,-32.44615555,-4.256844521,1.592093349,0.133373097
17.32400082,0.26111111,-2.523848057,1.524059415,-0.863360643,1.533592701,-1.274659157,-1.28576076,0.42143321,0.158124477,0.433991015,0.082079411,-0.01148461,-1.434994936,58.86080933,-33.34909821,-4.445832253,1.56692493,0.137171209,-1.434994936,58.86080933,-33.34909821,-4.445832253,1.56692493,0.137171209,-1.434994936,58.86080933,-33.34909821,-4.445832253,1.56692493,0.137171209
17.34400082,0.23537764,-2.515333652,1.526958585,-0.854523897,1.53524065,-1.274640083,-1.281586885,0.426047266,0.142358676,0.437181622,0.080479644,0.006988231,-1.445847154,57.53357697,-34.27172089,-4.638453484,1.542528272,0.140830025,-1.445847154,57.53357697,-34.27172089,-4.638453484,1.542528272,0.140830025,-1.445847154,57.53357697,-34.27172089,-4.638453484,1.542528272,0.140830025
17.36400082,0.209737629,-2.506720066,1.529541135,-0.845622301,1.536858082,-1.274250984,-1.276544452,0.430502594,0.126542151,0.440157354,0.078896999,0.025353922,-1.42250061,56.1473999,-35.19826126,-4.832827091,1.518382788,0.144407511,-1.42250061,56.1473999,-35.19826126,-4.832827091,1.518382788,0.144407511,-1.42250061,56.1473999,-35.19826126,-4.832827091,1.518382788,0.144407511
17.38400083,0.184212059,-2.498022556,1.531799436,-0.836661577,1.538444996,-1.273503304,-1.270380378,0.43489787,0.11055401,0.442804843,0.077430665,0.043594241,-1.369024515,54.78926849,-36.1145668,-5.024686337,1.494193912,0.148127228,-1.369024515,54.78926849,-36.1145668,-5.024686337,1.494193912,0.148127228,-1.369024515,54.78926849,-36.1145668,-5.024686337,1.494193912,0.148127228
17.40400083,0.158826202,-2.489233494,1.533741117,-0.82764554,1.539997578,-1.272385597,-1.262917995,0.439228982,0.094325587,0.445277005,0.076197587,0.061687686,-1.292960048,53.37125397,-37.02638245,-5.212970257,1.470354795,0.15163216,-1.292960048,53.37125397,-37.02638245,-5.212970257,1.470354795,0.15163216,-1.292960048,53.37125397,-37.02638245,-5.212970257,1.470354795,0.15163216
17.42400083,0.133607715,-2.480352879,1.535347104,-0.818579912,1.541527271,-1.270913124,-1.254033923,0.443433344,0.077966012,0.447491705,0.075238474,0.079611503,-1.202814579,51.92950439,-37.89908218,-5.395771027,1.444666862,0.155198738,-1.202814579,51.92950439,-37.89908218,-5.395771027,1.444666862,0.155198738,-1.202814579,51.92950439,-37.89908218,-5.395771027,1.444666862,0.155198738
17.44400083,0.108585924,-2.471395969,1.536628842,-0.809470415,1.543041706,-1.269078255,-1.243656039,0.447467446,0.061532691,0.44963792,0.074560545,0.097344533,-1.107101679,50.53219604,-38.7370224,-5.569533825,1.413128376,0.158521771,-1.107101679,50.53219604,-38.7370224,-5.569533825,1.413128376,0.158521771,-1.107101679,50.53219604,-38.7370224,-5.569533825,1.413128376,0.158521771
17.46400083,0.083792299,-2.462362766,1.537578702,-0.800313234,1.544537067,-1.266892433,-1.231744528,0.451390386,0.045100495,0.451529682,0.073996358,0.114866681,-1.016557455,49.17747879,-39.53326035,-5.737176895,1.379118443,0.161753088,-1.016557455,49.17747879,-39.53326035,-5.737176895,1.379118443,0.161753088,-1.016557455,49.17747879,-39.53326035,-5.737176895,1.379118443,0.161753088
17.48400083,0.059256762,-2.453253269,1.538192868,-0.791117907,1.546024799,-1.264363289,-1.218346357,0.455241382,0.028718457,0.453205138,0.073479265,0.132170707,-0.937514186,47.86162949,-40.27167511,-5.893217087,1.338802934,0.164917856,-0.937514186,47.86162949,-40.27167511,-5.893217087,1.338802934,0.164917856,-0.937514186,47.86162949,-40.27167511,-5.893217087,1.338802934,0.164917856
17.50400083,0.035007805,-2.444067478,1.538482785,-0.781890154,1.547497272,-1.261490822,-1.203571796,0.459020168,0.012486252,0.454774886,0.072714709,0.149252042,-0.873397112,46.58700562,-40.95554352,-6.036819458,1.294081092,0.167927265,-0.873397112,46.58700562,-40.95554352,-6.036819458,1.294081092,0.167927265,-0.873397112,46.58700562,-40.95554352,-6.036819458,1.294081092,0.167927265
17.52400083,0.011071295,-2.434805393,1.538448453,-0.772626162,1.548946857,-1.258278847,-1.187562585,0.462731302,-0.003524106,0.456409156,0.071733855,0.166107029,-0.824592829,45.35416031,-41.5880394,-6.169427872,1.248484135,0.170740709,-0.824592829,45.35416031,-41.5880394,-6.169427872,1.248484135,0.170740709,-0.824592829,45.35416031,-41.5880394,-6.169427872,1.248484135,0.170740709
17.54400083,-0.012529856,-2.425467014,1.538097501,-0.763327837,1.55036974,-1.254731178,-1.170461059,0.46636951,-0.019175222,0.458058923,0.07041081,0.182730943,-0.78840518,44.16283417,-42.1631279,-6.291122437,1.201189518,0.173317835,-0.78840518,44.16283417,-42.1631279,-6.291122437,1.201189518,0.173317835,-0.78840518,44.16283417,-42.1631279,-6.291122437,1.201189518,0.173317835
17.56400083,-0.035775278,-2.416052341,1.537433743,-0.753991365,1.551765919,-1.250855446,-1.152387261,0.469942212,-0.034367204,0.459748328,0.068787597,0.199113578,-0.760628104,43.01322174,-42.6843338,-6.404207706,1.15279007,0.175617144,-0.760628104,43.01322174,-42.6843338,-6.404207706,1.15279007,0.175617144,-0.760628104,43.01322174,-42.6843338,-6.404207706,1.15279007,0.175617144
17.58400084,-0.058646414,-2.406561375,1.536468625,-0.744616747,1.553123951,-1.246651649,-1.133421302,0.473465949,-0.048990514,0.461409867,0.066886701,0.215250298,-0.736499727,41.90389252,-43.15985489,-6.508443832,1.10576725,0.177649319,-0.736499727,41.90389252,-43.15985489,-6.508443832,1.10576725,0.177649319,-0.736499727,41.90389252,-43.15985489,-6.508443832,1.10576725,0.177649319
17.60400084,-0.08112634,-2.397001743,1.535225034,-0.735203981,1.554436207,-1.242131233,-1.11359632,0.477006316,-0.063063897,0.463147998,0.064828739,0.231116876,-0.711356103,40.85978699,-43.60461807,-6.604805946,1.06125021,0.17937547,-0.711356103,40.85978699,-43.60461807,-6.604805946,1.06125021,0.17937547,-0.711356103,40.85978699,-43.60461807,-6.604805946,1.06125021,0.17937547
17.62400084,-0.103196271,-2.387365818,1.533699155,-0.725751162,1.555706501,-1.237301826,-1.092888951,0.480684876,-0.07662949,0.464965761,0.062736183,0.246696994,-0.684573948,39.84007263,-44.00896072,-6.694826126,1.017428637,0.180860326,-0.684573948,39.84007263,-44.00896072,-6.694826126,1.017428637,0.180860326,-0.684573948,39.84007263,-44.00896072,-6.694826126,1.017428637,0.180860326
17.64400084,-0.124839194,-2.377653599,1.531906247,-0.716258287,1.556934834,-1.232167244,-1.071311235,0.484527022,-0.089656837,0.466821879,0.060639188,0.261974335,-0.653089881,38.84057617,-44.38401413,-6.778479576,0.973737836,0.18205522,-0.653089881,38.84057617,-44.38401413,-6.778479576,0.973737836,0.18205522,-0.653089881,38.84057617,-44.38401413,-6.778479576,0.973737836,0.18205522
17.66400084,-0.146037459,-2.367857456,1.529865384,-0.70671773,1.55811739,-1.226727486,-1.048856378,0.48856011,-0.102161467,0.468779922,0.058579884,0.276922792,-0.614994168,37.82661819,-44.73933029,-6.859402657,0.930633128,0.182857037,-0.614994168,37.82661819,-44.73933029,-6.859402657,0.930633128,0.182857037,-0.614994168,37.82661819,-44.73933029,-6.859402657,0.930633128,0.182857037
17.68400084,-0.1667732,-2.35798502,1.527572751,-0.697137117,1.559257984,-1.220986366,-1.025545597,0.492744118,-0.114088431,0.470725715,0.056486186,0.291507393,-0.569335222,36.83030701,-45.0724144,-6.935445786,0.885932446,0.183220357,-0.569335222,36.83030701,-45.0724144,-6.935445786,0.885932446,0.183220357,-0.569335222,36.83030701,-45.0724144,-6.935445786,0.885932446,0.183220357
17.70400084,-0.187028766,-2.348036289,1.525043607,-0.687514544,1.560348988,-1.214962959,-1.001341581,0.497101516,-0.125418022,0.47265926,0.054324526,0.30569315,-0.515139699,35.84661865,-45.3838501,-7.006886482,0.843203664,0.183267087,-0.515139699,35.84661865,-45.3838501,-7.006886482,0.843203664,0.183267087,-0.515139699,35.84661865,-45.3838501,-7.006886482,0.843203664,0.183267087
17.72400084,-0.20678699,-2.337996006,1.522304654,-0.677850008,1.561398029,-1.208664894,-0.976265252,0.501584351,-0.136161089,0.47468695,0.052140977,0.319460303,-0.452117324,34.81490326,-45.69807816,-7.07494688,0.798874497,0.183060944,-0.452117324,34.81490326,-45.69807816,-7.07494688,0.798874497,0.183060944,-0.452117324,34.81490326,-45.69807816,-7.07494688,0.798874497,0.183060944
17.74400084,-0.226030707,-2.327856541,1.519352078,-0.668139696,1.562405109,-1.202095985,-0.950369835,0.50608933,-0.146366045,0.477025211,0.049830366,0.332786679,-0.378129482,33.70989227,-46.00993347,-7.142814636,0.752791286,0.1825407,-0.378129482,33.70989227,-46.00993347,-7.142814636,0.752791286,0.1825407,-0.378129482,33.70989227,-46.00993347,-7.142814636,0.752791286,0.1825407
17.76400084,-0.244743705,-2.317625523,1.516201138,-0.658379793,1.563358784,-1.195263863,-0.923655808,0.510537267,-0.155947581,0.479381114,0.047371361,0.34564513,-0.29168427,32.59558105,-46.32123184,-7.211894989,0.70645833,0.181710541,-0.29168427,32.59558105,-46.32123184,-7.211894989,0.70645833,0.181710541,-0.29168427,32.59558105,-46.32123184,-7.211894989,0.70645833,0.181710541
17.78400084,-0.262907803,-2.307302952,1.512870908,-0.648566484,1.564259052,-1.18817997,-0.896135151,0.514858663,-0.164899692,0.48158145,0.04475873,0.358006507,-0.194156766,31.41186714,-46.64696884,-7.284384251,0.661256194,0.180626273,-0.194156766,31.41186714,-46.64696884,-7.284384251,0.661256194,0.180626273,-0.194156766,31.41186714,-46.64696884,-7.284384251,0.661256194,0.180626273
17.80400085,-0.28050977,-2.296896458,1.509357572,-0.638711214,1.565113544,-1.180855751,-0.867814124,0.519016087,-0.173355594,0.483805954,0.04199351,0.369848013,-0.08251965,30.21940613,-46.98080063,-7.354157448,0.613744676,0.179286197,-0.08251965,30.21940613,-46.98080063,-7.354157448,0.613744676,0.179286197,-0.08251965,30.21940613,-46.98080063,-7.354157448,0.613744676,0.179286197
17.82400085,-0.297531903,-2.28641367,1.505687833,-0.628804445,1.565903187,-1.17330265,-0.838608205,0.52309972,-0.181479514,0.486009747,0.039103635,0.3811405,0.038120151,29.03782845,-47.33419037,-7.428545475,0.567079842,0.177802384,0.038120151,29.03782845,-47.33419037,-7.428545475,0.567079842,0.177802384,0.038120151,29.03782845,-47.33419037,-7.428545475,0.567079842,0.177802384
17.84400085,-0.313953221,-2.275846958,1.501850247,-0.618855715,1.566639423,-1.165535927,-0.808535635,0.527141511,-0.189423919,0.488174289,0.036072314,0.391874135,0.163897276,27.82717705,-47.68505859,-7.502400875,0.518704534,0.176220894,0.163897276,27.82717705,-47.68505859,-7.502400875,0.518704534,0.176220894,0.163897276,27.82717705,-47.68505859,-7.502400875,0.518704534,0.176220894
17.86400085,-0.329760373,-2.265188694,1.497860074,-0.608855486,1.567306995,-1.157551765,-0.777690291,0.531034589,-0.197128505,0.490116447,0.032940134,0.402049601,0.296803713,26.55796432,-48.04441452,-7.579016209,0.4727467,0.174468666,0.296803713,26.55796432,-48.04441452,-7.579016209,0.4727467,0.174468666,0.296803713,26.55796432,-48.04441452,-7.579016209,0.4727467,0.174468666
17.88400085,-0.344938099,-2.254454136,1.493717313,-0.598820925,1.567913532,-1.149373055,-0.746095777,0.534762025,-0.204643637,0.491783857,0.029752085,0.411651373,0.437484384,25.28974152,-48.40267944,-7.652713776,0.424471647,0.172647506,0.437484384,25.28974152,-48.40267944,-7.652713776,0.424471647,0.172647506,0.437484384,25.28974152,-48.40267944,-7.652713776,0.424471647,0.172647506
17.90400085,-0.359470189,-2.243643284,1.489421964,-0.588753939,1.568459034,-1.141011238,-0.713776946,0.538333893,-0.212040052,0.493366718,0.02639463,0.420678914,0.582790971,24.01408195,-48.74911499,-7.722090721,0.374582231,0.170798287,0.582790971,24.01408195,-48.74911499,-7.722090721,0.374582231,0.170798287,0.582790971,24.01408195,-48.74911499,-7.722090721,0.374582231,0.170798287
17.92400085,-0.373340428,-2.232763767,1.484974027,-0.578650713,1.568932056,-1.13247776,-0.680768847,0.54174155,-0.219283387,0.494797081,0.022886092,0.429142356,0.731393695,22.75554657,-49.07559586,-7.790491104,0.326260865,0.169069886,0.731393695,22.75554657,-49.07559586,-7.790491104,0.326260865,0.169069886,0.731393695,22.75554657,-49.07559586,-7.790491104,0.326260865,0.169069886
17.94400085,-0.386540234,-2.221823215,1.480384946,-0.568524599,1.5693326,-1.123780251,-0.647036374,0.545087636,-0.226423666,0.496023923,0.019258322,0.437047213,0.885102749,21.53004646,-49.38653564,-7.852433205,0.276723534,0.167326227,0.885102749,21.53004646,-49.38653564,-7.852433205,0.276723534,0.167326227,0.885102749,21.53004646,-49.38653564,-7.852433205,0.276723534,0.167326227
17.96400085,-0.399051487,-2.210813999,1.475650907,-0.558369875,1.569656849,-1.114930153,-0.612638891,0.548364937,-0.233424962,0.497096658,0.015492825,0.444407612,1.039665937,20.29880524,-49.66853714,-7.911605358,0.227286011,0.165658236,1.039665937,20.29880524,-49.66853714,-7.911605358,0.227286011,0.165658236,1.039665937,20.29880524,-49.66853714,-7.911605358,0.227286011,0.165658236
17.98400085,-0.410862744,-2.199743748,1.470779538,-0.54819417,1.569904804,-1.105946541,-0.577719748,0.551422238,-0.240053132,0.497910827,0.011528093,0.451249361,1.19807303,19.06537628,-49.92264175,-7.964090347,0.177412793,0.164149106,1.19807303,19.06537628,-49.92264175,-7.964090347,0.177412793,0.164149106,1.19807303,19.06537628,-49.92264175,-7.964090347,0.177412793,0.164149106
18.00400086,-0.421964467,-2.188612461,1.465774655,-0.538001299,1.570072651,-1.096829414,-0.542275071,0.554308534,-0.246306226,0.498592436,0.007327561,0.45759061,1.361258626,17.87852287,-50.15425491,-8.009929657,0.126576528,0.162712947,1.361258626,17.87852287,-50.15425491,-8.009929657,0.126576528,0.162712947,1.361258626,17.87852287,-50.15425491,-8.009929657,0.126576528,0.162712947
18.02400086,-0.432348073,-2.177420139,1.460647702,-0.527796984,1.570160389,-1.087597847,-0.506306589,0.557066798,-0.252150118,0.499193698,0.002890597,0.463450462,1.530577898,16.69778442,-50.36071014,-8.047786713,0.075970955,0.161499605,1.530577898,16.69778442,-50.36071014,-8.047786713,0.075970955,0.161499605,1.530577898,16.69778442,-50.36071014,-8.047786713,0.075970955,0.161499605
18.04400086,-0.441999257,-2.166166782,1.455410123,-0.517575502,1.57015276,-1.078251839,-0.469866842,0.559688628,-0.257569045,0.499903977,-0.001810355,0.468853325,1.702032089,15.51289558,-50.54777908,-8.083249092,0.02781757,0.160360813,1.702032089,15.51289558,-50.54777908,-8.083249092,0.02781757,0.160360813,1.702032089,15.51289558,-50.54777908,-8.083249092,0.02781757,0.160360813
18.06400086,-0.45091325,-2.154875278,1.450069547,-0.507334948,1.570053577,-1.068802834,-0.432994545,0.562211454,-0.262583852,0.500670493,-0.00670378,0.473811835,1.879757881,14.37278748,-50.72580338,-8.118104935,-0.020786259,0.159335941,1.879757881,14.37278748,-50.72580338,-8.118104935,-0.020786259,0.159335941,1.879757881,14.37278748,-50.72580338,-8.118104935,-0.020786259,0.159335941
18.08400086,-0.459079564,-2.143522739,1.444633603,-0.497081041,1.569855213,-1.059258461,-0.395659506,0.564713657,-0.267190605,0.501341939,-0.011687253,0.478344768,2.062236071,13.23113441,-50.89139938,-8.150079727,-0.067083269,0.158338889,2.062236071,13.23113441,-50.89139938,-8.150079727,-0.067083269,0.158338889,2.062236071,13.23113441,-50.89139938,-8.150079727,-0.067083269,0.158338889
18.10400086,-0.466488659,-2.132116795,1.439106107,-0.48681283,1.569557667,-1.049630165,-0.35793528,0.56716156,-0.271306515,0.501830399,-0.016774483,0.482468843,2.247804403,12.08030224,-51.03757095,-8.179903984,-0.113767073,0.157462195,2.247804403,12.08030224,-51.03757095,-8.179903984,-0.113767073,0.157462195,2.247804403,12.08030224,-51.03757095,-8.179903984,-0.113767073,0.157462195
18.12400086,-0.473135769,-2.120672703,1.433502316,-0.476534128,1.569160938,-1.039921761,-0.319925427,0.569516778,-0.274895072,0.502135813,-0.022076705,0.486204684,2.440557003,10.94247341,-51.18125916,-8.206860542,-0.160254985,0.156629741,2.440557003,10.94247341,-51.18125916,-8.206860542,-0.160254985,0.156629741,2.440557003,10.94247341,-51.18125916,-8.206860542,-0.160254985,0.156629741
18.14400086,-0.479013264,-2.109167576,1.427829862,-0.466249704,1.568665028,-1.030148506,-0.281647742,0.571809471,-0.278008014,0.502364218,-0.027549827,0.489568681,2.64024353,9.774446487,-51.31804657,-8.230707169,-0.206374139,0.155930892,2.64024353,9.774446487,-51.31804657,-8.230707169,-0.206374139,0.155930892,2.64024353,9.774446487,-51.31804657,-8.230707169,-0.206374139,0.155930892
18.16400086,-0.484118283,-2.097624302,1.422104001,-0.455959558,1.568054676,-1.020321846,-0.243171349,0.574000716,-0.280660957,0.502575696,-0.033260487,0.492579967,2.850461245,8.629732132,-51.46889114,-8.25390625,-0.250776052,0.155347601,2.850461245,8.629732132,-51.46889114,-8.25390625,-0.250776052,0.155347601,2.850461245,8.629732132,-51.46889114,-8.25390625,-0.250776052,0.155347601
18.18400086,-0.488446057,-2.086035252,1.416328549,-0.445662737,1.567329884,-1.010430336,-0.204432741,0.576201558,-0.282981098,0.50277555,-0.039110862,0.495242566,3.069636106,7.425708771,-51.61814499,-8.277715683,-0.293609113,0.154697984,3.069636106,7.425708771,-51.61814499,-8.277715683,-0.293609113,0.154697984,3.069636106,7.425708771,-51.61814499,-8.277715683,-0.293609113,0.154697984
18.20400086,-0.491991818,-2.074400425,1.410507321,-0.435363054,1.56649065,-1.00049305,-0.16550003,0.578349829,-0.284946322,0.502882004,-0.045045678,0.497561812,3.298196077,6.217484474,-51.76855469,-8.302059174,-0.33580634,0.154026121,3.298196077,6.217484474,-51.76855469,-8.302059174,-0.33580634,0.154026121,3.298196077,6.217484474,-51.76855469,-8.302059174,-0.33580634,0.154026121
18.22400087,-0.494752705,-2.062727451,1.404651761,-0.425062418,1.565533161,-0.990511894,-0.126470178,0.580347955,-0.286461294,0.502741754,-0.051139362,0.49954465,3.53880167,4.968838692,-51.92847061,-8.326022148,-0.377878129,0.15329811,3.53880167,4.968838692,-51.92847061,-8.326022148,-0.377878129,0.15329811,3.53880167,4.968838692,-51.92847061,-8.326022148,-0.377878129,0.15329811
18.24400087,-0.496726811,-2.051008701,1.398769498,-0.41476655,1.564457417,-0.980496407,-0.087302916,0.582217693,-0.287589431,0.50239563,-0.057304576,0.501186371,3.792445898,3.697366714,-52.09487534,-8.348991394,-0.418894291,0.152537823,3.792445898,3.697366714,-52.09487534,-8.348991394,-0.418894291,0.152537823,3.792445898,3.697366714,-52.09487534,-8.348991394,-0.418894291,0.152537823
18.26400087,-0.497913182,-2.039259434,1.392864347,-0.404477358,1.563255787,-0.970454216,-0.048061069,0.583904922,-0.288365424,0.501911223,-0.063593209,0.502491355,4.060288906,2.393488884,-52.27355957,-8.37200737,-0.458453983,0.151714534,4.060288906,2.393488884,-52.27355957,-8.37200737,-0.458453983,0.151714534,4.060288906,2.393488884,-52.27355957,-8.37200737,-0.458453983,0.151714534
18.28400087,-0.498308957,-2.027479649,1.386951566,-0.39419961,1.561928272,-0.960391045,-0.008697505,0.58545351,-0.288861126,0.501280844,-0.069981717,0.503452599,4.339739323,1.103744507,-52.46660995,-8.394146919,-0.497370481,0.150832295,4.339739323,1.103744507,-52.46660995,-8.394146919,-0.497370481,0.150832295,4.339739323,1.103744507,-52.46660995,-8.394146919,-0.497370481,0.150832295
18.30400087,-0.497913182,-2.015654087,1.381031156,-0.383932352,1.560478687,-0.950314522,0.030727677,0.586847365,-0.289161563,0.5005548,-0.076545313,0.504070163,4.631099224,-0.308690071,-52.66921616,-8.418434143,-0.538082898,0.149894789,4.631099224,-0.308690071,-52.66921616,-8.418434143,-0.538082898,0.149894789,4.631099224,-0.308690071,-52.66921616,-8.418434143,-0.538082898,0.149894789
18.32400087,-0.496724904,-2.003813267,1.375110745,-0.373683214,1.558899403,-0.940224648,0.070115335,0.58791399,-0.2891213,0.499575466,-0.08336357,0.504341543,4.937049866,-1.687998772,-52.88809586,-8.441966057,-0.577011704,0.148763716,4.937049866,-1.687998772,-52.88809586,-8.441966057,-0.577011704,0.148763716,4.937049866,-1.687998772,-52.88809586,-8.441966057,-0.577011704,0.148763716
18.34400087,-0.494744122,-1.991954088,1.369190335,-0.363456011,1.557178974,-0.930134773,0.109644838,0.588925064,-0.289084166,0.498497456,-0.090282261,0.504244983,5.25107193,-3.067646027,-53.10996246,-8.466088295,-0.614489138,0.147574484,5.25107193,-3.067646027,-53.10996246,-8.466088295,-0.614489138,0.147574484,5.25107193,-3.067646027,-53.10996246,-8.466088295,-0.614489138,0.147574484
18.36400087,-0.49196893,-1.980067492,1.36327374,-0.353253603,1.555332661,-0.920056343,0.149181098,0.589746952,-0.288892001,0.497098058,-0.097385436,0.503789485,5.572870731,-4.504408836,-53.33554459,-8.489339828,-0.652918339,0.14636299,5.572870731,-4.504408836,-53.33554459,-8.489339828,-0.652918339,0.14636299,5.572870731,-4.504408836,-53.33554459,-8.489339828,-0.652918339,0.14636299
18.38400087,-0.48840028,-1.968169451,1.357360959,-0.343080759,1.553341389,-0.909991264,0.188649073,0.59032923,-0.288519502,0.495380342,-0.104831874,0.502984464,5.904092312,-5.958118439,-53.56012344,-8.511175156,-0.689339519,0.145082772,5.904092312,-5.958118439,-53.56012344,-8.511175156,-0.689339519,0.145082772,5.904092312,-5.958118439,-53.56012344,-8.511175156,-0.689339519,0.145082772
18.40400087,-0.484041035,-1.956267595,1.351448178,-0.332948923,1.551197529,-0.899949074,0.228074491,0.590691924,-0.287945211,0.493272871,-0.112419635,0.501828372,6.243760586,-7.398672104,-53.77312088,-8.528428078,-0.722256899,0.143780544,6.243760586,-7.398672104,-53.77312088,-8.528428078,-0.722256899,0.143780544,6.243760586,-7.398672104,-53.77312088,-8.528428078,-0.722256899,0.143780544
18.42400088,-0.47889024,-1.944350481,1.345539212,-0.322862864,1.548901081,-0.889931679,0.267415881,0.590780377,-0.287060559,0.490834028,-0.120044634,0.500327945,6.588068008,-8.883867264,-53.97077179,-8.540403366,-0.752777815,0.142359734,6.588068008,-8.883867264,-53.97077179,-8.540403366,-0.752777815,0.142359734,6.588068008,-8.883867264,-53.97077179,-8.540403366,-0.752777815,0.142359734
18.44400088,-0.472952664,-1.932433367,1.339664578,-0.312827349,1.546459675,-0.879950523,0.306622684,0.590605736,-0.285944074,0.488337189,-0.127737984,0.498485565,6.93953228,-10.36576271,-54.19480515,-8.548484802,-0.78328079,0.140929043,6.93953228,-10.36576271,-54.19480515,-8.548484802,-0.78328079,0.140929043,6.93953228,-10.36576271,-54.19480515,-8.548484802,-0.78328079,0.140929043
18.46400088,-0.466228306,-1.920535326,1.333805203,-0.302841425,1.543865681,-0.870009422,0.345732927,0.590304852,-0.284763604,0.48586446,-0.135474414,0.496300727,7.291016102,-11.79393291,-54.40255737,-8.556609154,-0.812536597,0.139461011,7.291016102,-11.79393291,-54.40255737,-8.556609154,-0.812536597,0.139461011,7.291016102,-11.79393291,-54.40255737,-8.556609154,-0.812536597,0.139461011
18.48400088,-0.458720028,-1.9086411,1.327968717,-0.292907,1.541119099,-0.86011982,0.384708613,0.589966297,-0.28358987,0.483286053,-0.143290028,0.493783057,7.64150095,-13.25347424,-54.60654068,-8.565592766,-0.841014862,0.138009936,7.64150095,-13.25347424,-54.60654068,-8.565592766,-0.841014862,0.138009936,7.64150095,-13.25347424,-54.60654068,-8.565592766,-0.841014862,0.138009936
18.50400088,-0.450436413,-1.896746874,1.322162747,-0.283031702,1.538219929,-0.850283623,0.423396856,0.589421928,-0.282135218,0.480220824,-0.151341394,0.49095279,7.996914864,-14.76178169,-54.80734634,-8.571066856,-0.868686199,0.136545837,7.996914864,-14.76178169,-54.80734634,-8.571066856,-0.868686199,0.136545837,7.996914864,-14.76178169,-54.80734634,-8.571066856,-0.868686199,0.136545837
18.52400088,-0.441383183,-1.884867907,1.31639111,-0.273221254,1.535152912,-0.840506554,0.461754084,0.588623226,-0.280388206,0.476796597,-0.159595922,0.487816393,8.357841492,-16.28299713,-55.01061249,-8.572789192,-0.892265439,0.13507545,8.357841492,-16.28299713,-55.01061249,-8.572789192,-0.892265439,0.13507545,8.357841492,-16.28299713,-55.01061249,-8.572789192,-0.892265439,0.13507545
18.54400088,-0.431561291,-1.873011827,1.310653806,-0.26348424,1.531918049,-0.830798149,0.49982214,0.587673366,-0.278487444,0.473204166,-0.16788438,0.484375924,8.717411041,-17.77936554,-55.20899582,-8.570326805,-0.913868606,0.133641168,8.717411041,-17.77936554,-55.20899582,-8.570326805,-0.913868606,0.133641168,8.717411041,-17.77936554,-55.20899582,-8.570326805,-0.913868606,0.133641168
18.56400088,-0.420983136,-1.861167192,1.304958463,-0.253823519,1.528526783,-0.821162224,0.537525237,0.586515844,-0.27636528,0.469417214,-0.176241204,0.480649054,9.081886292,-19.34049988,-55.40895462,-8.565652847,-0.934898138,0.132252842,9.081886292,-19.34049988,-55.40895462,-8.565652847,-0.934898138,0.132252842,9.081886292,-19.34049988,-55.40895462,-8.565652847,-0.934898138,0.132252842
18.58400088,-0.409654438,-1.849353075,1.299308896,-0.244240984,1.52496767,-0.811606407,0.574847579,0.58515203,-0.274032801,0.465463191,-0.184693843,0.476647258,9.447174072,-20.88810921,-55.6062851,-8.559041023,-0.953692615,0.130955875,9.447174072,-20.88810921,-55.6062851,-8.559041023,-0.953692615,0.130955875,9.447174072,-20.88810921,-55.6062851,-8.559041023,-0.953692615,0.130955875
18.60400088,-0.397583783,-1.837569475,1.293705106,-0.234740004,1.521236897,-0.802130699,0.611778975,0.583593309,-0.27148959,0.46123454,-0.193175554,0.472380847,9.813786507,-22.43941879,-55.80709076,-8.551580429,-0.970924675,0.129686013,9.813786507,-22.43941879,-55.80709076,-8.551580429,-0.970924675,0.129686013,9.813786507,-22.43941879,-55.80709076,-8.551580429,-0.970924675,0.129686013
18.62400088,-0.384777844,-1.825816393,1.288154721,-0.225329146,1.517342091,-0.792744637,0.648330986,0.581901908,-0.268816024,0.456754148,-0.201667652,0.467859834,10.17909145,-23.99973869,-56.01076889,-8.541312218,-0.987129927,0.128498107,10.17909145,-23.99973869,-56.01076889,-8.541312218,-0.987129927,0.128498107,10.17909145,-23.99973869,-56.01076889,-8.541312218,-0.987129927,0.128498107
18.64400089,-0.371246159,-1.814101458,1.282661557,-0.216012225,1.513279438,-0.783453941,0.684433222,0.580044866,-0.26598534,0.451985091,-0.210299984,0.463103414,10.54314518,-25.5831337,-56.2141304,-8.529144287,-1.003131866,0.127447248,10.54314518,-25.5831337,-56.2141304,-8.529144287,-1.003131866,0.127447248,10.54314518,-25.5831337,-56.2141304,-8.529144287,-1.003131866,0.127447248
18.66400089,-0.356999218,-1.802424669,1.277225614,-0.206795439,1.509041309,-0.774260521,0.720079124,0.578040659,-0.263065636,0.447008759,-0.218990594,0.458125889,10.9048748,-27.19054794,-56.42261505,-8.514568329,-1.015672922,0.126508817,10.9048748,-27.19054794,-56.42261505,-8.514568329,-1.015672922,0.126508817,10.9048748,-27.19054794,-56.42261505,-8.514568329,-1.015672922,0.126508817
18.68400089,-0.342044652,-1.790793657,1.27184689,-0.197683558,1.50462389,-0.765170097,0.755235314,0.575837731,-0.259972066,0.441704512,-0.227665707,0.452946484,11.26314545,-28.81903648,-56.62478638,-8.497707367,-1.026320577,0.125688374,11.26314545,-28.81903648,-56.62478638,-8.497707367,-1.026320577,0.125688374,11.26314545,-28.81903648,-56.62478638,-8.497707367,-1.026320577,0.125688374
18.70400089,-0.326394856,-1.779204607,1.266536832,-0.18868421,1.500042439,-0.756182671,0.789850295,0.573427141,-0.256741762,0.436153531,-0.236418024,0.447582841,11.61792183,-30.46741867,-56.83696747,-8.47750473,-1.037011266,0.124996513,11.61792183,-30.46741867,-56.83696747,-8.47750473,-1.037011266,0.124996513,11.61792183,-30.46741867,-56.83696747,-8.47750473,-1.037011266,0.124996513
18.72400089,-0.310058415,-1.767668962,1.261287808,-0.17979978,1.495277882,-0.74730587,0.823924839,0.570826709,-0.253436178,0.430409849,-0.24523519,0.442050725,11.96708488,-32.1230545,-57.05013657,-8.456000328,-1.045041561,0.124452025,11.96708488,-32.1230545,-57.05013657,-8.456000328,-1.045041561,0.124452025,11.96708488,-32.1230545,-57.05013657,-8.456000328,-1.045041561,0.124452025
18.74400089,-0.293049634,-1.756186724,1.256103635,-0.17103599,1.490337849,-0.738541603,0.857407391,0.567959726,-0.249928296,0.424289703,-0.254090875,0.436373055,12.31153107,-33.81059647,-57.2596283,-8.432150841,-1.051711559,0.124070726,12.31153107,-33.81059647,-57.2596283,-8.432150841,-1.051711559,0.124070726,12.31153107,-33.81059647,-57.2596283,-8.432150841,-1.051711559,0.124070726
18.76400089,-0.275377095,-1.744769335,1.250995755,-0.162400946,1.48522234,-0.729893684,0.89032042,0.564898908,-0.246372625,0.417969316,-0.262907535,0.430565149,12.64657402,-35.47347641,-57.4802742,-8.405539513,-1.056539059,0.123878278,12.64657402,-35.47347641,-57.4802742,-8.405539513,-1.056539059,0.123878278,12.64657402,-35.47347641,-57.4802742,-8.405539513,-1.056539059,0.123878278
18.78400089,-0.257055104,-1.733412981,1.245960355,-0.153895125,1.479931355,-0.721364021,0.922618747,0.561645627,-0.242830664,0.411463946,-0.271766722,0.424649447,12.97258949,-37.1756134,-57.70309067,-8.3792696,-1.061283112,0.123845913,12.97258949,-37.1756134,-57.70309067,-8.3792696,-1.061283112,0.123845913,12.97258949,-37.1756134,-57.70309067,-8.3792696,-1.061283112,0.123845913
18.80400089,-0.238096416,-1.722125292,1.240997434,-0.145527586,1.474461079,-0.712952614,0.954296291,0.558202624,-0.239304811,0.40466702,-0.28066653,0.418645859,13.28962326,-38.88424301,-57.92688751,-8.350876808,-1.064128995,0.124005221,13.28962326,-38.88424301,-57.92688751,-8.350876808,-1.064128995,0.124005221,13.28962326,-38.88424301,-57.92688751,-8.350876808,-1.064128995,0.124005221
18.82400089,-0.21851176,-1.710910082,1.236103177,-0.137301669,1.468815327,-0.704661369,0.985326886,0.55456847,-0.235813692,0.397568494,-0.289580405,0.412576944,13.5930357,-40.60071945,-58.14468384,-8.321149826,-1.065283418,0.124336958,13.5930357,-40.60071945,-58.14468384,-8.321149826,-1.065283418,0.124336958,13.5930357,-40.60071945,-58.14468384,-8.321149826,-1.065283418,0.124336958
18.8440009,-0.198315799,-1.699771166,1.231285214,-0.129225954,1.462986469,-0.696494102,1.015665054,0.550680637,-0.232278436,0.390077233,-0.298493326,0.406463832,13.88356209,-42.31975937,-58.36663437,-8.288355827,-1.064727545,0.124851711,13.88356209,-42.31975937,-58.36663437,-8.288355827,-1.064727545,0.124851711,13.88356209,-42.31975937,-58.36663437,-8.288355827,-1.064727545,0.124851711
18.8640009,-0.177523315,-1.688712358,1.226539731,-0.121306404,1.456978321,-0.688448906,1.04531014,0.546597123,-0.228821367,0.382334083,-0.307408899,0.400326937,14.16009712,-44.04497528,-58.588974,-8.253379822,-1.062570691,0.125568032,14.16009712,-44.04497528,-58.588974,-8.253379822,-1.062570691,0.125568032,14.16009712,-44.04497528,-58.588974,-8.253379822,-1.062570691,0.125568032
18.8840009,-0.156148612,-1.677741289,1.221859097,-0.113549218,1.450798512,-0.68052578,1.074222326,0.542237401,-0.225303113,0.374207824,-0.316304922,0.394188523,14.42128754,-45.7713089,-58.79428482,-8.215125084,-1.0597471,0.126421794,14.42128754,-45.7713089,-58.79428482,-8.215125084,-1.0597471,0.126421794,14.42128754,-45.7713089,-58.79428482,-8.215125084,-1.0597471,0.126421794
18.9040009,-0.134206474,-1.666861773,1.217250943,-0.105961308,1.444435596,-0.672724724,1.102415442,0.537673354,-0.221818611,0.365836978,-0.325140178,0.388067424,14.66619968,-47.47009659,-58.99498749,-8.173909187,-1.055328965,0.127469555,14.66619968,-47.47009659,-58.99498749,-8.173909187,-1.055328965,0.127469555,14.66619968,-47.47009659,-58.99498749,-8.173909187,-1.055328965,0.127469555
18.9240009,-0.111710489,-1.656073809,1.212711453,-0.098547682,1.437893391,-0.665045738,1.129851341,0.5328843,-0.218328491,0.357194692,-0.333952963,0.381986022,14.89140129,-49.17175293,-59.18602753,-8.130133629,-1.049133182,0.128683284,14.89140129,-49.17175293,-59.18602753,-8.130133629,-1.049133182,0.128683284,14.89140129,-49.17175293,-59.18602753,-8.130133629,-1.049133182,0.128683284
18.9440009,-0.088677585,-1.645388842,1.208236814,-0.091314062,1.431179523,-0.657488823,1.156505108,0.527842879,-0.214775786,0.348260164,-0.342687011,0.375963658,15.09774303,-50.85603333,-59.36375427,-8.083650589,-1.042163014,0.130043596,15.09774303,-50.85603333,-59.36375427,-8.083650589,-1.042163014,0.130043596,15.09774303,-50.85603333,-59.36375427,-8.083650589,-1.042163014,0.130043596
18.9640009,-0.06512183,-1.634806871,1.203838468,-0.084265694,1.424282551,-0.650050163,1.182377338,0.522605181,-0.211223811,0.339110315,-0.351301312,0.370018125,15.28118134,-52.52774048,-59.54105377,-8.035223007,-1.03335309,0.131564066,15.28118134,-52.52774048,-59.54105377,-8.035223007,-1.03335309,0.131564066,15.28118134,-52.52774048,-59.54105377,-8.035223007,-1.03335309,0.131564066
18.9840009,-0.041060876,-1.624331713,1.199516416,-0.077406392,1.417221546,-0.642731667,1.20742619,0.517184377,-0.207719743,0.329773456,-0.359874517,0.364169717,15.44247246,-54.18484116,-59.7173233,-7.986239433,-1.025154352,0.133259222,15.44247246,-54.18484116,-59.7173233,-7.986239433,-1.025154352,0.133259222,15.44247246,-54.18484116,-59.7173233,-7.986239433,-1.025154352,0.133259222
19.0040009,-0.016510796,-1.613970995,1.195266843,-0.070739731,1.409981251,-0.635527611,1.231639862,0.511630654,-0.204348817,0.32025665,-0.368431509,0.358433425,15.5802002,-55.81496811,-59.89095688,-7.937912941,-1.015157461,0.135067895,15.5802002,-55.81496811,-59.89095688,-7.937912941,-1.015157461,0.135067895,15.5802002,-55.81496811,-59.89095688,-7.937912941,-1.015157461,0.135067895
19.0240009,0.008511296,-1.603724718,1.191089749,-0.064271435,1.402573109,-0.628437996,1.254991174,0.505945265,-0.201082945,0.31041491,-0.376967996,0.352826834,15.69319439,-57.43125534,-60.05332184,-7.889371395,-1.004131079,0.137015983,15.69319439,-57.43125534,-60.05332184,-7.889371395,-1.004131079,0.137015983,15.69319439,-57.43125534,-60.05332184,-7.889371395,-1.004131079,0.137015983
19.0440009,0.033987686,-1.593592882,1.186969876,-0.058009759,1.394985676,-0.621459007,1.277439833,0.50007093,-0.197808996,0.300119668,-0.385451287,0.347369701,15.78158569,-59.04320145,-60.19258499,-7.838825226,-0.99076438,0.139076158,15.78158569,-59.04320145,-60.19258499,-7.838825226,-0.99076438,0.139076158,15.78158569,-59.04320145,-60.19258499,-7.838825226,-0.99076438,0.139076158
19.06400091,0.059899494,-1.583583117,1.182914853,-0.051964536,1.387238026,-0.614584923,1.298951864,0.493945211,-0.194395244,0.289372534,-0.393836588,0.342075467,15.84608078,-60.62640762,-60.32209396,-7.783776283,-0.977819443,0.14122887,15.84608078,-60.62640762,-60.32209396,-7.783776283,-0.977819443,0.14122887,15.84608078,-60.62640762,-60.32209396,-7.783776283,-0.977819443,0.14122887
19.08400091,0.086228058,-1.573699236,1.178936124,-0.046141043,1.37930727,-0.607813835,1.319528103,0.487636,-0.190980911,0.2784805,-0.402120382,0.336950034,15.88625813,-62.18265915,-60.45504379,-7.726494789,-0.960913241,0.143460393,15.88625813,-62.18265915,-60.45504379,-7.726494789,-0.960913241,0.143460393,15.88625813,-62.18265915,-60.45504379,-7.726494789,-0.960913241,0.143460393
19.10400091,0.112955019,-1.563945055,1.175029874,-0.040540114,1.371220112,-0.601145744,1.339169264,0.481169373,-0.187657028,0.267555833,-0.410148174,0.332000196,15.90048122,-63.7276535,-60.5899086,-7.670526505,-0.945030332,0.145790756,15.90048122,-63.7276535,-60.5899086,-7.670526505,-0.945030332,0.145790756,15.90048122,-63.7276535,-60.5899086,-7.670526505,-0.945030332,0.145790756
19.12400091,0.1400612,-1.554320574,1.171188474,-0.035163894,1.362972736,-0.594573021,1.357846737,0.474551886,-0.184418574,0.256466955,-0.418065012,0.327240586,15.88956642,-65.24219513,-60.70942307,-7.616941452,-0.929157972,0.148213223,15.88956642,-65.24219513,-60.70942307,-7.616941452,-0.929157972,0.148213223,15.88956642,-65.24219513,-60.70942307,-7.616941452,-0.929157972,0.148213223
19.14400091,0.167526066,-1.544833422,1.167415738,-0.030018166,1.354568958,-0.58809185,1.375533581,0.467770547,-0.181227684,0.24507235,-0.425978929,0.322683215,15.854105,-66.73651123,-60.82471085,-7.564693928,-0.913205981,0.150723174,15.854105,-66.73651123,-60.82471085,-7.564693928,-0.913205981,0.150723174,15.854105,-66.73651123,-60.82471085,-7.564693928,-0.913205981,0.150723174
19.16400091,0.195331395,-1.535487413,1.163704038,-0.025109962,1.345997334,-0.581700325,1.392235279,0.460837066,-0.178062126,0.233302698,-0.43381846,0.318336517,15.79332447,-68.19166565,-60.92906189,-7.512559891,-0.894934356,0.153294921,15.79332447,-68.19166565,-60.92906189,-7.512559891,-0.894934356,0.153294921,15.79332447,-68.19166565,-60.92906189,-7.512559891,-0.894934356,0.153294921
19.18400091,0.223456681,-1.526282549,1.160053372,-0.020445958,1.337269306,-0.575390816,1.407957554,0.453777343,-0.174976915,0.221246824,-0.441426009,0.314206779,15.70626736,-69.60505676,-61.02772522,-7.460519791,-0.875248849,0.15593566,15.70626736,-69.60505676,-61.02772522,-7.460519791,-0.875248849,0.15593566,15.70626736,-69.60505676,-61.02772522,-7.460519791,-0.875248849,0.15593566
19.20400091,0.251881421,-1.517218828,1.156475186,-0.016031519,1.328388691,-0.569161415,1.422676802,0.446584374,-0.171975419,0.208942279,-0.448846757,0.310302258,15.59423542,-71.01722717,-61.12678909,-7.409029007,-0.855302811,0.158655882,15.59423542,-71.01722717,-61.12678909,-7.409029007,-0.855302811,0.158655882,15.59423542,-71.01722717,-61.12678909,-7.409029007,-0.855302811,0.158655882
19.22400091,0.280586064,-1.508303881,1.152950406,-0.011871263,1.319359303,-0.563006401,1.436376095,0.439239472,-0.169036001,0.196384802,-0.456086665,0.306630939,15.45654011,-72.39025116,-61.20996094,-7.358495235,-0.83427,0.161440536,15.45654011,-72.39025116,-61.20996094,-7.358495235,-0.83427,0.161440536,15.45654011,-72.39025116,-61.20996094,-7.358495235,-0.83427,0.161440536
19.24400091,0.309552014,-1.499537706,1.149490476,-0.007970646,1.31018877,-0.556921959,1.449037313,0.431733191,-0.166149706,0.183595106,-0.463207662,0.303198189,15.29323769,-73.73226929,-61.29893494,-7.308899879,-0.815106034,0.164307445,15.29323769,-73.73226929,-61.29893494,-7.308899879,-0.815106034,0.164307445,15.29323769,-73.73226929,-61.29893494,-7.308899879,-0.815106034,0.164307445
19.26400091,0.338753521,-1.49092412,1.146087766,-0.004332879,1.30087328,-0.550902367,1.460650921,0.424112946,-0.163415685,0.170659333,-0.470332444,0.300013512,15.10800934,-75.04131317,-61.37439346,-7.262087345,-0.7945714,0.167278737,15.10800934,-75.04131317,-61.37439346,-7.262087345,-0.7945714,0.167278737,15.10800934,-75.04131317,-61.37439346,-7.262087345,-0.7945714,0.167278737
19.28400092,0.368174374,-1.482470751,1.142742276,-0.000962609,1.29141283,-0.544941902,1.471233249,0.416389257,-0.16079399,0.15747413,-0.477321714,0.297086388,14.89608383,-76.29514313,-61.44977188,-7.217534065,-0.772352934,0.170319051,14.89608383,-76.29514313,-61.44977188,-7.217534065,-0.772352934,0.170319051,14.89608383,-76.29514313,-61.44977188,-7.217534065,-0.772352934,0.170319051
19.30400092,0.397791684,-1.47416997,1.139446378,0.002135724,1.281807423,-0.539038658,1.48079145,0.408578396,-0.15832828,0.144055158,-0.484063357,0.294424295,14.66127014,-77.5346756,-61.51151276,-7.17595005,-0.747014642,0.173485845,14.66127014,-77.5346756,-61.51151276,-7.17595005,-0.747014642,0.173485845,14.66127014,-77.5346756,-61.51151276,-7.17595005,-0.747014642,0.173485845
19.32400092,0.427585423,-1.46603322,1.1362077,0.004955157,1.272072315,-0.533183098,1.48929894,0.400610417,-0.155884176,0.130288392,-0.490567923,0.292041332,14.40296841,-78.73130035,-61.57032776,-7.135351181,-0.723465979,0.176748455,14.40296841,-78.73130035,-61.57032776,-7.135351181,-0.723465979,0.176748455,14.40296841,-78.73130035,-61.57032776,-7.135351181,-0.723465979,0.176748455
19.34400092,0.457534611,-1.458056688,1.133014798,0.007490739,1.262203693,-0.527373314,1.496758819,0.39253819,-0.153537914,0.116293743,-0.496875912,0.289945632,14.12052345,-79.87999725,-61.62248611,-7.096653938,-0.697684407,0.180139512,14.12052345,-79.87999725,-61.62248611,-7.096653938,-0.697684407,0.180139512,14.12052345,-79.87999725,-61.62248611,-7.096653938,-0.697684407,0.180139512
19.36400092,0.487618268,-1.450236559,1.129871488,0.009738608,1.252213001,-0.521601677,1.503157735,0.384364247,-0.151318789,0.102136023,-0.503038168,0.288147807,13.81563187,-81.01986694,-61.67004013,-7.060836792,-0.672409177,0.183638662,13.81563187,-81.01986694,-61.67004013,-7.060836792,-0.672409177,0.183638662,13.81563187,-81.01986694,-61.67004013,-7.060836792,-0.672409177,0.183638662
19.38400092,0.517814457,-1.442591906,1.126770139,0.01169379,1.242100239,-0.515860558,1.50847137,0.376017302,-0.14909558,0.087709524,-0.509104192,0.286660373,13.48966217,-82.08887482,-61.70923996,-7.026987553,-0.647406042,0.187223792,13.48966217,-82.08887482,-61.70923996,-7.026987553,-0.647406042,0.187223792,13.48966217,-82.08887482,-61.70923996,-7.026987553,-0.647406042,0.187223792
19.40400092,0.548103154,-1.435115099,1.123718381,0.013353421,1.231861591,-0.510146141,1.512751102,0.367652982,-0.147077754,0.073212661,-0.514970899,0.285487503,13.14358807,-83.10469818,-61.74390793,-6.99729681,-0.619031906,0.190966338,13.14358807,-83.10469818,-61.74390793,-6.99729681,-0.619031906,0.190966338,13.14358807,-83.10469818,-61.74390793,-6.99729681,-0.619031906,0.190966338
19.42400092,0.578460515,-1.427809954,1.12070477,0.014714732,1.221508503,-0.504450798,1.515982985,0.359223217,-0.145188525,0.058504298,-0.520626128,0.284646094,12.77742863,-84.0851059,-61.77326965,-6.971942902,-0.590233147,0.194821134,12.77742863,-84.0851059,-61.77326965,-6.971942902,-0.590233147,0.194821134,12.77742863,-84.0851059,-61.77326965,-6.971942902,-0.590233147,0.194821134
19.44400092,0.608869374,-1.42067647,1.117729306,0.015773041,1.211040974,-0.498766899,1.518180847,0.350799412,-0.143494904,0.043597486,-0.526076496,0.284150511,12.38965797,-85.00955963,-61.79490662,-6.950691223,-0.559806764,0.198801607,12.38965797,-85.00955963,-61.79490662,-6.950691223,-0.559806764,0.198801607,12.38965797,-85.00955963,-61.79490662,-6.950691223,-0.559806764,0.198801607
19.46400092,0.639306843,-1.413710833,1.114788175,0.016523106,1.200459003,-0.493085861,1.519320488,0.342304885,-0.141870916,0.028372087,-0.531272829,0.284010321,11.98377991,-85.90737915,-61.81417465,-6.932306767,-0.526835799,0.202854156,11.98377991,-85.90737915,-61.81417465,-6.932306767,-0.526835799,0.202854156,11.98377991,-85.90737915,-61.81417465,-6.932306767,-0.526835799,0.202854156
19.48400093,0.669751942,-1.406920671,1.111881375,0.016959114,1.189777851,-0.48740387,1.519417405,0.33375901,-0.140341595,0.012926122,-0.536127985,0.284234613,11.56031704,-86.76738739,-61.82466125,-6.916490555,-0.493356884,0.20702818,11.56031704,-86.76738739,-61.82466125,-6.916490555,-0.493356884,0.20702818,11.56031704,-86.76738739,-61.82466125,-6.916490555,-0.493356884,0.20702818
19.50400093,0.70018369,-1.400302172,1.109008908,0.017077131,1.178997517,-0.481713295,1.518448949,0.325121433,-0.138838068,-0.002747869,-0.540789604,0.284834504,11.12110138,-87.59069824,-61.8354454,-6.903251648,-0.459637791,0.211331174,11.12110138,-87.59069824,-61.8354454,-6.903251648,-0.459637791,0.211331174,11.12110138,-87.59069824,-61.8354454,-6.903251648,-0.459637791,0.211331174
19.52400093,0.730581105,-1.393855333,1.106166959,0.016874654,1.168125629,-0.476004601,1.516436458,0.31646961,-0.13749893,-0.018465905,-0.545229375,0.285816193,10.66697598,-88.37041473,-61.84286118,-6.894429207,-0.424423456,0.215744376,10.66697598,-88.37041473,-61.84286118,-6.894429207,-0.424423456,0.215744376,10.66697598,-88.37041473,-61.84286118,-6.894429207,-0.424423456,0.215744376
19.54400093,0.760925114,-1.387583971,1.103351712,0.016348882,1.157166004,-0.470271111,1.513353825,0.307705224,-0.136170194,-0.03438919,-0.549498618,0.287193894,10.19631386,-89.11608887,-61.84810257,-6.889549732,-0.388331115,0.220248133,10.19631386,-89.11608887,-61.84810257,-6.889549732,-0.388331115,0.220248133,10.19631386,-89.11608887,-61.84810257,-6.889549732,-0.388331115,0.220248133
19.56400093,0.791194737,-1.38148427,1.100566983,0.015497578,1.146114826,-0.464505196,1.509238362,0.298946887,-0.135047525,-0.050337147,-0.55359298,0.288971663,9.713790894,-89.82300568,-61.86134338,-6.89011097,-0.350033939,0.224841848,9.713790894,-89.82300568,-61.86134338,-6.89011097,-0.350033939,0.224841848,9.713790894,-89.82300568,-61.86134338,-6.89011097,-0.350033939,0.224841848
19.58400093,0.82136327,-1.375571489,1.097805142,0.014317913,1.134987354,-0.458697319,1.504088998,0.290151089,-0.134020224,-0.06649933,-0.557485163,0.291165292,9.223183632,-90.4586792,-61.86836243,-6.895452023,-0.310266376,0.22952202,9.223183632,-90.4586792,-61.86836243,-6.895452023,-0.310266376,0.22952202,9.223183632,-90.4586792,-61.86836243,-6.895452023,-0.310266376,0.22952202
19.60400093,0.851417363,-1.36983037,1.09505856,0.012807263,1.123783588,-0.452839851,1.497947097,0.281406879,-0.133244649,-0.082784042,-0.561184585,0.293778479,8.721595764,-91.0771637,-61.86965179,-6.906424999,-0.268670082,0.234275863,8.721595764,-91.0771637,-61.86965179,-6.906424999,-0.268670082,0.234275863,8.721595764,-91.0771637,-61.86965179,-6.906424999,-0.268670082,0.234275863
19.62400093,0.881332219,-1.364264727,1.092334867,0.010959966,1.112503529,-0.446925163,1.490805984,0.272644639,-0.1325396,-0.099381603,-0.564652026,0.296825677,8.211787224,-91.64219666,-61.87249756,-6.920286655,-0.224032775,0.239086688,8.211787224,-91.64219666,-61.87249756,-6.920286655,-0.224032775,0.239086688,8.211787224,-91.64219666,-61.87249756,-6.920286655,-0.224032775,0.239086688
19.64400093,0.911088765,-1.358882189,1.089626431,0.008773459,1.101154804,-0.440942764,1.482706189,0.263960242,-0.13212949,-0.11601717,-0.567782044,0.300304353,7.695284367,-92.16081238,-61.87644958,-6.938929081,-0.176315159,0.243946359,7.695284367,-92.16081238,-61.87644958,-6.938929081,-0.176315159,0.243946359,7.695284367,-92.16081238,-61.87644958,-6.938929081,-0.176315159,0.243946359
19.66400093,0.940675557,-1.353663683,1.086917996,0.006244955,1.089745045,-0.434884071,1.4736408,0.255299926,-0.131850332,-0.132893175,-0.570566654,0.304226011,7.167465687,-92.67486572,-61.86329651,-6.961282253,-0.128103569,0.248811856,7.167465687,-92.67486572,-61.86329651,-6.961282253,-0.128103569,0.248811856,7.167465687,-92.67486572,-61.86329651,-6.961282253,-0.128103569,0.248811856
19.68400093,0.970062077,-1.348628283,1.084221005,0.003367326,1.078285694,-0.428741455,1.463582158,0.246528238,-0.131470188,-0.150087819,-0.573109031,0.308595359,6.638401985,-93.12525177,-61.85207748,-6.983917236,-0.078525394,0.253699839,6.638401985,-93.12525177,-61.85207748,-6.983917236,-0.078525394,0.253699839,6.638401985,-93.12525177,-61.85207748,-6.983917236,-0.078525394,0.253699839
19.70400094,0.999234974,-1.343764544,1.081543088,0.000140878,1.066769123,-0.422506332,1.452594519,0.237832323,-0.131357267,-0.167127192,-0.575354159,0.313401312,6.103955269,-93.55452728,-61.85808563,-7.011312008,-0.025478974,0.25862065,6.103955269,-93.55452728,-61.85808563,-7.011312008,-0.025478974,0.25862065,6.103955269,-93.55452728,-61.85808563,-7.011312008,-0.025478974,0.25862065
19.72400094,1.028173327,-1.339080095,1.07886517,-0.003431803,1.05521059,-0.416168213,1.440699458,0.229257092,-0.131563738,-0.184084803,-0.577344477,0.318647742,5.569326878,-93.91931915,-61.8547287,-7.045711994,0.02884984,0.26350686,5.569326878,-93.91931915,-61.8547287,-7.045711994,0.02884984,0.26350686,5.569326878,-93.91931915,-61.8547287,-7.045711994,0.02884984,0.26350686
19.74400094,1.056863666,-1.334567308,1.076175809,-0.007353282,1.043613911,-0.409719467,1.427889228,0.220716402,-0.131884411,-0.201294258,-0.579126239,0.324348569,5.027546883,-94.27117157,-61.83988571,-7.084590435,0.085049272,0.268370658,5.027546883,-94.27117157,-61.83988571,-7.084590435,0.085049272,0.268370658,5.027546883,-94.27117157,-61.83988571,-7.084590435,0.085049272,0.268370658
19.76400094,1.085279346,-1.330226183,1.073482633,-0.011630034,1.031986713,-0.403148651,1.414175034,0.212173507,-0.132204145,-0.218812704,-0.580685675,0.330503732,4.492526054,-94.57303619,-61.81978989,-7.124819756,0.14265351,0.273158312,4.492526054,-94.57303619,-61.81978989,-7.124819756,0.14265351,0.273158312,4.492526054,-94.57303619,-61.81978989,-7.124819756,0.14265351,0.273158312
19.78400094,1.113420367,-1.326056719,1.070785642,-0.016265666,1.020321369,-0.396449089,1.399579406,0.203651786,-0.132585526,-0.23642768,-0.582016587,0.337101966,3.943675756,-94.85242462,-61.80173492,-7.16655302,0.204995051,0.277891636,3.943675756,-94.85242462,-61.80173492,-7.16655302,0.204995051,0.277891636,3.943675756,-94.85242462,-61.80173492,-7.16655302,0.204995051,0.277891636
19.80400094,1.141256213,-1.322055101,1.068073392,-0.021260655,1.008629322,-0.389612198,1.384098053,0.195140421,-0.13299191,-0.25407508,-0.583056986,0.344139814,3.399795294,-95.09014893,-61.77526855,-7.210888386,0.270458609,0.282560915,3.399795294,-95.09014893,-61.77526855,-7.210888386,0.270458609,0.282560915,3.399795294,-95.09014893,-61.77526855,-7.210888386,0.270458609,0.282560915
19.82400094,1.16876018,-1.31822896,1.065357327,-0.026615119,0.996925831,-0.382628441,1.367786884,0.186678156,-0.133468106,-0.271663129,-0.583721638,0.351607919,2.866988182,-95.28188324,-61.75811386,-7.258535385,0.337249875,0.287142098,2.866988182,-95.28188324,-61.75811386,-7.258535385,0.337249875,0.287142098,2.866988182,-95.28188324,-61.75811386,-7.258535385,0.337249875,0.287142098
19.84400094,1.195932269,-1.314566851,1.062637448,-0.032325771,0.985205173,-0.375489235,1.350682855,0.1783932,-0.134254709,-0.289060444,-0.584153473,0.35949865,2.332957983,-95.44949341,-61.75334549,-7.312655449,0.407420248,0.291609824,2.332957983,-95.44949341,-61.75334549,-7.312655449,0.407420248,0.291609824,2.332957983,-95.44949341,-61.75334549,-7.312655449,0.407420248,0.291609824
19.86400094,1.222753406,-1.311072588,1.059898496,-0.038391974,0.973474979,-0.368185997,1.332798123,0.170194268,-0.1352029,-0.306560636,-0.584212005,0.367815495,1.801997423,-95.57991028,-61.7381897,-7.37208128,0.480988085,0.295975477,1.801997423,-95.57991028,-61.7381897,-7.37208128,0.480988085,0.295975477,1.801997423,-95.57991028,-61.7381897,-7.37208128,0.480988085,0.295975477
19.88400094,1.249200702,-1.307749987,1.05714047,-0.044817116,0.961746693,-0.360711098,1.314158201,0.162155867,-0.136370093,-0.324202031,-0.583974719,0.376555204,1.278269291,-95.67212677,-61.72493362,-7.434837341,0.556335449,0.300207376,1.278269291,-95.67212677,-61.72493362,-7.434837341,0.556335449,0.300207376,1.278269291,-95.67212677,-61.72493362,-7.434837341,0.556335449,0.300207376
19.90400095,1.275266528,-1.304583788,1.054359555,-0.051603463,0.950026035,-0.353054047,1.294788241,0.15430437,-0.137782782,-0.341983587,-0.583489954,0.38571018,0.758781433,-95.75344849,-61.70163727,-7.499900341,0.634177387,0.304289371,0.758781433,-95.75344849,-61.70163727,-7.499900341,0.634177387,0.304289371,0.758781433,-95.75344849,-61.70163727,-7.499900341,0.634177387,0.304289371
19.92400095,1.300935626,-1.301570177,1.051548123,-0.058755424,0.938316822,-0.345207214,1.274657249,0.146489143,-0.139195293,-0.359999448,-0.582787037,0.39527002,0.242666006,-95.83440399,-61.6763382,-7.564241409,0.714208364,0.308189183,0.242666006,-95.83440399,-61.6763382,-7.564241409,0.714208364,0.308189183,0.242666006,-95.83440399,-61.6763382,-7.564241409,0.714208364,0.308189183
19.94400095,1.326188922,-1.298709154,1.048717618,-0.06627503,0.926622868,-0.337164879,1.253798246,0.138683125,-0.140616357,-0.378001869,-0.581775248,0.405211806,-0.260791779,-95.9046402,-61.66231155,-7.628088951,0.797600627,0.311949462,-0.260791779,-95.9046402,-61.66231155,-7.628088951,0.797600627,0.311949462,-0.260791779,-95.9046402,-61.66231155,-7.628088951,0.797600627,0.311949462
19.96400095,1.351018786,-1.296004534,1.045864224,-0.074159771,0.914951801,-0.328919411,1.23224175,0.130890027,-0.142077461,-0.395836979,-0.580435634,0.41551733,-0.75728178,-95.9405365,-61.65234756,-7.693475723,0.883821607,0.315566957,-0.75728178,-95.9405365,-61.65234756,-7.693475723,0.883821607,0.315566957,-0.75728178,-95.9405365,-61.65234756,-7.693475723,0.883821607,0.315566957
19.98400095,1.375402331,-1.293456316,1.042972684,-0.082403809,0.903305531,-0.320463181,1.210023642,0.123211853,-0.143750846,-0.413408905,-0.578805745,0.426176071,-1.240756512,-95.94184113,-61.63641739,-7.763819218,0.973068357,0.319016993,-1.240756512,-95.94184113,-61.63641739,-7.763819218,0.973068357,0.319016993,-1.240756512,-95.94184113,-61.63641739,-7.763819218,0.973068357,0.319016993
20.00400095,1.399328113,-1.291060686,1.040046811,-0.091005474,0.891695499,-0.311786652,1.187200308,0.115643919,-0.145570308,-0.430944145,-0.576834083,0.43718484,-1.708872318,-95.91500092,-61.61888504,-7.8379426,1.064678192,0.32226944,-1.708872318,-95.91500092,-61.61888504,-7.8379426,1.064678192,0.32226944,-1.708872318,-95.91500092,-61.61888504,-7.8379426,1.064678192,0.32226944
20.02400095,1.42279613,-1.288817644,1.037086606,-0.099965006,0.88012743,-0.302886963,1.163799882,0.108229548,-0.147587657,-0.448497117,-0.574580014,0.448535711,-2.173702717,-95.85326385,-61.60173035,-7.914539814,1.158888459,0.325377911,-2.173702717,-95.85326385,-61.60173035,-7.914539814,1.158888459,0.325377911,-2.173702717,-95.85326385,-61.60173035,-7.914539814,1.158888459,0.325377911
20.04400095,1.445787311,-1.286723375,1.034084439,-0.109282404,0.868605137,-0.293754578,1.139830828,0.101010583,-0.149844915,-0.466076732,-0.57212323,0.460220397,-2.630754709,-95.76612091,-61.57733154,-7.992794037,1.255527973,0.328293175,-2.630754709,-95.76612091,-61.57733154,-7.992794037,1.255527973,0.328293175,-2.630754709,-95.76612091,-61.57733154,-7.992794037,1.255527973,0.328293175
20.06400095,1.468294024,-1.28477788,1.031036496,-0.118959814,0.857132435,-0.284383774,1.115304828,0.093946993,-0.152219445,-0.483760864,-0.569431543,0.472228378,-3.078944683,-95.64038849,-61.54608917,-8.070163727,1.355985641,0.331007391,-3.078944683,-95.64038849,-61.54608917,-8.070163727,1.355985641,0.331007391,-3.078944683,-95.64038849,-61.54608917,-8.070163727,1.355985641,0.331007391
20.08400095,1.490304828,-1.282969713,1.027938962,-0.128995821,0.845715046,-0.274767876,1.090259552,0.087139599,-0.154866993,-0.50131464,-0.566455126,0.484537423,-3.517383337,-95.50345612,-61.50749588,-8.147919655,1.459546685,0.333528489,-3.517383337,-95.50345612,-61.50749588,-8.147919655,1.459546685,0.333528489,-3.517383337,-95.50345612,-61.50749588,-8.147919655,1.459546685,0.333528489
20.10400095,1.511800647,-1.281295061,1.024791837,-0.139390394,0.834364414,-0.264901161,1.064675093,0.080393821,-0.157451943,-0.518921494,-0.563114882,0.497137308,-3.939591646,-95.37602234,-61.46104431,-8.223682404,1.564489961,0.335854471,-3.939591646,-95.37602234,-61.46104431,-8.223682404,1.564489961,0.335854471,-3.939591646,-95.37602234,-61.46104431,-8.223682404,1.564489961,0.335854471
20.12400096,1.532781482,-1.279761553,1.021598935,-0.150141165,0.823076725,-0.254777908,1.038622737,0.073793963,-0.160100579,-0.53632611,-0.559391737,0.509999692,-4.34825325,-95.19020844,-61.41727066,-8.298762321,1.673566341,0.337974399,-4.34825325,-95.19020844,-61.41727066,-8.298762321,1.673566341,0.337974399,-4.34825325,-95.19020844,-61.41727066,-8.298762321,1.673566341,0.337974399
20.14400096,1.553239703,-1.27835393,1.018344998,-0.161244318,0.811872959,-0.2443946,1.012089014,0.067316212,-0.162769049,-0.553539932,-0.555300951,0.523112774,-4.751639366,-95.02744293,-61.36367416,-8.374364853,1.782913923,0.339921057,-4.751639366,-95.02744293,-61.36367416,-8.374364853,1.782913923,0.339921057,-4.751639366,-95.02744293,-61.36367416,-8.374364853,1.782913923,0.339921057
20.16400096,1.573156238,-1.277072191,1.015045285,-0.172694132,0.800751209,-0.233744919,0.985089898,0.060962684,-0.165457904,-0.570554674,-0.550984204,0.536462665,-5.134474754,-94.84220886,-61.3135376,-8.45101738,1.893921971,0.341673672,-5.134474754,-94.84220886,-61.3135376,-8.45101738,1.893921971,0.341673672,-5.134474754,-94.84220886,-61.3135376,-8.45101738,1.893921971,0.341673672
20.18400096,1.592515826,-1.275920153,1.011692166,-0.184489653,0.789717197,-0.222824872,0.957693815,0.054740902,-0.168181434,-0.587414622,-0.546359718,0.550035715,-5.494533539,-94.62336731,-61.26854324,-8.527774811,2.007216215,0.343242407,-5.494533539,-94.62336731,-61.26854324,-8.527774811,2.007216215,0.343242407,-5.494533539,-94.62336731,-61.26854324,-8.527774811,2.007216215,0.343242407
20.20400096,1.611337543,-1.27488637,1.008281827,-0.196625158,0.778778553,-0.211630166,0.929931343,0.048718669,-0.171046838,-0.604089499,-0.541502893,0.563819289,-5.851063728,-94.41098022,-61.2135849,-8.605987549,2.121979475,0.34462893,-5.851063728,-94.41098022,-61.2135849,-8.605987549,2.121979475,0.34462893,-5.851063728,-94.41098022,-61.2135849,-8.605987549,2.121979475,0.34462893
20.22400096,1.629590869,-1.273978472,1.004821897,-0.209099695,0.767937183,-0.200156033,0.901809394,0.042874724,-0.174031124,-0.620623052,-0.536417902,0.577800572,-6.18747282,-94.17474365,-61.17095947,-8.683880806,2.239061832,0.345822036,-6.18747282,-94.17474365,-61.17095947,-8.683880806,2.239061832,0.345822036,-6.18747282,-94.17474365,-61.17095947,-8.683880806,2.239061832,0.345822036
20.24400096,1.647275805,-1.273177385,1.001293302,-0.221908495,0.757200718,-0.188398659,0.87337476,0.037267249,-0.177199051,-0.637013495,-0.531097412,0.591966093,-6.506949425,-93.93656158,-61.10740662,-8.76185894,2.358283043,0.346814275,-6.506949425,-93.93656158,-61.10740662,-8.76185894,2.358283043,0.346814275,-6.506949425,-93.93656158,-61.10740662,-8.76185894,2.358283043,0.346814275
20.26400096,1.664388537,-1.27249074,0.997702539,-0.235050127,0.746574879,-0.176354706,0.844642758,0.031771466,-0.180326253,-0.653376997,-0.525423825,0.606301665,-6.811414242,-93.68889618,-61.04690933,-8.837436676,2.478534222,0.347621381,-6.811414242,-93.68889618,-61.04690933,-8.837436676,2.478534222,0.347621381,-6.811414242,-93.68889618,-61.04690933,-8.837436676,2.478534222,0.347621381
20.28400096,1.680921435,-1.271918535,0.994053781,-0.248522684,0.73606348,-0.164022267,0.815654814,0.026480969,-0.183575138,-0.669522464,-0.519453824,0.620783627,-7.098899364,-93.40965271,-60.98657608,-8.91091156,2.600254297,0.348252088,-7.098899364,-93.40965271,-60.98657608,-8.91091156,2.600254297,0.348252088,-7.098899364,-93.40965271,-60.98657608,-8.91091156,2.600254297,0.348252088
20.30400096,1.696870685,-1.271445513,0.990338266,-0.262319922,0.725674152,-0.151398003,0.786423564,0.021404613,-0.186973736,-0.685361862,-0.513186038,0.635392904,-7.374377251,-93.14846039,-60.91786957,-8.983523369,2.722767115,0.348701179,-7.374377251,-93.14846039,-60.91786957,-8.983523369,2.722767115,0.348701179,-7.374377251,-93.14846039,-60.91786957,-8.983523369,2.722767115,0.348701179
20.32400097,1.712236285,-1.271067858,0.986555994,-0.276438117,0.715412617,-0.138479054,0.756978333,0.016500747,-0.190432101,-0.700991869,-0.506585836,0.650117517,-7.634594917,-92.88665009,-60.84712219,-9.054504395,2.846116304,0.348968893,-7.634594917,-92.88665009,-60.84712219,-9.054504395,2.846116304,0.348968893,-7.634594917,-92.88665009,-60.84712219,-9.054504395,2.846116304,0.348968893
20.34400097,1.727002978,-1.270797014,0.982705057,-0.29087007,0.705284595,-0.125263512,0.727330029,0.011745713,-0.193910077,-0.716394305,-0.499696374,0.664938986,-7.875497818,-92.59320831,-60.77152252,-9.123842239,2.969681025,0.349053562,-7.875497818,-92.59320831,-60.77152252,-9.123842239,2.969681025,0.349053562,-7.875497818,-92.59320831,-60.77152252,-9.123842239,2.969681025,0.349053562
20.36400097,1.741174579,-1.270610094,0.978785455,-0.305612922,0.695301533,-0.111750424,0.69752121,0.007166961,-0.197427064,-0.731596708,-0.49256295,0.679843783,-8.101109505,-92.31785583,-60.68937683,-9.191576958,3.092327118,0.348974377,-8.101109505,-92.31785583,-60.68937683,-9.191576958,3.092327118,0.348974377,-8.101109505,-92.31785583,-60.68937683,-9.191576958,3.092327118,0.348974377
20.38400097,1.754754901,-1.270518541,0.974795282,-0.32066381,0.685459614,-0.097937644,0.667553604,0.002705025,-0.200915039,-0.746541619,-0.485201836,0.69481039,-8.313794136,-92.02575684,-60.60575485,-9.25562191,3.215673923,0.348716259,-8.313794136,-92.02575684,-60.60575485,-9.25562191,3.215673923,0.348716259,-8.313794136,-92.02575684,-60.60575485,-9.25562191,3.215673923,0.348716259
20.40400097,1.767724872,-1.270514727,0.970734537,-0.336012244,0.675768375,-0.083824456,0.63747263,-0.001514438,-0.204549104,-0.761105895,-0.477686733,0.709820747,-8.505094528,-91.71176147,-60.51602173,-9.319364548,3.338126659,0.348286748,-8.505094528,-91.71176147,-60.51602173,-9.319364548,3.338126659,0.348286748,-8.505094528,-91.71176147,-60.51602173,-9.319364548,3.338126659,0.348286748
20.42400097,1.78009212,-1.270591021,0.96660322,-0.35165441,0.666229725,-0.069409668,0.607305765,-0.005554568,-0.208206579,-0.775460064,-0.469958603,0.724865317,-8.681202888,-91.4028244,-60.42069244,-9.380393982,3.461495399,0.347679138,-8.681202888,-91.4028244,-60.42069244,-9.380393982,3.461495399,0.347679138,-8.681202888,-91.4028244,-60.42069244,-9.380393982,3.461495399,0.347679138
20.44400097,1.791852832,-1.270747423,0.962403238,-0.36758554,0.656847477,-0.054693043,0.577094078,-0.009372805,-0.211969167,-0.789499879,-0.461999267,0.739921272,-8.840056419,-91.08720398,-60.32633591,-9.43913269,3.584232092,0.346893221,-8.840056419,-91.08720398,-60.32633591,-9.43913269,3.584232092,0.346893221,-8.840056419,-91.08720398,-60.32633591,-9.43913269,3.584232092,0.346893221
20.46400097,1.803010821,-1.270976305,0.958126962,-0.383798957,0.647625446,-0.039674819,0.54685694,-0.012983236,-0.21580404,-0.803234518,-0.453768939,0.754971504,-8.98684597,-90.78009033,-60.22195816,-9.495289803,3.707113266,0.345934808,-8.98684597,-90.78009033,-60.22195816,-9.495289803,3.707113266,0.345934808,-8.98684597,-90.78009033,-60.22195816,-9.495289803,3.707113266,0.345934808
20.48400097,1.813562274,-1.271277666,0.953774393,-0.400287986,0.638571262,-0.024355322,0.516597271,-0.016449295,-0.219586894,-0.81674695,-0.445268065,0.770000517,-9.117635727,-90.46115875,-60.11075211,-9.548586845,3.828125954,0.3448008,-9.117635727,-90.46115875,-60.11075211,-9.548586845,3.828125954,0.3448008,-9.117635727,-90.46115875,-60.11075211,-9.548586845,3.828125954,0.3448008
20.50400097,1.823511004,-1.271643877,0.949345529,-0.417046905,0.629690647,-0.008735108,0.486351341,-0.019720962,-0.223380342,-0.829966903,-0.436514288,0.784987986,-9.2329216,-90.13448334,-59.99218369,-9.598491669,3.948198318,0.343491435,-9.2329216,-90.13448334,-59.99218369,-9.598491669,3.948198318,0.343491435,-9.2329216,-90.13448334,-59.99218369,-9.598491669,3.948198318,0.343491435
20.52400097,1.832857013,-1.272074938,0.944842279,-0.434071898,0.620987415,0.007184689,0.456119061,-0.022838155,-0.227118865,-0.842867911,-0.427529663,0.799912572,-9.339461327,-89.813797,-59.86975861,-9.644008636,4.06578064,0.342005968,-9.339461327,-89.813797,-59.86975861,-9.644008636,4.06578064,0.342005968,-9.339461327,-89.813797,-59.86975861,-9.644008636,4.06578064,0.342005968
20.54400098,1.841592669,-1.272567034,0.940264642,-0.451353431,0.612463474,0.023402426,0.42592296,-0.025803626,-0.230821654,-0.855338335,-0.41833964,0.814748406,-9.425029755,-89.4825058,-59.74377441,-9.686125755,4.182243824,0.340349793,-9.425029755,-89.4825058,-59.74377441,-9.686125755,4.182243824,0.340349793,-9.425029755,-89.4825058,-59.74377441,-9.686125755,4.182243824,0.340349793
20.56400098,1.849725604,-1.27311635,0.935610712,-0.468882918,0.604124546,0.039916191,0.395817757,-0.028518982,-0.234621301,-0.867355764,-0.408998311,0.829480052,-9.49717617,-89.13284302,-59.60923004,-9.726655006,4.296077251,0.338521332,-9.49717617,-89.13284302,-59.60923004,-9.726655006,4.296077251,0.338521332,-9.49717617,-89.13284302,-59.60923004,-9.726655006,4.296077251,0.338521332
20.58400098,1.857259631,-1.273715258,0.930880487,-0.486653686,0.595974445,0.056723509,0.365803689,-0.031039689,-0.238401726,-0.879080594,-0.399508744,0.844097435,-9.557342529,-88.79360199,-59.4679985,-9.763393402,4.407992363,0.336521596,-9.557342529,-88.79360199,-59.4679985,-9.763393402,4.407992363,0.336521596,-9.557342529,-88.79360199,-59.4679985,-9.763393402,4.407992363,0.336521596
20.60400098,1.864194751,-1.274367571,0.926073968,-0.504659057,0.588016987,0.073822007,0.335899621,-0.033381052,-0.242137179,-0.890455484,-0.389861286,0.858576715,-9.599881172,-88.44777679,-59.32054901,-9.796108246,4.517619133,0.334344506,-9.599881172,-88.44777679,-59.32054901,-9.796108246,4.517619133,0.334344506,-9.599881172,-88.44777679,-59.32054901,-9.796108246,4.517619133,0.334344506
20.62400098,1.870530963,-1.275061846,0.921191156,-0.522891402,0.580254078,0.09120892,0.306141019,-0.035487864,-0.24590148,-0.90144372,-0.380093724,0.872899294,-9.630095482,-88.09998322,-59.16539383,-9.825378418,4.624224186,0.331985861,-9.630095482,-88.09998322,-59.16539383,-9.825378418,4.624224186,0.331985861,-9.630095482,-88.09998322,-59.16539383,-9.825378418,4.624224186,0.331985861
20.64400098,1.876275897,-1.275794268,0.916235864,-0.541339278,0.572687626,0.108880505,0.276536942,-0.037431423,-0.249574289,-0.912104547,-0.370176792,0.887045622,-9.645102501,-87.76104736,-59.00668716,-9.85147953,4.728262901,0.329451948,-9.645102501,-87.76104736,-59.00668716,-9.85147953,4.728262901,0.329451948,-9.645102501,-87.76104736,-59.00668716,-9.85147953,4.728262901,0.329451948
20.66400098,1.881425738,-1.276564837,0.911210001,-0.560000777,0.565321445,0.126832947,0.247115523,-0.039186522,-0.25322637,-0.922380686,-0.360137045,0.900994122,-9.645525932,-87.41695404,-58.85006714,-9.872393608,4.829802036,0.326739579,-9.645525932,-87.41695404,-58.85006714,-9.872393608,4.829802036,0.326739579,-9.645525932,-87.41695404,-58.85006714,-9.872393608,4.829802036,0.326739579
20.68400098,1.885988116,-1.277365923,0.906113565,-0.578860641,0.558159351,0.145062432,0.217911139,-0.040697847,-0.256964177,-0.932180464,-0.349991739,0.914722562,-9.62828064,-87.07382965,-58.69036865,-9.891413689,4.927444458,0.323848009,-9.62828064,-87.07382965,-58.69036865,-9.891413689,4.927444458,0.323848009,-9.62828064,-87.07382965,-58.69036865,-9.891413689,4.927444458,0.323848009
20.70400098,1.889974475,-1.278197527,0.90094465,-0.597920775,0.551199436,0.163563237,0.188929334,-0.042066388,-0.26064232,-0.941541731,-0.339703113,0.928208172,-9.604143143,-86.74049377,-58.52706528,-9.903756142,5.022914886,0.320783019,-9.604143143,-86.74049377,-58.52706528,-9.903756142,5.022914886,0.320783019,-9.604143143,-86.74049377,-58.52706528,-9.903756142,5.022914886,0.320783019
20.72400098,1.893384814,-1.279048204,0.895699441,-0.617164016,0.544449329,0.182331547,0.160169184,-0.043298248,-0.264249116,-0.95043993,-0.329288483,0.941431701,-9.57224369,-86.43385315,-58.35432816,-9.914158821,5.114192963,0.317542404,-9.57224369,-86.43385315,-58.35432816,-9.914158821,5.114192963,0.317542404,-9.57224369,-86.43385315,-58.35432816,-9.914158821,5.114192963,0.317542404
20.74400099,1.896222949,-1.279925585,0.890377939,-0.63658464,0.537909031,0.201360688,0.131665722,-0.044364542,-0.267804623,-0.958937824,-0.31878683,0.954378426,-9.520275116,-86.09312439,-58.17212677,-9.919160843,5.201725006,0.314127743,-9.520275116,-86.09312439,-58.17212677,-9.919160843,5.201725006,0.314127743,-9.520275116,-86.09312439,-58.17212677,-9.919160843,5.201725006,0.314127743
20.76400099,1.898492694,-1.280822039,0.884991586,-0.656169295,0.531578541,0.22064589,0.103423849,-0.045335755,-0.271196395,-0.967035294,-0.308164895,0.967025936,-9.45824337,-85.76265717,-57.99282837,-9.921099663,5.285635471,0.310532182,-9.45824337,-85.76265717,-57.99282837,-9.921099663,5.285635471,0.310532182,-9.45824337,-85.76265717,-57.99282837,-9.921099663,5.285635471,0.310532182
20.78400099,1.900194049,-1.281737566,0.879536569,-0.675914168,0.525461674,0.240180477,0.075514585,-0.046010263,-0.274783611,-0.974631965,-0.297537237,0.979359567,-9.378214836,-85.41190338,-57.80890656,-9.918872833,5.365559101,0.306760907,-9.378214836,-85.41190338,-57.80890656,-9.918872833,5.365559101,0.306760907,-9.378214836,-85.41190338,-57.80890656,-9.918872833,5.365559101,0.306760907
20.80400099,1.901346087,-1.282653093,0.874005258,-0.695809722,0.519560337,0.259956807,0.047934011,-0.046545584,-0.278276712,-0.981876969,-0.286810547,0.991361618,-9.289626122,-85.10979462,-57.61148453,-9.911746979,5.441390038,0.302822679,-9.289626122,-85.10979462,-57.61148453,-9.911746979,5.441390038,0.302822679,-9.289626122,-85.10979462,-57.61148453,-9.911746979,5.441390038,0.302822679
20.82400099,1.901944995,-1.283583879,0.868414819,-0.715844512,0.513872623,0.279968709,0.020678297,-0.047039736,-0.281538397,-0.988740087,-0.275965333,1.003005981,-9.189223289,-84.78755188,-57.42256546,-9.899585724,5.512588501,0.298707604,-9.189223289,-84.78755188,-57.42256546,-9.899585724,5.512588501,0.298707604,-9.189223289,-84.78755188,-57.42256546,-9.899585724,5.512588501,0.298707604
20.84400099,1.90200603,-1.284537554,0.862749994,-0.736012816,0.50840044,0.300209492,-0.006179076,-0.047183037,-0.285105109,-0.994976759,-0.265202284,1.014276981,-9.079733849,-84.39422607,-57.21614075,-9.883443832,5.579945564,0.294420809,-9.079733849,-84.39422607,-57.21614075,-9.883443832,5.579945564,0.294420809,-9.079733849,-84.39422607,-57.21614075,-9.883443832,5.579945564,0.294420809
20.86400099,1.901533008,-1.285483599,0.857008874,-0.756301284,0.503147602,0.320671529,-0.032625958,-0.047064543,-0.288713127,-1.000888824,-0.254381508,1.025170207,-8.962511063,-84.05197144,-56.98900986,-9.862350464,5.642572403,0.289939374,-8.962511063,-84.05197144,-56.98900986,-9.862350464,5.642572403,0.289939374,-8.962511063,-84.05197144,-56.98900986,-9.862350464,5.642572403,0.289939374
20.88400099,1.900537372,-1.28641057,0.85120672,-0.776704192,0.498112977,0.341346234,-0.058707923,-0.046949472,-0.291935533,-1.006484866,-0.243434802,1.035650253,-8.836291313,-83.7564621,-56.76586151,-9.834586143,5.699643612,0.285277128,-8.836291313,-83.7564621,-56.76586151,-9.834586143,5.699643612,0.285277128,-8.836291313,-83.7564621,-56.76586151,-9.834586143,5.699643612,0.285277128
20.90400099,1.899022937,-1.287333727,0.845341623,-0.797217727,0.493297875,0.36222598,-0.084425993,-0.046885882,-0.294797033,-1.011495113,-0.232463837,1.045679569,-8.704685211,-83.45960999,-56.54535294,-9.79827404,5.75131464,0.280431658,-8.704685211,-83.45960999,-56.54535294,-9.79827404,5.75131464,0.280431658,-8.704685211,-83.45960999,-56.54535294,-9.79827404,5.75131464,0.280431658
20.92400099,1.897001147,-1.288253069,0.839419305,-0.817820907,0.488700211,0.383302182,-0.109750427,-0.04672252,-0.297607005,-1.015727043,-0.221631795,1.055238962,-8.564336777,-83.14571381,-56.32685089,-9.761599541,5.79831171,0.275401652,-8.564336777,-83.14571381,-56.32685089,-9.761599541,5.79831171,0.275401652,-8.564336777,-83.14571381,-56.32685089,-9.761599541,5.79831171,0.275401652
20.94400099,1.894475818,-1.289168596,0.833439767,-0.838502288,0.484319031,0.404560536,-0.134648591,-0.04639275,-0.300471008,-1.019383192,-0.210990667,1.064332366,-8.41572094,-82.81002045,-56.10606384,-9.722002983,5.841440201,0.27025497,-8.41572094,-82.81002045,-56.10606384,-9.722002983,5.841440201,0.27025497,-8.41572094,-82.81002045,-56.10606384,-9.722002983,5.841440201,0.27025497
20.964001,1.891462207,-1.290084124,0.827399194,-0.859252334,0.48014766,0.42599532,-0.1590828,-0.045784548,-0.303531647,-1.022674441,-0.200532064,1.072966576,-8.266771317,-82.43405151,-55.87355042,-9.680532455,5.881600857,0.264924169,-8.266771317,-82.43405151,-55.87355042,-9.680532455,5.881600857,0.264924169,-8.266771317,-82.43405151,-55.87355042,-9.680532455,5.881600857,0.264924169
20.984001,1.887964129,-1.290984392,0.821293771,-0.880065322,0.476185143,0.447596997,-0.183028996,-0.044832639,-0.306829184,-1.025698662,-0.190111578,1.081133246,-8.109867096,-82.0602417,-55.62357712,-9.632303238,5.91849947,0.25940001,-8.109867096,-82.0602417,-55.62357712,-9.632303238,5.91849947,0.25940001,-8.109867096,-82.0602417,-55.62357712,-9.632303238,5.91849947,0.25940001
21.004001,1.883989215,-1.291861773,0.815125406,-0.900937438,0.472434342,0.46935603,-0.20650886,-0.043792427,-0.309899628,-1.028390288,-0.179482564,1.088790774,-7.950636864,-81.71909332,-55.36103058,-9.575307846,5.950128078,0.253683746,-7.950636864,-81.71909332,-55.36103058,-9.575307846,5.950128078,0.253683746,-7.950636864,-81.71909332,-55.36103058,-9.575307846,5.950128078,0.253683746
21.024001,1.879556537,-1.29271245,0.808896005,-0.921857238,0.468900025,0.491260976,-0.22952415,-0.04266046,-0.312763542,-1.03060627,-0.168732733,1.095913053,-7.791509628,-81.38536072,-55.08840179,-9.510543823,5.975372791,0.247780561,-7.791509628,-81.38536072,-55.08840179,-9.510543823,5.975372791,0.247780561,-7.791509628,-81.38536072,-55.08840179,-9.510543823,5.975372791,0.247780561
21.044001,1.874666095,-1.293547869,0.802613199,-0.942815185,0.465582192,0.513302326,-0.252095073,-0.04151291,-0.315340221,-1.032149434,-0.157954529,1.102468252,-7.626535416,-81.01064301,-54.8155365,-9.439920425,5.993863583,0.24172239,-7.626535416,-81.01064301,-54.8155365,-9.439920425,5.993863583,0.24172239,-7.626535416,-81.01064301,-54.8155365,-9.439920425,5.993863583,0.24172239
21.064001,1.869325519,-1.294348955,0.796280801,-0.963794112,0.462478936,0.535467625,-0.274191529,-0.04028476,-0.317751288,-1.033062935,-0.147330239,1.108448148,-7.451106071,-80.68489075,-54.53911209,-9.366048813,6.006083965,0.23546946,-7.451106071,-80.68489075,-54.53911209,-9.366048813,6.006083965,0.23546946,-7.451106071,-80.68489075,-54.53911209,-9.366048813,6.006083965,0.23546946
21.084001,1.863553882,-1.295127153,0.789896905,-0.984782577,0.459586442,0.557743549,-0.295788467,-0.03891176,-0.320121765,-1.033451915,-0.136985898,1.113852143,-7.279222488,-80.32635498,-54.2579155,-9.288679123,6.013142586,0.229058608,-7.279222488,-80.32635498,-54.2579155,-9.288679123,6.013142586,0.229058608,-7.279222488,-80.32635498,-54.2579155,-9.288679123,6.013142586,0.229058608
21.104001,1.857351184,-1.295874834,0.783469141,-1.005773425,0.45689708,0.580118656,-0.316898882,-0.037457306,-0.322347403,-1.033385515,-0.126914859,1.118669152,-7.104879379,-79.96832275,-53.97570419,-9.206591606,6.016174793,0.222513348,-7.104879379,-79.96832275,-53.97570419,-9.206591606,6.016174793,0.222513348,-7.104879379,-79.96832275,-53.97570419,-9.206591606,6.016174793,0.222513348
21.124001,1.850732684,-1.296595812,0.776993692,-1.026758075,0.454407036,0.602585316,-0.337493539,-0.035880283,-0.324527651,-1.032734394,-0.117063425,1.122879028,-6.922703743,-79.58985901,-53.68891144,-9.119913101,6.015303612,0.21577239,-6.922703743,-79.58985901,-53.68891144,-9.119913101,6.015303612,0.21577239,-6.922703743,-79.58985901,-53.68891144,-9.119913101,6.015303612,0.21577239
21.144001,1.843706012,-1.297278643,0.770474374,-1.047719836,0.45211345,0.625126362,-0.357556581,-0.034156248,-0.326659054,-1.031745791,-0.107378021,1.12648344,-6.742615223,-79.23308563,-53.39434052,-9.028438568,6.010869026,0.208845913,-6.742615223,-79.23308563,-53.39434052,-9.028438568,6.010869026,0.208845913,-6.742615223,-79.23308563,-53.39434052,-9.028438568,6.010869026,0.208845913
21.16400101,1.836286426,-1.297927141,0.763913095,-1.068662524,0.450015366,0.647732258,-0.377093226,-0.032351449,-0.328675956,-1.03017962,-0.097802356,1.129449368,-6.562166691,-78.88511658,-53.09592438,-8.928301811,6.001680851,0.201784313,-6.562166691,-78.88511658,-53.09592438,-8.928301811,6.001680851,0.201784313,-6.562166691,-78.88511658,-53.09592438,-8.928301811,6.001680851,0.201784313
21.18400101,1.82848537,-1.298533678,0.757309854,-1.089567065,0.448108017,0.670389652,-0.396101266,-0.030449718,-0.330610543,-1.02800715,-0.088321082,1.131761074,-6.38643074,-78.52461243,-52.79084778,-8.824767113,5.988349915,0.194514528,-6.38643074,-78.52461243,-52.79084778,-8.824767113,5.988349915,0.194514528,-6.38643074,-78.52461243,-52.79084778,-8.824767113,5.988349915,0.194514528
21.20400101,1.820306659,-1.299102068,0.750670373,-1.1104182,0.44639045,0.693083286,-0.414586544,-0.028514856,-0.332336694,-1.025410771,-0.078925677,1.133415699,-6.209115505,-78.17160034,-52.48612595,-8.718964577,5.970262527,0.187124997,-6.209115505,-78.17160034,-52.48612595,-8.718964577,5.970262527,0.187124997,-6.209115505,-78.17160034,-52.48612595,-8.718964577,5.970262527,0.187124997
21.22400101,1.811765552,-1.299628496,0.743998468,-1.131208301,0.444858849,0.715801716,-0.432529747,-0.026483968,-0.334008187,-1.022347808,-0.069695242,1.134402752,-6.031955242,-77.82511139,-52.1811676,-8.607897758,5.947590351,0.17953226,-6.031955242,-77.82511139,-52.1811676,-8.607897758,5.947590351,0.17953226,-6.031955242,-77.82511139,-52.1811676,-8.607897758,5.947590351,0.17953226
21.24400101,1.802873492,-1.300109148,0.737290323,-1.151925921,0.443510354,0.738537312,-0.449948758,-0.024389215,-0.33558014,-1.018903136,-0.060642999,1.134713411,-5.859335423,-77.49293518,-51.86906815,-8.493796349,5.920466423,0.171735615,-5.859335423,-77.49293518,-51.86906815,-8.493796349,5.920466423,0.171735615,-5.859335423,-77.49293518,-51.86906815,-8.493796349,5.920466423,0.171735615
21.26400101,1.79363811,-1.300551653,0.730549753,-1.172571063,0.442341149,0.761267185,-0.466849536,-0.022273932,-0.336983651,-1.015025496,-0.051767766,1.134324312,-5.688502312,-77.13587189,-51.5517807,-8.371793747,5.888930321,0.163795337,-5.688502312,-77.13587189,-51.5517807,-8.371793747,5.888930321,0.163795337,-5.688502312,-77.13587189,-51.5517807,-8.371793747,5.888930321,0.163795337
21.28400101,1.784074664,-1.300952196,0.72378248,-1.193132281,0.441349328,0.783977985,-0.483201236,-0.020017738,-0.338461071,-1.010547757,-0.043120947,1.133227944,-5.525091171,-76.77313232,-51.23404312,-8.244056702,5.852400303,0.15576385,-5.525091171,-76.77313232,-51.23404312,-8.244056702,5.852400303,0.15576385,-5.525091171,-76.77313232,-51.23404312,-8.244056702,5.852400303,0.15576385
21.30400101,1.774183154,-1.301306963,0.716982782,-1.213590503,0.440526307,0.806658268,-0.49902311,-0.017703956,-0.339867383,-1.005460501,-0.034688566,1.131407857,-5.354727268,-76.41291046,-50.90289307,-8.11355114,5.812315941,0.147579014,-5.354727268,-76.41291046,-50.90289307,-8.11355114,5.812315941,0.147579014,-5.354727268,-76.41291046,-50.90289307,-8.11355114,5.812315941,0.147579014
21.32400101,1.763982654,-1.301612139,0.710152566,-1.233941913,0.43987304,0.829292774,-0.514301181,-0.015377339,-0.341082186,-0.999965727,-0.026444035,1.128864765,-5.189914703,-76.04666138,-50.56632996,-7.97759676,5.766987801,0.139255553,-5.189914703,-76.04666138,-50.56632996,-7.97759676,5.766987801,0.139255553,-5.189914703,-76.04666138,-50.56632996,-7.97759676,5.766987801,0.139255553
21.34400101,1.753484607,-1.301863909,0.70330137,-1.254175067,0.439381897,0.851866245,-0.529043436,-0.013057683,-0.342091739,-0.994010985,-0.018439235,1.125587225,-5.031981468,-75.71689606,-50.22837067,-7.837615967,5.717699528,0.130840033,-5.031981468,-75.71689606,-50.22837067,-7.837615967,5.717699528,0.130840033,-5.031981468,-75.71689606,-50.22837067,-7.837615967,5.717699528,0.130840033
21.36400101,1.742700458,-1.302077532,0.696429193,-1.274282336,0.439048111,0.874361515,-0.543266535,-0.010730386,-0.342977375,-0.987458467,-0.010737738,1.1215626,-4.877346992,-75.34350586,-49.88857269,-7.691590786,5.664785385,0.122322805,-4.877346992,-75.34350586,-49.88857269,-7.691590786,5.664785385,0.122322805,-4.877346992,-75.34350586,-49.88857269,-7.691590786,5.664785385,0.122322805
21.38400102,1.731637836,-1.302241564,0.689537942,-1.294244647,0.438865006,0.896770954,-0.55694896,-0.008309155,-0.343850374,-0.980512559,-0.003325334,1.116804004,-4.727814674,-74.97879791,-49.54372025,-7.545170307,5.608273029,0.113650218,-4.727814674,-74.97879791,-49.54372025,-7.545170307,5.608273029,0.113650218,-4.727814674,-74.97879791,-49.54372025,-7.545170307,5.608273029,0.113650218
21.40400102,1.720308185,-1.30235219,0.682631433,-1.314069629,0.438830674,0.919073582,-0.570112228,-0.005871687,-0.344588071,-0.973155677,0.003798293,1.111297011,-4.584082603,-74.61646271,-49.198246,-7.391484737,5.547929764,0.104923956,-4.584082603,-74.61646271,-49.198246,-7.391484737,5.547929764,0.104923956,-4.584082603,-74.61646271,-49.198246,-7.391484737,5.547929764,0.104923956
21.42400102,1.708722949,-1.302413225,0.675707757,-1.333726764,0.438934624,0.941256046,-0.582758486,-0.003433936,-0.345196158,-0.965216696,0.010658448,1.105024695,-4.447227478,-74.26964569,-48.8444252,-7.237201214,5.485120296,0.096074581,-4.447227478,-74.26964569,-48.8444252,-7.237201214,5.485120296,0.096074581,-4.447227478,-74.26964569,-48.8444252,-7.237201214,5.485120296,0.096074581
21.44400102,1.696885943,-1.302428484,0.668774545,-1.353227496,0.439175904,0.963299274,-0.594884217,-0.000997505,-0.345651478,-0.956923723,0.017250737,1.097999454,-4.306985855,-73.90531921,-48.49554062,-7.075751781,5.418601513,0.087188974,-4.306985855,-73.90531921,-48.49554062,-7.075751781,5.418601513,0.087188974,-4.306985855,-73.90531921,-48.49554062,-7.075751781,5.418601513,0.087188974
21.46400102,1.684812427,-1.302390337,0.661827981,-1.372545123,0.439544976,0.985195637,-0.606471837,0.001481795,-0.34606126,-0.948041081,0.023591127,1.090205312,-4.172879219,-73.54323578,-48.1366806,-6.914324284,5.349493504,0.078198388,-4.172879219,-73.54323578,-48.1366806,-6.914324284,5.349493504,0.078198388,-4.172879219,-73.54323578,-48.1366806,-6.914324284,5.349493504,0.078198388
21.48400102,1.672513843,-1.302302599,0.654873788,-1.391679645,0.440038979,1.006925702,-0.617530882,0.003984127,-0.346362144,-0.938814163,0.029696608,1.081653476,-4.046172142,-73.19992828,-47.7780838,-6.748499393,5.277379036,0.069166914,-4.046172142,-73.19992828,-47.7780838,-6.748499393,5.277379036,0.069166914,-4.046172142,-73.19992828,-47.7780838,-6.748499393,5.277379036,0.069166914
21.50400102,1.66000545,-1.30216527,0.647911966,-1.410623431,0.440653145,1.028478742,-0.62808764,0.006417237,-0.346412003,-0.92917043,0.035557363,1.072328925,-3.927592039,-72.85240936,-47.41581345,-6.57826519,5.201951981,0.059981219,-3.927592039,-72.85240936,-47.41581345,-6.57826519,5.201951981,0.059981219,-3.927592039,-72.85240936,-47.41581345,-6.57826519,5.201951981,0.059981219
21.52400102,1.64728725,-1.30197835,0.640950143,-1.429365039,0.441380799,1.049829602,-0.638164461,0.008834245,-0.346356332,-0.918958008,0.041095313,1.062222362,-3.814089298,-72.50545502,-47.0568428,-6.404504299,5.124057293,0.050804097,-3.814089298,-72.50545502,-47.0568428,-6.404504299,5.124057293,0.050804097,-3.814089298,-72.50545502,-47.0568428,-6.404504299,5.124057293,0.050804097
21.54400102,1.634378314,-1.301738024,0.633988321,-1.447893023,0.442216218,1.070970654,-0.647741497,0.011300962,-0.346301466,-0.908334851,0.046293616,1.051358819,-3.707909584,-72.16860962,-46.69568253,-6.231500149,5.043647289,0.041633319,-3.707909584,-72.16860962,-46.69568253,-6.231500149,5.043647289,0.041633319,-3.707909584,-72.16860962,-46.69568253,-6.231500149,5.043647289,0.041633319
21.56400102,1.621290088,-1.301455736,0.627026498,-1.466195941,0.443153679,1.09187901,-0.656848967,0.013733831,-0.346097648,-0.897451282,0.05113893,1.03974247,-3.609979153,-71.82081604,-46.33336258,-6.056223392,4.960823536,0.032416873,-3.609979153,-71.82081604,-46.33336258,-6.056223392,4.960823536,0.032416873,-3.609979153,-71.82081604,-46.33336258,-6.056223392,4.960823536,0.032416873
21.58400103,1.608014941,-1.301123857,0.620064676,-1.484273791,0.444184601,1.11254704,-0.665502489,0.016128892,-0.345748276,-0.886228383,0.055650786,1.027372241,-3.510249138,-71.48135376,-45.96719742,-5.876739025,4.876324654,0.023224363,-3.510249138,-71.48135376,-45.96719742,-5.876739025,4.876324654,0.023224363,-3.510249138,-71.48135376,-45.96719742,-5.876739025,4.876324654,0.023224363
21.60400103,1.594579577,-1.300734758,0.613114297,-1.502118945,0.445302308,1.13295567,-0.673675716,0.018504946,-0.345294297,-0.874499798,0.059908278,1.014235735,-3.419133425,-71.17057037,-45.60608673,-5.694333076,4.790327549,0.014012692,-3.419133425,-71.17057037,-45.60608673,-5.694333076,4.790327549,0.014012692,-3.419133425,-71.17057037,-45.60608673,-5.694333076,4.790327549,0.014012692
21.62400103,1.580991626,-1.300303698,0.606173456,-1.519716144,0.446502984,1.153093457,-0.681420505,0.020825535,-0.344746262,-0.862275004,0.063799314,1.000339985,-3.337486267,-70.85861206,-45.24972153,-5.511348724,4.702777386,0.004794833,-3.337486267,-70.85861206,-45.24972153,-5.511348724,4.702777386,0.004794833,-3.337486267,-70.85861206,-45.24972153,-5.511348724,4.702777386,0.004794833
21.64400103,1.567251086,-1.299830675,0.599240243,-1.537057757,0.447777092,1.172945142,-0.688738286,0.023117788,-0.344130367,-0.849657416,0.067354344,0.985698044,-3.255739212,-70.53670502,-44.88831329,-5.328914165,4.614085197,-0.004479566,-3.255739212,-70.53670502,-44.88831329,-5.328914165,4.614085197,-0.004479566,-3.255739212,-70.53670502,-44.88831329,-5.328914165,4.614085197,-0.004479566
21.66400103,1.553357959,-1.299308062,0.59232229,-1.554147601,0.44912082,1.192491651,-0.695607722,0.025354775,-0.343398035,-0.836673141,0.070620716,0.970312059,-3.165549755,-70.23886108,-44.53225708,-5.143264771,4.524048328,-0.013678872,-3.165549755,-70.23886108,-44.53225708,-5.143264771,4.524048328,-0.013678872,-3.165549755,-70.23886108,-44.53225708,-5.143264771,4.524048328,-0.013678872
21.68400103,1.539342761,-1.298743486,0.585415781,-1.570966601,0.450525582,1.211717725,-0.702001095,0.027539449,-0.342576742,-0.823153138,0.073617421,0.954176784,-3.085722923,-69.93978119,-44.17653275,-4.955928326,4.433066845,-0.0228428,-3.085722923,-69.93978119,-44.17653275,-4.955928326,4.433066845,-0.0228428,-3.085722923,-69.93978119,-44.17653275,-4.955928326,4.433066845,-0.0228428
21.70400103,1.525194049,-1.29812932,0.57852453,-1.587503314,0.451987565,1.23061192,-0.70793575,0.02969183,-0.341662705,-0.809469402,0.076337725,0.937326074,-2.999452353,-69.67827606,-43.81863403,-4.772581577,4.34089756,-0.031960621,-2.999452353,-69.67827606,-43.81863403,-4.772581577,4.34089756,-0.031960621,-2.999452353,-69.67827606,-43.81863403,-4.772581577,4.34089756,-0.031960621
21.72400103,1.510938525,-1.297473192,0.571652353,-1.603757739,0.453502953,1.249162793,-0.713420153,0.031709787,-0.340505362,-0.795543075,0.078717366,0.919759452,-2.924650192,-69.40532684,-43.46717834,-4.588676929,4.246967316,-0.041067488,-2.924650192,-69.40532684,-43.46717834,-4.588676929,4.246967316,-0.041067488,-2.924650192,-69.40532684,-43.46717834,-4.588676929,4.246967316,-0.041067488
21.74400103,1.49657619,-1.296778917,0.564806879,-1.619729877,0.455058396,1.26735127,-0.718482673,0.033640072,-0.339250386,-0.781288087,0.080703996,0.901481986,-2.852116108,-69.14675903,-43.12443924,-4.399287701,4.153430462,-0.050138853,-2.852116108,-69.14675903,-43.12443924,-4.399287701,4.153430462,-0.050138853,-2.852116108,-69.14675903,-43.12443924,-4.399287701,4.153430462,-0.050138853
21.76400103,1.482122302,-1.296046495,0.557984293,-1.635408282,0.456651032,1.285162091,-0.723125815,0.03551219,-0.338001966,-0.766453207,0.08234378,0.882490396,-2.784907818,-68.89752197,-42.785923,-4.211437702,4.059589863,-0.059086874,-2.784907818,-68.89752197,-42.785923,-4.211437702,4.059589863,-0.059086874,-2.784907818,-68.89752197,-42.785923,-4.211437702,4.059589863,-0.059086874
21.78400103,1.467576861,-1.295275927,0.55118078,-1.650777698,0.458272278,1.302587628,-0.727355301,0.037300292,-0.336686373,-0.751310647,0.083619528,0.862811983,-2.718869448,-68.66349792,-42.44366837,-4.028027058,3.965686321,-0.068002403,-2.718869448,-68.66349792,-42.44366837,-4.028027058,3.965686321,-0.068002403,-2.718869448,-68.66349792,-42.44366837,-4.028027058,3.965686321,-0.068002403
21.80400104,1.452955127,-1.29447484,0.544407785,-1.665838122,0.459913552,1.319608808,-0.731205881,0.038970143,-0.335236967,-0.736062884,0.084564395,0.842470646,-2.660324574,-68.43338776,-42.10949326,-3.844569683,3.872771263,-0.07685969,-2.660324574,-68.43338776,-42.10949326,-3.844569683,3.872771263,-0.07685969,-2.660324574,-68.43338776,-42.10949326,-3.844569683,3.872771263,-0.07685969
21.82400104,1.438257098,-1.293639421,0.537661493,-1.680581927,0.461572945,1.336217999,-0.734671414,0.040599026,-0.333797872,-0.720651746,0.08523532,0.821472049,-2.601670027,-68.2060318,-41.77877426,-3.662891626,3.779640675,-0.085678689,-2.601670027,-68.2060318,-41.77877426,-3.662891626,3.779640675,-0.085678689,-2.601670027,-68.2060318,-41.77877426,-3.662891626,3.779640675,-0.085678689
21.84400104,1.423490405,-1.29276967,0.530943811,-1.695009112,0.463243783,1.352396131,-0.737755656,0.042125329,-0.33227846,-0.705041409,0.085598513,0.799821854,-2.54320097,-68.00144958,-41.44864655,-3.478393078,3.68636322,-0.094361171,-2.54320097,-68.00144958,-41.44864655,-3.478393078,3.68636322,-0.094361171,-2.54320097,-68.00144958,-41.44864655,-3.478393078,3.68636322,-0.094361171
21.86400104,1.408674121,-1.291873217,0.524254739,-1.709112048,0.464917481,1.368131757,-0.740477681,0.043561693,-0.330723614,-0.68916291,0.085665092,0.777534723,-2.492237091,-67.79820251,-41.12172318,-3.29728651,3.593590975,-0.102977455,-2.492237091,-67.79820251,-41.12172318,-3.29728651,3.593590975,-0.102977455,-2.492237091,-67.79820251,-41.12172318,-3.29728651,3.593590975,-0.102977455
21.88400104,1.393808246,-1.290953875,0.517596185,-1.722890735,0.466588318,1.383413434,-0.742853224,0.044892889,-0.329103768,-0.672996998,0.085452974,0.754619539,-2.445203781,-67.60467529,-40.79401398,-3.113495827,3.501257896,-0.111476347,-2.445203781,-67.60467529,-40.79401398,-3.113495827,3.501257896,-0.111476347,-2.445203781,-67.60467529,-40.79401398,-3.113495827,3.501257896,-0.111476347
21.90400104,1.378896594,-1.29000783,0.510971963,-1.736337543,0.46825248,1.398225904,-0.74491626,0.046059854,-0.32734111,-0.656385422,0.084957175,0.731077552,-2.397904873,-67.41104126,-40.47292709,-2.931820869,3.409089804,-0.119802803,-2.397904873,-67.41104126,-40.47292709,-2.931820869,3.409089804,-0.119802803,-2.397904873,-67.41104126,-40.47292709,-2.931820869,3.409089804,-0.119802803
21.92400104,1.36395061,-1.289035082,0.504383981,-1.749441028,0.46990329,1.412561536,-0.746657133,0.047134072,-0.325574219,-0.639498651,0.084125951,0.706943691,-2.355505228,-67.24703217,-40.15890503,-2.754983425,3.317277431,-0.128078863,-2.355505228,-67.24703217,-40.15890503,-2.754983425,3.317277431,-0.128078863,-2.355505228,-67.24703217,-40.15890503,-2.754983425,3.317277431,-0.128078863
21.94400104,1.348966479,-1.288047075,0.497832239,-1.76220119,0.471534073,1.426408887,-0.748110414,0.048023369,-0.323644221,-0.622447133,0.082926393,0.682235301,-2.306684971,-67.08561707,-39.84737396,-2.58016777,3.226459265,-0.136245504,-2.306684971,-67.08561707,-39.84737396,-2.58016777,3.226459265,-0.136245504,-2.306684971,-67.08561707,-39.84737396,-2.58016777,3.226459265,-0.136245504
21.96400104,1.333955646,-1.287039995,0.491316736,-1.7746104,0.473136246,1.439745069,-0.749252737,0.048801731,-0.321678311,-0.605270624,0.081400894,0.656975925,-2.257248878,-66.92627716,-39.53977966,-2.40941143,3.136986017,-0.144121319,-2.257248878,-66.92627716,-39.53977966,-2.40941143,3.136986017,-0.144121319,-2.257248878,-66.92627716,-39.53977966,-2.40941143,3.136986017,-0.144121319
21.98400104,1.318933368,-1.286017656,0.484841287,-1.786668658,0.474704087,1.45257771,-0.750086129,0.049421247,-0.319584906,-0.58807981,0.079556048,0.631194055,-2.212802172,-66.7935791,-39.23920822,-2.240009069,3.048853874,-0.152046576,-2.212802172,-66.7935791,-39.23920822,-2.240009069,3.048853874,-0.152046576,-2.212802172,-66.7935791,-39.23920822,-2.240009069,3.048853874,-0.152046576
22.00400105,1.303895831,-1.284987688,0.478404939,-1.798379779,0.476231873,1.464880109,-0.750638485,0.049935281,-0.317498088,-0.570748329,0.077420525,0.604896426,-2.166559219,-66.65474701,-38.94133759,-2.069501877,2.96202445,-0.159705713,-2.166559219,-66.65474701,-38.94133759,-2.069501877,2.96202445,-0.159705713,-2.166559219,-66.65474701,-38.94133759,-2.069501877,2.96202445,-0.159705713
22.02400105,1.288850665,-1.28395009,0.472011507,-1.809728503,0.477713883,1.47664845,-0.750896394,0.050307352,-0.315368801,-0.5530985,0.075037576,0.578094482,-2.120878696,-66.51826477,-38.64927292,-1.903963327,2.876655579,-0.16718711,-2.120878696,-66.51826477,-38.64927292,-1.903963327,2.876655579,-0.16718711,-2.120878696,-66.51826477,-38.64927292,-1.903963327,2.876655579,-0.16718711
22.04400105,1.273805499,-1.282908678,0.465658128,-1.820726275,0.479146302,1.487878919,-0.750858784,0.050650977,-0.313388407,-0.535320818,0.072421029,0.55082643,-2.078061581,-66.38951111,-38.35694885,-1.738713503,2.792304039,-0.174582809,-2.078061581,-66.38951111,-38.35694885,-1.738713503,2.792304039,-0.174582809,-2.078061581,-66.38951111,-38.35694885,-1.738713503,2.792304039,-0.174582809
22.06400105,1.258760333,-1.281852007,0.459344804,-1.831350207,0.480522454,1.498556256,-0.750571907,0.050762404,-0.311185807,-0.517360806,0.069552012,0.523087263,-2.03178215,-66.3115387,-38.06675339,-1.580919147,2.709113121,-0.181844413,-2.03178215,-66.3115387,-38.06675339,-1.580919147,2.709113121,-0.181844413,-2.03178215,-66.3115387,-38.06675339,-1.580919147,2.709113121,-0.181844413
22.08400105,1.243726611,-1.280802965,0.453079164,-1.841615558,0.481837571,1.508669019,-0.750039518,0.050647512,-0.308777958,-0.499515265,0.066356406,0.494924337,-1.987901926,-66.20079803,-37.79056931,-1.423601508,2.627296686,-0.188883379,-1.987901926,-66.20079803,-37.79056931,-1.423601508,2.627296686,-0.188883379,-1.987901926,-66.20079803,-37.79056931,-1.423601508,2.627296686,-0.188883379
22.10400105,1.228704333,-1.279761553,0.4468593,-1.851514697,0.48308593,1.518209577,-0.749248385,0.050482173,-0.306556314,-0.481344044,0.062893875,0.466346234,-1.942489743,-66.08535004,-37.51711655,-1.269171357,2.5470438,-0.195702821,-1.942489743,-66.08535004,-37.51711655,-1.269171357,2.5470438,-0.195702821,-1.942489743,-66.08535004,-37.51711655,-1.269171357,2.5470438,-0.195702821
22.12400105,1.213701129,-1.278723955,0.440681398,-1.861039996,0.484260857,1.52717793,-0.748178959,0.050251767,-0.304423034,-0.463219732,0.059181198,0.437397063,-1.895160079,-65.99108124,-37.23992538,-1.12042892,2.468482971,-0.202427983,-1.895160079,-65.99108124,-37.23992538,-1.12042892,2.468482971,-0.202427983,-1.895160079,-65.99108124,-37.23992538,-1.12042892,2.468482971,-0.202427983
22.14400105,1.198724627,-1.277686357,0.434547365,-1.870199084,0.485358536,1.535566449,-0.746897697,0.049793854,-0.302089542,-0.445173532,0.055209823,0.408083469,-1.851309538,-65.9331665,-36.96865082,-0.974255264,2.391350031,-0.209048629,-1.851309538,-65.9331665,-36.96865082,-0.974255264,2.391350031,-0.209048629,-1.851309538,-65.9331665,-36.96865082,-0.974255264,2.391350031,-0.209048629
22.16400105,1.183771014,-1.276664019,0.428463876,-1.878999591,0.486373246,1.543356061,-0.745402277,0.049118791,-0.299631238,-0.426865548,0.050991915,0.378398985,-1.806477308,-65.86120605,-36.70687485,-0.825169683,2.316136122,-0.215425566,-1.806477308,-65.86120605,-36.70687485,-0.825169683,2.316136122,-0.215425566,-1.806477308,-65.86120605,-36.70687485,-0.825169683,2.316136122,-0.215425566
22.18400105,1.168855548,-1.275660753,0.422428071,-1.887418628,0.487302125,1.55055058,-0.743702829,0.048259683,-0.297137648,-0.408334494,0.046511643,0.348381937,-1.764191389,-65.79101563,-36.45127106,-0.686659157,2.242405415,-0.221660286,-1.764191389,-65.79101563,-36.45127106,-0.686659157,2.242405415,-0.221660286,-1.764191389,-65.79101563,-36.45127106,-0.686659157,2.242405415,-0.221660286
22.20400105,1.153978229,-1.274668932,0.416441858,-1.895456195,0.48813659,1.557150006,-0.741827667,0.047272999,-0.294681966,-0.390011609,0.041740797,0.318081647,-1.723820567,-65.73891449,-36.20122147,-0.555333555,2.171080351,-0.227795586,-1.723820567,-65.73891449,-36.20122147,-0.555333555,2.171080351,-0.227795586,-1.723820567,-65.73891449,-36.20122147,-0.555333555,2.171080351,-0.227795586
22.22400106,1.139139056,-1.273707628,0.410506189,-1.90313518,0.488871872,1.563135266,-0.739783466,0.046185751,-0.292333305,-0.371878266,0.036717847,0.287512094,-1.681429148,-65.67385101,-35.95592499,-0.421416163,2.102149963,-0.233798325,-1.681429148,-65.67385101,-35.95592499,-0.421416163,2.102149963,-0.233798325,-1.681429148,-65.67385101,-35.95592499,-0.421416163,2.102149963,-0.233798325
22.24400106,1.124341846,-1.272765398,0.404613435,-1.910432696,0.489505112,1.568498731,-0.737552524,0.044985466,-0.290059239,-0.353706837,0.031568933,0.256685793,-1.634091139,-65.63870239,-35.70516205,-0.294914097,2.035274982,-0.239444911,-1.634091139,-65.63870239,-35.70516205,-0.294914097,2.035274982,-0.239444911,-1.634091139,-65.63870239,-35.70516205,-0.294914097,2.035274982,-0.239444911
22.26400106,1.109590411,-1.271849871,0.398769319,-1.917367816,0.490032494,1.573236585,-0.735162735,0.043523662,-0.287574232,-0.335603207,0.026265288,0.225629985,-1.589303017,-65.58589172,-35.46237564,-0.167374313,1.969746113,-0.244810671,-1.589303017,-65.58589172,-35.46237564,-0.167374313,1.969746113,-0.244810671,-1.589303017,-65.58589172,-35.46237564,-0.167374313,1.969746113,-0.244810671
22.28400106,1.094888568,-1.27097249,0.392976701,-1.923940539,0.490451157,1.577360272,-0.732616723,0.041940566,-0.285190612,-0.31729871,0.020817382,0.194362149,-1.544101834,-65.52412415,-35.22449493,-0.043361187,1.905989647,-0.250117689,-1.544101834,-65.52412415,-35.22449493,-0.043361187,1.905989647,-0.250117689,-1.544101834,-65.52412415,-35.22449493,-0.043361187,1.905989647,-0.250117689
22.30400106,1.080243945,-1.270121813,0.387227952,-1.930139422,0.490760148,1.580846906,-0.729914606,0.040203366,-0.282818049,-0.298905075,0.015202816,0.162906438,-1.499701738,-65.49572754,-34.98187637,0.075068176,1.842847347,-0.255135775,-1.499701738,-65.49572754,-34.98187637,0.075068176,1.842847347,-0.255135775,-1.499701738,-65.49572754,-34.98187637,0.075068176,1.842847347,-0.255135775
22.32400106,1.065648913,-1.269313097,0.381530702,-1.935956836,0.490953743,1.583707929,-0.727082431,0.03825802,-0.280342221,-0.280709386,0.009343642,0.131311566,-1.452164054,-65.44290161,-34.7481041,0.183596909,1.781420231,-0.260027558,-1.452164054,-65.44290161,-34.7481041,0.183596909,1.781420231,-0.260027558,-1.452164054,-65.44290161,-34.7481041,0.183596909,1.781420231,-0.260027558
22.34400106,1.051118731,-1.268546343,0.375881135,-1.941415668,0.491025269,1.585931897,-0.7241171,0.036202218,-0.277921766,-0.262959123,0.003247321,0.099624276,-1.407194734,-65.38850403,-34.51403809,0.293121934,1.722271562,-0.264616996,-1.407194734,-65.38850403,-34.51403809,0.293121934,1.722271562,-0.264616996,-1.407194734,-65.38850403,-34.51403809,0.293121934,1.722271562,-0.264616996
22.36400106,1.036638141,-1.267825365,0.370282114,-1.946512103,0.490972817,1.587518811,-0.720997632,0.034027848,-0.275582045,-0.245127216,-0.002985688,0.067831606,-1.355151534,-65.34326935,-34.28248978,0.400537401,1.664909482,-0.269029558,-1.355151534,-65.34326935,-34.28248978,0.400537401,1.664909482,-0.269029558,-1.355151534,-65.34326935,-34.28248978,0.400537401,1.664909482,-0.269029558
22.38400106,1.022230029,-1.267146349,0.364729822,-1.951246142,0.490793526,1.588472486,-0.717730224,0.0316808,-0.273194581,-0.227419481,-0.009383044,0.035968993,-1.309412718,-65.29959106,-34.05102539,0.502191722,1.609097719,-0.273287147,-1.309412718,-65.29959106,-34.05102539,0.502191722,1.609097719,-0.273287147,-1.309412718,-65.29959106,-34.05102539,0.502191722,1.609097719,-0.273287147
22.40400106,1.007890582,-1.266516924,0.359227121,-1.9556216,0.490484536,1.588781476,-0.714378357,0.029151194,-0.270771384,-0.209695876,-0.015932145,0.004054659,-1.266080737,-65.25292969,-33.82169342,0.601534128,1.555023432,-0.27717042,-1.266080737,-65.25292969,-33.82169342,0.601534128,1.555023432,-0.27717042,-1.266080737,-65.25292969,-33.82169342,0.601534128,1.555023432,-0.27717042
22.42400107,0.993615031,-1.265944719,0.353773057,-1.959642291,0.490041077,1.588453412,-0.710933149,0.02645326,-0.268322974,-0.1921563,-0.022654027,-0.027868526,-1.220296025,-65.1988678,-33.59630585,0.69669795,1.503265977,-0.280921131,-1.220296025,-65.1988678,-33.59630585,0.69669795,1.503265977,-0.280921131,-1.220296025,-65.1988678,-33.59630585,0.69669795,1.503265977,-0.280921131
22.44400107,0.979409099,-1.26542592,0.348368585,-1.9633044,0.489462197,1.587484479,-0.707377076,0.023627155,-0.265920877,-0.174710587,-0.029476672,-0.059778493,-1.173298955,-65.13821411,-33.37245178,0.785407543,1.453122854,-0.28442049,-1.173298955,-65.13821411,-33.37245178,0.785407543,1.453122854,-0.28442049,-1.173298955,-65.13821411,-33.37245178,0.785407543,1.453122854,-0.28442049
22.46400107,0.965275645,-1.264968157,0.343011796,-1.966619372,0.488745034,1.585878491,-0.703719497,0.020680822,-0.263578385,-0.157381728,-0.036408756,-0.091646746,-1.127902269,-65.08182526,-33.14812088,0.872113347,1.404515982,-0.287715256,-1.127902269,-65.08182526,-33.14812088,0.872113347,1.404515982,-0.287715256,-1.127902269,-65.08182526,-33.14812088,0.872113347,1.404515982,-0.287715256
22.48400107,0.951218486,-1.264567614,0.337702692,-1.969583392,0.487886727,1.583635449,-0.699998796,0.017554063,-0.261172414,-0.140297785,-0.043471854,-0.123439752,-1.085567474,-65.02112579,-32.92527008,0.953885972,1.35789001,-0.290730745,-1.085567474,-65.02112579,-32.92527008,0.953885972,1.35789001,-0.290730745,-1.085567474,-65.02112579,-32.92527008,0.953885972,1.35789001,-0.290730745
22.50400107,0.93723762,-1.264235735,0.332444131,-1.972204089,0.486885369,1.580755353,-0.696235776,0.014246524,-0.258725524,-0.123379372,-0.050647013,-0.155136019,-1.044219732,-64.95043182,-32.7079277,1.032235265,1.313161016,-0.293553799,-1.044219732,-64.95043182,-32.7079277,1.032235265,1.313161016,-0.293553799,-1.044219732,-64.95043182,-32.7079277,1.032235265,1.313161016,-0.293553799
22.52400107,0.923333049,-1.263972521,0.327233255,-1.974481463,0.485740006,1.577245831,-0.692414403,0.010882138,-0.256458193,-0.106679283,-0.057912152,-0.186696276,-1.003326774,-64.87434387,-32.48818207,1.105361223,1.270011544,-0.296152353,-1.003326774,-64.87434387,-32.48818207,1.105361223,1.270011544,-0.296152353,-1.003326774,-64.87434387,-32.48818207,1.105361223,1.270011544,-0.296152353
22.54400107,0.909504771,-1.263777971,0.322069108,-1.976423144,0.484447777,1.573106885,-0.688552022,0.007392738,-0.254220009,-0.09027341,-0.065251991,-0.218101919,-0.961492658,-64.79943848,-32.26719666,1.175695658,1.228676796,-0.298597157,-0.961492658,-64.79943848,-32.26719666,1.175695658,1.228676796,-0.298597157,-0.961492658,-64.79943848,-32.26719666,1.175695658,1.228676796,-0.298597157
22.56400107,0.895752788,-1.263659716,0.316950738,-1.978029132,0.483006775,1.568338513,-0.684644222,0.003784381,-0.252008229,-0.074201785,-0.072654329,-0.24931936,-0.917731524,-64.70349121,-32.04494476,1.241015911,1.188982964,-0.300721228,-0.917731524,-64.70349121,-32.04494476,1.241015911,1.188982964,-0.300721228,-0.917731524,-64.70349121,-32.04494476,1.241015911,1.188982964,-0.300721228
22.58400107,0.882077098,-1.263617754,0.311877191,-1.979322314,0.481416047,1.562948346,-0.680667639,8.96E-05,-0.249877885,-0.058294892,-0.080060974,-0.280333936,-0.872150064,-64.59856415,-31.82039452,1.307780504,1.150870085,-0.302691519,-0.872150064,-64.59856415,-31.82039452,1.307780504,1.150870085,-0.302691519,-0.872150064,-64.59856415,-31.82039452,1.307780504,1.150870085,-0.302691519
22.60400107,0.868481517,-1.263652086,0.306848466,-1.980283618,0.479679406,1.556940198,-0.676621318,-0.003743994,-0.247705087,-0.042526763,-0.087460518,-0.311126679,-0.827918649,-64.49061584,-31.59368706,1.365234375,1.113260508,-0.304378778,-0.827918649,-64.49061584,-31.59368706,1.365234375,1.113260508,-0.304378778,-0.827918649,-64.49061584,-31.59368706,1.365234375,1.113260508,-0.304378778
22.62400107,0.854967952,-1.263762712,0.301864564,-1.980932117,0.477791131,1.550317883,-0.67253828,-0.007749943,-0.245434105,-0.026990077,-0.094933257,-0.341662377,-0.785502195,-64.38508606,-31.36758614,1.423316717,1.077195525,-0.305826217,-0.785502195,-64.38508606,-31.36758614,1.423316717,1.077195525,-0.305826217,-0.785502195,-64.38508606,-31.36758614,1.423316717,1.077195525,-0.305826217
22.64400108,0.84153831,-1.263953447,0.296930254,-1.98126781,0.475752175,1.543089032,-0.668440402,-0.011949598,-0.243049517,-0.011683162,-0.102504276,-0.371914685,-0.743716359,-64.27281189,-31.14922333,1.475248814,1.042590737,-0.307064712,-0.743716359,-64.27281189,-31.14922333,1.475248814,1.042590737,-0.307064712,-0.743716359,-64.27281189,-31.14922333,1.475248814,1.042590737,-0.307064712
22.66400108,0.82818687,-1.264228106,0.292043626,-1.981290698,0.473558724,1.535261273,-0.664333522,-0.016280392,-0.240685448,0.00332417,-0.110177584,-0.401849955,-0.700079799,-64.15170288,-30.9333992,1.520812988,1.010310769,-0.308062166,-0.700079799,-64.15170288,-30.9333992,1.520812988,1.010310769,-0.308062166,-0.700079799,-64.15170288,-30.9333992,1.520812988,1.010310769,-0.308062166
22.68400108,0.81492126,-1.264601946,0.287204683,-1.981019855,0.471212685,1.526838422,-0.660181224,-0.020602927,-0.238595635,0.018021889,-0.117899634,-0.431434333,-0.660972595,-63.9921608,-30.71673775,1.566999435,0.979615271,-0.308897376,-0.660972595,-63.9921608,-30.71673775,1.566999435,0.979615271,-0.308897376,-0.660972595,-63.9921608,-30.71673775,1.566999435,0.979615271,-0.308897376
22.70400108,0.801739573,-1.265055895,0.282403886,-1.980459094,0.468712151,1.517824292,-0.655991197,-0.024910649,-0.236770272,0.032571286,-0.125596613,-0.460653454,-0.622429252,-63.85305786,-30.48677826,1.609622836,0.950426936,-0.309400618,-0.622429252,-63.85305786,-30.48677826,1.609622836,0.950426936,-0.309400618,-0.622429252,-63.85305786,-30.48677826,1.609622836,0.950426936,-0.309400618
22.72400108,0.788637996,-1.265593767,0.277645051,-1.979600787,0.466057122,1.508230329,-0.651824653,-0.029485168,-0.23465021,0.046914805,-0.133233473,-0.489492089,-0.582276583,-63.7156105,-30.25979424,1.645903707,0.923103213,-0.309681803,-0.582276583,-63.7156105,-30.25979424,1.645903707,0.923103213,-0.309681803,-0.582276583,-63.7156105,-30.25979424,1.645903707,0.923103213,-0.309681803
22.74400108,0.775620341,-1.266238451,0.272931039,-1.978456378,0.463249505,1.49806416,-0.647651553,-0.034162302,-0.232524678,0.060763255,-0.140836567,-0.517895162,-0.543079376,-63.52073288,-30.03404617,1.676824927,0.897075057,-0.309744328,-0.543079376,-63.52073288,-30.03404617,1.676824927,0.897075057,-0.309744328,-0.543079376,-63.52073288,-30.03404617,1.676824927,0.897075057,-0.309744328
22.76400108,0.76268661,-1.266967058,0.268258989,-1.977041125,0.460290253,1.487333417,-0.643449426,-0.038857639,-0.230550215,0.074273482,-0.148364604,-0.545840204,-0.503730178,-63.34537888,-29.80415726,1.707928777,0.872338772,-0.309575975,-0.503730178,-63.34537888,-29.80415726,1.707928777,0.872338772,-0.309575975,-0.503730178,-63.34537888,-29.80415726,1.707928777,0.872338772,-0.309575975
22.78400108,0.749834895,-1.267802477,0.263626993,-1.975351214,0.457180321,1.476053357,-0.639235377,-0.043631412,-0.228599623,0.08739461,-0.155836672,-0.573308706,-0.465475917,-63.12677765,-29.57055092,1.734194517,0.848396957,-0.309206575,-0.465475917,-63.12677765,-29.57055092,1.734194517,0.848396957,-0.309206575,-0.465475917,-63.12677765,-29.57055092,1.734194517,0.848396957,-0.309206575
22.80400108,0.737070918,-1.268729448,0.259037912,-1.973398089,0.453919709,1.464227796,-0.635013163,-0.048459053,-0.22670649,0.100167751,-0.163237706,-0.600277603,-0.430355668,-62.91844559,-29.33483887,1.757885814,0.825660586,-0.308609575,-0.430355668,-62.91844559,-29.33483887,1.757885814,0.825660586,-0.308609575,-0.430355668,-62.91844559,-29.33483887,1.757885814,0.825660586,-0.308609575
22.82400108,0.724388957,-1.269759417,0.254486024,-1.971197009,0.450513184,1.451871991,-0.630782008,-0.053303674,-0.224941045,0.112639472,-0.170576304,-0.626724184,-0.396288633,-62.66634369,-29.09306717,1.783005476,0.803459287,-0.307860345,-0.396288633,-62.66634369,-29.09306717,1.783005476,0.803459287,-0.307860345,-0.396288633,-62.66634369,-29.09306717,1.783005476,0.803459287,-0.307860345
22.84400109,0.711792827,-1.270888567,0.249970332,-1.968744159,0.446959794,1.438993573,-0.626552045,-0.058249824,-0.223100111,0.124832973,-0.177833006,-0.652637839,-0.363292694,-62.41482544,-28.8427906,1.801747203,0.782040417,-0.306911141,-0.363292694,-62.41482544,-28.8427906,1.801747203,0.782040417,-0.306911141,-0.363292694,-62.41482544,-28.8427906,1.801747203,0.782040417,-0.306911141
22.86400109,0.699278712,-1.272113085,0.245493308,-1.966043353,0.443259537,1.425603986,-0.622327447,-0.063274682,-0.221221074,0.136713937,-0.18502751,-0.677989602,-0.331224799,-62.15154648,-28.59205818,1.816967964,0.761606574,-0.305713534,-0.331224799,-62.15154648,-28.59205818,1.816967964,0.761606574,-0.305713534,-0.331224799,-62.15154648,-28.59205818,1.816967964,0.761606574,-0.305713534
22.88400109,0.686848521,-1.273448229,0.241057292,-1.963102221,0.43941623,1.411714673,-0.618100822,-0.06833481,-0.219360486,0.148066387,-0.192181289,-0.702741981,-0.300306082,-61.85252762,-28.34078026,1.82630837,0.742149293,-0.304330647,-0.300306082,-61.85252762,-28.34078026,1.82630837,0.742149293,-0.304330647,-0.300306082,-61.85252762,-28.34078026,1.82630837,0.742149293,-0.304330647
22.90400109,0.674504161,-1.27487874,0.236657992,-1.959951282,0.435430825,1.397333264,-0.613870084,-0.073402323,-0.217574447,0.159036651,-0.199279636,-0.726881087,-0.271002054,-61.56932449,-28.08285522,1.840955138,0.723634005,-0.302701533,-0.271002054,-61.56932449,-28.08285522,1.840955138,0.723634005,-0.302701533,-0.271002054,-61.56932449,-28.08285522,1.840955138,0.723634005,-0.302701533
22.92400109,0.662243724,-1.276416063,0.23229827,-1.956575274,0.431304276,1.382486463,-0.609656453,-0.078568056,-0.215726644,0.170033112,-0.206270173,-0.750420511,-0.244517922,-61.25005722,-27.82518578,1.850134373,0.706350982,-0.300966173,-0.244517922,-61.25005722,-27.82518578,1.850134373,0.706350982,-0.300966173,-0.244517922,-61.25005722,-27.82518578,1.850134373,0.706350982,-0.300966173
22.94400109,0.65006721,-1.278056383,0.227974311,-1.952970386,0.427037537,1.367166638,-0.605441391,-0.083698593,-0.214011267,0.180581495,-0.213179886,-0.773299992,-0.217702985,-60.90564728,-27.56108856,1.849276066,0.690223813,-0.298891813,-0.217702985,-60.90564728,-27.56108856,1.849276066,0.690223813,-0.298891813,-0.217702985,-60.90564728,-27.56108856,1.849276066,0.690223813,-0.298891813
22.96400109,0.63797462,-1.279803514,0.223687068,-1.949170947,0.422635376,1.351404309,-0.601234376,-0.088829376,-0.212317482,0.190509573,-0.219978735,-0.795488238,-0.19430995,-60.54991913,-27.29265213,1.852075338,0.675032616,-0.296752691,-0.19430995,-60.54991913,-27.29265213,1.852075338,0.675032616,-0.296752691,-0.19430995,-60.54991913,-27.29265213,1.852075338,0.675032616,-0.296752691
22.98400109,0.625964046,-1.281653643,0.219435588,-1.945165515,0.418098748,1.335199475,-0.597040474,-0.093958728,-0.21065931,0.200001866,-0.226643741,-0.816977262,-0.170385242,-60.18313217,-27.02029419,1.848986506,0.660841405,-0.294279367,-0.170385242,-60.18313217,-27.02029419,1.848986506,0.660841405,-0.294279367,-0.170385242,-60.18313217,-27.02029419,1.848986506,0.660841405,-0.294279367
23.00400109,0.614039302,-1.283602953,0.215220824,-1.940969348,0.413428605,1.318578839,-0.59287107,-0.099149376,-0.208902761,0.209008306,-0.233156294,-0.83774972,-0.147625804,-59.79993439,-26.74672508,1.844575286,0.648036182,-0.291726649,-0.147625804,-59.79993439,-26.74672508,1.844575286,0.648036182,-0.291726649,-0.147625804,-59.79993439,-26.74672508,1.844575286,0.648036182,-0.291726649
23.02400109,0.602196574,-1.285659075,0.2110423,-1.93660152,0.408630669,1.301546216,-0.588713169,-0.104353189,-0.207165211,0.217761591,-0.239471078,-0.857802391,-0.126386881,-59.40275574,-26.47103882,1.842932582,0.635971606,-0.288872868,-0.126386881,-59.40275574,-26.47103882,1.842932582,0.635971606,-0.288872868,-0.126386881,-59.40275574,-26.47103882,1.842932582,0.635971606,-0.288872868
23.04400109,0.590432048,-1.287822008,0.206898108,-1.932058215,0.403707802,1.284132123,-0.584526837,-0.109457776,-0.205638736,0.226299271,-0.24557966,-0.877115726,-0.102104545,-58.98263168,-26.18702698,1.835750103,0.624423027,-0.286017418,-0.102104545,-58.98263168,-26.18702698,1.835750103,0.624423027,-0.286017418,-0.102104545,-58.98263168,-26.18702698,1.835750103,0.624423027,-0.286017418
23.0640011,0.57875526,-1.290091753,0.202786818,-1.927347064,0.39866668,1.26633656,-0.580322325,-0.114557721,-0.204107925,0.234516501,-0.251495868,-0.895681202,-0.082219243,-58.53129196,-25.89705276,1.825571775,0.612785995,-0.282932878,-0.082219243,-58.53129196,-25.89705276,1.825571775,0.612785995,-0.282932878,-0.082219243,-58.53129196,-25.89705276,1.825571775,0.612785995,-0.282932878
23.0840011,0.567160487,-1.292456865,0.198707953,-1.922468066,0.393507302,1.248174787,-0.576117992,-0.119673885,-0.20250845,0.242287636,-0.257260233,-0.913464785,-0.064275861,-58.07546234,-25.60202599,1.811465502,0.601837277,-0.279574096,-0.064275861,-58.07546234,-25.60202599,1.811465502,0.601837277,-0.279574096,-0.064275861,-58.07546234,-25.60202599,1.811465502,0.601837277,-0.279574096
23.1040011,0.555649638,-1.294924974,0.194663897,-1.91744411,0.38823539,1.22966969,-0.571902573,-0.124753147,-0.200919896,0.249446779,-0.262890726,-0.930437505,-0.046502352,-57.61377716,-25.30435944,1.796750665,0.591096759,-0.27611354,-0.046502352,-57.61377716,-25.30435944,1.796750665,0.591096759,-0.27611354,-0.046502352,-57.61377716,-25.30435944,1.796750665,0.591096759,-0.27611354
23.1240011,0.54422462,-1.297499895,0.190653697,-1.912282825,0.382851899,1.21083653,-0.567703664,-0.129840866,-0.199301466,0.256361246,-0.268369168,-0.946614981,-0.033598542,-57.1089592,-25.00409889,1.784188271,0.581186414,-0.27253437,-0.033598542,-57.1089592,-25.00409889,1.784188271,0.581186414,-0.27253437,-0.033598542,-57.1089592,-25.00409889,1.784188271,0.581186414,-0.27253437
23.1440011,0.53287971,-1.300177813,0.186674967,-1.906980395,0.377360642,1.191686749,-0.563477159,-0.134800375,-0.197872311,0.262969017,-0.273645014,-0.961971641,-0.018970966,-56.56702805,-24.69460487,1.764392138,0.572173953,-0.268715531,-0.018970966,-56.56702805,-24.69460487,1.764392138,0.572173953,-0.268715531,-0.018970966,-56.56702805,-24.69460487,1.764392138,0.572173953,-0.268715531
23.1640011,0.521622539,-1.302951097,0.182725802,-1.901548266,0.371767342,1.172243237,-0.55920279,-0.139656261,-0.196511343,0.269071966,-0.278670818,-0.976484954,-0.008943677,-56.04424286,-24.37392616,1.744555712,0.563419759,-0.264760524,-0.008943677,-56.04424286,-24.37392616,1.744555712,0.563419759,-0.264760524,-0.008943677,-56.04424286,-24.37392616,1.744555712,0.563419759,-0.264760524
23.1840011,0.510447383,-1.305827379,0.178808108,-1.895997882,0.366076767,1.152517438,-0.554939508,-0.144509703,-0.195029914,0.274628669,-0.283496708,-0.990148187,0.00069499,-55.46269608,-24.05134964,1.723106265,0.554686368,-0.260651588,0.00069499,-55.46269608,-24.05134964,1.723106265,0.554686368,-0.260651588,0.00069499,-55.46269608,-24.05134964,1.723106265,0.554686368,-0.260651588
23.2040011,0.499357492,-1.308799028,0.174921885,-1.890340686,0.360292733,1.13252461,-0.550637305,-0.149295077,-0.193538219,0.279782981,-0.28810215,-1.002956867,0.008773804,-54.88441467,-23.72272301,1.700780869,0.546026409,-0.256362289,0.008773804,-54.88441467,-23.72272301,1.700780869,0.546026409,-0.256362289,0.008773804,-54.88441467,-23.72272301,1.700780869,0.546026409,-0.256362289
23.2240011,0.488353044,-1.311866045,0.171065703,-1.884584308,0.354417145,1.112291455,-0.546303213,-0.153962642,-0.192135185,0.284699798,-0.292444199,-1.014906645,0.013581514,-54.27569962,-23.38562202,1.680057406,0.538127303,-0.25198561,0.013581514,-54.27569962,-23.38562202,1.680057406,0.538127303,-0.25198561,0.013581514,-54.27569962,-23.38562202,1.680057406,0.538127303,-0.25198561
23.2440011,0.477434427,-1.315024614,0.167241469,-1.878732562,0.348457634,1.091829419,-0.541960359,-0.158620596,-0.190592483,0.289275318,-0.296539903,-1.025994539,0.017198324,-53.66581345,-23.04631042,1.655953884,0.52998668,-0.247486457,0.017198324,-53.66581345,-23.04631042,1.655953884,0.52998668,-0.247486457,0.017198324,-53.66581345,-23.04631042,1.655953884,0.52998668,-0.247486457
23.2640011,0.466602594,-1.318282366,0.163448706,-1.872793078,0.342419922,1.071157575,-0.537560403,-0.163119733,-0.18919152,0.293576241,-0.300422698,-1.036204934,0.017527938,-52.99678421,-22.70035362,1.631687999,0.521703124,-0.242842376,0.017527938,-52.99678421,-22.70035362,1.631687999,0.521703124,-0.242842376,0.017527938,-52.99678421,-22.70035362,1.631687999,0.521703124,-0.242842376
23.28400111,0.455859452,-1.321627855,0.159684077,-1.866769671,0.33630687,1.050294995,-0.533134103,-0.167494759,-0.187815458,0.297401905,-0.304078281,-1.045526266,0.014941692,-52.33598709,-22.34417725,1.60273242,0.513672888,-0.238138929,0.014941692,-52.33598709,-22.34417725,1.60273242,0.513672888,-0.238138929,0.014941692,-52.33598709,-22.34417725,1.60273242,0.513672888,-0.238138929
23.30400111,0.445203096,-1.325057268,0.155951872,-1.860681415,0.330124199,1.029260755,-0.528710425,-0.171837017,-0.186288044,0.300769538,-0.307515353,-1.053964853,0.011287332,-51.64983368,-21.98719788,1.575198889,0.505462825,-0.233337626,0.011287332,-51.64983368,-21.98719788,1.575198889,0.505462825,-0.233337626,0.011287332,-51.64983368,-21.98719788,1.575198889,0.505462825,-0.233337626
23.32400111,0.434635431,-1.328578234,0.152249232,-1.854524493,0.323874772,1.008058667,-0.524220705,-0.175959542,-0.184950501,0.303767532,-0.310735971,-1.061504483,0.004361868,-50.9284668,-21.62003517,1.546195507,0.497581244,-0.228292182,0.004361868,-50.9284668,-21.62003517,1.546195507,0.497581244,-0.228292182,0.004361868,-50.9284668,-21.62003517,1.546195507,0.497581244,-0.228292182
23.34400111,0.424157411,-1.332175493,0.148576632,-1.848310351,0.317564309,0.98672837,-0.519709527,-0.180007651,-0.183478817,0.306203872,-0.313693851,-1.068139076,-0.003815293,-50.21390152,-21.24768829,1.515553236,0.48990345,-0.223338574,-0.003815293,-50.21390152,-21.24768829,1.515553236,0.48990345,-0.223338574,-0.003815293,-50.21390152,-21.24768829,1.515553236,0.48990345,-0.223338574
23.36400111,0.413767129,-1.335849047,0.144937888,-1.842054248,0.311197579,0.965270698,-0.515190542,-0.184025362,-0.181837678,0.308355808,-0.316403687,-1.073892474,-0.011669993,-49.48983383,-20.87706566,1.487074614,0.482301563,-0.218150467,-0.011669993,-49.48983383,-20.87706566,1.487074614,0.482301563,-0.218150467,-0.011669993,-49.48983383,-20.87706566,1.487074614,0.482301563,-0.218150467
23.38400111,0.403466493,-1.339606524,0.141333953,-1.835756183,0.304779351,0.943708122,-0.510636151,-0.187922329,-0.180219099,0.310319602,-0.318873823,-1.078757763,-0.019809604,-48.7206955,-20.50573349,1.456248999,0.475144058,-0.212831393,-0.019809604,-48.7206955,-20.50573349,1.456248999,0.475144058,-0.212831393,-0.019809604,-48.7206955,-20.50573349,1.456248999,0.475144058,-0.212831393
23.40400111,0.393257409,-1.343432665,0.137761489,-1.829419971,0.2983163,0.922059715,-0.505994856,-0.19161506,-0.178734303,0.311926991,-0.321101636,-1.082713604,-0.029733181,-47.96503067,-20.1264801,1.422485113,0.467797399,-0.207408786,-0.029733181,-47.96503067,-20.1264801,1.422485113,0.467797399,-0.207408786,-0.029733181,-47.96503067,-20.1264801,1.422485113,0.467797399,-0.207408786
23.42400111,0.38314274,-1.3473351,0.134221449,-1.823057055,0.291810334,0.900346458,-0.501317203,-0.195183218,-0.177216396,0.312995672,-0.323092222,-1.085752606,-0.042527318,-47.17193604,-19.74464035,1.389410138,0.461363524,-0.201935902,-0.042527318,-47.17193604,-19.74464035,1.389410138,0.461363524,-0.201935902,-0.042527318,-47.17193604,-19.74464035,1.389410138,0.461363524,-0.201935902
23.44400111,0.373118669,-1.351313829,0.130710974,-1.816682696,0.285270989,0.878577888,-0.496531367,-0.198500216,-0.175892308,0.313841701,-0.324762255,-1.087893724,-0.054923892,-46.33972931,-19.35145378,1.357095242,0.454494089,-0.196280047,-0.054923892,-46.33972931,-19.35145378,1.357095242,0.454494089,-0.196280047,-0.054923892,-46.33972931,-19.35145378,1.357095242,0.454494089,-0.196280047
23.46400111,0.363190919,-1.355365038,0.127226725,-1.810293078,0.27870208,0.856782615,-0.491592824,-0.201508865,-0.174774826,0.314260602,-0.326075733,-1.089118719,-0.072969794,-45.47603607,-18.94219017,1.323200941,0.447182387,-0.190614909,-0.072969794,-45.47603607,-18.94219017,1.323200941,0.447182387,-0.190614909,-0.072969794,-45.47603607,-18.94219017,1.323200941,0.447182387,-0.190614909
23.48400112,0.353361398,-1.359458208,0.123769082,-1.803899646,0.272113144,0.834977806,-0.486616611,-0.204497099,-0.173287183,0.31418401,-0.327015072,-1.08945334,-0.09401232,-44.65341187,-18.52588272,1.290876746,0.43851459,-0.184923679,-0.09401232,-44.65341187,-18.52588272,1.290876746,0.43851459,-0.184923679,-0.09401232,-44.65341187,-18.52588272,1.290876746,0.43851459,-0.184923679
23.50400112,0.343632013,-1.363627672,0.12034706,-1.797513843,0.265509903,0.813172996,-0.481596559,-0.207403213,-0.171607435,0.313852936,-0.327693641,-1.088914156,-0.116685331,-43.75006485,-18.11425209,1.260830879,0.428833395,-0.179107696,-0.116685331,-43.75006485,-18.11425209,1.260830879,0.428833395,-0.179107696,-0.116685331,-43.75006485,-18.11425209,1.260830879,0.428833395,-0.179107696
23.52400112,0.334001809,-1.367842913,0.116956748,-1.791135669,0.258897126,0.791394889,-0.476458728,-0.210016072,-0.170109421,0.313278139,-0.328177005,-1.087486029,-0.143364072,-42.86563873,-17.6921978,1.229296207,0.418324828,-0.173256874,-0.143364072,-42.86563873,-17.6921978,1.229296207,0.418324828,-0.173256874,-0.143364072,-42.86563873,-17.6921978,1.229296207,0.418324828,-0.173256874
23.54400112,0.324475557,-1.372115374,0.113599576,-1.784776568,0.252276719,0.769656837,-0.471252263,-0.212442577,-0.168585345,0.312465429,-0.328449339,-1.085187316,-0.173292458,-41.94339371,-17.26615906,1.197119355,0.408087671,-0.16736275,-0.173292458,-41.94339371,-17.26615906,1.197119355,0.408087671,-0.16736275,-0.173292458,-41.94339371,-17.26615906,1.197119355,0.408087671,-0.16736275
23.56400112,0.315051347,-1.376437426,0.110275783,-1.778432727,0.245654881,0.74797219,-0.466011912,-0.214742824,-0.166898385,0.311255097,-0.328509659,-1.08201158,-0.203050673,-41.01210785,-16.83790207,1.164003372,0.397559285,-0.161315307,-0.203050673,-41.01210785,-16.83790207,1.164003372,0.397559285,-0.161315307,-0.203050673,-41.01210785,-16.83790207,1.164003372,0.397559285,-0.161315307
23.58400112,0.305731088,-1.380797625,0.10698656,-1.772123218,0.239034474,0.726363838,-0.460693121,-0.216812029,-0.165227383,0.309666246,-0.328320235,-1.07795918,-0.233815312,-40.07842255,-16.4052906,1.132801294,0.387635112,-0.15526551,-0.233815312,-40.07842255,-16.4052906,1.132801294,0.387635112,-0.15526551,-0.233815312,-40.07842255,-16.4052906,1.132801294,0.387635112,-0.15526551
23.60400112,0.296518594,-1.385199785,0.103732146,-1.765848041,0.232423127,0.704848945,-0.455300391,-0.218676493,-0.163529038,0.307859123,-0.327832371,-1.073055029,-0.267422199,-39.12453079,-15.96936226,1.101073742,0.377565682,-0.149178594,-0.267422199,-39.12453079,-15.96936226,1.101073742,0.377565682,-0.149178594,-0.267422199,-39.12453079,-15.96936226,1.101073742,0.377565682,-0.149178594
23.62400112,0.287411958,-1.389640093,0.100513496,-1.759614825,0.225825608,0.683440864,-0.44981876,-0.220312163,-0.161833048,0.305817455,-0.327052265,-1.067302108,-0.300265551,-38.15198898,-15.53024292,1.069903016,0.367303967,-0.142980263,-0.300265551,-38.15198898,-15.53024292,1.069903016,0.367303967,-0.142980263,-0.300265551,-38.15198898,-15.53024292,1.069903016,0.367303967,-0.142980263
23.64400112,0.278414041,-1.394103289,0.097330369,-1.753423572,0.219249547,0.662162483,-0.444237798,-0.22171995,-0.160107762,0.303440481,-0.325975776,-1.06070447,-0.332846045,-37.19150925,-15.08726215,1.03701818,0.356511116,-0.136827618,-0.332846045,-37.19150925,-15.08726215,1.03701818,0.356511116,-0.136827618,-0.332846045,-37.19150925,-15.08726215,1.03701818,0.356511116,-0.136827618
23.66400112,0.269527704,-1.398600817,0.094185628,-1.747289538,0.212698758,0.641027153,-0.438577086,-0.222981304,-0.158209816,0.300721496,-0.32463786,-1.053281426,-0.366117656,-36.20380783,-14.64660263,1.005757093,0.34558928,-0.130673438,-0.366117656,-36.20380783,-14.64660263,1.005757093,0.34558928,-0.130673438,-0.366117656,-36.20380783,-14.64660263,1.005757093,0.34558928,-0.130673438
23.68400112,0.260755807,-1.403117418,0.091079034,-1.741212726,0.20617944,0.620050132,-0.432811975,-0.224002019,-0.156332374,0.297857851,-0.323027134,-1.045050383,-0.401782691,-35.22614288,-14.203372,0.975647211,0.334299058,-0.124448076,-0.401782691,-35.22614288,-14.203372,0.975647211,0.334299058,-0.124448076,-0.401782691,-35.22614288,-14.203372,0.975647211,0.334299058,-0.124448076
23.70400113,0.252097398,-1.407656908,0.088012494,-1.735196948,0.199696362,0.599248588,-0.426941961,-0.224793002,-0.154436782,0.294652253,-0.321186125,-1.03600502,-0.43628484,-34.20900345,-13.7605505,0.943536878,0.322921574,-0.118210047,-0.43628484,-34.20900345,-13.7605505,0.943536878,0.322921574,-0.118210047,-0.43628484,-34.20900345,-13.7605505,0.943536878,0.322921574,-0.118210047
23.72400113,0.243557528,-1.412204027,0.084982909,-1.729249835,0.193254769,0.578635871,-0.420949072,-0.22530736,-0.152595133,0.291197211,-0.319072306,-1.026164412,-0.473249257,-33.21820068,-13.31146908,0.912231326,0.311344743,-0.111957408,-0.473249257,-33.21820068,-13.31146908,0.912231326,0.311344743,-0.111957408,-0.473249257,-33.21820068,-13.31146908,0.912231326,0.311344743,-0.111957408
23.74400113,0.235136107,-1.416758776,0.08199624,-1.723379016,0.186860859,0.558229148,-0.414942324,-0.225776508,-0.150409088,0.287513763,-0.316695273,-1.015556455,-0.507015884,-32.23164749,-12.87068462,0.883028269,0.299418569,-0.105685428,-0.507015884,-32.23164749,-12.87068462,0.883028269,0.299418569,-0.105685428,-0.507015884,-32.23164749,-12.87068462,0.883028269,0.299418569,-0.105685428
23.76400113,0.226833895,-1.421321154,0.079052962,-1.717584491,0.180517495,0.538045585,-0.40878886,-0.225965738,-0.148329884,0.283709645,-0.31412074,-1.004183769,-0.539853573,-31.21947861,-12.43106747,0.852624238,0.287741661,-0.099436454,-0.539853573,-31.21947861,-12.43106747,0.852624238,0.287741661,-0.099436454,-0.539853573,-31.21947861,-12.43106747,0.852624238,0.287741661,-0.099436454
23.78400113,0.218655661,-1.425883532,0.076152124,-1.71186626,0.17422992,0.518100441,-0.402499586,-0.225903913,-0.146272078,0.279604018,-0.311319977,-0.992052376,-0.573855937,-30.2095089,-11.9906168,0.820126414,0.276302457,-0.093228847,-0.573855937,-30.2095089,-11.9906168,0.820126414,0.276302457,-0.093228847,-0.573855937,-30.2095089,-11.9906168,0.820126414,0.276302457,-0.093228847
23.80400113,0.210603788,-1.430442095,0.073293485,-1.706239581,0.168002427,0.498407066,-0.396086246,-0.225578949,-0.144238204,0.275078148,-0.308258742,-0.979171574,-0.608510375,-29.18437767,-11.54941845,0.790207386,0.265150905,-0.087056711,-0.608510375,-29.18437767,-11.54941845,0.790207386,0.265150905,-0.087056711,-0.608510375,-29.18437767,-11.54941845,0.790207386,0.265150905,-0.087056711
23.82400113,0.202679709,-1.434989214,0.070476808,-1.70070827,0.161842167,0.478981674,-0.389594644,-0.225084916,-0.14209199,0.270518154,-0.304868966,-0.965596616,-0.64240098,-28.18206787,-11.10746002,0.763967752,0.253581256,-0.080973305,-0.64240098,-28.18206787,-11.10746002,0.763967752,0.253581256,-0.080973305,-0.64240098,-28.18206787,-11.10746002,0.763967752,0.253581256,-0.080973305
23.84400113,0.194885328,-1.439536333,0.067703761,-1.695268512,0.155753911,0.459836662,-0.382943451,-0.224306881,-0.140007794,0.265743822,-0.301208258,-0.951325297,-0.676104128,-27.12924576,-10.66548634,0.734489679,0.241541117,-0.074942306,-0.676104128,-27.12924576,-10.66548634,0.734489679,0.241541117,-0.074942306,-0.676104128,-27.12924576,-10.66548634,0.734489679,0.241541117,-0.074942306
23.86400113,0.187224463,-1.44404912,0.064972438,-1.689927936,0.149744809,0.440986335,-0.376175255,-0.223289192,-0.137890577,0.260811359,-0.297251523,-0.936386108,-0.711714327,-26.13318443,-10.21903896,0.707732737,0.228603855,-0.068987951,-0.711714327,-26.13318443,-10.21903896,0.707732737,0.228603855,-0.068987951,-0.711714327,-26.13318443,-10.21903896,0.707732737,0.228603855,-0.068987951
23.88400113,0.179698542,-1.448554277,0.062287509,-1.684694171,0.143819153,0.422443092,-0.36932075,-0.222109258,-0.135610729,0.255683064,-0.293073416,-0.92080009,-0.745225847,-25.08718491,-9.778479576,0.682130158,0.214943588,-0.063120976,-0.745225847,-25.08718491,-9.778479576,0.682130158,0.214943588,-0.063120976,-0.745225847,-25.08718491,-9.778479576,0.682130158,0.214943588,-0.063120976
23.90400114,0.172310904,-1.453025103,0.059647977,-1.679563403,0.137981236,0.40422219,-0.36235863,-0.220687181,-0.133303478,0.250336766,-0.288705468,-0.904583216,-0.780411959,-24.06241798,-9.336880684,0.656073213,0.200771913,-0.057396859,-0.780411959,-24.06241798,-9.336880684,0.656073213,0.200771913,-0.057396859,-0.780411959,-24.06241798,-9.336880684,0.656073213,0.200771913,-0.057396859
23.92400114,0.165061548,-1.45746541,0.057055175,-1.674547076,0.132234395,0.38633126,-0.355278432,-0.219022766,-0.130978957,0.244891807,-0.284161717,-0.887768745,-0.814195871,-23.03925705,-8.896798134,0.633232057,0.186263502,-0.051753931,-0.814195871,-23.03925705,-8.896798134,0.633232057,0.186263502,-0.051753931,-0.814195871,-23.03925705,-8.896798134,0.633232057,0.186263502,-0.051753931
23.94400114,0.157955244,-1.461871386,0.054510057,-1.669637561,0.126582444,0.36878556,-0.348103613,-0.217142731,-0.128592178,0.239406392,-0.279422045,-0.870384932,-0.848256648,-22.01362419,-8.458955765,0.607662916,0.171690017,-0.046239182,-0.848256648,-22.01362419,-8.458955765,0.607662916,0.171690017,-0.046239182,-0.848256648,-22.01362419,-8.458955765,0.607662916,0.171690017,-0.046239182
23.96400114,0.150991991,-1.466239214,0.052014291,-1.664842486,0.121028483,0.351595581,-0.340840966,-0.215037957,-0.126136571,0.233668491,-0.274516582,-0.852439284,-0.880411267,-20.98518562,-8.024848938,0.583574235,0.15709576,-0.040875293,-0.880411267,-20.98518562,-8.024848938,0.583574235,0.15709576,-0.040875293,-0.880411267,-20.98518562,-8.024848938,0.583574235,0.15709576,-0.040875293
23.98400114,0.14417465,-1.470561266,0.04956919,-1.660169482,0.115576088,0.334771812,-0.333503634,-0.21274507,-0.12355829,0.227756247,-0.269424766,-0.833966434,-0.910528004,-19.96448135,-7.596556187,0.563240588,0.142684653,-0.035681657,-0.910528004,-19.96448135,-7.596556187,0.563240588,0.142684653,-0.035681657,-0.910528004,-19.96448135,-7.596556187,0.563240588,0.142684653,-0.035681657
24.00400114,0.137505606,-1.474829912,0.047174871,-1.655618548,0.11022979,0.318324745,-0.32602194,-0.210164994,-0.121058658,0.221952945,-0.264133453,-0.815009058,-0.940989256,-18.95963287,-7.169815063,0.543359041,0.128285885,-0.030638605,-0.940989256,-18.95963287,-7.169815063,0.543359041,0.128285885,-0.030638605,-0.940989256,-18.95963287,-7.169815063,0.543359041,0.128285885,-0.030638605
24.02400114,0.130986288,-1.479048967,0.044832289,-1.65118587,0.104993165,0.302263916,-0.318493634,-0.207413271,-0.118419014,0.216049775,-0.25864166,-0.795583785,-0.96939981,-17.96018982,-6.748538494,0.522435486,0.113706179,-0.025774563,-0.96939981,-17.96018982,-6.748538494,0.522435486,0.113706179,-0.025774563,-0.96939981,-17.96018982,-6.748538494,0.522435486,0.113706179,-0.025774563
24.04400114,0.124617651,-1.483206987,0.042543948,-1.646875262,0.099870026,0.286596954,-0.310888052,-0.204467386,-0.115687944,0.210058212,-0.252982169,-0.775716543,-0.993820727,-16.96594429,-6.33569622,0.501668215,0.099078752,-0.021079741,-0.993820727,-16.96594429,-6.33569622,0.501668215,0.099078752,-0.021079741,-0.993820727,-16.96594429,-6.33569622,0.501668215,0.099078752,-0.021079741
24.06400114,0.118403509,-1.487307787,0.040309489,-1.64268291,0.094862998,0.271333396,-0.303150624,-0.201256365,-0.112967663,0.203793496,-0.247189716,-0.755415261,-1.019168854,-15.9849205,-5.92672205,0.477502197,0.084731616,-0.01659026,-1.019168854,-15.9849205,-5.92672205,0.477502197,0.084731616,-0.01659026,-1.019168854,-15.9849205,-5.92672205,0.477502197,0.084731616,-0.01659026
24.08400114,0.112345055,-1.491339922,0.038129151,-1.638624072,0.08997494,0.256478965,-0.295305699,-0.197782457,-0.110278524,0.19740586,-0.24123694,-0.73472017,-1.043132067,-15.01549816,-5.522328377,0.460214049,0.070500672,-0.012295998,-1.043132067,-15.01549816,-5.522328377,0.460214049,0.070500672,-0.012295998,-1.043132067,-15.01549816,-5.522328377,0.460214049,0.070500672,-0.012295998
24.10400114,0.106443956,-1.495295763,0.036004722,-1.634698749,0.085209429,0.242044419,-0.287459075,-0.194191605,-0.107396133,0.191053703,-0.235090047,-0.71367979,-1.063215971,-14.07882214,-5.127160549,0.444148749,0.056202039,-0.008230109,-1.063215971,-14.07882214,-5.127160549,0.444148749,0.056202039,-0.008230109,-1.063215971,-14.07882214,-5.127160549,0.444148749,0.056202039,-0.008230109
24.12400115,0.10070093,-1.49917531,0.033939779,-1.630895495,0.080570281,0.228035897,-0.279577106,-0.190484837,-0.104357481,0.184835643,-0.228824228,-0.692332149,-1.078751445,-13.15882492,-4.745520592,0.426040232,0.041798446,-0.004404178,-1.078751445,-13.15882492,-4.745520592,0.426040232,0.041798446,-0.004404178,-1.078751445,-13.15882492,-4.745520592,0.426040232,0.041798446,-0.004404178
24.14400115,0.095117405,-1.502978563,0.031935394,-1.627221942,0.076057971,0.214458436,-0.271599978,-0.186583087,-0.101316214,0.178621873,-0.222516298,-0.670689404,-1.091654539,-12.24828529,-4.375316143,0.408462584,0.02794791,-0.000822741,-1.091654539,-12.24828529,-4.375316143,0.408462584,0.02794791,-0.000822741,-1.091654539,-12.24828529,-4.375316143,0.408462584,0.02794791,-0.000822741
24.16400115,0.089696243,-1.506705523,0.029989898,-1.623678088,0.071674168,0.201318711,-0.263487756,-0.182410836,-0.098403163,0.172317594,-0.216161743,-0.648769736,-1.104213834,-11.34008217,-4.011814594,0.389854491,0.014927872,0.002479237,-1.104213834,-11.34008217,-4.011814594,0.389854491,0.014927872,0.002479237,-1.104213834,-11.34008217,-4.011814594,0.389854491,0.014927872,0.002479237
24.18400115,0.084439352,-1.510340929,0.02810055,-1.620260119,0.067419589,0.188620061,-0.255298257,-0.178001925,-0.095560752,0.165998369,-0.209662244,-0.626614571,-1.116120577,-10.46587753,-3.65144825,0.371751159,0.002757218,0.005515632,-1.116120577,-10.46587753,-3.65144825,0.371751159,0.002757218,0.005515632,-1.116120577,-10.46587753,-3.65144825,0.371751159,0.002757218,0.005515632
24.20400115,0.079347447,-1.513884783,0.026270568,-1.616975665,0.063298285,0.17636773,-0.247161597,-0.173542112,-0.092469648,0.159585491,-0.202974111,-0.604261279,-1.123163342,-9.630947113,-3.303248644,0.356645405,-0.009309687,0.008260122,-1.123163342,-9.630947113,-3.303248644,0.356645405,-0.009309687,0.008260122,-1.123163342,-9.630947113,-3.303248644,0.356645405,-0.009309687,0.008260122
24.22400115,0.07442005,-1.517340899,0.024503648,-1.613817096,0.059313118,0.16456458,-0.23896949,-0.168951407,-0.089292355,0.153063014,-0.196206689,-0.581735432,-1.125641227,-8.779781342,-2.970871449,0.338772267,-0.021203347,0.010704732,-1.125641227,-8.779781342,-2.970871449,0.338772267,-0.021203347,0.010704732,-1.125641227,-8.779781342,-2.970871449,0.338772267,-0.021203347,0.010704732
24.24400115,0.069660261,-1.520697832,0.02279669,-1.610795856,0.055465043,0.153214425,-0.230653301,-0.164120004,-0.086262889,0.146710247,-0.18936348,-0.559084356,-1.129306674,-7.991046906,-2.643707514,0.32634142,-0.032721628,0.012839537,-1.129306674,-7.991046906,-2.643707514,0.32634142,-0.032721628,0.012839537,-1.129306674,-7.991046906,-2.643707514,0.32634142,-0.032721628,0.012839537
24.26400115,0.065068081,-1.523959398,0.0211519,-1.6079005,0.051755726,0.142318696,-0.222347781,-0.159208059,-0.083125718,0.140445948,-0.18244645,-0.536344588,-1.12827754,-7.192429543,-2.330843687,0.310084879,-0.044083353,0.014648768,-1.12827754,-7.192429543,-2.330843687,0.310084879,-0.044083353,0.014648768,-1.12827754,-7.192429543,-2.330843687,0.310084879,-0.044083353,0.014648768
24.28400115,0.060645059,-1.527117968,0.019568563,-1.60513103,0.048185766,0.131879777,-0.214035645,-0.154184729,-0.079942182,0.134198874,-0.17548418,-0.5135414,-1.125668526,-6.442991257,-2.028060913,0.294980854,-0.055027921,0.016116302,-1.125668526,-6.442991257,-2.028060913,0.294980854,-0.055027921,0.016116302,-1.125668526,-6.442991257,-2.028060913,0.294980854,-0.055027921,0.016116302
24.30400115,0.056391194,-1.530169725,0.018047333,-1.60249126,0.044756234,0.121897191,-0.205676317,-0.149012879,-0.076794051,0.127976909,-0.168510824,-0.490707815,-1.121196985,-5.717820168,-1.736246109,0.281707317,-0.065510198,0.017238794,-1.121196985,-5.717820168,-1.736246109,0.281707317,-0.065510198,0.017238794,-1.121196985,-5.717820168,-1.736246109,0.281707317,-0.065510198,0.017238794
24.32400116,0.05230625,-1.533118486,0.016589642,-1.599977374,0.041467011,0.112371892,-0.19733192,-0.143778548,-0.073563173,0.121797264,-0.161533773,-0.467884302,-1.112447262,-5.002300739,-1.459596753,0.266659647,-0.075403973,0.018003922,-1.112447262,-5.002300739,-1.459596753,0.266659647,-0.075403973,0.018003922,-1.112447262,-5.002300739,-1.459596753,0.266659647,-0.075403973,0.018003922
24.34400116,0.048391655,-1.535964251,0.015194651,-1.597581744,0.038317859,0.103302687,-0.188942686,-0.138401121,-0.070407093,0.115665182,-0.154571325,-0.445100993,-1.103191137,-4.297023773,-1.193743587,0.250457495,-0.084506184,0.018400539,-1.103191137,-4.297023773,-1.193743587,0.250457495,-0.084506184,0.018400539,-1.103191137,-4.297023773,-1.193743587,0.250457495,-0.084506184,0.018400539
24.36400116,0.044648007,-1.538695574,0.013860043,-1.595315814,0.035308778,0.094689101,-0.180554196,-0.132885963,-0.06731794,0.109502755,-0.147580847,-0.422388315,-1.093833089,-3.642618656,-0.935559869,0.238588899,-0.092886686,0.018405855,-1.093833089,-3.642618656,-0.935559869,0.238588899,-0.092886686,0.018405855,-1.093833089,-3.642618656,-0.935559869,0.238588899,-0.092886686,0.018405855
24.38400116,0.041073874,-1.541312456,0.012587633,-1.593175769,0.032440603,0.086528033,-0.172252208,-0.127363846,-0.064108498,0.103482388,-0.140537173,-0.399805158,-1.080043077,-3.022694588,-0.691440403,0.2287402,-0.10098543,0.018029116,-1.080043077,-3.022694588,-0.691440403,0.2287402,-0.10098543,0.018029116,-1.080043077,-3.022694588,-0.691440403,0.2287402,-0.10098543,0.018029116
24.40400116,0.037668779,-1.543818712,0.011377867,-1.591150165,0.029713945,0.078817338,-0.163947076,-0.12176536,-0.060918655,0.097643547,-0.133509338,-0.377385825,-1.0648067,-2.42198348,-0.460149109,0.215557382,-0.108811989,0.017256975,-1.0648067,-2.42198348,-0.460149109,0.215557382,-0.108811989,0.017256975,-1.0648067,-2.42198348,-0.460149109,0.215557382,-0.108811989,0.017256975
24.42400116,0.034432366,-1.546210527,0.010230687,-1.589242816,0.027127581,0.071552962,-0.155678734,-0.116116241,-0.057723429,0.091889709,-0.12652947,-0.355159074,-1.047923565,-1.851407886,-0.242293939,0.202816486,-0.116201617,0.016084537,-1.047923565,-1.851407886,-0.242293939,0.202816486,-0.116201617,0.016084537,-1.047923565,-1.851407886,-0.242293939,0.202816486,-0.116201617,0.016084537
24.44400116,0.031363204,-1.548484087,0.009147134,-1.587449908,0.024680572,0.064729899,-0.147504047,-0.110480674,-0.054447196,0.086192876,-0.119625799,-0.333161592,-1.027661204,-1.319308281,-0.040991426,0.190128997,-0.123035401,0.014507907,-1.027661204,-1.319308281,-0.040991426,0.190128997,-0.123035401,0.014507907,-1.027661204,-1.319308281,-0.040991426,0.190128997,-0.123035401,0.014507907
24.46400116,0.028460398,-1.550643206,0.00812706,-1.585771441,0.022370415,0.058344025,-0.139359698,-0.10479556,-0.051236719,0.080618538,-0.112842418,-0.311429232,-1.006183863,-0.812458992,0.145491183,0.178188235,-0.128892213,0.012511989,-1.006183863,-0.812458992,0.145491183,0.178188235,-0.128892213,0.012511989,-1.006183863,-0.812458992,0.145491183,0.178188235,-0.128892213,0.012511989
24.48400116,0.025723115,-1.552687883,0.007168334,-1.584207416,0.020195143,0.052389402,-0.131266102,-0.099053182,-0.048141379,0.075252861,-0.106150016,-0.29000482,-0.984288394,-0.332536101,0.32024163,0.167741001,-0.133732691,0.010089865,-0.984288394,-0.332536101,0.32024163,0.167741001,-0.133732691,0.010089865,-0.984288394,-0.332536101,0.32024163,0.167741001,-0.133732691,0.010089865
24.50400116,0.023149982,-1.55461812,0.006268751,-1.582746387,0.018153386,0.046859164,-0.123251334,-0.093270816,-0.045142867,0.070093222,-0.099511944,-0.268926799,-0.962022185,0.12121141,0.484914094,0.15426746,-0.137805983,0.007242975,-0.962022185,0.12121141,0.484914094,0.15426746,-0.137805983,0.007242975,-0.962022185,0.12121141,0.484914094,0.15426746,-0.137805983,0.007242975
24.52400116,0.020739153,-1.556430101,0.005427372,-1.581392169,0.01624413,0.04174592,-0.115364857,-0.087495968,-0.042150475,0.064964294,-0.09291812,-0.248220876,-0.938749969,0.533908606,0.638517559,0.142518282,-0.141412973,0.003962964,-0.938749969,0.533908606,0.638517559,0.142518282,-0.141412973,0.003962964,-0.938749969,0.533908606,0.638517559,0.142518282,-0.141412973,0.003962964
24.54400117,0.018487349,-1.558127642,0.004644927,-1.580140948,0.014466302,0.037041683,-0.107615061,-0.081769817,-0.03913366,0.060031448,-0.086394474,-0.227939904,-0.91316849,0.923306346,0.777611792,0.133028328,-0.144850522,0.000250302,-0.91316849,0.923306346,0.777611792,0.133028328,-0.144850522,0.000250302,-0.91316849,0.923306346,0.777611792,0.133028328,-0.144850522,0.000250302
24.56400117,0.016392425,-1.559710741,0.003920879,-1.57898891,0.012817668,0.032737512,-0.099977575,-0.076065853,-0.036161162,0.055267233,-0.080001839,-0.208115548,-0.887183726,1.281645298,0.903255641,0.121789344,-0.148003682,-0.003899058,-0.887183726,1.281645298,0.903255641,0.121789344,-0.148003682,-0.003899058,-0.887183726,1.281645298,0.903255641,0.121789344,-0.148003682,-0.003899058
24.58400117,0.014451544,-1.561179399,0.003254395,-1.577924609,0.011295157,0.02882391,-0.0924922,-0.070409715,-0.033217229,0.050622225,-0.073775128,-0.188780084,-0.860393286,1.606225371,1.015033841,0.108787052,-0.150743797,-0.008489057,-0.860393286,1.606225371,1.015033841,0.108787052,-0.150743797,-0.008489057,-0.860393286,1.606225371,1.015033841,0.108787052,-0.150743797,-0.008489057
24.60400117,0.012661139,-1.562533617,0.00264528,-1.576963305,0.009894865,0.025290666,-0.085189678,-0.064828381,-0.030285273,0.046037551,-0.067747965,-0.169965506,-0.832116544,1.891376734,1.111320853,0.10038878,-0.152778894,-0.013527295,-0.832116544,1.891376734,1.111320853,0.10038878,-0.152778894,-0.013527295,-0.832116544,1.891376734,1.111320853,0.10038878,-0.152778894,-0.013527295
24.62400117,0.011017601,-1.563777208,0.002092514,-1.576085925,0.008612858,0.022126375,-0.078059211,-0.05932067,-0.02743577,0.041818958,-0.061923958,-0.151731193,-0.803012133,2.145182848,1.193001866,0.090168327,-0.153988957,-0.018998597,-0.803012133,2.145182848,1.193001866,0.090168327,-0.153988957,-0.018998597,-0.803012133,2.145182848,1.193001866,0.090168327,-0.153988957,-0.018998597
24.64400117,0.009516547,-1.564906359,0.001595497,-1.575288653,0.007444905,0.019319354,-0.07118202,-0.053960443,-0.024560383,0.037762109,-0.056309775,-0.134098366,-0.771252096,2.348386765,1.257721424,0.077713795,-0.154256791,-0.024908882,-0.771252096,2.348386765,1.257721424,0.077713795,-0.154256791,-0.024908882,-0.771252096,2.348386765,1.257721424,0.077713795,-0.154256791,-0.024908882
24.66400117,0.008152942,-1.565936327,0.001154818,-1.57457149,0.006386222,0.016857026,-0.064524502,-0.048740961,-0.021706101,0.033794984,-0.05095413,-0.117093526,-0.736836314,2.536323547,1.302787066,0.065632433,-0.153259501,-0.031263642,-0.736836314,2.536323547,1.302787066,0.065632433,-0.153259501,-0.031263642,-0.736836314,2.536323547,1.302787066,0.065632433,-0.153259501,-0.031263642
24.68400117,0.006923373,-1.566851854,0.00076663,-1.573934436,0.005431773,0.014726518,-0.058063496,-0.043597806,-0.019040771,0.030098442,-0.045822356,-0.100760907,-0.703319192,2.659698963,1.335164666,0.054585032,-0.150878489,-0.038060773,-0.703319192,2.659698963,1.335164666,0.054585032,-0.150878489,-0.038060773,-0.703319192,2.659698963,1.335164666,0.054585032,-0.150878489,-0.038060773
24.70400117,0.005821894,-1.5676682,0.000430295,-1.573366046,0.004577624,0.012913672,-0.051874291,-0.038629189,-0.016430695,0.026611397,-0.040899415,-0.08513432,-0.666995406,2.761928797,1.350103021,0.041289482,-0.147422925,-0.045294888,-0.666995406,2.761928797,1.350103021,0.041289482,-0.147422925,-0.045294888,-0.666995406,2.761928797,1.350103021,0.041289482,-0.147422925,-0.045294888
24.72400117,0.004843126,-1.568389177,0.000144073,-1.572870135,0.003819454,0.011404006,-0.045972891,-0.033858217,-0.013886647,0.023409147,-0.036185447,-0.070253558,-0.628809869,2.827209473,1.348507762,0.029322874,-0.143021569,-0.052964907,-0.628809869,2.827209473,1.348507762,0.029322874,-0.143021569,-0.052964907,-0.628809869,2.827209473,1.348507762,0.029322874,-0.143021569,-0.052964907
24.74400118,0.00398236,-1.569010973,-9.60E-05,-1.57243526,0.003152754,0.01018217,-0.040291965,-0.029198553,-0.011586789,0.020526543,-0.031696141,-0.056148522,-0.592335522,2.848796606,1.336012721,0.016715806,-0.137783498,-0.061067503,-0.592335522,2.848796606,1.336012721,0.016715806,-0.137783498,-0.061067503,-0.592335522,2.848796606,1.336012721,0.016715806,-0.137783498,-0.061067503
24.76400118,0.003232325,-1.569545031,-0.000290377,-1.57205379,0.002573196,0.009232281,-0.034990016,-0.02482467,-0.009250527,0.017688392,-0.027442453,-0.042838413,-0.552294135,2.838234186,1.305753589,-0.000214181,-0.132046551,-0.069604285,-0.552294135,2.838234186,1.305753589,-0.000214181,-0.132046551,-0.069604285,-0.552294135,2.838234186,1.305753589,-0.000214181,-0.132046551,-0.069604285
24.78400118,0.002587187,-1.569995165,-0.00044169,-1.571729541,0.00207502,0.008538095,-0.029957082,-0.020626245,-0.007113765,0.015012044,-0.023483336,-0.030357605,-0.513226569,2.798600674,1.26219368,-0.01372003,-0.125571042,-0.078578815,-0.513226569,2.798600674,1.26219368,-0.01372003,-0.125571042,-0.078578815,-0.513226569,2.798600674,1.26219368,-0.01372003,-0.125571042,-0.078578815
24.80400118,0.002040366,-1.570365191,-0.000553373,-1.571454883,0.001652576,0.008082418,-0.025264129,-0.016654903,-0.005140353,0.012594523,-0.019803273,-0.018748319,-0.474131912,2.728639126,1.206422806,-0.028379785,-0.118540987,-0.087982073,-0.474131912,2.728639126,1.206422806,-0.028379785,-0.118540987,-0.087982073,-0.474131912,2.728639126,1.206422806,-0.028379785,-0.118540987,-0.087982073
24.82400118,0.001584074,-1.570655107,-0.000627566,-1.57123363,0.00130023,0.007847337,-0.020978682,-0.012988041,-0.003236812,0.010440349,-0.016410515,-0.008046092,-0.43359828,2.612184763,1.136929274,-0.041852653,-0.111121126,-0.097806133,-0.43359828,2.612184763,1.136929274,-0.041852653,-0.111121126,-0.097806133,-0.43359828,2.612184763,1.136929274,-0.041852653,-0.111121126,-0.097806133
24.84400118,0.001210364,-1.570872545,-0.000666395,-1.57104671,0.001011647,0.007814221,-0.017075427,-0.009618639,-0.001464016,0.008658245,-0.013346068,0.001711274,-0.392741919,2.456216335,1.054133177,-0.058150098,-0.103258833,-0.108041771,-0.392741919,2.456216335,1.054133177,-0.058150098,-0.103258833,-0.108041771,-0.392741919,2.456216335,1.054133177,-0.058150098,-0.103258833,-0.108041771
24.86400118,0.000910308,-1.571025133,-0.000670729,-1.570894122,0.000779689,0.007963888,-0.013615504,-0.006619912,0.000269772,0.007064601,-0.010659,0.010507156,-0.349204004,2.272601604,0.953704119,-0.073619902,-0.094782278,-0.118686214,-0.349204004,2.272601604,0.953704119,-0.073619902,-0.094782278,-0.118686214,-0.349204004,2.272601604,0.953704119,-0.073619902,-0.094782278,-0.118686214
24.88400118,0.00067549,-1.571124315,-0.000642966,-1.570772052,0.000595987,0.008276902,-0.010544002,-0.003929172,0.001817715,0.005548873,-0.008407906,0.018327897,-0.306157619,2.059147358,0.838442087,-0.090825297,-0.085175432,-0.129744098,-0.306157619,2.059147358,0.838442087,-0.090825297,-0.085175432,-0.129744098,-0.306157619,2.059147358,0.838442087,-0.090825297,-0.085175432,-0.129744098
24.90400118,0.000498207,-1.571173906,-0.000589125,-1.570676684,0.000452323,0.008733355,-0.007890975,-0.001519246,0.003080226,0.004212913,-0.006535008,0.025138961,-0.26483202,1.817011595,0.714143038,-0.107937783,-0.074419655,-0.141211286,-0.26483202,1.817011595,0.714143038,-0.107937783,-0.074419655,-0.141211286,-0.26483202,1.817011595,0.714143038,-0.107937783,-0.074419655,-0.141211286
24.92400118,0.000368249,-1.571177721,-0.000512693,-1.57060039,0.00034219,0.009312324,-0.005754039,0.000496408,0.004192012,0.00328417,-0.004968253,0.030886311,-0.222126961,1.540562153,0.579068363,-0.126074657,-0.063108325,-0.153069675,-0.222126961,1.540562153,0.579068363,-0.126074657,-0.063108325,-0.153069675,-0.222126961,1.540562153,0.579068363,-0.126074657,-0.063108325,-0.153069675
24.94400118,0.000275273,-1.571143389,-0.000416319,-1.570550799,0.000258869,0.009992473,-0.004110878,0.002118673,0.005152326,0.002497357,-0.003754586,0.035565108,-0.179109454,1.228599548,0.432686448,-0.140635625,-0.051431626,-0.165320665,-0.179109454,1.228599548,0.432686448,-0.140635625,-0.051431626,-0.165320665,-0.179109454,1.228599548,0.432686448,-0.140635625,-0.051431626,-0.165320665
24.96400119,0.000209514,-1.571082354,-0.000304504,-1.570512652,0.000195397,0.010751478,-0.002920958,0.003378508,0.005813916,0.002381589,-0.00289048,0.039108537,-0.138339251,0.892042577,0.279222429,-0.157120094,-0.039748751,-0.177932858,-0.138339251,0.892042577,0.279222429,-0.157120094,-0.039748751,-0.177932858,-0.138339251,0.892042577,0.279222429,-0.157120094,-0.039748751,-0.177932858
24.98400119,0.000159107,-1.57100606,-0.000179062,-1.570474505,0.000144446,0.011566631,-0.002363632,0.00409294,0.006484963,0.002492196,-0.002417362,0.041519847,-0.09392073,0.542691767,0.111127704,-0.177397668,-0.028314222,-0.190903932,-0.09392073,0.542691767,0.111127704,-0.177397668,-0.028314222,-0.190903932,-0.09392073,0.542691767,0.111127704,-0.177397668,-0.028314222,-0.190903932
