"C[1,1]","C[1,2]","C[1,3]","C[1,4]","C[1,5]","C[1,6]","C[2,1]","C[2,2]","C[2,3]","C[2,4]","C[2,5]","C[2,6]","C[3,1]","C[3,2]","C[3,3]","C[3,4]","C[3,5]","C[3,6]","C[4,1]","C[4,2]","C[4,3]","C[4,4]","C[4,5]","C[4,6]","C[5,1]","C[5,2]","C[5,3]","C[5,4]","C[5,5]","C[5,6]","C[6,1]","C[6,2]","C[6,3]","C[6,4]","C[6,5]","C[6,6]"
2.22044604925031e-16,0.0959883164588959,0.0528732345315772,0.0156787585020224,-0.0316787426219087,-0.031167812630122,0.0246218327745592,-4.44089209850063e-16,0.12859464881721,0.0195542149166181,0.0203838827184386,2.53378770218582e-05,-0.121740946523047,-0.12859464881721,0,-0.00274618863042253,0.0113753566361696,-0.000321948092694591,-0.0203838957211396,-0.0195542149166177,0.00274618863042281,0,0.00357410486995163,-4.63676186456818e-05,-0.00366132762763152,0.00100278766829585,0.00484400641071245,0.00179589916115735,0,-0.00179589915248848,0.0311678126301217,0.0316787948121064,0.0177588256417573,0.00570433603000775,-0.000250378463283907,0
0,0.0959792710580372,0.052863295295728,0.0156685476784522,-0.0316736565735214,-0.0311753402252903,0.0246060179097647,0,0.12860105339576,0.0195472406423596,0.0203838036555668,2.88898838389784e-05,-0.121754588409226,-0.12860105339576,0,-0.00274658416675599,0.0113740728568228,-0.000314258243192533,-0.02037724389028,-0.0195472406423596,0.00274658416675561,0,0.00357214001924716,-4.35470800709825e-05,-0.00365976409008772,0.00100517057916361,0.00484589473720985,0.00179608295546345,-7.58941520739853e-19,-0.00179595956210871,0.0311753402830844,0.0316754398357373,0.0177535625756547,0.00569802382183016,-0.000243415003647218,0
-8.88178419700125e-16,0.0959553506484381,0.052842123894822,0.0156503717592094,-0.0316642134748235,-0.0311839063950023,0.0245670887363901,4.44089209850063e-16,0.12879221377053,0.0195786078119755,0.0203808614092349,3.48912689185354e-05,-0.121970938975915,-0.128792213770529,4.44089209850063e-16,-0.00274315148892157,0.0113717007870573,-0.000302225139366286,-0.0204149160640337,-0.019578607811975,0.00274315148892201,0,0.00356880786186548,-3.91484589355451e-05,-0.00367245448974218,0.000995857347201114,0.0048477189300978,0.00179632778454838,-5.42101086242752e-19,-0.00179605026403356,0.0311839049069308,0.0316669284930183,0.0177453181634547,0.00568781616941316,-0.000232175175212457,0
0,0.095929002137392,0.0528209779414468,0.0156345683097667,-0.0316563974697721,-0.0311873867485217,0.0244926601029037,-4.44089209850063e-16,0.129095784144476,0.0196436255888104,0.0203755341475977,3.92373183477623e-05,-0.122322003469999,-0.129095784144476,0,-0.00273473811549962,0.0113693738307674,-0.000293484098906838,-0.0204932974718545,-0.0196436255888103,0.0027347381154999,0,0.00356597279887289,-3.59678132990648e-05,-0.00369775954468917,0.000975939178259903,0.00484740485959837,0.00179644269750041,0,-0.00179611493845037,0.0311873662049039,0.0316576284271671,0.0177393080264505,0.0056798697152699,-0.000223442468412882,0
4.44089209850063e-16,0.0959124147630372,0.0528067014672822,0.0156243693414586,-0.0316532526873914,-0.0311883432128877,0.0243459989910392,-8.88178419700125e-16,0.129310472649223,0.0197025531605597,0.0203701431530048,4.04420103219394e-05,-0.122617410175483,-0.129310472649224,0,-0.0027223693327576,0.0113673552504432,-0.000289264236330133,-0.0205720005205389,-0.0197025531605603,0.0027223693327571,5.55111512312578e-17,0.00356399781439248,-3.44476214126366e-05,-0.0037228418895819,0.00095753256241176,0.00484496825144413,0.00179641228644449,-4.33680868994202e-19,-0.00179615006764456,0.0311882832007573,0.0316515120007473,0.0177363971470741,0.00567526413810926,-0.000218386626628875,0
0,0.0959108823440418,0.0528017917001564,0.0156201798627134,-0.0316553991315414,-0.0311893804170265,0.0241238040310061,4.44089209850063e-16,0.12932668834241,0.0197295979032837,0.0203662290855409,3.84451715453871e-05,-0.122745001107456,-0.12932668834241,0,-0.00270827303941656,0.0113656582218602,-0.000288976447577749,-0.0206228335244386,-0.0197295979032833,0.00270827303941645,1.11022302462516e-16,0.00356283034219212,-3.43624443028268e-05,-0.00373884973235469,0.00094859775651392,0.00484116922728092,0.00179626780332099,-1.30104260698261e-18,-0.00179616207441238,0.0311892846662509,0.0316502854170528,0.0177361378274298,0.00567363843276913,-0.00021660022836123,0
-2.22044604925031e-16,0.0959189740646147,0.0528032722150353,0.0156201618900043,-0.0316606976568403,-0.0311904514094608,0.0238800089960818,4.44089209850063e-16,0.129218080129163,0.0197324007628916,0.0203633841642077,3.44249891566228e-05,-0.122754047933552,-0.129218080129163,-4.44089209850063e-16,-0.00269543485483315,0.0113641462545924,-0.000291250410277222,-0.0206491233303774,-0.0197324007628915,0.00269543485483281,0,0.00356222210807355,-3.51968497050437e-05,-0.00374701189214951,0.000946877923103751,0.00483715169856047,0.00179605657697977,-4.33680868994202e-19,-0.0017961596123667,0.0311903346869133,0.0316522102235778,0.0177374602337101,0.00567397942033476,-0.000216969118690735,0
-2.22044604925031e-16,0.0959260085070961,0.0528056177070033,0.0156216627519365,-0.0316659103939276,-0.031189757879688,0.0236932852924692,0,0.129155690074417,0.0197379681497649,0.0203600277016434,2.99560320846659e-05,-0.122782541485129,-0.129155690074417,0,-0.00268654084260334,0.0113626201032826,-0.000294696560541485,-0.0206732433397778,-0.0197379681497649,0.00268654084260322,-5.55111512312578e-17,0.00356188343480834,-3.64270288999435e-05,-0.00375461588315636,0.000944158817550909,0.00483398025098671,0.00179582047480742,0,-0.00179615060504669,0.0311896204116494,0.0316538594152198,0.0177392539979907,0.00567520482735606,-0.000218307338592405,0
-2.22044604925031e-16,0.0959254548665058,0.0528052685421516,0.0156227535667293,-0.0316690316398274,-0.031186495161398,0.023610640667536,8.88178419700125e-16,0.129240188216928,0.0197625102147549,0.0203551270170341,2.60020762006263e-05,-0.122911360143042,-0.129240188216928,4.44089209850063e-16,-0.00268285411233649,0.0113608778931011,-0.000298280385615968,-0.0207085823614153,-0.0197625102147546,0.00268285411233654,5.55111512312578e-17,0.0035615572227487,-3.76643629445006e-05,-0.0037660498765515,0.000935494383437098,0.00483224399562787,0.0017955847703216,-4.33680868994202e-19,-0.00179614128045532,0.0311863232327245,0.0316530927162154,0.0177407048631532,0.00567645632646152,-0.000219674465840036,0
0,0.095919677108115,0.0528029071797216,0.0156229629303952,-0.0316703795130733,-0.0311823352141931,0.023620062062034,0,0.129414209020865,0.0197952286951755,0.0203491512068639,2.24583180723492e-05,-0.123086975366526,-0.129414209020864,4.44089209850063e-16,-0.00268384127110721,0.0113587608018499,-0.000301416440627644,-0.0207441980825522,-0.0197952286951754,0.00268384127110755,5.55111512312578e-17,0.00356105203919438,-3.86944621456609e-05,-0.00377790704505522,0.000924175972097784,0.00483192979849847,0.00179535682065498,8.67361737988404e-19,-0.00179613572308958,0.0311821237597151,0.031650560029665,0.0177414023122016,0.00567719625740071,-0.000220480735851125,0
2.22044604925031e-16,0.0959163754814529,0.0528018757151822,0.0156228830398861,-0.0316717227388197,-0.0311802176027338,0.0236746827948516,0,0.12952920790111,0.0198100708580844,0.0203434814832764,1.85550844125082e-05,-0.123178730634832,-0.12952920790111,0,-0.00268784244275011,0.011356185990965,-0.000303928862859237,-0.0207555619552003,-0.0198100708580842,0.00268784244274967,-5.55111512312578e-17,0.0035602648620896,-3.94609762911502e-05,-0.00378239932668714,0.000918158153989648,0.00483261622407088,0.00179513147299638,0,-0.00179613561884443,0.0311799921754856,0.0316486160074005,0.0177412932821165,0.0056772149869968,-0.000220495800312137,0
0,0.0959207402812159,0.0528045779835924,0.0156231833614879,-0.0316744104435005,-0.031181748316528,0.0237418604503676,4.44089209850063e-16,0.129491135002051,0.0197917870576001,0.0203389771939997,1.36930029541737e-05,-0.123105442844769,-0.129491135002051,0,-0.00269326290991767,0.0113531561587292,-0.000305960840450759,-0.0207287900287321,-0.0197917870576002,0.00269326290991789,5.55111512312578e-17,0.00355919232221308,-4.00259114117785e-05,-0.00377507458479371,0.000922102277692727,0.00483382582244665,0.00179489858912857,0,-0.00179614037509749,0.0311815541805398,0.0316488763373576,0.0177405606173936,0.00567659156529476,-0.000219806244243226,0
0,0.0959310417927204,0.0528105332793765,0.0156240047341096,-0.0316784009370252,-0.0311858414258663,0.0238426618780401,0,0.129343888087162,0.0197489518677409,0.0203347030514447,7.51964247935888e-06,-0.122902198464883,-0.129343888087162,0,-0.00270022014035387,0.011349465253554,-0.000308047963651248,-0.0206713311825888,-0.0197489518677422,0.00270022014035343,0,0.00355782569012258,-4.05724409415775e-05,-0.00375836411887223,0.000933236325560384,0.00483548335489341,0.00179462840629521,4.33680868994202e-19,-0.00179614813990356,0.0311857086297219,0.0316507270991585,0.0177394101996029,0.00567556193781338,-0.000218670539819721,0
2.22044604925031e-16,0.0959410921500159,0.0528173025315901,0.015625038868083,-0.0316826805393087,-0.0311898198006721,0.0240290694847376,-4.44089209850063e-16,0.129217637320373,0.0197046895179338,0.0203286782581387,-6.75515265946558e-08,-0.122678095467266,-0.129217637320373,0,-0.00271004578899969,0.0113447930995849,-0.000310848240224093,-0.0206038680706031,-0.0197046895179344,0.00271004578899964,-1.66533453693773e-16,0.00355614258319659,-4.13150585119593e-05,-0.00373896662210535,0.000944263956851547,0.0048378316954893,0.00179428438754317,0,-0.00179615689789398,0.0311897486997896,0.0316521316543172,0.0177379886379486,0.00567438699375677,-0.000217374271753723,0
2.22044604925031e-16,0.0959466804173534,0.0528231836282245,0.01562607232824,-0.0316865507236677,-0.0311918688229427,0.0243325314932668,0,0.12920100056502,0.0196744440660503,0.0203195843741715,-9.1290188253268e-06,-0.122509327939955,-0.129201000565021,-4.44089209850063e-16,-0.00272380642335612,0.0113389249216547,-0.000314799284062417,-0.0205405648320288,-0.0196744440660515,0.00272380642335585,0,0.00355413072630772,-4.23953186718951e-05,-0.00372146363986027,0.000950309641487803,0.00484108325080085,0.00179384262212149,-6.50521303491303e-19,-0.00179616533524775,0.0311918480367184,0.0316517165581852,0.0177363821783149,0.00567324232736277,-0.000216109558667354,0
-2.22044604925031e-16,0.0959496131692372,0.0528290055883609,0.0156273849860973,-0.0316905103896383,-0.0311925162619289,0.024739389926585,-4.44089209850063e-16,0.12926267854552,0.019651905359038,0.0203075936737784,-2.00092462923074e-05,-0.122370178535708,-0.129262678545521,0,-0.00274164693607615,0.0113317707659477,-0.000320035317925349,-0.0204757788041042,-0.0196519053590382,0.00274164693607648,5.55111512312578e-17,0.00355177116263189,-4.38570100856905e-05,-0.0037040833877001,0.000953245515903696,0.00484525340503546,0.00179329336165035,6.50521303491303e-19,-0.00179617321168661,0.0311925419146846,0.0316500229570313,0.017734615181103,0.00567216267352944,-0.000214914305590286,0
-1.55431223447522e-15,0.0959556849805447,0.0528372553961456,0.0156295575027652,-0.0316958358174868,-0.0311938596840065,0.0252063516272639,-4.44089209850063e-16,0.1292911461023,0.0196165445912446,0.0202939139862726,-3.31847443675315e-05,-0.122166516209343,-0.1292911461023,4.44089209850063e-16,-0.00276290867581963,0.0113233557013106,-0.000326454037906654,-0.0203909184941597,-0.0196165445912447,0.00276290867581991,-1.11022302462516e-16,0.00354904705048803,-4.5668996000503e-05,-0.00368088400144323,0.000959379941965063,0.00485017916296367,0.0017926386516478,4.33680868994202e-19,-0.00179618099768225,0.0311939340013198,0.0316488648704533,0.0177326779779655,0.00567108389596382,-0.000213718385952966,0
0,0.0959689723567041,0.0528495846726469,0.0156329175428451,-0.0317033611406863,-0.0311974449543662,0.0256983354355703,4.44089209850063e-16,0.129205258091418,0.0195540277893707,0.0202795753485039,-4.88196193488832e-05,-0.121831665563211,-0.129205258091418,0,-0.00278676821133228,0.0113137937844279,-0.000333860083578053,-0.0202734584162327,-0.0195540277893705,0.002786768211332,-5.55111512312578e-17,0.0035459671939882,-4.77715817417401e-05,-0.00364781436518931,0.000973183309690629,0.00485566762042926,0.00179188839484283,-6.50521303491303e-19,-0.0017961891789054,0.0311975570931231,0.031649546414836,0.0177305622099763,0.00566993619026601,-0.000212445759363522,0
6.66133814775094e-16,0.0959880592312419,0.0528651791911543,0.0156371927958621,-0.0317126832753716,-0.0312028519599945,0.0262124845568437,-4.44089209850063e-16,0.129027424366264,0.0194695341730582,0.0202645922925297,-6.65142492732862e-05,-0.121390301221306,-0.129027424366265,-4.44089209850063e-16,-0.00281277033730554,0.0113032471243448,-0.000342084200593007,-0.0201294190671873,-0.0194695341730586,0.00281277033730509,1.11022302462516e-16,0.0035425758836749,-5.01141510161895e-05,-0.00360670637321541,0.000993171051254194,0.00486162102787311,0.00179105595886241,0,-0.00179619781181392,0.0312029644906949,0.0316516780961938,0.0177282798144134,0.00566870806708875,-0.000211084377311987,0
6.66133814775094e-16,0.0960075940902669,0.0528814823802184,0.0156417089179104,-0.0317225419910634,-0.0312082253847872,0.0267685106552061,-4.44089209850063e-16,0.128855527414193,0.0193822919488444,0.0202481976218745,-8.55249708804351e-05,-0.12093409889689,-0.128855527414193,4.44089209850063e-16,-0.00284083116597866,0.0112918788788678,-0.000351018569323625,-0.0199782439348255,-0.0193822919488442,0.00284083116597922,1.11022302462516e-16,0.00353893536066707,-5.26657863569313e-05,-0.00356366311378866,0.00101354560279638,0.00486803218442135,0.00179015421072963,6.50521303491303e-19,-0.00179620660653472,0.0312082906470167,0.0316536576994465,0.0177258589599055,0.00566743826998151,-0.000209677109839768,0
8.88178419700125e-16,0.0960233148723804,0.052896432387322,0.0156459263643429,-0.0317319531576361,-0.0312120772231899,0.0273782398763827,4.44089209850063e-16,0.128768085713723,0.0193078240998501,0.0202297812156735,-0.000105267190348535,-0.120538557139168,-0.128768085713723,0,-0.00287083536405364,0.0112798167751897,-0.000360584212180104,-0.0198360352336504,-0.0193078240998504,0.00287083536405347,5.55111512312578e-17,0.00353509435722416,-5.54045537806691e-05,-0.00352373511250529,0.00102962066509776,0.00487488042213837,0.00178919285779845,0,-0.00179621532398946,0.0312120640784108,0.0316542208439758,0.0177233280684886,0.00566616036570255,-0.000208261000768317,0
-1.99840144432528e-15,0.0960356232231521,0.0529100388339632,0.0156498065317103,-0.0317409973841958,-0.0312145804381243,0.0280250713193131,0,0.128755459061499,0.019245137551156,0.0202095697663647,-0.00012564744001109,-0.120201923600681,-0.128755459061499,0,-0.00290230177696671,0.0112671429132862,-0.00037068996747891,-0.0197033141677475,-0.0192451375511568,0.00290230177696671,5.55111512312578e-17,0.00353106971896655,-5.83044776728547e-05,-0.00348702955468046,0.00104174821389026,0.00488204720031677,0.00178817786013878,-1.30104260698261e-18,-0.00179622404906458,0.0312144717854822,0.0316535285924963,0.0177207047651478,0.00566486085305029,-0.000206821524656786,0
2.22044604925031e-16,0.0960486075381148,0.0529241346216842,0.0156537651649691,-0.0317506979893598,-0.031217198321043,0.0286884624558476,8.88178419700125e-16,0.128742470450262,0.0191793026642677,0.0201879865453893,-0.0001473524546447,-0.119856443586155,-0.128742470450261,-4.44089209850063e-16,-0.00293534297914189,0.0112536376165568,-0.000381437983179467,-0.0195655139868243,-0.0191793026642673,0.00293534297914139,-5.55111512312578e-17,0.00352677155634257,-6.13927262123615e-05,-0.00344898669947863,0.00105438984124353,0.00488955124465345,0.00178709186084434,-8.67361737988404e-19,-0.00179623329702054,0.0312169610075319,0.0316527646138304,0.0177179241563248,0.0056634590559147,-0.000205270424390891,0
-6.66133814775094e-16,0.0960659716992689,0.0529405159382335,0.0156582285147846,-0.0317620395786564,-0.0312212310042539,0.0293628734947831,0,0.128663745355387,0.0190962955256158,0.0201651352205094,-0.000171239785256905,-0.119437055090228,-0.128663745355387,0,-0.00297060281425798,0.0112389446413745,-0.000393050713123788,-0.0194076125081536,-0.0190962955256157,0.00297060281425815,1.11022302462516e-16,0.00352207258181658,-6.47309103520843e-05,-0.00340496689205216,0.00107165750322436,0.00489753975832264,0.00178590651410901,0,-0.00179624355965819,0.0312207947084604,0.031652939988161,0.0177148883000726,0.00566187194596712,-0.000203516939478399,0
8.88178419700125e-16,0.0960879152520202,0.0529594334741725,0.0156632688782863,-0.0317751576873841,-0.0312267155018682,0.0300625744402255,-4.44089209850063e-16,0.128518946063706,0.018994811647933,0.0201406585648698,-0.000197660165495606,-0.118936272550417,-0.128518946063706,0,-0.00300872844252131,0.0112228417700853,-0.000405704517712824,-0.0192267678950468,-0.0189948116479333,0.00300872844252092,-1.11022302462516e-16,0.00351690508236463,-6.83698871744576e-05,-0.00335415777240364,0.00109383381838726,0.00490616506091556,0.00178460316126758,0,-0.00179625488900262,0.031225982987343,0.0316540338027078,0.01771154424323,0.00566007944737879,-0.000201539438799636,0
6.66133814775094e-16,0.0961115430778818,0.0529797526859286,0.0156686392015055,-0.0317894194741943,-0.0312325826082185,0.0308159255618669,-4.44089209850063e-16,0.128364545046968,0.0188849397602815,0.0201138772101555,-0.000226452980153447,-0.118398485883607,-0.128364545046969,0,-0.00305022474099736,0.011205267731361,-0.000419497670913316,-0.0190313987661943,-0.0188849397602825,0.00305022474099709,-5.55111512312578e-17,0.00351126595561346,-7.23401560276948e-05,-0.0032992709853867,0.00111778859496085,0.00491554974430836,0.00178317525195216,-8.67361737988404e-19,-0.00179626697256327,0.0312314614778676,0.0316551379961755,0.0177078881415518,0.00565811835353036,-0.000199378600081568,0
0,0.0961339803821299,0.0530002957866089,0.0156740784432363,-0.0318041420757373,-0.0312377838628648,0.0316449971106617,-4.44089209850063e-16,0.128254856465389,0.0187770783722629,0.0200843309361924,-0.000257282896495958,-0.117868977035871,-0.128254856465389,4.44089209850063e-16,-0.00309521644152566,0.0111862804288614,-0.000434435300234792,-0.0188308645244395,-0.0187770783722632,0.00309521644152555,0,0.00350518858949289,-7.66460903820487e-05,-0.00324326778931231,0.00114035880282,0.00492572507452717,0.00178162545875725,0,-0.00179627944076192,0.0312362057145267,0.0316554021985858,0.0177039472584886,0.00565603780660939,-0.000197088629830811,0
4.44089209850063e-16,0.0961550580896757,0.0530209975755898,0.0156795719627856,-0.0318192198969203,-0.0312422598847819,0.0325498427726865,-8.88178419700125e-16,0.12819109292868,0.0186721959814768,0.0200521940349274,-0.00028996148238658,-0.11734896365041,-0.128191092928681,0,-0.00314332536091566,0.0111659994567423,-0.000450435019053508,-0.0186261914556168,-0.0186721959814776,0.00314332536091533,-5.55111512312578e-17,0.00349871269239255,-8.12662800719344e-05,-0.00318642353347296,0.00116131296223085,0.0049365975969606,0.00177996142731372,0,-0.00179629210550784,0.0312401591631286,0.0316548259719472,0.0176997588828476,0.00565386001385459,-0.000194694372177673,0
-8.88178419700125e-16,0.0961771657646386,0.0530428351529175,0.015685330977061,-0.0318351137140889,-0.0312468843281224,0.0335109828125491,4.44089209850063e-16,0.12812464412999,0.0185621677377954,0.0200181636168835,-0.000324494408829867,-0.116797781269332,-0.128124644129989,0,-0.00319382423163317,0.0111445641066767,-0.000467360523805027,-0.0184102199074802,-0.0185621677377951,0.0031938242316335,5.55111512312578e-17,0.00349187191590056,-8.61628567519479e-05,-0.00312638844144243,0.00118323059212901,0.00494798654102665,0.00177819257246053,0,-0.0017963049605253,0.0312441546308458,0.0316541878480032,0.0176953585314162,0.005651576479896,-0.000192187258549414,0
-6.66133814775094e-16,0.0962027057062009,0.0530667401628537,0.0156915483064888,-0.0318522999437634,-0.0312525361817129,0.0345064340408924,0,0.128006622566768,0.0184387687931826,0.0199829196261172,-0.000360896181982095,-0.11617574684266,-0.128006622566769,-4.44089209850063e-16,-0.00324600383616991,0.0111221071070502,-0.000485078972926711,-0.0181759439734933,-0.0184387687931831,0.00324600383616974,0,0.00348469740623575,-9.12986712255925e-05,-0.00306085677296876,0.00120872392534274,0.00495971545425666,0.00177632792524371,0,-0.00179631800435376,0.0312490122648208,0.0316542595321775,0.0176907791123678,0.00564917626015327,-0.000189556074853714,0
6.66133814775094e-16,0.0962317179084893,0.0530926046865241,0.0156981793498567,-0.0318707419468491,-0.031259240283495,0.0355269185947908,0,0.127833755880921,0.0183021239775836,0.0199466671714617,-0.000398990276555544,-0.115484111105421,-0.127833755880921,0,-0.0032994570240632,0.0110987486515106,-0.000503496303699169,-0.0179244108638636,-0.018302123977584,0.00329945702406303,-5.55111512312578e-17,0.00347722615519774,-9.66479295033129e-05,-0.0029900935663031,0.00123782944340405,0.00497168472856914,0.00177437573112122,-1.73472347597681e-18,-0.00179633110536083,0.0312547319261933,0.0316550900077599,0.0176860528374022,0.00564667191026424,-0.000186815098703108,0
4.44089209850063e-16,0.0962618939466804,0.053119316860855,0.0157049588770781,-0.0318898942825876,-0.0312661704340988,0.0365760827822504,-8.88178419700125e-16,0.127648510392731,0.0181606671587464,0.0199091353227439,-0.000438426014996107,-0.114765045027698,-0.127648510392731,-4.44089209850063e-16,-0.00335411925856866,0.0110745866356354,-0.000522564050659646,-0.0176646487327465,-0.0181606671587472,0.00335411925856816,-5.55111512312578e-17,0.00346949807594304,-0.000102198032220002,-0.00291692034131041,0.0012680077162179,0.00498388217239929,0.00177234277111172,0,-0.00179634403047029,0.0312605230717869,0.0316560176282376,0.0176812078163222,0.00564409847200908,-0.000184002865383448,0
0,0.0962903879043731,0.0531457104574802,0.0157116181824422,-0.0319092008575739,-0.0312722856389063,0.0376746171397508,4.44089209850063e-16,0.127507862340939,0.018024203228634,0.0198695235652968,-0.000479182507099996,-0.11406717281535,-0.127507862340939,0,-0.00341069415777584,0.0110494637879479,-0.000542427583288596,-0.017405541420234,-0.0180242032286338,0.00341069415777595,5.55111512312578e-17,0.00346147393058405,-0.000107991283481879,-0.00284422354517075,0.00129614981965775,0.00499648003280849,0.00177021531703664,-1.73472347597681e-18,-0.00179635670993621,0.0312654121903972,0.0316561445806187,0.0176762050363771,0.0056414621823746,-0.000181126358631101,0
4.44089209850063e-16,0.0963164499794535,0.0531716090313061,0.0157181099689068,-0.0319286227829181,-0.0312772943312207,0.0388389966947263,-2.22044604925031e-16,0.127430214477232,0.0178946950257116,0.0198272005884846,-0.000521620222002639,-0.113401218179273,-0.127430214477232,4.44089209850063e-16,-0.00347003265596513,0.0110230882366871,-0.000563301282301865,-0.0171476657236925,-0.0178946950257112,0.00347003265596546,1.66533453693773e-16,0.00345306277747393,-0.000114089069693402,-0.00277229439953508,0.00132148804184199,0.00500968241946413,0.00176796838392907,0,-0.00179636926860194,0.0312691325834556,0.0316551623426179,0.0176709641883057,0.0056387266174529,-0.000178146381976219,0
0,0.0963422835093122,0.0531980393085361,0.015724648451398,-0.0319487272677361,-0.0312819820386405,0.0400653601012427,0,0.127375063952056,0.0177636365630889,0.0197822457134835,-0.00056621705714166,-0.112727070849359,-0.127375063952056,0,-0.00353242391375597,0.0109952628136298,-0.000585291221933293,-0.0168819517628229,-0.0177636365630892,0.00353242391375597,0,0.00344419224598946,-0.00012052152734604,-0.00269830216119252,0.0013465407530432,0.00502355478351712,0.00176558414190593,0,-0.00179638187965537,0.031272401798475,0.0316536708135803,0.0176654230007799,0.00563583586884697,-0.000175003043899169,0
-1.55431223447522e-15,0.0963709860807134,0.053226341259248,0.015731513535711,-0.0319702173109566,-0.031287463393598,0.0413409759171446,0,0.127282480504882,0.0176196103200308,0.0197351214325967,-0.000613331801637695,-0.111988991429228,-0.127282480504882,0,-0.00359768722825304,0.0109659250776111,-0.00060839953437597,-0.0165969550037282,-0.0176196103200315,0.00359768722825221,-5.55111512312578e-17,0.00343483046853432,-0.000127289751319148,-0.00261859961710604,0.00137480801154573,0.00503804711472469,0.00176305513129644,0,-0.00179639460908571,0.0312762114387685,0.0316525712138779,0.0176595571620588,0.00563274701594951,-0.000171650896497622,0
6.66133814775094e-16,0.0964037360177961,0.0532570009049047,0.0157387996036475,-0.0319933125975396,-0.0312941636137725,0.0426606971298238,-2.22044604925031e-16,0.127127928015065,0.0174583918139724,0.0196861347228778,-0.000662978562071759,-0.111164149837228,-0.127127928015066,0,-0.00366551080520239,0.0109351340689035,-0.000632569711437547,-0.0162884678073933,-0.0174583918139724,0.00366551080520222,0,0.00342499316344491,-0.000134379124906991,-0.00253180339608832,0.00140764005590275,0.00505308027651071,0.00176038360843452,-6.93889390390723e-18,-0.00179640731900124,0.0312809040220645,0.0316522299661394,0.0176533817253216,0.00562945885814814,-0.000168089755844592,0
-2.22044604925031e-16,0.0964388845821815,0.0532892979306732,0.0157463463311154,-0.0320175667580536,-0.0313014890891019,0.0440317954058298,2.22044604925031e-16,0.126940599888773,0.0172861307354644,0.0196352146219785,-0.0007148100065415,-0.110279141221345,-0.126940599888774,0,-0.003735674829628,0.0109030285226033,-0.000657724991574238,-0.0159625795841999,-0.0172861307354644,0.00373567482962789,-1.11022302462516e-16,0.00341473336981674,-0.000141769938435232,-0.00243979435223591,0.00144322034315272,0.00506860255371875,0.00175757863899197,0,-0.00179641971243787,0.0312859079264427,0.0316522080087855,0.0176469390244358,0.00562601377016603,-0.000164366354840628,0
-8.88178419700125e-16,0.096473669002064,0.053322035154431,0.0157538981123186,-0.0320422889277223,-0.0313084404821491,0.045464065243932,-4.44089209850063e-16,0.126771481820033,0.0171131407003111,0.0195821194796013,-0.000768366991773961,-0.109381824929964,-0.126771481820034,0,-0.00380802400648284,0.0108697598899736,-0.000683794430693219,-0.0156297568812426,-0.0171131407003111,0.00380802400648239,5.55111512312578e-17,0.00340411215188563,-0.000149444331401627,-0.00234584992033527,0.00147844207498624,0.0050845789149973,0.00175465059883964,3.46944695195361e-18,-0.00179643148777715,0.0312903207395641,0.03165175388435,0.0176402791200644,0.00562246834358848,-0.000160542435632571,0
4.44089209850063e-16,0.0965067184575195,0.0533545594194864,0.0157613129798464,-0.0320671074012444,-0.0313145303213567,0.0469557334315622,6.66133814775094e-16,0.126644760985926,0.0169446655430474,0.0195268576720387,-0.000823320804264727,-0.108498078193323,-0.126644760985925,0,-0.00388230498758402,0.010835470237204,-0.000710687193986814,-0.0152959877805737,-0.0169446655430469,0.00388230498758441,5.55111512312578e-17,0.00339318054694565,-0.000157377461187991,-0.00225181719869109,0.0015117570161445,0.00510095141625127,0.00175160970107863,0,-0.00179644247026964,0.0312937244821209,0.0316505273687456,0.0176334401897005,0.0056188561590198,-0.000156654695649516,0
8.88178419700125e-16,0.0965390568684195,0.0533871642028425,0.0157686402508843,-0.032092215722372,-0.031320137834876,0.0484897685493415,2.22044604925031e-16,0.126538607036678,0.0167771840387747,0.019469791039977,-0.000879609804867565,-0.107613796190839,-0.126538607036678,0,-0.00395811915502398,0.0108002589853209,-0.000738309749468868,-0.0149590528041232,-0.0167771840387744,0.00395811915502436,1.11022302462516e-16,0.0033819653282498,-0.000165542765774906,-0.00215692555954381,0.00154431088371296,0.00511762295982283,0.00174846273317911,0,-0.00179645261489481,0.0312964662924929,0.0316488671943953,0.0176264428425313,0.00561517530171018,-0.000152701570357516,0
-4.44089209850063e-16,0.0965727817364692,0.0534205492677999,0.0157760047572695,-0.0321180578067,-0.0313260339434196,0.0500429901556432,4.44089209850063e-16,0.126410379855289,0.0166032035137684,0.0194114389906219,-0.000937280983243305,-0.10669646583226,-0.126410379855289,-4.44089209850063e-16,-0.0040350009850556,0.0107642116891129,-0.000766562688962136,-0.0146129485370179,-0.0166032035137683,0.00403500098505549,5.55111512312578e-17,0.00337048416261232,-0.000173911409307503,-0.00205919270600149,0.00157848075769418,0.0051344789814919,0.00174521548808141,6.93889390390723e-18,-0.001796461911333,0.0312992152842504,0.0316474070492396,0.0176192996541379,0.00561140787350933,-0.000148664378518792,0
-8.88178419700125e-16,0.0966080706395633,0.0534547589154091,0.0157833785105073,-0.032144735841384,-0.0313322761211583,0.0516145955676721,2.22044604925031e-16,0.126257187378803,0.0164222272926366,0.01935166233927,-0.000996476463311691,-0.105743495177607,-0.126257187378803,4.44089209850063e-16,-0.00411289263551939,0.0107272420549518,-0.000795498796120064,-0.0142572051687545,-0.0164222272926368,0.00411289263551964,-2.77555756156289e-17,0.00335870350043596,-0.000182500245781064,-0.0019584742576288,0.00161438202031398,0.00515149277782696,0.00174185791204453,-6.93889390390723e-18,-0.00179647033822491,0.0313020088036894,0.0316461674901035,0.0176119979310364,0.00560753094960009,-0.000144519141816346,0
-8.88178419700125e-16,0.0966430838479506,0.0534891297163731,0.0157905904025495,-0.0321719268061775,-0.0313381826329104,0.0532220245160691,2.22044604925031e-16,0.126116505128988,0.0162410727854669,0.019289838239366,-0.00105728314386777,-0.10478486568014,-0.126116505128988,4.44089209850063e-16,-0.00419205801091938,0.0106891871056471,-0.000825252335468374,-0.0138976411018618,-0.0162410727854664,0.00419205801091938,0,0.00334657209346492,-0.000191350738558194,-0.00185667764376452,0.00164981054124088,0.00516871342081837,0.0017383726709208,0,-0.00179647782694004,0.0313042629385962,0.0316445742797211,0.0176045142540376,0.00560353252539691,-0.000140253702426207,0
-4.44089209850063e-16,0.096676323399596,0.0535231407641592,0.0157975170698852,-0.0321993371639819,-0.031343200010761,0.0548789288117422,4.44089209850063e-16,0.126018287401914,0.0160652263992758,0.0192255341826333,-0.00111972195086674,-0.103844637553885,-0.126018287401914,0,-0.00427269744881142,0.0106499479883673,-0.000855907241836373,-0.0135389674981485,-0.0160652263992752,0.00427269744881159,0,0.00333406078495885,-0.000200489253766478,-0.00175533904713726,0.00168300297501868,0.00518618060635732,0.00173474817668515,0,-0.00179648428016772,0.03130552147572,0.0316421827558421,0.0175968335083808,0.00559940924536029,-0.000135865238049759,0
4.44089209850063e-16,0.0967081675488708,0.053556978114436,0.0158041897961292,-0.032227042360315,-0.0313474641490412,0.0565854152718166,-4.44089209850063e-16,0.125954607906301,0.0158931314003776,0.0191587899861689,-0.00118385440767099,-0.102914487598734,-0.125954607906301,0,-0.00435481012120054,0.0106095031757438,-0.000887467023660715,-0.0131794360416092,-0.0158931314003775,0.00435481012120051,-5.55111512312578e-17,0.00332116137614266,-0.000209917601390663,-0.00165389630849459,0.00171442848421118,0.00520389174665821,0.0017309801128692,6.93889390390723e-18,-0.00179648960179338,0.0313059023708282,0.0316391086218074,0.0175889448852669,0.00559515097803776,-0.000131343766032965,0
-8.88178419700125e-16,0.0967404633430951,0.0535913555481602,0.0158107491273745,-0.0322554104473909,-0.0313516494995878,0.0583312019281641,0,0.125887819303209,0.0157177411861269,0.0190900106680925,-0.0012497651871497,-0.101960617040995,-0.125887819303209,0,-0.00443821317458504,0.0105678969307399,-0.000919871567726993,-0.0128122577578663,-0.015717741186127,0.00443821317458523,1.11022302462516e-16,0.00330788391594772,-0.000219618304245689,-0.00155014275669313,0.00174630862537353,0.005221804120707,0.00172707035515175,0,-0.00179649368277406,0.0313059445876244,0.0316358974264676,0.0175808448797046,0.00559074460558162,-0.000126676187940933,0
-1.33226762955019e-15,0.0967747225378335,0.0536268151962584,0.0158173026304378,-0.0322847095008392,-0.0313563142277693,0.0601061394083569,-8.88178419700125e-16,0.125786208515243,0.0155332049338457,0.0190196246147394,-0.00131743442955701,-0.100955342046697,-0.125786208515244,0,-0.00452270943640354,0.0105252226846195,-0.000953030559013079,-0.0124319713723387,-0.015533204933846,0.00452270943640332,2.77555756156289e-17,0.00329425703181729,-0.000229564779730851,-0.00144227847225811,0.00178052685707433,0.00523987607383439,0.00172302564397055,0,-0.00179649638863873,0.031306067874867,0.0316330067762538,0.0175725397079606,0.00558618959774204,-0.000121862791493177,0
4.44089209850063e-16,0.0968107367663618,0.053663219335057,0.0158238301492952,-0.0323148169976362,-0.0313613905757673,0.0619077076572643,2.22044604925031e-16,0.125651701373186,0.0153400757172819,0.0189478004650943,-0.00138667041259044,-0.0999019238658589,-0.125651701373186,-4.44089209850063e-16,-0.00460821684422319,0.0104815937751259,-0.000986863676657013,-0.0120394582729115,-0.0153400757172819,0.00460821684422263,-8.32667268468867e-17,0.00328032243557116,-0.000239733716651008,-0.00133053665448752,0.00181697926494586,0.00525809631822816,0.00171885484570148,-1.38777878078145e-17,-0.00179649757918461,0.0313061858400314,0.0316304141966158,0.0175640474134195,0.00558150902035481,-0.000116928778683745,0
-4.44089209850063e-16,0.0968468561554028,0.0536998850779122,0.0158302125792775,-0.0323452869350578,-0.0313662891125595,0.0637396384803048,8.88178419700125e-16,0.125514663288893,0.0151442698743753,0.0188744744262881,-0.00145716068638935,-0.0988298370461582,-0.125514663288893,-4.44089209850063e-16,-0.0046947796901915,0.0104371246641706,-0.00102130515662191,-0.0116409144097888,-0.0151442698743755,0.00469477969019116,-1.94289029309402e-16,0.00326612679549723,-0.000250106116501753,-0.00121686543917807,0.00185387993217606,0.00527648697855233,0.0017145674435162,0,-0.00179649714736485,0.0313058194205507,0.0316276985614546,0.0175553893937636,0.00557674000957753,-0.000111913999302216,0
0,0.0968815650762789,0.0537361880168197,0.015836341014019,-0.0323757226213974,-0.0313704677000288,0.0656037672432714,0,0.125403351636153,0.0149513385374778,0.0187995704067219,-0.0015286396356311,-0.0977673001478632,-0.125403351636153,0,-0.00478241544988145,0.0103919074807286,-0.00105630146599967,-0.0112423112056386,-0.0149513385374775,0.0047824154498817,8.32667268468867e-17,0.00325170716937764,-0.000260666601455212,-0.00110315041046432,0.00188953754132478,0.00529506083456924,0.00171017096361342,0,-0.00179649503204372,0.0313045575675162,0.0316244750381984,0.0175465839124551,0.00557191201916818,-0.00010684990875609,0
-8.88178419700125e-16,0.0969147961631376,0.053772033798924,0.0158421976356156,-0.0324060860277036,-0.0313739040032774,0.0674931107136425,2.22044604925031e-16,0.125318224250544,0.0147615972934074,0.0187231846514404,-0.00160101470893803,-0.0967182629287293,-0.125318224250544,0,-0.00487101114318267,0.0103459995224988,-0.0010918073634858,-0.0108447055845861,-0.0147615972934074,0.00487101114318284,0,0.00323708253635438,-0.000271402240525964,-0.000989700392776391,0.0019238799182046,0.00531379242931334,0.00170566942617546,-6.93889390390723e-18,-0.00179649119179728,0.0313024072050635,0.0316207483873618,0.0175376417340137,0.00556703252673019,-0.000101744612689969,0
0,0.0969464660194683,0.0538073622231878,0.0158477306581326,-0.032436395618177,-0.0313765676464199,0.0694052444788236,4.44089209850063e-16,0.125260627490368,0.0145762683216857,0.0186452757529996,-0.00167429083366688,-0.0956853309467001,-0.125260627490368,-4.44089209850063e-16,-0.00496004625808855,0.0102994014693005,-0.00112781760020364,-0.0104496527023211,-0.0145762683216853,0.00496004625808785,2.77555756156289e-17,0.00322224248302008,-0.000282313733265094,-0.000876996821337579,0.00195652098151703,0.00533253101580218,0.00170105913538338,-6.93889390390723e-18,-0.00179648556669011,0.0312993915442961,0.031616503286844,0.0175285908365189,0.00556208708702044,-9.65831688182206e-05,0
8.88178419700125e-16,0.0969764386624932,0.0538421363793851,0.0158528824075925,-0.0324666880420326,-0.0313783994761829,0.071341609913834,0,0.125233362765998,0.0143971382234604,0.0185657133542425,-0.00174853448702339,-0.094670668332425,-0.125233362765997,0,-0.00504884723411614,0.0102520777593837,-0.00116436040643286,-0.0100589196434351,-0.0143971382234609,0.00504884723411611,-1.38777878078145e-16,0.00320716112922331,-0.000293412571556018,-0.000765601528910212,0.00198687497646342,0.00535107398631027,0.00169633149426656,6.93889390390723e-18,-0.00179647806547287,0.0312955226945423,0.0316117035476788,0.0175194690974222,0.00555705487726299,-9.13440893615114e-05,0
1.77635683940025e-15,0.097005287545878,0.0538765704276809,0.0158576579989069,-0.0324971293330276,-0.0313796011414142,0.0732996944325544,4.44089209850063e-16,0.12522496076703,0.0142228291468354,0.0184845276988064,-0.00182383693140542,-0.0936636992537687,-0.12522496076703,0,-0.00513693489129263,0.0102040088330888,-0.00120144323839444,-0.00967119833679625,-0.0142228291468354,0.00513693489129249,-2.77555756156289e-17,0.00319182116945191,-0.000304702648356303,-0.000655083455487558,0.00201535874213601,0.00536927796080378,0.00169148053427667,0,-0.00179646856748251,0.0312909885353831,0.0316065095463259,0.0175102980047787,0.00555191553282608,-8.60064951667683e-05,0
0,0.0970338671232165,0.0539109638778936,0.0158621010133762,-0.0325279021916858,-0.0313804840401768,0.0752749490550804,-4.44089209850063e-16,0.125217951441404,0.0140501743326635,0.0184018704964886,-0.00190025380103176,-0.0926486839666778,-0.125217951441404,0,-0.00522416088998323,0.0101552039729631,-0.00123904593735413,-0.00928344843237994,-0.0140501743326636,0.00522416088998295,5.55111512312578e-17,0.00317622179918459,-0.000316177921501098,-0.000544449393454223,0.00204297043131238,0.00538710013675484,0.00168650500791856,6.93889390390723e-18,-0.00179645694204895,0.0312860242116337,0.0316011618078766,0.0175010776246436,0.00554665726873105,-8.05585679346521e-05,0
8.88178419700125e-16,0.0970626074376457,0.0539454550864469,0.015866247728709,-0.0325590516418273,-0.0313812120569268,0.0772644122196009,-2.22044604925031e-16,0.125202784403032,0.0138770701038085,0.0183179056500598,-0.00197774532891981,-0.0916172484747748,-0.125202784403032,2.22044604925031e-16,-0.00531065024904565,0.0101057064760544,-0.00127712695517657,-0.00889367154676571,-0.013877070103808,0.00531065024904601,1.38777878078145e-16,0.00316038075306546,-0.000327824927874948,-0.00043303944229503,0.00207039420996489,0.00540458101796144,0.0016814086343202,0,-0.00179644308350034,0.0312807325038822,0.0315957929290085,0.0174917977624789,0.00554128408531285,-7.50049735401825e-05,0
4.44089209850063e-16,0.0970912323001123,0.0539799368163001,0.0158701058735491,-0.0325904428539987,-0.0313816962540514,0.079268518705089,0,0.125183714646305,0.0137036758434017,0.0182327096804247,-0.00205620145371554,-0.0905735156255238,-0.125183714646305,4.44089209850063e-16,-0.00539677691291773,0.0100555638837281,-0.00131564642327908,-0.00850204152325926,-0.0137036758434014,0.00539677691291779,0,0.0031443231388493,-0.00033963020681943,-0.000320901690334149,0.00209760241573538,0.00542183348276502,0.001676196849169,-1.38777878078145e-17,-0.00179642692590984,0.0312750237539324,0.0315903454887683,0.0174824373201099,0.00553581113846568,-6.93619207038365e-05,0
0,0.0971190981758974,0.0540141746810359,0.0158736705414126,-0.0326218421116322,-0.0313817172591961,0.0812885446462808,-2.22044604925031e-16,0.125172015961814,0.0135314988883277,0.0181463510981541,-0.00213544625712614,-0.0895283994498752,-0.125172015961814,-2.22044604925031e-16,-0.00548293961976709,0.0100048485743367,-0.00135455102043913,-0.00811013017608303,-0.0135314988883282,0.00548293961976673,-1.66533453693773e-16,0.00312808411698604,-0.000351576299461226,-0.000208534401394067,0.00212415269135988,0.00543898118501376,0.00167087812261096,0,-0.00179640845763135,0.0312687212986453,0.0315846720777465,0.0174729800917425,0.00553026275432067,-6.36549730665958e-05,0
4.44089209850063e-16,0.0971458600819801,0.0540480348124017,0.0158769435276351,-0.0326531159136021,-0.0313811568952942,0.0833237313880679,-4.44089209850063e-16,0.125173629677768,0.0133611467577113,0.0180588781474542,-0.00221537977519337,-0.0884883459057886,-0.125173629677768,0,-0.00556945077373561,0.00995360042397087,-0.00139380882800877,-0.00771871406111124,-0.0133611467577121,0.0055694507737353,-2.77555756156289e-17,0.00311168491160801,-0.000363652762381206,-9.61829565030159e-05,0.00214986886815494,0.00545611932010191,0.00166545721009648,1.38777878078145e-17,-0.0017963876663991,0.0312617316898985,0.0315786951380043,0.0174634099308949,0.00552465381727407,-5.78997292999262e-05,0
4.44089209850063e-16,0.097171735551778,0.0540815647101116,0.0158799422493479,-0.0326842650583972,-0.0313801070402393,0.0853704170350482,-6.66133814775094e-16,0.125183295547205,0.0131913823273064,0.0179704340412732,-0.00229593163260033,-0.087449759893151,-0.125183295547206,-4.44089209850063e-16,-0.00565642335314442,0.00990187008846255,-0.00143337144133082,-0.00732681949833069,-0.0131913823273064,0.00565642335314437,0,0.00309514526923171,-0.000375844464274078,1.64825466429236e-05,0.00217516796606637,0.00547328913240322,0.00165993953317009,-1.38777878078145e-17,-0.00179636452124832,0.0312541099928186,0.0315724879995348,0.017453717556676,0.00551898973146969,-5.21018197349177e-05,0
-4.44089209850063e-16,0.0971972639794605,0.0541149148977076,0.0158826891890307,-0.0327153894668695,-0.0313787693720502,0.0874238045603595,-6.66133814775094e-16,0.125189779569058,0.0130200670366079,0.0178811673844037,-0.00237708535915138,-0.0864035072706684,-0.125189779569058,-2.22044604925031e-16,-0.00574381729336393,0.00984969287383564,-0.0014732032128868,-0.00693258957657017,-0.0130200670366074,0.00574381729336393,5.55111512312578e-17,0.00307847635704446,-0.000388140664153297,0.000130080920796249,0.0022007485186612,0.00549048484828576,0.00165432814879163,0,-0.00179633897091905,0.0312459863522068,0.0315662031944142,0.0174439020377105,0.00551326990697254,-4.62606436205659e-05,0
-8.88178419700125e-16,0.0972210570169012,0.0541475945340415,0.015885079954991,-0.0327461932308561,-0.0313766342049866,0.0894862072802669,-4.44089209850063e-16,0.125219790614314,0.0128542981149922,0.0177909730337209,-0.00245863748470887,-0.0853759390330353,-0.125219790614314,0,-0.00583066477146188,0.00979716236490979,-0.00151326838738264,-0.00654352706291436,-0.0128542981149925,0.00583066477146205,1.52655665885959e-16,0.00306169597748131,-0.000400532870562215,0.000242212645544415,0.00222439845142094,0.00550742826309257,0.00164862736663351,1.38777878078145e-17,-0.00179631103383517,0.0312371214729265,0.0315595113668019,0.017434054818297,0.0055075076700537,-4.03899386314244e-05,0
-2.22044604925031e-15,0.097241105669398,0.05417893691792,0.0158869799945336,-0.0327762550414374,-0.0313729628042689,0.0915620475782881,0,0.125312237569992,0.0127043962808959,0.0176996691942324,-0.00254033213981009,-0.084404846721835,-0.125312237569992,-2.22044604925031e-16,-0.0059155687896244,0.00974439334003674,-0.00155353137983649,-0.00617040956960331,-0.012704396280896,0.0059155687896242,4.16333634234434e-17,0.00304482198391817,-0.000413012796575948,0.00034941104589005,0.00224287425816487,0.00552371364303773,0.00164284168538976,0,-0.00179628075267436,0.0312272031277689,0.0315519362178099,0.0174243067323403,0.00550171706804148,-3.45040688585208e-05,0
-4.44089209850063e-16,0.0972574793372396,0.054208949908797,0.0158883723628618,-0.0328056201585594,-0.0313677730760618,0.0936457671756457,0,0.125465505911988,0.0125718320732506,0.0176073384614761,-0.00262211539556789,-0.0834913754860851,-0.125465505911988,-2.22044604925031e-16,-0.00599758133706074,0.00969145548250672,-0.00159395788234717,-0.00581533470505856,-0.0125718320732508,0.00599758133706063,5.55111512312578e-17,0.00302786118626333,-0.000425570394422287,0.000451014860180746,0.00225572026333512,0.00553906533161105,0.00163697356273072,0,-0.00179624807442774,0.0312163749251684,0.0315435258705533,0.0174147336438056,0.00549589224439173,-2.85968287040417e-05,0
8.88178419700125e-16,0.0972722244036559,0.0542382505833756,0.0158893345652427,-0.0328347517570751,-0.0313618202223265,0.0957242275782946,0,0.125639018105597,0.0124492586245628,0.0175143508434834,-0.00270407974978193,-0.0826005082359651,-0.125639018105598,0,-0.00607634195704865,0.00963839236113495,-0.00163449068410726,-0.00547155416473166,-0.0124492586245632,0.00607634195704818,-1.38777878078145e-17,0.00301081819972952,-0.000438186486550377,0.000549236680651877,0.00226529101641676,0.00555338464951266,0.00163102647981284,0,-0.00179621281814175,0.0312051624989862,0.0315348223870046,0.0174053421861023,0.00549000852313053,-2.26426867053764e-05,0
8.88178419700125e-16,0.0972874666373569,0.0542674680454209,0.015889961836772,-0.0328641143163941,-0.0313558870322956,0.097785957867758,0,0.125791168939465,0.0123279222412407,0.0174210457285482,-0.00278635646436243,-0.0816953730436785,-0.125791168939466,0,-0.00615212855137459,0.00958520585216127,-0.0016750951385105,-0.00513067625843508,-0.0123279222412407,0.00615212855137467,2.77555756156289e-17,0.00299369541936872,-0.000450847914731517,0.000646813594931253,0.00227438317133249,0.00556675595748832,0.00162500248654059,-1.38777878078145e-17,-0.00179617480316691,0.0311940279578733,0.0315263685436791,0.0173960903597856,0.00548404712739037,-1.66223445116076e-05,0
-4.44089209850063e-16,0.0973035293785491,0.0542966804120169,0.0158902931324039,-0.0328937104824614,-0.0313501139080778,0.0998294719057675,-4.44089209850063e-16,0.125915201683967,0.0122051205377667,0.0173275480498649,-0.00286891077370255,-0.0807697943949042,-0.125915201683968,-2.22044604925031e-16,-0.00622567331636503,0.00953190832504336,-0.00171573783980117,-0.00478996244320086,-0.0122051205377663,0.00622567331636516,0,0.0029765097772714,-0.000463541732916795,0.000744627387696511,0.00228386959250637,0.00557939825614058,0.00161890709230295,0,-0.00179613398132894,0.0311829967441185,0.0315182410355921,0.0173869175078786,0.00547801235609935,-1.05401946260963e-05,0
-1.33226762955019e-15,0.0973189207345286,0.0543254515947331,0.0158903230719449,-0.0329231197553641,-0.0313439680665915,0.101862430135557,4.44089209850063e-16,0.126039925529217,0.0120847949281888,0.0172336939236826,-0.00295161268091038,-0.0798493633443436,-0.126039925529216,0,-0.00629792806659379,0.00947849196211492,-0.0017564264640566,-0.00445301259428585,-0.012084794928189,0.00629792806659367,-4.16333634234434e-17,0.00295927880787458,-0.000476268405744204,0.000841468249270852,0.00229247456213552,0.00559158790962774,0.00161274402313367,0,-0.00179609048847226,0.0311716899333837,0.0315100472228297,0.0173777684751482,0.00547193230518395,-4.42494569963259e-06,0
0,0.0973319307926741,0.0543533129374092,0.0158900401008957,-0.0329518686973032,-0.0313368416825783,0.103894099696406,0,0.126197912164047,0.0119719177992499,0.0171392978747376,-0.00303431534082499,-0.0789626382559079,-0.126197912164047,0,-0.00636969381649388,0.00942495571165347,-0.00179716432740706,-0.0041243560163442,-0.0119719177992492,0.00636969381649378,-1.38777878078145e-17,0.00294201927949782,-0.000489027756933408,0.000935817131750408,0.00229858611488536,0.00560355938729799,0.00160651713634942,-1.38777878078145e-17,-0.00179604449169175,0.0311597066380731,0.0315013453728782,0.0173685988851537,0.00546583344060059,1.69656177817501e-06,0
-8.88178419700125e-16,0.0973423138711804,0.0543802296412284,0.0158894659365125,-0.0329798564233044,-0.0313286552918188,0.105926701555198,0,0.126393330373404,0.011866490194067,0.0170443518257182,-0.00311699530577103,-0.0781126525099423,-0.126393330373404,4.44089209850063e-16,-0.00644141742800275,0.00937129278616666,-0.00183794704084006,-0.00380377552207185,-0.0118664901940672,0.00644141742800292,2.77555756156289e-17,0.00292473708894871,-0.000501817856282463,0.00102772041768548,0.00230218716953519,0.005615445165808,0.00160022807965383,0,-0.00179599603413705,0.0311469772831936,0.0314920705634704,0.017359375311955,0.00545972218326551,7.81805995819784e-06,0
4.44089209850063e-16,0.0973514449044783,0.0544066377190187,0.0158886538640144,-0.033007396866612,-0.0313199111047266,0.107956898314051,-4.44089209850063e-16,0.126599133179071,0.0117629967162776,0.0169490335540159,-0.0031997672879176,-0.0772733628292406,-0.126599133179072,0,-0.00651318143605861,0.00931748737217464,-0.00187876869235071,-0.0034855835422822,-0.011762996716279,0.00651318143605829,-2.77555756156289e-17,0.00290742646345042,-0.000514636746116105,0.00111903474134148,0.00230504244548126,0.0056272703410329,0.00159387564711805,0,-0.0017959450043382,0.0311337645132609,0.0314825755649109,0.0173500776618228,0.00545358595213041,1.39526072437945e-05,0
4.44089209850063e-16,0.0973589341384269,0.0544323796958492,0.0158875554032556,-0.0330344179746147,-0.0313104706295295,0.109980814712922,0,0.126822267421977,0.0116658228276534,0.0168535055952468,-0.00328240975473193,-0.0764539712349801,-0.126822267421977,0,-0.00658339079209136,0.00926371670645598,-0.00191953977566639,-0.00317486625852052,-0.0116658228276539,0.00658339079209111,-1.04083408558608e-16,0.00289012122543642,-0.000527456943608631,0.00120814973987424,0.00230582759706408,0.00563858021450417,0.00158747266733597,0,-0.0017958914533001,0.031120148956906,0.0314728154759149,0.0173408484545839,0.00544743258944647,2.00926884863506e-05,0
-8.88178419700125e-16,0.0973630092653917,0.0544568950015147,0.0158860875538247,-0.0330605330583049,-0.0312996832402019,0.11199610129918,0,0.127096533790951,0.0115859489988321,0.0167578347047392,-0.00336453056622998,-0.0756903851149264,-0.12709653379095,2.22044604925031e-16,-0.00664978562012308,0.00921023768593576,-0.00196015358675639,-0.0028836882971068,-0.0115859489988324,0.00664978562012304,1.04083408558608e-16,0.00287287355513929,-0.000540244516368978,0.00129117146052972,0.00230111190749606,0.00564872428225248,0.00158103811542747,0,-0.00179583562430841,0.0311060360273975,0.0314624129963607,0.0173319090847438,0.0054412891603498,2.62114632092469e-05,0
0,0.0973631650535056,0.054480000010646,0.015884227391052,-0.0330856365968719,-0.0312873651195886,0.11399614772854,-8.88178419700125e-16,0.127431490153063,0.0115279842548159,0.0166621724513831,-0.00344590951595736,-0.0749958004022702,-0.127431490153064,4.44089209850063e-16,-0.0067109359212707,0.0091572235641828,-0.0020005283297384,-0.00261764063833814,-0.0115279842548163,0.00671093592127109,0,0.00285571899801331,-0.000552971563813551,0.00136629589675814,0.00228946861521068,0.00565729109616801,0.00157458630063832,0,-0.00179577763999357,0.0310915281783777,0.0314512791483897,0.0173233950532958,0.00543516619378082,3.22989250222117e-05,0
8.88178419700125e-16,0.0973607045785085,0.0545020117257122,0.0158820085298594,-0.0331100381546086,-0.0312739989557875,0.115969258778689,-4.44089209850063e-16,0.127802389932756,0.0114877505908049,0.0165667871286277,-0.00352655761989151,-0.0743509232809754,-0.127802389932756,0,-0.00676645451930202,0.00910473475035856,-0.00204061208426798,-0.00237333948334115,-0.0114877505908054,0.0067664545193019,-4.16333634234434e-17,0.00283866927412159,-0.000565618676171969,0.00143464220190292,0.00227226270563582,0.00566417189578482,0.00156812432247189,-1.38777878078145e-17,-0.00179571738635537,0.031076978868339,0.031439741993726,0.0173153272229845,0.00542904948200151,3.83700041969304e-05,0
0,0.0973575483613138,0.0545234185690973,0.0158794923467243,-0.0331341711322839,-0.0312602987035939,0.117904774772321,4.44089209850063e-16,0.128173097151456,0.0114570147782369,0.0164719477338582,-0.00360659687252474,-0.0737243161635146,-0.128173097151454,4.44089209850063e-16,-0.00681690256962675,0.00905275072506084,-0.00208038023044455,-0.00214295922461493,-0.0114570147782365,0.00681690256962719,2.08166817117217e-17,0.00282172408795049,-0.000578175163376982,0.00149877118346529,0.00225214645877593,0.00566953495824268,0.00156165481982308,-1.38777878078145e-17,-0.00179565467296046,0.0310627489116972,0.0314282618184974,0.0173076376861573,0.00542291970042541,4.44446165707157e-05,0
-8.88178419700125e-16,0.0973545757200771,0.0545444490392808,0.0158767290037138,-0.0331582016842478,-0.031246600735293,0.119799904402543,0,0.128527466807698,0.0114303859060945,0.0163777265086269,-0.00368613052363775,-0.0731009215878156,-0.128527466807699,0,-0.00686344024670316,0.0090012004108142,-0.00211984296115997,-0.00192100099551568,-0.0114303859060943,0.00686344024670325,1.21430643318376e-16,0.00280487776082477,-0.000590642122405418,0.00156045518689525,0.00223083059885354,0.00567372105478757,0.00155517710274965,0,-0.00179558940690339,0.0310489243038696,0.0314170239321027,0.0173002175333665,0.00541676909057531,5.05308320828401e-05,0
0,0.0973510454741211,0.0545649329241034,0.0158737461684528,-0.0331818795265586,-0.0312326587259633,0.121660765455891,4.44089209850063e-16,0.12887943483823,0.0114081109154873,0.0162839978168128,-0.00376514514641668,-0.0724917526484949,-0.128879434838229,0,-0.00690741333897438,0.008950018084809,-0.00215901901387894,-0.00170717296955144,-0.0114081109154873,0.00690741333897435,2.77555756156289e-17,0.00278813164447792,-0.000603024357564388,0.0016197322933332,0.00220819223380975,0.00567712698355262,0.00154869173941104,-1.38777878078145e-17,-0.00179552169406277,0.0310352577516927,0.0314058059436708,0.0172929592630932,0.00541060844341168,5.66180203360744e-05,0
0,0.0973455777543921,0.0545845718052265,0.0158705641555108,-0.0332048105643206,-0.0312179840728768,0.123497454840257,4.44089209850063e-16,0.129254575498,0.0113930711066916,0.0161905242191187,-0.00384361349004614,-0.0719175742644689,-0.129254575497999,0,-0.00695000022418224,0.00889913135775933,-0.00219794828681774,-0.00150360168394798,-0.0113930711066917,0.00695000022418199,2.08166817117217e-17,0.00277148294963099,-0.000615334168916432,0.0016758328662279,0.00218323793696706,0.00568009638556363,0.00154219699540996,0,-0.00179545173763129,0.0310213868546059,0.0313942263565629,0.0172857782854615,0.00540445538532341,6.26886969852247e-05,0
-1.33226762955019e-15,0.0973375719462388,0.0546032898044535,0.0158672045625061,-0.0332267943938391,-0.0312023777557675,0.125318380889671,0,0.129662972653948,0.0113859151801079,0.0160972060538036,-0.00392153069805801,-0.0713842063421921,-0.129662972653948,-2.22044604925031e-16,-0.0069919273815009,0.00884849871196169,-0.00223664598924844,-0.00131013176125163,-0.011385915180108,0.0069919273815005,-6.24500451351651e-17,0.00275493011755674,-0.000627576424515414,0.00172875818229327,0.00215572052276775,0.00568284441811767,0.00153569260990753,0,-0.00179537963263141,0.0310071207139975,0.0313821188565522,0.017278617492409,0.00539831648216382,6.87365996722145e-05,0
8.88178419700125e-16,0.0973278388660512,0.0546213781205402,0.0158636994959407,-0.0332480344742003,-0.0311861257270563,0.12712705082804,-4.44089209850063e-16,0.130089027128516,0.0113829826931822,0.0160040408469371,-0.00399905413828128,-0.0708738767123758,-0.130089027128517,0,-0.00703349073981352,0.00879804622468128,-0.00227515774776732,-0.00112243037833501,-0.0113829826931822,0.00703349073981346,6.93889390390723e-17,0.00273845233626821,-0.000639765570349584,0.0017799118301441,0.00212679073646356,0.00568544923999079,0.00152917137950932,-1.38777878078145e-17,-0.00179530528888319,0.0309925456866115,0.0313696824752356,0.0172714447546538,0.00539218265638497,7.47710476418639e-05,0
-1.33226762955019e-15,0.0973155489961077,0.0546385951074129,0.0158600178335604,-0.0332683296105563,-0.031168940077333,0.128920671379797,-4.44089209850063e-16,0.130547423792388,0.0113910130823607,0.0159112593668973,-0.00407583939763434,-0.0704030858607698,-0.130547423792388,0,-0.00707267158794922,0.00874803597321794,-0.00231335880170747,-0.000947965460736805,-0.0113910130823618,0.0070726715879488,-3.29597460435593e-17,0.00272210626325274,-0.000651859255971287,0.00182688015982864,0.00209437599557524,0.00568733472458688,0.00152265676223504,0,-0.0017952289800684,0.0309777291907938,0.0313567674795081,0.0172644553096283,0.00538607462383711,8.07720318718452e-05,0
-8.88178419700125e-16,0.0972990443370767,0.0546544399751552,0.0158561141457798,-0.0332873146537045,-0.0311502106390051,0.130690922729291,-4.44089209850063e-16,0.131069124992079,0.011421924527387,0.0158190848288391,-0.00415139628898453,-0.0700077940972097,-0.131069124992079,-2.22044604925031e-16,-0.00710642606597345,0.00869883263452476,-0.00235110069403266,-0.000800311609732837,-0.0114219245273877,0.007106426065973,-4.68375338513738e-17,0.00270596847275556,-0.000663804590653252,0.00186524274783638,0.00205474012763614,0.00568761970375639,0.00151618019723494,0,-0.00179515121692242,0.0309627374816166,0.0313430127691725,0.0172579529893079,0.00538002879563027,8.67040891355808e-05,0
0,0.0972783631206871,0.0546688448611512,0.0158519761539613,-0.0333050072029768,-0.0311299645606531,0.132426066037039,0,0.131653297684962,0.0114792018729641,0.0157278635464113,-0.00422542782950419,-0.0696933199892549,-0.131653297684962,2.22044604925031e-16,-0.00713282144962113,0.00865069794389783,-0.0023882492595857,-0.000684330509196118,-0.0114792018729638,0.00713282144962124,2.94902990916057e-17,0.00269009607852447,-0.00067555313372874,0.00189343657517969,0.00200685634585526,0.00568575152417769,0.00150976758332817,1.38777878078145e-17,-0.00179507221665372,0.0309478346645378,0.0313284522664062,0.0172521168956051,0.00537405615528863,9.25571961606364e-05,0
-8.88178419700125e-16,0.0972552949359904,0.0546821753904267,0.0158476197350588,-0.033321860901292,-0.0311088613980748,0.134111859880954,-4.44089209850063e-16,0.13226786121035,0.011557362098368,0.0156379349439262,-0.0042979438009545,-0.0694345165334269,-0.132267861210352,-4.44089209850063e-16,-0.00715137055619852,0.00860370709444469,-0.00242474274555304,-0.000595549281324703,-0.011557362098369,0.00715137055619805,-8.32667268468867e-17,0.00267450451357847,-0.000687080926012211,0.00191296407444162,0.00195255598496451,0.00568159383690672,0.00150342935425164,0,-0.00179499182449105,0.0309334434999792,0.0313135218492634,0.017246971162535,0.00536813988891793,9.83487855051868e-05,0
4.44089209850063e-16,0.097231775831403,0.0546948429249543,0.0158430718227329,-0.0333383571163286,-0.0310876121052432,0.135737793662805,-8.88178419700125e-16,0.132878958477163,0.011648130123902,0.0155494779550214,-0.00436911624537384,-0.0692025174911231,-0.132878958477164,0,-0.00716287420167294,0.00855778804309559,-0.0024605856354758,-0.000526180711190419,-0.0116481301239029,0.00716287420167283,6.93889390390723e-18,0.00265918020690552,-0.000698387412253487,0.0019263945898267,0.00189452287080691,0.00567538309484041,0.00149716383227358,-1.38777878078145e-17,-0.00179490975018033,0.0309198727412424,0.0312986661549061,0.0172424185396052,0.0053622553512348,0.000104103761184193,0
0,0.0972082679823956,0.0547069531465869,0.0158383654420313,-0.0333545669842841,-0.0310664032411934,0.137303992163594,0,0.133478961081465,0.0117469555965442,0.015462443999029,-0.00443906676647909,-0.0689895152795499,-0.133478961081465,0,-0.00716893814278352,0.00851282008879561,-0.0024958111433504,-0.000471383977388621,-0.0117469555965433,0.00716893814278357,-6.93889390390723e-18,0.00264410802207875,-0.000709483508756919,0.00193527980320858,0.00183418878050379,0.00566759479626408,0.00149096691014779,-2.77555756156289e-17,-0.00179482594245736,0.0309070635644338,0.0312839485172306,0.0172383093459044,0.00535639651524589,0.000109828333377582,0
0,0.0971836379931625,0.0547182665985071,0.0158335238765832,-0.0333701297859257,-0.0310448556955913,0.138818554013194,0,0.134087838155701,0.011854422307672,0.0153765945605615,-0.00450780888308699,-0.0688114640055131,-0.134087838155702,0,-0.00717136987779554,0.00846868704589832,-0.00253045523570505,-0.000431011194149029,-0.0118544223076721,0.00717136987779562,2.08166817117217e-17,0.00262927857698263,-0.000720382570466808,0.00193958386063034,0.0017712849049525,0.00565876815485178,0.00148483565347875,-1.38777878078145e-17,-0.00179474056775213,0.0308946391006295,0.0312690170115029,0.0172344915507778,0.0053505723860986,0.000115513763077502,0
-8.88178419700125e-16,0.0971565481967613,0.054728563109451,0.0158285736939443,-0.0333846713179398,-0.0310224854015622,0.140293892872668,4.44089209850063e-16,0.134728684865161,0.0119722845836274,0.0152915551276265,-0.00457544247828867,-0.0686851552424566,-0.13472868486516,2.22044604925031e-16,-0.00717168814757541,0.00842522754855834,-0.00256461279872289,-0.000405690647976272,-0.0119722845836271,0.00717168814757562,3.46944695195361e-18,0.00261466348671334,-0.000731116899178576,0.00193899840285042,0.00170511906322701,0.00564934124192329,0.00147875832304172,2.77555756156289e-17,-0.00179465384407718,0.0308821757705019,0.0312534666275398,0.0172308466353442,0.00534479436560775,0.00012114882444747,0
0,0.0971267795604498,0.0547378871331836,0.0158235317745263,-0.0333980770792612,-0.0309992438979099,0.141740046490251,0,0.135403249527644,0.0120990832419055,0.0152072294452554,-0.00464202599636065,-0.0686069916055163,-0.135403249527644,0,-0.0071708553317007,0.00838236325874053,-0.00259830681319162,-0.000392819868726788,-0.0120990832419057,0.00717085533170025,-4.5102810375397e-17,0.00260025074511862,-0.000741695630434282,0.00193433232935912,0.0016361214443099,0.00563960267648944,0.00147273145175629,0,-0.00179456576734216,0.0308694909952913,0.0312372201634317,0.0172272860477787,0.00533905894856979,0.000126737242082342,0
8.88178419700125e-16,0.0970955168180909,0.0547466148331925,0.0158184150012737,-0.033410646017646,-0.0309755642593461,0.143163122228399,0,0.136089353463642,0.0122296977543588,0.015123649830612,-0.00470775034955473,-0.0685512798451902,-0.136089353463642,4.44089209850063e-16,-0.00716923619448639,0.00834000527039036,-0.00263158082970927,-0.000386265350771763,-0.0122296977543587,0.00716923619448629,-5.89805981832114e-17,0.00258601446670217,-0.000752133206692835,0.001927609836356,0.00156594493044376,0.00562965312426549,0.00146674631601247,0,-0.00179447608376247,0.0308567002995852,0.0312205935117809,0.0172237607223145,0.00533334741770974,0.000132297683537841,0
1.77635683940025e-15,0.0970619201058969,0.0547545276325794,0.0158132031000098,-0.0334221817290112,-0.0309511477426305,0.144560343443875,-4.44089209850063e-16,0.13680132228827,0.0123714827988337,0.0150410680367226,-0.00477224986238856,-0.0685341133860107,-0.136801322288271,-2.22044604925031e-16,-0.00716444152447959,0.00829844757128906,-0.00266431460042393,-0.000394115552192024,-0.0123714827988343,0.0071644415244791,-6.93889390390723e-17,0.00257201784989701,-0.000762384584862837,0.00191618780386432,0.00149230525357151,0.00561879970947921,0.00146083080184668,1.38777878078145e-17,-0.00179438528034569,0.0308438857700539,0.0312034051298731,0.0172205073164707,0.00532768815530182,0.000137802739265003,0
8.88178419700125e-16,0.0970239134943585,0.0547610277022081,0.0158078477163794,-0.0334321906099739,-0.0309252431622515,0.145921332226258,0,0.137575516611672,0.0125384314049803,0.014959753998864,-0.00483490549919763,-0.0685978902192206,-0.137575516611672,2.22044604925031e-16,-0.00715288541693804,0.00825814206160747,-0.00269632514218809,-0.000432321515720281,-0.0125384314049814,0.00715288541693786,-2.08166817117217e-17,0.00255836049337386,-0.000772380046662201,0.00189480996823052,0.00141077400007991,0.00560600005443704,0.00145502856293815,0,-0.00179429420145594,0.0308310675734716,0.0311851088248519,0.0172178847540195,0.00532212876955784,0.000143206337773871,0
-4.44089209850063e-16,0.096981149128275,0.054765914464721,0.0158023131111755,-0.0334405889012679,-0.0308977462537579,0.147233380845913,-1.33226762955019e-15,0.138417558894459,0.0127359848924846,0.0148800754956984,-0.00489530985880071,-0.0687550843765115,-0.138417558894461,0,-0.00713225739578993,0.00821941462290532,-0.00272745017924825,-0.00050795483508532,-0.012735984892485,0.00713225739578991,-7.97972798949331e-17,0.00254511717565909,-0.000782058824029666,0.00186116489780898,0.00131970013363855,0.00559059184518836,0.0014493748576298,1.38777878078145e-17,-0.00179420327937127,0.0308184365308097,0.0311655835046596,0.0172161070669669,0.00531668908612037,0.000148489816731878,0
-8.88178419700125e-16,0.0969354452623605,0.0547694809672428,0.0157965874860051,-0.0334478830164961,-0.0308693080779587,0.148480616628835,4.44089209850063e-16,0.139297524255008,0.0129590780299256,0.0148023246702849,-0.00495349160457126,-0.0689839296441959,-0.139297524255008,2.22044604925031e-16,-0.00710204930432501,0.00818232126626928,-0.00275764804548073,-0.000617250104624254,-0.0129590780299252,0.00710204930432534,1.04083408558608e-17,0.00253229830284157,-0.00079140315460784,0.00181653961424946,0.00122079847130027,0.00557242741604533,0.00144387841921784,0,-0.00179411237408075,0.0308063949263537,0.0311452522008763,0.0172151959865602,0.00531135443267672,0.000153668131604667,0
-8.88178419700125e-16,0.0968890398055877,0.0547721540787274,0.0157906710964753,-0.0334546386480756,-0.030840761871632,0.149653761719846,4.44089209850063e-16,0.140178210199033,0.0131984441243844,0.0147267407492579,-0.00500961427569013,-0.0692518662721291,-0.140178210199033,2.22044604925031e-16,-0.00706321359439599,0.00814679091711867,-0.00278690243267565,-0.000751326479398755,-0.0131984441243836,0.00706321359439645,2.42861286636753e-17,0.00251989237360751,-0.000800408339556507,0.00176390954375075,0.00111713602982692,0.00555179886077908,0.00143853892597846,-1.38777878078145e-17,-0.00179402105303769,0.0307952673833888,0.0311246679359705,0.0172150265063907,0.00530609473897581,0.000158771167699245,0
8.88178419700125e-16,0.096842766130433,0.0547740901702491,0.0157845805480665,-0.0334610429916902,-0.0308124253134654,0.150751628947647,-4.44089209850063e-16,0.141046531521725,0.0134478890111365,0.0146532612203942,-0.00506386745911724,-0.0695463677372825,-0.141046531521726,-2.22044604925031e-16,-0.00701764381918779,0.00811265653843551,-0.00281525901803237,-0.000903767134376577,-0.0134478890111371,0.00701764381918745,-7.28583859910259e-17,0.00250787160318226,-0.000809093207591871,0.00170537572571906,0.00101069561077383,0.00552927238736983,0.001433347049143,0,-0.00179392913974592,0.0307850203749337,0.0311039998109403,0.0172154120711789,0.00530089613611562,0.000163812620353809,0
0,0.0967955835464585,0.054775104142414,0.0157783313613598,-0.0334667811269336,-0.030783934365803,0.151783917774351,-8.88178419700125e-16,0.141919444301718,0.0137066932017085,0.0145814935359168,-0.00511640659016166,-0.0698793357362304,-0.141919444301719,0,-0.00696752380583998,0.0080797012220275,-0.00284281524922836,-0.00107284899465978,-0.0137066932017094,0.00696752380583988,-9.71445146547012e-17,0.00249619728272044,-0.000817494930892618,0.00164141069011367,0.000901579776333525,0.00550549208691813,0.0014282868572747,0,-0.00179383674162455,0.0307752061174551,0.0310828943889578,0.017216163891936,0.00529576108306229,0.000168790004052122,0
-8.88178419700125e-16,0.0967458446687681,0.0547748965921864,0.0157719236453913,-0.0334713518568437,-0.0307547288924068,0.152763490154989,0,0.142822044804206,0.0139764741864479,0.0145110528823138,-0.00516727644662307,-0.0702691179891564,-0.142822044804207,-2.22044604925031e-16,-0.00691466241511973,0.00804777050314076,-0.0028696312048111,-0.00125898402470914,-0.0139764741864487,0.00691466241511963,3.46944695195361e-17,0.00248484494789903,-0.000825638580950871,0.00157177015821766,0.00078913567131482,0.00548099982881289,0.0014233485567,-1.38777878078145e-17,-0.00179374401598721,0.0307652784978961,0.0310608361833341,0.0172171294713447,0.00529069467201049,0.000173698347358364,0
0,0.0966930271033011,0.0547734708088665,0.0157653703678955,-0.0334745836919632,-0.0307246311486784,0.15370329086054,-4.44089209850063e-16,0.143760398250963,0.0142562699125031,0.0144416861479599,-0.0052166136027112,-0.0707148430387807,-0.143760398250964,0,-0.00686021805106751,0.00801672050038049,-0.00289578391452716,-0.00145979514610361,-0.0142562699125041,0.00686021805106716,-5.55111512312578e-17,0.00247378371494019,-0.000833552694391154,0.00149717633620967,0.00067358879451726,0.00545613336457708,0.00141851948378653,-2.77555756156289e-17,-0.00179365102928768,0.0307549348127673,0.0310376536525089,0.0172182114717726,0.00528569689889669,0.000178537658243494,0
1.77635683940025e-15,0.0966382003826647,0.0547711997645726,0.0157586830321872,-0.0334767417715689,-0.030694043057018,0.15461432046953,-8.88178419700125e-16,0.144714621825763,0.0145412037771564,0.014373408818547,-0.00526461671510203,-0.0711906312016422,-0.144714621825764,0,-0.00680466323401197,0.00798644981938113,-0.00292131920449679,-0.00166893281108684,-0.0145412037771568,0.00680466323401213,1.04083408558608e-16,0.00246298469331817,-0.000841253489576612,0.00141974449524798,0.000556529060028441,0.00543102675277905,0.0014137891863599,1.38777878078145e-17,-0.00179355743064728,0.0307442484187274,0.0310136726879887,0.0172193480738102,0.00528074620138619,0.000183329090395978,0
-1.77635683940025e-15,0.0965808126183676,0.0547679072961298,0.0157518149530436,-0.0334777099134538,-0.030662770819216,0.155492037105551,4.44089209850063e-16,0.145693049948961,0.0148378353432568,0.0143064981067873,-0.00531092209909767,-0.0717074553292967,-0.145693049948962,-2.22044604925031e-16,-0.00674536134436221,0.00795726288116216,-0.00294611448758797,-0.00189382503099596,-0.0148378353432575,0.00674536134436185,-4.85722573273506e-17,0.00245251236452755,-0.000848692287802787,0.00133703905540553,0.000435925591209169,0.00540490733318803,0.00140918785752743,0,-0.00179346373769201,0.0307333170334787,0.0309887247859999,0.0172207843965094,0.00527586720898487,0.000188049016526581,0
8.88178419700125e-16,0.096519112453608,0.0547630379443387,0.0157446758357151,-0.0334770595288845,-0.0306301904759527,0.156324112182565,-8.88178419700125e-16,0.146723219720204,0.0151591148949737,0.0142413116870297,-0.00535483954846772,-0.0722997923540913,-0.146723219720205,0,-0.00667829281019072,0.00792967004873235,-0.00296995758895391,-0.00214950799219854,-0.0151591148949743,0.00667829281019115,6.93889390390723e-18,0.00244248271623227,-0.000855786259561266,0.00124407918064179,0.000307693702446502,0.0053766019957173,0.00140476848843173,0,-0.00179337107761582,0.0307221154050887,0.0309622319334677,0.0172229051984241,0.0052711141057189,0.000192645222372279,0
-1.77635683940025e-15,0.0964527855956154,0.0547563256497323,0.015737174679554,-0.0334747355418896,-0.0305962023519735,0.157095714525727,-4.44089209850063e-16,0.147809709699167,0.0155105489790262,0.0141781781056141,-0.00539595331043063,-0.0729803374186915,-0.147809709699167,4.44089209850063e-16,-0.00660094573744541,0.00790399600911873,-0.00299269091402365,-0.00244340535151633,-0.0155105489790255,0.00660094573744615,9.0205620750794e-17,0.00243296988400465,-0.000862474854310825,0.00113842514234261,0.00017015384261948,0.00534538194744236,0.00140056727756292,1.38777878078145e-17,-0.00179327994676579,0.0307107563452977,0.0309339907591293,0.0172259245509695,0.00526650658914496,0.000197099091308384,0
-2.66453525910038e-15,0.0963832567149554,0.0547479168350398,0.015729258442521,-0.0334711447288054,-0.0305613251923855,0.157793013619969,4.44089209850063e-16,0.148930625235113,0.0158887339767668,0.0141173783017181,-0.00543421835045299,-0.0737346610108451,-0.148930625235112,0,-0.0065127434007366,0.0078803224968802,-0.00301424866241429,-0.00277340702730382,-0.0158887339767661,0.0065127434007364,-1.38777878078145e-16,0.00242399326130759,-0.000868733908738172,0.00102082987094018,2.45111911459095e-05,0.00531108577549412,0.00139659676037993,0,-0.00179319023628718,0.0306995315671785,0.03090431779375,0.0172298586021271,0.00526203351030208,0.000201421853094241,0
0,0.0963124015055588,0.0547381013648645,0.0157209053234055,-0.0334667920921552,-0.030526248269358,0.158406962249104,0,0.15005778694871,0.0162858847995011,0.0140590607487772,-0.00546981439418559,-0.0745394669293691,-0.15005778694871,0,-0.00641479293652414,0.00785854785930007,-0.00303463012178584,-0.00313227614855242,-0.016285884799501,0.00641479293652426,8.32667268468867e-17,0.00241553359094009,-0.000874566901815699,0.000893744769496815,-0.000126641688656101,0.0052740526807475,0.00139285215483925,0,-0.00179310145245135,0.0306886970414623,0.0308736976292928,0.0172345638653957,0.00525766562314745,0.000205642134661677,0
1.77635683940025e-15,0.096240952069337,0.0547270097672268,0.0157121219874172,-0.0334618438124927,-0.0304912541691511,0.158938549289479,-8.88178419700125e-16,0.151180161917566,0.0166957850892171,0.0140031162836776,-0.0055029630701906,-0.0753832145162634,-0.151180161917567,0,-0.00630922112112797,0.00783847416520311,-0.00305388913028848,-0.00351337673159243,-0.0166957850892177,0.00630922112112803,-6.93889390390723e-18,0.0024075544136475,-0.00087999953266913,0.000759363566411514,-0.000281307002209921,0.0052349243264382,0.00138931927947361,-1.38777878078145e-17,-0.00179301333382895,0.0306781713732367,0.0308423100822198,0.0172398313117977,0.00525338625373561,0.000209776120663641,0
8.88178419700125e-16,0.0961681477890188,0.0547144968015854,0.0157029110195079,-0.0334560521051595,-0.0304560860004788,0.159395633191842,4.44089209850063e-16,0.152308401540186,0.0171160685539431,0.0139491630988968,-0.00553385493966152,-0.0762723159524048,-0.152308401540185,4.44089209850063e-16,-0.0061984283690355,0.00781986375498889,-0.00307211948508357,-0.00391341466839634,-0.0171160685539424,0.00619842836903567,4.16333634234434e-17,0.00240001027561786,-0.000885071977990273,0.000618701388201068,-0.000438835989079539,0.00519441852629801,0.00138597844141347,1.38777878078145e-17,-0.00179292586966152,0.0306675168330188,0.0308098838740122,0.0172454513040504,0.00524919140112623,0.000213827561294067,0
-8.88178419700125e-16,0.0960926802927027,0.0547003584921697,0.0156932683067312,-0.0334490061726918,-0.0304203000621559,0.159791767820042,0,0.153459486976299,0.0175464045658087,0.0138967824165661,-0.00556261844238648,-0.0772163941198789,-0.153459486976299,0,-0.00608440602812488,0.00780251660012743,-0.00308940775578059,-0.00433062659194364,-0.0175464045658097,0.00608440602812488,-6.93889390390723e-17,0.00239286207573194,-0.000889820907059344,0.000472247345466886,-0.000599257615160567,0.00515313071166075,0.00138281234954507,2.77555756156289e-17,-0.00179283915310935,0.0306561807572212,0.0307759936925921,0.0172512594509253,0.00524508220533237,0.000217795235304519,0
0,0.096014112198441,0.0546846237218919,0.0156831974734128,-0.0334405508528199,-0.030383758090176,0.160141027994275,0,0.15463684695613,0.0179850826335901,0.0138457073147902,-0.00558942038700128,-0.0782112320617143,-0.15463684695613,2.22044604925031e-16,-0.00596842997571989,0.00778626929546133,-0.00310583301145551,-0.00476171436694249,-0.0179850826335897,0.00596842997571997,2.77555756156289e-17,0.002386072165298,-0.000894277444535518,0.000321046399277769,-0.000762099337816166,0.00511143642083144,0.00137980476105229,1.38777878078145e-17,-0.00179275308379075,0.030643855165076,0.0307405065364191,0.0172571444141438,0.00524105088969773,0.000221686619272354,0
2.66453525910038e-15,0.095933299828217,0.0546676593368263,0.0156727319294427,-0.0334309225000897,-0.0303467607920549,0.160457035321316,-4.44089209850063e-16,0.15582562037825,0.0184280453415586,0.0137958553269639,-0.00561452332009482,-0.0792346143710319,-0.15582562037825,0,-0.00585107430772025,0.00777097545656313,-0.00312148545056212,-0.00520092835135191,-0.0184280453415585,0.00585107430772053,6.93889390390723e-17,0.00237959906945001,-0.000898472745059636,0.00016702165758288,-0.000926059102291071,0.00506948868438675,0.00137693785644452,-1.38777878078145e-17,-0.00179266738471801,0.0306305908433214,0.0307037308405629,0.017263046506653,0.00523708198565354,0.000225516639848267,0
-8.88178419700125e-16,0.0958495660338183,0.0546492178665208,0.015661768951472,-0.033419955123775,-0.0303090846411704,0.16073565564831,0,0.157034128537812,0.0188819132419482,0.0137474934079398,-0.00563750672116958,-0.0802972927784338,-0.157034128537812,2.22044604925031e-16,-0.00572960598083316,0.00775695900568674,-0.00313622086516174,-0.00565575597053612,-0.0188819132419476,0.00572960598083279,5.55111512312578e-17,0.00237351512174849,-0.000902350916814482,7.70432927887921e-06,-0.00109318896314259,0.00502648692818385,0.00137424607065154,-1.38777878078145e-17,-0.00179258266737078,0.0306163502873018,0.0306653781445589,0.0172691985078467,0.00523320143591732,0.000229260470429371,0
0,0.0957612304887636,0.0546286543860273,0.0156501037476531,-0.0334072294638128,-0.0302701434329231,0.160963076371412,0,0.158284865838599,0.0193587273009528,0.0137009236093482,-0.00565765065264312,-0.0814294930783466,-0.158284865838599,0,-0.00559983968094291,0.00774472661398007,-0.00314981305564777,-0.00614049514316144,-0.0193587273009523,0.00559983968094314,1.2490009027033e-16,0.00236793704410349,-0.000905824606343447,-0.0001616670561706,-0.00126729595524902,0.0049812034983617,0.0013717842221692,0,-0.00179250005207632,0.0306009055526528,0.0306247139762833,0.0172759559154809,0.00522945715372092,0.000232872184680266,0
-8.88178419700125e-16,0.0956679780702938,0.0546056361678806,0.0156375669078281,-0.0333926949254,-0.0302298358153843,0.161125439689118,0,0.159580861523394,0.0198637388498284,0.0136564241560451,-0.00567452709562621,-0.0826419799782887,-0.159580861523395,0,-0.00545914659093305,0.00773459541750032,-0.00316210304258213,-0.00666227467418805,-0.0198637388498289,0.00545914659093306,2.77555756156289e-17,0.00236293890164591,-0.000908834153534724,-0.000343439812390794,-0.00144997799389086,0.00493287010371418,0.00136958841564055,-1.38777878078145e-17,-0.00179242012342191,0.0305842058589578,0.030581443197263,0.0172835151137715,0.00522587132066354,0.000236330714189603,0
-8.88178419700125e-16,0.0955710868872925,0.0545802130547264,0.0156240626126101,-0.0333767350250609,-0.0301886238055555,0.161208889213085,-4.44089209850063e-16,0.160904165893309,0.0203942457998298,0.0136142453344799,-0.00568808113045849,-0.0839245535757427,-0.160904165893309,0,-0.00530695113054769,0.00772664270577561,-0.00317301852558605,-0.00721981009111607,-0.0203942457998303,0.00530695113054749,-8.32667268468867e-17,0.00235854034375521,-0.000911355755409265,-0.000537119311672996,-0.00164024331116604,0.00488132764732679,0.00136767044430607,-1.38777878078145e-17,-0.00179234275324561,0.0305664695369876,0.030535843773483,0.0172918752557351,0.00522243388419363,0.00023964604064286,0
8.88178419700125e-16,0.0954721908304181,0.0545526256747104,0.0156095656944357,-0.0333597991814649,-0.0301471088788814,0.161207471677284,4.44089209850063e-16,0.162232335395314,0.0209434796439822,0.013574508419627,-0.00569850202914912,-0.0852581974684536,-0.162232335395313,4.44089209850063e-16,-0.00514442624180322,0.00772075862113608,-0.00318255923286115,-0.00780665220510657,-0.0209434796439829,0.00514442624180353,8.32667268468867e-17,0.00235471986724714,-0.000913395757180524,-0.000740494097768288,-0.00183581607410722,0.00482693908043888,0.00136602307055216,0,-0.00179226738917956,0.030547920737978,0.0304884044281238,0.0173008851608484,0.0052191166522243,0.000242845521104096,0
-8.88178419700125e-16,0.0953719131384494,0.0545229428936418,0.0155940784755666,-0.0333420328948648,-0.0301055346106223,0.161120579489956,8.88178419700125e-16,0.163556979149107,0.0215055857920468,0.0135370913204356,-0.00570602354463068,-0.0866349274797127,-0.163556979149106,0,-0.00497380361848831,0.00771673960959252,-0.00319077392655576,-0.00841672095934587,-0.0215055857920462,0.0049738036184882,1.11022302462516e-16,0.00235143788554379,-0.000914981022433065,-0.00095153222490664,-0.0020348049562053,0.00477038544028609,0.00136462948258761,0,-0.00179219363042218,0.0305284923210192,0.0304393275946078,0.017310330748899,0.0052158990033353,0.000245949051659755,0
0,0.0952695667291072,0.0544910456286694,0.0155776138285848,-0.0333232107034487,-0.0300636628253752,0.160956508501581,-4.44089209850063e-16,0.164886219439332,0.0220775318524322,0.0135015854425435,-0.00571088154620636,-0.0880582710294964,-0.164886219439331,2.22044604925031e-16,-0.00479759177912809,0.00771432692730656,-0.00319777381492825,-0.00904593210013335,-0.022077531852431,0.00479759177912811,-8.32667268468867e-17,0.00234864093855378,-0.00091615972578532,-0.00116894115386104,-0.00223634610206391,0.00471241839450137,0.00136346466732422,0,-0.00179212147607788,0.0305077483020096,0.0303883983285899,0.0173200103339787,0.00521277819219856,0.000248959142397309,0
0,0.0951640107667906,0.054456770764034,0.0155601746744889,-0.0333029736654096,-0.0300210986339593,0.160728274741089,-8.88178419700125e-16,0.166232681932005,0.0226579430493028,0.0134675324465161,-0.00571326794561822,-0.0895336165628751,-0.166232681932005,4.44089209850063e-16,-0.00461788739925817,0.00771328905123836,-0.00320367078895734,-0.00969142990210492,-0.0226579430493032,0.00461788739925886,8.32667268468867e-17,0.00234627876880167,-0.000916978284729225,-0.00139185639440572,-0.0024401381243046,0.00465366227488399,0.00136250478902858,-6.93889390390723e-18,-0.00179205098175492,0.0304851514890078,0.0303352528542279,0.0173297652271004,0.00520975406718527,0.000251875819985314,0
-1.77635683940025e-15,0.0950549000636665,0.0544201961130009,0.0155417783814968,-0.033281186183534,-0.0299777416627576,0.1604511330759,0,0.167597664688756,0.0232446096932284,0.0134346732701114,-0.00571337556812246,-0.0910538705741466,-0.167597664688758,-4.44089209850063e-16,-0.00443601136438865,0.00771345648941102,-0.00320854555008276,-0.010349227050605,-0.0232446096932289,0.0044360113643882,-8.32667268468867e-17,0.00234431057851647,-0.000917469009550531,-0.00161898442192342,-0.0026455378514396,0.00459450779998442,0.00136173121825658,-2.08166817117217e-17,-0.00179198192819296,0.030460437495579,0.0302798236438405,0.0173394856857187,0.00520681497703723,0.000254710279331771,0
0,0.0949430181961457,0.0543817072943771,0.0155224847302078,-0.0332580734301535,-0.029933860199411,0.160139217777489,0,0.168968936975982,0.0238339872590552,0.0134029137244571,-0.00571148721091941,-0.0925991394327104,-0.168968936975982,0,-0.0042525520443053,0.00771467488212041,-0.00321249589859374,-0.0110140375545026,-0.0238339872590553,0.00425255204430552,5.55111512312578e-17,0.00234269235892309,-0.000917665505661636,-0.00184854253095566,-0.00285141119400284,0.00453510963247952,0.00136112385707109,1.38777878078145e-17,-0.00179191399456118,0.0304337146745584,0.0302224480874281,0.017349114556634,0.00520394539663471,0.000257477432851427,0
-8.88178419700125e-16,0.0948279749412846,0.0543410908201114,0.0155021305200709,-0.0332335468974403,-0.029889338128978,0.159789860298855,8.88178419700125e-16,0.17034926833475,0.0244313055084615,0.0133724862706104,-0.0057072271167713,-0.0941738585791017,-0.17034926833475,0,-0.00406483735533647,0.00771723326157003,-0.0032153806756261,-0.0116917603818298,-0.0244313055084611,0.0040648373553363,-8.32667268468867e-17,0.00234148941363602,-0.000917514466900471,-0.00208246342214322,-0.00305935686886126,0.00447467957736896,0.00136071397592404,6.93889390390723e-18,-0.00179184764884908,0.0304048755997043,0.0301628581551311,0.017358840486279,0.00520116361347955,0.000260159928881731,0
8.88178419700125e-16,0.094708432545783,0.0542976613191604,0.0154803887494515,-0.0332072772240224,-0.0298437173812163,0.159388677839258,0,0.171753078513858,0.0250465531394983,0.0133436403659681,-0.00569989362511159,-0.0958005663959873,-0.171753078513857,4.44089209850063e-16,-0.00386876734070629,0.00772160400580102,-0.00321696567749941,-0.0123946640140888,-0.0250465531394987,0.00386876734070649,-5.55111512312578e-17,0.00234081452431112,-0.000916929807946359,-0.00232482977208492,-0.00327250802192219,0.00441201207345535,0.00136055450342519,-2.08166817117217e-17,-0.00179178399029876,0.0303734958193174,0.0301002759537591,0.0173689565058965,0.00519851382931769,0.000262715611473396,0
8.88178419700125e-16,0.0945839002091331,0.0542509435872987,0.0154569883753579,-0.0331791770059082,-0.0297968238017434,0.158921585363366,-1.33226762955019e-15,0.173184523099322,0.025684815888015,0.0133165162014035,-0.00568908059218343,-0.0974913817538767,-0.173184523099323,0,-0.00366180801260407,0.00772805904720464,-0.00321710524053698,-0.013129790100617,-0.0256848158880158,0.00366180801260421,2.77555756156289e-17,0.00234073340990429,-0.000915859892706011,-0.00257797218729511,-0.00349243533577424,0.00434636035663547,0.00136067657252458,0,-0.00179172364483087,0.030339282912866,0.0300342503561464,0.017379614929341,0.00519601955847282,0.000265122187624423,0
0,0.0944549609916772,0.0542008245337335,0.0154317811328362,-0.0331494173121554,-0.0297488907210983,0.158379818832043,4.44089209850063e-16,0.17463480498958,0.0263450742733782,0.0132912812085513,-0.00567467148015366,-0.0992425584448924,-0.174634804989581,-4.44089209850063e-16,-0.00344340916684205,0.00773668775058178,-0.003215706320149,-0.0138971044845016,-0.0263450742733798,0.00344340916684183,-5.55111512312578e-17,0.00234127200929773,-0.000914277266530705,-0.00284182174187708,-0.0037187049094217,0.00427758083132583,0.00136109349127475,1.38777878078145e-17,-0.00179166655802895,0.0303022140626287,0.0299648494468305,0.0173907995268301,0.00519367590630671,0.000267384658511616,0
-8.88178419700125e-16,0.0943226864619984,0.0541473814368549,0.0154047324720379,-0.0331183177015788,-0.0297002933124464,0.157756429749742,4.44089209850063e-16,0.176091068491442,0.0270224035087976,0.0132679281063917,-0.00565687399327519,-0.101045246976897,-0.176091068491442,0,-0.00321479004008918,0.00774735643386748,-0.00321279667174856,-0.0146921930606999,-0.0270224035087971,0.00321479004008907,0,0.00234240207736119,-0.00091219873749615,-0.00311485807473764,-0.00394967934604579,0.00420604592289746,0.00136179270225352,-1.38777878078145e-17,-0.0017916123210731,0.0302624000941207,0.0298924218017038,0.0174023706227208,0.00519146362136802,0.000269521664286509,0
-1.77635683940025e-15,0.0941876652198497,0.0540907017095451,0.0153758690545125,-0.0330860211758504,-0.0296512566014027,0.157052232571677,0,0.177545990524116,0.0277112830709685,0.0132463240499439,-0.00563596838619151,-0.102891734160941,-0.177545990524116,-4.44089209850063e-16,-0.00297815102878918,0.007759853048106,-0.0032084384967761,-0.0155091201672894,-0.0277112830709691,0.00297815102878896,-5.55111512312578e-17,0.00234407841007195,-0.000909655277087529,-0.0033950823726519,-0.00418357683229963,0.00413242708692596,0.00136275341451701,-1.38777878078145e-17,-0.00179156041596468,0.030219835840342,0.0298172440948405,0.0174141327232276,0.00518935951227051,0.000271555557686987,0
0,0.0940496661446053,0.0540307478088042,0.0153452270566774,-0.0330524226457642,-0.0296017177770187,0.156272970029055,0,0.179001344639363,0.0284076358392995,0.0132261853806068,-0.00561220989681166,-0.104780550350575,-0.179001344639363,0,-0.0027359146092838,0.00777394808649223,-0.00320271757696045,-0.0163429101295831,-0.0284076358393,0.00273591460928346,-1.66533453693773e-16,0.00234625165383773,-0.000906685944608687,-0.00368086111425123,-0.00441914511462836,0.004057460980407,0.00136395209900291,-3.46944695195361e-17,-0.00179151053348605,0.03017429050089,0.0297393275680456,0.0174259007048946,0.00518734936467591,0.00027350000293147,0
-8.88178419700125e-16,0.0939080818556359,0.0539675263266224,0.015312864527079,-0.0330173243812162,-0.0295514556071712,0.155431644370747,4.44089209850063e-16,0.180462378180906,0.0291087476532166,0.0132071045855686,-0.00558587860116644,-0.10670962441101,-0.180462378180907,0,-0.00249013783303953,0.00778939254010602,-0.00319577035777074,-0.0171892172942925,-0.0291087476532171,0.00249013783303964,5.55111512312578e-17,0.00234886320976274,-0.000903343895206521,-0.00397080183072942,-0.0046556290005977,0.00398175434735694,0.00136535985626656,-1.38777878078145e-17,-0.001791462644045,0.0301254329124704,0.0296585499708544,0.0174375393555199,0.00518543050893538,0.000275357499792128,0
0,0.0937626192678858,0.0539011681583537,0.0152788399651724,-0.0329806078021777,-0.0295003816652555,0.154543433446061,-1.77635683940025e-15,0.181929928275633,0.0298124083035027,0.0131888392470052,-0.0055571824465952,-0.108671328616341,-0.181929928275633,0,-0.00224211157112242,0.00780602329767133,-0.00318768329727659,-0.0180439957940309,-0.0298124083035036,0.00224211157112214,-5.55111512312578e-17,0.00235187304519691,-0.000899662567787007,-0.00426357734493909,-0.00489237894727069,0.00390568885384502,0.00136695719201401,0,-0.00179141658653718,0.0300730870128654,0.029574908177128,0.017448960097648,0.00518359519433753,0.000277135506034476,0
0,0.0936136637937546,0.0538320049983847,0.0152432331685253,-0.0329423659407277,-0.0294486411505863,0.153623223654118,-4.44089209850063e-16,0.183397562782202,0.0305162518340945,0.0131713065755097,-0.00552633727218188,-0.110651027504298,-0.183397562782202,0,-0.00199242110413334,0.00782372321269165,-0.00317852508194516,-0.0189030710769212,-0.030516251834094,0.00199242110413322,5.55111512312578e-17,0.00235524867785669,-0.000895665984532001,-0.00455777442783674,-0.00512864094027471,0.00382942838871406,0.00136872862481881,-1.38777878078145e-17,-0.00179137206569271,0.0300173453437973,0.0294886473876088,0.0174601133693997,0.00518183053779842,0.000278846435726399,0
0,0.0934611289316258,0.0537598910443915,0.0152058499413927,-0.0329026310450944,-0.0293961849212323,0.152669459146175,-4.44089209850063e-16,0.184864268248119,0.0312241241007851,0.0131545776582698,-0.00549312868380936,-0.112648771924739,-0.184864268248119,0,-0.00173864785258715,0.00784266664932076,-0.00316822470279909,-0.0197707574629331,-0.0312241241007839,0.00173864785258704,-5.55111512312578e-17,0.0023590275819837,-0.000891326032026796,-0.0048548039332697,-0.00536561053730103,0.00375223599803057,0.00137069096624607,-1.38777878078145e-17,-0.00179132952634066,0.0299580484123911,0.0293995415140345,0.017471134929144,0.00518015357647661,0.000280474186460489,0
-8.88178419700125e-16,0.0933042969333115,0.0536842191535669,0.0151662801942596,-0.0328612439684184,-0.029342780856477,0.151669390042906,8.88178419700125e-16,0.186334920978956,0.0319431684881692,0.013138869270819,-0.00545695715772787,-0.114676759876378,-0.186334920978956,4.44089209850063e-16,-0.00147705797650488,0.00786325211155336,-0.0031565509194893,-0.0206561616651734,-0.0319431684881681,0.00147705797650532,1.11022302462516e-16,0.0023633097686937,-0.000886563363555193,-0.00515766393418199,-0.00560547305754596,0.0036730136812119,0.00137289036476891,1.38777878078145e-17,-0.00179128984272434,0.0298947062958689,0.0293069526186374,0.0174822225422268,0.00517859840618329,0.000281986544826696,0
0,0.093142635806954,0.0536044227929828,0.0151241573484713,-0.0328180857269746,-0.0292882631709332,0.150610460369784,-4.44089209850063e-16,0.187812580141343,0.0326776260517896,0.0131242651950241,-0.00541742917306065,-0.116745210048517,-0.187812580141344,-4.44089209850063e-16,-0.00120533858701322,0.00788572552577804,-0.00314333537510247,-0.0215652647241788,-0.0326776260517891,0.00120533858701261,-5.55111512312578e-17,0.00236815953064651,-0.000881323173857307,-0.00546832234814019,-0.00584951830330097,0.00359108833196535,0.00137535646627257,-2.77555756156289e-17,-0.00179125340924847,0.0298268505734373,0.0292103710885894,0.0174934615874891,0.00517717970053089,0.000283369897278174,0
8.88178419700125e-16,0.0929761341257729,0.0535201972206707,0.0150792788053149,-0.0327731826223188,-0.0292326238363909,0.149484192201494,0,0.189295858485787,0.0334275961526318,0.0131107085998243,-0.00537448148576569,-0.11885756165478,-0.189295858485788,4.44089209850063e-16,-0.000923081869696141,0.00791011210846504,-0.00312853438197847,-0.0224991362358796,-0.033427596152632,0.000923081869696529,1.66533453693773e-16,0.00237358748048411,-0.00087559579018176,-0.00578711584529543,-0.0060977494853432,0.00350634611805865,0.00137809319069105,1.38777878078145e-17,-0.0017912203269818,0.0297542085230916,0.0291096347774593,0.017504823926649,0.00517590033915172,0.000284621786873829,0
-1.77635683940025e-15,0.0928049605829528,0.0534313834650515,0.0150315734800417,-0.0327265821184781,-0.029175927863478,0.148285489270329,-8.88178419700125e-16,0.190782206110066,0.0341902568402013,0.0130980762577417,-0.00532825136911352,-0.121014118973953,-0.190782206110068,0,-0.000631474230440521,0.00793630118861932,-0.00311216741137832,-0.0234553074308347,-0.0341902568402011,0.000631474230440632,-1.11022302462516e-16,0.00237957211922923,-0.000869395229199876,-0.00611320612258411,-0.00634925334773995,0.00341915645582959,0.00138108956942931,-2.77555756156289e-17,-0.00179119033254101,0.0296766438495548,0.0290048074347199,0.0175161927788258,0.00517474888689362,0.000285753388686083,0
0,0.0926294074732548,0.0533380153568261,0.0149810920899895,-0.0326783431547941,-0.0291182908086407,0.147015634382927,1.33226762955019e-15,0.192268077612143,0.0349611987827663,0.0130862203293955,-0.00527900748083177,-0.123210580057668,-0.192268077612141,0,-0.000332562155488603,0.00796410372620882,-0.0030943009786002,-0.0244288690325568,-0.0349611987827635,0.000332562155488603,-5.55111512312578e-17,0.00238607191034501,-0.000862751438396647,-0.00644494162861127,-0.00660262037838986,0.00333014624857395,0.00138432524200805,1.38777878078145e-17,-0.0017911629912184,0.0295941578347888,0.0288961314145801,0.0175274166669284,0.00517370735982459,0.000286782070614167,0
0,0.0924496503470724,0.0532402294004068,0.0149279498361832,-0.0326284892208539,-0.029059777223515,0.145681309338066,-4.44089209850063e-16,0.193751164314139,0.0357360993375506,0.013074937420305,-0.0052270702671362,-0.125440822365105,-0.193751164314139,0,-2.85235633694647e-05,0.00799329796918347,-0.00307504052294272,-0.0254143806005503,-0.0357360993375511,2.85235633696312e-05,1.11022302462516e-16,0.00239303501351329,-0.000855705959637243,-0.00678050806383313,-0.006856499615035,0.00323997241898476,0.00138777460460188,-2.77555756156289e-17,-0.00179113796039514,0.029506776731407,0.02878385728073,0.0175383585721202,0.00517276157696056,0.000287721478242742,0
0,0.0922657324438187,0.0531382211480897,0.0148722739393614,-0.032577000512771,-0.0290004105305712,0.144293558225214,-4.44089209850063e-16,0.195230049280858,0.0365114726780003,0.0130640220857705,-0.00517274132832091,-0.127697169074274,-0.195230049280858,0,0.000278829083872445,0.00802368355843708,-0.00305449048108741,-0.0264068081308722,-0.036511472678,-0.000278829083871834,1.11022302462516e-16,0.00240041218171966,-0.000848297352189775,-0.00711823252900584,-0.00710982075782375,0.00314917681769861,0.00139141348415901,0,-0.00179111485916707,0.029414536276825,0.0286681894497417,0.0175489100549719,0.0051718960532281,0.000288586493188303,0
8.88178419700125e-16,0.0920777746710106,0.0530322966989152,0.0148142037119863,-0.0325238903384202,-0.0289402321280745,0.14286684639388,-4.44089209850063e-16,0.196702347201267,0.0372847766032209,0.0130533034968825,-0.00511629025802574,-0.129969095289499,-0.196702347201268,4.44089209850063e-16,0.000588323638306409,0.00805509504044899,-0.00303275299880612,-0.0274017523457788,-0.0372847766032223,-0.000588323638306187,1.11022302462516e-16,0.00240816063612515,-0.000840561152790187,-0.00745664703000434,-0.00736181148862267,0.00305809946610928,0.00139522050983904,0,-0.00179109346794672,0.0293175288230088,0.0285493378732056,0.0175590064202368,0.00517110176296476,0.000289385798065589,0
-8.88178419700125e-16,0.0918859382837871,0.0529227700121604,0.0147538573515886,-0.032469194068061,-0.0288792934709035,0.14141484251593,0,0.198165359434883,0.0380543948822463,0.0130426604953455,-0.00505792258490656,-0.132246232580657,-0.198165359434882,0,0.000899357270423451,0.0080874162886504,-0.00300990784309363,-0.0283959009832951,-0.0380543948822472,-0.000899357270423562,0,0.002416249330496,-0.000832524290146575,-0.00779463745437725,-0.0076119814738361,0.00296690767680562,0.00139917972589484,4.16333634234434e-17,-0.00179107369740206,0.0292158667978986,0.0284274853568941,0.0175686161799734,0.00517037488269023,0.00029012311705312,0
-8.88178419700125e-16,0.0916904963564553,0.0528095786491658,0.0146910415443049,-0.0324130408655723,-0.0288176755095479,0.139935990776986,4.44089209850063e-16,0.199614921433466,0.0388226680602832,0.0130321613491207,-0.00499751273712068,-0.134525459401202,-0.199614921433465,0,0.00121390571055846,0.00812076362964209,-0.0029858898658075,-0.0293919190962161,-0.0388226680602827,-0.00121390571055779,1.11022302462516e-16,0.00242470614737977,-0.000824163299304015,-0.00813304550386103,-0.00786102827354793,0.00287499856160837,0.00140330281391037,-4.16333634234434e-17,-0.0017910557564999,0.0291094638458854,0.028302550398621,0.017577804694485,0.00516972351073464,0.000290791021153813,0
8.88178419700125e-16,0.091491401425384,0.0526922594036545,0.0146253232033891,-0.032355473829706,-0.0287553709081232,0.138418716208198,-8.88178419700125e-16,0.201049065519008,0.0395942736324759,0.0130219731944452,-0.00493464908226215,-0.136811516216039,-0.20104906551901,-8.88178419700125e-16,0.00153517613729104,0.0081554199052345,-0.0029605043397094,-0.0303961051933017,-0.0395942736324763,-0.0015351761372917,0,0.00243360690695293,-0.00081541459433121,-0.00847390415722696,-0.00811033454064614,0.00278142309827314,0.00140762346138536,0,-0.00179104015488021,0.0289979116739471,0.0281741389634887,0.017586668420469,0.00516916766187359,0.00029137092972964,0
8.88178419700125e-16,0.0912881446356453,0.0525702324125348,0.0145563100573511,-0.0322963946950816,-0.0286921943497003,0.136852171637782,-1.77635683940025e-15,0.202470424350945,0.040372431403596,0.0130120221320618,-0.00486906417368616,-0.139113178069325,-0.202470424350946,-4.44089209850063e-16,0.00186503061622068,0.0081915291409338,-0.00293363926838852,-0.0314130751805964,-0.0403724314035976,-0.00186503061622101,-1.11022302462516e-16,0.00244299455320696,-0.00080624509865368,-0.00881873924268906,-0.00836090176857405,0.0026856309589311,0.00141215921393968,1.38777878078145e-17,-0.00179102737029667,0.0288806255099791,0.028041742358805,0.0175952399806342,0.00516872593941964,0.000291845502234711,0
0,0.0910797455745298,0.0524429679468605,0.0144837439667453,-0.0322355224404403,-0.0286278096742363,0.135233117484001,0,0.203885626700205,0.0411582747825303,0.0130020392756514,-0.00480065495476278,-0.141438773265379,-0.203885626700206,0,0.00220364644233939,0.00822909683266282,-0.00290526181952488,-0.0324443247397946,-0.0411582747825311,-0.00220364644233928,0,0.00245287824698703,-0.000796650160609813,-0.0091680819953827,-0.00861313641952524,0.00258758071246734,0.00141691165792014,1.38777878078145e-17,-0.00179101768012874,0.0287569627641736,0.0279048269481437,0.0176034848528673,0.00516840904192695,0.000292204832643694,0
8.88178419700125e-16,0.090865508439272,0.0523101056306636,0.0144075234863337,-0.0321726415347854,-0.0285619779958139,0.133559871318401,0,0.205299430583761,0.0419504710786782,0.0129917366863768,-0.00472950998559662,-0.143793816973776,-0.205299430583761,-4.44089209850063e-16,0.0025498920745326,0.00826801916520203,-0.00287540651671181,-0.0334884899345423,-0.0419504710786788,-0.00254989207453271,1.11022302462516e-16,0.00246323823008254,-0.000786647148033559,-0.00952151350166532,-0.00886667068248981,0.00248762428622447,0.00142186922952456,0,-0.0017910110591645,0.0286265176137036,0.0277631387161381,0.0176113232278461,0.00516821588155358,0.000292450165368718,0
1.77635683940025e-15,0.0906454143819593,0.0521715879870941,0.0143276935509355,-0.0321077270249281,-0.0284946973307436,0.131833074573475,-1.77635683940025e-15,0.206711353310396,0.0427458895394999,0.0129809292689802,-0.00465588447299847,-0.14617731167355,-0.206711353310398,0,0.00290207719700941,0.00830813242703377,-0.00284414834425473,-0.0345419949841589,-0.0427458895394995,-0.00290207719700919,0,0.0024740358171258,-0.00077626344123638,-0.00987785144159442,-0.0091205403334117,0.00238627637435983,0.00142701255701555,0,-0.00179100704451643,0.028489278711725,0.0276168243916789,0.017618654655826,0.0051681284476881,0.000292598850600179,0
-8.88178419700125e-16,0.0904201501561532,0.0520276702039597,0.0142444354526434,-0.0320409612225721,-0.0284262061568272,0.130055188882129,-8.88178419700125e-16,0.20811581502973,0.0435404328131797,0.0129696008058482,-0.00458010564315314,-0.148582199331921,-0.208115815029731,0,0.00325840391648891,0.00834926834003991,-0.00281157445696945,-0.0356000020091216,-0.0435404328131809,-0.00325840391648924,0,0.00248522959702591,-0.00076552903276994,-0.0102354494049025,-0.00937341884651777,0.00228408277219892,0.00143232112809563,0,-0.0017910051705123,0.028345612569758,0.0274664126799721,0.0176253908521842,0.00516812868201399,0.0002926682367137,0
-8.88178419700125e-16,0.0901905000036356,0.051878875789285,0.0141580072359631,-0.0319725330726817,-0.028356797875289,0.128237964774311,-4.44089209850063e-16,0.20950616086164,0.0443305023327603,0.0129578034349151,-0.00450249090900412,-0.150995169063432,-0.209506160861642,-8.88178419700125e-16,0.00361744859429169,0.0083912854898065,-0.00277776049659817,-0.0366572005767738,-0.0443305023327596,-0.00361744859429236,1.11022302462516e-16,0.00249678289349076,-0.000754467500405531,-0.0105924863140837,-0.00962412529337547,0.0021814738548325,0.00143777713478495,1.38777878078145e-17,-0.00179100486930329,0.028196043411338,0.0273124998691423,0.017631461174297,0.00516819465203811,0.000292679388033901,0
1.77635683940025e-15,0.089956904049747,0.0517255634561753,0.0140685887538243,-0.0319025836730216,-0.0282865891939679,0.126390244460363,8.88178419700125e-16,0.210879142333553,0.0451139260122542,0.0129454020267685,-0.00442336486581274,-0.153407923770541,-0.210879142333555,-4.44089209850063e-16,0.00397827435620313,0.00843400695237007,-0.00274283720241719,-0.0377101414240865,-0.0451139260122537,-0.00397827435620302,-1.11022302462516e-16,0.00250864742659929,-0.00074311920679393,-0.0109478157227025,-0.00987202062093563,0.00207870483438727,0.00144335667616967,2.77555756156289e-17,-0.00179100587330125,0.0280408781374702,0.0271554263727999,0.0176368272352573,0.00516831593842582,0.000292642216945582,0
-3.5527136788005e-15,0.0897192643672691,0.05156806528161,0.0139763428176289,-0.0318310623178766,-0.0282155423700061,0.12452702796819,1.77635683940025e-15,0.212234944118698,0.0458896678153105,0.012932247862441,-0.00434290513410929,-0.155812117722416,-0.212234944118698,0,0.00434026926856657,0.00847732659969846,-0.00270688485745074,-0.0387559525448946,-0.045889667815309,-0.00434026926856668,2.22044604925031e-16,0.00252079563467922,-0.000731509838826749,-0.0113004880587239,-0.0101168222067119,0.00197594705894673,0.00144904507244596,0,-0.00179100818214889,0.0278802519460826,0.0269952861571689,0.0176414727288611,0.00516849256190755,0.000292556723215154,0
-8.88178419700125e-16,0.0894784096486596,0.0514065330809679,0.0138811619045525,-0.0317582501092533,-0.028143935529938,0.122647126246681,0,0.213566299089051,0.0466586970991401,0.0129185042573612,-0.00426107832458111,-0.158201265782066,-0.213566299089051,4.44089209850063e-16,0.00470491645879667,0.00852131467718031,-0.00266984471621301,-0.0397956994179652,-0.0466586970991414,-0.00470491645879667,-1.11022302462516e-16,0.00253324898938867,-0.000719619358094059,-0.011650777291142,-0.0103587495045448,0.00187275084837017,0.0014548504444381,0,-0.00179101186191818,0.0277143393641091,0.0268322946939173,0.0176454088363395,0.00516872747112707,0.00029242042820754,0
0,0.0892353128579062,0.0512408292561739,0.0137827275945019,-0.031684505240678,-0.0280720889796209,0.120738558878969,-4.44089209850063e-16,0.214864981439863,0.0474231921901929,0.0129043943777685,-0.00417773510636454,-0.160574022254174,-0.214864981439864,-8.88178419700125e-16,0.00507460300410578,0.00856611080645475,-0.00263159332133966,-0.0408328968013146,-0.0474231921901923,-0.00507460300410612,0,0.00254605087746207,-0.000707407834091067,-0.0119997527816154,-0.0105983677715039,0.00176839990365114,0.00146079067536863,2.77555756156289e-17,-0.00179101704495681,0.0275431261504389,0.026666567860646,0.0176486419755351,0.00516902639048067,0.00029222837478593,0
8.88178419700125e-16,0.0889894925889481,0.0510705213165101,0.0136807206414993,-0.031609721945201,-0.0279998225771649,0.118796626342791,0,0.216133486041413,0.0481853173553963,0.0128897577805436,-0.0040927297756026,-0.162935438093575,-0.216133486041413,0,0.00545059660089908,0.00861176914274608,-0.00259206978080506,-0.0418702325805665,-0.0481853173553979,-0.00545059660089942,0,0.00255922488265647,-0.000694859415198312,-0.0123483110242452,-0.0108363730781141,0.00166251530659797,0.00146687331800738,0,-0.00179102413005555,0.0273660804446317,0.0264976744457336,0.0176511611010352,0.0051694052532788,0.000291965692682639,0
8.88178419700125e-16,0.0887391025019468,0.0508948101743005,0.0135748253004966,-0.0315333667474587,-0.0279264758651205,0.116819682320357,0,0.217384030423088,0.0489466645997236,0.0128740511408143,-0.00400595870066134,-0.16529834771953,-0.217384030423087,0,0.00583281845017503,0.00865824549054039,-0.0025512922332469,-0.0429094334201905,-0.0489466645997246,-0.00583281845017525,0,0.0025727691747458,-0.000681986696774106,-0.0126971391911245,-0.011073419467431,0.0015551225630093,0.00147309334850471,0,-0.00179103371438494,0.0271821918196427,0.0263246985981692,0.0176529466914186,0.00516988753769265,0.00029161007583689,0
8.88178419700125e-16,0.088482300553876,0.0507129540722238,0.013464846470014,-0.0314548737228115,-0.0278514110845975,0.114807290810017,0,0.218628530774881,0.0497071397254363,0.0128567499191528,-0.00391741375875032,-0.167674549000265,-0.218628530774879,0,0.00622016789064173,0.0087054565737068,-0.00250930370633817,-0.043950262364486,-0.0497071397254354,-0.00622016789064161,2.22044604925031e-16,0.00258666929469509,-0.000668808834936252,-0.013046276019532,-0.011309623645827,0.00144656585070621,0.00147944070685102,5.55111512312578e-17,-0.00179104609145725,0.0269906129272596,0.0261468885832586,0.0176539665227502,0.0051704849777271,0.000291150367919824,0
-1.77635683940025e-15,0.0882185918931455,0.0505248522081532,0.0133508386456951,-0.0313740775237541,-0.0277744494050181,0.112763858879684,0,0.219869673957468,0.0504648836267068,0.012837587210913,-0.00382729482399924,-0.170064018544276,-0.219869673957471,-4.44089209850063e-16,0.00661134917143347,0.00875326563166645,-0.00246619323712549,-0.0449900528542493,-0.0504648836267075,-0.00661134917143369,0,0.00260089151475196,-0.000655354619274462,-0.0133948856468361,-0.0115444776274187,0.00133723247406381,0.00148589792052367,0,-0.00179106108527202,0.0267912406004467,0.0259641857788923,0.0176541797999396,0.00517119104303487,0.000290592758488417,0
-8.88178419700125e-16,0.0879490286474249,0.0503308336145265,0.0132329998868173,-0.0312912675221861,-0.0276959705695701,0.110688588868104,1.77635683940025e-15,0.221100337764784,0.0512167183289538,0.0128167379086666,-0.00373591003769747,-0.172459962344973,-0.221100337764783,0,0.00700515416562997,0.00880157269384885,-0.00242201125904185,-0.0460252373680504,-0.051216718328952,-0.00700515416563008,1.11022302462516e-16,0.00261540776660996,-0.00064163357537661,-0.0137417256423872,-0.0117769139195211,0.00122749347114479,0.00149245237024162,0,-0.00179107782062313,0.0265847195815658,0.0257772992402463,0.0176535296559787,0.0051719721365252,0.000289969459222106,0
-8.88178419700125e-16,0.0876751967864822,0.0501316768290581,0.013111673423337,-0.0312068915271224,-0.0276165324831759,0.108588695451935,0,0.222310382400154,0.0519597482105727,0.0127945019882896,-0.00364358512869423,-0.17484814800681,-0.222310382400152,4.44089209850063e-16,0.00740077323940325,0.00885028237513774,-0.00237681598869743,-0.0470517108547707,-0.0519597482105736,-0.00740077323940325,1.11022302462516e-16,0.00263019095139583,-0.000627657375298019,-0.0140853339416204,-0.0120059203352607,0.00111758955610755,0.0014990916230927,-2.77555756156289e-17,-0.00179109559237933,0.0263720260377346,0.0255871720867736,0.0176519746009096,0.00517280111435492,0.000289306488416186,0
8.88178419700125e-16,0.0873980045841831,0.0499279239872754,0.0129871073195336,-0.0311212156303267,-0.0275364346656817,0.106471267078971,0,0.223494558295144,0.0526922459775268,0.0127709744150595,-0.00355059519921141,-0.177219255371265,-0.223494558295143,-4.44089209850063e-16,0.00779762306872778,0.00889928503584736,-0.0023306895107913,-0.0480666654435845,-0.0526922459775278,-0.00779762306872822,0,0.0026452104222453,-0.000613446307475285,-0.0144247397888337,-0.0122309362072466,0.00100768045891503,0.00150580109318058,8.32667268468867e-17,-0.00179111396456999,0.0261537886255822,0.0253943693477074,0.0176494889385174,0.00517366110471917,0.000288619953010216,0
0,0.0871172082447353,0.049719883861699,0.01285949450227,-0.0310341394577183,-0.0274555899879987,0.104349466189077,8.88178419700125e-16,0.224654678947566,0.0534135529881743,0.0127460257995722,-0.00345705666572726,-0.179567573495977,-0.224654678947567,-4.44089209850063e-16,0.00819510341296148,0.00894850543309644,-0.00228369616872603,-0.0490678668288504,-0.0534135529881743,-0.00819510341296203,-1.11022302462516e-16,0.00266044803347476,-0.000599020561698582,-0.0147592157500385,-0.012451797841256,0.000897941578459599,0.0015125702440501,8.32667268468867e-17,-0.00179113309936005,0.0259301769927476,0.0251989225557465,0.0176460764229578,0.00517455853332843,0.00028790365453002,0
0,0.086834375902721,0.0495080232952514,0.0127288930121212,-0.0309461772056343,-0.0273745035385513,0.10222070787581,-8.88178419700125e-16,0.225781342673287,0.0541236143035286,0.0127199220543615,-0.00336310384244243,-0.181885159383222,-0.225781342673288,-4.44089209850063e-16,0.00859411946297106,0.00899792020858037,-0.00223584153014045,-0.050055323268095,-0.0541236143035299,-0.00859411946297173,-3.33066907387547e-16,0.00267590211713964,-0.000584378348735148,-0.0150886698481553,-0.0126683947677948,0.000788082898557724,0.00151939688158631,-2.77555756156289e-17,-0.00179115286045323,0.0257017859256236,0.0250014554917827,0.0176417114059519,0.00517548837720877,0.000287162547618014,0
-8.88178419700125e-16,0.0865515571759987,0.0492927563640375,0.0125952727526473,-0.0308580113904489,-0.0272938368059501,0.10007513561332,8.88178419700125e-16,0.22686284523011,0.0548228434565052,0.0126930558098239,-0.00326883434195491,-0.18416581650082,-0.22686284523011,0,0.00899606613108039,0.00904753215760667,-0.00218709752983681,-0.0510302382900865,-0.0548228434565048,-0.00899606613108039,-2.22044604925031e-16,0.00269158184192153,-0.000569507919059742,-0.0154133701990338,-0.0128807121184773,0.000677669080046794,0.00152628347972703,0,-0.00179117314533983,0.0254692399940721,0.0248027277889534,0.0176363509034604,0.00517644702170328,0.000286400348095739,0
0,0.0862682809427646,0.0490737075312859,0.0124584164388013,-0.0307695514586577,-0.0272133745372081,0.0979081362550409,8.88178419700125e-16,0.227902717866752,0.0555124879351077,0.0126651649328977,-0.00317424061443639,-0.186415411671904,-0.227902717866751,0,0.00940145946592619,0.00909728541089194,-0.00213749696696652,-0.0519941981474283,-0.0555124879351073,-0.00940145946592619,0,0.00270748189093317,-0.000554422517428987,-0.0157338972845897,-0.0130892227944384,0.000566527186377258,0.0015332243881358,-5.55111512312578e-17,-0.00179119437835989,0.0252320898872292,0.0246023897099901,0.0176299750013778,0.00517745129206365,0.000285600941648645,0
-8.88178419700125e-16,0.0859817908783986,0.0488498293754853,0.0123179795853838,-0.0306799722302245,-0.0271321426035511,0.0957219729744598,8.88178419700125e-16,0.228916938513735,0.0561939838514167,0.0126354818543604,-0.00307917340909647,-0.188648264809229,-0.228916938513735,0,0.00980986570437015,0.00914712588087063,-0.00208708253343737,-0.0529483466649667,-0.0561939838514158,-0.00980986570436948,0,0.00272359793703902,-0.000539144294314564,-0.016050823835654,-0.0132946106302614,0.000454790157752016,0.00154021293432771,-5.55111512312578e-17,-0.00179121743964739,0.0249890031410912,0.0243991520045566,0.0176225979224439,0.00517853598869639,0.000284730859280602,0
8.88178419700125e-16,0.085689141714532,0.048620117528289,0.0121737082415585,-0.0305883723066893,-0.0270491094094485,0.0935225376495659,-1.77635683940025e-15,0.229921766650891,0.05686775053658,0.012603178752733,-0.00298356222567353,-0.190876975473441,-0.229921766650894,-8.88178419700125e-16,0.0102202374809508,0.00919696667677083,-0.00203593302870608,-0.053892399751637,-0.0568677505365829,-0.0102202374809517,0,0.00273991219745096,-0.000523704897911426,-0.0163642770644066,-0.0134972722165663,0.000342774115458661,0.00154723716174576,-2.77555756156289e-17,-0.00179124300445074,0.024738727831695,0.0241917440569338,0.0176142452207304,0.00517972796279637,0.000283764063679526,0
0,0.0853892647299501,0.0483841846508177,0.0120255230693225,-0.0304944074559037,-0.0269639150624004,0.091312815783255,0,0.230922190808577,0.0575331145359899,0.0125679287829126,-0.00288748184066279,-0.193104639717716,-0.230922190808576,0,0.0106318641741474,0.00924674746891796,-0.00198409231794194,-0.0548251588444564,-0.0575331145359896,-0.0106318641741483,-2.22044604925031e-16,0.00275640973593227,-0.000508115513162988,-0.0166739531758959,-0.0136971050681107,0.000230696039220407,0.00155428913155387,2.77555756156289e-17,-0.00179127089094214,0.0244809093978503,0.023979780738814,0.0176049097871676,0.00518102060870806,0.000282706740993954,0
-8.88178419700125e-16,0.0850835895731556,0.0481426096508129,0.0118736798979455,-0.0303984808098194,-0.0268770735246209,0.0890940159326687,1.77635683940025e-15,0.231910079405139,0.0581881992366879,0.0125300780782496,-0.00279118075878237,-0.195322348485522,-0.231910079405135,8.88178419700125e-16,0.0110442827935122,0.00929642527776142,-0.00193158132875126,-0.0557442490436684,-0.0581881992366855,-0.0110442827935111,2.22044604925031e-16,0.00277307666582916,-0.00049237156929216,-0.016978981122412,-0.0138934208616115,0.000118698851437615,0.00156136367087167,5.55111512312578e-17,-0.00179130023364726,0.024216444564626,0.0237640930953709,0.0175945570437987,0.00518238035174373,0.000281591109496382,0
0,0.0847743115143675,0.0478962206695552,0.011718479833049,-0.0303012368398816,-0.026789359879694,0.0868652172348936,0,0.232873876512457,0.0588314243692283,0.0124901716490973,-0.00269493452854164,-0.197518963864646,-0.232873876512455,0,0.0114574290784084,0.00934596778786911,-0.0018784069571911,-0.0566477933854028,-0.0588314243692298,-0.0114574290784093,-2.22044604925031e-16,0.00278990230687359,-0.000476460740494566,-0.0172786022791833,-0.0140855669131784,6.80125826615918e-06,0.00156845776928785,0,-0.00179132998084686,0.0239465352497942,0.0235458197201595,0.0175831357721393,0.00518376600680326,0.000280456830976605,0
-8.88178419700125e-16,0.0844628326083434,0.0476457848104825,0.0115602542675255,-0.0302030763815058,-0.0267012627553331,0.0846318005812239,-8.88178419700125e-16,0.233807114809014,0.0594616957332637,0.0124485466437383,-0.00259894905428748,-0.199684909971944,-0.233807114809014,-8.88178419700125e-16,0.0118710314530244,0.00939532841745461,-0.00182460216607527,-0.0575338697660215,-0.0594616957332639,-0.0118710314530248,0,0.00280687377574851,-0.00046038445123564,-0.0175720922607771,-0.0142731104318651,-0.000104918544469229,0.00157556585197116,0,-0.00179135964279575,0.0236721174712897,0.0233257448365549,0.0175706244120319,0.00518515823815768,0.000279322499068257,0
8.88178419700125e-16,0.0841487080228642,0.0473914515788323,0.0113991318325315,-0.0301038510412583,-0.0266126150508876,0.0824029820081771,-8.88178419700125e-16,0.234712811028763,0.0600788417444624,0.012405023880115,-0.0025032960443534,-0.201817941438475,-0.234712811028762,8.88178419700125e-16,0.0122846919277357,0.00944444347724982,-0.00177022812704575,-0.058401271204664,-0.0600788417444613,-0.0122846919277353,0,0.00282397620710761,-0.000444160897572932,-0.0178590991981062,-0.0144560711634462,-0.000216349787696024,0.00158267944516069,2.77555756156289e-17,-0.00179138941315668,0.0233932472113674,0.0231037418342415,0.0175570353780791,0.00518656462340111,0.000278180675221562,0
0,0.0838342413140589,0.0471340483208031,0.0112354095045797,-0.0300042986905522,-0.0265241532585847,0.0801738168698609,8.88178419700125e-16,0.235580957865755,0.060682228771304,0.0123600782260231,-0.00240821892395005,-0.203910652501252,-0.235580957865755,0,0.0126986229973252,0.00949322826544474,-0.00171534932552575,-0.0592495378595712,-0.0606822287713027,-0.0126986229973252,2.22044604925031e-16,0.00284118943909872,-0.000427803633276103,-0.0181393579980773,-0.0146341331965109,-0.00032758407670383,0.0015897894751799,0,-0.00179141903277569,0.0231110116906686,0.0228809008715835,0.017542339410697,0.0051879746997624,0.000277041277427836,0
-8.88178419700125e-16,0.0835226873468935,0.0468745577274321,0.0110694172559205,-0.0299054838531161,-0.026436903730592,0.0779312854962915,-8.88178419700125e-16,0.236398182137383,0.0612713300322536,0.0123143848593577,-0.00231403581267475,-0.205956625657532,-0.23639818213738,8.88178419700125e-16,0.013113201071425,0.00954155937963375,-0.00166006039284294,-0.0600789929738526,-0.0612713300322532,-0.0131132010714257,0,0.00285848316272452,-0.00041133406924776,-0.0184128276902557,-0.0148069738411312,-0.000438780167047681,0.00159688320683457,5.55111512312578e-17,-0.00179144814921542,0.0228267780804464,0.0226587222995216,0.0175264909214395,0.00518937402444897,0.000275917945261661,0
-8.88178419700125e-16,0.0832137461342031,0.0466129736288083,0.0109012210455663,-0.0298073426195566,-0.02635070544921,0.0756767054437288,-1.77635683940025e-15,0.237168239579461,0.0618464916338946,0.0122677742954753,-0.0022207887667447,-0.207958583478894,-0.237168239579463,-8.88178419700125e-16,0.0135281263438776,0.00958934683919033,-0.0016044479626629,-0.0608896791583813,-0.0618464916338946,-0.013528126343878,0,0.00287583816803094,-0.000394782978488717,-0.0186795855406721,-0.0149747851555014,-0.000549869968033856,0.00160394984971779,-5.55111512312578e-17,-0.00179147731006282,0.0225404736737438,0.0224371023523718,0.0175095090417323,0.00519078411853363,0.000274789601733938,0
-8.88178419700125e-16,0.0829037775184389,0.0463479485140059,0.0107304532123527,-0.0297087889845606,-0.026264254354242,0.0734148130369023,-1.77635683940025e-15,0.237909446632332,0.0624084610425566,0.012219209895366,-0.0021283234215197,-0.209931890438591,-0.237909446632336,-1.77635683940025e-15,0.0139425296126072,0.00963650855285003,-0.00154861321795607,-0.0616818757115591,-0.0624084610425588,-0.0139425296126083,-4.44089209850063e-16,0.00289323687428777,-0.000378195332019216,-0.0189400287005149,-0.0151381464626105,-0.000660603974119545,0.00161097723172765,0,-0.00179150772653891,0.0222504608203483,0.0222143997118935,0.01749147209626,0.00519225327073991,0.000273609125439445,0
-8.88178419700125e-16,0.0825887664114955,0.046078240830516,0.0105567730204896,-0.0296085897188298,-0.0261761531141973,0.0711598058369356,1.77635683940025e-15,0.2386401273262,0.0629577013211735,0.0121675549918425,-0.00203649279080409,-0.211886902778223,-0.238640127326201,-8.88178419700125e-16,0.014355598695138,0.00968297853922806,-0.0014926418732113,-0.0624547883350419,-0.0629577013211746,-0.0143555986951387,-2.22044604925031e-16,0.00291066358938008,-0.000361608389587431,-0.0191942180486053,-0.0152975798132726,-0.000770746730479943,0.00161795506501655,0,-0.0017915403085953,0.0219551134260591,0.021988786856297,0.0174724534686291,0.00519381813116604,0.000272340546581207,0
1.77635683940025e-15,0.082267201096708,0.0458032731743359,0.0103800007895423,-0.0295062666182382,-0.0260858947634333,0.0689155791691505,0,0.239366142753079,0.0634941074402571,0.0121124010515494,-0.00194527184994797,-0.213827232567561,-0.239366142753079,0,0.0147670637850954,0.00972874668416779,-0.00143654788848835,-0.0632078707155006,-0.0634941074402573,-0.0147670637850945,0,0.00292811658848513,-0.000345025336678573,-0.0194421049005718,-0.0154531900671055,-0.000880212824823201,0.00162488183723747,0,-0.00179157506572591,0.0216538607975461,0.021759603460668,0.0174524703346114,0.00519547969383938,0.000270982611781989,0
1.77635683940025e-15,0.0819405116169953,0.0455235094324182,0.0102002434754631,-0.0294022240092113,-0.0259940144106565,0.0666798775998332,-8.88178419700125e-16,0.240080128390585,0.0640173891705063,0.0120541666172063,-0.001854793443548,-0.215746640966524,-0.240080128390585,-8.88178419700125e-16,0.015177326310897,0.00977383717806379,-0.00138028605284468,-0.0639408122866705,-0.0640173891705071,-0.0151773263108981,-2.22044604925031e-16,0.0029456031802475,-0.000328415726922104,-0.0196834926658961,-0.0156047664182714,-0.000989114130813817,0.0016317632100033,0,-0.00179161096364311,0.0213474612516479,0.0215275263173622,0.0174314610829065,0.00519719701074106,0.000269574994088917,0
-1.77635683940025e-15,0.0816113708715829,0.0452397969853271,0.010017706707492,-0.0292972575908861,-0.0259014646779416,0.0644453786798089,0,0.240770080698018,0.0645274728545946,0.011993592142864,-0.00176525263201199,-0.217636926115059,-0.240770080698018,0,0.0155870794421169,0.00981826504271321,-0.00132380707461266,-0.0646538906299028,-0.0645274728545944,-0.0155870794421171,0,0.00296313006891102,-0.000311743074044912,-0.0199182944331995,-0.015752070912258,-0.00109765619904828,0.00163860540869776,1.11022302462516e-16,-0.00179164673036597,0.0210371475331217,0.0212937731497129,0.0174093298819596,0.00519891907504727,0.000268167297435007,0
8.88178419700125e-16,0.0812815293047251,0.0449530067352839,0.00983269221271499,-0.0291918744735193,-0.0258088650680817,0.0622144891310989,-8.88178419700125e-16,0.241429166690103,0.065024365001789,0.0119311550438521,-0.00167677830793345,-0.219489785416598,-0.241429166690104,0,0.0159966121598458,0.00986202102423661,-0.00126710025244314,-0.0653466986029927,-0.0650243650017919,-0.0159966121598463,0,0.00298069838099435,-0.000294991571080594,-0.020146253487108,-0.01589497223841,-0.00120592638858197,0.00164541014865971,0,-0.00179168177042965,0.0207239233195158,0.0210591669973942,0.0173860251178149,0.0052006216925044,0.000266783089157785,0
8.88178419700125e-16,0.080950295208722,0.044663090864435,0.00964524843842351,-0.029085845125298,-0.0257159766575157,0.059993466510484,8.88178419700125e-16,0.242061046394296,0.0655080569098816,0.0118666681405921,-0.00158935901933877,-0.22130534918536,-0.242061046394293,1.77635683940025e-15,0.0164056369858834,0.00990508565318038,-0.00121018973797682,-0.066018603476911,-0.0655080569098814,-0.0164056369858832,2.22044604925031e-16,0.0029983061676353,-0.000278168668337964,-0.020367220822519,-0.0160335338527255,-0.0013138358036443,0.0016521750198808,5.55111512312578e-17,-0.00179171634014158,0.0204076920060512,0.0208234383590625,0.0173615656039199,0.00520231502797219,0.000265412450073943,0
2.66453525910038e-15,0.0806208692331882,0.0443713548360121,0.00945598904082079,-0.0289801839339043,-0.0256238192165377,0.0577742483798984,1.77635683940025e-15,0.242655428900786,0.0659778531416437,0.0118009277271458,-0.00150329930477966,-0.223077410835204,-0.242655428900784,0,0.0168137141975411,0.00994733930854963,-0.00115320053351819,-0.0666693280701263,-0.0659778531416435,-0.0168137141975413,0,0.00301591572902971,-0.00026130414297354,-0.0205809561059817,-0.0161673750407145,-0.00142129361151044,0.00165888576312001,5.55111512312578e-17,-0.00179175013203714,0.0200901201913678,0.0205882421395097,0.0173359555836899,0.00520398574872183,0.000264067787733357,0
0,0.0802976609628239,0.0440795333611694,0.00926572917227375,-0.0288763023850862,-0.0255337891913108,0.0555430200022928,0,0.243198981876086,0.0664331420308422,0.0117350384325823,-0.00141901474441397,-0.224799661069802,-0.243198981876086,8.88178419700125e-16,0.0172202507640895,0.00998860837532067,-0.00109631936246402,-0.0672990957289978,-0.0664331420308428,-0.0172202507640886,0,0.00303346888023515,-0.000244443070126277,-0.0207873379967388,-0.016296095065688,-0.00152818869079374,0.00166552152044336,5.55111512312578e-17,-0.00179178262588697,0.0197734088926482,0.0203558393161929,0.0173092027270156,0.00520561129573666,0.000262770196112316,0
-8.88178419700125e-16,0.0799804849283241,0.0437876823504428,0.0090747072806856,-0.0287742043601114,-0.0254457098435088,0.0532979328552903,-1.77635683940025e-15,0.243696194503622,0.0668736793771609,0.0116688530377411,-0.00133663588640509,-0.226477219790074,-0.243696194503623,-8.88178419700125e-16,0.0176242302798251,0.0100287365037426,-0.0010397442516128,-0.0679076879779839,-0.0668736793771625,-0.017624230279826,-6.66133814775094e-16,0.00305091341902197,-0.000227652446515902,-0.020986429383919,-0.0164197761313325,-0.00163427424031698,0.00167206056632047,0,-0.00179181442108539,0.0194576586075255,0.0201263137481606,0.0172814008474458,0.00520721485880865,0.000261496110909365,0
8.88178419700125e-16,0.079665090214883,0.0434945562954079,0.00888272161076031,-0.0286725964106633,-0.0253580731696843,0.0510543589465882,0,0.244165551977774,0.0672990670684284,0.0116012111507775,-0.00125598612446964,-0.228120244805805,-0.244165551977774,0,0.0180243233051627,0.0100676708616998,-0.000983598610988068,-0.0684935630785011,-0.067299067068427,-0.0180243233051625,0,0.00306822694728082,-0.000210991681328432,-0.0211780857403737,-0.0165387012563601,-0.00173916597789003,0.0016784900347101,-5.55111512312578e-17,-0.00179184697128387,0.0191413247596969,0.0198978699664826,0.0172527229894227,0.00520885545551592,0.000260187223909858,0
-8.88178419700125e-16,0.0793465600621728,0.0431985153061714,0.00868929697555476,-0.0285699799800829,-0.0252691661241986,0.0488294012404056,0,0.244625705900921,0.0677090661983035,0.0115307154834854,-0.00117685048013616,-0.229738349332079,-0.244625705900919,8.88178419700125e-16,0.0184197975677352,0.0101053813561425,-0.000927960894818725,-0.0690552781249507,-0.0677090661983044,-0.0184197975677349,-2.22044604925031e-16,0.0030853981907879,-0.000194505242984588,-0.0213622455860667,-0.0166532593390498,-0.00184265638445036,0.0016848021539837,0,-0.00179188152562648,0.0188224214324821,0.0196682536292227,0.0172233009543146,0.00521058445037559,0.000258792659539653,0
0,0.0790226258385918,0.0428986015362751,0.00849398562302017,-0.0284656512308894,-0.0251782354201069,0.0466294188801644,8.88178419700125e-16,0.245083390383289,0.0681041038330052,0.0114567088921484,-0.00109910749846964,-0.231334942670532,-0.245083390383289,0,0.0188111177428079,0.0101418897914076,-0.000872800118969508,-0.0695927982397697,-0.0681041038330059,-0.0188111177428087,-4.44089209850063e-16,0.00310243917600017,-0.000178184832819062,-0.0215390914597763,-0.016763788216429,-0.00194488365152184,0.00169100204834682,0,-0.00179191815210289,0.0184998784610903,0.0194362654411099,0.0171931237331999,0.00521240538881929,0.000257308682017454,0
0,0.078694679899427,0.0425951318103683,0.00829674719550688,-0.0283599955741876,-0.0250858284112914,0.0444486945861946,2.66453525910038e-15,0.245532015045945,0.068484901937147,0.0113796573578737,-0.00102279256562898,-0.232906340096603,-0.245532015045943,0,0.0191992061320692,0.010177268903969,-0.000818009331606362,-0.0701071657771755,-0.0684849019371445,-0.0191992061320694,-4.44089209850063e-16,0.00311937612978364,-0.00016197676396934,-0.0217088512936069,-0.0168703566669352,-0.00204610382161635,0.0016971041333671,0,-0.00179195572870339,0.0181742500644444,0.019202441950926,0.0171620856233674,0.00521427284536558,0.000255779948777346,0
-2.66453525910038e-15,0.0783657754170513,0.0422891574078861,0.00809767457542243,-0.028253914976875,-0.0249930562638472,0.0422803281080526,0,0.24595931757209,0.0688531489047142,0.0113003850355762,-0.000947997381673282,-0.234443691633153,-0.24595931757209,-8.88178419700125e-16,0.0195857581576568,0.0102115508184886,-0.000763470227717278,-0.0706004170155483,-0.0688531489047146,-0.0195857581576571,-2.22044604925031e-16,0.00313623625380854,-0.000145816750851679,-0.0218719556754834,-0.0169732193480449,-0.00214682009595324,0.00170312403557132,0,-0.00179199281725623,0.0178466804551864,0.0189678827522982,0.0171299791067479,0.00521612776432245,0.000254264777845348,0
-2.66453525910038e-15,0.0780377441792579,0.041981144993092,0.00789680619414401,-0.0281479503652591,-0.0249005795162063,0.0401148173216188,-8.88178419700125e-16,0.246358780964903,0.069209863495578,0.0112194475923033,-0.000874741488615882,-0.23594514856445,-0.246358780964903,8.88178419700125e-16,0.0199715635705999,0.0102447675077837,-0.00070910588043116,-0.0710740720027068,-0.06920986349558,-0.0199715635706008,-2.22044604925031e-16,0.00315304123671956,-0.000129665951511315,-0.0220287588536546,-0.0170725009351385,-0.00224725503265416,0.00170907222164018,5.55111512312578e-17,-0.00179202878784757,0.0175178030336534,0.0187333249294825,0.0170966975492456,0.00521794401763598,0.000252789233717021,0
0,0.0777099535853365,0.0416711757933941,0.00769423087572552,-0.0280418724943656,-0.0248082019464881,0.0379607954353753,-1.77635683940025e-15,0.24673334022201,0.0695550296671703,0.0111367082398166,-0.000802976362720642,-0.237409058464356,-0.246733340222014,-1.77635683940025e-15,0.0203564381826951,0.0102769339439561,-0.000654908042223568,-0.0715274764139349,-0.0695550296671708,-0.0203564381826955,0,0.00316979826654151,-0.000113520773062925,-0.0221790820204514,-0.0171682360735966,-0.00234734192384978,0.0017149508834825,-5.55111512312578e-17,-0.00179206380247254,0.0171876203992796,0.0184984977970815,0.0170622551140762,0.00521972804757886,0.000251347117964151,0
0,0.0773860359458114,0.0413607189206413,0.00749074915613335,-0.0279368449837882,-0.0247170632748297,0.0358038252785351,0,0.247074370018514,0.0698884249019889,0.0110531967526031,-0.000732998921233907,-0.23883392393086,-0.247074370018513,0,0.020739423633815,0.010307921467958,-0.000601057043228437,-0.0719613255778506,-0.0698884249019882,-0.0207394236338139,0,0.00318645334224854,-9.74280125252136e-05,-0.0223230013217528,-0.0172601753590855,-0.00244685222920898,0.00172074211581585,5.55111512312578e-17,-0.00179209757112825,0.0168580091696111,0.018265386641884,0.0170267180052106,0.00522146623466169,0.000249950848035696,0
0,0.0770711859509392,0.0410520243821351,0.00728758090048842,-0.0278345360639252,-0.024628792185502,0.0336255196684154,-1.77635683940025e-15,0.24737036840272,0.0702099734349728,0.0109703961811656,-0.000665247296236515,-0.240217226331319,-0.247370368402724,-1.77635683940025e-15,0.0211190812065123,0.0103375402969217,-0.00054783381529333,-0.0723767559794097,-0.0702099734349739,-0.0211190812065134,0,0.00320291947140428,-8.1460236114328e-05,-0.0224606739865471,-0.0173480590613499,-0.00254545116094207,0.00172641824841324,0,-0.00179212950954405,0.0165316983154175,0.0180368285905968,0.0169901965605535,0.00522313176126288,0.000248625255889923,0
8.88178419700125e-16,0.076765559141446,0.0407456122590943,0.00708533748526907,-0.0277350522722415,-0.0245433150836591,0.0314275863965008,0,0.247625716186746,0.0705189711265266,0.0108883900536094,-0.000599842896763292,-0.241562190899131,-0.247625716186745,0,0.0214937028359516,0.0103656669452903,-0.000495482817910897,-0.0727730439437495,-0.0705189711265282,-0.0214937028359528,0,0.00321912992109152,-6.57055523334282e-05,-0.0225919816497934,-0.017431811552808,-0.00264269763827429,0.00173195503477541,-5.55111512312578e-17,-0.0017921603502325,0.0162092956486882,0.0178132851154751,0.0169529106393723,0.00522475340935147,0.000247340561525977,0
8.88178419700125e-16,0.0764645598117406,0.0404401427086629,0.00688387816147795,-0.0276370201978207,-0.0244589784078615,0.0292286809340956,-2.66453525910038e-15,0.247857737062067,0.0708138811198271,0.0108059177468265,-0.000536636351612607,-0.242876659434865,-0.24785773706207,-1.77635683940025e-15,0.0218616906260394,0.0103922608039362,-0.000444170757329942,-0.0731476149443864,-0.0708138811198282,-0.0218616906260392,4.44089209850063e-16,0.00323504695070143,-5.02479152855173e-05,-0.0227165144831788,-0.0175114460681747,-0.0027381498094009,0.00173733585551999,-5.55111512312578e-17,-0.00179219170420192,0.015889307432807,0.0175929163733379,0.0169151354710887,0.0052263979202663,0.000246029738811548,0
0,0.0761627030844032,0.0401339033260442,0.00668271755801531,-0.027538757603172,-0.024373892931318,0.0270546122248756,8.88178419700125e-16,0.248083804215193,0.0710934170886812,0.0107214253327763,-0.000475376715385778,-0.244165187609632,-0.248083804215193,-8.88178419700125e-16,0.0222223948302807,0.0104173493071471,-0.000393941924604846,-0.0734977512041106,-0.0710934170886803,-0.0222223948302802,2.22044604925031e-16,0.00325066744726832,-3.51310464083987e-05,-0.0228338263715365,-0.017587072934045,-0.00283161949165722,0.00174255715382848,1.11022302462516e-16,-0.00179222495236442,0.0155697333669282,0.0173732279551471,0.0168770527993372,0.00522812365363967,0.000244634438530178,0
-1.77635683940025e-15,0.0758571752070862,0.0398256443008407,0.00648123669520295,-0.0274393867119977,-0.0242871387065646,0.0249142296630398,-8.88178419700125e-16,0.248310651128401,0.0713576896820527,0.0106340899720507,-0.000415894288765983,-0.245430208409193,-0.248310651128401,8.88178419700125e-16,0.0225765456897502,0.010440986850913,-0.000344721459008213,-0.0738230579662889,-0.0713576896820545,-0.02257654568975,0,0.00326601557453521,-2.03363691182457e-05,-0.0229440103933469,-0.0176589603063042,-0.00292331551378611,0.00174762912949866,0,-0.00179226021836459,0.0152492160357259,0.0171527012635305,0.0168386338140414,0.00522993679689521,0.000243148440954744,0
-1.77635683940025e-15,0.0755490688318297,0.0395153648007813,0.00627898940936866,-0.0273392111207045,-0.0241991738151492,0.0228004970018768,-1.77635683940025e-15,0.248531992009438,0.0716088044907702,0.0105441357832275,-0.000358134456107884,-0.246668861758074,-0.248531992009442,-8.88178419700125e-16,0.0229262628789462,0.0104632134870499,-0.000296341856126148,-0.0741259401915306,-0.0716088044907708,-0.0229262628789471,-2.22044604925031e-16,0.00328113572305511,-5.78832999398315e-06,-0.0230477533969073,-0.0177276287300451,-0.00301385775433743,0.00175257300834386,0,-0.00179229636309775,0.0149276533353885,0.01693132139638,0.0167996101835258,0.00523179030171406,0.000241618910440999,0
8.88178419700125e-16,0.0752413939759977,0.0392038480622334,0.00607583867989092,-0.0272391075022336,-0.0241111203346849,0.0206992548576285,-1.77635683940025e-15,0.248736774034819,0.071849432640251,0.0104523891363639,-0.000302092255985542,-0.247876861610724,-0.248736774034823,-1.77635683940025e-15,0.0232736215256661,0.0104840729857116,-0.000248621691365969,-0.0744097248219777,-0.0718494326402535,-0.0232736215256666,0,0.00329607582383962,8.60246113099095e-06,-0.0231458709474016,-0.0177935734146398,-0.0031038428305602,0.0017574117518564,-5.55111512312578e-17,-0.00179233194508482,0.0146057747547569,0.0167100048945732,0.0167596772406524,0.00523362374983993,0.000240106678983942,0
0,0.0749359972901402,0.0388914996044116,0.00587165363024589,-0.0271396067454415,-0.0240236714436346,0.0185994987842546,-8.88178419700125e-16,0.248918577912473,0.0720814558893377,0.0103593723651638,-0.000247731060641243,-0.249052909827561,-0.248918577912475,-8.88178419700125e-16,0.0236199496757568,0.0105035948962549,-0.000201433673415963,-0.0746767285393386,-0.0720814558893381,-0.0236199496757576,0,0.00331087231123117,2.28968410218577e-05,-0.0232389492415411,-0.0178571519750262,-0.00319364628723962,0.0017621616714088,0,-0.00179236615668993,0.0142839462473514,0.0164892917989366,0.0167186270089097,0.00523540295229241,0.00023864651658323,0
0,0.0746320455362168,0.0385780844746169,0.00566638945087483,-0.0270404174371954,-0.0239365732865391,0.0165051915049065,0,0.249080229030294,0.0723047189367723,0.0102649386655491,-0.000194959267877159,-0.25019774682204,-0.249080229030294,0,0.0239650987988522,0.0105218324381973,-0.000154734186283534,-0.0749265281438907,-0.07230471893677,-0.0239650987988511,2.22044604925031e-16,0.00332554269042529,3.71078203231789e-05,-0.0233268867300282,-0.0179183355537296,-0.00328319870813748,0.00176682885439283,0,-0.00179239918650176,0.0139619574029076,0.0162688395768382,0.0166764788047853,0.0052371357864211,0.000237230981394831,0
-1.77635683940025e-15,0.074333655481114,0.0382654812867829,0.00546112125380205,-0.0269428566629868,-0.0238511221004858,0.014400162399193,8.88178419700125e-16,0.249214308954765,0.0725197184059274,0.0101703977208976,-0.000144022787543996,-0.251311612932457,-0.249214308954762,1.77635683940025e-15,0.0243077401529446,0.0105386876670188,-0.000108731694654196,-0.0751607170529722,-0.072519718405927,-0.0243077401529432,2.22044604925031e-16,0.00334002309680992,5.1177713434436e-05,-0.0234100065024016,-0.0179770495765128,-0.00337217238101767,0.00177139468022786,0,-0.00179243075902713,0.0136419915601909,0.0160509748749491,0.0166333782715145,0.00523880847312674,0.00023587249837298,0
0,0.0740467747780427,0.0379564989759524,0.00525747486775519,-0.0268488448177813,-0.0237691766073391,0.012261432668475,-8.88178419700125e-16,0.249310935823939,0.0727273484268274,0.0100776517149406,-9.53043620031124e-05,-0.252395452571947,-0.24931093582394,-8.88178419700125e-16,0.0246458158611063,0.010554009290467,-6.3766896295725e-05,-0.0753818172643981,-0.0727273484268283,-0.0246458158611071,0,0.00335420636740191,6.50113945876996e-05,-0.0234888604883403,-0.0180332737286431,-0.00346007059711911,0.00177582843401564,0,-0.00179246034438058,0.0133272253172158,0.015839085448426,0.0165895713706375,0.00524039513478897,0.000234594671020327,0
-8.88178419700125e-16,0.0737715991989347,0.0376517637656519,0.00505629721210799,-0.0267585201336926,-0.0236906605370084,0.0100893076166083,-8.88178419700125e-16,0.24937512858425,0.0729265472674392,0.00998697852631025,-4.89023439591563e-05,-0.253453963917185,-0.249375128584249,0,0.0249769943211975,0.0105677438379814,-2.01193452911141e-05,-0.0755891285839947,-0.0729265472674396,-0.0249769943211975,0,0.00336801081492033,7.85002606964458e-05,-0.0235633406037075,-0.0180868234773471,-0.00354627781108752,0.00178010389463018,0,-0.00179248873519278,0.0130185216812904,0.0156339242647275,0.0165454424418868,0.00524192748681301,0.000233363979234458,0
-8.88178419700125e-16,0.0735032848466313,0.0373498771132779,0.00485746984704249,-0.0266704530811745,-0.0236138263644801,0.00790747496929012,-1.77635683940025e-15,0.249422567668488,0.0731148297094775,0.00989705288448395,-4.67796381453667e-06,-0.254491523032445,-0.249422567668491,-8.88178419700125e-16,0.0252996874055933,0.0105798883986479,2.20398132402266e-05,-0.0757792239968711,-0.0731148297094775,-0.0252996874055942,-2.22044604925031e-16,0.00338139159430084,9.15463543027517e-05,-0.0236327950734579,-0.0181374800294319,-0.00363036982073001,0.0017842041150205,1.11022302462516e-16,-0.00179251759586285,0.0127144803100434,0.015433616823974,0.0165013465403374,0.00524347622455856,0.000232108396380326,0
0,0.0732361341901413,0.0370490384803173,0.00466050728832901,-0.026582900350328,-0.0235367184789155,0.00574667795489325,0,0.249468711359782,0.0732897461979256,0.00980626570532017,3.76028536992479e-05,-0.255509193348059,-0.249468711359785,0,0.0256132255514441,0.0105905175315044,6.26877802982762e-05,-0.0759483646157519,-0.0732897461979265,-0.0256132255514439,0,0.0033943473228959,0.000104102899944447,-0.0236964540587437,-0.0181850235813581,-0.00371214942267339,0.00178812699614228,-5.55111512312578e-17,-0.00179254833958603,0.0124132264121838,0.0152356516937064,0.0164575207514782,0.00524510278432483,0.000230765819339063,0
-8.88178419700125e-16,0.0729670224886556,0.0367478657712015,0.00446459532073717,-0.0264948819048625,-0.0234583272230529,0.0036211508031917,0,0.249519181360036,0.0734511892745076,0.00971357835307352,7.81391046285052e-05,-0.256505988110522,-0.249519181360037,8.88178419700125e-16,0.0259189037679874,0.0105996729142239,0.000101948376560301,-0.076095693937158,-0.0734511892745047,-0.0259189037679866,0,0.00340691589432751,0.000116199244380333,-0.023754262487483,-0.0182296793713917,-0.00379198915013534,0.0017918867492579,5.55111512312578e-17,-0.00179258119763459,0.0121131607315272,0.01503816583199,0.0164138507254772,0.00524681860014814,0.000229325057931995,0
8.88178419700125e-16,0.0726967109864374,0.0364461250240451,0.00426907816235467,-0.0264065774490616,-0.0233790252854833,0.00152323779144303,-1.77635683940025e-15,0.249568453892735,0.0736014703188435,0.0096190603699533,0.000117011093168529,-0.257479868312729,-0.249568453892737,0,0.0262191011048651,0.0106073780017661,0.000140032180804717,-0.0762236206987084,-0.0736014703188466,-0.0262191011048667,-4.44089209850063e-16,0.00341915612665944,0.000127931436827211,-0.0238069025468492,-0.0182720184093059,-0.00387057038488703,0.00179550871708534,-1.66533453693773e-16,-0.00179261496000005,0.0118138038201662,0.0148408299844696,0.0163699623298437,0.00524857266699696,0.000227838267653491,0
0,0.0724279400925578,0.0361442182779887,0.00407343395481163,-0.0263187748798126,-0.0232998559192179,-0.000566498289313155,1.77635683940025e-15,0.249606090648237,0.0737442122577292,0.00952331398433159,0.00015428899831349,-0.258429121565579,-0.249606090648236,0,0.0265165928172504,0.0106136131160897,0.000177168061275879,-0.0763362326548171,-0.0737442122577279,-0.0265165928172497,0,0.00343113375350468,0.00013940895320963,-0.0238554430898965,-0.0183128163360644,-0.00394869258813574,0.00179902019136563,5.55111512312578e-17,-0.00179264826810693,0.0115151926455829,0.0146441114870594,0.0163253730866587,0.00525030702318036,0.000226365067236278,0
8.88178419700125e-16,0.0721625080284225,0.0358425257094419,0.00387744811071844,-0.0262319680067291,-0.0232215210652402,-0.00266030258125416,-8.88178419700125e-16,0.249626006967015,0.0738816567586014,0.00942683076056205,0.000190038421289174,-0.259353015683201,-0.249626006967013,1.77635683940025e-15,0.0268128481497882,0.0106184056457117,0.000213519936894002,-0.0764360435315719,-0.0738816567586009,-0.0268128481497865,2.22044604925031e-16,0.0034428976446268,0.000150710460492531,-0.0239005020933568,-0.018352497765005,-0.00402675750171505,0.00180244098253168,5.55111512312578e-17,-0.00179268023295265,0.0112175115399373,0.0144484283165696,0.0162798038202485,0.00525198331540816,0.000224945211137972,0
0,0.0718993123500207,0.0355405280928212,0.00368083714426692,-0.0261457837797474,-0.023143684562009,-0.0047548229340369,0,0.249630380562854,0.0740137326832837,0.00932929951591355,0.000224367999468456,-0.260251975296731,-0.249630380562854,0,0.02710819730199,0.0106217931241268,0.000249164897581977,-0.0765226619801769,-0.0740137326832853,-0.0271081973019913,-2.22044604925031e-16,0.00345447452962233,0.000161859284744992,-0.0239420075685604,-0.0183910795849061,-0.00410483789502192,0.0018057799999916,0,-0.00179271100853573,0.0109202080944387,0.0142531571998586,0.0162331984623738,0.00525360836731589,0.000223572495824803,0
-8.88178419700125e-16,0.071642652832308,0.0352402510584424,0.00348485134648957,-0.0260616054682501,-0.0230677035759239,-0.00687095615017982,-1.77635683940025e-15,0.249613274111368,0.0741415696182788,0.00923226906201258,0.00025709081694103,-0.261129593824996,-0.249613274111369,0,0.0274009391645036,0.0106237443271953,0.000283884108302601,-0.0765986007159203,-0.0741415696182794,-0.0274009391645034,2.22044604925031e-16,0.00346579400645597,0.000172792020087575,-0.0239805436572931,-0.0184286330791102,-0.00418249717656133,0.00180901900193042,1.11022302462516e-16,-0.00179274027544929,0.0106255657952987,0.0140608835838834,0.0161858079552144,0.00525516586629046,0.000222261836400506,0
0,0.0713985389929679,0.0349446768199577,0.00329139287372904,-0.0259813991630962,-0.0229954406816599,-0.00903718595342859,8.88178419700125e-16,0.249567469367454,0.074266797758618,0.00913793591713485,0.000287937372720037,-0.261991602538268,-0.249567469367452,0,0.0276883886632007,0.0106242111489063,0.00031731343060315,-0.0766675202122127,-0.0742667977586151,-0.0276883886631993,2.22044604925031e-16,0.00347673780825253,0.000183393937196685,-0.0240169926268646,-0.0184653138942124,-0.00425905596627391,0.00181212634298256,1.11022302462516e-16,-0.00179276774637693,0.0103368685769527,0.0138753251501431,0.0161380747631731,0.00525663964778592,0.000221026907710087,0
8.88178419700125e-16,0.0711675435691879,0.0346547236177948,0.00310155393986911,-0.0259054428607959,-0.0229269385180304,-0.0112538257165066,8.88178419700125e-16,0.249497446204119,0.0743884564613513,0.0090468492565563,0.000316841095028053,-0.262842606870995,-0.249497446204119,-8.88178419700125e-16,0.0279679490312335,0.0106232235866086,0.000349163634396632,-0.0767292020307462,-0.0743884564613515,-0.0279679490312346,-2.22044604925031e-16,0.00348721396000706,0.000193542652302536,-0.0240513509476203,-0.0185009318994138,-0.00433382787456305,0.00181507517640844,0,-0.00179279420956291,0.0100553339807202,0.0136976205559264,0.0160905282313831,0.0052580619628371,0.000219832930446251,0
0,0.0709450672492959,0.0343692528507802,0.00291541512130067,-0.0258323898511517,-0.0228605363700858,-0.0134912524439173,8.88178419700125e-16,0.249416998067936,0.0745032460256727,0.00895783058598631,0.000343935521517125,-0.263683166042112,-0.249416998067932,8.88178419700125e-16,0.0282378826958114,0.0106208536386365,0.000379279117724174,-0.076779698408789,-0.0745032460256712,-0.0282378826958112,4.44089209850063e-16,0.00349717486159351,0.000203132150888408,-0.0240827455128327,-0.0185350040631672,-0.00440634119051586,0.00181784893321713,-1.11022302462516e-16,-0.00179282134552056,0.0097800264855325,0.0135261717302311,0.0160436334264609,0.00525950633545894,0.000218604116887178,0
-2.66453525910038e-15,0.0707251828079816,0.0340861292504373,0.00273230455179529,-0.025760436460267,-0.0227942018499077,-0.0157162798446039,0,0.249339784593936,0.0746078437524957,0.0088691407254764,0.000369419452161068,-0.264512208214318,-0.249339784593934,8.88178419700125e-16,0.0284978131982401,0.0106171836392877,0.000407660643197971,-0.0768145665601312,-0.0746078437524926,-0.0284978131982396,-2.22044604925031e-16,0.00350662080810071,0.000212115988456718,-0.0241102010806664,-0.0185670893076012,-0.00447648799700334,0.001820446176304,-5.55111512312578e-17,-0.00179285050984185,0.00950898361534472,0.0133583376691843,0.0159976169070956,0.0052610336716844,0.000217278335309989,0
1.77635683940025e-15,0.0705047336694564,0.0338039598547848,0.0025513360277527,-0.0256885761527199,-0.0227269310320155,-0.0179106064616939,-8.88178419700125e-16,0.249270328465963,0.0747016157644413,0.00877964149370136,0.000393455978310087,-0.265326141975549,-0.249270328465963,0,0.0287491918330929,0.0106122361958461,0.000434456658804372,-0.0768323156553052,-0.07470161576444,-0.0287491918330927,-2.22044604925031e-16,0.00351559616497954,0.000220533536454903,-0.0241334383180341,-0.0185972538773509,-0.00454467893206373,0.00182288219796234,1.11022302462516e-16,-0.00179288184004955,0.00924061972174858,0.0131921440424133,0.015952298319462,0.00526265194692208,0.00021584811799874,0
-8.88178419700125e-16,0.0702840484765996,0.0335221365875213,0.00237150707528144,-0.0256168444855387,-0.022658953407789,-0.0200829027298665,0,0.249203222164461,0.0747870233218446,0.00868908238815891,0.000416150592233322,-0.266123084501814,-0.24920322216446,0,0.0289949022401323,0.0106059463191386,0.000459907566094486,-0.076835055822474,-0.0747870233218439,-0.0289949022401335,0,0.00352417369644931,0.000228491491562011,-0.0241530759236086,-0.0186261388175234,-0.0046117422547105,0.00182518380119601,-5.55111512312578e-17,-0.00179291436027768,0.00897386129882391,0.0130267797304787,0.0159071344029171,0.00526431976617034,0.000214356944715222,0
-8.88178419700125e-16,0.0700656553826766,0.0332410696890388,0.00219217849260378,-0.025545934773012,-0.0225912625730356,-0.0222517964647813,8.88178419700125e-16,0.249128586742373,0.0748679094820677,0.00859788654597438,0.000437563077612779,-0.266900924709812,-0.24912858674237,0,0.029237863679942,0.0105982346552018,0.000484261226675997,-0.0768266284104553,-0.0748679094820657,-0.0292378636799417,0,0.00353242938135367,0.000236116943671982,-0.0241700982440488,-0.0186545771629382,-0.00467851011015885,0.00182737972024177,1.11022302462516e-16,-0.00179294662607954,0.00870846428081615,0.0128624141425183,0.0158615075649068,0.00526597404580825,0.000212870672174958,0
1.77635683940025e-15,0.0698509145407291,0.0329607201293243,0.00201284253808787,-0.0254761974894651,-0.0225244180434858,-0.024433487784353,8.88178419700125e-16,0.249040678886237,0.0749466667371586,0.00850632483396652,0.0004577701414199,-0.267660510994792,-0.249040678886236,8.88178419700125e-16,0.0294798305721704,0.010589078965749,0.000507703551512861,-0.076809364050519,-0.074946666737157,-0.0294798305721689,0,0.00354042196593474,0.000243499507267542,-0.0241851043054069,-0.0186830537984876,-0.00474546396878434,0.00182949104411895,0,-0.00179297780820131,0.00844408170859182,0.0126991169815217,0.0158150295590606,0.00526757835894717,0.000211427828003541,0
1.77635683940025e-15,0.0696389402301429,0.0326807418845556,0.00183332999952324,-0.0254073070715144,-0.0224581784404974,-0.0266237290369157,1.77635683940025e-15,0.248941019667686,0.0750230136813901,0.00841421100879636,0.000476866745687587,-0.268401322498457,-0.248941019667686,0,0.0297209515523384,0.0105785600004253,0.000530335216433642,-0.0767827156499858,-0.0750230136813894,-0.029720951552338,2.22044604925031e-16,0.00354818416644487,0.000250673459133655,-0.024197914395488,-0.0187114634951948,-0.00481260308607379,0.00183152815430515,0,-0.00179300791906473,0.00818040192583877,0.0125364504093175,0.015767669012789,0.00526913355291395,0.000210028418524189,0
-8.88178419700125e-16,0.0694335832492161,0.0324029797697385,0.0016548658634461,-0.0253405270862768,-0.0223937450265961,-0.0288459264530636,-1.77635683940025e-15,0.248825452494854,0.0750985176021874,0.00832308463304976,0.000494753862509967,-0.269129416310873,-0.248825452494855,-8.88178419700125e-16,0.0299594762786617,0.0105667093542943,0.000551951090874248,-0.0767496744918297,-0.0750985176021874,-0.0299594762786617,0,0.00355564637459715,0.000257569545556446,-0.0242092710658829,-0.0187400118944205,-0.00487947282730361,0.0018334736180563,0,-0.00179303683785159,0.00791943723659005,0.0123769023510291,0.015719762426859,0.00527063197337876,0.000208678664273598,0
-1.77635683940025e-15,0.0692406134297032,0.0321303825042021,0.0014794178251849,-0.0252777827003241,-0.0223328898794728,-0.0311330336262042,-8.88178419700125e-16,0.248688443765073,0.0751755768894391,0.0082352557566221,0.000511262379907507,-0.269853646933759,-0.248688443765077,-2.66453525910038e-15,0.0301926165672022,0.0105535672104571,0.000572193002494892,-0.0767148641121049,-0.0751755768894398,-0.0301926165672048,-2.22044604925031e-16,0.00356268610519095,0.000264062443165569,-0.0242203477829493,-0.0187690686196173,-0.00494536422379149,0.00183529602175558,5.55111512312578e-17,-0.00179306444550792,0.00766429648381747,0.0122242562013198,0.0156718844158341,0.00527206472898589,0.000207384786531983,0
8.88178419700125e-16,0.0690606847971384,0.0318639443649955,0.00130817818307083,-0.0252193983753237,-0.0222756829053292,-0.033485834102169,8.88178419700125e-16,0.248534282089515,0.0752533742236387,0.00815143030794729,0.00052636853849819,-0.270578803638971,-0.248534282089514,8.88178419700125e-16,0.0304177452480294,0.0105392498014947,0.00059078915412325,-0.0766785434491091,-0.0752533742236385,-0.0304177452480301,0,0.0035692090436934,0.00027002428927192,-0.0242312450422207,-0.0187984573713268,-0.00500957707600036,0.00183696889984758,1.11022302462516e-16,-0.00179309154728202,0.00741632973880407,0.0120798506667602,0.0156246788989837,0.0052734661298498,0.000206109502559781,0
-8.88178419700125e-16,0.0688897479019825,0.0316027344105843,0.00114138464498748,-0.025164202706649,-0.0222206569354961,-0.0358732912358228,-8.88178419700125e-16,0.24837491371732,0.0753282424762993,0.00807068215926421,0.000540182951699109,-0.271303844401084,-0.248374913717321,0,0.0306330472503067,0.0105239020636132,0.000607602404852692,-0.0766369135398821,-0.0753282424763009,-0.0306330472503062,-2.22044604925031e-16,0.00357516517765899,0.000275348960689925,-0.0242410521022093,-0.018827528434236,-0.00507160688049191,0.00183847557417843,1.11022302462516e-16,-0.00179311964451301,0.0071750693155091,0.0119424975617891,0.0155787003254259,0.00527490421513502,0.000204781961581968,0
-8.88178419700125e-16,0.06872225194215,0.0313446778604423,0.000978341338218058,-0.0251105005699168,-0.0221659147291184,-0.0382586532656024,-1.77635683940025e-15,0.248221908724275,0.0753963880868405,0.00799130970437822,0.000552861582798769,-0.272024831511096,-0.248221908724274,0,0.0308383852397096,0.0105075996352131,0.000622654450764593,-0.0765852535901375,-0.07539638808684,-0.0308383852397085,-2.22044604925031e-16,0.00358055707979243,0.000279994936082772,-0.024248655065973,-0.0188556825919078,-0.00513141338478595,0.00183981455143239,0,-0.00179314995198315,0.0069387898642512,0.0118096697726413,0.0155341412850907,0.00527643597355229,0.000203343732267214,0
0,0.0685550709553135,0.0310882638650156,0.000818053711832079,-0.0250572808198664,-0.0221104654288382,-0.0406223885880331,-8.88178419700125e-16,0.2480789101398,0.0754567329777966,0.00791208125869325,0.00056453281099067,-0.272737054939994,-0.2480789101398,0,0.0310353155951884,0.0104903206336253,0.000636103465271987,-0.0765215468018605,-0.0754567329777942,-0.0310353155951877,2.22044604925031e-16,0.00358543308969761,0.000284006018213878,-0.0242535986393656,-0.0188828533900405,-0.00518943398035365,0.00184100018605565,1.11022302462516e-16,-0.0017931826202624,0.00670586376664198,0.0116793164118412,0.0154907489834452,0.00527807086762269,0.000201786098659479,0
1.77635683940025e-15,0.068388307340566,0.0308328435508773,0.000659394560311277,-0.0250044852498137,-0.0220544681341064,-0.0429708504775658,0,0.247940452235083,0.0755115008137714,0.00783251664924833,0.000575271011033607,-0.273437209020388,-0.247940452235081,0,0.0312268309171699,0.0104719140521894,0.000648192630118061,-0.0764471934154103,-0.0755115008137706,-0.0312268309171713,-2.22044604925031e-16,0.00358987202691274,0.000287496385340091,-0.0242562947232881,-0.0189096329792289,-0.00524652827998751,0.00184205844173391,0,-0.001793216732903,0.00647499786176423,0.0115503296885053,0.0154478475566546,0.00527976940758484,0.000200151313943464,0
-2.66453525910038e-15,0.068223860148402,0.0305784766710167,0.000501542538207111,-0.0249525965526276,-0.0219987043853713,-0.0453244802810298,3.5527136788005e-15,0.247797682224424,0.0755641811031378,0.0077527879289665,0.000585117289308101,-0.274124315755043,-0.247797682224424,-8.88178419700125e-16,0.031415723623792,0.0104522458971079,0.000659166979709802,-0.0763651743701037,-0.0755641811031373,-0.0314157236237922,2.22044604925031e-16,0.00359395465777368,0.000290597417344163,-0.0242575147836597,-0.0189367818211223,-0.00530348461013291,0.00184301683299987,-1.11022302462516e-16,-0.00179325097815325,0.0062455270365751,0.0114225433094518,0.0154047445322484,0.0052814728807726,0.000198501531265882,0
-8.88178419700125e-16,0.0680628577030671,0.030325163552785,0.000343902236474847,-0.024901876113872,-0.0219436653687346,-0.0476967323546591,1.77635683940025e-15,0.247644730790812,0.0756171137040136,0.00767296609792822,0.000594123200416519,-0.274797503160388,-0.247644730790809,1.77635683940025e-15,0.0316039228587268,0.0104312330843115,0.000669219969861246,-0.076277347684226,-0.0756171137040131,-0.0316039228587266,0,0.00359774565174042,0.000293408017257635,-0.0242577239138179,-0.0189647925826816,-0.00536083604514026,0.0018438965745684,0,-0.00179328450620564,0.00601692124713316,0.0112957449089543,0.0153609425749732,0.00528314290453874,0.000196877779074345,0
8.88178419700125e-16,0.0679044253283072,0.0300724925122635,0.000186275805403646,-0.0248519972816412,-0.0218891179183149,-0.0500841102584134,1.77635683940025e-15,0.2474827401052,0.0756698988059155,0.00759287059644809,0.000602365998926935,-0.275456244036436,-0.247482740105197,0,0.0317915788715624,0.0104089620795342,0.00067846048385789,-0.0761830414206688,-0.0756698988059159,-0.0317915788715626,2.22044604925031e-16,0.00360127979389424,0.000295966881902698,-0.0242566921879684,-0.0189935110472984,-0.00541857509028076,0.00184470774838963,0,-0.00179331727449406,0.00578886825586925,0.011169522360668,0.0153164061785201,0.00528477797577967,0.00019528254847398,0
-1.77635683940025e-15,0.0677519288903676,0.0298221130668281,2.98365195012806e-05,-0.0248040828115865,-0.0218361073250177,-0.0525115101221817,8.88178419700125e-16,0.247308618504934,0.0757243310040909,0.00751401250633865,0.000609812161033396,-0.276107825100956,-0.247308618504933,0,0.031976971474549,0.0103855349687532,0.000686716726556291,-0.0760854340832804,-0.0757243310040892,-0.0319769714745495,2.22044604925031e-16,0.00360449437018473,0.000298207533654837,-0.0242552134661195,-0.0190231994573206,-0.00547623858521329,0.00184543444023788,5.55111512312578e-17,-0.00179334929203978,0.00556314150941256,0.0110462610856177,0.0152715416052961,0.00528637674336307,0.000193715844008957,0
0,0.0676106500451219,0.029576910721115,-0.000123381947416235,-0.0247599302944641,-0.0217862447364068,-0.0550132285713827,8.88178419700125e-16,0.247118309389689,0.0757831240167617,0.00743875528888438,0.000616374779549567,-0.276762685724751,-0.247118309389693,-1.77635683940025e-15,0.0321571906605271,0.0103611083418826,0.000693660614910385,-0.0759896226582044,-0.0757831240167635,-0.0321571906605282,-2.22044604925031e-16,0.00360727040226116,0.000300002013393863,-0.0242545798659726,-0.0190542976942236,-0.00553305940460735,0.00184604588765774,0,-0.00179338061814344,0.00534271299014411,0.0109297585182869,0.0152270721706304,0.00528793899730191,0.000192175183093168,0
-8.88178419700125e-16,0.0674812105501355,0.0293377998848685,-0.000272185892391974,-0.0247198660455892,-0.0217395954741297,-0.0575913990954195,-8.88178419700125e-16,0.246915938645874,0.0758456212862226,0.00736790928049569,0.000622080940710035,-0.27742613647089,-0.246915938645875,8.88178419700125e-16,0.0323297085622043,0.0103358799620024,0.000699059345286024,-0.0758963076311587,-0.0758456212862255,-0.0323297085622043,-2.22044604925031e-16,0.00360951980585589,0.000301224556512159,-0.0242549745553632,-0.0190866312399176,-0.00558834519574136,0.00184651644448464,-5.55111512312578e-17,-0.00179341213905859,0.00512893951202431,0.0108214834825295,0.0151837282140507,0.00528950515677186,0.000190617045362343,0
8.88178419700125e-16,0.0673599954592214,0.0291038123067562,-0.000416363604442971,-0.0246828513595325,-0.0216948458587751,-0.060215915425812,1.77635683940025e-15,0.246712064270342,0.0759081349719981,0.00730069421686075,0.000627019622289282,-0.278096802958228,-0.24671206427034,0,0.0324929019705813,0.0103100231622273,0.000702796944741735,-0.075802040615399,-0.0759081349719961,-0.0324929019705815,-2.22044604925031e-16,0.00361119381140651,0.000301775374007329,-0.0242555332566325,-0.0191194975007513,-0.00564163803605611,0.00184682911172995,-5.55111512312578e-17,-0.00179344514737295,0.00492153598416224,0.010720476885974,0.0151420771488512,0.00529113706191529,0.000188976761427373,0
8.88178419700125e-16,0.0672422289331811,0.028873078346721,-0.000556556925170426,-0.0246474174965652,-0.0216503634549197,-0.0628496622521046,-8.88178419700125e-16,0.246516398200232,0.0759668515397705,0.00723557790371387,0.000631298994927754,-0.278769455513974,-0.246516398200233,0,0.0326467539751967,0.0102835911891592,0.0007048965545291,-0.0757023664407188,-0.0759668515397709,-0.0326467539751971,-2.22044604925031e-16,0.00361229304631006,0.000301617389274256,-0.024255150765254,-0.0191522381174123,-0.00569293236440516,0.00184698066963673,-5.55111512312578e-17,-0.00179348063386336,0.00471912273999921,0.0106245077624657,0.0151022731464799,0.00529288436513226,0.000187203330199795,0
4.44089209850063e-15,0.067125042402119,0.0286441195850635,-0.000693838149388171,-0.0246126132698121,-0.0216052446947623,-0.0654717157611446,-1.77635683940025e-15,0.246331512520628,0.0760205048103968,0.00717125237847149,0.000634997294724826,-0.279437990531616,-0.246331512520627,8.88178419700125e-16,0.0327929836606122,0.010256482904099,0.000705510743395088,-0.0755949541404459,-0.0760205048103957,-0.0327929836606111,2.22044604925031e-16,0.00361286630430824,0.000300799087932901,-0.0242532640600718,-0.0191847350259021,-0.0057427205687538,0.00184698374885656,-1.11022302462516e-16,-0.00179351865048494,0.00452009158648205,0.0105314648801612,0.015063950144913,0.00529475312650458,0.000185291757986775,0
1.77635683940025e-15,0.0670083748009489,0.0284162978423916,-0.000829324292442202,-0.0245783100478354,-0.0215595926177441,-0.0680871696237744,1.77635683940025e-15,0.246152147516009,0.0760708678744919,0.00710713116681827,0.000638154177186934,-0.28009853065691,-0.246152147516008,8.88178419700125e-16,0.0329343327869926,0.0102285003182807,0.000704869301356936,-0.0754804370861308,-0.0760708678744921,-0.032934332786992,-2.22044604925031e-16,0.00361299265650405,0.000299434538666432,-0.0242500614091432,-0.0192174582763229,-0.00579178585994716,0.00184686209935814,0,-0.00179355836138656,0.00432312765997389,0.0104401464767841,0.0150263868451007,0.00529670664424402,0.000183281825887047,0
8.88178419700125e-16,0.0668937121535871,0.0281896615442037,-0.000963838132268968,-0.0245448503992645,-0.0215140473306779,-0.0707143295942629,1.77635683940025e-15,0.245970038424917,0.0761209753552556,0.00704321095330851,0.000640786565332618,-0.280749360409126,-0.245970038424917,0,0.0330733635065039,0.0101994693261034,0.000703205368057347,-0.0753609502573751,-0.0761209753552543,-0.033073363506505,0,0.0036127538388655,0.000297653575058288,-0.0242460856160657,-0.0192510666818759,-0.00584084664731749,0.00184664138214563,1.11022302462516e-16,-0.00179359860876227,0.00412745066814761,0.010350184122568,0.0149888557805496,0.00529869139590818,0.000181230737205551,0
-8.88178419700125e-16,0.0667817967024567,0.0279641153004082,-0.00109807640739668,-0.0245123712140076,-0.0214689624827971,-0.0733644893210672,0,0.245779446424703,0.0761728220587408,0.00697933180024091,0.000642914603067979,-0.281388550192366,-0.245779446424702,8.88178419700125e-16,0.0332120404571663,0.0101692381080065,0.000700697872717981,-0.0752376253512292,-0.0761728220587392,-0.0332120404571652,0,0.00361221292378677,0.000295552237917995,-0.0242416292939461,-0.019286013033175,-0.00589045873920752,0.0018463409017721,0,-0.00179363862721327,0.00393231905456945,0.0102610735515789,0.0149507816470542,0.00530067154803747,0.000179177048594478,0
-1.77635683940025e-15,0.066671727639994,0.0277392005098296,-0.00123225536950855,-0.0244805289556229,-0.0214241051035993,-0.0760337317715569,8.88178419700125e-16,0.245581349577155,0.0762258735776937,0.00691530728037648,0.000644582574058639,-0.28201528522994,-0.245581349577154,0,0.0333505102726033,0.0101379003317117,0.000697460304689201,-0.0751096238726865,-0.0762258735776924,-0.0333505102726024,2.22044604925031e-16,0.00361140634622203,0.000293176965177722,-0.0242364034346179,-0.0193220961407023,-0.00594060537951729,0.00184597076992848,1.11022302462516e-16,-0.00179367822383081,0.00373744363926742,0.0101723996519497,0.0149121205750546,0.00530263841615264,0.000177130712972276,0
8.88178419700125e-16,0.066566237787085,0.0275163479366292,-0.00136526007133941,-0.0244502569301996,-0.0213803141193099,-0.0787455635399534,1.77635683940025e-15,0.245373683164475,0.0762817989569218,0.00685254641303068,0.000645795351380762,-0.282636944980533,-0.245373683164473,0,0.0334870805279479,0.010105620588142,0.000693351182301072,-0.0749799565499725,-0.0762817989569211,-0.0334870805279497,0,0.00361027843741635,0.000290463891047033,-0.0242311477771677,-0.0193595490947517,-0.0059908091230767,0.00184551554636225,0,-0.0017937175445456,0.00354438901098506,0.0100863813946817,0.0148733469938014,0.00530459819174942,0.000175084268365294,0
8.88178419700125e-16,0.0664697604000981,0.0272981735350566,-0.00149514156412778,-0.0244230991123864,-0.0213389291674861,-0.08153232241269,-2.66453525910038e-15,0.245153645519781,0.0763432166214457,0.00679327820864462,0.000646547795688512,-0.283264086976001,-0.245153645519784,-8.88178419700125e-16,0.033618960961423,0.0100726540081064,0.000688104657526445,-0.0748536857724436,-0.0763432166214493,-0.0336189609614239,0,0.00360872690583314,0.000287291827662628,-0.0242271194755866,-0.0193987729591681,-0.00604029635667386,0.00184494649002998,1.11022302462516e-16,-0.00179375694411305,0.00335582546207203,0.0100065901089109,0.0148352793287685,0.00530656696703294,0.000173019053969492,0
-1.77635683940025e-15,0.0663827705730622,0.0270853578116625,-0.0016207979051277,-0.0243993335198773,-0.0212999782293286,-0.0843980656140715,8.88178419700125e-16,0.244925243227669,0.0764095674073157,0.00673834920808147,0.0006468945639444,-0.283902622191743,-0.244925243227668,8.88178419700125e-16,0.033743799944741,0.0100392566391241,0.000681530013516785,-0.0747317551547295,-0.0764095674073149,-0.0337437999447405,2.22044604925031e-16,0.00360667406000759,0.000283544725907747,-0.0242245327317181,-0.0194395749351315,-0.00608839637493674,0.00184423878009371,0,-0.00179379730704943,0.00317300769694583,0.00993453811953765,0.0147986908117764,0.00530858917868644,0.000170887788367879,0
1.77635683940025e-15,0.0663024529266965,0.0268770644563086,-0.00174206544152256,-0.0243781543087493,-0.0212624269851389,-0.0873158172818784,8.88178419700125e-16,0.244697083882507,0.076477723335711,0.00668714041924545,0.000646899249132638,-0.28455096353909,-0.244697083882505,0,0.0338603695776243,0.0100055721937906,0.000673529088018654,-0.0746115247836594,-0.0764777233357121,-0.0338603695776258,-2.22044604925031e-16,0.00360407543040298,0.000279136549001358,-0.0242226980470296,-0.019481345139875,-0.00613476257779833,0.00184337538885515,-1.11022302462516e-16,-0.00179383963047086,0.0029957947011636,0.00986949789306381,0.0147640665847444,0.00531071727157797,0.000168635714286824,0
0,0.0662249554969536,0.026671667424103,-0.00185949829577048,-0.0243583547406425,-0.0212249657647003,-0.0902513900245798,-1.77635683940025e-15,0.244477350134235,0.0765442295363696,0.00663837924210586,0.000646635208812363,-0.285204065302477,-0.244477350134237,-8.88178419700125e-16,0.0339686844661227,0.00997164452719357,0.000664129349526199,-0.0744891703621025,-0.0765442295363694,-0.0339686844661227,0,0.00360093302493514,0.000274041798343339,-0.0242206169115389,-0.0195234356236875,-0.00617938839132587,0.00184235239071984,0,-0.00179388459969421,0.00282315149091748,0.00980962623424982,0.014731525222974,0.00531299024962384,0.000166222993947945,0
0,0.0661478191410438,0.0264677523031844,-0.00197413938699675,-0.0243390933732428,-0.0211868248458957,-0.0931859690821708,-1.77635683940025e-15,0.244267909973938,0.0766077702028065,0.00659083948266925,0.000646129016479868,-0.285856078455341,-0.244267909973939,0,0.0340703288389488,0.00993732770739975,0.000653459050612426,-0.0743622511230402,-0.0766077702028054,-0.0340703288389488,0,0.0035972896412384,0.000268309504618536,-0.0242176815419939,-0.0195656932188955,-0.00622273409444501,0.00184117981095544,5.55111512312578e-17,-0.00179393209242823,0.00265361581706842,0.00975297081977781,0.0147006564159473,0.00531540698319048,0.000163652089712793,0
8.88178419700125e-16,0.066070718177663,0.026264660811667,-0.00208709892782188,-0.0243201528081949,-0.0211480036167284,-0.096121857365647,-1.77635683940025e-15,0.244063942080928,0.0766695818434036,0.00654378540811162,0.000645393634852276,-0.286502307458792,-0.244063942080929,0,0.0341678142777191,0.00990236753236751,0.000641718488823884,-0.0742305725997894,-0.076669581843402,-0.0341678142777171,0,0.00359321740513607,0.000262042441343979,-0.0242138677813962,-0.019608484637646,-0.0062655295848722,0.00183987797675911,-1.11022302462516e-16,-0.00179398141656978,0.0024858386325636,0.00969817826222608,0.0146707107045202,0.00531793676891667,0.000160956576243557,0
-1.77635683940025e-15,0.0659949040031504,0.0260626751572497,-0.00219908566979843,-0.0243018064791549,-0.0211090523556452,-0.0990721210682657,8.88178419700125e-16,0.243857596247479,0.0767322012670677,0.0064970751910618,0.000644412150567319,-0.287139441316103,-0.24385759624748,0,0.034263440689255,0.00986655214441434,0.000629111274569993,-0.0740956451541241,-0.0767322012670677,-0.0342634406892541,2.22044604925031e-16,0.00358879102285226,0.000255360356613554,-0.0242095553634655,-0.0196523794047695,-0.00630842849391339,0.00183846973009605,1.11022302462516e-16,-0.00179403154123753,0.00231911665709054,0.009644740992148,0.0146409529847544,0.0053205295903592,0.000158189949700356,0
8.88178419700125e-16,0.0659208716689381,0.0258617281168689,-0.00231073842404506,-0.0242841127153222,-0.0210702378343388,-0.102045848159176,-8.88178419700125e-16,0.243643558816293,0.0767971920535642,0.00645048416290805,0.000643186418968433,-0.287765066737784,-0.243643558816293,0,0.0343589148969787,0.00982972703529228,0.000615803794202563,-0.0739580372164261,-0.0767971920535648,-0.034358914896979,-2.22044604925031e-16,0.00358407048578302,0.00024835420440561,-0.0242048840644619,-0.0196977302516227,-0.00635191147074504,0.00183697288169932,-5.55111512312578e-17,-0.00179408178374185,0.00215274608569958,0.00959209897119302,0.0146108280105697,0.00532315194002643,0.000155388294755018,0
8.88178419700125e-16,0.0658478050613649,0.0256614385568605,-0.00242227783740745,-0.0242667581751821,-0.0210313483668161,-0.10503710995114,-8.88178419700125e-16,0.243422589683674,0.0768639913239113,0.00640377187119423,0.000641731762168973,-0.288377574383035,-0.243422589683675,-1.77635683940025e-15,0.034454469738936,0.00979194882139289,0.000601891577623803,-0.0738168891338451,-0.0768639913239113,-0.0344544697389382,-2.22044604925031e-16,0.00357908701357923,0.000241067040199994,-0.0241995661766778,-0.0197443547563462,-0.00639599917401246,0.00183539582048037,-1.66533453693773e-16,-0.00179413190505151,0.00198646096653918,0.00953978153167714,0.0145802573384372,0.00532579259818583,0.000152564055359544,0
-8.88178419700125e-16,0.0657773909939916,0.0254626930654256,-0.00253280122480781,-0.0242503397938183,-0.0209928880709898,-0.108065527151275,-8.88178419700125e-16,0.243194071013667,0.076933678046343,0.00635808495143486,0.000640081617292232,-0.288983833876896,-0.243194071013667,0,0.0345485390824596,0.00975343474540757,0.000587280009749946,-0.0736744211732228,-0.0769336780463412,-0.0345485390824583,2.22044604925031e-16,0.00357379992539464,0.000233445660690723,-0.0241941188724685,-0.0197923418376224,-0.00644021642811266,0.00183372514250779,0,-0.00179418217527588,0.00182144887908228,0.00948961487116422,0.0145497484510396,0.00532846669386702,0.000149701047804811,0
8.88178419700125e-16,0.0657129380382377,0.0252675757441754,-0.00264055556639153,-0.0242360419731922,-0.0209558425562175,-0.111159648009126,-8.88178419700125e-16,0.242956681929419,0.0770083153920451,0.00631540810500297,0.000638292267899132,-0.28959405556916,-0.242956681929418,1.77635683940025e-15,0.0346384804795452,0.00971452973906928,0.000571777471828128,-0.0735351154281059,-0.077008315392046,-0.0346384804795439,2.22044604925031e-16,0.00356813112963872,0.000225383692013859,-0.0241896084986806,-0.0198419226064881,-0.00648377466892774,0.00183193525805231,-1.11022302462516e-16,-0.00179423319608862,0.00165999034568549,0.00944481291079208,0.014520189560594,0.00533120802581856,0.000146763165959039,0
8.88178419700125e-16,0.0656547743484346,0.0250765343506369,-0.00274459755476109,-0.0242240753035885,-0.0209202135927828,-0.114324336851285,0,0.242714046433532,0.0770874415822824,0.00627653550445206,0.000636406465952533,-0.290213899659053,-0.242714046433535,-8.88178419700125e-16,0.0347222616827674,0.00967550411618934,0.000555233278553224,-0.0734000034816471,-0.0770874415822838,-0.0347222616827676,0,0.00356201750064433,0.000216786625718335,-0.0241862444729166,-0.0198928923874413,-0.00652606655629046,0.00183000359156482,0,-0.00179428564665191,0.0015031744327937,0.00940679717656717,0.0144923107507572,0.00533405682114112,0.000143708069728257,0
1.77635683940025e-15,0.0656010427742464,0.0248889438766238,-0.0028447467899575,-0.0242139051189501,-0.0208853107208986,-0.117539937018987,-1.77635683940025e-15,0.242472753579488,0.0771688078275874,0.00624113026768747,0.000634485225873505,-0.290842779601563,-0.242472753579491,-1.77635683940025e-15,0.0347988979590088,0.0096364960791,0.000537579196620896,-0.073267500599655,-0.0771688078275883,-0.0347988979590108,-2.22044604925031e-16,0.00355542623655447,0.000207589640499606,-0.0241835663572548,-0.0199447647307628,-0.00656679413931999,0.00182791507966512,0,-0.00179434023287006,0.0013510393576105,0.00937522970897853,0.0144665310515161,0.00533705758643141,0.000140489672906849,0
1.77635683940025e-15,0.0655491361969816,0.0247036396148532,-0.00294150008581973,-0.0242046927208825,-0.0208502488748579,-0.12077828197265,-3.5527136788005e-15,0.24223843100004,0.0772499530041841,0.00620816343662067,0.000632572441330304,-0.29147582533629,-0.242238431000042,-1.77635683940025e-15,0.0348686971702321,0.00959747009662681,0.000518837259281923,-0.0731348934487612,-0.0772499530041857,-0.0348686971702339,-6.66133814775094e-16,0.00354835970387657,0.00019777869282267,-0.0241808477170309,-0.0199970939623926,-0.00660604879321436,0.00182566558708408,1.66533453693773e-16,-0.00179439730664871,0.00120278969751297,0.00934861317591984,0.0144428325634104,0.00534023742303792,0.000137080554160372,0
3.5527136788005e-15,0.0654970669031432,0.0245193901268319,-0.00303575162705094,-0.0241957350231274,-0.020814411263089,-0.124023007115256,0,0.242012667554182,0.0773296471237526,0.00617659580879337,0.000630676727427115,-0.292107965257124,-0.242012667554183,-8.88178419700125e-16,0.034932936282452,0.00955827939573961,0.000499110670085123,-0.0729998860826058,-0.0773296471237519,-0.0349329362824529,-2.22044604925031e-16,0.00354085313082542,0.000187397525664545,-0.0241774971664424,-0.0200497098861573,-0.00664420304296642,0.0018232627548691,0,-0.00179445665813582,0.00105722853193944,0.00932529433195639,0.0144208361418688,0.00534359263071784,0.000133485660647786,0
-1.77635683940025e-15,0.0654447185885632,0.0243359649666175,-0.00312838358814638,-0.0241868901798945,-0.0207778528323583,-0.127272040087934,8.88178419700125e-16,0.241790789454015,0.0774088371241586,0.00614571579087464,0.000628774497871021,-0.292733523598153,-0.241790789454013,1.77635683940025e-15,0.0349937742983037,0.00951864833088933,0.000478557205832786,-0.0728621621321535,-0.0774088371241564,-0.0349937742983029,0,0.00353296451776663,0.000176534757489133,-0.0241734547532336,-0.0201029280894716,-0.006681903211742,0.00182072335303679,1.66533453693773e-16,-0.00179451759279592,0.000913304271172932,0.00930400384926734,0.0143998189428113,0.00534709086138229,0.000129739828894356,0
1.77635683940025e-15,0.065392363849968,0.0241531241305264,-0.00322030454858613,-0.0241781345860126,-0.0207407638338299,-0.130533751155447,2.66453525910038e-15,0.241566464489509,0.0774890533744257,0.00611501029596528,0.000626829166432863,-0.293348555183748,-0.241566464489505,1.77635683940025e-15,0.0350533820857741,0.00947829661477684,0.000457339042592153,-0.0727216872348941,-0.0774890533744266,-0.0350533820857752,-4.44089209850063e-16,0.00352475370728822,0.000165286496782491,-0.0241687550113556,-0.0201571786080685,-0.00671980162009578,0.00181806586521749,-5.55111512312578e-17,-0.00179457930668331,0.000769952997846525,0.00928374939399438,0.0143790245320453,0.00535069123288857,0.000125886623825334,0
1.77635683940025e-15,0.0653405097775739,0.0239711327370298,-0.0033117974295287,-0.0241695513830518,-0.020703406359333,-0.13381286286626,-8.88178419700125e-16,0.241335705999459,0.0775713307308488,0.00608442226268036,0.000624809722480357,-0.293950887582343,-0.24133570599946,0,0.035112754949493,0.00943716207866263,0.00043558414960021,-0.0725789858404002,-0.0775713307308497,-0.0351127549494934,0,0.00351626726747534,0.000153729914914358,-0.0241634964194604,-0.020212652901149,-0.00675815850221778,0.00181530495973353,0,-0.00179464113436673,0.000626930856465882,0.00926426916329293,0.0143580897120313,0.00535435856632249,0.00012196339604997,0
-5.32907051820075e-15,0.065288359397309,0.0237895076961507,-0.00340322749112154,-0.0241608311847532,-0.0206655668605045,-0.13710370360644,-1.77635683940025e-15,0.241098730747908,0.0776551994802475,0.00605358823477431,0.000622712419248828,-0.294538418420863,-0.241098730747909,0,0.03517239610124,0.0093952243691966,0.000413374298007696,-0.0724330312945507,-0.0776551994802508,-0.0351723961012422,-2.22044604925031e-16,0.00350753254647262,0.000141905805427944,-0.0241573806092372,-0.0202692412300266,-0.00679709827666813,0.00181244825073856,5.55111512312578e-17,-0.00179470279213806,0.000483800164644161,0.00924491510222574,0.0143368337851836,0.00535807902678441,0.000117985086719138,0
1.77635683940025e-15,0.0652369125363386,0.0236089088909388,-0.00349376035295101,-0.0241523383897899,-0.0206275475543123,-0.140418692865064,0,0.240856279912438,0.0777411850499092,0.00602347512214507,0.00062060529179675,-0.295116684253253,-0.240856279912439,0,0.0352307995360768,0.00935276571663302,0.000390668321648135,-0.0722855959685722,-0.0777411850499099,-0.0352307995360763,0,0.00349852894868929,0.000129776345491495,-0.0241507554282346,-0.0203268555963576,-0.00683611442590365,0.00180948606977305,0,-0.00179476463195938,0.000341626652501136,0.00922724513049793,0.0143158073587349,0.00536187786402311,0.000113925534155171,0
0,0.0651879531151263,0.0234305032618547,-0.00358207850852033,-0.0241447411957001,-0.0205898606379566,-0.143778544167143,8.88178419700125e-16,0.240608984917717,0.0778303472547615,0.00599557184838595,0.000618589752271248,-0.295694285713075,-0.240608984917716,8.88178419700125e-16,0.0352857173760572,0.00931016145059083,0.000367359637267306,-0.0721397695251205,-0.0778303472547612,-0.0352857173760561,2.22044604925031e-16,0.00348921080504949,0.000117260978220513,-0.024144292192779,-0.0203854692680244,-0.00687447648011486,0.00180639896887891,1.11022302462516e-16,-0.00179482734613351,0.000202044039425007,0.00921373118924273,0.0142958547435685,0.00536580416264111,0.000109733654785605,0
-3.5527136788005e-15,0.0651419953098937,0.023254822920709,-0.00366727959454138,-0.0241382792210061,-0.0205526084532668,-0.14718860346873,2.66453525910038e-15,0.240359621460835,0.077922557220977,0.00597070646936437,0.000616734534648167,-0.296276309907038,-0.240359621460834,0,0.0353354017617393,0.00926770521932507,0.000343359910326413,-0.0719970583606757,-0.0779225572209759,-0.0353354017617384,2.22044604925031e-16,0.00347954077431756,0.000104293043512449,-0.0241382695191145,-0.020444873644589,-0.00691161219979625,0.00180316997690322,1.11022302462516e-16,-0.00179489147739292,6.61282720967153e-05,0.00920582616945247,0.0142776554350061,0.00536990117079193,0.000105364581350102,0
-1.77635683940025e-15,0.0650980669011023,0.0230814886591926,-0.00374919689321374,-0.0241326687307328,-0.0205154231694245,-0.150637870038573,0,0.2401123956009,0.0780165382722453,0.00594877122646675,0.000615078687077109,-0.296863008402912,-0.240112395600899,8.88178419700125e-16,0.035379158189623,0.00922550430346458,0.000318624601042039,-0.0718568332046514,-0.0780165382722438,-0.035379158189621,2.22044604925031e-16,0.00346949855249967,9.08328954469795e-05,-0.0241324610359591,-0.0205047496744566,-0.00694729390258897,0.00179978783539558,0,-0.00179495733435531,-6.59997130280695e-05,0.00920349626542877,0.0142615150314218,0.00537420035201132,0.000100785895032506,0
1.77635683940025e-15,0.0650546446246523,0.0229096987246251,-0.00382826200274167,-0.024127397258086,-0.0204777908212019,-0.154108575794398,-8.88178419700125e-16,0.239870400820199,0.0781108939421653,0.00592904121422144,0.000613649798165916,-0.297450892114478,-0.239870400820198,0,0.0354174283530782,0.00918347697745503,0.000293172982463119,-0.0717173948359373,-0.0781108939421662,-0.0354174283530793,-4.44089209850063e-16,0.0034590874723528,7.68768939289899e-05,-0.0241264067848375,-0.0205648622005167,-0.00698165935483352,0.00179624952967883,0,-0.00179502495341016,-0.000194959796387688,0.00920567103151308,0.0142473237520259,0.00537871779945336,9.59813681392854e-05,0
0,0.0650105270001049,0.0227386840067645,-0.00390530715425363,-0.0241220124143169,-0.0204393432439165,-0.157587057317232,8.88178419700125e-16,0.239633329424239,0.0782049876976023,0.00591054826351023,0.000612414678380802,-0.29803441657668,-0.239633329424239,0,0.0354516578670276,0.00914136929725284,0.000267069613390625,-0.0715769667847537,-0.0782049876976023,-0.0354516578670274,2.22044604925031e-16,0.00344832900949843,6.24625138794244e-05,-0.0241196872885073,-0.0206252336213006,-0.00701517787430628,0.00179256040778714,5.55111512312578e-17,-0.0017950939007973,-0.000321818900626611,0.00921080113270925,0.0142345710656109,0.00538343838537887,9.09671696330615e-05,0
1.77635683940025e-15,0.0649652266046736,0.0225680112809048,-0.00398108646353812,-0.0241162740812353,-0.0203999839526645,-0.161069603554762,-1.77635683940025e-15,0.239398397465718,0.0782990717689183,0.00589262409494484,0.000611337027407899,-0.298609119217179,-0.239398397465719,-1.77635683940025e-15,0.0354833814093745,0.00909895548623929,0.000240420007939335,-0.0714345585419354,-0.0782990717689218,-0.0354833814093765,-2.22044604925031e-16,0.00343726049389415,4.76524286394664e-05,-0.024112076242892,-0.0206860255738432,-0.0070483239049271,0.00178873211469904,0,-0.0017951635734581,-0.00044748726347175,0.00921772850615965,0.0142226967763115,0.00538833381419256,8.57731837081042e-05,0
-1.77635683940025e-15,0.0649189999255437,0.0223978159735871,-0.00405611905296865,-0.024110187970857,-0.0203598753421463,-0.164557118384084,-8.88178419700125e-16,0.239161201417174,0.0783940009290109,0.00587488212674003,0.000610359674640293,-0.29917115187912,-0.239161201417172,0,0.0355140207600382,0.00905604208252164,0.000213332456651116,-0.0712901130689907,-0.0783940009290112,-0.0355140207600382,-2.22044604925031e-16,0.00342592101853789,3.25172455755141e-05,-0.0241035821930652,-0.0207474987874586,-0.00708153130560507,0.00178477817131562,-1.11022302462516e-16,-0.00179523327350944,-0.000572537945581099,0.00922570575822285,0.014211161875016,0.00539336604254959,8.0439275713752e-05,0
0,0.0648716430266578,0.0222278612228539,-0.00413090644610925,-0.0241036206447784,-0.0203190143242118,-0.168050208004549,-3.5527136788005e-15,0.238919066919324,0.0784901310292669,0.00585696112319312,0.000609434494265315,-0.299717806517636,-0.238919066919328,-1.77635683940025e-15,0.0355446133554462,0.00901249880323896,0.000185896379374384,-0.071143022454508,-0.0784901310292681,-0.0355446133554469,0,0.00341434203989976,1.7114764101045e-05,-0.0240940628264733,-0.0208097819276384,-0.00711511192458042,0.0017807096433054,5.55111512312578e-17,-0.00179530243239329,-0.000697537136338936,0.00923404521122172,0.0141995647628645,0.00539850288509624,7.49990923690387e-05,0
-7.105427357601e-15,0.0648228869659739,0.0220580691204812,-0.00420555585543703,-0.0240964470497769,-0.0202773606903595,-0.171544402139112,2.66453525910038e-15,0.238672013710714,0.0785872231550533,0.00583873881176178,0.000608526085779992,-0.300247760337555,-0.238672013710711,8.88178419700125e-16,0.0355753543639814,0.00896835037353494,0.00015816505289834,-0.0709929402265848,-0.0785872231550517,-0.0355753543639818,0,0.00340254283455566,1.48177325853815e-06,-0.0240833892039585,-0.0208727872976751,-0.00714909519279583,0.00177653310121545,0,-0.00179537067100655,-0.000822552902733711,0.00924247477068677,0.0141878161557152,0.00540372342527144,6.94744501155489e-05,0
-1.77635683940025e-15,0.0647728877505056,0.0218886339728126,-0.00427947492282499,-0.0240887351822838,-0.02023496764442,-0.175042887060544,-1.77635683940025e-15,0.238422473761393,0.0786851089266625,0.00582083888902396,0.000607756170374785,-0.300764761243787,-0.238422473761394,0,0.0356050114255151,0.00892389019208295,0.000130157599253167,-0.0708408072751354,-0.0786851089266649,-0.0356050114255151,-2.22044604925031e-16,0.00339052738866541,-1.44019095305037e-05,-0.0240716571584407,-0.020936240219551,-0.00718301469778504,0.00177224490997929,1.11022302462516e-16,-0.00179543836097462,-0.000946850151189931,0.00925201639614274,0.0141764216947819,0.00540906574675901,6.38260941941034e-05,0
1.77635683940025e-15,0.0647220798067796,0.0217199018224168,-0.0043517145627554,-0.0240806739951314,-0.0201919529925032,-0.178554411467762,8.88178419700125e-16,0.238173763259399,0.0787837540205674,0.00580428587009685,0.000607301956491391,-0.301275249450903,-0.238173763259399,0,0.0356316420607214,0.00887953866021896,0.000101863768517063,-0.0706883424822558,-0.0787837540205678,-0.0356316420607226,0,0.00337828963949183,-3.05852191175848e-05,-0.0240591177711821,-0.0209997949109931,-0.00721615763095224,0.0017678355677207,-1.11022302462516e-16,-0.00179550614045665,-0.00106928911263673,0.00926440458246953,0.0141661851846738,0.00541459557028475,5.7986092898938e-05,0
-1.77635683940025e-15,0.0646707252849428,0.0215521049494392,-0.00442166500698704,-0.0240723788343775,-0.0201483834044449,-0.182084084241607,2.66453525910038e-15,0.237927977669056,0.0788831323823302,0.00578971613610602,0.000607271623372263,-0.301783150629086,-0.237927977669055,0,0.0356540256922653,0.0088355568440921,7.32722192058333e-05,-0.0705367477310443,-0.0788831323823274,-0.0356540256922639,2.22044604925031e-16,0.00336582483423387,-4.7101018447071e-05,-0.0240459507545557,-0.0210632235671126,-0.00724807007260714,0.00176329775239792,-5.55111512312578e-17,-0.00179557431101163,-0.00118915051038904,0.00928074994530329,0.0141576235778497,0.0054203586273666,5.19070738188646e-05,0
0,0.0646189999444076,0.0213854665824709,-0.00448920932583619,-0.0240639082990128,-0.0201043074590377,-0.185631094729445,8.88178419700125e-16,0.237684944007412,0.0789833817860259,0.00577718621408785,0.000607708270682572,-0.302288402336922,-0.237684944007412,8.88178419700125e-16,0.0356721130852318,0.00879195254031284,4.43880301093103e-05,-0.0703865874363232,-0.0789833817860255,-0.0356721130852313,0,0.0033531326711389,-6.39596038494172e-05,-0.0240322599228527,-0.0211265175659029,-0.00727871933306251,0.00175862793548454,-5.55111512312578e-17,-0.00179564281121886,-0.00130632588026727,0.00930120639918145,0.0141507899433108,0.0054263752433331,4.55678413235801e-05,0
-1.77635683940025e-15,0.0645669808200591,0.0212201783462209,-0.00455443171301795,-0.0240552734690542,-0.0200597564259599,-0.189191238262624,1.77635683940025e-15,0.237443783350545,0.0790845584147135,0.00576650955059055,0.000608582655587497,-0.302789268146867,-0.237443783350543,0,0.0356862843358927,0.00874864754320992,1.52192182234501e-05,-0.0702380333394053,-0.0790845584147137,-0.0356862843358923,0,0.00334021564014386,-8.11512773799539e-05,-0.0240180890684538,-0.0211897212752826,-0.00730822711682433,0.00175382590625961,1.11022302462516e-16,-0.00179571127198175,-0.00142092550792447,0.00932550156391085,0.0141455439803974,0.00543264092720965,3.89727610914659e-05,0
0,0.0645138806713739,0.0210556251719201,-0.0046179595084137,-0.0240461713836524,-0.0200144859357696,-0.192757681745527,0,0.237203859554563,0.079186292417976,0.00575702478550966,0.000609829220034719,-0.303282217565108,-0.237203859554565,-1.77635683940025e-15,0.0356975394228431,0.00870543450585792,-1.42128193871827e-05,-0.0700896580678501,-0.0791862924179771,-0.0356975394228447,0,0.00332707940362531,-9.86505641444868e-05,-0.0240031228993647,-0.0212528968520755,-0.00733694015725472,0.00174889440079634,0,-0.00179577913099332,-0.00153372721873503,0.00935256055061148,0.0141414891378032,0.00543913243492529,3.21455326588414e-05,0
0,0.0644588391108698,0.0208911172482189,-0.00468044579484861,-0.0240362682886115,-0.019968238078091,-0.196323406559631,-1.77635683940025e-15,0.236964699257768,0.0792881620973906,0.00574806946117778,0.000611374795459696,-0.303763690035769,-0.236964699257768,8.88178419700125e-16,0.03570687131106,0.00866211900123481,-4.38791220371826e-05,-0.0699398644844837,-0.0792881620973906,-0.0357068713110589,2.22044604925031e-16,0.00331373248621403,-0.00011642506388565,-0.0239869992560944,-0.0213160902987339,-0.00736519994511603,0.00174383789549287,-5.55111512312578e-17,-0.00179584579360365,-0.00164551623831826,0.00938127486526446,0.0141382218452902,0.00544581986442033,2.51167248648126e-05,0
0,0.0644019866397905,0.0207269009231599,-0.00474226205106554,-0.0240255663675519,-0.0199210883427661,-0.199881384523955,-8.88178419700125e-16,0.236723788193692,0.0793904132696879,0.00573916623495219,0.000613149350936482,-0.304229759943257,-0.236723788193693,0,0.035715363934985,0.0086184955032822,-7.37395574885724e-05,-0.0697883950471674,-0.0793904132696885,-0.0357153639349856,0,0.00330018582376934,-0.00013443891256526,-0.0239697026408257,-0.0213794910824628,-0.00739337940741086,0.00173866208738671,5.55111512312578e-17,-0.00179591069079249,-0.0017567108054746,0.00941081180042808,0.0141353016270113,0.00545267089364499,1.79194120711046e-05,0
1.77635683940025e-15,0.0643429699301237,0.0205627052836181,-0.00480373208988638,-0.0240139099588177,-0.0198729595683833,-0.203428363033161,-2.66453525910038e-15,0.236480442479674,0.0794929152293822,0.00573002122765764,0.000615094684362383,-0.304678526254993,-0.236480442479676,-8.88178419700125e-16,0.0357235593192788,0.00857449076208638,-0.000103755371493541,-0.0696345162595038,-0.0794929152293837,-0.0357235593192802,-2.22044604925031e-16,0.00328645297856944,-0.000152657092180375,-0.0239510570402044,-0.0214431152470405,-0.00742164830396541,0.00173337334041451,5.55111512312578e-17,-0.00179597334582243,-0.00186765528939559,0.00944062514340306,0.0141324963760584,0.0054596574272229,1.05823151970441e-05,0
-1.77635683940025e-15,0.0642812390415273,0.020398045173577,-0.00486532754451474,-0.0240010743073356,-0.0198237013966001,-0.206961071034411,0,0.236233963795663,0.0795955120676988,0.00572021793410027,0.000617169219188973,-0.305107674400611,-0.236233963795664,0,0.0357321800168435,0.00852998055039222,-0.000133888561377304,-0.0694770810322258,-0.0795955120676997,-0.0357321800168433,2.22044604925031e-16,0.00327254386127418,-0.000171050336974288,-0.0239307954596075,-0.0215070190243705,-0.00745025133874794,0.0017279767616496,0,-0.00179603335226797,-0.00197888907504884,0.00946997069036201,0.0141295074156077,0.0054667537429796,3.13166989240193e-06,0
0,0.0642165742300396,0.0202329978756435,-0.00492638525505562,-0.023986991473798,-0.0197732888868476,-0.210472739902256,1.77635683940025e-15,0.235989396047501,0.07969738296981,0.00571032530863569,0.00061955474288844,-0.305520461581029,-0.235989396047499,8.88178419700125e-16,0.0357397813236888,0.0084853772331801,-0.000164067452550043,-0.0693169403504399,-0.0796973829698071,-0.0357397813236882,2.22044604925031e-16,0.00325849000939016,-0.00018961805669937,-0.0239089213184295,-0.0215706594789182,-0.0074785827775809,0.00172247757225341,-5.55111512312578e-17,-0.00179609091720517,-0.00208956654449547,0.00949975135170275,0.014126956250583,0.00547400890176583,-4.48358748308259e-06,0
1.77635683940025e-15,0.0641482859374225,0.0200671540378412,-0.00498640720096866,-0.0239714264676909,-0.019721542136427,-0.213956720838618,8.88178419700125e-16,0.235752854055497,0.0797975544499394,0.005700819729479,0.000622549231703573,-0.3059202980994,-0.235752854055495,0,0.0357449699639094,0.00844109814391114,-0.000194186420348963,-0.0691544217000775,-0.079797554449939,-0.0357449699639099,2.22044604925031e-16,0.00324433245764166,-0.000208369371712758,-0.0238852694788669,-0.0216334268947257,-0.00750603114386567,0.00171688163251937,-5.55111512312578e-17,-0.00179614634857977,-0.00219909548007376,0.0095307356837169,0.014125489892189,0.00548150127318504,-1.23450610246059e-05,0
0,0.0640768234347533,0.0199009102516925,-0.00504488595410457,-0.0239545246171158,-0.0196686542075728,-0.217417230370158,0,0.235525224426407,0.0798963224668841,0.00569229068317245,0.000626329875655252,-0.306310012594876,-0.235525224426409,-8.88178419700125e-16,0.0357469453330657,0.00839741177248499,-0.000224160719114685,-0.068990996443721,-0.0798963224668885,-0.0357469453330672,-6.66133814775094e-16,0.00323010631135112,-0.000227298779134522,-0.0238600664012303,-0.0216950910300196,-0.00753221730550668,0.00171119616072224,1.11022302462516e-16,-0.00179619958091415,-0.00230685984261534,0.00956387333166794,0.0141254892518816,0.00548927878154831,-2.050316912066e-05,0
0,0.0640030571909751,0.0197348282461167,-0.00510163610508307,-0.0239365649270571,-0.0196149432383343,-0.220867729222442,0,0.235302864847771,0.0799948119253573,0.00568514436614009,0.000630909214213382,-0.306690928954015,-0.235302864847768,8.88178419700125e-16,0.0357457424158296,0.00835436027209635,-0.000253945942611189,-0.0688280132891468,-0.0799948119253564,-0.0357457424158287,0,0.00321583111797197,-0.000246387380613555,-0.0238336414028702,-0.0217557958061247,-0.00755710665080656,0.0017054276670781,5.55111512312578e-17,-0.00179625016908636,-0.00241262734205107,0.00959981642987964,0.0141269545728672,0.00549734572319966,-2.89634253283488e-05,0
-1.77635683940025e-15,0.0639281366686202,0.0195697732331759,-0.00515667458579117,-0.0239179191333339,-0.0195608035065984,-0.224319662004397,0,0.235079831899356,0.0800944174500966,0.00567949218562358,0.000636208166919339,-0.307062246827543,-0.235079831899358,0,0.0357420755494005,0.00831180159898892,-0.000283521888857052,-0.0686667316146667,-0.0800944174500966,-0.0357420755493982,2.22044604925031e-16,0.00320151318151285,-0.000265612133567128,-0.0238063917848402,-0.0218159104111111,-0.00758094600269049,0.00169958091796568,-1.11022302462516e-16,-0.00179629749707094,-0.00251641575621334,0.00963873969390105,0.0141295883655344,0.00550567977246216,-3.77038951864528e-05,0
0,0.0638520983987014,0.0194057238003982,-0.00521046627683397,-0.0238985794472111,-0.0195062348769355,-0.227773710262761,-1.77635683940025e-15,0.234852871752995,0.0801955418635742,0.00567488112392134,0.000642122254254751,-0.30742113784263,-0.234852871752999,-8.88178419700125e-16,0.0357369851336502,0.00826946812089702,-0.00031290685983798,-0.0685065505225066,-0.0801955418635762,-0.0357369851336509,0,0.0031871386793707,-0.000284963540535088,-0.0237782737508884,-0.0218757343789439,-0.00760414340951338,0.00169365466500454,1.11022302462516e-16,-0.00179634093734199,-0.00261880153630915,0.00967990994822918,0.0141329461951774,0.00551424888413504,-4.66926548865834e-05,0
-1.77635683940025e-15,0.0637744405857941,0.0192423668662425,-0.00526330446102286,-0.02387837351427,-0.0194510524135474,-0.23121956933092,1.77635683940025e-15,0.234623040494913,0.0802975160161399,0.00567083561888015,0.000648530358460242,-0.307765345923039,-0.234623040494911,0,0.0357308561928544,0.00822721333834053,-0.000342160135610392,-0.0683464644635061,-0.0802975160161379,-0.035730856192854,0,0.00317268492667422,-0.000304441646739484,-0.0237490930269766,-0.021935271720562,-0.00762688201982842,0.00168764431755941,0,-0.00179637992906462,-0.00272012329334347,0.00972257050268912,0.0141368245717556,0.00552302222600118,-5.58990153207567e-05,0
1.77635683940025e-15,0.0636942340445721,0.019079016380827,-0.00531560502331985,-0.0238569789914003,-0.0193949270994391,-0.234642456811111,-8.88178419700125e-16,0.234393058404081,0.0803992812586367,0.00566672810324764,0.000655344470851915,-0.308092248747787,-0.234393058404081,0,0.0357240779458774,0.00818488368221182,-0.000371341136068182,-0.0681848501860984,-0.080399281258638,-0.035724077945877,-2.22044604925031e-16,0.00315812674164628,-0.000324052092010474,-0.0237184823601195,-0.0219944570408829,-0.00764935077104123,0.00168154374851909,1.11022302462516e-16,-0.00179641399151598,-0.0028208685393461,0.0097657031070907,0.0141410240011634,0.00553197382237146,-6.52972641417837e-05,0
0,0.0636107415244744,0.0189150669579128,-0.00536768168523416,-0.0238341334488084,-0.0193376157872631,-0.238033032478289,8.88178419700125e-16,0.234164991651444,0.0805000715892383,0.00566215479686427,0.000662482735880765,-0.308400198440816,-0.234164991651443,8.88178419700125e-16,0.0357168735198998,0.00814239841972686,-0.000400485921010052,-0.0680204328686811,-0.0805000715892368,-0.0357168735198996,0,0.00314345101264779,-0.000343788394212785,-0.0236861428212514,-0.0220532186356925,-0.00767165567554517,0.00167535111055056,0,-0.00179644269575596,-0.00292137240452236,0.00980862196788412,0.0141454144242129,0.00554107663623001,-7.4860434933724e-05,0
3.5527136788005e-15,0.0635241971199427,0.0187507046730087,-0.0054196279640788,-0.0238099006634798,-0.0192792194544396,-0.241391914379588,0,0.23393721963443,0.0806001540339754,0.00565704914086229,0.000669873892086947,-0.308688365250077,-0.233937219634431,0,0.0357095863813264,0.00809970252572967,-0.000429583188910954,-0.0678532893736028,-0.0806001540339747,-0.0357095863813255,0,0.00312866199664619,-0.000363627550960199,-0.0236521293937774,-0.0221116578383241,-0.00769391619429199,0.0016690708314066,0,-0.00179646567290437,-0.0030216961291193,0.00985116384920549,0.01414983328557,0.00555030319060115,-8.45609340633033e-05,0
0,0.0634333114631271,0.0185850039578312,-0.0054713463736622,-0.0237838143121714,-0.0192194060477142,-0.244702469889114,-8.88178419700125e-16,0.233717319296727,0.0806980373700315,0.00565144810195406,0.000677807920668627,-0.308957734945637,-0.233717319296727,0,0.0357013621656472,0.00805713957787635,-0.000458492315448922,-0.0676825922006834,-0.0806980373700321,-0.0357013621656477,2.22044604925031e-16,0.00311381859077997,-0.000383547252123417,-0.0236160082056222,-0.0221691093368323,-0.00771569008844852,0.00166271899542386,1.11022302462516e-16,-0.00179648274070549,-0.00312167653849729,0.00989326742445597,0.0141547015877347,0.00555970872619671,-9.44574570847859e-05,0
1.77635683940025e-15,0.063336772778813,0.0184170830676322,-0.00552265720022405,-0.0237553822675487,-0.0191578858750461,-0.2479433735104,1.77635683940025e-15,0.233514295394931,0.0807921753244383,0.00564546068196758,0.000686777598063237,-0.309209488539766,-0.233514295394929,0,0.0356912656846902,0.0080151700533353,-0.000486966283402168,-0.0675078631784602,-0.0807921753244367,-0.0356912656846895,0,0.00309901836675008,-0.000403512700560826,-0.0235773434959944,-0.0222247410568688,-0.00773642446268558,0.00165632258757986,0,-0.0017964935866156,-0.00322106346929274,0.00993491370451231,0.0141605394657549,0.00556938648283023,-0.000104648832105314,0
-1.77635683940025e-15,0.0632349981372933,0.0182472941789769,-0.0055733134286875,-0.0237247086966086,-0.0190949178683777,-0.25111876111624,8.88178419700125e-16,0.233327603182669,0.080883164089788,0.00563954401937838,0.000697051395070147,-0.30944510356595,-0.233327603182669,0,0.0356791011747237,0.00797405351246283,-0.000514801600354886,-0.0673303198998316,-0.0808831640897876,-0.0356791011747246,0,0.00308434219071474,-0.000423474368320687,-0.0235363052876061,-0.0222783503632628,-0.00775588224338775,0.00164990829227246,0,-0.00179649761663447,-0.003319524318099,0.00997668974007625,0.0141675172909314,0.00557938020631743,-0.000115182729768751,0
0,0.0631302639477447,0.0180774722526884,-0.00562287905984959,-0.0236925632455343,-0.019031308452627,-0.254255121427768,-1.77635683940025e-15,0.233147400879045,0.0809735162586396,0.00563445601681778,0.00070860362380909,-0.309666435721441,-0.233147400879046,0,0.0356652805220108,0.00793381152293993,-0.000541899799589629,-0.067153084141516,-0.0809735162586396,-0.0356652805220106,2.22044604925031e-16,0.00306982984340975,-0.000443388495425134,-0.0234937538895834,-0.0223303762118799,-0.00777414062494425,0.0016434936744909,0,-0.00179649412062932,-0.00341652952646448,0.0100197947166804,0.0141754862327035,0.00558967971051992,-0.000126050708180267,0
1.77635683940025e-15,0.0630244568186562,0.0179090838523859,-0.00567126732732248,-0.0236595870853993,-0.0189676964269552,-0.257379566944998,0,0.232962825807131,0.0810656393001619,0.0056306168068474,0.000721284355638119,-0.309873833010737,-0.23296282580713,0,0.0356506934536167,0.00789428797951253,-0.000568225752980211,-0.0669781937095055,-0.0810656393001616,-0.0356506934536169,-2.22044604925031e-16,0.00305549124377813,-0.000463221770129918,-0.0234503623480561,-0.0223814310900387,-0.00779151675181755,0.00163708843202304,0,-0.00179648243264185,-0.00351197636813475,0.0100649131534944,0.0141840675800258,0.00560024536199299,-0.000137213474285733,0
-1.77635683940025e-15,0.0629181241485046,0.0177425288373279,-0.0057185363163299,-0.0236259901667282,-0.0189042085053917,-0.260500571918167,1.77635683940025e-15,0.232770059335441,0.0811601085973175,0.0056279886062276,0.000734877400353717,-0.31006700995978,-0.23277005933544,0,0.0356356887627669,0.0078553020776333,-0.000593883501031733,-0.0668059295103021,-0.0811601085973159,-0.0356356887627662,4.44089209850063e-16,0.00304128745688681,-0.000482985854955542,-0.0234063430148748,-0.0224318232804882,-0.00780821776776475,0.00163068412286888,-1.11022302462516e-16,-0.00179646198550321,-0.00360594669175009,0.0101120729113011,0.0141930500348914,0.00561103609902561,-0.000148630174210129,0
-1.77635683940025e-15,0.0628107580845221,0.0175774248782865,-0.00576491727610318,-0.0235916221807191,-0.0188406016169864,-0.263604541853074,-8.88178419700125e-16,0.232571830570589,0.0812559512886324,0.00562603727381816,0.000749229098142123,-0.310244382417183,-0.232571830570592,0,0.0356204193837764,0.00781666579922202,-0.000619015883247087,-0.0666352141567994,-0.0812559512886333,-0.0356204193837766,2.22044604925031e-16,0.00302716281084536,-0.000502714347250022,-0.023361514928263,-0.0224815659256327,-0.00782440548188762,0.00162426457812465,1.11022302462516e-16,-0.00179643228647941,-0.00369873008941059,0.0101604726944615,0.0142022977666198,0.00562202167043201,-0.000160271158994738,0
-3.5527136788005e-15,0.0627007862951441,0.0174123788130771,-0.00581077096307325,-0.0235559651104289,-0.0187762764695591,-0.266669743736577,0,0.232375845232699,0.0813511393199278,0.00562407621548644,0.000764211235539491,-0.310404460323274,-0.2323758452327,-8.88178419700125e-16,0.0356045652213082,0.00777825950562328,-0.000643806362320198,-0.066463673398903,-0.0813511393199275,-0.0356045652213084,0,0.00301305226617532,-0.000522454112708015,-0.0233153034321926,-0.022530405307788,-0.00784008109045509,0.0016178088059286,-1.11022302462516e-16,-0.00179639288896183,-0.00379074367662374,0.0102090588129242,0.014211852135484,0.00563318027880294,-0.000172115541889756,0
-1.77635683940025e-15,0.0625870631690084,0.0172462893120802,-0.00585652197649367,-0.0235186236083482,-0.0187108175077224,-0.269683501677732,-8.88178419700125e-16,0.232186428769187,0.081444526323259,0.00562156077310494,0.00077974118483759,-0.31054552891735,-0.232186428769186,0,0.0355882198077762,0.00773995414787976,-0.00066835637696272,-0.066289344147537,-0.0814445263232582,-0.0355882198077766,-2.22044604925031e-16,0.00299891656309992,-0.000542226486989428,-0.0232672410382351,-0.0225782575047592,-0.00785535230910084,0.00161130537523319,5.55111512312578e-17,-0.00179634341260404,-0.00388245864414086,0.0102569350365008,0.0142216184172842,0.00564448797690781,-0.000184139938370298,0
1.77635683940025e-15,0.0624699385921677,0.0170793723907465,-0.00590213584474064,-0.0234797232752282,-0.0186443404225205,-0.272652481069604,-8.88178419700125e-16,0.23200149786863,0.0815364911792846,0.00561861165608946,0.000795683702268235,-0.310667912181734,-0.232001497868629,8.88178419700125e-16,0.0355714203284183,0.0077017205773382,-0.000692705375313629,-0.0661125233758162,-0.0815364911792835,-0.0355714203284174,-2.22044604925031e-16,0.00298474713869457,-0.000562020504395466,-0.023217463270003,-0.0226252432196294,-0.00787025422207099,0.00160475499803664,-5.55111512312578e-17,-0.00179628358239908,-0.00397378925963741,0.010304306164838,0.0142315360286327,0.00565591403033298,-0.000196313510893525,0
3.5527136788005e-15,0.0623479158348133,0.0169104641874469,-0.00594779122240574,-0.0234386948752405,-0.0185765127825857,-0.27554982154481,-1.77635683940025e-15,0.231830306171798,0.0816253880200675,0.00561497573042136,0.000812494298201294,-0.310770890205037,-0.231830306171798,0,0.0355538318371877,0.00766389195846173,-0.000716607810765879,-0.0659319098309976,-0.081625388020067,-0.0355538318371864,2.22044604925031e-16,0.00297064180649187,-0.000581784240711425,-0.0231653996384196,-0.0226706423964559,-0.00788446658776321,0.00159818986746468,0,-0.00179621261476837,-0.00406485904197101,0.0103504396441286,0.0142418581730091,0.00566752000405304,-0.000208703420100056,0
-1.77635683940025e-15,0.0622192153188585,0.0167381925638672,-0.00599363450430168,-0.0233948483667596,-0.0185069848934436,-0.278339010719216,0,0.231685451803666,0.0817091684603604,0.00561041156848585,0.000830889435165183,-0.310853965196166,-0.231685451803664,1.77635683940025e-15,0.035534966820185,0.00762697226232767,-0.000739683046470319,-0.0657462475197252,-0.0817091684603601,-0.0355349668201843,-4.44089209850063e-16,0.00295675137795226,-0.000601442936100094,-0.0231103789522782,-0.0227134453658043,-0.00789750626265634,0.00159165921337778,-1.11022302462516e-16,-0.00179612918991512,-0.0041557374018045,0.0103944675372908,0.0142529714106992,0.00567940793708058,-0.000221420675649814,0
1.77635683940025e-15,0.0620846803449435,0.0165633539876424,-0.00603949056193187,-0.0233484271237003,-0.0184362160273324,-0.281023373546695,0,0.231564528289737,0.0817888569321248,0.00560534065206486,0.000851241205197084,-0.31091804773485,-0.231564528289738,0,0.0355151565237879,0.00759123151218155,-0.00076161156784238,-0.0655571639928845,-0.0817888569321243,-0.0355151565237879,4.44089209850063e-16,0.00294319859677161,-0.000620912071583657,-0.02305271151551,-0.0227535157645638,-0.0079092629129825,0.00158520849845095,0,-0.00179603209871237,-0.00424615816907942,0.0104367642647428,0.0142648740217657,0.00569161868004547,-0.000234511937938012,0
-1.77635683940025e-15,0.0619470845657766,0.0163883643721761,-0.00608492222797352,-0.0233003840270491,-0.0183652165649377,-0.28364239769327,0,0.231452440310663,0.0818678355449149,0.00560073315125731,0.000873508761999098,-0.310965388390065,-0.231452440310662,0,0.0354952365605836,0.00755671390006185,-0.000782199882987555,-0.065368289049909,-0.0818678355449136,-0.0354952365605825,2.22044604925031e-16,0.00293005732244156,-0.000640113996546843,-0.0229934541571847,-0.0227914613942172,-0.00791992242777934,0.00157887134124896,-5.55111512312578e-17,-0.00179592054518551,-0.00433559231837063,0.0104788377918518,0.0142772774879896,0.00570412809178525,-0.00024795473074718,0
-1.77635683940025e-15,0.0618094347292253,0.0162158719186642,-0.00612936201221359,-0.0232517991009615,-0.0182949652315934,-0.286239836784829,0,0.231332913265017,0.0819493878470094,0.00559754557723124,0.000897379023985678,-0.310998836374565,-0.231332913265018,-8.88178419700125e-16,0.0354758069200649,0.00752332907039044,-0.000801440084409855,-0.0651833890913869,-0.0819493878470103,-0.035475806920066,0,0.00291733520057158,-0.000659013004243647,-0.0229338075904819,-0.0228280496444584,-0.00792971334011416,0.00157265893215203,0,-0.00179579411013669,-0.0044234089452994,0.0105223920490356,0.0142899023213192,0.0057168806933167,-0.000261692814969572,0
0,0.0616726642756085,0.0160466417624949,-0.00617294751943831,-0.0232030243977732,-0.0182256744320846,-0.288830756832,1.77635683940025e-15,0.231198863242225,0.0820347041805869,0.0055956921101723,0.000922596955960309,-0.311017921061859,-0.231198863242225,0,0.0354576716686701,0.00749076606297905,-0.000819447616908775,-0.0650028997049605,-0.0820347041805871,-0.0354576716686712,-2.22044604925031e-16,0.0029049736974438,-0.000677636052949682,-0.022874093813282,-0.022863860205863,-0.00793905151218938,0.0015665559025051,-5.55111512312578e-17,-0.00179565249676478,-0.00450982901646717,0.010567417928614,0.0143023629729114,0.00572982660613053,-0.000275675570752032,0
0,0.0615360666022884,0.0158799563900232,-0.00621552866559583,-0.023153885919168,-0.0181569509492352,-0.291400899081606,1.77635683940025e-15,0.231057232894827,0.0821219757987768,0.0055948849369134,0.000948854401437771,-0.311023781669913,-0.231057232894824,8.88178419700125e-16,0.0354397642178892,0.0074589338586577,-0.000836553922139771,-0.0648259431909537,-0.0821219757987748,-0.0354397642178883,0,0.00289286829389979,-0.000696062557803412,-0.022814169819221,-0.0228986790215513,-0.00794773913816588,0.00156052637579146,1.11022302462516e-16,-0.00179549532363299,-0.00459471406249835,0.0106136981745066,0.0143149332070625,0.00574293683038692,-0.000289874535816484,0
0,0.0613974044418928,0.0157135919713713,-0.00625759067190224,-0.0231036324177865,-0.0180879325113779,-0.293920855814944,-8.88178419700125e-16,0.230920271848474,0.0822084384720254,0.00559423895102462,0.000976022340366534,-0.311014688393462,-0.230920271848478,-8.88178419700125e-16,0.0354214229303143,0.00742767508324249,-0.000853041979023139,-0.0646491830706022,-0.0822084384720276,-0.0354214229303151,-4.44089209850063e-16,0.0028809194310444,-0.000714373545938729,-0.0227531845347879,-0.0229321503167763,-0.00795571181051963,0.00155453463980254,1.11022302462516e-16,-0.001795322138327,-0.0046786143697948,0.0106598687832703,0.0143277564907852,0.0057561947799943,-0.000304274423767112,0
-1.77635683940025e-15,0.061255594108343,0.0155463793770032,-0.00629928449561667,-0.0230519158539302,-0.0180181654015055,-0.296375963941808,8.88178419700125e-16,0.230794983287124,0.082292498480153,0.0055933457772861,0.00100393023024292,-0.310990329532969,-0.230794983287122,0,0.0354020133102555,0.00739689692041701,-0.000869141203637014,-0.0644710229299408,-0.0822924984801514,-0.0354020133102548,0,0.0028690532031832,-0.000732623845040248,-0.0226907579806948,-0.0229640807660558,-0.00796287216148422,0.00154855502141865,-1.11022302462516e-16,-0.0017951325978911,-0.00476169308815363,0.0107053685036085,0.0143409767881187,0.00576957974603755,-0.000318855269200322,0
2.66453525910038e-15,0.0611104222794516,0.0153779694010607,-0.00634095147613944,-0.0229986516502922,-0.0179475789117411,-0.298775696394385,0,0.230678442107714,0.0823746887679695,0.00559211133784032,0.0010324782618385,-0.310949400494597,-0.230678442107713,0,0.0353820446333533,0.00736646563257182,-0.000884872878717857,-0.0642905796880517,-0.0823746887679702,-0.0353820446333528,-4.44089209850063e-16,0.00285725546241355,-0.000750808816790238,-0.0226267341569147,-0.0229947283141387,-0.00796944247012871,0.00154258614880237,0,-0.00179492660354941,-0.00484429782261912,0.0107500238240886,0.0143543638389371,0.00578306009208973,-0.000333584865729444,0
2.66453525910038e-15,0.0609604463070932,0.0152071037428607,-0.00638288450711411,-0.0229432741232012,-0.0178759086634317,-0.301086914305403,0,0.230581528578694,0.0824533238202907,0.00559018053715032,0.00106225794413994,-0.31089085402377,-0.230581528578695,0,0.0353614114162397,0.00733674748122404,-0.000899918761319896,-0.0641064985951192,-0.0824533238202896,-0.0353614114162411,-2.22044604925031e-16,0.00284565476395571,-0.000768855643674904,-0.0225605283524509,-0.0230233282623543,-0.00797513731069344,0.00153667343422798,5.55111512312578e-17,-0.00179470254924335,-0.00492663637341607,0.0107927473861858,0.0143681039149163,0.00579670049170654,-0.000348535983155318,0
4.44089209850063e-15,0.0608039340022648,0.0150322773965375,-0.00642544501064801,-0.0228850819009816,-0.0178029110966653,-0.303261246782222,0,0.230519523396156,0.082526211469073,0.00558709535383262,0.00109421698673806,-0.310813571799907,-0.230519523396155,0,0.0353400840783529,0.00730830596092957,-0.000913757772865509,-0.0639173648249616,-0.0825262114690721,-0.0353400840783522,2.22044604925031e-16,0.00283445792195369,-0.000786648461453821,-0.0224914260010578,-0.0230487789486983,-0.0079795501021967,0.00153088975525884,-5.55111512312578e-17,-0.00179445778182602,-0.00500894781789508,0.0108319892805597,0.0143824484545407,0.00581060562351303,-0.00036382617905939,0
-3.5527136788005e-15,0.0606418831340854,0.0148544786712383,-0.00646862214208088,-0.0228243650658166,-0.0177291609583579,-0.305302564802491,-1.77635683940025e-15,0.23048841107871,0.0825947323618133,0.00558323135707273,0.00112885150648712,-0.310718178518242,-0.230488411078712,0,0.0353189546281136,0.00728144577029788,-0.000925932910556426,-0.0637247648381796,-0.0825947323618137,-0.0353189546281156,0,0.00282383550311693,-0.00080406530702315,-0.0224197611372179,-0.0230709970624045,-0.00798270364684223,0.00152530092054853,0,-0.00179419044645623,-0.00509111956500446,0.010867862791898,0.0143972294715522,0.00582481116527488,-0.000379498478383755,0
0,0.0604779618031719,0.0146772579375041,-0.0065117289128489,-0.0227624229947985,-0.0176559717695248,-0.307260208589212,0,0.230467861263866,0.0826629818080491,0.00557982685513281,0.00116606986592238,-0.310608394211753,-0.230467861263868,0,0.0352991087064254,0.00725626270662794,-0.000936172910979138,-0.0635336040496255,-0.0826629818080493,-0.0352991087064258,-2.22044604925031e-16,0.00281389151040567,-0.000821002449446384,-0.0223470017691456,-0.0230907132499887,-0.00798483847603865,0.00151995349618617,0,-0.00179389993546514,-0.00517238161360827,0.010902351596711,0.0144120973948583,0.00583928120859833,-0.000395517381452076,0
3.5527136788005e-15,0.0603157706874953,0.014504081555037,-0.00655411362924596,-0.0227005719775315,-0.0175844744317857,-0.309192392743837,1.77635683940025e-15,0.230435417291247,0.0827351097894784,0.00557799918538571,0.001205451980681,-0.310487832550985,-0.230435417291245,0,0.0352815414778469,0.0072325937270179,-0.000944453749987417,-0.0633482998477521,-0.0827351097894775,-0.0352815414778462,-2.22044604925031e-16,0.00280462793476888,-0.000837427204865016,-0.0222746033125583,-0.0231089653568304,-0.00798634859298436,0.00151485641799648,-1.11022302462516e-16,-0.00179358644814875,-0.00525209915482237,0.0109375659022555,0.0144266405323614,0.00585394878127667,-0.000411812623340474,0
-1.77635683940025e-15,0.0601567946492843,0.0143363242775054,-0.00659532279208985,-0.0226394101570255,-0.0175150000958997,-0.311121457239109,0,0.230383656166071,0.0828121374131001,0.0055781328162432,0.00124653424479071,-0.31035924510612,-0.230383656166074,-1.77635683940025e-15,0.0352660583431952,0.00721025947034271,-0.000951011867273976,-0.0631706469794349,-0.0828121374131012,-0.035266058343195,2.22044604925031e-16,0.00279596568456575,-0.000853382464984342,-0.0222032554178657,-0.0231261969611036,-0.00798732712446448,0.00150998501005201,0,-0.00179325023304877,-0.00532986300757091,0.0109744968133627,0.0144408177118188,0.005868757707622,-0.000428325199060192,0
-1.77635683940025e-15,0.0599995687778998,0.0141723474797448,-0.00663550827836712,-0.0225784832003049,-0.0174468442758835,-0.313030737312433,0,0.230321918897644,0.0828918767625488,0.00557964922976595,0.0012889814554029,-0.310222490988448,-0.23032191889764,1.77635683940025e-15,0.0352516035092432,0.00718902676062072,-0.000956282652079921,-0.0629984473578711,-0.0828918767625468,-0.0352516035092427,0,0.00278775398780717,-0.00086898832172122,-0.0221324553182199,-0.0231422488507974,-0.00798765849569338,0.00150528286171953,1.11022302462516e-16,-0.00179289105689018,-0.00540590910712015,0.0110125131441622,0.0144548627621749,0.00588368185935773,-0.000445029109210682,0
8.88178419700125e-16,0.0598417711795491,0.0140096052219079,-0.00667490505728896,-0.0225170242088231,-0.017379049516216,-0.31488556297058,0,0.230266744930534,0.0829708443882211,0.00558172429124681,0.00133255953997846,-0.310076904413583,-0.230266744930535,0,0.0352366438255611,0.0071687593372598,-0.000960717302108449,-0.062828575032793,-0.0829708443882207,-0.0352366438255611,0,0.00277984975725731,-0.000884364420514094,-0.0220613748326662,-0.0231565960877765,-0.00798703430908543,0.00150069499775768,1.11022302462516e-16,-0.00179250843092005,-0.00548051109979078,0.0110504738373017,0.0144691855163066,0.00589870910605751,-0.00046191376956671,0
0,0.0596814292270169,0.0138459205437034,-0.00671396364247467,-0.0224543527864958,-0.0173108654859186,-0.316668138633663,0,0.230227829385607,0.0830470428429493,0.00558374665430783,0.00137712206327656,-0.309920530362159,-0.230227829385607,1.77635683940025e-15,0.0352205055347277,0.00714931414849751,-0.000964588998263238,-0.0626580281797229,-0.0830470428429479,-0.0352205055347272,2.22044604925031e-16,0.00277216153764792,-0.000899582278368172,-0.0219892249305511,-0.0231690107712508,-0.00798537303357311,0.00149618725769546,0,-0.00179210203551972,-0.00555412853812283,0.011087463401892,0.0144839279200491,0.00591382258767577,-0.000478963053714962,0
-8.88178419700125e-16,0.0595184159326729,0.0136810749898109,-0.00675285729222708,-0.022390431935027,-0.0172422153964957,-0.318392755209958,0,0.230201418070477,0.0831210814671905,0.00558578926444397,0.00142248858619354,-0.309752496856531,-0.230201418070477,0,0.0352033847629798,0.0071305665029584,-0.000967979171887734,-0.0624862101389594,-0.083121081467193,-0.0352033847629809,-2.22044604925031e-16,0.00276465750961163,-0.000914654877937737,-0.0219159241341462,-0.0231797634914765,-0.00798281517590127,0.00149175029367327,0,-0.00179167198872149,-0.00562693099759035,0.0111237057236645,0.014498964529492,0.00592899280205966,-0.000496146159916402,0
1.77635683940025e-15,0.0593511731236243,0.0135135206663506,-0.00679221585092016,-0.0223246253222547,-0.0171728519023997,-0.320021072678339,1.77635683940025e-15,0.230199221487668,0.0831914298633318,0.00558725570954977,0.00146942162035657,-0.309570591379678,-0.230199221487664,0,0.0351858071462239,0.00711285202618051,-0.000970464381445879,-0.0623111477297311,-0.0831914298633292,-0.0351858071462219,0,0.00275749641544598,-0.000929488327282124,-0.0218407395087637,-0.023188164725035,-0.00797926070655769,0.00148744149885283,0,-0.0017912157840968,-0.00569943610655634,0.0111574744252578,0.0145142775954514,0.00594428145444301,-0.000513535084768771,0
2.66453525910038e-15,0.0591783780972408,0.0133419203979539,-0.00683252600090611,-0.0222563531455515,-0.0171027443410185,-0.321496015092377,0,0.230238198754625,0.0832559558381298,0.00558755563027979,0.00151908837617043,-0.309374130648862,-0.230238198754625,0,0.0351682208548603,0.00709680769092991,-0.000971374276936388,-0.0621317312766712,-0.0832559558381296,-0.0351682208548616,-4.44089209850063e-16,0.00275094421359534,-0.000943925574975246,-0.0217630574508906,-0.0231930703238279,-0.00797438737621831,0.00148335662787386,0,-0.00179072920509182,-0.00577194938846287,0.0111866809704214,0.0145299868405032,0.00595979132827253,-0.000531249593283295,0
2.66453525910038e-15,0.0590015969034692,0.0131678857177127,-0.00687364657607414,-0.0221861187172125,-0.017032684928842,-0.322821458866207,0,0.230313191954597,0.0833162192682835,0.00558716555133998,0.00157204183347304,-0.309165248039228,-0.230313191954599,-1.77635683940025e-15,0.0351516932632396,0.00708283181140246,-0.000970155943528894,-0.0619503509996724,-0.0833162192682819,-0.0351516932632387,-4.44089209850063e-16,0.00274521464029287,-0.000957814037082727,-0.0216834640962176,-0.0231943691205362,-0.00796822258164426,0.0014795773327792,0,-0.0017902098274245,-0.00584420704106564,0.0112115048598641,0.0145459010504237,0.0059755515062823,-0.000549326979590009,0
-8.88178419700125e-16,0.0588250232717984,0.0129957839960539,-0.00691485750748733,-0.0221154267186563,-0.0169641307655626,-0.32405663065048,-1.77635683940025e-15,0.230398631971559,0.0833770329912351,0.0055873925159613,0.00162815626995005,-0.308948624164703,-0.230398631971559,1.77635683940025e-15,0.035137853263878,0.00707097062575279,-0.000966469760477651,-0.0617724647827165,-0.0833770329912329,-0.0351378532638764,0,0.00274042231014615,-0.000971043382794745,-0.0216036422396898,-0.0231930094791661,-0.00796119670756767,0.00147615237683241,-5.55111512312578e-17,-0.00178965756091298,-0.00591550071112554,0.0112341188350106,0.0145615140690315,0.00599151758592188,-0.000567720784689571,0
1.77635683940025e-15,0.0586527019197343,0.0128298473128066,-0.00695524297745553,-0.0220457840517136,-0.01689831994873,-0.325268980240786,0,0.230468408941753,0.0834428749474121,0.00558959124085057,0.00168689331060889,-0.308729634335467,-0.230468408941753,0,0.0351276264301994,0.00706109637227925,-0.000960287309627716,-0.0616033252424992,-0.083442874947413,-0.0351276264302001,2.22044604925031e-16,0.00273657373823166,-0.000983576474421266,-0.0215253012437347,-0.0231900767234982,-0.00795367949330078,0.00147308994122197,0,-0.00178907362041725,-0.00598500021448642,0.0112571890152454,0.0145764626294833,0.00600761571193449,-0.000586350035368444,0
-8.88178419700125e-16,0.0584861438727016,0.0126715589944935,-0.00699418138608987,-0.0219778191563007,-0.0168355207109618,-0.326487305412867,3.5527136788005e-15,0.230514068576699,0.0835147478511118,0.00559427304322924,0.00174763460755045,-0.308511908799574,-0.230514068576699,0,0.0351204619000249,0.00705299939350823,-0.000951947245091844,-0.0614449497559215,-0.0835147478511105,-0.035120461900026,0,0.00273355822380195,-0.000995480537578919,-0.0214491929621076,-0.0231860371051653,-0.00794569252259864,0.00147035015867047,-5.55111512312578e-17,-0.00178845907806374,-0.00605219851772087,0.0112821221202329,0.0145908084077303,0.00602378679265554,-0.000605149990569279,0
-2.66453525910038e-15,0.0583237294071584,0.012518988541574,-0.00703172706444022,-0.0219110221664565,-0.01677493455926,-0.327692082648017,1.77635683940025e-15,0.230547301212736,0.0835900221763755,0.00560084697590035,0.00180995793593119,-0.308295352637119,-0.230547301212734,1.77635683940025e-15,0.0351148278115545,0.00704643040022468,-0.000941997116298054,-0.0612950945060875,-0.0835900221763752,-0.0351148278115534,0,0.0027311945566233,-0.00100689847831847,-0.021374769719064,-0.0231806447854205,-0.00793699907706447,0.00146786220387662,5.55111512312578e-17,-0.00178781397658573,-0.00611724015232394,0.0113083624083268,0.014604913400872,0.00604000579710208,-0.000624094947109965,0
0,0.0581621540024084,0.0123683832824648,-0.00706833366215776,-0.0218442593287689,-0.0167152473959264,-0.328844537825521,0,0.230588508946211,0.0836645627489467,0.00560830376023702,0.00187357186074522,-0.308077288951251,-0.230588508946212,0,0.0351087832154722,0.00704118066469661,-0.00093102626268049,-0.0611492214513776,-0.0836645627489438,-0.0351087832154724,-2.22044604925031e-16,0.00272929438561897,-0.00101798672457276,-0.0213007707031415,-0.0231732983613204,-0.00792721768533439,0.00146555121405406,-1.11022302462516e-16,-0.00178713775524064,-0.00618059594634023,0.0113345328653157,0.0146192749047365,0.0060562650252914,-0.000643179263191365,0
-1.77635683940025e-15,0.0579992912599545,0.0122173132810159,-0.00710434597642795,-0.0217767978584638,-0.0166556222586829,-0.329925545100082,-3.5527136788005e-15,0.230649011719033,0.0837360430925873,0.00561606486996169,0.00193825377427892,-0.307855475039133,-0.230649011719034,0,0.0351011901038785,0.00703709802806962,-0.000919410925584785,-0.0610043000587708,-0.0837360430925893,-0.0351011901038785,0,0.0027277380215347,-0.00102884142830306,-0.0212263684869062,-0.0231636998114494,-0.00791614621671688,0.00146337012197112,0,-0.00178643004810258,-0.00624260486180037,0.0113598772976461,0.0146341634023706,0.00607255287971012,-0.000662392433436229,0
-1.77635683940025e-15,0.0578344834240356,0.0120651300019556,-0.00714010787068986,-0.021708402989546,-0.0165958165719644,-0.33095118135657,0,0.230724676123803,0.0838051158138455,0.00562415612634837,0.00200382736384519,-0.307627452815908,-0.230724676123799,1.77635683940025e-15,0.035092347122303,0.00703402868313141,-0.000907230023585726,-0.0608588995758332,-0.0838051158138458,-0.0350923471223019,-2.22044604925031e-16,0.00272648799269404,-0.00103948152232136,-0.0211512361593607,-0.0231521597457625,-0.00790397162865208,0.00146130582324905,-1.11022302462516e-16,-0.00178569128001749,-0.00630358310264265,0.0113845634525363,0.0146494230749398,0.00608884194245214,-0.000681704694504875,0
-8.88178419700125e-16,0.0576666825679446,0.0119106543133443,-0.00717618236546702,-0.0216386093872085,-0.0165357753309481,-0.331881097897952,0,0.230827289062397,0.0838704038309768,0.00563201298531624,0.00207114632347682,-0.307392051234853,-0.230827289062399,0,0.0350829336165042,0.00703236554440778,-0.000893988089682551,-0.0607117064628371,-0.0838704038309783,-0.0350829336165024,2.22044604925031e-16,0.0027257343360354,-0.00104979537134731,-0.0210748269002729,-0.0231379738494462,-0.00789060390639124,0.0014594249385288,0,-0.00178491779808665,-0.00636394345656234,0.0114068016351511,0.0146650077283067,0.00610519372246679,-0.000701190958278919,0
0,0.0574949160965614,0.0117526796329557,-0.00721326772749542,-0.021566933730826,-0.0164756288730983,-0.332653480610686,0,0.230974003810399,0.0839299645540379,0.00563884621574573,0.00214151535249663,-0.307148842443747,-0.230974003810395,1.77635683940025e-15,0.0350740572342243,0.00703274598378911,-0.000878890895858575,-0.0605616121230701,-0.0839299645540392,-0.0350740572342234,4.44089209850063e-16,0.0027257839276027,-0.00105959666460165,-0.0209965706054236,-0.0231200759647964,-0.00787590650644115,0.00145783549400036,0,-0.0017841041154617,-0.00642414766740398,0.0114239471520581,0.0146808368296952,0.00612169616202163,-0.000720958967076871,0
-2.66453525910038e-15,0.057321375129102,0.0115935126998128,-0.00725118500662081,-0.0214940965975385,-0.0164163745951686,-0.333272757108196,0,0.231157741419681,0.0839857155944195,0.00564510756214531,0.00221556042337667,-0.306901492651566,-0.231157741419683,-1.77635683940025e-15,0.035067264877954,0.00703558128018322,-0.000861279556191974,-0.0604117282647583,-0.0839857155944215,-0.0350672648779551,-2.22044604925031e-16,0.00272688280052824,-0.00106871373968609,-0.0209172787262827,-0.0230984337096077,-0.00786003515528805,0.00145662627771403,0,-0.00178324733333324,-0.00648393472741557,0.0114360753721194,0.0146965996942799,0.0061383726501423,-0.000741041215551561,0
-8.88178419700125e-16,0.0571507034089853,0.0114382625860907,-0.00728904146756104,-0.0214217800002796,-0.0163595909559602,-0.333802917695287,0,0.231350348692033,0.0840427572932256,0.00565222144403421,0.002293125838289,-0.306656649113663,-0.231350348692036,-1.77635683940025e-15,0.0350643531189885,0.00704095087361978,-0.000840757995149488,-0.0602682545581399,-0.0840427572932276,-0.0350643531189898,-2.22044604925031e-16,0.00272916448961924,-0.00107702292169676,-0.0208388509383866,-0.023074035251676,-0.0078434563674491,0.00145584820481759,0,-0.00178234829543145,-0.00654250824970572,0.0114456226455085,0.0147117798215041,0.0061551722790848,-0.000761381423885918,0
1.77635683940025e-15,0.05698705694018,0.0112915507593581,-0.00732576171530663,-0.0213515493744092,-0.0163065030834186,-0.334316750242348,-1.77635683940025e-15,0.231523990556459,0.0841056919036891,0.00566166165394044,0.00237358801100029,-0.306420938449747,-0.231523990556463,0,0.0350661575756739,0.0070487276386757,-0.000817316506644516,-0.0601368059492355,-0.0841056919036876,-0.0350661575756741,4.44089209850063e-16,0.00273262923029072,-0.00108449149227186,-0.0207630869892864,-0.0230479881941289,-0.00782652164873077,0.00145550244664266,1.11022302462516e-16,-0.00178140962437756,-0.0065989802597608,0.0114555945612173,0.0147260651173512,0.00617201844907482,-0.000781891539098967,0
0,0.0568319390915812,0.011154943596126,-0.00736055682528125,-0.0212840429424919,-0.0162573103444803,-0.33484716743444,0,0.231669775646257,0.0841754575522771,0.00567403967730229,0.00245620120007572,-0.306198530976788,-0.231669775646253,0,0.0350717579607398,0.00705866878721828,-0.00079139497223224,-0.060019642811145,-0.0841754575522755,-0.0350717579607407,-4.44089209850063e-16,0.00273713504398465,-0.00109120936398477,-0.0206907774650898,-0.023020757413581,-0.0078091728548868,0.00145553386453312,-5.55111512312578e-17,-0.00178043339735295,-0.00665276689985328,0.0114677426152875,0.0147396181866481,0.00618885346847096,-0.000802505607613163,0
-8.88178419700125e-16,0.0566831239187087,0.0110258145023332,-0.00739354478880827,-0.0212185265134472,-0.0162109888348718,-0.335373975755846,0,0.23180112239875,0.0842490338196491,0.00568871706213514,0.00254044308422863,-0.305987725015193,-0.231801122398748,0,0.0350792196298766,0.0070704789605891,-0.000763660077570449,-0.0599137589986047,-0.0842490338196489,-0.0350792196298768,2.22044604925031e-16,0.0027424642069116,-0.0010973442573956,-0.0206211232521903,-0.0229920468847595,-0.00779108955055002,0.00145585607992732,-5.55111512312578e-17,-0.00177942005506376,-0.00670406176078092,0.0114815398050956,0.0147528876066295,0.00620565350661315,-0.000823198495392113,0
0,0.0565370978966122,0.0109000732709736,-0.00742509259205626,-0.0211537884086432,-0.0161661316042174,-0.335856827542862,0,0.231939878856359,0.0843219082250855,0.0057047069712084,0.0026259247806113,-0.305784855353254,-0.231939878856355,0,0.0350860983272892,0.00708393753616576,-0.000734816276969141,-0.0598145277046045,-0.0843219082250866,-0.0350860983272894,-2.22044604925031e-16,0.00274839934390281,-0.00110307405684185,-0.0205527991914399,-0.0229611696361478,-0.00777175983946965,0.00145638218034089,5.55111512312578e-17,-0.00177836883409549,-0.00675322855088276,0.0114957529889776,0.0147664866044108,0.00622241617350566,-0.000843971214288891,0
-8.88178419700125e-16,0.0563910471778915,0.0107745647632971,-0.00745567267375868,-0.0210888402879306,-0.01612168749124,-0.336273612615097,-1.77635683940025e-15,0.232099162075938,0.0843913431950671,0.00572135584939737,0.00271239020179159,-0.30558563171347,-0.232099162075944,-1.77635683940025e-15,0.0350910008052683,0.0070988868941253,-0.000705297990478471,-0.0597179943359325,-0.0843913431950716,-0.0350910008052712,0,0.00275480593956345,-0.00110850613772562,-0.0204846878498462,-0.0229277455721575,-0.0077509175312539,0.00145705837870347,-5.55111512312578e-17,-0.00177727932184141,-0.00680067256163876,0.0115095340117467,0.0147807426427978,0.00623913360312391,-0.000864817615552085,0
8.88178419700125e-16,0.0562440439253109,0.0106484519196979,-0.00748572068827613,-0.0210233425764876,-0.0160773127982754,-0.336640466652899,0,0.232274533493417,0.0844580491667166,0.00573861715286661,0.00279966082166183,-0.305386399072768,-0.23227453349342,-1.77635683940025e-15,0.035094320417473,0.00711511174428558,-0.000675202044396528,-0.0596222762581864,-0.0844580491667173,-0.0350943204174738,2.22044604925031e-16,0.00276162715316475,-0.00111367613470459,-0.0204163252945972,-0.0228921514983317,-0.00772880884402777,0.00145786237741513,0,-0.00177615221725119,-0.00684679370918496,0.0115229814516535,0.0147954662530016,0.00625578243604656,-0.000885711587582785,0
-8.88178419700125e-16,0.0560950891600536,0.0105205509015507,-0.00751592574231541,-0.0209568210876805,-0.0160329902144483,-0.336916541594967,0,0.232477208387358,0.0845208040443488,0.00575584197783563,0.00288865041481401,-0.305185739036657,-0.232477208387357,0,0.0350970870407039,0.00713300482236257,-0.000643961347888578,-0.0595259030998214,-0.0845208040443499,-0.035097087040705,-2.22044604925031e-16,0.00276907425736228,-0.00111846118549574,-0.0203471218044763,-0.0228537270725908,-0.00770543943659779,0.00145886279763774,0,-0.00177498282237287,-0.00689207672983423,0.0115341096779239,0.0148105148390355,0.00627241799405383,-0.00090672527028561,0
0,0.05594401718787,0.0103903766964297,-0.00754688733164954,-0.0208890645628266,-0.0159891188744066,-0.337039753584607,0,0.232722746708207,0.0845778677371971,0.00577222250472609,0.00298065277684678,-0.304985000979123,-0.232722746708207,0,0.0351007596527282,0.00715323346433827,-0.000610701907046263,-0.0594287033080123,-0.0845778677371969,-0.0351007596527286,0,0.00277748803694289,-0.00112264990965572,-0.0202767982480621,-0.0228114535514285,-0.0076807611839157,0.00146017185513481,0,-0.00177376491574988,-0.00693685071401293,0.0115402223765516,0.014825715916296,0.00628910752844014,-0.000927947935497053,0
-8.88178419700125e-16,0.0557936237118639,0.0102609144796686,-0.00757834135286384,-0.0208209917675832,-0.0159468639273381,-0.337013305612791,-1.77635683940025e-15,0.233003005726697,0.084631351795041,0.0057881401028208,0.00307633644291982,-0.30478979194816,-0.233003005726697,0,0.0351072562399004,0.00717619861393715,-0.00057469066398852,-0.0593345773461802,-0.0846313517950403,-0.0351072562398986,0,0.00278713319803492,-0.00112606241926505,-0.0202063744185749,-0.0227653493108899,-0.00765503371265586,0.00146187538124742,-5.55111512312578e-17,-0.00177249528053053,-0.0069808371784788,0.0115412890977538,0.0148406766959779,0.00630586801480643,-0.000949407614588407,0
0,0.0556486049857119,0.0101375354702693,-0.00760931292930067,-0.0207543011686679,-0.015907789908332,-0.336903068105169,0,0.233289379674925,0.0846864586286316,0.00580507001459196,0.00317554265962094,-0.304608028367898,-0.233289379674925,0,0.035118419484963,0.00720199163328772,-0.000535507458319984,-0.0592499467105247,-0.0846864586286313,-0.0351184194849632,-2.22044604925031e-16,0.00279815062770372,-0.00112857044696657,-0.0201377741869642,-0.0227164033346516,-0.00762872827879607,0.00146401887696795,-1.11022302462516e-16,-0.00177117605240867,-0.00702323555103324,0.0115398818494131,0.0148549075914844,0.00632264488292288,-0.000971041645759507,0
0,0.0555135248978473,0.0100254290319191,-0.00763845545093211,-0.0206907150665989,-0.0158731844556961,-0.336784693699556,0,0.233553539059946,0.0847479268524047,0.00582462319568222,0.00327759729958466,-0.304448401823642,-0.233553539059947,0,0.035134869405363,0.00723047429412205,-0.000493188942657596,-0.0591813279127038,-0.0847479268524054,-0.0351348694053635,4.44089209850063e-16,0.00281052506820711,-0.00113015190786103,-0.0200730006598048,-0.0226657349896984,-0.00760214267020692,0.00146659226280282,-5.55111512312578e-17,-0.00176981149441119,-0.00706303627788928,0.0115393350812002,0.0148681802133213,0.00633936335433655,-0.000992760343029406,0
2.66453525910038e-15,0.0553894380246307,0.00992577113961257,-0.00766512239423101,-0.0206306957984639,-0.0158430872764708,-0.336691012043687,-3.5527136788005e-15,0.233787021810503,0.0848167206136079,0.00584732279996203,0.00338175955057451,-0.304313723367441,-0.233787021810507,-1.77635683940025e-15,0.0351557490916203,0.00726133293934339,-0.000448205459530726,-0.059130315944238,-0.084816720613611,-0.0351557490916228,-2.22044604925031e-16,0.00282409252568327,-0.00113090903580582,-0.0200126164235928,-0.0226138675040182,-0.00757527235445932,0.00146953046451426,-1.11022302462516e-16,-0.00176840491399533,-0.00709983441974135,0.0115412651029779,0.0148806233181852,0.00635596844393241,-0.00101449814304051,0
8.88178419700125e-16,0.0552738774264654,0.00983567947989705,-0.00768928474294928,-0.0205734332768062,-0.0158163799007713,-0.336602471461655,3.5527136788005e-15,0.234003969218225,0.0848894753010114,0.005872655854116,0.00348738200556653,-0.304201404346133,-0.234003969218225,-1.77635683940025e-15,0.0351785160535627,0.00729429934822612,-0.000401337378603372,-0.0590938943677257,-0.0848894753010112,-0.0351785160535636,0,0.00283861285991271,-0.00113102219654126,-0.0199557777823711,-0.0225603956752564,-0.00754762504162493,0.00147273948726095,-1.11022302462516e-16,-0.00176695708750535,-0.0071336662062733,0.0115454621978654,0.0148928340030838,0.00637244005693438,-0.0010362338558403,0
0,0.0551627388910862,0.00975044592385643,-0.00771137836411118,-0.0205175045638937,-0.0157914735847555,-0.336476554895704,0,0.234227202749224,0.0849612428713229,0.00589959736358381,0.0035939808414156,-0.304105386372056,-0.234227202749222,0,0.0352003688301501,0.00732914688116182,-0.000353377221735229,-0.0590666851898465,-0.0849612428713222,-0.035200368830151,-2.22044604925031e-16,0.00285384678855749,-0.00113068160065066,-0.019900930516402,-0.0225045562000825,-0.00751860752076927,0.00147612613992387,0,-0.00176546716904835,-0.00716489848032034,0.0115506958506015,0.0149054848241228,0.00638877778887162,-0.00105797162045142,0
-8.88178419700125e-16,0.0550524779583021,0.00966621629065312,-0.00773208660540625,-0.0204616480004587,-0.0157670902348759,-0.33629002757692,3.5527136788005e-15,0.234470161594174,0.0850290976136989,0.00592737486152117,0.00370127090024397,-0.304018506392831,-0.234470161594169,1.77635683940025e-15,0.0352198770195198,0.00736565997582872,-0.000304806243333289,-0.0590436085965576,-0.0850290976136974,-0.0352198770195198,-2.22044604925031e-16,0.00286963456558942,-0.00113001409279523,-0.0198466308500267,-0.0224459852989821,-0.00748797916458843,0.00147962769091581,5.55111512312578e-17,-0.00176393442904355,-0.00719407884452443,0.0115559753056401,0.0149188803013251,0.00640497963308781,-0.00107971315736693,0
0,0.0549416856766936,0.00958174569244452,-0.00775194900744136,-0.0204053447398413,-0.0157427499567095,-0.33605866672036,0,0.234728847135369,0.0850936826960691,0.00595592852469551,0.0038090884429387,-0.303935646041731,-0.234728847135369,0,0.035237388410474,0.00740362283090157,-0.000255722808644165,-0.0590221154155046,-0.0850936826960664,-0.0352373884104733,0,0.00288591447016517,-0.00112905960626986,-0.0197922120606186,-0.0223850391015412,-0.00745597129255154,0.00148321885326086,0,-0.00176235976897698,-0.00722165067925966,0.011561388016553,0.0149328511376778,0.00642102688425233,-0.00110143745391206,0
-8.88178419700125e-16,0.0548297398044557,0.00949629017444575,-0.00777163967084249,-0.0203482324545616,-0.0157185671558429,-0.335742909645964,0,0.235012385809195,0.0851540115909479,0.0059845790223001,0.00391831555389288,-0.303855767368077,-0.235012385809192,0,0.0352542808013716,0.00744342561021583,-0.000205492696750298,-0.0590011085060016,-0.0851540115909468,-0.0352542808013723,0,0.00290291856531,-0.00112767863788088,-0.0197371963536521,-0.0223211241756376,-0.00742268707997384,0.00148696681663329,1.66533453693773e-16,-0.001760738261182,-0.00724803526665357,0.0115649484011703,0.0149471637523119,0.00643695845966885,-0.00112320258556106,0
8.88178419700125e-16,0.0547176123076376,0.00941056903897053,-0.00779145310849394,-0.0202904812066311,-0.0156952389731293,-0.335281598155349,0,0.235333605041657,0.0852085761335495,0.00601250455408575,0.00403016603195105,-0.303783009794175,-0.235333605041657,-1.77635683940025e-15,0.0352722451267287,0.00748570340616617,-0.000153213245942752,-0.058982093020389,-0.0852085761335479,-0.0352722451267282,2.22044604925031e-16,0.00292099361157128,-0.00112566217625698,-0.0196817449662734,-0.0222532884970125,-0.00738815320989306,0.00149097077956667,-1.11022302462516e-16,-0.00175906247189234,-0.00727334056540617,0.0115641234805483,0.0149615865613626,0.00645282924838309,-0.00114509241973978,0
0,0.0546085686637348,0.00932813616080796,-0.00781096839559581,-0.0202331620312881,-0.0156740288553143,-0.334677843734257,0,0.235683520438291,0.0852595291492939,0.00604005337158853,0.00414520742186752,-0.303724567556129,-0.235683520438291,0,0.0352932996547946,0.00753081794595722,-9.81629597784917e-05,-0.0589696653829423,-0.0852595291492957,-0.0352932996547968,-4.44089209850063e-16,0.00294039881310049,-0.00112282915079498,-0.0196270450926975,-0.0221816027149435,-0.00735267975572773,0.00149530254418684,-1.11022302462516e-16,-0.00175733040167592,-0.00729718191290217,0.0115589557348553,0.0149757107085907,0.00646863518303845,-0.00116711327022698,0
0,0.0545073915749494,0.00925450394189209,-0.00782916743852802,-0.0201779708353023,-0.0156564879359662,-0.333993939638559,-1.77635683940025e-15,0.236035145625122,0.0853121291327792,0.00606863556614101,0.00426338181445551,-0.303689491853543,-0.236035145625124,0,0.0353193827792424,0.00757882861362091,-3.98999590274229e-05,-0.0589705304836676,-0.0853121291327776,-0.0353193827792417,2.22044604925031e-16,0.00296127144665626,-0.00111905776265497,-0.0195750031299345,-0.0221070511819622,-0.00731676039218881,0.00149999563660719,0,-0.00175554505558873,-0.00731880231451856,0.0115518854632481,0.0149890569329849,0.00648432665218837,-0.00118920891588487,0
0,0.054418128753297,0.00919433511977807,-0.00784481873480747,-0.0201264264697993,-0.0156437162735248,-0.333302260425723,3.5527136788005e-15,0.236362803834474,0.0853709934617388,0.00609978070549033,0.00438406544223113,-0.303685733193841,-0.236362803834471,1.77635683940025e-15,0.0353510374504893,0.00762954358012813,2.14947182879399e-05,-0.0589905283463927,-0.0853709934617366,-0.0353510374504873,0,0.00298357227460833,-0.00111433737018451,-0.0195273624838956,-0.0220307600589125,-0.00728069625259725,0.00150502785115875,-5.55111512312578e-17,-0.00175371295628751,-0.00733733478083826,0.0115460498521743,0.0150014282050549,0.00649982950176639,-0.00121128642355675,0
-8.88178419700125e-16,0.054341718530571,0.00914869861091816,-0.00785714901201384,-0.0200789477122632,-0.0156357081404774,-0.332635460910147,-3.5527136788005e-15,0.236659243988562,0.0854370176340211,0.00613415827241326,0.00450654488407842,-0.303716053072336,-0.236659243988566,-1.77635683940025e-15,0.0353870163125318,0.00768269374836983,8.55080055757185e-05,-0.0590314447592382,-0.0854370176340247,-0.0353870163125338,-4.44089209850063e-16,0.00300713173763634,-0.00110877287676736,-0.0194846591968817,-0.0219531654846661,-0.00724435298629322,0.00151033220325109,1.11022302462516e-16,-0.00175183803401358,-0.00735227943203584,0.0115432649289912,0.0150130670011125,0.0065150997693588,-0.00123329191836122,0
-1.77635683940025e-15,0.0542753303804115,0.00911440593309365,-0.00786619523264775,-0.0200346012452188,-0.0156312533266698,-0.331975458952513,0,0.236937805869612,0.0855068202123785,0.00617129406793282,0.00463011350923281,-0.303775795404533,-0.236937805869609,1.77635683940025e-15,0.035424658621201,0.00773800609385233,0.000151320864651083,-0.0590897519792868,-0.0855068202123779,-0.0354246586211981,4.44089209850063e-16,0.00303169759094346,-0.0011025451245672,-0.0194459053437133,-0.0218738862223914,-0.00720722930216089,0.0015158152467844,0,-0.00174992187253997,-0.00736368692421771,0.0115433859112576,0.0150245650064976,0.00653011775712445,-0.00125520315141811,0
-8.88178419700125e-16,0.0542145796715481,0.00908656755114468,-0.0078724304525597,-0.0199918775510737,-0.0156286847710074,-0.331281868379737,0,0.237219679383717,0.0855754235717399,0.00621018749567348,0.00475419791033005,-0.30385686459214,-0.237219679383717,0,0.0354610475217232,0.00779523463877219,0.000218092321263796,-0.0591596692492307,-0.0855754235717412,-0.0354610475217239,0,0.00305701150529991,-0.00109585416501945,-0.0194094521576691,-0.0217921968944113,-0.00716873390735617,0.00152138255389761,5.55111512312578e-17,-0.00174796343103406,-0.00737192334087947,0.0115452859110629,0.015036575694974,0.00654488640867054,-0.00127702874325193,0
8.88178419700125e-16,0.05415516080497,0.00906065876727169,-0.00787677078072324,-0.0199492414519398,-0.0156265249696199,-0.330530662140687,1.77635683940025e-15,0.237518131742583,0.0856397232925481,0.00624998043583602,0.00487849807959329,-0.303949143074595,-0.237518131742581,0,0.0354947766937812,0.00785415423545999,0.000285340204310813,-0.0592349049074168,-0.0856397232925481,-0.0354947766937816,-2.22044604925031e-16,0.00308290708152237,-0.00108883073171473,-0.0193735395046195,-0.0217077244155823,-0.00712864668680085,0.00152697190432644,-5.55111512312578e-17,-0.001745961590151,-0.00737765879754737,0.0115478480562866,0.0150493721073795,0.00655940830443316,-0.00129877708040357,0
8.88178419700125e-16,0.0540952277829581,0.00903499578299183,-0.00787985994229068,-0.019906010034151,-0.0156241725224069,-0.329734721293015,-1.77635683940025e-15,0.23783059021827,0.0857001499190488,0.00629055339886975,0.00500290109814827,-0.304046409158058,-0.23783059021827,0,0.0355261157406748,0.00791455519332729,0.000352967628305834,-0.0593123031005016,-0.0857001499190493,-0.0355261157406754,-2.22044604925031e-16,0.00310931853418661,-0.0010815210304318,-0.0193373211909136,-0.0216207599162615,-0.0070871665088022,0.001532555855912,1.11022302462516e-16,-0.00174391679786479,-0.00738138874702331,0.0115510418790457,0.0150628133711478,0.0065736734935897,-0.00132043908541965,0
1.77635683940025e-15,0.0540343440526776,0.00900916628685344,-0.00788233738132238,-0.0198618604609537,-0.0156217702193002,-0.328855380911557,0,0.238164252023562,0.0857558002180951,0.00633113732181556,0.00512818720890351,-0.304147501082014,-0.238164252023559,0,0.0355566555616704,0.00797676241842638,0.000421613783183616,-0.0593909691897514,-0.085755800218094,-0.0355566555616691,2.22044604925031e-16,0.00313646882979146,-0.00107379194816626,-0.0193003622019431,-0.0215307816394951,-0.00704448046575429,0.00153818652560356,-1.66533453693773e-16,-0.00174182388844596,-0.00738348179559034,0.0115529273381624,0.0150766044707746,0.00658770666090652,-0.00134206360211506,0
8.88178419700125e-16,0.0539744137720035,0.00898508105940632,-0.00788409230021081,-0.0198172811280779,-0.0156202298743224,-0.327834685556997,0,0.238528430069174,0.0858052947937722,0.00637098967413507,0.00525531612912822,-0.304258530933751,-0.238528430069174,0,0.0355880479074315,0.00804137368084668,0.000492136806055754,-0.0594739754030458,-0.0858052947937735,-0.0355880479074322,-2.22044604925031e-16,0.00316469443812273,-0.00106543495085853,-0.0192632129866487,-0.0214369062589742,-0.00700063102971471,0.00154394282543679,0,-0.00173967624467997,-0.00738370642794794,0.0115514221041145,0.0150905218282285,0.00660153371910159,-0.00136370891241847,0
0,0.0539195128543284,0.00896723639834818,-0.00788445491356349,-0.0197735902602103,-0.015621011994174,-0.326675412318558,0,0.238912720087006,0.0858511374422388,0.0064104543728476,0.00538482100620286,-0.304388572793949,-0.238912720087004,1.77635683940025e-15,0.0356225381154083,0.00810868747644911,0.0005652771787652,-0.0595672371779272,-0.0858511374422399,-0.0356225381154083,-2.22044604925031e-16,0.00319424928469503,-0.00105626845064544,-0.0192273318950587,-0.0213393009648929,-0.00695600437985183,0.00154987999260842,5.55111512312578e-17,-0.00173747309783351,-0.00738150860964673,0.0115466787757789,0.0151041157724887,0.00661513687281345,-0.00138537044493586,0
8.88178419700125e-16,0.0538742598006197,0.00896090045596054,-0.00788239780170219,-0.0197323820949968,-0.015625572152727,-0.325434944907785,0,0.239293162445396,0.0858985044582337,0.00645087433340308,0.00551671586455882,-0.304546680049445,-0.239293162445396,0,0.0356619504005202,0.00817870485895256,0.000641432362826322,-0.0596774004346994,-0.0858985044582321,-0.0356619504005184,0,0.00322524600504859,-0.00104618538854351,-0.0191944908411937,-0.0212389352557437,-0.00691107285560327,0.00155601414533613,-1.11022302462516e-16,-0.00173521900070495,-0.00737613673804666,0.0115409843071453,0.0151169611788586,0.00662846640425867,-0.00140699309447789,0
0,0.0538423471470519,0.00897020220002265,-0.0078767605873562,-0.0196950161137854,-0.0156348948405309,-0.324178229135129,3.5527136788005e-15,0.239648330980087,0.0859517984986429,0.00649371038678836,0.00565052389744913,-0.304740248936117,-0.239648330980087,0,0.0357066617053352,0.00825122014371438,0.000720493425205859,-0.0598099360853517,-0.0859517984986427,-0.035706661705335,0,0.003257630488676,-0.00103518122815216,-0.0191662261873548,-0.0211368696146315,-0.00686608928291771,0.00156231691494269,1.11022302462516e-16,-0.0017329222821566,-0.00736677636258669,0.0115371782768549,0.01512892501277,0.00664145721584172,-0.00142849161409749,0
0,0.0538243064452244,0.00899571583412584,-0.00786682330802879,-0.0196617595101882,-0.0156488480936501,-0.32293522642394,1.77635683940025e-15,0.239973073771148,0.0860117833396234,0.00653965832253967,0.00578560234152903,-0.304970788544807,-0.239973073771148,0,0.0357551725750636,0.00832596588139722,0.000801897040277666,-0.0599661691750442,-0.0860117833396234,-0.0357551725750624,4.44089209850063e-16,0.00329121463140547,-0.00102337071879033,-0.0191428891145063,-0.0210335039655415,-0.00682086127350401,0.00156872005292424,-5.55111512312578e-17,-0.00173058753471994,-0.0073529543241431,0.0115369848397165,0.0151403009594893,0.00665407563440901,-0.0014498222407425,0
-8.88178419700125e-16,0.0538168736469808,0.00903388426736829,-0.00785272446007568,-0.0196315468194523,-0.0156661122918571,-0.321689121097647,0,0.240280008815505,0.086075031570191,0.00658827274596341,0.00592121186743633,-0.305231552726932,-0.240280008815503,0,0.0358047164041952,0.00840266879657925,0.000884789745503767,-0.0601418881208957,-0.0860750315701908,-0.0358047164041961,0,0.00332573067024944,-0.00101093996701884,-0.0191233336877332,-0.0209284914295001,-0.00677489012970373,0.00157513498664752,-5.55111512312578e-17,-0.00172821681590402,-0.00733477022385984,0.0115402671262696,0.0151516657793781,0.00666630861708468,-0.00147096749863396,0
0,0.0538149135590009,0.00907926456661912,-0.00783520466171606,-0.0196026094784303,-0.0156848665204894,-0.320400400037601,-5.32907051820075e-15,0.240588793903301,0.0861365341063802,0.00663852501114448,0.00605681158028304,-0.305511359213767,-0.240588793903306,0,0.035852557659922,0.00848113857759358,0.000968405243234827,-0.0603300645567955,-0.0861365341063824,-0.0358525576599209,0,0.00336094304027901,-0.000998073135741517,-0.0191056106878383,-0.0208210931289723,-0.00672762587009995,0.0015814820859647,5.55111512312578e-17,-0.00172580794356209,-0.00731273420589136,0.0115457893675458,0.015163595704801,0.00667816778280911,-0.00149194793814704,0
-1.77635683940025e-15,0.0538143210460671,0.00912764538246602,-0.00781512743914803,-0.01957351073606,-0.0157037160806022,-0.319049327461864,1.77635683940025e-15,0.240910292537611,0.0861934066704766,0.00668964722866328,0.0061920598523475,-0.305800045572425,-0.240910292537608,0,0.0358973405538237,0.00856116301947552,0.00105227735935465,-0.0605246267201986,-0.0861934066704739,-0.035897340553823,0,0.00339668650506075,-0.000984897292520159,-0.0190880836319851,-0.0207109974046149,-0.0066788716297706,0.00158770547547321,1.11022302462516e-16,-0.00172335961720793,-0.00728746996760309,0.0115526094464916,0.0151763274481807,0.00668965812351716,-0.00151277472370613,0
0,0.053812501532196,0.00917657174982178,-0.00779341844818937,-0.0195432888097855,-0.0157218717098564,-0.317649508448694,1.77635683940025e-15,0.241242688929949,0.0862460309287219,0.00674145555948336,0.00632692470935581,-0.306089439567101,-0.241242688929946,1.77635683940025e-15,0.0359394287783257,0.00864253748853727,0.00113634951032182,-0.0607211712571358,-0.086246030928719,-0.0359394287783243,2.22044604925031e-16,0.00343290128936413,-0.000971457398889708,-0.0190695877142529,-0.0205984614105676,-0.00662883462036373,0.00159377984771902,0,-0.00172087147496325,-0.00725965453649716,0.0115605443025606,0.0151897024675513,0.00670077683031926,-0.00153345017388204,0
0,0.0538096998646216,0.00922651010772402,-0.00777039335117458,-0.0195118640840102,-0.0157396134418351,-0.316165583856607,0,0.241590505572539,0.0862936297466774,0.00679323986888214,0.00646195711035702,-0.306379543512024,-0.241590505572537,1.77635683940025e-15,0.0359803022189382,0.00872550931677019,0.00122117999883109,-0.0609199484316476,-0.0862936297466765,-0.0359803022189367,4.44089209850063e-16,0.00346977790975256,-0.000957634842718047,-0.019049989585817,-0.0204830619387066,-0.00657771365894172,0.00159973683601616,-5.55111512312578e-17,-0.00171833962486695,-0.00722939952861992,0.0115680395700218,0.0152034441641483,0.00671152858537435,-0.0015540045914111,0
0,0.0538085353167297,0.00928047476151228,-0.00774564394859478,-0.0194799395858078,-0.0157579923937439,-0.314542771494146,0,0.241958874091754,0.0863352724344111,0.00684426540304628,0.00659790394797355,-0.30667667301045,-0.241958874091756,0,0.0360218398631211,0.00881055137462639,0.00130759560619609,-0.0611252436393486,-0.0863352724344104,-0.0360218398631205,2.22044604925031e-16,0.00350762467147558,-0.000943231609740636,-0.0190300819253559,-0.0203641065724455,-0.006525665497225,0.00160562913566209,0,-0.00171575890480602,-0.00719622289708384,0.011573355555034,0.015217260179148,0.00672191412888763,-0.0015744753311715,0
-8.88178419700125e-16,0.0538130899318068,0.00934306502180515,-0.00771834131345894,-0.0194487901956668,-0.0157783968297416,-0.312777595344015,0,0.242338940956465,0.0863732128962482,0.00689478386854248,0.00673520908843983,-0.306989170595234,-0.242338940956465,1.77635683940025e-15,0.0360660783714337,0.00889787635111716,0.00139624636019064,-0.0613432805986842,-0.0863732128962453,-0.0360660783714319,0,0.00354665657870878,-0.000928087320696047,-0.0190112739667462,-0.0202417537712856,-0.00647304689211775,0.00161148713491444,-1.11022302462516e-16,-0.00171313002413764,-0.00715940113565343,0.0115766419486119,0.015230763876261,0.00673190545405757,-0.00159485113551136,0
1.77635683940025e-15,0.0538279888275577,0.00941934150607171,-0.00768735835559031,-0.0194199687324401,-0.0158022365839647,-0.310916792150294,1.77635683940025e-15,0.242711363674214,0.0864122404692278,0.00694603520713777,0.00687395142399971,-0.307325948877738,-0.242711363674212,0,0.036114533910995,0.00898743310065164,0.00148744235925768,-0.0615809575278659,-0.0864122404692278,-0.0361145339109943,0,0.00358695102450013,-0.000912112619066541,-0.0189952731394629,-0.0201168989741181,-0.00642025874360402,0.00161731178654678,1.11022302462516e-16,-0.00171045951981952,-0.00711806158320853,0.0115799274587434,0.0152436269499351,0.0067414541283331,-0.00161507781455182,0
0,0.0538565566448312,0.00951278824011759,-0.00765161652998358,-0.0193946642482112,-0.0158303887090643,-0.309017689630782,1.77635683940025e-15,0.243059152195444,0.0864565508565232,0.00699944957499632,0.00701383929628285,-0.307693313001005,-0.243059152195439,1.77635683940025e-15,0.0361673629387678,0.00907901915855369,0.00158104506614976,-0.0618433342314817,-0.0864565508565194,-0.0361673629387655,0,0.00362843972034255,-0.000895309327512139,-0.0189833923679313,-0.019990517896693,-0.00636748538825777,0.00162307398105938,5.55111512312578e-17,-0.00170775700484277,-0.00707139299450296,0.0115857537538348,0.0152557887974724,0.00675050922765215,-0.00163508327877103,0
-8.88178419700125e-16,0.0538988066331805,0.00962332437091096,-0.00761057702247303,-0.0193729480107772,-0.01586260108866,-0.307107181804067,-3.5527136788005e-15,0.243379177962169,0.0865068415836348,0.0070557238876372,0.00715437998048785,-0.308090984079517,-0.24337917796217,1.77635683940025e-15,0.0362230134456052,0.00917239794357272,0.00167650318359414,-0.0621309141556774,-0.0865068415836379,-0.0362230134456041,0,0.0036709349436741,-0.00087778977681463,-0.0189757290549437,-0.0198629749257276,-0.00631451932437804,0.001628715392062,-5.55111512312578e-17,-0.00170502726734328,-0.00701900706193458,0.0115956078125859,0.0152675434797457,0.00675905062618654,-0.00165483627089502,0
0,0.0539511661278587,0.00974718354054449,-0.00756460519940294,-0.0193536488370505,-0.0158975287113554,-0.305172316662805,-3.5527136788005e-15,0.243682041639001,0.0865600952606425,0.00711444454045562,0.00729497305900395,-0.308510575787333,-0.243682041639003,0,0.0362790954076484,0.00926733039744221,0.00177307463956211,-0.0624387811934815,-0.0865600952606449,-0.0362790954076493,-2.22044604925031e-16,0.00371419354418911,-0.000859726139176731,-0.0189709906354005,-0.0197339954083758,-0.00626095650293745,0.00163416619544937,-5.55111512312578e-17,-0.00170227096480841,-0.00696116864837015,0.011609249746076,0.0152793462652736,0.00676708092647477,-0.00167433721213815,0
0,0.0540087372284139,0.00987933439893807,-0.00751439887049843,-0.0193351462768918,-0.0159334705424192,-0.303181391339635,-1.77635683940025e-15,0.243983741898576,0.0866116453810779,0.00717475339583906,0.00743499514539714,-0.308941005976108,-0.243983741898576,1.77635683940025e-15,0.0363329633155196,0.00936367280800354,0.00187002151373683,-0.0627600196668663,-0.0866116453810777,-0.0363329633155203,-2.22044604925031e-16,0.00375799002261012,-0.00084128536542738,-0.0189673942508528,-0.0196029619699905,-0.00620629680696078,0.00163936420147426,-5.55111512312578e-17,-0.00169948708470874,-0.00689835843903683,0.0116256978901778,0.0152917130584811,0.0067746104671465,-0.00169359798160301,0
8.88178419700125e-16,0.054066712576835,0.0100149714409956,-0.00746108115362132,-0.0193157702647397,-0.0159688685825916,-0.301117020761337,0,0.244294568068142,0.0866585056263425,0.00723584477850991,0.00757416646851716,-0.309370526800983,-0.244294568068142,1.77635683940025e-15,0.0363833675688134,0.0094612680735402,0.00196694815751286,-0.0630873473563003,-0.0866585056263438,-0.036383367568813,-2.22044604925031e-16,0.00380218119401787,-0.000822588161823123,-0.0189630503236637,-0.0194695043236843,-0.00615034646623897,0.00164426488208175,-1.11022302462516e-16,-0.00169667170172455,-0.00683140861468767,0.011643912531432,0.0153048394103242,0.00678165624055199,-0.00171264898565603,0
4.44089209850063e-16,0.0541220159329376,0.0101510295985117,-0.00740580646199041,-0.0192944079402229,-0.016002823617721,-0.298990866167529,0,0.244614255197158,0.0867006580061744,0.00729737838199185,0.00771245377714713,-0.309790338600838,-0.244614255197158,0,0.0364306831231076,0.00955990937455375,0.00206380469713174,-0.0634153810136679,-0.0867006580061758,-0.0364306831231083,-2.22044604925031e-16,0.00384670569362577,-0.000803678004212882,-0.0189566312643034,-0.0193338180243146,-0.00609331083001519,0.00164884667401255,0,-0.0016938246363708,-0.00676118341938349,0.0116634536766545,0.0153185664631054,0.00678821708538295,-0.00173149351531848,0
1.33226762955019e-15,0.0541754770565794,0.0102887752976089,-0.00734862441797857,-0.0192711821965985,-0.0160357353292979,-0.296773877379794,0,0.244944053513402,0.0867378090622459,0.00735876751143572,0.00785023388496597,-0.310200713459038,-0.244944053513402,0,0.0364763946747235,0.00965974741939313,0.00216108756510636,-0.0637453421677434,-0.0867378090622442,-0.0364763946747224,2.22044604925031e-16,0.00389172057816234,-0.000784448453272857,-0.0189482432316316,-0.0191956524526957,-0.00603543037844689,0.00165312477476992,5.55111512312578e-17,-0.00169094394139219,-0.00668757986442753,0.0116832005234114,0.0153326116690492,0.00679428256234808,-0.00175014589163815,0
-4.44089209850063e-16,0.0542305598366126,0.0104324513378353,-0.0072886529376972,-0.0192470735170378,-0.0160688000002986,-0.294416586935583,0,0.245284999240724,0.0867696743298687,0.00741946189235421,0.00798799971107655,-0.310607525157591,-0.245284999240726,0,0.0365222822135092,0.00976110389799345,0.00225949780961088,-0.0640830909375938,-0.0867696743298667,-0.0365222822135107,0,0.00393747430470515,-0.000764726788391679,-0.0189389919541626,-0.0190545670750923,-0.00597690866542588,0.00165712430142267,5.55111512312578e-17,-0.00168802754566982,-0.00660969839164079,0.0117020254743167,0.0153466925771122,0.00679983198864999,-0.00176861996147661,0
-4.44089209850063e-16,0.0542914142576305,0.0105868137997382,-0.00722486906223008,-0.0192233376517676,-0.0161033588509225,-0.291910628256051,3.5527136788005e-15,0.24562917216635,0.086798490502531,0.00747970959997701,0.0081261127564396,-0.311017229282067,-0.245629172166348,0,0.0365701545354646,0.00986409378168673,0.00235957842754964,-0.0644352218231539,-0.0867984905025283,-0.0365701545354635,2.22044604925031e-16,0.00398413423091948,-0.000744374265136072,-0.0189302511591241,-0.0189107716294499,-0.00591807644906317,0.00166085646297848,-1.66533453693773e-16,-0.00168507860099559,-0.0065265649711411,0.0117201730847125,0.0153604858346013,0.00680483063630127,-0.00178689631432498,0
-4.44089209850063e-16,0.0543623278024339,0.0107563574061604,-0.00715617445655425,-0.0192013508128652,-0.0161406868167191,-0.289289151007274,-3.5527136788005e-15,0.245962195384077,0.0868285341374584,0.00754057052965607,0.0082647575546364,-0.311436555516746,-0.245962195384083,-1.77635683940025e-15,0.0366212827517636,0.00996860863452298,0.00246156423301969,-0.0648082828194496,-0.0868285341374617,-0.0366212827517642,0,0.00403174186676369,-0.000723323264709919,-0.0189234967281517,-0.0187650602053522,-0.00585927661777447,0.00166431381368132,-5.55111512312578e-17,-0.00168210462350438,-0.00643722586641501,0.0117392596594466,0.0153737360994448,0.00680924052889872,-0.00180493095465371,0
-4.44089209850063e-16,0.0544459813951619,0.0109436159309229,-0.00708159117581397,-0.0191820351536007,-0.0161814592021079,-0.286595846378665,-3.5527136788005e-15,0.246273068384795,0.0868632438357082,0.00760335832964643,0.00840383415583013,-0.311869864410166,-0.246273068384795,0,0.0366753837024021,0.0100744897957732,0.00256526196992013,-0.0652065368333672,-0.0868632438357115,-0.0366753837024032,0,0.00408021441415762,-0.000701592229489068,-0.0189197153561065,-0.0186181827523494,-0.00580055782265348,0.00166747100639431,-1.11022302462516e-16,-0.00167911410190497,-0.00634085377180053,0.0117613746552194,0.0153864932695613,0.006813034205472,-0.00182267791403599,0
0,0.0545418885587718,0.0111478385610346,-0.00700085069854461,-0.0191652832606097,-0.0162253376344665,-0.28385257713007,0,0.24656065078312,0.0869031068009072,0.00766866404670274,0.00854299895345889,-0.312315061361661,-0.246560650783117,1.77635683940025e-15,0.0367310386412694,0.0101815369985356,0.00267017344349618,-0.0656294193913554,-0.0869031068009045,-0.0367310386412691,0,0.00412937612567443,-0.00067928244618698,-0.0189187581033256,-0.0184704613185518,-0.00574174643603109,0.00167028836222427,5.55111512312578e-17,-0.00167611221175951,-0.006237210100197,0.011787593866433,0.0153990073351089,0.0068162054964046,-0.00184011423476425,0
8.88178419700125e-16,0.0546464772174584,0.0113653035870791,-0.00691440024887546,-0.0191499650976823,-0.0162710483732682,-0.281051534262926,0,0.246833838561351,0.0869453645765894,0.00773620805608743,0.0086817295093482,-0.312763883325516,-0.246833838561351,-1.77635683940025e-15,0.0367860073771702,0.0102896073930978,0.00277564623107196,-0.0660717215366944,-0.0869453645765921,-0.0367860073771717,0,0.00417901807124044,-0.000656541115955589,-0.0189193642092199,-0.0183216470835074,-0.00568246486990198,0.00167272110299993,-1.66533453693773e-16,-0.00167309933618848,-0.00612663000607361,0.0118177274276155,0.0154116793108124,0.0068187673202515,-0.00185724601748825,0
0,0.0547550048421339,0.011591266149551,-0.00682310375331152,-0.0191345432393044,-0.0163170082378525,-0.27817312704552,3.5527136788005e-15,0.247104380175218,0.086986202975746,0.00780526636902401,0.00881952610831327,-0.313205764270654,-0.247104380175216,0,0.0368382160059788,0.0103985955278638,0.00288110091620197,-0.0665263111289367,-0.0869862029757458,-0.0368382160059784,-2.22044604925031e-16,0.0042289555873023,-0.000633512213781051,-0.0189198240455662,-0.0181712805525938,-0.00562235223454521,0.00167472945526298,0,-0.00167007266167885,-0.00600980332022256,0.0118509064328585,0.015424861866643,0.00682074048767164,-0.00187409667857834,0
8.88178419700125e-16,0.0548623038582834,0.0118205771956474,-0.00672835732252342,-0.019117273475393,-0.0163616223393324,-0.275207567485395,0,0.247380912887108,0.0870227206788208,0.00787501126347223,0.00895610485813059,-0.313629121513442,-0.24738091288711,-1.77635683940025e-15,0.0368866731571309,0.0105083837917128,0.00298622466992349,-0.0669849055613041,-0.0870227206788199,-0.0368866731571316,0,0.0042790717946164,-0.000610296829085311,-0.018918173448586,-0.0180190223175144,-0.00556127214882773,0.00167628467347719,-5.55111512312578e-17,-0.00166702791305845,-0.00588785459376392,0.0118860485900022,0.0154386785249152,0.00682214332194703,-0.00189069579165616,0
4.44089209850063e-16,0.0549653708463396,0.0120500903955039,-0.00663141432144165,-0.0190970955005261,-0.0164040461912252,-0.272168295670463,0,0.247663520079991,0.0870547914417781,0.00794503703281091,0.00909145815294643,-0.314026638750697,-0.247663520079991,0,0.0369318453907184,0.0106187808066984,0.00309100919454508,-0.0674420109704559,-0.0870547914417794,-0.0369318453907175,4.44089209850063e-16,0.00432931802777237,-0.000586930293746235,-0.0189131689897438,-0.0178650252827562,-0.00549942737270542,0.00167737317945449,0,-0.00166396445170974,-0.00576181177426102,0.0119226128081897,0.0154529624213099,0.00682297925684373,-0.00190705145269431,0
4.44089209850063e-16,0.0550654201048486,0.0122815843170763,-0.00653211555654476,-0.0190742522812566,-0.0164447185887684,-0.269031603562562,-8.88178419700125e-16,0.247951314304886,0.0870826663457915,0.0080148759496641,0.00922588820424153,-0.314397911311026,-0.247951314304887,0,0.0369751767748774,0.0107298197512105,0.00319587329777704,-0.067899550881299,-0.0870826663457909,-0.0369751767748754,0,0.00437980784377423,-0.000563335004172938,-0.0189050533408948,-0.0177091969674975,-0.00543707909664987,0.00167799568802163,0,-0.00166088027083633,-0.00563142148253874,0.011959829739568,0.0154674317871731,0.00682323584060152,-0.00192317829626978,0
0,0.0551663958725799,0.0125199975581385,-0.00642919652287555,-0.0190499183383475,-0.0164849105346661,-0.265753057277006,1.77635683940025e-15,0.248242561885373,0.0871066259911579,0.0080842285000573,0.00935959408095677,-0.31474600263966,-0.24824256188537,1.77635683940025e-15,0.0370181223704193,0.0108416653275363,0.00330131620069096,-0.0683641476712762,-0.087106625991157,-0.0370181223704182,4.44089209850063e-16,0.00443070563042003,-0.000539361463747223,-0.0188951143648945,-0.0175514055727197,-0.00537444991487429,0.00167816359902351,5.55111512312578e-17,-0.00165778116730991,-0.00549535075213659,0.0119971706812058,0.0154818759887168,0.00682287702218124,-0.00193905031494575,0
4.44089209850063e-16,0.0552725732250745,0.0127702612865694,-0.00632135233994857,-0.0190253539830723,-0.0165259092772994,-0.2623184503589,-1.77635683940025e-15,0.248530566139697,0.0871289531799855,0.00815343107593058,0.00949290915108847,-0.315074428410485,-0.248530566139699,0,0.0370620893048859,0.0109543436603463,0.00340773632673219,-0.0688428604328155,-0.0871289531799859,-0.0370620893048867,4.44089209850063e-16,0.00448212015692429,-0.0005149078576836,-0.0188847003753884,-0.0173919012978928,-0.00531179977024376,0.00167787599861141,-5.55111512312578e-17,-0.00165467115970647,-0.0053522822631364,0.0120350445026352,0.0154960623714483,0.00682187518342245,-0.00195465254255928,0
-4.44089209850063e-16,0.0553876099009751,0.0130360785943204,-0.00620749065948489,-0.0190016971576634,-0.0165687763474813,-0.258744539977632,8.88178419700125e-16,0.248806243859407,0.0871529360798213,0.00822338222741692,0.00962602554335401,-0.315386249920399,-0.248806243859404,1.77635683940025e-15,0.0371077982996368,0.0110677485517119,0.00351524387689572,-0.0693413589977039,-0.0871529360798207,-0.0371077982996355,0,0.00453405535287876,-0.00048992818040805,-0.018874987020808,-0.0172312920260667,-0.0052493392818882,0.00167712789913638,5.55111512312578e-17,-0.00165155912045128,-0.0052011126726904,0.0120747009432472,0.0155098711488577,0.00682020751500007,-0.00196994776077764,0
-8.88178419700125e-16,0.0555134313690622,0.0133190300809471,-0.00608688578896022,-0.0189795889199478,-0.0166139932991274,-0.255058455943651,-4.44089209850063e-15,0.249063469370631,0.0871810518819878,0.00829508469869822,0.00975895213996569,-0.315682566492905,-0.249063469370634,0,0.0371548624754681,0.0111817411697164,0.00362363817571065,-0.0698625009634051,-0.0871810518819898,-0.0371548624754685,0,0.00458642260815134,-0.000464446467914659,-0.0188665972002965,-0.0170701428118833,-0.00518708791834188,0.00167590847025179,-5.55111512312578e-17,-0.00164845356498683,-0.0050411091962347,0.0121175518155899,0.0155233735358239,0.0068178671280581,-0.00198490362778333,0
0,0.0556488883971058,0.0136176004944342,-0.00595961905744158,-0.0189586759762173,-0.0166610860578009,-0.251277250309235,8.88178419700125e-16,0.249302852740755,0.0872134700135723,0.00836895712617824,0.00989154187077723,-0.3159596655171,-0.249302852740756,0,0.0372021116428485,0.0112961893610333,0.00373253580708166,-0.0704043415242281,-0.0872134700135718,-0.037202111642848,-4.44089209850063e-16,0.00463908307745431,-0.000438552535947601,-0.0188590774417423,-0.0169086425106945,-0.00512489672248517,0.00167419835917693,1.66533453693773e-16,-0.00164535641655345,-0.00487230531980078,0.012164212777098,0.0155367531824247,0.00681486786816523,-0.00199952142413319,0
8.88178419700125e-16,0.0557907902484045,0.013928414939687,-0.00582613369294149,-0.0189379948861279,-0.0167089605725592,-0.247402418417826,0,0.249531147670869,0.0872479727345281,0.00844496939737116,0.0100234150437997,-0.31621133827792,-0.24953114767087,0,0.0372474790455204,0.0114110759919654,0.00384140499495444,-0.0709618852415972,-0.0872479727345301,-0.0372474790455199,0,0.00469187871801457,-0.000412362867042493,-0.0188513378962334,-0.0167465680980604,-0.00506240458801116,0.00167197834787292,-1.11022302462516e-16,-0.00164226682860713,-0.00469509301251624,0.0122146822305276,0.0155503574036873,0.00681123312654511,-0.00201381531123983,0
0,0.0559342508160445,0.0142465661773246,-0.00568761579508559,-0.0189160034267135,-0.0167560814978902,-0.243427732163946,-2.66453525910038e-15,0.249757233798024,0.0872813037173605,0.00852244865376584,0.0101541762360897,-0.316428492818705,-0.249757233798025,1.77635683940025e-15,0.0372894153937366,0.0115263502514473,0.00394982799217303,-0.0715271744042991,-0.0872813037173632,-0.0372894153937362,0,0.0047446753664957,-0.000385992131044066,-0.0188416643584252,-0.0165835426816104,-0.00499935961486925,0.00166923019612042,0,-0.00163918035102539,-0.00451056525104272,0.0122680996188758,0.0155644056667702,0.00680698959792319,-0.00202781482534667,0
-8.88178419700125e-16,0.0560748887400102,0.0145676093497524,-0.00554547997488886,-0.0188912714268716,-0.0168011459412059,-0.239354468626381,0,0.249986686705223,0.0873112910162188,0.00860065455663683,0.0102836163136626,-0.316603175445325,-0.249986686705224,0,0.0373274404669033,0.0116419087450161,0.00405762603210746,-0.0720927131211337,-0.0873112910162215,-0.0373274404669046,0,0.00479739475104735,-0.000359514771122171,-0.0188284645799373,-0.0164193485928489,-0.0049357293167423,0.00166594092847405,0,-0.00163609230817041,-0.00432003455409186,0.0123235034371963,0.0155789106858143,0.00680215626526737,-0.00204154848640827,0
4.44089209850063e-16,0.0562096189623191,0.014888148002318,-0.00540117523628414,-0.0188627479465815,-0.0168433196558024,-0.235198569958711,0,0.250220048377384,0.0873375982312483,0.00867903580212204,0.010411739571027,-0.316730022236083,-0.250220048377384,0,0.0373621785663794,0.0117575652053219,0.00416484216617619,-0.0726526677427057,-0.0873375982312505,-0.0373621785663807,-4.44089209850063e-16,0.00485000466858798,-0.000332959933221133,-0.0188105553006995,-0.0162540736991393,-0.00487171978878886,0.00166210439098563,5.55111512312578e-17,-0.00163300066152844,-0.00412484439359755,0.0123801812683179,0.0155936875712369,0.00679674155500693,-0.00205503146691956,0
4.44089209850063e-16,0.0563401012257034,0.0152103168359319,-0.00525432238371959,-0.0188308728551725,-0.016883144172493,-0.230943184292042,0,0.250454881044533,0.087360993889857,0.00875736950789996,0.0105387156254588,-0.316807591194276,-0.250454881044533,0,0.0373948152964143,0.0118732636960335,0.00427175963161019,-0.0732094872547102,-0.087360993889857,-0.0373948152964148,4.44089209850063e-16,0.00490256531007383,-0.000306266764467544,-0.0187883804220185,-0.0160878275359589,-0.00480757809479382,0.00165772261617214,0,-0.00162990830468956,-0.00392453440673108,0.0124378083781923,0.0156085219779159,0.00679073299500923,-0.00206825708670599,0
-8.88178419700125e-16,0.0564706625816425,0.0155393996519826,-0.00510339378625702,-0.0187969559252128,-0.0169219244868923,-0.226551043709481,0,0.250687238028575,0.0873827755084102,0.00883568453946193,0.0106646949521236,-0.316834765625615,-0.250687238028576,0,0.037426586133936,0.0119889926798376,0.00437869855599438,-0.0737701844174721,-0.0873827755084111,-0.0374265861339356,0,0.00495515473674768,-0.00027933297026328,-0.0187633020550715,-0.0159208019748174,-0.00474355168613649,0.00165280499190051,-1.11022302462516e-16,-0.00162682474115877,-0.00371745399730137,0.0124963919774255,0.0156232412297235,0.00678410845360035,-0.00208119190358435,0
-8.88178419700125e-16,0.0566054289855442,0.0158801359377487,-0.00494687072489652,-0.0187622394203202,-0.0169608615946926,-0.222001122107635,-8.88178419700125e-16,0.250912114278799,0.0874049560494532,0.00891444514148976,0.0107898835932314,-0.316810208800504,-0.250912114278801,0,0.03745827507211,0.0121047256414588,0.00448585317775141,-0.0743413733717997,-0.0874049560494536,-0.0374582750721104,0,0.00500781251264426,-0.000252086695742282,-0.0187365770526792,-0.0157533055823188,-0.00467980817668834,0.00164735825264145,0,-0.0016237590318996,-0.00350194203952434,0.0125564949469298,0.015637750725457,0.0067768540613558,-0.00209380702358316,0
-8.88178419700125e-16,0.0567469566724741,0.0162351708256594,-0.0047838281486734,-0.0187274906174526,-0.0170006770060187,-0.217291777910329,0,0.251125128610995,0.08742952249409,0.00899423894450901,0.010914445772424,-0.316731550004095,-0.251125128610999,-1.77635683940025e-15,0.0374901893821988,0.0122203734340669,0.00459324620859114,-0.0749268104654832,-0.0874295224940895,-0.0374901893822002,-4.44089209850063e-16,0.00506051801883434,-0.000224506617001463,-0.0187089265896974,-0.0155857171148104,-0.00461645719782122,0.00164138775827771,-5.55111512312578e-17,-0.00162071901445526,-0.00327693241405401,0.0126188402059872,0.0156520163076142,0.00676896980900126,-0.00210608086930872,0
4.44089209850063e-16,0.0568963701551173,0.016605349259494,-0.00461368040208976,-0.0186930697217216,-0.0170416232585286,-0.212433596273119,8.88178419700125e-16,0.251324172297316,0.0874577926665348,0.0090758086614029,0.0110384622903252,-0.31659670356073,-0.251324172297318,-1.77635683940025e-15,0.0375216965867882,0.0123358923336703,0.00470068724110462,-0.0755278864530879,-0.0874577926665339,-0.0375216965867899,0,0.00511319979526936,-0.000196621919444695,-0.0186806288403052,-0.0154183173221621,-0.00455342777087481,0.00163489761587399,-5.55111512312578e-17,-0.00161770974114511,-0.00304175570818346,0.0126843135898341,0.0156661504974808,0.00676046997824421,-0.00211800467995214,0
4.44089209850063e-16,0.0570521180608079,0.0169887852968231,-0.00443660357615139,-0.0186584988457046,-0.0170831355353038,-0.207439279438804,1.77635683940025e-15,0.25151165195925,0.087489301942397,0.00915953402200742,0.0111618885904372,-0.316402338312516,-0.251511651959246,1.77635683940025e-15,0.0375514586484584,0.0124513081462965,0.00480786183558202,-0.076141767661031,-0.0874893019423935,-0.0375514586484575,0,0.00516576634803911,-0.000168508179182236,-0.0186510879231281,-0.0152510607096598,-0.00449048701313315,0.00162788434150107,5.55111512312578e-17,-0.00161472884584896,-0.00279657631829396,0.0127533152439151,0.0156803531012199,0.00675137973604828,-0.00212959922285084,0
-1.33226762955019e-15,0.0572110938850137,0.0173820703169834,-0.00425344185981391,-0.0186228693446098,-0.0171242600145969,-0.202318437488161,-8.88178419700125e-16,0.251692050197708,0.087522363636964,0.00924523691221513,0.0112844745251088,-0.31614375701278,-0.251692050197708,0,0.0375782866981211,0.0125665952754144,0.00491444685818898,-0.076762768670497,-0.0875223636369657,-0.037578286698122,-4.44089209850063e-16,0.00521811353391222,-0.00014024593507056,-0.018619268239334,-0.0150838312974149,-0.00442746828595553,0.00162035075030237,-1.11022302462516e-16,-0.00161177533164691,-0.00254226580510471,0.012825573121064,0.015694780642758,0.00674172759128319,-0.00214087888470182,0
0,0.0573693803938919,0.0177810581446538,-0.00406542985978886,-0.0185849949926449,-0.0171638387025177,-0.197081047978833,-8.88178419700125e-16,0.251870525075619,0.0875548576929646,0.00933245436766938,0.0114059805366198,-0.315816637035216,-0.251870525075617,1.77635683940025e-15,0.0376012779595989,0.0126817440794795,0.00502021257473828,-0.0773839180940716,-0.0875548576929668,-0.037601277959598,0,0.00527016763293986,-0.0001119060472905,-0.0185838744100655,-0.0149163995572474,-0.00436423924980084,0.00161229657411804,-5.55111512312578e-17,-0.00160884505881392,-0.00228013053143648,0.0129004658271102,0.015709528098568,0.00673153860913787,-0.00215186898786512,0
0,0.0575230323303764,0.0181815251344344,-0.00387412980602164,-0.0185436285596561,-0.0172007492114354,-0.191741194850542,-1.77635683940025e-15,0.252050716986039,0.0875851706147994,0.00942049756199559,0.0115262881120017,-0.315417526560699,-0.252050716986039,0,0.0376203621604887,0.0127966724025281,0.00512510206089622,-0.0779981437340997,-0.0875851706147981,-0.0376203621604883,4.44089209850063e-16,0.0053218918239879,-8.35414163078418e-05,-0.0185435836750639,-0.0147485869163015,-0.00430082150148292,0.0016037172699051,5.55111512312578e-17,-0.00160593140492776,-0.00201183597485545,0.0129771245075711,0.0157245343187148,0.00672083063396492,-0.00216260239678426,0
4.44089209850063e-16,0.0576690847120482,0.0185800840617234,-0.00368108551027824,-0.0184977954622223,-0.0172342151032154,-0.186317748377534,-1.77635683940025e-15,0.252233446424976,0.0876127853015198,0.00950871232838768,0.0116454131270167,-0.314944535704894,-0.252233446424977,0,0.0376362807288757,0.0129112306917829,0.00522922228968881,-0.0785998729054866,-0.0876127853015203,-0.0376362807288757,-4.44089209850063e-16,0.00537328355595879,-5.51698912563126e-05,-0.018497391300172,-0.014580374783605,-0.00423739130229206,0.00159460954570273,0,-0.00160302982958282,-0.00173900904723541,0.0130547578906188,0.0157396158345472,0.00670961178900776,-0.00217310244598007,0
2.22044604925031e-16,0.0578097940918909,0.0189790518657467,-0.00348580539692867,-0.0184482182826258,-0.0172649571322634,-0.180802987554675,-8.88178419700125e-16,0.252414711113357,0.0876392486454929,0.00959715499377189,0.011763458371858,-0.314395063583708,-0.252414711113358,0,0.0376500687068937,0.0130252342499215,0.0053327061710764,-0.0791919198246416,-0.0876392486454942,-0.037650068706895,-4.44089209850063e-16,0.00542433617797222,-2.67564752776117e-05,-0.0184460092673669,-0.0144121636311765,-0.00417422356692859,0.00158499270504592,5.55111512312578e-17,-0.00160014964607219,-0.00146109464950378,0.0131334391037164,0.0157546076764495,0.00669788757185077,-0.00218334223419521,0
-8.88178419700125e-16,0.0579501794933619,0.0193839962908706,-0.00328644477078988,-0.0183964599763902,-0.0172944484006767,-0.175167710805049,8.88178419700125e-16,0.252588787881862,0.0876670609078776,0.00968642051959367,0.0118806300397312,-0.313763467604776,-0.25258878788186,0,0.0376625751247275,0.0131385700647542,0.0054356858195419,-0.0797816835086023,-0.0876670609078771,-0.0376625751247257,4.44089209850063e-16,0.0054750528567622,1.76421511399738e-06,-0.0183909479367191,-0.0142444513427196,-0.00411154068330322,0.00157489492663437,-1.11022302462516e-16,-0.0015973058804673,-0.0011759994214693,0.013213849846054,0.0157694261650904,0.00668566302158514,-0.00219327713225835,0
1.11022302462516e-15,0.0580932330629125,0.0197984388062176,-0.00308168395018349,-0.0183434848069313,-0.0173235556691536,-0.169385543333591,8.88178419700125e-16,0.252753129289464,0.0876973868763766,0.00977690518881058,0.0119969737272259,-0.313042372771342,-0.252753129289463,0,0.0376739720759076,0.0132511790873853,0.00553815654826906,-0.0803732030725937,-0.0876973868763757,-0.0376739720759072,0,0.00552540847730443,3.0423512365374e-05,-0.0183330774204397,-0.0140775407038545,-0.00404942874284581,0.00156434385527887,-5.55111512312578e-17,-0.00159451075987516,-0.000882200468833708,0.0132964161810329,0.0157840891658417,0.00667295420917849,-0.00220287529860468,0
-2.22044604925031e-16,0.0582408336110787,0.0202246979640688,-0.00287044349642218,-0.0182898700647669,-0.0173527601563366,-0.163436686905467,-8.88178419700125e-16,0.252906783214031,0.0877309468462544,0.00986908261907171,0.0121125882772661,-0.312224393845222,-0.25290678321403,0,0.0376839175625676,0.0133630777380382,0.00564004535570106,-0.0809688074020465,-0.0877309468462575,-0.0376839175625694,0,0.00557537509350015,5.92222013593435e-05,-0.0182728472864111,-0.013911564490793,-0.00398784407548891,0.00155335771809822,-5.55111512312578e-17,-0.00159176961839064,-0.000578460406192,0.0133816122924897,0.0157986726546698,0.00665978123752364,-0.00221213032526765,0
2.22044604925031e-16,0.0583924532913105,0.0206623802670447,-0.00265254242088764,-0.0182354993271767,-0.0173818590801751,-0.15731585639856,-2.66453525910038e-15,0.253051543141828,0.087767184097399,0.00996315023501282,0.0122274148170458,-0.311303854775737,-0.253051543141833,-1.77635683940025e-15,0.037691571127807,0.0134743146223837,0.00574117130182117,-0.0815667676924647,-0.0877671840973995,-0.0376915711278083,0,0.00562490205724941,8.81266045156259e-05,-0.0182100161911335,-0.0137464896170993,-0.0039266541866208,0.00154195286794445,0,-0.00158908385536394,-0.000264593315910167,0.0134695725722249,0.0158133028998126,0.00664617179947327,-0.00222104939836643,0
-4.44089209850063e-16,0.0585465544991,0.0211098101824174,-0.00242822648755858,-0.0181799131596678,-0.0174103422035956,-0.151030750022224,-8.88178419700125e-16,0.25319000223906,0.087805297021359,0.0100593229676589,0.012341453568018,-0.310277896280791,-0.253190002239062,0,0.0376958802383065,0.0135849946084363,0.0058413482125772,-0.0821637841573089,-0.0878052970213568,-0.0376958802383065,-4.44089209850063e-16,0.00567395052299968,0.000117089115553082,-0.0181440136239114,-0.0135821599960774,-0.00386566339935274,0.00153013645693972,0,-0.00158644920242079,5.90690447301451e-05,0.0135604220528508,0.0158281120018131,0.00663215079442295,-0.00222965780926312,0
0,0.0587003847603809,0.0215637783425044,-0.00219852799222497,-0.0181223089184679,-0.0174374224620881,-0.144600834006375,0,0.253324961447978,0.0878441433752544,0.0101574394159556,0.0124546270195358,-0.30914593767579,-0.253324961447977,0,0.0376962126807925,0.0136951448208578,0.00594044068281008,-0.0827544181329323,-0.0878441433752557,-0.0376962126807934,4.44089209850063e-16,0.00572248290723554,0.000146061937788655,-0.0180739788939518,-0.0134184368153601,-0.00380477533446466,0.00151791653868755,-5.55111512312578e-17,-0.00158386122189846,0.000391298900153381,0.0136538794750886,0.0158431495847592,0.00661774251061482,-0.00223797998201584,0
2.22044604925031e-16,0.0588509367824419,0.0220206908858218,-0.00196484009769127,-0.0180617718909151,-0.0174622660859591,-0.138050713400065,-1.77635683940025e-15,0.253458518963488,0.0878828005420962,0.0102571067767192,0.0125669177242305,-0.30790911330894,-0.253458518963491,0,0.0376925178816219,0.0138047261997638,0.00603842400195909,-0.0833329566190137,-0.087882800542098,-0.0376925178816201,8.88178419700125e-16,0.00577048368453514,0.000175004355887243,-0.0179989978110422,-0.0132551923038516,-0.00374399340067683,0.00150529415381195,-5.55111512312578e-17,-0.00158131287655155,0.000730445158038565,0.0137494328945104,0.015858360839919,0.00660296374734176,-0.00224604716958959,0
-2.22044604925031e-16,0.0589954168724105,0.022477115105435,-0.00172864847390541,-0.0179974454829335,-0.0174841568281776,-0.131406385160202,0,0.25359198864381,0.0879205624348884,0.0103578496704291,0.0126783163954771,-0.306569943009908,-0.25359198864381,0,0.0376851287290236,0.0139136868873848,0.00613536682925719,-0.0838941659225143,-0.0879205624348898,-0.0376851287290236,0,0.00581796097724219,0.000203903860851007,-0.0179182686473437,-0.0130923192221953,-0.0036833805413749,0.00149227002456293,0,-0.00157879937618194,0.00107477228768416,0.0138465087631412,0.0158736523041385,0.0065878234463254,-0.00225388193535786,0
6.66133814775094e-16,0.0591311229500964,0.0229298583231177,-0.00149152676629294,-0.0179285062068673,-0.0175024112775231,-0.124689249531454,8.88178419700125e-16,0.253726315154825,0.0879567454675367,0.010458898137518,0.0127887919439056,-0.305130835428608,-0.253726315154823,0,0.0376748831627509,0.0140218894326978,0.00623140846756343,-0.0844332082023791,-0.0879567454675376,-0.0376748831627518,0,0.00586492956565499,0.00023274984504118,-0.0178310830838347,-0.0129297414132982,-0.00362309273147704,0.00147884123670367,1.11022302462516e-16,-0.00157631496532518,0.00142239286061058,0.0139442582055533,0.0158888506516014,0.00657232654733278,-0.00226150858091803,0
4.44089209850063e-16,0.0592606648216267,0.0233809797617788,-0.00125297251331125,-0.0178558623293319,-0.0175178645645417,-0.117900348079784,8.88178419700125e-16,0.253856845224299,0.0879934658686778,0.0105606442818615,0.0128984880857992,-0.303588767561592,-0.253856845224299,0,0.0376625376465691,0.0141291010339195,0.00632655219798295,-0.0849528219429412,-0.0879934658686765,-0.0376625376465691,-4.44089209850063e-16,0.00591133850215986,0.000261548851435478,-0.0177383134135521,-0.0127680147302626,-0.00356336920562367,0.00146504927955055,1.11022302462516e-16,-0.00157387190854064,0.00177385861099122,0.0140431170314431,0.0159038637465412,0.00655650542062983,-0.0022688960250887,0
-6.66133814775094e-16,0.0593892876397224,0.0238354180582383,-0.0010112123606183,-0.0177812320839721,-0.0175320922748465,-0.111020159310462,-8.88178419700125e-16,0.253976716395408,0.0880340429583715,0.0106641495149074,0.0130076642985131,-0.301933754958482,-0.253976716395408,0,0.0376486143743833,0.014235110532411,0.00642073726990766,-0.0854592932904223,-0.088034042958375,-0.0376486143743837,-4.44089209850063e-16,0.00595711594554693,0.000290325585311724,-0.0176414823382716,-0.0126079183687275,-0.00350443131392747,0.00145095962048181,5.55111512312578e-17,-0.00157149182180216,0.00213130969690786,0.0141442154419812,0.0159186865397652,0.00654040828885724,-0.00227598748272359,0
4.44089209850063e-16,0.059519935166652,0.0242964908629821,-0.000764744547142149,-0.0177056864982958,-0.0175459642944913,-0.104019442620462,-8.88178419700125e-16,0.254084170564828,0.0880793218917297,0.0107701149230923,0.0131162875788693,-0.300154167167866,-0.254084170564829,0,0.0376325488410414,0.0143399082499798,0.00651377297068922,-0.0859552818745875,-0.0880793218917315,-0.0376325488410405,4.44089209850063e-16,0.00600219078066955,0.000319085026401655,-0.0175414321972021,-0.0124498170579562,-0.00344626582343366,0.00143663363330521,5.55111512312578e-17,-0.00156919169431324,0.00249645547117436,0.0142482142914005,0.0159334647414039,0.0065240873106715,-0.00228274300796033,0
-4.44089209850063e-16,0.0596525665522702,0.0247652383477051,-0.000512826509349473,-0.0176293115854826,-0.017559384828024,-0.0968660020230145,1.77635683940025e-15,0.25418187389039,0.088128047707885,0.0108785144235579,0.0132242118266266,-0.298238163860896,-0.254181873890389,0,0.0376135083167481,0.0144435823417997,0.0066055002719061,-0.0864393060691544,-0.0881280477078819,-0.0376135083167473,0,0.00604652927233174,0.000347796680962187,-0.0174380660956307,-0.0122935944734548,-0.00338873995202438,0.00142209808123189,0,-0.00156697200686479,0.00286995060038991,0.0143549624170035,0.0159483111028458,0.00650757715849318,-0.00228917238667137,0
-6.66133814775094e-16,0.059785194320285,0.0252406645146768,-0.000255483979143989,-0.0175516474988109,-0.0175717439237701,-0.0895421073360652,-3.5527136788005e-15,0.254274685579791,0.0881777758213289,0.0109890151762038,0.0133311277027097,-0.29617851379659,-0.254274685579794,-1.77635683940025e-15,0.0375903645782021,0.0145463028278723,0.00669575085724539,-0.086906902203832,-0.088177775821332,-0.0375903645782034,-4.44089209850063e-16,0.00609011125827807,0.000376430513874926,-0.0173308176971385,-0.0121389441486158,-0.00333165241054806,0.00140737311049866,0,-0.0015648306456455,0.00325146536040857,0.0144639669507829,0.0159633661190232,0.00649090680115499,-0.00229529223084871,0
6.66133814775094e-16,0.0599156961329799,0.0257209789587241,6.84333496381306e-06,-0.0174720398409107,-0.0175823642324153,-0.0820518641257333,-3.5527136788005e-15,0.254365933406854,0.0882270757888985,0.0111014852552866,0.0134370333225924,-0.293973597319654,-0.254365933406858,-1.77635683940025e-15,0.0375623659633195,0.0146482367905456,0.00678447559383244,-0.0873537675872456,-0.0882270757889008,-0.0375623659633191,4.44089209850063e-16,0.00613295634280542,0.000404956308560855,-0.0172189884328571,-0.0119855195542341,-0.00327482797515971,0.00139245355719886,-5.55111512312578e-17,-0.00156275693658947,0.00364022776472578,0.0145749637198713,0.0159786771911741,0.00647408463067478,-0.00230114225690398,0
-4.44089209850063e-16,0.0600420939807869,0.0262035976756561,0.00027304958334784,-0.017389877428988,-0.0175907431961657,-0.0744205573915817,-3.5527136788005e-15,0.254456274743035,0.0882756258787083,0.0112157380522309,0.0135420170987679,-0.29162684403806,-0.25445627474304,-1.77635683940025e-15,0.0375296805860845,0.0147494023852168,0.00687175216372538,-0.0877758416466996,-0.0882756258787087,-0.0375296805860854,0,0.00617509129440652,0.000433369572780951,-0.0171020330190711,-0.0118331939171458,-0.00321827423776883,0.00137733973325738,0,-0.00156074505844561,0.00403482041139722,0.0146876898714139,0.0159941828426584,0.00645711707758823,-0.00230674673945069,0
2.22044604925031e-16,0.0601629801200596,0.0266859033322877,0.000541856878067293,-0.0173046802995129,-0.0175965784445755,-0.0666845307374713,0,0.254544549825978,0.0883240131684211,0.0113317157509307,0.0136463087448284,-0.289145309162593,-0.254544549825979,-8.88178419700125e-16,0.037492922234307,0.0148497521400914,0.00695772748971812,-0.0881702018339232,-0.0883240131684233,-0.0374929222343088,-4.44089209850063e-16,0.00621655109994945,0.00046167627125282,-0.0169796028385544,-0.0116819452807443,-0.0031620738415773,0.00136202943102176,-5.55111512312578e-17,-0.00155878990004238,0.00443370383719016,0.0148020511169176,0.0160097686240754,0.00644000586324239,-0.00231212682869586,0
6.66133814775094e-16,0.0602764986463715,0.0271649791003317,0.00081174460548894,-0.0172158514617817,-0.0175994316933854,-0.0588777672746625,0,0.254630163186793,0.0883724427652623,0.0114489768362773,0.0137500591770632,-0.286537178465887,-0.254630163186793,8.88178419700125e-16,0.0374530357920211,0.0149491731315283,0.00704258724178519,-0.0885337584047483,-0.0883724427652601,-0.0374530357920215,0,0.00625737352125322,0.000489874932778189,-0.0168513268978572,-0.0115317134431912,-0.0031063594684313,0.0013465128801709,5.55111512312578e-17,-0.00155688366613421,0.00483497685221176,0.0149175912517124,0.0160252666644021,0.0064227471601967,-0.00231730993408535,0
6.66133814775094e-16,0.0603803710471691,0.0276381511257739,0.00108129909963162,-0.0171227529511844,-0.0175987440000596,-0.0510215421572757,-1.77635683940025e-15,0.254714211711358,0.0884201254223029,0.0115667239922406,0.0138531908495469,-0.283809123169887,-0.254714211711359,0,0.0374108369176493,0.0150475727067967,0.00712649447380187,-0.0888631020598973,-0.0884201254223038,-0.0374108369176502,4.44089209850063e-16,0.00629759266349783,0.000517967838838729,-0.0167168408685633,-0.0113823588322565,-0.00305123948877239,0.0013307823396882,5.55111512312578e-17,-0.00155502012858905,0.00523673325780924,0.0150335043010675,0.0160405418578478,0.0064053372482609,-0.00232231802509161,0
-1.11022302462516e-15,0.060477990576479,0.0281074182654066,0.00135112683007899,-0.0170265998156376,-0.0175956211492219,-0.0431232595172079,0,0.254790889741901,0.0884697939388719,0.0116858561964737,0.013955941912231,-0.280958374864761,-0.254790889741903,0,0.0373667480298696,0.0151447219118204,0.00720933394527812,-0.0891613135570513,-0.088469793938871,-0.0373667480298692,0,0.00633712501024464,0.000545944169093371,-0.0165772549686944,-0.011234576948764,-0.00299690542961184,0.00131490937066958,0,-0.00155321616190945,0.00563970868946426,0.015150697909258,0.0160555923024794,0.00638783918091626,-0.00232711106639355,0
4.44089209850063e-16,0.0605747095054154,0.0285765786469054,0.00162268454082226,-0.016929344226609,-0.0175917806710979,-0.0351748629557622,0,0.254852487316397,0.0885249381432871,0.0118078379902791,0.0140585245976084,-0.277974241923353,-0.254852487316398,0,0.0373208290292357,0.0152403420888891,0.00729081168778123,-0.0894328768603336,-0.0885249381432875,-0.0373208290292366,0,0.00637581906128171,0.000573781738383961,-0.0164341794378627,-0.0110894101428076,-0.00294356823099784,0.0012990176331974,5.55111512312578e-17,-0.00155150187963238,0.00604573917818704,0.0152705989146318,0.016070514892585,0.00637036249087591,-0.00233161618110797,0
-2.22044604925031e-16,0.0606726985952193,0.029048132558493,0.00189729212714251,-0.0168318650853658,-0.0175878705594263,-0.0271472868794682,0,0.254897958336839,0.0885858135232276,0.0119334326937235,0.0141608981854393,-0.274842625840021,-0.254897958336837,8.88178419700125e-16,0.0372721412766097,0.0153344842930903,0.0073706696697835,-0.0896779856221963,-0.0885858135232271,-0.0372721412766084,4.44089209850063e-16,0.00641360100443089,0.000601460502173357,-0.0162881491956099,-0.0109471450663319,-0.00289115184653721,0.00128318148558088,0,-0.00154989119111781,0.00645621511731309,0.0153938299883598,0.016085482347843,0.00635297736263821,-0.0023358053578697,0
0,0.0607701538106191,0.0295222391654428,0.00217547290232534,-0.0167339308651411,-0.0175833060054171,-0.01900601194524,-3.5527136788005e-15,0.254933421578974,0.0886490561211577,0.0120622074018755,0.0142625283380955,-0.271552286833149,-0.254933421578975,8.88178419700125e-16,0.0372190580488638,0.0154273745428899,0.00744863234451376,-0.0898915949455836,-0.0886490561211604,-0.0372190580488647,0,0.00645043471695095,0.000628934889607802,-0.0161387527831738,-0.0108074868002489,-0.00283940897152413,0.00126743784853645,0,-0.00154838335655072,0.00687107351284633,0.0155197581428295,0.0161006770440173,0.00633572670317722,-0.00233968897331394,0
-1.11022302462516e-15,0.0608638378617574,0.0299977774898561,0.00245716605049506,-0.0166348170254365,-0.0175770636055497,-0.0107294663148455,1.77635683940025e-15,0.2549664967511,0.0887107119538602,0.0121933734463173,0.0143628733446484,-0.268097577853054,-0.254966496751098,0,0.0371600704262116,0.0155192845919778,0.00752451772367912,-0.0900672224754486,-0.0887107119538593,-0.0371600704262103,0,0.00648632588975584,0.000656161850558945,-0.0159852247216805,-0.0106699283852961,-0.00278807136081805,0.00125179296835237,0,-0.00154696883815064,0.00728941799457228,0.0156474128888571,0.0161162189809341,0.00631862620273416,-0.00234329904306996,0
4.44089209850063e-16,0.0609509519802152,0.0304729286166503,0.00274167965539052,-0.0165337027481267,-0.0175682992023725,-0.00232037949969144,-1.77635683940025e-15,0.25500113720134,0.0887687930560972,0.012326260168658,0.0144617949390078,-0.264479082696676,-0.255001137201342,-8.88178419700125e-16,0.037094946265273,0.0156103625754209,0.00759841257960403,-0.0902000301730697,-0.0887687930560981,-0.0370949462652739,0,0.00652133663889165,0.000683135908691401,-0.0158268611522616,-0.0105340365484949,-0.00273703488767557,0.00123622404207896,-5.55111512312578e-17,-0.00154563443681177,0.00770988755877972,0.0157760458403995,0.0161320668345322,0.00630166029256124,-0.00234667539087374,0
4.44089209850063e-16,0.0610305331652865,0.0309459717495078,0.00302804624271857,-0.0164301403916918,-0.0175568017640721,0.00619595510200699,0,0.25503572803995,0.0888240684753612,0.0124607693693459,0.0145596141627582,-0.260702338695868,-0.255035728039949,0,0.037024615824679,0.0157005967718895,0.0076705899704983,-0.0902883963610961,-0.0888240684753625,-0.0370246158246776,0,0.00655554832776906,0.000709890801521063,-0.0156634027026303,-0.0103996662312431,-0.00268637717672277,0.00122070731569895,-5.55111512312578e-17,-0.0015443720225321,0.00813125008575971,0.0159055701039838,0.0161480803528732,0.00628480629415129,-0.00234984362632229,0
-2.22044604925031e-16,0.0611023569269529,0.0314148118408111,0.00331487848495171,-0.0163239531457451,-0.0175426717874072,0.0147799587880484,-1.77635683940025e-15,0.2550660754255,0.0888783963932731,0.0125968205636102,0.0146567222401028,-0.25677814132066,-0.255066075425504,0,0.0369507546204053,0.015789798719517,0.00774136149822446,-0.0903323288217641,-0.0888783963932736,-0.0369507546204044,0,0.0065890191601472,0.000736460738535172,-0.0154949841716654,-0.0102669248325148,-0.00263632228557448,0.00120523441044379,5.55111512312578e-17,-0.00154317861252973,0.00855194473465615,0.0160359772149237,0.016164064029301,0.00626805437855632,-0.00235281561299361,0
6.66133814775094e-16,0.0611660223740322,0.031877690639313,0.00360111893181592,-0.0162148454522901,-0.0175258587270335,0.0234007056202332,-8.88178419700125e-16,0.25508957811955,0.0889330052954449,0.0127343850205595,0.0147535065272564,-0.252716738631796,-0.255089578119553,-8.88178419700125e-16,0.0368745018829966,0.0158778992648703,0.00781100237767784,-0.0903319480421998,-0.0889330052954453,-0.0368745018829979,0,0.00662182124529886,0.000762873396021657,-0.0153216085334215,-0.0101357173809962,-0.00258697409852499,0.00118977822329724,0,-0.00154204588948365,0.00897072593524501,0.0161672873859294,0.0161798706495617,0.00625137930962294,-0.0023556158492144,0
-4.44089209850063e-16,0.0612195714668711,0.0323323513083991,0.00388554044087774,-0.0161022279427052,-0.0175058457561921,0.0320350659787363,-8.88178419700125e-16,0.255107478177412,0.0889872121334463,0.0128727368271084,0.0148499499481591,-0.248529785620575,-0.255107478177412,8.88178419700125e-16,0.0367966099396941,0.0159648744833873,0.0078797187998596,-0.0902857097020706,-0.0889872121334458,-0.0367966099396928,4.44089209850063e-16,0.00665401730365289,0.000789141921853531,-0.0151431122198833,-0.0100057869599534,-0.0025383759274511,0.00117430856028961,0,-0.00154096367763845,0.00938580739342892,0.0162988275418976,0.0161953878698318,0.00623475458847333,-0.00235827256084975,0
-6.66133814775094e-16,0.0612669377947657,0.0327803761435475,0.00416862543443286,-0.0159876565848001,-0.0174840332423947,0.0406718570727822,-8.88178419700125e-16,0.255112819967899,0.0890436631238707,0.0130130926326046,0.0149462011281196,-0.244216341070873,-0.255112819967901,0,0.0367171994840998,0.0160504891505093,0.00794725887276115,-0.0901964604792589,-0.0890436631238694,-0.0367171994840993,4.44089209850063e-16,0.0066854795774387,0.000815244041016516,-0.0149608496398802,-0.00987800344942877,-0.00249070405699042,0.00115894705400743,-5.55111512312578e-17,-0.00153995875870944,0.00979788231241097,0.0164317289223415,0.0162107172420258,0.00621828999804991,-0.00236072328943543,0
0,0.0613141146113783,0.0332248690547468,0.00445176716381868,-0.0158732391561185,-0.0174623217209735,0.0493121864326542,0,0.25509604360598,0.0891060940200727,0.0131576309102064,0.0150427004505351,-0.239767487272477,-0.255096043605981,-8.88178419700125e-16,0.0366357607786307,0.0161345261729613,0.00801318771012927,-0.0900680586234497,-0.089106094020075,-0.0366357607786325,-4.44089209850063e-16,0.00671603687558475,0.000841112514766706,-0.0147763457940906,-0.00975341126746829,-0.0024440766413516,0.00114384125079714,0,-0.0015390580778015,0.0102088765985106,0.0165679662741351,0.0162260154951496,0.0062021240988025,-0.00236290658610966,0
-2.22044604925031e-16,0.0613623312729716,0.0336672520701828,0.0047358477361954,-0.0157598563130263,-0.0174411973428743,0.0579767303352048,8.88178419700125e-16,0.255057323594102,0.0891733877113063,0.0133069275467319,0.0151390691768283,-0.235173307129288,-0.255057323594106,-1.77635683940025e-15,0.0365508181205225,0.016217052136458,0.00807708121225481,-0.0898980176283044,-0.0891733877113037,-0.0365508181205221,0,0.00674557515173779,0.000866696435541048,-0.0145900796320658,-0.00963237293929275,-0.00239839276372242,0.00112910358257123,0,-0.00153827984952826,0.0106193549751773,0.0167078725742032,0.0162415069123885,0.006186363142406,-0.00236478302849141,0
8.88178419700125e-16,0.0614082430721006,0.0341071176555616,0.00502110643789577,-0.0156470417663936,-0.0174196151176202,0.0666909430004967,-8.88178419700125e-16,0.25500597652819,0.0892406179905567,0.013459990490901,0.0152344243373106,-0.230428648213627,-0.25500597652819,0,0.0364602987683185,0.0162983357462565,0.00813857982372035,-0.0896790323586609,-0.089240617990558,-0.0364602987683198,-4.44089209850063e-16,0.00677405728485603,0.000891919140892039,-0.014401495510185,-0.0095145249234454,-0.00235336816153819,0.00111476659432924,2.77555756156289e-17,-0.0015376175036276,0.0110282700289572,0.0168502547924908,0.0162573428392069,0.00617104551876524,-0.00236637276658003,0
-2.22044604925031e-16,0.0614470425753511,0.0345431662866611,0.00530726396224335,-0.0155337315820721,-0.0173960960008308,0.0754711103970367,-2.66453525910038e-15,0.254952901239361,0.0893025666745428,0.0136153149322444,0.0153279117020606,-0.225532864900222,-0.254952901239362,8.88178419700125e-16,0.0363626708400275,0.0163786998061974,0.00819756438645225,-0.0894032910828462,-0.0893025666745446,-0.0363626708400275,0,0.00680152503415821,0.000916752084132444,-0.0142096816602965,-0.00939922412434793,-0.00230872612886784,0.00110081211826446,0,-0.0015370572646192,0.0114338938700179,0.0169935054833016,0.0162735909918013,0.00615615859181762,-0.00236771221374499,0
1.11022302462516e-15,0.0614753720630636,0.0349738235310795,0.0055935647421228,-0.0154189577835868,-0.0173696011263529,0.0843129267716782,-1.77635683940025e-15,0.254903277185247,0.089357035653987,0.0137717374264428,0.0154192832157358,-0.220490095960196,-0.254903277185249,0,0.0362581063913519,0.0164582577367369,0.00825422040901458,-0.0890667537410934,-0.0893570356539879,-0.0362581063913514,0,0.00682806998407592,0.00094120256238206,-0.014013997150275,-0.0092859738750721,-0.00226440007117507,0.00108718816141831,0,-0.00153658168760837,0.0118344806057784,0.017136509263569,0.0162901437642876,0.00614165528098681,-0.00236884550436778,0
1.11022302462516e-15,0.0614931501251326,0.0353979824559534,0.00587920506417161,-0.015302381456205,-0.0173401513776446,0.0931941327785699,-1.77635683940025e-15,0.254853452030279,0.0894057410323192,0.013929289350771,0.0155090480325013,-0.215306940170072,-0.25485345203028,-8.88178419700125e-16,0.0361481115876909,0.0165369537894913,0.00830894802542659,-0.0886705475279665,-0.089405741032321,-0.0361481115876918,-4.44089209850063e-16,0.00685380056460527,0.000965331791470625,-0.0138143926942347,-0.00917461394697205,-0.00222050720833458,0.00107384771833832,2.77555756156289e-17,-0.00153618210582082,0.012229175263393,0.0172793975654845,0.0163068338380741,0.00612748718860523,-0.00236979504923523,0
8.88178419700125e-16,0.0615015949057711,0.0358144480495717,0.00616315642668797,-0.0151839764038442,-0.0173082029231419,0.102084828052244,-2.66453525910038e-15,0.254795772963727,0.0894519898140933,0.0140882707465053,0.0155979587621848,-0.209992503017481,-0.254795772963732,-1.77635683940025e-15,0.036035062855726,0.0166145690482953,0.00836222435709821,-0.0882184199943437,-0.0894519898140946,-0.0360350628557264,0,0.00687881349005037,0.000989205873080046,-0.013611196795329,-0.00906519249447135,-0.0021772961994084,0.00106075204979067,-2.77555756156289e-17,-0.00153585334884476,0.0126172606772031,0.0174226245772769,0.0163234477748839,0.00611361303008207,-0.00237057447831163,0
2.22044604925031e-16,0.0615014216872058,0.0362220616579838,0.00644451798457424,-0.0150636529349522,-0.0172740833371998,0.110961569675222,-2.66453525910038e-15,0.254724482215599,0.0894980633167268,0.0142488634250304,0.0156865579407555,-0.204555669176587,-0.2547244822156,-8.88178419700125e-16,0.0359208149601322,0.0166909823910038,0.0084144662893566,-0.0877134064053795,-0.0894980633167308,-0.0359208149601336,-4.44089209850063e-16,0.00690319847695697,0.00101290038185775,-0.0134046828933934,-0.00895766967316561,-0.00213493533157189,0.00104786909233084,0,-0.00153559376238283,0.0129980810991638,0.017566491388622,0.0163398546200933,0.0060999969861279,-0.00237118876179521,0
1.77635683940025e-15,0.0614911299934648,0.0366195281165429,0.00672256230804669,-0.0149409935682439,-0.0172373412642373,0.119809943697952,8.88178419700125e-16,0.254641219702825,0.0895432558255722,0.0144104097210613,0.0157747840723941,-0.19900705029871,-0.254641219702823,8.88178419700125e-16,0.0358058662913683,0.0167661920328683,0.00846581761431242,-0.0871553981475091,-0.0895432558255718,-0.0358058662913687,0,0.00692700621988918,0.00103641760550088,-0.0131948582927167,-0.00885180935450658,-0.0020934275248663,0.00103516545659824,5.55111512312578e-17,-0.00153539276782283,0.0133703428287342,0.0177104214533925,0.0163559791403866,0.00608660901892955,-0.00237166369545783,0
-1.11022302462516e-15,0.0614750933192985,0.0370079436078614,0.00699771246861292,-0.0148175918630369,-0.0171994739113366,0.128615492293391,-8.88178419700125e-16,0.25453777544206,0.0895899070759638,0.0145745768220502,0.0158629178164409,-0.193351051600904,-0.254537775442061,8.88178419700125e-16,0.0356898479999845,0.0168400511421334,0.00851595029277696,-0.0865477438688853,-0.0895899070759647,-0.0356898479999845,0,0.00695011176434246,0.00105970792956267,-0.0129829552605603,-0.0087483571780024,-0.00205284938352659,0.00102276374615334,-2.77555756156289e-17,-0.0015352717809691,0.0137348844908645,0.0178558699742821,0.0163719597089836,0.0060735622065391,-0.0023719492838632,0
6.66133814775094e-16,0.061459852543807,0.0373896588487659,0.00727106588430582,-0.0146958933027486,-0.0171627087457979,0.137377567162129,-8.88178419700125e-16,0.254402257400244,0.0896408791775656,0.014743900518047,0.0159512233588028,-0.187582727598151,-0.254402257400244,0,0.0355717858110856,0.0169123544729652,0.00856425820510864,-0.0858934482206979,-0.0896408791775656,-0.0355717858110864,-4.44089209850063e-16,0.00697229782711428,0.00108268008343915,-0.0127705329012272,-0.00864848328755111,-0.00201329096789099,0.00101087035684558,-2.77555756156289e-17,-0.00153526644271904,0.0140935084462525,0.0180049825560133,0.0163880445944825,0.00606104736423568,-0.00237196187967581,0
4.44089209850063e-16,0.0614461642610831,0.0377655062952775,0.00754323848063421,-0.0145767681602624,-0.017127409324561,0.146104416311234,0,0.254235949479858,0.0896939451671566,0.0149188849539934,0.0160391290472006,-0.181701327000354,-0.254235949479856,0,0.0354496121768051,0.0169832143331909,0.00861019091156745,-0.0851892761609963,-0.0896939451671568,-0.0354496121768042,0,0.00699343728743584,0.00110524609770968,-0.0125579715007345,-0.00855251954433944,-0.00197458905363901,0.00099960678563063,0,-0.00153539098879155,0.0144462264524458,0.018157948621068,0.0164044582548609,0.0060491784793863,-0.0023716678964435,0
-6.66133814775094e-16,0.0614294334034748,0.0381346951876969,0.00781411082016881,-0.0144596401905897,-0.0170922250017971,0.15479933825914,8.88178419700125e-16,0.254052464155426,0.0897429057665358,0.0150979121505124,0.0161253409477053,-0.175715880923761,-0.254052464155424,0,0.0353208236421549,0.0170529377585797,0.0086533269419995,-0.0844278077915919,-0.0897429057665344,-0.0353208236421547,0,0.0070134932295276,0.00112732367783619,-0.0123447920077658,-0.00846010693861962,-0.00193642969344152,0.000989004551574801,-8.32667268468867e-17,-0.00153563822056954,0.014791046400485,0.0183130181747652,0.0164213360880446,0.00603798770985453,-0.00237108362845123,0
0,0.0614034604295195,0.038495832311727,0.00808314381316966,-0.0143431391775357,-0.0170551956907794,0.16346071677886,0,0.25386726626046,0.0897820596538512,0.0152786202343105,0.0162087743289039,-0.169636972833493,-0.253867266260462,8.88178419700125e-16,0.0351840521791846,0.0171218023280231,0.00869359149016358,-0.0836022983886626,-0.0897820596538503,-0.0351840521791835,2.22044604925031e-16,0.00703252981088376,0.00114887155580012,-0.0121301133514761,-0.00837054276603544,-0.00189855664081756,0.000979005497251717,-2.77555756156289e-17,-0.00153598487458489,0.0151253930075422,0.0184679219487302,0.0164386413837571,0.00602742311525972,-0.00237026284833602,0
1.11022302462516e-15,0.0613647938366213,0.0388479555545005,0.00834979679010872,-0.0142262126160297,-0.0170152118514635,0.172083298284121,0,0.253686718752641,0.0898096106775217,0.0154596671216289,0.0162891831757808,-0.163470085210824,-0.25368671875264,8.88178419700125e-16,0.0350396772783839,0.0171899169725895,0.0087312484752049,-0.0827105146927172,-0.0898096106775212,-0.0350396772783823,2.22044604925031e-16,0.00705065897748192,0.0011699221549144,-0.0119133429112104,-0.00828330351925086,-0.00186090730696425,0.00096953171122488,2.77555756156289e-17,-0.00153641300981233,0.0154477240355375,0.0186214957535721,0.0164562510213802,0.00601740923113103,-0.00236924663621219,0
-2.22044604925031e-16,0.061313732651886,0.0391901729493584,0.00861323343781617,-0.0141084968477974,-0.0169723800695634,0.180654055511606,1.77635683940025e-15,0.253504610643359,0.0898284015962929,0.0156408385220583,0.0163672115387978,-0.157219002703244,-0.253504610643358,0,0.0348904390304927,0.0172570641328109,0.00876687850036095,-0.0817566544265167,-0.0898284015962934,-0.0348904390304934,0,0.00706800373410044,0.00119055851853278,-0.0116945712983823,-0.00819826333823209,-0.00182371952873919,0.000960512557296483,5.55111512312578e-17,-0.00153691356913491,0.0157575080675302,0.0187737962088651,0.0164739451390389,0.0060078736707404,-0.00236805499914688,0
0,0.0612526389734325,0.0395219925218677,0.00887287015454152,-0.0139900189422661,-0.016927447658444,0.189164165667919,-8.88178419700125e-16,0.253308931523008,0.0898428523244563,0.0158229012622977,0.0164439088334651,-0.150883519219503,-0.253308931523007,4.44089209850063e-16,0.0347393086102632,0.0173230158092732,0.00880109875604385,-0.0807468862882741,-0.089842852324455,-0.0347393086102625,2.22044604925031e-16,0.00708468007860863,0.00121088829006255,-0.0114740830683215,-0.0081154100490905,-0.00178725752722747,0.000951891557969875,0,-0.00153748458605507,0.016055174620192,0.0189257725858713,0.0164915512462967,0.00599875554802559,-0.00236669098462522,0
0,0.0611830202280053,0.0398429862619532,0.00912834025721621,-0.0138707524396824,-0.0168808825305606,0.197607938538098,8.88178419700125e-16,0.253091514462997,0.0898556291857266,0.0160064678643677,0.016519985906398,-0.144465021211788,-0.253091514462998,-4.44089209850063e-16,0.0345880766689812,0.0173876796252905,0.00883432106191462,-0.0796854022263993,-0.0898556291857275,-0.0345880766689812,2.22044604925031e-16,0.00710077350450833,0.00123098898937912,-0.0112520527113029,-0.00803465086594574,-0.00175165198516319,0.000943626456931329,-2.77555756156289e-17,-0.00153812407384446,0.016341006917621,0.0190781259568513,0.0165089821815223,0.00599000947860612,-0.00236515751767435,0
8.88178419700125e-16,0.0611035175311847,0.040152271799061,0.00937914954565899,-0.01375028232721,-0.0168322534219856,0.205972661856547,0,0.252854311642102,0.0898661146442628,0.016190944348212,0.0165953815573694,-0.137975035301934,-0.252854311642102,-4.44089209850063e-16,0.0344371276198441,0.0174510979322187,0.00886669989497468,-0.0785734430862775,-0.0898661146442639,-0.034437127619845,-2.22044604925031e-16,0.00711633972675396,0.00125087835246829,-0.0110285081052089,-0.0079557259579756,-0.00171687792219927,0.000935675716381951,0,-0.00153882295490143,0.0166141112911616,0.0192303687578723,0.0165261927154112,0.00598159536326442,-0.00236347448569135,0
4.44089209850063e-16,0.061019162081835,0.0404509589661965,0.00962584828352409,-0.0136302969247257,-0.0167832678347697,0.214252904343159,0,0.252586770162612,0.0898758682352323,0.0163784724015406,0.0166703710208491,-0.131417617917798,-0.252586770162611,8.88178419700125e-16,0.0342855366954371,0.0175132113044052,0.0088978284618042,-0.0774142679760388,-0.0898758682352334,-0.0342855366954373,0,0.00713124718541946,0.0012705016253689,-0.0108044159472884,-0.00787928305069797,-0.00168292751850967,0.000928175463963538,2.77555756156289e-17,-0.0015396039583998,0.0168758488271761,0.0193842748277105,0.016543376558005,0.00597363505461274,-0.00236158483245907,0
0,0.0609371287524429,0.0407407523108785,0.00986920567157545,-0.0135134941054074,-0.0167364114373361,0.222446951644113,-1.77635683940025e-15,0.252274370180523,0.0898863798892107,0.016571779308955,0.0167450113762948,-0.124796133169998,-0.252274370180523,0,0.0341318656324381,0.0175738067590796,0.0089269362327018,-0.0762113237091628,-0.0898863798892104,-0.0341318656324383,-2.22044604925031e-16,0.00714524383332615,0.00128972049269471,-0.0105812087415263,-0.00780648076204275,-0.00164984006055532,0.0009213646072328,0,-0.00154050199365308,0.0171279912837004,0.0195420371569698,0.0165608092158391,0.00596634514843036,-0.00235940042143296,0
8.88178419700125e-16,0.0608580128497742,0.0410221179076422,0.0101095281487589,-0.0134007233613023,-0.0166919720706171,0.230547810541147,1.77635683940025e-15,0.251919935351723,0.0898944577933163,0.0167711349070245,0.01681854888104,-0.118123515516973,-0.251919935351723,0,0.0339736272542117,0.0176329929283714,0.00895337919873862,-0.0749627788707583,-0.0898944577933143,-0.033973627254211,2.22044604925031e-16,0.00715819839520493,0.0013084085165691,-0.0103591922718034,-0.00773757335174981,-0.00161740352148819,0.000915354573954807,0,-0.0015415235251745,0.0173701989284437,0.0197036270885095,0.0165786642059602,0.00595982670961165,-0.00235690046618819,0
0,0.0607763963919927,0.0412944382857492,0.0103464833558506,-0.0132913727156012,-0.0166483723644864,0.23853512569877,-8.88178419700125e-16,0.251542902188403,0.0898934420403164,0.0169741493646463,0.0168893502919261,-0.111424157012213,-0.251542902188405,-8.88178419700125e-16,0.0338081341690359,0.0176910361848956,0.00897668964018949,-0.0736634948463455,-0.0898934420403175,-0.0338081341690366,-2.22044604925031e-16,0.00717006932310893,0.00132647061946378,-0.0101380706985141,-0.00767226863170517,-0.00158530072988602,0.00091016987732899,0,-0.00154265907911388,0.0175999608737088,0.0198667117870457,0.0165970270508571,0.00595410077662856,-0.00235410245212359,0
0,0.0606854296755044,0.0415566257234685,0.0105794154377454,-0.0131840016058855,-0.0166034621924105,0.246384466541859,0,0.251164490940422,0.0898779643752539,0.0171777837889024,0.0169561423600708,-0.104722172062227,-0.251164490940423,4.44089209850063e-16,0.0336340872036645,0.0177481758099924,0.00899681927676754,-0.0723099769515516,-0.0898779643752539,-0.0336340872036649,0,0.00718092707781026,0.00134387720252271,-0.00991724848831407,-0.0076099342228861,-0.00155328872096853,0.000905734920067791,0,-0.001543885159492,0.0178144550642393,0.0200285794775917,0.0166158250875486,0.00594909590186588,-0.00235105877685959,0
4.44089209850063e-16,0.0605813708922835,0.0418078825895658,0.0108077163989919,-0.0130774685755468,-0.0165560043000101,0.254084434588251,0,0.25079271427888,0.0898473240718669,0.0173801596273915,0.0170186952679998,-0.098026409543849,-0.250792714278881,0,0.0334527269381568,0.0178043846011855,0.00901414209158435,-0.0709032044839373,-0.0898473240718642,-0.0334527269381562,4.44089209850063e-16,0.00719088884421515,0.00136066738040808,-0.00969634617763861,-0.00755013053178548,-0.00152139640566401,0.000901948802791583,2.77555756156289e-17,-0.00154518191330871,0.0180122032903048,0.0201877731005645,0.0166348815679576,0.00594471477934416,-0.00234781396730221,0
1.33226762955019e-15,0.0604650253699308,0.0420477163680348,0.01103092491425,-0.0129713428157752,-0.0165061869571499,0.261638420663226,0,0.250418597424738,0.0898051899882697,0.0175813551135207,0.0170778669556269,-0.0913320477331188,-0.250418597424738,0,0.0332671914275822,0.0178594491939643,0.00902933237866987,-0.069448866298494,-0.0898051899882673,-0.0332671914275817,-2.22044604925031e-16,0.00720008599391853,0.00137695103623936,-0.00947534132037771,-0.00749266941643698,-0.00148986631299151,0.000898722962274778,0,-0.00154654183921654,0.0181936033619727,0.0203446802297003,0.016654017485852,0.0059408673939419,-0.00234438253058916,0
-4.44089209850063e-16,0.0603393682041404,0.0422759716121925,0.0112488970949145,-0.0128655934665676,-0.0164549019998419,0.269065296621323,1.77635683940025e-15,0.25002458113604,0.0897566051527496,0.0177826479968957,0.0171349366216802,-0.084622475982687,-0.250024581136038,0,0.0330809328769899,0.0179131460122335,0.00904311052706941,-0.0679529347608807,-0.0897566051527448,-0.0330809328769892,0,0.00720863579653774,0.00139287013057188,-0.00925423838086967,-0.00743748040672047,-0.00145898345646917,0.000895995628926741,2.77555756156289e-17,-0.00154796791264963,0.0183601155549433,0.0205007173113974,0.0166731225774109,0.00593748589217857,-0.00234075257307209,0
0,0.0602061165420249,0.0424922881917569,0.0114615108716629,-0.0127599901914373,-0.0164025691766194,0.276375847483364,-1.77635683940025e-15,0.249599001915238,0.0897046075773531,0.0179849430069297,0.0171908466521487,-0.0778901123058051,-0.249599001915242,-6.66133814775094e-16,0.032896062207993,0.0179653938358819,0.00905597710491235,-0.0664198280043822,-0.0897046075773551,-0.0328960622079935,0,0.00721664031565239,0.00140851405044917,-0.00903293798114078,-0.00738432378792109,-0.00142888421832631,0.000893694729732913,2.77555756156289e-17,-0.00154945437460749,0.018512653614303,0.0206568619716281,0.0166921038245958,0.00593449766056686,-0.00233693420603492,0
8.88178419700125e-16,0.0600636832188788,0.0426962071914594,0.0116685748522616,-0.0126539897681681,-0.0163487095731969,0.28356207564644,0,0.24914497851716,0.0896483612033467,0.0181877915754569,0.0172455064252262,-0.0711431687924946,-0.24914497851716,-4.44089209850063e-16,0.0327125544674183,0.0180163528273449,0.00906811256686835,-0.0648505180506547,-0.0896483612033458,-0.0327125544674176,2.22044604925031e-16,0.00722416304071882,0.00142394498139931,-0.00881130100259566,-0.007332872153765,-0.00139948314745507,0.000891778504208567,-5.55111512312578e-17,-0.00155099895670427,0.0186508206092074,0.0208127429085719,0.0167109839398201,0.00593185864034196,-0.00233292874207525,0
-1.77635683940025e-15,0.0599176985624119,0.0428890427634321,0.0118707906616469,-0.0125495354948755,-0.0162951325289007,0.290630522763568,0,0.248649774083518,0.0895881286589137,0.0183934248438948,0.0172989577766618,-0.064383354605162,-0.248649774083518,4.44089209850063e-16,0.0325289001034716,0.0180658711981909,0.00907883762352912,-0.0632473312317476,-0.0895881286589135,-0.0325289001034712,0,0.00723101345009591,0.00143901040278371,-0.00858999294142387,-0.00728380981338859,-0.001370736018939,0.000890407204691253,2.77555756156289e-17,-0.00155261662548062,0.0187761745872261,0.0209701449004533,0.0167299269078652,0.00592971120335306,-0.00232869211953679,0
-4.44089209850063e-16,0.0597758294386286,0.0430720927958732,0.0120686635471206,-0.0124492483014631,-0.0162444826156452,0.297585083838353,-1.77635683940025e-15,0.248096286058871,0.0895236506350603,0.0186046743873192,0.0173510947606612,-0.0576205114519395,-0.248096286058872,-4.44089209850063e-16,0.0323432174642906,0.0181138063179684,0.00908736955935208,-0.0616147395947122,-0.0895236506350621,-0.0323432174642904,4.44089209850063e-16,0.00723695446968797,0.00145357572315996,-0.00837000675909023,-0.00723797971147062,-0.0013425773984681,0.0008898057642579,0,-0.00155433844808678,0.0188908694354652,0.02113129790556,0.0167492111965238,0.00592824880773812,-0.00232413554031863,0
4.44089209850063e-16,0.0596391832467731,0.0432460354566881,0.0122623197521365,-0.0123542261312433,-0.0161972677633835,0.304408955317935,0,0.247489162767584,0.0894509430613528,0.0188215053233236,0.0174008423540482,-0.0508788595715397,-0.247489162767583,2.22044604925031e-16,0.0321526713493743,0.0181602098432383,0.00909295125311926,-0.0599534207828607,-0.0894509430613528,-0.0321526713493743,-2.22044604925031e-16,0.00724182563179787,0.00146749414972969,-0.00815172489979176,-0.00719568167779359,-0.00131476388383654,0.000890104290388057,2.77555756156289e-17,-0.00155617275760614,0.0189947407787711,0.0212959585604242,0.0167690072293834,0.00592758186471354,-0.00231922727885314,0
-8.88178419700125e-16,0.0595023877246659,0.043410715414026,0.0124513011514087,-0.012263877888238,-0.0161518536870759,0.311057690945759,1.77635683940025e-15,0.246854457965007,0.0893641332683828,0.0190408780896707,0.0174464977017763,-0.0441991970610749,-0.246854457965006,4.44089209850063e-16,0.0319546142829701,0.0182052583846861,0.00909509847035217,-0.0582630918916429,-0.089364133268383,-0.0319546142829701,0,0.00724558935712527,0.00148064863922071,-0.0079351548447768,-0.0071566736741252,-0.00128697992275688,0.000891301404981386,0,-0.00155810294282419,0.0190853979490714,0.0214614259513134,0.0167893144468321,0.00592770619032446,-0.00231400174819529,0
8.88178419700125e-16,0.0593583009735648,0.0435655669975561,0.0126349359407927,-0.0121767109213589,-0.0161059718987402,0.317486593467729,3.5527136788005e-15,0.246220626487016,0.0892592516737292,0.0192590930002545,0.0174867829014929,-0.0376170005497833,-0.246220626487014,6.66133814775094e-16,0.0317480582017344,0.0182491251047643,0.00909382579601847,-0.0565446943686947,-0.0892592516737269,-0.0317480582017333,2.22044604925031e-16,0.00724832527780594,0.00149302319625111,-0.00772009505083941,-0.00712043557977222,-0.00125901353200815,0.000893300971389302,-2.77555756156289e-17,-0.00156010490684955,0.0191602515463929,0.0216246234957623,0.0168100201127103,0.00592853188443532,-0.00230851544246646,0
-4.44089209850063e-16,0.0592033438865633,0.0437101693575741,0.0128127937263942,-0.0120916397900128,-0.0160584231811383,0.323681964347504,0,0.245597504149977,0.0891368804015045,0.0194741285737781,0.0175215432413172,-0.0311408898366681,-0.245597504149977,0,0.0315346358809312,0.0182917285093835,0.00908954416146601,-0.0548014716070577,-0.0891368804015036,-0.031534635880931,0,0.00725013929027996,0.00150466805411154,-0.00750638989863193,-0.00708666669738038,-0.00123093825638241,0.00089600284122331,-2.77555756156289e-17,-0.00156216248021337,0.0192183514989421,0.021784101012853,0.0168309693701355,0.00592996293001424,-0.00230280548750894,0
4.44089209850063e-16,0.0590383550427296,0.04384390876637,0.0129845779293287,-0.012008058526944,-0.0160093969380055,0.3296630908278,0,0.244972388464694,0.089001513935127,0.019686255797998,0.0175518468770637,-0.0247554548228217,-0.244972388464695,-2.22044604925031e-16,0.0313182219366703,0.0183328710684987,0.00908310584055627,-0.053039319313321,-0.0890015139351268,-0.0313182219366703,2.22044604925031e-16,0.00725117729351066,0.00151574421449263,-0.00729392687753929,-0.00705512123464241,-0.00120305202024582,0.000899304241561099,-2.77555756156289e-17,-0.0015642731915263,0.0192607667952485,0.0219404607140524,0.0168520328895062,0.0059318949592132,-0.0022968721929939,0
4.44089209850063e-16,0.0588663730602463,0.04396643498165,0.01315041330359,-0.0119258251520544,-0.0159597178756137,0.335471087261602,1.77635683940025e-15,0.244321795549014,0.088858233821858,0.0198971070611691,0.0175791144691857,-0.0184292010873747,-0.244321795549012,2.22044604925031e-16,0.031102623429335,0.0183723123488999,0.00907524874685284,-0.0512621648614271,-0.088858233821858,-0.0311026234293357,-4.44089209850063e-16,0.00725154350631763,0.00152638154002438,-0.00708241105660063,-0.00702566546779662,-0.00117568047774035,0.000903135521874186,2.77555756156289e-17,-0.00156643792805919,0.0192893665820053,0.0220954043985293,0.0168731186513329,0.00593425404855408,-0.0022907063027211,0
0,0.0586887655433097,0.0440773559190415,0.0133104577414604,-0.011844526342208,-0.0159096520883231,0.341133970451587,1.77635683940025e-15,0.243630730852125,0.0887097991407781,0.0201078371966226,0.0176043374680717,-0.012141151567591,-0.243630730852124,0,0.0308899566877969,0.018410004359098,0.00906648005437338,-0.049471698940923,-0.0887097991407813,-0.0308899566877978,-2.22044604925031e-16,0.00725133427772251,0.0015366741663243,-0.00687141211800176,-0.00699798504448727,-0.00114896750953954,0.000907420209360124,4.16333634234434e-17,-0.00156865167656357,0.0193052880558525,0.0222500875230793,0.0168941593253163,0.00593696400760058,-0.00228431526735851,0
-4.44089209850063e-16,0.0585035749512568,0.0441765358411441,0.0134648628143639,-0.0117634098495301,-0.0158585135002354,0.34664985139179,3.5527136788005e-15,0.242903017672251,0.0885553027950614,0.0203182443010164,0.0176275131664987,-0.00589121296182737,-0.24290301767225,6.66133814775094e-16,0.0306796704593688,0.0184461568881371,0.0090569164985741,-0.0476666357692661,-0.0885553027950603,-0.0306796704593677,0,0.00725060968217317,0.00154667422506738,-0.00666047002195431,-0.00697168422615465,-0.00112277868274053,0.000912106193330221,0,-0.00157090947506283,0.0193082819226813,0.0224043361224555,0.0169151673376727,0.00593997242207411,-0.00227770687625961,0
-8.88178419700125e-16,0.0583163087943115,0.0442650524434178,0.0136141379237933,-0.0116841956773914,-0.0158081144060969,0.352031135433455,0,0.242125426970697,0.0883932089555675,0.0205304896189897,0.0176484607258853,0.000316826258515035,-0.242125426970696,0,0.0304697119223589,0.0184807184649376,0.00904590814661765,-0.0458488967195023,-0.088393208955568,-0.0304697119223587,-4.44089209850063e-16,0.00724920028323917,0.00155626496050387,-0.00644982309221564,-0.00694710275914348,-0.00109695904862237,0.000917335979693033,0,-0.00157322709837286,0.0193001249646312,0.0225598499885666,0.0169363250993493,0.00594339585200709,-0.00227082746490614,0
-1.33226762955019e-15,0.0581355149393459,0.0443444077314328,0.0137587746859684,-0.0116096758360626,-0.0157613186934147,0.357297606048371,-1.77635683940025e-15,0.241277578003606,0.0882214441563161,0.0207472928483607,0.0176667535417412,0.00647556740292898,-0.241277578003605,0,0.030257807990129,0.0185134543026908,0.00903251544447636,-0.0440227316036036,-0.0882214441563171,-0.0302578079901289,0,0.00724683693711459,0.00156525404026842,-0.00624002571111308,-0.00692488333712826,-0.00107138034208847,0.000923332830239147,2.77555756156289e-17,-0.00157562820273882,0.0192834053031902,0.0227188018957029,0.0169578691421512,0.00594741762475903,-0.00226359642933471,0
8.88178419700125e-16,0.0579630150373283,0.0444158004683626,0.013898841367491,-0.011541162494443,-0.0157188575090257,0.362429818990513,-1.77635683940025e-15,0.240366824962466,0.0880357473832944,0.0209681781127138,0.0176810708476172,0.0125547389274909,-0.240366824962467,-2.22044604925031e-16,0.0300409929782519,0.0185443079091607,0.00901589877444753,-0.0421914005615085,-0.0880357473832946,-0.0300409929782519,0,0.00724333500084695,0.0015734695110452,-0.00603148712486238,-0.00690531424413966,-0.00104576942228186,0.000930228609771926,1.38777878078145e-17,-0.00157811951896071,0.0192584432968722,0.0228807222586754,0.0169799392137047,0.00595214300196134,-0.00225598049428144,0
4.44089209850063e-16,0.0577941896478142,0.0444798979200396,0.0140339143229586,-0.0114782322577534,-0.0156792880850998,0.367368830129049,0,0.239426518774797,0.0878318501648891,0.0211896434867107,0.0176897702896763,0.0185029394341232,-0.239426518774797,2.22044604925031e-16,0.0298167395824642,0.0185733692402135,0.00899558123764366,-0.0403595008904932,-0.0878318501648886,-0.0298167395824642,1.11022302462516e-16,0.00723865798993029,0.00158079273704137,-0.00582463698419763,-0.00688826724717388,-0.00101981220263016,0.000938007308927714,0,-0.00158068311066099,0.0192235639012361,0.0230427341311402,0.0170024918863506,0.00595755548438004,-0.00224802151197978,0
-4.44089209850063e-16,0.0576225561257169,0.0445369473420678,0.0141634744261845,-0.0114196422993706,-0.015640525720737,0.372057408624935,-1.77635683940025e-15,0.238491945052045,0.0876081191997091,0.0214076210674623,0.0176917067470033,0.0242781114062854,-0.238491945052047,-4.44089209850063e-16,0.0295844505766039,0.0186007018184606,0.00897157810946636,-0.0385321883912058,-0.0876081191997086,-0.0295844505766042,0,0.00723286910684406,0.00158720153824365,-0.0056198395756691,-0.00687352131833797,-0.000993354181218792,0.00094657761929718,0,-0.00158329729592507,0.0191768786484543,0.0232016470889087,0.017025402578338,0.00596357351467702,-0.00223977601379055,0
4.44089209850063e-16,0.0574446658901406,0.044586522749297,0.0142870766597332,-0.0113641904366379,-0.0156013890582805,0.376478063180636,0,0.237575083984272,0.0873671322783096,0.0216199318800285,0.0176870481821876,0.0298693131071925,-0.237575083984272,0,0.0293466287797561,0.0186262389172271,0.00894452273629698,-0.0367157353123119,-0.0873671322783092,-0.0293466287797558,0,0.00722610824310044,0.00159280021849129,-0.00541734428795825,-0.00686082428935928,-0.000966552868892925,0.000955810069470743,-2.08166817117217e-17,-0.0015859480614122,0.0191180515754282,0.0233559875353349,0.0170485215239277,0.00597007762212298,-0.00223127961246361,0
8.88178419700125e-16,0.0572611977455351,0.0446279537032659,0.0144048070207643,-0.0113112426016113,-0.0155619595033922,0.380667067996683,0,0.236658883801084,0.0871133837407019,0.0218272581246897,0.0176769413540594,0.035307493203024,-0.236658883801087,-4.44089209850063e-16,0.0291071055680934,0.0186497936470924,0.00891518928151935,-0.0349121204254925,-0.0871133837407039,-0.0291071055680936,0,0.0072184918514564,0.00159772288686788,-0.0052167856018348,-0.00684997771297215,-0.000939739839863389,0.000965611892985968,6.93889390390723e-18,-0.00158863287243511,0.0190482549660762,0.0235066596639339,0.017071752475067,0.00597697554838916,-0.00222253276897355,0
0,0.0570745280209333,0.0446601564747593,0.0145167987992134,-0.0112603200577817,-0.0155228658956483,0.38467915818838,1.77635683940025e-15,0.235713954271692,0.0868514660234592,0.0220315424080848,0.0176629344853279,0.0406352203591704,-0.235713954271691,2.22044604925031e-16,0.0288700194179932,0.0186712434021012,0.00888447428134276,-0.0331221195180096,-0.0868514660234588,-0.0288700194179929,-1.11022302462516e-16,0.00721014852551605,0.00160215124303187,-0.00501762364301989,-0.00684064711411259,-0.000913283007756352,0.000975893790180885,0,-0.00159135557346515,0.0189692865269995,0.0236555440207845,0.0170950440786529,0.0059841738409725,-0.00221351486670363,0
-4.44089209850063e-16,0.0568852407448639,0.0446824791040128,0.0146233833960578,-0.0112108685216223,-0.0154841604288705,0.388551603030718,0,0.234722399737166,0.086583144670163,0.0222341827198598,0.0176458943664564,0.0458849193893227,-0.234722399737165,0,0.0286370675347529,0.0186905929402434,0.00885280152468537,-0.0313427745474412,-0.0865831446701625,-0.028637067534753,-1.11022302462516e-16,0.00720114961529172,0.00160617484107139,-0.00481909357914095,-0.00683248539067946,-0.000887315584201576,0.000986597041795101,-2.77555756156289e-17,-0.00159411512848684,0.0188819024502057,0.0238039192327417,0.0171183724203253,0.00599161122219471,-0.00220422066852777,0
-8.88178419700125e-16,0.05669072507773,0.0446947219580944,0.0147247643793236,-0.0111619101590588,-0.0154448893682457,0.392280558648096,0,0.233689709298721,0.0863075917928349,0.0224349693643404,0.0176258825388906,0.05105999464037,-0.233689709298722,-2.22044604925031e-16,0.0284074438114346,0.0187080561359625,0.00882024984084651,-0.0295710862565641,-0.0863075917928358,-0.0284074438114342,1.11022302462516e-16,0.00719155848813779,0.00160983148775062,-0.00462063368901354,-0.00682506018688138,-0.000861692360037525,0.000997655629489141,-2.77555756156289e-17,-0.00159690262955384,0.018785523050601,0.0239516043607577,0.0171417102449837,0.00599922723813739,-0.00219467199221357,0
-4.44089209850063e-16,0.0564963959218501,0.0446979894941975,0.0148213889239663,-0.0111150298600213,-0.0154068136410843,0.395888598085939,1.77635683940025e-15,0.232601946700223,0.086021787209166,0.0226358414462098,0.0176024914163282,0.0561612874338915,-0.232601946700224,0,0.0281787201324943,0.0187235635353951,0.00878613148983076,-0.0278073182296806,-0.0860217872091674,-0.0281787201324942,0,0.00718120653185039,0.00161299687545491,-0.00442207360673634,-0.00681842052250727,-0.000836185463435141,0.00100919092508751,0,-0.00159972962495908,0.0186819266945686,0.024100166652259,0.0171652053264015,0.00600711419507372,-0.00218482050075952,0
8.88178419700125e-16,0.056311312184393,0.0446941344906486,0.0149137267625878,-0.0110731438203855,-0.0153729421335349,0.39940937994229,1.77635683940025e-15,0.231438026894063,0.0857216250046626,0.0228390636021611,0.0175748405591474,0.0611850278748316,-0.231438026894063,2.22044604925031e-16,0.0279481275339213,0.0187367930208164,0.00874937172918577,-0.0260546415678407,-0.0857216250046616,-0.0279481275339211,-1.11022302462516e-16,0.00716979839402532,0.0016154397566035,-0.00422352432223931,-0.0068129080570876,-0.000810573923247501,0.00102141332650726,0,-0.00160261427027196,0.0185739664134571,0.0242515287155197,0.0171890604277384,0.0060154357499711,-0.00217459102991846,0
8.88178419700125e-16,0.0561383352978355,0.044684935790066,0.0150018678587989,-0.011037681388812,-0.0153442635091983,0.402829671489927,-1.77635683940025e-15,0.230207290979019,0.085403281879783,0.0230438673948345,0.0175416302546463,0.0661015790131301,-0.23020729097902,-4.44089209850063e-16,0.0277128417612227,0.0187475952451979,0.00870915572602415,-0.0243181985517507,-0.0854032818797856,-0.0277128417612236,-1.11022302462516e-16,0.00715715751889101,0.00161698226823059,-0.00402538779575928,-0.00680866197523786,-0.000784559788308367,0.0010344212577123,4.16333634234434e-17,-0.00160555799792786,0.018462673541607,0.0244051738227736,0.0172133571231733,0.00602426639417575,-0.00216396414940356,0
0,0.0559740179770882,0.0446720197951782,0.0150855471350351,-0.0110084857534654,-0.0153197153287712,0.406088658362036,-3.5527136788005e-15,0.228949503122843,0.0850649289069505,0.0232465350333335,0.0175014449619404,0.0708578503760071,-0.228949503122845,0,0.0274708017407503,0.0187559811029021,0.00866509510158364,-0.0226060518067106,-0.0850649289069512,-0.0274708017407508,0,0.00714324802370481,0.00161753536360065,-0.00382855277834214,-0.00680577316573755,-0.000757862874942297,0.00104819537779458,-1.38777878078145e-17,-0.00160854836783336,0.0183474121582173,0.0245582369895032,0.0172380567798525,0.00603358764745254,-0.0021529707455703,0
-8.88178419700125e-16,0.0558130165910793,0.0446564260776716,0.0151644906517729,-0.0109845902003958,-0.015297508132492,0.409127085098842,1.77635683940025e-15,0.227705236113467,0.0847079516247291,0.0234429756244712,0.0174535260967748,0.0754111260013142,-0.227705236113465,4.44089209850063e-16,0.0272220170807191,0.0187619312798866,0.00861725429527294,-0.0209262797391765,-0.0847079516247303,-0.027222017080719,-5.55111512312578e-17,0.00712813334623991,0.00161707341135325,-0.00363392651052637,-0.00680435725753219,-0.000730414405215762,0.0010626377510914,1.38777878078145e-17,-0.0016115641300829,0.018227174639641,0.0247076416633816,0.0172630171599232,0.00604332206372804,-0.00214167764401174,0
-8.88178419700125e-16,0.0556522058571964,0.044638005938066,0.0152385136947668,-0.0109648969695408,-0.0152765616569495,0.411930398608623,3.5527136788005e-15,0.226487918989511,0.0843362766140068,0.0236312938370489,0.0173982806880399,0.0797550386940387,-0.226487918989511,-4.44089209850063e-16,0.0269690713193116,0.0187654287343069,0.00856628529879577,-0.0192842615788744,-0.0843362766140052,-0.0269690713193121,0,0.00711194716373759,0.00161571478873151,-0.00344198657469896,-0.00680437150505991,-0.000702421711377993,0.00107762674528455,0,-0.00161459587999871,0.0181019934742795,0.0248521188318125,0.0172881261743264,0.00605336138558443,-0.00213011145425268,0
0,0.0554918889274081,0.0446155509182962,0.0153077052824502,-0.0109486968550767,-0.0152568399325927,0.41453836231511,-3.5527136788005e-15,0.225276875421711,0.0839544785755955,0.0238122990071581,0.0173369497887474,0.0839248150714296,-0.225276875421713,0,0.0267161696346805,0.0187663460916037,0.00851302612312077,-0.0176799750583811,-0.0839544785755961,-0.0267161696346805,5.55111512312578e-17,0.00709481268762047,0.00161360273062972,-0.00325243273460096,-0.00680563569509335,-0.000674313935211251,0.00109306125695546,0,-0.00161764116250673,0.0179727941190551,0.0249926029586294,0.0173132975956123,0.00606360971048292,-0.00211827383203889,0
0,0.0553332926250212,0.044587307813674,0.0153722768267972,-0.0109352979113098,-0.0152386367854769,0.417010812328586,0,0.224037843854456,0.0835654300181297,0.0239882644091747,0.0172709285558543,0.0879725874492086,-0.224037843854454,0,0.0264668434431083,0.0187646680542826,0.00845827224678608,-0.0161083560183058,-0.083565430018127,-0.0264668434431082,5.55111512312578e-17,0.00707684032243733,0.00161090760015259,-0.00306433537724871,-0.00680769421338628,-0.000646454141234737,0.0011088624978946,2.77555756156289e-17,-0.00162070494766808,0.0178405072667475,0.0251311018110985,0.0173385092786899,0.00607398242459445,-0.00210613712590157,0
0,0.0551758485515128,0.0445518980730615,0.0154324227307692,-0.0109237903065038,-0.0152216641698537,0.419383005361611,-1.77635683940025e-15,0.222750607240844,0.0831700437865379,0.024160710720178,0.0172011008838719,0.0919341711220536,-0.222750607240847,-4.44089209850063e-16,0.0262226250179247,0.0187605067345742,0.00840250870118098,-0.0145634206424169,-0.0831700437865381,-0.0262226250179251,-1.11022302462516e-16,0.00705812292686786,0.00160774787963086,-0.00287677763133173,-0.00681002607647918,-0.000618985665030547,0.00112495666142742,-2.77555756156289e-17,-0.00162378686322023,0.0177051605181026,0.0252689004809724,0.0173637360700785,0.00608440552999778,-0.00209369358129341,0
0,0.0550163255791354,0.0445089489672146,0.0154883101143568,-0.0109130621802667,-0.0152047942266931,0.421647085260352,0,0.221421857378967,0.0827674674906991,0.0243295032424182,0.0171275329136797,0.0958152105810344,-0.221421857378969,0,0.025982424870735,0.0187540768317658,0.00834576753604388,-0.013040357612242,-0.0827674674906983,-0.025982424870735,-5.55111512312578e-17,0.00703871632005343,0.00160415882416498,-0.0026891668387089,-0.00681223485905427,-0.000591749827969751,0.0011412846351464,-2.77555756156289e-17,-0.00162687995292052,0.0175656929039874,0.0254058556766742,0.0173889479925089,0.00609482760724855,-0.00208096249166489,0
0,0.0548597977307956,0.0444596771710941,0.0155402945910801,-0.0109046189784445,-0.0151896568376895,0.423829665786322,0,0.220039645020051,0.0823537100650533,0.0244960032262966,0.0170495668849746,0.0996188809544112,-0.220039645020053,0,0.0257436534486368,0.0187452396125529,0.00828732438929203,-0.0115382807406646,-0.082353710065054,-0.0257436534486366,0,0.00701845374393367,0.00159999619830514,-0.00250110980102811,-0.00681413553331733,-0.000564473498121443,0.00115793846131967,2.77555756156289e-17,-0.00162998969091799,0.0174236457854781,0.0255431767959447,0.0174142372991938,0.00610531656766333,-0.00206791229271031,0
0,0.0547155186122437,0.0444061920436702,0.015588809231545,-0.0109013586295541,-0.015179310025518,0.42597747637129,0,0.218582594244367,0.0819231644537304,0.024661986627379,0.0169660379273324,0.103348570188889,-0.218582594244364,4.44089209850063e-16,0.0255033001034297,0.0187336133720506,0.00822609937886387,-0.0100584762686046,-0.0819231644537292,-0.0255033001034299,-5.55111512312578e-17,0.00699704463521175,0.00159502719219559,-0.00231227012261706,-0.00681564214623315,-0.00053685267106332,0.00117508681393219,0,-0.00163312915647343,0.0172819620514138,0.0256825707792121,0.0174397618663946,0.00611599580625355,-0.00205447631737465,0
8.88178419700125e-16,0.0545875241094143,0.044351040745175,0.0156340356210443,-0.0109050132712296,-0.0151750956758114,0.42808559477813,1.77635683940025e-15,0.217063429024764,0.0814730238026673,0.0248262709560603,0.0168756789747757,0.106977086141042,-0.217063429024765,0,0.025258938829527,0.018718942507765,0.00816132809132641,-0.00860747803212014,-0.0814730238026668,-0.0252589388295273,0,0.00697431405511362,0.00158907537479641,-0.0021231871162504,-0.0068168858953894,-0.00050860611078582,0.00119280156382695,0,-0.00163629815012406,0.0171424178162694,0.0258233732064836,0.0174655703590765,0.00612691918915764,-0.00204064138704807,0
0,0.0544736233375307,0.0442966951207788,0.0156760598777677,-0.0109157082447364,-0.0151762572228966,0.430103050428372,0,0.215524925415375,0.0810038785065323,0.0249853763624213,0.0167774468106501,0.110459808999979,-0.215524925415374,0,0.0250088337130174,0.0187011261949892,0.00809259713744481,-0.00719321622340938,-0.0810038785065315,-0.0250088337130172,1.66533453693773e-16,0.00695022073826718,0.00158202427055931,-0.00193487295624614,-0.00681822620285114,-0.000479495575788524,0.0012110508248187,2.77555756156289e-17,-0.00163948167440262,0.0170050392676624,0.0259630236614589,0.0174915905975004,0.0061380721296741,-0.0020264602212311,0
8.88178419700125e-16,0.0543702876831098,0.0442449945143624,0.0157148487381766,-0.0109329266242986,-0.01518160523863,0.431976631595711,0,0.214010829229897,0.0805200635643395,0.0251355827137179,0.0166710604403359,0.113755121253556,-0.214010829229899,0,0.0247536633622114,0.0186801521276103,0.00802010716027679,-0.00582599651664392,-0.0805200635643403,-0.0247536633622111,1.38777878078145e-17,0.00692483499816293,0.00157389095629659,-0.00174880198092395,-0.00682020290789029,-0.000449556334816775,0.00122974219527924,2.77555756156289e-17,-0.00164266660458612,0.016869978271751,0.0260987347970335,0.0175177183130388,0.00614938660426306,-0.00201198170818717,0
0,0.0542745535145848,0.0441958299772098,0.015750432546219,-0.0109556797216248,-0.0151900982461752,0.433694463245015,0,0.212534087760329,0.0800267917600888,0.025275381141574,0.0165571845213162,0.116861755419657,-0.212534087760329,0,0.024496241617241,0.0186560341406832,0.00794450576151906,-0.00450940229062814,-0.0800267917600895,-0.024496241617241,4.16333634234434e-17,0.00689828576054198,0.001564786910897,-0.00156558313727106,-0.00682307668029797,-0.000419097742559327,0.0012487616826331,0,-0.0016458450714254,0.0167372420125677,0.0262294494033047,0.01754385056371,0.0061607693774417,-0.00199723450839695,0
-1.77635683940025e-15,0.0541859022345115,0.0441474212913517,0.0157828582765198,-0.0109830626547947,-0.0152014865967462,0.435292706785395,0,0.211071922327029,0.0795275926002503,0.0254059320940492,0.0164370845106827,0.119815899883395,-0.211071922327029,0,0.0242402638633354,0.0186288323622663,0.00786664750292099,-0.00324020765652142,-0.0795275926002507,-0.0242402638633354,4.16333634234434e-17,0.00687071310316609,0.00155488655160707,-0.00138482806271215,-0.00682658335681094,-0.000388558213204049,0.00126800641399832,-2.77555756156289e-17,-0.00164901762951555,0.0166071260858073,0.0263561882872629,0.0175699265580102,0.0061721231888715,-0.00198220962715889,0
0,0.0541042553208504,0.0440971299961372,0.0158121696216744,-0.0110141579917231,-0.015215700056002,0.436823759072494,1.77635683940025e-15,0.209586218905889,0.0790239002888473,0.0255295498537844,0.0163120029234012,0.122669527330212,-0.20958621890589,0,0.0239890244634262,0.0185986283437543,0.00778730207463108,-0.00201037031802608,-0.0790239002888481,-0.0239890244634264,2.77555756156289e-17,0.00684222846803545,0.00154436104057863,-0.00120547229546195,-0.00683016316754192,-0.000358352085067432,0.00128740043095096,2.77555756156289e-17,-0.00165218947865425,0.0164795438395794,0.0264808617328717,0.0175959228566067,0.00618336507167555,-0.00196687483337621,0
0,0.0540283369570238,0.0440431402542476,0.0158384111199181,-0.0110479968857948,-0.0152322701509355,0.438314834675891,0,0.208055963284616,0.0785152221758949,0.0256477725676625,0.0161826150826592,0.12545569802026,-0.208055963284618,4.44089209850063e-16,0.0237434096762685,0.0185655809885756,0.00770683692583374,-0.00081204251507723,-0.0785152221758948,-0.0237434096762688,-1.38777878078145e-16,0.00681291056117968,0.00153331190764291,-0.00102652210873377,-0.00683321526203798,-0.000328593426387941,0.00130688178114832,2.77555756156289e-17,-0.00165536089394971,0.016353773399369,0.0266046850350204,0.0176218152085105,0.00619443292822447,-0.00195121996361897,0
0,0.0539540175941156,0.0439846745084358,0.0158616077941947,-0.0110831885845117,-0.0152497838797681,0.43975097503793,3.5527136788005e-15,0.206489195341936,0.0780010694282147,0.0257605209329288,0.0160491279890156,0.128179441066449,-0.206489195341931,8.88178419700125e-16,0.0235023581164482,0.0185299323472501,0.00762533317394531,0.00036027051935425,-0.0780010694282114,-0.0235023581164481,-9.71445146547012e-17,0.00678283680575666,0.00152178802860997,-0.000847451034188151,-0.00683537024585565,-0.000299134726948119,0.00132638218674719,5.55111512312578e-17,-0.00165852483683226,0.0162281761632881,0.0267274951015453,0.0176475540982549,0.00620527454877634,-0.00193527151918355,0
0,0.0538856290728313,0.0439230928062475,0.0158820450452426,-0.0111211275227445,-0.0152696515433899,0.441156703911448,1.77635683940025e-15,0.204878412404742,0.0774770052401372,0.0258685344776808,0.0159106807108316,0.130844867885552,-0.204878412404742,0,0.0232631236744005,0.0184914888530603,0.00754205566169652,0.00150857448071146,-0.0774770052401373,-0.0232631236744013,1.38777878078145e-17,0.00675184357694728,0.00150964125342941,-0.000667697015028557,-0.00683628858621685,-0.000269651353530992,0.00134596739705994,0,-0.00166168428436719,0.0161039210296848,0.0268501152039565,0.0176732010715268,0.00621593900779155,-0.00191900644397164,0
0,0.0538320098278797,0.0438607841968723,0.0159001470883444,-0.0111646740604776,-0.0152947400391916,0.442581328230036,3.5527136788005e-15,0.203206035838074,0.0769373000534088,0.0259727172094841,0.0157659568449038,0.133458526341316,-0.203206035838074,0,0.0230229512097111,0.0184497738724385,0.00745595853305225,0.00263250234831247,-0.076937300053409,-0.0230229512097112,-2.77555756156289e-17,0.00671966435517796,0.00149661945025027,-0.000486714198419474,-0.00683562923277334,-0.000239837252813263,0.00136574468192208,2.77555756156289e-17,-0.00166484267084802,0.0159837438036626,0.0269737517366553,0.0176988333499695,0.00622651197236779,-0.00190239749520443,0
8.88178419700125e-16,0.0537986577947427,0.0438008985000389,0.0159162619844961,-0.0112159285586158,-0.0153268473250909,0.444034958800785,-1.77635683940025e-15,0.201483910869925,0.076379842024318,0.0260720002420509,0.015613850373974,0.13600190047245,-0.201483910869923,0,0.022779690936332,0.0184044762095708,0.00736634135677594,0.00372631841788509,-0.0763798420243161,-0.0227796909363318,-1.11022302462516e-16,0.00668613125005282,0.00148255932732222,-0.000304941560134109,-0.00683347628595016,-0.000209423626664262,0.00138575850754535,0,-0.00166800002726164,0.0158700689483655,0.0270979365660552,0.0177244851137373,0.00623703003213288,-0.00188543380815998,0
-2.66453525910038e-15,0.0537852898222395,0.0437465294998338,0.015930718846235,-0.0112754964614989,-0.0153658262504273,0.445481150127597,0,0.199753610342142,0.0758075668881446,0.0261634141582228,0.0154537490395867,0.138437931298323,-0.199753610342143,0,0.022532399921654,0.0183554409084676,0.0072729039847621,0.00478160360345362,-0.0758075668881427,-0.0225323999216538,-2.77555756156289e-17,0.006651205077916,0.00146736672047057,-0.000123604155159607,-0.00683054137634265,-0.000178283620339337,0.00140597307925772,-5.55111512312578e-17,-0.00167114624767711,0.0157638691044552,0.0272205188934915,0.0177501000043521,0.00624748368491784,-0.00186816013403579,0
-1.77635683940025e-15,0.0537888410263667,0.0436996784067629,0.0159437559661777,-0.0113429176846642,-0.0154106139456491,0.446875139060914,0,0.198058037104293,0.0752265794937408,0.0262440640434978,0.0152858427483995,0.140734333126086,-0.198058037104293,0,0.0222819578542079,0.0183027041590389,0.00717589704585908,0.0057903688708453,-0.0752265794937394,-0.0222819578542075,1.11022302462516e-16,0.00661496627876343,0.00145107552360521,5.58437175700033e-05,-0.00682773085344124,-0.00014652386103936,0.00142629867164706,0,-0.00167427163638023,0.015665427145793,0.027339212146088,0.0177755890704579,0.00625781694436961,-0.00185062318131879,0
0,0.0538072249279873,0.0436604360198771,0.0159555037311243,-0.0114174989195659,-0.0154604763002455,0.448206289401796,0,0.196409714454925,0.0746423333436628,0.026312986337798,0.0151109498287489,0.142888595673122,-0.196409714454923,0,0.0220308721601423,0.0182463777597128,0.00707593624894898,0.00674954182804421,-0.0746423333436605,-0.0220308721601417,-8.32667268468867e-17,0.0065775411043292,0.00143380671417273,0.000232627630134263,-0.00682554908240945,-0.000114489723775035,0.00144663796434036,0,-0.00167737243858307,0.0155749598355123,0.0274531945053027,0.0178008748902116,0.00626795328871504,-0.00183283959184827,0
-1.77635683940025e-15,0.0538389175736373,0.0436265052629228,0.0159659139648509,-0.0114982106971642,-0.0155148805938099,0.449499241828953,-1.77635683940025e-15,0.194785375442452,0.0740577491474781,0.0263713741971667,0.0149302674211231,0.144932349020889,-0.194785375442454,0,0.0217826281641234,0.0181866266009481,0.00697384429552628,0.00766350378173516,-0.0740577491474802,-0.0217826281641239,8.32667268468867e-17,0.00653907478764054,0.00141573425923464,0.00040708508409254,-0.00682382937802806,-8.26895954278983e-05,0.00146689886128254,0,-0.00168044989520627,0.0154920474094346,0.0275633353050962,0.0178258951814798,0.00627780655553756,-0.00181479800465278,0
1.77635683940025e-15,0.0538828962686004,0.043594772037804,0.0159748290664776,-0.0115840214816361,-0.0155734809044556,0.450791793419635,-3.5527136788005e-15,0.193147342168491,0.0734725951008368,0.0264214053636316,0.0147448025640262,0.146909223537141,-0.193147342168493,0,0.0215397876039853,0.0181236379633427,0.00687028670403844,0.00854092805404533,-0.0734725951008404,-0.0215397876039858,-5.55111512312578e-17,0.00649968330942385,0.00139701582199059,0.000580273258559694,-0.00682188779046916,-5.15186307352145e-05,0.00148701133433166,0,-0.00168350754294455,0.0154158189123351,0.02767130162391,0.0178506122641277,0.00628730206315287,-0.00179647221183721,0
0,0.053936324727327,0.0435627006281525,0.0159820656219427,-0.0116735741879719,-0.0156353304460914,0.452097173466679,-1.77635683940025e-15,0.191475025969437,0.0728858262217784,0.0264645214336046,0.014555207183216,0.148847641840618,-0.191475025969437,0,0.0213031042760328,0.018057649721591,0.00676565628171755,0.00939025075549615,-0.072885826221779,-0.0213031042760328,5.55111512312578e-17,0.00645946846807355,0.00137776438911325,0.000753167532582699,-0.00681906940874355,-2.11102491594062e-05,0.00150691148005838,-5.55111512312578e-17,-0.00168654515418132,0.0153446522032664,0.0277781198514107,0.017874986369613,0.00629638027984408,-0.00177785707320949,0
0,0.0539944293524357,0.0435290851481556,0.0159874945373684,-0.0117652973400872,-0.0156988391921455,0.453395022954011,0,0.189775672382464,0.0722964444940128,0.0265008906694,0.0143616581429562,0.150752003334581,-0.189775672382464,0,0.0210711431446029,0.0179888966326498,0.00665996939196578,0.0102178030800603,-0.0722964444940112,-0.0210711431446026,5.55111512312578e-17,0.00641849708585662,0.00135802269394791,0.00092637831309228,-0.00681501228058456,8.73814617236013e-06,0.00152654779644817,5.55111512312578e-17,-0.00168955838726531,0.0152763542310674,0.0278837683923044,0.0178989828300364,0.00630500669139544,-0.00175897321087448,0
8.88178419700125e-16,0.0540612099584159,0.0434954760057469,0.0159913536795049,-0.0118605849540989,-0.0157653037226222,0.454705961073596,0,0.188046095802287,0.0717005362958751,0.026530721333959,0.0141632821822935,0.15262461596758,-0.188046095802288,0,0.0208414440185116,0.0179171385218826,0.00655255714265301,0.0110250564434929,-0.0717005362958751,-0.0208414440185123,-5.55111512312578e-17,0.0063766238074785,0.00133764780855222,0.00110041817073858,-0.00680935541639377,3.83408374206584e-05,0.00154595445828448,0,-0.00169254767927191,0.0152120098989421,0.027988724654071,0.0179226335120994,0.00631321454899669,-0.00173981231485698,0
-8.88178419700125e-16,0.0541459133975044,0.0434649811037682,0.0159941185074031,-0.0119625664420946,-0.0158377108585972,0.45607753981338,0,0.186275511669267,0.0710930898216766,0.0265541651059671,0.0139587573690196,0.15446900005996,-0.186275511669264,8.88178419700125e-16,0.0206115543834366,0.0178418749129294,0.00644248243085865,0.0118104776377882,-0.0710930898216766,-0.0206115543834365,0,0.00633361290533563,0.00131640608918249,0.00127570446224101,-0.00680169597917318,6.79926519519536e-05,0.00156518874451061,0,-0.00169551339856644,0.0151547371380914,0.0280937041600514,0.0179459815203635,0.00632106214833961,-0.00172036587368846,0
0,0.0542536828332238,0.043440806398972,0.0159962778339526,-0.0120733108494875,-0.015917681082942,0.457521577007487,3.5527136788005e-15,0.184476824720157,0.0704733463980602,0.0265700833920679,0.0137472013047208,0.156272743638426,-0.184476824720154,0,0.0203799192812726,0.0177627442894375,0.00632912033122324,0.0125698533836859,-0.0704733463980587,-0.0203799192812726,-5.55111512312578e-17,0.00628932110916314,0.00129412735058543,0.00145191890256707,-0.00679226198207544,9.78750784382809e-05,0.0015842582245531,0,-0.00169845137759794,0.0151067604438637,0.0281982063871618,0.0179690239290921,0.00632857973225465,-0.00170065548810605,0
2.66453525910038e-15,0.0543855811943814,0.0434262041261446,0.0159983062335494,-0.0121937151740079,-0.0160055185720687,0.459014565884967,1.77635683940025e-15,0.18268711293697,0.0698453339138236,0.0265763402007337,0.0135283977981597,0.15800670209657,-0.18268711293697,0,0.0201460330831278,0.017679630918046,0.00621230372297532,0.0132957108444691,-0.0698453339138222,-0.0201460330831272,0,0.00624372090172437,0.00127076227813655,0.00162783040023684,-0.00678199647635525,0.000128041955432812,0.00160312599491519,5.55111512312578e-17,-0.00170135763771717,0.0150696106038048,0.0283006120025659,0.0179917322990886,0.0063357568514511,-0.00168070360220607,0
-8.88178419700125e-16,0.0545399325422258,0.0434231081519254,0.0160005784181161,-0.0123236100735555,-0.0161005862313486,0.460524580086448,0,0.180941952579859,0.0692158909923251,0.0265710872609137,0.0133029286007673,0.15964592976515,-0.180941952579858,0,0.0199111523410922,0.0175926329561591,0.00609235489724824,0.0139811429185904,-0.0692158909923242,-0.0199111523410919,0,0.00619690684644392,0.0012463639026512,0.00180195942635175,-0.00677208664309781,0.000158276068401297,0.00162171262586053,0,-0.00170422568200423,0.0150439533784216,0.0283992413359719,0.0180140318305158,0.00634255358310531,-0.00166055275393956,0
-8.88178419700125e-16,0.0547146038432773,0.0434313022496706,0.016003244577659,-0.0124623462988334,-0.0162021406193773,0.462039495424937,0,0.179250269529534,0.0685901180897002,0.0265538970508175,0.0130716337466836,0.161188911535003,-0.179250269529536,-8.88178419700125e-16,0.0196775533408706,0.0175019026110412,0.00596980343956055,0.0146244548626916,-0.0685901180897001,-0.0196775533408712,5.55111512312578e-17,0.00614899224660315,0.0012210378712228,0.00197359761947896,-0.00676324362280895,0.000188181743954519,0.00163994472924839,0,-0.00170705364171958,0.015029689182621,0.0284935256795272,0.0180358571908755,0.00634891797994963,-0.00164021585222174,0
-1.77635683940025e-15,0.0549073841210159,0.0434482182261702,0.0160061250484587,-0.0126087696080726,-0.0163094478203689,0.463570962977819,1.77635683940025e-15,0.17759027103453,0.0679699295946818,0.026526043591991,0.0128356238569971,0.162659304069999,-0.17759027103453,-8.88178419700125e-16,0.0194480766122922,0.0174077407419286,0.0058454142626827,0.0152298450845307,-0.0679699295946816,-0.0194480766122926,-5.55111512312578e-17,0.00610013575670604,0.00119496395128987,0.00214296550849202,-0.00675531150516434,0.000217267622077855,0.00165774819885389,0,-0.00170984342619296,0.0150259299143543,0.0285841958171395,0.0180571475736554,0.00635477827793385,-0.00161967880625369,0
-1.77635683940025e-15,0.0551162708089565,0.0434705902117782,0.0160088831262728,-0.0127616992006692,-0.0164218711650266,0.4651390035374,0,0.175928817557335,0.0673539752240622,0.0264894029872647,0.0125956805812066,0.16408953521175,-0.175928817557335,0,0.0192245170066592,0.0173104227901577,0.00571975346741382,0.015805041494027,-0.0673539752240619,-0.0192245170066591,-1.66533453693773e-16,0.00605045701316176,0.00116829241054955,0.00231097462828683,-0.00674755599084009,0.000245199892738857,0.00167507010883983,0,-0.00171259836639676,0.0150312748871339,0.0286725669511453,0.0180778633871892,0.00636007370319536,-0.00159891521988897,0
0,0.0553373303086513,0.0434955274224942,0.0160111400776675,-0.0129195346010116,-0.016538139453024,0.46674317208873,0,0.174247660461177,0.0667403204094601,0.0264452584490211,0.0123522557273361,0.165500969761504,-0.174247660461175,0,0.0190070675916258,0.0172102027559031,0.00559311400742502,0.016358071469883,-0.0667403204094592,-0.0190070675916253,2.22044604925031e-16,0.00600004581360697,0.00114112333354655,0.00247857179292305,-0.00673929074606866,0.000271913509731492,0.0016918682883581,-5.55111512312578e-17,-0.00171531952543447,0.0150435004385506,0.0287594940536284,0.0180979759443763,0.00636476180956846,-0.0015779137851033,0
-1.77635683940025e-15,0.0555656377857456,0.0435214901015177,0.016012619605406,-0.0130805807812466,-0.0166566044123755,0.468361153674396,0,0.172552393214621,0.066127872124607,0.0263939651930318,0.0121055988833199,0.166896093915345,-0.17255239321462,0,0.0187943717326657,0.0171073275775866,0.00546554382033193,0.016894484036123,-0.0661278721246058,-0.0187943717326655,1.11022302462516e-16,0.00594898147134565,0.00111350514976671,0.00264627299630404,-0.00673015760997758,0.000297622622869254,0.00170810095921003,0,-0.00171800335737798,0.015060246459688,0.0288450308104111,0.0181174583849882,0.00636882251002807,-0.00155669894719868,0
1.77635683940025e-15,0.0558046110402026,0.0435502508177539,0.0160135623826196,-0.0132461317148147,-0.016778326620809,0.47000501472569,1.77635683940025e-15,0.170846331140224,0.0655138628829892,0.026335338520898,0.0118549872110307,0.168272551258934,-0.170846331140222,8.88178419700125e-16,0.0185842625382513,0.0170015706496187,0.00533647845771057,0.017414671538077,-0.0655138628829885,-0.0185842625382506,5.55111512312578e-17,0.00589715628706633,0.00108530900461423,0.00281437360938042,-0.00671991209043388,0.000322630346349606,0.00172377271792001,0,-0.00172064749943623,0.0150825197283261,0.0289293110576261,0.0181363233050122,0.00637228460627515,-0.00153528785323276,0
0,0.0560621741250644,0.043585145026932,0.0160145183664175,-0.0134191331465781,-0.0169058325777165,0.471706510448705,0,0.169128248108654,0.0648955981231758,0.0262688478438786,0.0115992999413468,0.169627924439713,-0.169128248108656,0,0.0183750868726262,0.0168924308802563,0.0052051511995348,0.0179158861188079,-0.0648955981231792,-0.0183750868726271,1.11022302462516e-16,0.0058443714937827,0.00105632717068271,0.00298295806253024,-0.0067085002075174,0.000347115261838282,0.00173890189897125,-5.55111512312578e-17,-0.00172325069027784,0.0151132701954465,0.029012493406233,0.0181545920407322,0.00637519308137102,-0.0015136900356858,0
8.88178419700125e-16,0.0563436382054485,0.0436292914859395,0.0160160136667535,-0.013601698832213,-0.0170407587120485,0.473477434889366,3.5527136788005e-15,0.167409292250344,0.0642730147286077,0.0261936318849774,0.0113379181275253,0.170951732971064,-0.167409292250341,0,0.0181657353442759,0.0167795936837347,0.00507107817815911,0.0183942330947754,-0.0642730147286051,-0.0181657353442756,-1.11022302462516e-16,0.00579051785888768,0.00102642159483146,0.00315162909948113,-0.00669623328376967,0.000371191214450339,0.00175347479584442,-5.55111512312578e-17,-0.00172580935630495,0.0151548119524229,0.0290942095355271,0.0181722608486639,0.00637757561316504,-0.00149193577814344,0
8.88178419700125e-16,0.0566511193032735,0.0436854075038884,0.0160185543227485,-0.013794931411514,-0.0171836963367316,0.475306325921183,1.77635683940025e-15,0.165714131611775,0.0636499786888347,0.0261084787610368,0.0110708761146068,0.172224140491131,-0.165714131611773,8.88178419700125e-16,0.0179563023191118,0.0166629572075685,0.00493416914473066,0.0188437851373121,-0.0636499786888345,-0.0179563023191109,1.11022302462516e-16,0.00573558249630335,0.000995550468637862,0.00331927199602466,-0.00668409414474558,0.000394781469984173,0.00176745464344652,0,-0.00172832015889174,0.0152088065258261,0.0291734593126436,0.0181893026410554,0.00637943591550005,-0.00147005620186375,0
-8.88178419700125e-16,0.0569839877360305,0.0437549542797164,0.0160224874857722,-0.0139988723728237,-0.0173343604119962,0.477171041115016,0,0.164067040910011,0.0630323225543439,0.0260125279794714,0.0107988407309119,0.173426618350287,-0.16406704091001,8.88178419700125e-16,0.0177480624908632,0.0165426633329346,0.0047947469803189,0.0192590370370981,-0.0630323225543444,-0.0177480624908634,0,0.00567965012529947,0.000963781200227665,0.00348451392404353,-0.00667328670313017,0.000417618336417513,0.00178079075574838,-5.55111512312578e-17,-0.00173078147993616,0.0152760487197202,0.0292491943798808,0.0182056721219641,0.00638075055233628,-0.00144806980267714,0
8.88178419700125e-16,0.0573400925375642,0.0438374105552208,0.016027869048691,-0.0142127831505787,-0.0174919921360379,0.479056279340822,1.77635683940025e-15,0.162474256200213,0.0624242491159954,0.025905877288821,0.0105227120909017,0.174555418271216,-0.16247425620021,0,0.0175428433660594,0.0164189861828534,0.00465333360394915,0.0196384681229324,-0.0624242491159946,-0.0175428433660594,1.11022302462516e-16,0.00562285224630077,0.000931237060282086,0.00364654574708517,-0.00666451269890755,0.000439336535816237,0.00179343257034353,-5.55111512312578e-17,-0.00173319308943126,0.0153562566702898,0.0293210465382974,0.0182213170790329,0.00638148396188754,-0.00142598379839703,0
-1.77635683940025e-15,0.0577167659247682,0.0439305032449155,0.0160344580602443,-0.0144354984166393,-0.0176557134915649,0.480959153693744,1.77635683940025e-15,0.160920972985659,0.0618269871543617,0.0257895599804865,0.0102433471942156,0.175623178319968,-0.160920972985657,0,0.0173425482647875,0.0162922545479187,0.00451051129184687,0.0199848867268121,-0.0618269871543611,-0.0173425482647881,0,0.005565326742063,0.000898069278776781,0.00380534174343949,-0.00665773862634306,0.00045955257060859,0.00180534051677617,0,-0.00173555731443265,0.0154483339714999,0.0293894573193248,0.018236191189118,0.00638159111119169,-0.00140378150044096,0
0,0.0581105344669899,0.0440309996700936,0.0160417993070974,-0.0146654854478365,-0.0178244073708695,0.482880034131822,0,0.159383228755905,0.0612391527642,0.0256650013103208,0.00996136973369133,0.176650440321822,-0.159383228755904,8.88178419700125e-16,0.0171483442193718,0.0161627861426865,0.00436674612515642,0.0203043845325929,-0.0612391527641992,-0.0171483442193714,0,0.00550719256439292,0.000864413477891235,0.00396152314125903,-0.00665236437753369,0.00047801716089374,0.00181648600075734,0,-0.00173787687461879,0.0155503650590491,0.0294552929813032,0.0182502602006855,0.00638103142036317,-0.00138144033642384,0
0,0.0585174292380737,0.0441360500838064,0.0160494039818166,-0.0149010885403573,-0.0179967762279558,0.484813235892494,-3.5527136788005e-15,0.157844642937107,0.060658175382212,0.0255334140839238,0.00967715714016393,0.177653003158347,-0.157844642937111,-8.88178419700125e-16,0.0169600129030307,0.0160308737527179,0.00422229335236413,0.0206037006167985,-0.060658175382215,-0.0169600129030313,0,0.0054485479641736,0.000830366412640227,0.00411589147914954,-0.00664760100442358,0.000494755239231537,0.00182684617951684,0,-0.00174015258741983,0.0156600785509725,0.0295193006451663,0.0182635072243323,0.00637978060551103,-0.00135895414128845,0
8.88178419700125e-16,0.0589324573190462,0.0442435271491828,0.0160568438471591,-0.0151405214660647,-0.0181711855873647,0.486740082673684,-1.77635683940025e-15,0.156303826997616,0.0600821503911906,0.0253953362704724,0.00939081179343404,0.178636478973835,-0.156303826997616,8.88178419700125e-16,0.0167764071097407,0.0158966910144231,0.00407717231037186,0.0208885875432185,-0.0600821503911927,-0.0167764071097415,-1.11022302462516e-16,0.00538944026132571,0.000795968562125382,0.00426911148613629,-0.00664298582918277,0.000509970515609248,0.001836406955873,0,-0.00174238457838982,0.0157749446832761,0.029581761854552,0.0182759343249033,0.00637783027448058,-0.00133632298460507,0
-8.88178419700125e-16,0.0593579751723983,0.0443551653708543,0.0160643609173148,-0.0153847674879604,-0.0183482843237632,0.488660761450845,0,0.154770289312536,0.0595099767822251,0.025250391934021,0.0091018906344722,0.179592522991864,-0.154770289312536,0,0.0165958661784185,0.0157600731647616,0.0039309762474149,0.0211580704819903,-0.0595099767822272,-0.0165958661784199,-1.11022302462516e-16,0.00532980869711297,0.000761118478893819,0.00442106796815012,-0.00663854597213515,0.000523917147729425,0.00184515742048202,0,-0.00174456907239318,0.0158957755131635,0.0296425267147261,0.0182875531277615,0.00637521677145148,-0.00131358787049657,0
8.88178419700125e-16,0.0598005260322116,0.0444746080260066,0.0160726122410546,-0.0156364627497636,-0.018530033993768,0.490585676625381,0,0.153255670624393,0.0589421668051884,0.0250976439897865,0.00880971846067879,0.180506552729703,-0.153255670624389,8.88178419700125e-16,0.0164175181144479,0.0156206189699057,0.00378315303442012,0.0214066486189228,-0.0589421668051859,-0.0164175181144465,1.11022302462516e-16,0.00526952362328337,0.000725643627652039,0.00457101136888943,-0.00663485471949132,0.000536642984778124,0.0018530856529772,0,-0.00174670179619374,0.0160254408592647,0.0297011904457101,0.0182983689632493,0.00637199375149083,-0.00129079939703014,0
1.77635683940025e-15,0.0602651791173372,0.0446047375694345,0.0160821191709823,-0.0158976490995721,-0.0187179346065376,0.492518840829488,-1.77635683940025e-15,0.151770370397044,0.0583796346119225,0.0249364404740522,0.00851393312946946,0.181364890093605,-0.151770370397044,0,0.0162408452157976,0.0154780811015724,0.00363337097124017,0.0216294854102188,-0.0583796346119214,-0.0162408452157983,2.22044604925031e-16,0.00520850941019335,0.000689439660619184,0.00471811878769857,-0.00663244073167485,0.000548155878311196,0.00186017261988208,5.55111512312578e-17,-0.00174878021837671,0.0161662822151125,0.0297574068183482,0.0183083845695154,0.0063681958320051,-0.00126799396520161,0
-8.88178419700125e-16,0.0607547203843861,0.0447474137891035,0.0160932621514149,-0.0161694828145089,-0.0189127696845404,0.494454366941934,0,0.150324887084929,0.0578249726454434,0.0247664051862042,0.00821469279725306,0.182153814953717,-0.150324887084928,0,0.0160663219528701,0.015332431193297,0.00348164481873781,0.0218216994687154,-0.0578249726454412,-0.0160663219528703,0,0.00514677209501535,0.000652496844795514,0.00486126952968552,-0.00663204963088809,0.000558294205979748,0.00186639554122348,5.55111512312578e-17,-0.00175080359320245,0.0163199528616094,0.029810747208197,0.0183175858292793,0.0063638340384633,-0.00124519110906263,0
8.88178419700125e-16,0.0612688027193773,0.0449029889722325,0.016106179014276,-0.0164519188094614,-0.0191143387207457,0.496376431401528,3.5527136788005e-15,0.148927628635203,0.0572815427888589,0.024587528195525,0.00791256146811037,0.182862627866305,-0.148927628635201,0,0.0158950598305072,0.0151838398348128,0.00332826262607711,0.0219799343471948,-0.0572815427888568,-0.0158950598305069,0,0.00508438741860995,0.000614884886579237,0.00499935019558617,-0.00663446519830513,0.00056679332931231,0.00187173345813524,0,-0.0017527726049209,0.0164868609535938,0.0298608215717419,0.0183259463525811,0.00635890076213974,-0.00122239519269773,0
0,0.0618053730383572,0.0450706000652845,0.016120790762665,-0.0167441707719878,-0.0193219213597056,0.498268057561354,0,0.147580402183976,0.0567520546513407,0.0244002401227412,0.00760828609680075,0.183486669565147,-0.147580402183976,-8.88178419700125e-16,0.015728379758043,0.0150326082406211,0.00317366169666045,0.0221028447324874,-0.0567520546513397,-0.0157283797580434,-1.11022302462516e-16,0.0050214720993379,0.000576722520345685,0.00513150085763614,-0.00664021859436675,0.000573363088576251,0.00187617179867566,0,-0.00175468903876463,0.0166665462588201,0.0299074768771835,0.0183334349993792,0.00635337659347412,-0.00119959720905927,0
8.88178419700125e-16,0.0623613145257469,0.0452483358654074,0.0161368174325931,-0.0170449607097858,-0.0195344643390909,0.500115464709348,1.77635683940025e-15,0.146276287223905,0.0562373972229953,0.0242053384035827,0.00730254258779972,0.18402940519708,-0.146276287223903,8.88178419700125e-16,0.0155673225445589,0.0148790687900444,0.00301826621542034,0.0221919043067113,-0.0562373972229943,-0.0155673225445578,1.11022302462516e-16,0.0049581496082044,0.000538130982571938,0.00525740092145938,-0.00664936416110823,0.000577776189233159,0.00187970217321287,0,-0.00175655440053563,0.0168577260215234,0.0299509058119297,0.0183400246896777,0.00634724546789756,-0.00117679003603938,0
3.5527136788005e-15,0.0629325222855988,0.0454335156096288,0.0161537982425468,-0.0173525953097258,-0.0197506381195565,0.501907063790506,-1.77635683940025e-15,0.145002833214141,0.0557367531625808,0.0240038153508433,0.00699584246448914,0.18450049775941,-0.145002833214141,0,0.0154124542068335,0.0147235435198461,0.00286243997665814,0.0222510454491291,-0.0557367531625805,-0.0154124542068331,1.11022302462516e-16,0.00489452788237554,0.000499228971121646,0.00537726058873317,-0.00666154608209951,0.000579910598671629,0.00188232516574954,0,-0.00175837134228674,0.0170584193993593,0.0299915569757173,0.0183456988196322,0.00634048585201363,-0.00115395060461548,0
-8.88178419700125e-16,0.0635148484106898,0.0456234680621366,0.0161712020713836,-0.0176653426540048,-0.0199690861695618,0.503634112319965,0,0.143747139386255,0.0552472016515271,0.023796655183169,0.00668839450447045,0.18491195729507,-0.143747139386256,0,0.015263150421081,0.0145662850072803,0.00270634457825825,0.0222862217123242,-0.055247201651528,-0.0152631504210816,-1.11022302462516e-16,0.00483068409400245,0.000460091487312964,0.0054918260220711,-0.00667593577746534,0.000579906947481112,0.00188404333298897,0,-0.00176014111965045,0.0172662802716257,0.0300300474358819,0.0183504658936501,0.00633309202959398,-0.00113107101834636,0
0,0.0641034034356869,0.0458155580014585,0.016188471314142,-0.0179812901488532,-0.0201882345273683,0.505286060449855,-1.77635683940025e-15,0.142500323110843,0.0547655640555345,0.0235845634292016,0.00638017734184793,0.185275133615233,-0.142500323110843,0,0.0151182986761977,0.0144074404060976,0.00254999706592507,0.0223040810746973,-0.0547655640555343,-0.0151182986761981,0,0.00476665150579048,0.000420759857846065,0.00560207733789542,-0.00669172507016014,0.00057800914673356,0.00188486240336294,0,-0.0017618655767494,0.0174786298009251,0.0300669030212063,0.0183543482382529,0.00632505856804672,-0.00110813409923094,0
1.77635683940025e-15,0.0646996231962191,0.0460115039255422,0.0162058886524656,-0.0183011267695594,-0.020408361881004,0.506851513210218,-1.77635683940025e-15,0.141278382677635,0.0542930419552299,0.0233670514565976,0.00607107360788639,0.185573786731983,-0.141278382677637,-8.88178419700125e-16,0.0149770117197745,0.0142469144489121,0.00239315946896124,0.022301396012065,-0.0542930419552294,-0.0149770117197742,0,0.0047024087588392,0.000381160716427797,0.00570718589911934,-0.0067094541044399,0.000574353838624697,0.00188477359537575,0,-0.00176354085877545,0.0176962172711256,0.0301016782132901,0.0183573668778406,0.00631643892896977,-0.00108519941379459,0
3.5527136788005e-15,0.0653083815328133,0.0462150314981988,0.0162241536861263,-0.0186269890757114,-0.0206307759549205,0.508317199480112,-1.77635683940025e-15,0.140106416836749,0.0538335810426727,0.0231430566665551,0.00576092538003259,0.185777610568249,-0.140106416836754,-8.88178419700125e-16,0.0148391469526237,0.014084453894279,0.00223551007941492,0.0222691636620828,-0.0538335810426744,-0.0148391469526249,-1.11022302462516e-16,0.00463789224882916,0.000341171520948147,0.00580515986835717,-0.00673052689865161,0.00056886359244146,0.00188376111243471,0,-0.00176516240178937,0.0179217164652742,0.0301334736135747,0.0183595324082784,0.00630730424639486,-0.00106234344548567,0
-8.88178419700125e-16,0.0659337834141125,0.0464283364852411,0.016243683806481,-0.0189605243878663,-0.020856593813936,0.5096747999533,-1.77635683940025e-15,0.138993106504348,0.0533890841656017,0.022912216605393,0.00544969273247631,0.185868029228245,-0.138993106504349,0,0.014704902036895,0.0139199384916706,0.00207691320471781,0.0222012436357359,-0.0533890841656004,-0.0147049020368955,0,0.00457307617179115,0.000300733291577537,0.00589449767408712,-0.006755680317167,0.000561412838017361,0.00188181452436287,-5.55111512312578e-17,-0.00176672832887387,0.018157145923433,0.0301619468854989,0.0183608507758244,0.00629770135827329,-0.00103961180878487,0
8.88178419700125e-16,0.0665784399559257,0.0466518885144769,0.016264593551921,-0.0193026441627095,-0.0210865236346383,0.510919254883433,-1.77635683940025e-15,0.137931714181194,0.0529598385193157,0.0226748033311672,0.0051374899580825,0.185838910049467,-0.137931714181194,8.88178419700125e-16,0.0145749911937223,0.0137533943182717,0.00191744211865341,0.022094511543413,-0.0529598385193157,-0.0145749911937217,1.11022302462516e-16,0.0045079777290995,0.00025985535125761,0.00597422361862804,-0.00678507074101842,0.000551785949781392,0.00187893212387963,0,-0.00176823931390313,0.0184036196468478,0.0301872332590173,0.0183613149333056,0.0062876498902763,-0.00101701621399736,0
-8.88178419700125e-16,0.0672427927592354,0.0468850103858331,0.0162867798063324,-0.0196533616636989,-0.0213206178230561,0.512041951015489,0,0.136912150080885,0.0525457444621189,0.0224314229084204,0.00482464539159366,0.185689031960885,-0.136912150080883,0,0.0144502275735112,0.0135850025782105,0.00175733136248812,0.0219477985384134,-0.0525457444621148,-0.0144502275735097,1.11022302462516e-16,0.00444266277412553,0.000218602130729995,0.00604363159872517,-0.00681862316976806,0.000539779335663293,0.00187512105667598,5.55111512312578e-17,-0.00176969695390555,0.01866125340638,0.0302095947067262,0.0183609138788148,0.00627715601934198,-0.00099455450333874,0
8.88178419700125e-16,0.0679250713899648,0.0471266085620003,0.0163100377749954,-0.0200119095256053,-0.0215582640691059,0.513025989538942,1.77635683940025e-15,0.135931772192485,0.0521478929841095,0.0221826234660245,0.00451166192371666,0.185414238716177,-0.135931772192484,0,0.0143314356498641,0.0134150295768176,0.00159690157765802,0.0217600449554721,-0.0521478929841095,-0.0143314356498646,-1.11022302462516e-16,0.00437721893421894,0.000177073114959181,0.00610189178529574,-0.00685655688269826,0.000525207370123681,0.00187039790169302,0,-0.00177110408173708,0.0189294289742792,0.0302290597032284,0.0183596327183495,0.00626620999423377,-0.000972203440122166,0
0,0.0686214684993933,0.0473752376141361,0.0163340480295595,-0.0203767823646004,-0.0217982028596628,0.513850089104652,0,0.134994840392546,0.0517671520485621,0.0219289010584482,0.00419903525547838,0.185009387462819,-0.134994840392547,0,0.0142186585480362,0.0132437711483107,0.00143642245318887,0.0215318065943957,-0.0517671520485604,-0.0142186585480356,0,0.00431173873094148,0.000135365306575597,0.00614845478313059,-0.00689904843780748,0.000508089807744805,0.00186478320304773,5.55111512312578e-17,-0.00177246291729266,0.0192065962938498,0.0302455576075992,0.0183574767036644,0.00625480739127932,-0.000949946222405518,0
1.77635683940025e-15,0.0693276326662966,0.0476290984056638,0.0163584324509083,-0.0207462591861383,-0.0220390114083377,0.514497103278773,0,0.134103198725469,0.0514037289862443,0.0216707558807112,0.0038871440129693,0.184473870732461,-0.134103198725468,0,0.0141117857300763,0.0130714792832718,0.0012761035506994,0.021265094114386,-0.0514037289862423,-0.014111785730077,-1.11022302462516e-16,0.00424629885058259,9.3558442735453e-05,0.00618314253601532,-0.00694612334715417,0.000488479607919146,0.00185829914791524,0,-0.00177377540013562,0.0194908167858291,0.0302591093022771,0.0183544553402678,0.00624294745592879,-0.000927767975367866,0
8.88178419700125e-16,0.0700394836457336,0.0478858193350007,0.0163826906028364,-0.0211186210333727,-0.0222793851793348,0.514961089451116,0,0.133247468939718,0.0510549638772719,0.0214088814270159,0.00357604875040174,0.183818549172202,-0.133247468939717,8.88178419700125e-16,0.014010112031265,0.0128983282619961,0.0011160316380705,0.0209652861389567,-0.0510549638772724,-0.0140101120312639,0,0.00418094346067899,5.17056483276268e-05,0.00620671885734009,-0.0069970384674462,0.000466569429778685,0.00185096668445495,5.55111512312578e-17,-0.00177504360682723,0.0197798120230538,0.0302701867915655,0.0183505937580132,0.0062306284893926,-0.000905648796626468,0
-1.77635683940025e-15,0.0707530476749003,0.0481425242697799,0.0164062413388137,-0.0214921057374804,-0.0225180791281216,0.515246483226914,1.77635683940025e-15,0.132408591679653,0.0507159538877566,0.0211441062541837,0.00326556724198745,0.183065332107779,-0.132408591679652,0,0.0139125609980209,0.0127244317365012,0.000956207580248503,0.0206407860443701,-0.0507159538877547,-0.0139125609980206,-5.55111512312578e-17,0.0041156937437794,9.83871931792279e-06,0.00622082667790486,-0.00705041199143092,0.000442642591668096,0.00184280442730705,0,-0.0017762694582808,0.0200709976070373,0.0302796280102337,0.0183459285323509,0.00621784979352891,-0.000883568394134226,0
-1.77635683940025e-15,0.0714688546075486,0.0484006788144447,0.016429348223177,-0.021867051578031,-0.0227550474145879,0.515333545720818,1.77635683940025e-15,0.131606935811602,0.0503900246911186,0.0208759898715059,0.00295591399184048,0.182191075295012,-0.131606935811598,0,0.0138190743740774,0.0125497879852778,0.000796572004268192,0.0202861683045464,-0.0503900246911179,-0.0138190743740771,-5.55111512312578e-17,0.0040505632642191,-3.20779365896029e-05,0.00622384123792241,-0.007107314977846,0.00041668673657258,0.00183381820365475,0,-0.00177745030521353,0.0203649555999437,0.0302867571286775,0.0183404851164247,0.00620467491298021,-0.000861589694681142,0
0,0.0721891286363086,0.0486635130499575,0.0164526072772233,-0.0222446191517633,-0.0229906532295718,0.515187253518704,0,0.130881630892633,0.0500846859333581,0.0206036090490915,0.00264759322346997,0.18114887830869,-0.130881630892631,0,0.0137302146575164,0.0123743817060831,0.000637088057871438,0.0198890183438641,-0.0500846859333584,-0.0137302146575164,0,0.00398557537268568,-7.40981839259525e-05,0.00621231039029135,-0.00717007937104264,0.000388520029328876,0.00182401085173201,0,-0.00177858176822099,0.0206635573939474,0.0302901706915626,0.0183342848177364,0.00619120154771102,-0.000839817632461104,0
1.77635683940025e-15,0.0729168168132919,0.0489324779852627,0.016476277050991,-0.0226259767650259,-0.0232255937072292,0.514786987353396,-1.77635683940025e-15,0.13024095111993,0.0498027649602051,0.0203268167441273,0.0023408404112395,0.17991418608718,-0.130240951119931,0,0.0136467602486912,0.0121982115868553,0.000477774302104272,0.0194416395607322,-0.0498027649602046,-0.0136467602486912,5.55111512312578e-17,0.00392074471069398,-0.000116245305380347,0.00618396190133225,-0.00723965459477793,0.000357905663676106,0.00181339187637997,0,-0.00177966255602235,0.0209682731941483,0.0302894529479328,0.018327334164727,0.00617749261585371,-0.000818308499417164,0
0,0.0736546729015473,0.0492068992725603,0.0165002243428702,-0.0230119106574502,-0.0234606454106601,0.514127629586126,0,0.129661159339115,0.0495419780381852,0.0200463325893949,0.00203567772767954,0.178489652874449,-0.129661159339117,0,0.0135695808414962,0.0120213583814373,0.000318754933957166,0.0189425960841988,-0.0495419780381867,-0.0135695808414966,5.55111512312578e-17,0.00385609926393371,-0.000158492191197179,0.00613812433315292,-0.00731538234556295,0.000324604040605359,0.00180198204388016,0,-0.00178069423357241,0.0212797565265303,0.0302852423583238,0.0183196235944506,0.00616356972505588,-0.000797065575821099,0
0,0.0744034262923456,0.0494850110989411,0.0165240928957608,-0.0234023651054116,-0.0236960338373944,0.513206706418343,0,0.129113235939133,0.0492986337834296,0.0197631145612611,0.00173211041368049,0.176888131210399,-0.129113235939137,0,0.0134992567487942,0.011843976704605,0.000160209483932583,0.0183939151409087,-0.049298633783432,-0.0134992567487939,-5.55111512312578e-17,0.00379168111774336,-0.000200777616111425,0.00607495309937373,-0.00739611678436075,0.000288474059982113,0.00178981094120517,0,-0.00178167982011446,0.021597623498096,0.0302784171424352,0.0183111419419661,0.00614942802566226,-0.000776059796579687,0
1.77635683940025e-15,0.0751616279174225,0.0497655300998652,0.0165475668335642,-0.0237966181054006,-0.0239312890541061,0.512011097995384,0,0.128589305861681,0.0490717129030802,0.0194777131706569,0.00143032518226427,0.175110019861682,-0.128589305861683,-8.88178419700125e-16,0.0134359283835108,0.0116662513852335,2.30684645430301e-06,0.0177961165420288,-0.049071712903081,-0.0134359283835118,0,0.00372753949608906,-0.000243036106933936,0.00599410551640478,-0.00748151634799543,0.000249504488408436,0.00177691124741786,0,-0.00178262206343521,0.0219209612255541,0.0302692423279264,0.0183018903985774,0.00613506229220306,-0.000755262772399456,0
1.77635683940025e-15,0.0759253317694348,0.0500476077213943,0.0165703582990329,-0.0241931598476182,-0.02416512987506,0.510520685727363,1.77635683940025e-15,0.128104405627449,0.0488625624946266,0.0191902456721156,0.0011306372125528,0.173143735227959,-0.128104405627447,0,0.0133789489173015,0.0114883687567406,-0.000154848980688627,0.0171490434510727,-0.0488625624946251,-0.0133789489173009,0,0.00366372108445584,-0.000285213466413137,0.00589494015791586,-0.00757200560614629,0.000207906928044399,0.00176331513141254,5.55111512312578e-17,-0.00178352299238871,0.022248103787042,0.030257366560742,0.0182919002676499,0.00612047620139577,-0.000734657612927458,0
0,0.0766899213221865,0.0503302097465657,0.0165921620980907,-0.0245902321292952,-0.0243960657616302,0.508721270672304,0,0.127674729137183,0.0486723857108107,0.0189007649069133,0.000833297960060264,0.170980917402082,-0.127674729137184,0,0.0133274836770991,0.0113104755716771,-0.000311205819588434,0.016453844548536,-0.0486723857108102,-0.0133274836770994,-5.55111512312578e-17,0.00360025978122464,-0.000327272058199102,0.00577717148927293,-0.00766800409270496,0.000163942330325573,0.00174905197381359,0,-0.00178438420735866,0.0225770194416858,0.0302424220998959,0.0182812126238734,0.0061056791394869,-0.0007142343040486,0
1.77635683940025e-15,0.0774518528053498,0.050611492547624,0.0166125688055025,-0.0249863140319508,-0.0246230135926542,0.506615429794039,0,0.127295078626549,0.0484987287885286,0.0186096804126912,0.000538228569928023,0.16863296278654,-0.127295078626547,4.44089209850063e-16,0.0132806189220123,0.011132657567769,-0.00046676435139581,0.0157159232981582,-0.0484987287885272,-0.0132806189220123,-5.55111512312578e-17,0.00353716527903747,-0.00036918504554212,0.00564182694136089,-0.00776882647328947,0.00011788382984651,0.00173414745109518,0,-0.00178520789362213,0.0229056373482924,0.0302247505465662,0.018269865714571,0.00609066666079561,-0.000693965767363247,0
1.77635683940025e-15,0.0782088930234881,0.0508888943069365,0.0166311174667317,-0.0253802113543387,-0.0248453563027411,0.504222020302725,0,0.126937213309473,0.0483353809412996,0.0183177572346889,0.00024502380011171,0.16613272588957,-0.126937213309474,0,0.0132374480900261,0.0109549440584162,-0.000621571831344259,0.0149450765446427,-0.0483353809413008,-0.0132374480900264,5.55111512312578e-17,0.00347442843383367,-0.000410939736759985,0.00549134207144431,-0.00787260238666909,6.99923508145628e-05,0.0017186221342636,0,-0.00178599624202547,0.0232319697777785,0.0302054525051146,0.0182578952264196,0.00607542937614414,-0.000673819739911652,0
-5.32907051820075e-15,0.0789599059119865,0.0511631915817663,0.0166479411705325,-0.0257715651163632,-0.0250625489493803,0.501520950126157,0,0.126625169384546,0.0481873102465702,0.0180247658384154,-4.57134288947003e-05,0.163455014486228,-0.126625169384547,-4.44089209850063e-16,0.0131985258050404,0.0107774890818111,-0.000775491723976174,0.0141352321714491,-0.0481873102465718,-0.0131985258050405,5.55111512312578e-17,0.00341211301286143,-0.000452523473439048,0.00532369417516609,-0.00798080023492509,2.0161230734228e-05,0.0017025055895894,-5.55111512312578e-17,-0.00178674749767077,0.0235558589823073,0.0301836432457524,0.0182453255136505,0.00606003996210347,-0.000653864990379227,0
1.77635683940025e-15,0.0797051870922463,0.051436974044389,0.0166634214778902,-0.0261607906448003,-0.0252743245809324,0.498464792456089,0,0.126409724375993,0.0480653943366995,0.0177299937931821,-0.000332850842550414,0.160536734666191,-0.126409724375993,0,0.0131652718253186,0.0106004961940176,-0.000928297388020027,0.0132699414629319,-0.0480653943366982,-0.0131652718253186,-5.55111512312578e-17,0.00335031321611085,-0.000493925941233653,0.0051338516244982,-0.00809673006406664,-3.19476297236387e-05,0.00168583392243232,0,-0.00178745846465078,0.0238783585741665,0.0301573701152516,0.0182321711666196,0.00604461574524262,-0.000634221550357528,0
1.77635683940025e-15,0.0804458986508152,0.0517106176929563,0.0166775599139459,-0.0265482844785225,-0.0254808524409231,0.495028949371225,0,0.126298046219569,0.0479728615590851,0.0174336189040485,-0.000615815622911242,0.157353385678197,-0.126298046219568,4.44089209850063e-16,0.0131388335177127,0.0104241435705767,-0.00107978717956403,0.0123416578740204,-0.0479728615590842,-0.0131388335177131,-5.55111512312578e-17,0.00328909968888547,-0.000535122569103652,0.00491932407840917,-0.00822133332451025,-8.66074590555321e-05,0.00166864610043227,0,-0.00178812834400466,0.0241998530275081,0.0301261600429727,0.018218435939434,0.00602923377738473,-0.000614958121305853,0
0,0.0811847994313322,0.0519825865055985,0.0166900362822648,-0.0269347319312221,-0.0256830134136088,0.491208983612294,-3.5527136788005e-15,0.12625105213951,0.0479052204138277,0.0171366097016037,-0.000894715128612944,0.153920646625877,-0.126251052139512,0,0.013120296916826,0.0102485397046803,-0.00122980197636524,0.0113513187483387,-0.0479052204138288,-0.0131202969168263,-5.55111512312578e-17,0.0032285029737571,-0.000576073036821556,0.00468020200093283,-0.00835313735814203,-0.000144104278524959,0.00165097988005819,0,-0.00178875935549105,0.0245205235469584,0.0300910865776961,0.0182040849241102,0.00601390257534118,-0.00059606115461297,0
-1.77635683940025e-15,0.081923161022404,0.0522505793760235,0.0167004118585066,-0.0273201753170245,-0.0258813209183284,0.487011324995192,0,0.12622237505267,0.0478553237591726,0.0168400827235526,-0.00116990098206315,0.150271014517606,-0.126222375052671,-4.44089209850063e-16,0.0131099109000683,0.0100737840189558,-0.0013782446199686,0.0103053964434154,-0.0478553237591729,-0.0131099109000681,5.55111512312578e-17,0.0031685403182925,-0.000616735016864184,0.00441819166276997,-0.00848981623328127,-0.000204487186645286,0.00163287160230763,0,-0.00178935436051586,0.0248396868344627,0.0300536498783153,0.0181891018383299,0.00599860873222602,-0.000577492476897201,0
-1.77635683940025e-15,0.0826599167562705,0.052513324159607,0.0167083476476133,-0.0277040313727728,-0.0260755113484041,0.482431573507027,0,0.126199460644434,0.0478203985898134,0.0165444526060803,-0.00144152325042235,0.146413812472216,-0.126199460644436,0,0.0131072796127163,0.00989993573480996,-0.00152509892112418,0.00920695708970654,-0.0478203985898155,-0.0131072796127167,-5.55111512312578e-17,0.00310921208291767,-0.000657082272287252,0.00413394004270939,-0.00863050752410721,-0.000267628841203293,0.00161435134159571,0,-0.00178991596305739,0.0251562532210919,0.0300143377045688,0.0181734936747262,0.0059833376862487,-0.000559214087633819,0
-3.5527136788005e-15,0.083391602570412,0.052770577789536,0.0167135933139981,-0.0280850393308363,-0.0262644981867961,0.477457272596105,0,0.126206353842967,0.0478017294646627,0.0162494783094314,-0.00170948835537743,0.142332504238643,-0.126206353842967,0,0.0131109330165327,0.00972703357934623,-0.00167044330888944,0.00805597290787008,-0.0478017294646601,-0.0131109330165325,0,0.00305050788343184,-0.000697109409625613,0.00382707634025251,-0.00877573689303562,-0.000333084488897739,0.0015954424800973,-5.55111512312578e-17,-0.00179044599594591,0.0254685994747311,0.0299725942679065,0.0181573239342101,0.00596808956023642,-0.000541206501194158,0
1.77635683940025e-15,0.0841136514300711,0.0530219628016564,0.0167159098708503,-0.0284615676266551,-0.0264468400986129,0.472085295348288,1.77635683940025e-15,0.126273061026438,0.0478017895658009,0.0159547371611239,-0.0019736625143647,0.13801198714925,-0.126273061026437,0,0.013119543473644,0.00955507208147566,-0.00181438322066718,0.0068530023697059,-0.0478017895657993,-0.013119543473644,-5.55111512312578e-17,0.00299240564611861,-0.00073682511758541,0.00349736898111019,-0.00892645868888697,-0.000400457253769138,0.00157616235965902,0,-0.00179094598037352,0.0257747025366163,0.0299276055657497,0.018140655288411,0.00595286903242476,-0.000523456702285818,0
3.5527136788005e-15,0.0848234453291319,0.0532663109438154,0.0167150223665864,-0.0288324989095798,-0.0266217936711719,0.466327970955529,-1.77635683940025e-15,0.126399336600008,0.0478184811998084,0.015660343707923,-0.00223423982282078,0.133463314849756,-0.126399336600009,-4.44089209850063e-16,0.0131319842088784,0.00938403556920164,-0.00195701366875856,0.00560347334703375,-0.0478184811998094,-0.0131319842088791,-2.77555756156289e-17,0.00293487972566805,-0.000776233714546437,0.00314620804011204,-0.00908210685103475,-0.000469406732893307,0.00155652692172295,0,-0.00179141771739036,0.0260728993819594,0.0298795565948402,0.0181235373801963,0.00593766720213251,-0.000505937415234192,0
-1.77635683940025e-15,0.0855200391205813,0.0535015686987101,0.0167106701412507,-0.0291971289857038,-0.0267892430526402,0.460217267639727,0,0.126550639834978,0.0478447711837084,0.0153669303546184,-0.00249183539437325,0.128731977599357,-0.126550639834978,0,0.0131474688578535,0.00921386755460007,-0.00209843772332885,0.0043192379412868,-0.0478447711837114,-0.0131474688578536,-2.77555756156289e-17,0.00287789234552388,-0.00081534199323785,0.00277712096358981,-0.00924045617589817,-0.000539705839925325,0.0015365472843675,2.77555756156289e-17,-0.00179186325402286,0.0263618287207318,0.0298297729840117,0.0181059957121641,0.00592245964652638,-0.000488605188377123,0
0,0.0862016506842735,0.0537279820467909,0.0167028375005565,-0.0295547875556323,-0.0269485482303189,0.453740859716611,0,0.126751732200407,0.0478866562118796,0.0150745441356808,-0.00274548283186427,0.123794006758291,-0.126751732200408,0,0.0131671198517607,0.00904488289055427,-0.00223833597395773,0.00299385652676394,-0.0478866562118797,-0.013167119851761,1.38777878078145e-17,0.00282155653368142,-0.000854091481778327,0.00238799762445724,-0.00940319849510124,-0.000611554141845549,0.00151628096447978,0,-0.00179228159915393,0.026640839809149,0.0297771920490805,0.0180880390052498,0.00590732481113465,-0.000471533997554729,0
0,0.0868660694895418,0.0539467954070787,0.0166914897818149,-0.0299048810753533,-0.0270987624378698,0.4468582464162,0,0.127060487354507,0.0479572671373507,0.0147828167212545,-0.00299342332881203,0.1185818936614,-0.127060487354507,0,0.0131930947441599,0.00887752394642138,-0.00237622212504762,0.00160978023800632,-0.0479572671373506,-0.01319309474416,-3.46944695195361e-17,0.00276603949434157,-0.000892406381048094,0.00197320112362065,-0.00957429925794773,-0.000685414356509456,0.00149580611890968,0,-0.00179267074217604,0.0269094246238727,0.0297193292580631,0.0180696579333596,0.00589239528549923,-0.000454857031355393,0
-3.5527136788005e-15,0.0875133704201954,0.054157578470587,0.0166763779440124,-0.0302473431356631,-0.0272398693920746,0.439550191442688,1.77635683940025e-15,0.127482261783015,0.0480602363144396,0.0144922032804189,-0.00323477308358022,0.113076071019003,-0.127482261783015,0,0.013227014760437,0.00871213106768076,-0.00251172109678333,0.00016012317868188,-0.0480602363144375,-0.013227014760437,-2.77555756156289e-17,0.00271145946959657,-0.000930214918584513,0.00153049145008405,-0.00975468679595456,-0.000761633548354956,0.00147519276220989,-2.77555756156289e-17,-0.0017930307001725,0.0271671090738824,0.0296555984056808,0.0180508250716092,0.0058777455665584,-0.000438640360686415,0
1.77635683940025e-15,0.0881460436044303,0.0543584598001168,0.0166571674349996,-0.0305827116345689,-0.0273728341480322,0.431821056645866,-1.77635683940025e-15,0.127966088202369,0.0481890606332929,0.0142038564843094,-0.00346975488568191,0.107313014913602,-0.127966088202371,-4.44089209850063e-16,0.0132699016014621,0.00854885665825122,-0.00264464604636494,-0.00134965492316604,-0.0481890606332951,-0.0132699016014626,4.16333634234434e-17,0.00265785882954431,-0.000967468550003445,0.00106165391045523,-0.00994204686223263,-0.000840458073488842,0.00145448937604609,0,-0.0017933633596261,0.0274136944382487,0.0295875282005033,0.0180314859944816,0.00586337921394353,-0.000422870816904952,0
3.5527136788005e-15,0.0887665465910725,0.0545475414434353,0.0166335689657515,-0.0309115030729377,-0.0274986912933137,0.423682932864551,-1.77635683940025e-15,0.128453132629202,0.0483342450246944,0.0139188440367946,-0.00369911768513376,0.101343732144563,-0.128453132629203,0,0.0133217664456793,0.00838770373685582,-0.00277499798824721,-0.00290928148123529,-0.0483342450246952,-0.0133217664456792,-4.16333634234434e-17,0.00260522008315126,-0.00100414870983809,0.00057006299793691,-0.0101331883637653,-0.000921888023900697,0.00143372273051207,0,-0.00179367133850455,0.02764896593879,0.0295171813415306,0.0180116034981387,0.00584925943901027,-0.000407491909897972,0
1.77635683940025e-15,0.089374596843852,0.0547239536860591,0.0166053721653903,-0.0312334710561064,-0.0276175182344556,0.415143436705955,0,0.128926631339258,0.0484909909811915,0.0136374148283043,-0.0039233925240989,0.0951892225906206,-0.128926631339258,0,0.0133814330982733,0.00822859214699512,-0.00290292618240118,-0.0045119491734435,-0.0484909909811915,-0.0133814330982734,-5.55111512312578e-17,0.00255349303730386,-0.00104027190844416,5.79121186056741e-05,-0.0103266121669046,-0.00100558622943006,0.00141290265829502,-2.77555756156289e-17,-0.00179395674327962,0.0278720897122334,0.0294453773941028,0.0179912071339707,0.00583535864244411,-0.000392459433700254,0
1.77635683940025e-15,0.0899671160721862,0.0548877841239719,0.0165723618274232,-0.0315476272180764,-0.0277283579662839,0.40620251593109,0,0.129418215570313,0.0486610613463885,0.0133588987714326,-0.0041426805096183,0.0888299337139991,-0.129418215570312,0,0.0134470800743562,0.00807136609024828,-0.00302868475562601,-0.00615733475177337,-0.0486610613463891,-0.0134470800743562,-2.77555756156289e-17,0.0025026019784524,-0.0010758874599186,-0.000474807318825932,-0.0105231581678792,-0.00109103704966787,0.00139202367446672,-2.77555756156289e-17,-0.00179422107901808,0.028081541432061,0.0293712697810917,0.0179703757771102,0.0058216674033742,-0.000377751121405701,0
0,0.0905400790131292,0.0550390410958439,0.0165343228127117,-0.0318526388464466,-0.0278299520022021,0.396870841667639,-1.77635683940025e-15,0.12996807574465,0.0488473429118166,0.0130825229236837,-0.00435693638930346,0.0822444586182778,-0.129968075744649,0,0.0135167854222502,0.00791588231218987,-0.00315252148579903,-0.00784481898910178,-0.0488473429118173,-0.0135167854222501,-8.32667268468867e-17,0.00245247586188888,-0.00111104496034342,-0.00102804945754627,-0.0107240577383764,-0.0011776801912033,0.00137107880862121,2.77555756156289e-17,-0.00179446559101859,0.0282754681513092,0.0292936819389704,0.017949207341831,0.00580818283701123,-0.000363353179928638,0
-3.5527136788005e-15,0.0910916255473015,0.0551770932975373,0.0164911064826754,-0.0321477876647425,-0.0279218125417557,0.387171166212291,0,0.130580862476743,0.0490483140275,0.0128080552383825,-0.00456648655048753,0.075443861487053,-0.130580862476744,-2.22044604925031e-16,0.0135893455676168,0.00776198389659832,-0.00327464653919707,-0.00956877973875833,-0.0490483140274999,-0.0135893455676171,-1.11022302462516e-16,0.00240304379522394,-0.00114578610133026,-0.0016000236995095,-0.0109289999045752,-0.00126518259791802,0.00135005963131232,0,-0.00179469170912738,0.0284526769927441,0.0292125939854921,0.0179277532065598,0.00579488547156504,-0.000349234697176848,0
0,0.0916223794131792,0.0553008015833356,0.0164427471932651,-0.0324330271667321,-0.0280043878205802,0.377140580890943,-1.77635683940025e-15,0.131218311187613,0.0492567670526789,0.0125360157963925,-0.0047720965978133,0.0684816850413705,-0.131218311187615,0,0.013664148955211,0.0076095615298013,-0.00339519218702633,-0.0113165724281653,-0.0492567670526802,-0.013664148955211,-2.77555756156289e-17,0.00235425387926194,-0.00118012920740657,-0.00218646348181485,-0.0111356100188143,-0.00135337885231665,0.00132896471234964,2.77555756156289e-17,-0.00179490098580509,0.0286128953740712,0.0291295387582158,0.0179060238709124,0.00578173844799512,-0.000335346665079617,0
-1.77635683940025e-15,0.0921301289686554,0.0554099061306026,0.0163890415999344,-0.0327075258261722,-0.0280770648352409,0.366781495108363,8.88178419700125e-16,0.131904597735613,0.049479333244661,0.0122666387441432,-0.00497252860437403,0.06133997601446,-0.131904597735612,0,0.0137428351977884,0.00745903654387026,-0.00351371183102667,-0.0130939865917693,-0.0494793332446606,-0.0137428351977884,1.66533453693773e-16,0.00230625090824882,-0.00121398486512209,-0.00278911009087215,-0.0113457322646824,-0.00144258086539062,0.00130787356786179,0,-0.00179509308258249,0.0287550184032986,0.0290432378035019,0.0178839905593947,0.00576881904472837,-0.000321763565200861,0
-3.5527136788005e-15,0.0926107262955931,0.0555042297469228,0.016329481910061,-0.0329698697203593,-0.02813856502992,0.356080250353629,-8.88178419700125e-16,0.132699844833446,0.0497297877663527,0.0120000507266589,-0.00516538926875398,0.0539595086537084,-0.132699844833446,0,0.0138279577183045,0.00731114009160549,-0.0036294447233316,-0.0149164677912706,-0.0497297877663516,-0.0138279577183045,0,0.00225928798054814,-0.00124720194420569,-0.0034129088091762,-0.011563417696098,-0.00153325363525778,0.00128691627089666,1.38777878078145e-17,-0.00179526704490879,0.0288770045205002,0.0289507607775609,0.0178616163395344,0.00575626838740662,-0.000308627652361171,0
0,0.0930634037732538,0.055582829268932,0.0162636453734937,-0.0332196838492074,-0.0281888338777811,0.345036115446899,-1.77635683940025e-15,0.133607274254562,0.0500117158451143,0.0117369020367892,-0.00534957171655215,0.0463342592511296,-0.133607274254562,-1.11022302462516e-16,0.0139214101548262,0.00716633147813484,-0.00374189419417126,-0.0167880765755967,-0.0500117158451148,-0.0139214101548262,0,0.00221351860778485,-0.00127967720830341,-0.00405896103354288,-0.0117894607669834,-0.00162577736420311,0.00126618665474005,0,-0.00179542327844785,0.0289777422851808,0.0288514213790694,0.0178388358558426,0.00574415839379983,-0.000296006174661856,0
1.77635683940025e-15,0.0934911223145338,0.055644438024876,0.0161914136862649,-0.0334577372872147,-0.0282291846691987,0.333661861611906,0,0.134568466244128,0.0503175262205522,0.0114784162243371,-0.00552545517197434,0.038519644062861,-0.13456846624413,-3.33066907387547e-16,0.0140241748878883,0.00702479258146405,-0.00385085069821822,-0.018699649574521,-0.0503175262205521,-0.0140241748878884,1.11022302462516e-16,0.00216899456318803,-0.00131135372073787,-0.00472384310276072,-0.0120210192410552,-0.00172037326557194,0.0012457375409043,-2.77555756156289e-17,-0.00179556334207494,0.0290575651185,0.028747179581334,0.0178155653476619,0.00573247862992821,-0.000283878393298576,0
0,0.093897491774424,0.0556882452297529,0.0161128961103358,-0.0336850647057645,-0.0282611446963195,0.321974505866998,0,0.135516587159778,0.0506363886032801,0.0112255916669195,-0.00569415271913343,0.0305843338161533,-0.135516587159779,-2.22044604925031e-16,0.0141360472678532,0.00688646393780989,-0.00395638036101975,-0.0206374056700082,-0.0506363886032798,-0.0141360472678536,-1.11022302462516e-16,0.00212568026595888,-0.00134222932196271,-0.0054025743234372,-0.0122543471841854,-0.00181699334545554,0.0012255814875492,-2.77555756156289e-17,-0.00179568913061229,0.0291173689999052,0.0286406927521435,0.0177917545546886,0.00572117581963028,-0.000272179242339132,0
0,0.0942833828596585,0.0557141751792578,0.0160281717142823,-0.0339019666721292,-0.0282851664932622,0.309988671914256,0,0.136432324879738,0.050962384675211,0.0109783735037041,-0.00585662742094684,0.0225570919745668,-0.136432324879738,-1.11022302462516e-16,0.0142553670531361,0.00675107217241111,-0.00405881638992001,-0.0225921681739139,-0.0509623846752103,-0.0142553670531362,1.11022302462516e-16,0.00208346344707699,-0.00137237078440672,-0.00609187165815386,-0.0124876556259372,-0.00191521079106936,0.00120569089161759,2.77555756156289e-17,-0.00179580219215242,0.0291572571344448,0.0285330839754103,0.0177674489870471,0.00571020399944855,-0.00026085383493224,0
1.77635683940025e-15,0.0946461794360216,0.0557224043334665,0.0159370832866514,-0.034107706921076,-0.0283004091448804,0.297719292897878,8.88178419700125e-16,0.137351218025025,0.0512969432501658,0.0107357907315784,-0.00601315030992922,0.0144185311171873,-0.137351218025026,-2.22044604925031e-16,0.0143798687778192,0.00661829840866091,-0.004158564925413,-0.0245622064941965,-0.0512969432501665,-0.0143798687778194,-5.55111512312578e-17,0.00204221552813272,-0.00140187112654822,-0.00679112641478186,-0.0127218238810895,-0.00201441486741838,0.00118602530293339,0,-0.00179590360943069,0.0291760196677455,0.0284233421767264,0.0177427616874731,0.00569954362167269,-0.000249877139804622,0
8.88178419700125e-16,0.0949824576405884,0.0557129116993105,0.0158393774268353,-0.0343012807375356,-0.0283057239252047,0.285186037497503,0,0.138320199469163,0.0516432292254665,0.0104967064744095,-0.0061637549428486,0.00613970367451377,-0.138320199469163,-2.22044604925031e-16,0.0145073464683788,0.00648782670911241,-0.0042560240115147,-0.0265473606543263,-0.0516432292254669,-0.0145073464683788,5.55111512312578e-17,0.00200181044322606,-0.00143082555537283,-0.00750031076887703,-0.0129583538709693,-0.00211400672631623,0.00116654171199977,0,-0.00179599427577903,0.0291720706394191,0.0283099002338369,0.0177178201730243,0.00568918439251354,-0.000239234863973481,0
-8.88178419700125e-16,0.0952911684665816,0.0556854590582079,0.0157350002396761,-0.0344823764511952,-0.0283008247727237,0.272413363124991,1.77635683940025e-15,0.139348459949417,0.0520000326696266,0.01026060999245,-0.00630886491339044,-0.00227335695379555,-0.139348459949416,-1.11022302462516e-16,0.0146364149108922,0.00635938081913567,-0.00435150847133059,-0.028542627402343,-0.0520000326696268,-0.0146364149108925,0,0.00196214092033642,-0.0014593067961769,-0.00821764008599694,-0.0131971217991096,-0.00221363719854297,0.00114720402446018,-2.77555756156289e-17,-0.00179607515064978,0.0291448461779701,0.02819255845338,0.0176926924032722,0.00567909930678245,-0.000228895047600819,0
0,0.0955742532052453,0.0556399463103157,0.0156242642085784,-0.0346515797832812,-0.0282865276191568,0.25943040419832,0,0.140398425132854,0.0523609712996667,0.0100277530877086,-0.00644944118211388,-0.0107691153385876,-0.140398425132854,-1.11022302462516e-16,0.0147667445740669,0.00623273834673488,-0.00444522510049428,-0.0305369875999808,-0.0523609712996682,-0.0147667445740671,0,0.00192312521235183,-0.00148735852986948,-0.00893911137643854,-0.0134360479803459,-0.00231328203463471,0.00112798692069139,-1.38777878078145e-17,-0.00179614723462163,0.0290952816914287,0.0280729155501305,0.0176673597241332,0.00566924060723151,-0.000218803596540251,0
0,0.0958292454790639,0.0555757729811486,0.0155068344392442,-0.0348079556279037,-0.0282623840790679,0.246262186891681,0,0.14149236514942,0.0527325182215197,0.00979867921507349,-0.00658393018188441,-0.0193536414262735,-0.141492365149419,0,0.0149002087742927,0.00610849849722994,-0.00453656116441237,-0.0325339228005894,-0.0527325182215177,-0.0149002087742923,1.11022302462516e-16,0.00188496320260201,-0.00151484499583243,-0.00966549921908852,-0.013676806609645,-0.00241325203094184,0.00110900190893912,1.38777878078145e-17,-0.00179621055494442,0.0290220987961399,0.0279495589970827,0.017641765671599,0.00565968620988999,-0.000209038382761983,0
-1.77635683940025e-15,0.0960511966379425,0.0554916823333391,0.0153818085882644,-0.0349497687088851,-0.0282271882744025,0.232929280030999,-8.88178419700125e-16,0.142687284200174,0.0531277620246184,0.00957389094493788,-0.0067094913542407,-0.0280697856342553,-0.142687284200174,2.22044604925031e-16,0.015039609673545,0.00598759546382643,-0.004624561052464,-0.0345450164296044,-0.0531277620246196,-0.0150396096735449,0,0.00184796854497737,-0.0015415626769324,-0.0104003030602016,-0.013923121220671,-0.00251399942658863,0.00109042058296541,1.38777878078145e-17,-0.00179626493595203,0.0289223773870118,0.0278192222659472,0.0176158336225264,0.005650579929531,-0.000199746704130588,0
0,0.0962391443975328,0.0553867607999683,0.0152487691964591,-0.0350765930244394,-0.0281811166062651,0.21945667322454,8.88178419700125e-16,0.143983020407248,0.0535497911805072,0.00935430487409761,-0.0068248034753644,-0.0369050738912979,-0.14398302040725,-2.22044604925031e-16,0.0151869767218007,0.00587065563958644,-0.0047085744769686,-0.0365705352835258,-0.0535497911805082,-0.0151869767218009,1.11022302462516e-16,0.00181234792074081,-0.00156736456895212,-0.0111430943895137,-0.0141754634595355,-0.00261587470982369,0.00107236691247012,0,-0.00179631092090761,0.0287951313041824,0.0276812366287046,0.0175894640635511,0.00564199021457279,-0.000190996385208697,0
0,0.0963968388016143,0.0552610803595552,0.0151080308017253,-0.0351896163198084,-0.0281258446405639,0.205863811015033,1.77635683940025e-15,0.145318390764644,0.0539909956713114,0.00914103272858213,-0.00693050416339069,-0.0457907549990159,-0.145318390764642,6.66133814775094e-16,0.0153433213586354,0.00575782738862585,-0.00478841365834848,-0.0385993578969573,-0.0539909956713098,-0.015343321358635,1.11022302462516e-16,0.00177814726083592,-0.00159219973599156,-0.0118895196106667,-0.0144309224393802,-0.00271912752170834,0.0010548861204442,-2.77555756156289e-17,-0.00179634957766819,0.0286419801683569,0.0275379386952073,0.0175625369324807,0.00563389411075588,-0.000182759638382768,0
8.88178419700125e-16,0.0965291948886948,0.0551155389525526,0.0149603105471536,-0.035290475267848,-0.028063355569568,0.192163527943794,0,0.146624581048284,0.0544401279125148,0.00893495618837647,-0.00702810994806136,-0.0546518720731443,-0.146624581048285,-2.22044604925031e-16,0.0155080353988271,0.00564900188344142,-0.00486421362367784,-0.0406167110118993,-0.054440127912515,-0.0155080353988273,-1.11022302462516e-16,0.00174531857010241,-0.0016160778773594,-0.0126340249342592,-0.0146855595235902,-0.00282360188305508,0.00103797445136283,-2.77555756156289e-17,-0.00179638204084326,0.0284656274465804,0.0273926008604339,0.0175350178976615,0.00562622330306706,-0.000174961785304739,0
8.88178419700125e-16,0.0966380984812885,0.0549509560535286,0.0148060374983245,-0.0353799349525046,-0.0279943534123905,0.178369599095874,0,0.147881775324409,0.0548914625419599,0.00873579606474895,-0.00711885956133607,-0.0634588892243335,-0.147881775324411,-6.66133814775094e-16,0.0156794657907766,0.00554378719154558,-0.00493640242411852,-0.0426137706024372,-0.0548914625419604,-0.0156794657907768,-1.11022302462516e-16,0.00171371806831078,-0.00163909151979524,-0.0133733631372905,-0.0149377119035777,-0.00292892195264283,0.00102157537764005,-5.55111512312578e-17,-0.00179640921013732,0.0282674318745418,0.0272465540535266,0.0175069541200881,0.0056189178415782,-0.000167538929542133,0
-1.77635683940025e-15,0.0967216393364847,0.054767426971094,0.0146451201060147,-0.0354575769365271,-0.0279180348830934,0.164500182385388,-8.88178419700125e-16,0.149126063047103,0.055345733011321,0.00854220879670731,-0.00720329350121629,-0.0722348393963637,-0.149126063047103,-2.22044604925031e-16,0.0158550215155506,0.00544162655877223,-0.00500559465354966,-0.0445886641576426,-0.0553457330113223,-0.015855021515551,0,0.00168314368543809,-0.00166139292374334,-0.0141069420568265,-0.0151882378737441,-0.00303446744188546,0.00100559799599903,-5.55111512312578e-17,-0.00179643172619773,0.0280467371741652,0.027098694250391,0.0174784973325226,0.0056119488138423,-0.00016046162938621,0
8.88178419700125e-16,0.0967767990783557,0.0545644757332759,0.0144772332091865,-0.0355225774217658,-0.0278332205422362,0.150576469686467,4.44089209850063e-16,0.15040659952779,0.0558055328045071,0.00835278872513356,-0.00728152792246961,-0.0810154445920137,-0.150406599527789,4.44089209850063e-16,0.0160321924978453,0.00534204241946634,-0.00507233588617151,-0.046541535152983,-0.0558055328045062,-0.0160321924978454,-2.22044604925031e-16,0.00165341908655259,-0.00168311850004055,-0.014834902687884,-0.0154386084076007,-0.00313960437548644,0.00098996156930542,-5.55111512312578e-17,-0.00179645011046792,0.0278022057246757,0.0269471998354185,0.0174498241610951,0.00560530173962803,-0.00015371580021073,0
8.88178419700125e-16,0.0968029058938171,0.0543419191163466,0.0143023549459924,-0.0355748168887482,-0.0277396378191197,0.136617334225416,0,0.151736663906776,0.056269980741682,0.00816683728229783,-0.00735400897418526,-0.0898031593821544,-0.151736663906776,0,0.0162094881801709,0.00524468446897242,-0.00513701007825329,-0.0484689109350662,-0.0562699807416822,-0.0162094881801713,-1.11022302462516e-16,0.00162441646755929,-0.00170435865080931,-0.0155559912656906,-0.0156888818673731,-0.00324398357901654,0.00097460870264679,5.55111512312578e-17,-0.00179646487587945,0.0275337815267134,0.0267916822036451,0.0174210284305313,0.00559894489523499,-0.000147268341620155,0
-8.88178419700125e-16,0.0968026070226529,0.0541004341069593,0.0141209618450437,-0.035615242262292,-0.0276382121189371,0.122632142934281,8.88178419700125e-16,0.153082948608553,0.0567339991097717,0.00798442101547492,-0.00742178108467995,-0.0985588590902384,-0.153082948608552,2.22044604925031e-16,0.0163867764136185,0.00514928043173457,-0.00519985357245223,-0.0503634009991436,-0.0567339991097701,-0.0163867764136176,3.33066907387547e-16,0.00159604470780528,-0.00172516737323103,-0.0162674213914638,-0.0159374445641721,-0.00334767855529172,0.000959499651502327,0,-0.00179647649448805,0.0272432752067148,0.0266337194680947,0.0173920735941408,0.00559282744256406,-0.000141065261097972,0
1.77635683940025e-15,0.0967737885533175,0.0538393844837568,0.0139326439501506,-0.035643096683871,-0.027528765686931,0.108660318290096,1.77635683940025e-15,0.154464379856006,0.0572035416516696,0.00780620471842086,-0.00748315095015473,-0.107280136671251,-0.154464379856004,4.44089209850063e-16,0.016566125501269,0.00505650719297535,-0.00526016814914421,-0.0522271253428787,-0.0572035416516679,-0.0165661255012683,0,0.00156853063270102,-0.00174538733164764,-0.0169694251458374,-0.0161857539404365,-0.00345102947690942,0.000944763591717745,0,-0.00179648516468728,0.0269296719105935,0.0264718010965232,0.0173628643631958,0.00558702708778314,-0.000135186694612877,0
0,0.0967116368758933,0.0535571554422818,0.0137364134679538,-0.0356566829450209,-0.0274105070509103,0.094762642915085,0,0.155930204752166,0.057689653709919,0.00763308604668378,-0.00753497407343273,-0.115985280805731,-0.155930204752166,0,0.0167502748199122,0.00496751353833558,-0.00531681307253251,-0.0540661176466228,-0.0576896537099181,-0.0167502748199116,0,0.00154225501696881,-0.00176476029320149,-0.0176634583159453,-0.0164366930705169,-0.00355436319241528,0.000930615410225766,0,-0.00179649112507907,0.0265902318867691,0.0263026207401066,0.0173333071223195,0.00558168938183773,-0.00012978409655201,0
-8.88178419700125e-16,0.096615881871303,0.0532535711194404,0.0135320986638661,-0.0356558993178027,-0.0272839923183277,0.0809836287818562,0,0.15747647679273,0.0581945691836161,0.00746601775466704,-0.00757598037715068,-0.124647944670692,-0.157476476792729,4.44089209850063e-16,0.0169411804618012,0.0048829669218744,-0.00536909671721908,-0.0558781489846073,-0.0581945691836162,-0.0169411804618007,2.22044604925031e-16,0.00151744112636187,-0.00178312675983805,-0.0183481584278232,-0.0166904014637986,-0.00365798543788892,0.000917188598667684,5.55111512312578e-17,-0.00179649484419542,0.026224949135278,0.0261256580261284,0.0173032787083759,0.0055768787728615,-0.000124924271804938,0
-8.88178419700125e-16,0.0964912168925629,0.0529303974530269,0.0133205239110454,-0.0356423834158104,-0.0271512474387903,0.0673387750638821,0,0.159044056679377,0.0587117077779142,0.00730608977328284,-0.00760694554341645,-0.133200117907437,-0.159044056679377,0,0.0171399403451051,0.00480307670415403,-0.00541677409785635,-0.0576537872083516,-0.0587117077779147,-0.0171399403451054,0,0.00149416252175438,-0.00180041597619085,-0.0190197118591998,-0.0169442421986599,-0.00376215352781656,0.000904536314108306,0,-0.0017964968540225,0.0258370289623477,0.0259435554469579,0.0172726323548851,0.00557256523772265,-0.000120574689877584,0
1.77635683940025e-15,0.0963435969823818,0.0525903593568806,0.0131030198650777,-0.0356182678346295,-0.0270144587560424,0.0538286358745641,4.44089209850063e-16,0.160568251729795,0.0592312733125837,0.00715392680318416,-0.00762974509800696,-0.141574741499864,-0.160568251729794,4.44089209850063e-16,0.0173459497051902,0.00472764579538199,-0.00546005806666594,-0.0593815641342488,-0.0592312733125833,-0.0173459497051898,0,0.00147235177387972,-0.0018166548499472,-0.0196737825953375,-0.0171948238534916,-0.00386675968828171,0.000892633747309135,0,-0.00179649759855849,0.02543088938287,0.0257599280880332,0.0172413294403447,0.0055686689351529,-0.00011665109166481,0
0,0.0961758233917456,0.0522351347029923,0.0128804086398953,-0.0355846888340574,-0.026874405116839,0.0404532223134264,-1.33226762955019e-15,0.162030206416223,0.0597475576602151,0.00700900043137676,-0.00764598788668502,-0.14975144316635,-0.162030206416226,-4.44089209850063e-16,0.0175572329179978,0.00465612879429145,-0.00549953006827675,-0.0610549952865651,-0.059747557660216,-0.017557232917998,0,0.00145182027056712,-0.00183197165620808,-0.0203080961397195,-0.0174406117167137,-0.00397139660660079,0.000881387789145316,5.55111512312578e-17,-0.00179649739549831,0.0250090755872178,0.0255764084878902,0.0172094620297058,0.00556511911043023,-0.000113080388345288,0
0,0.0959864889464219,0.0518645315750215,0.0126526776390588,-0.0355413691561237,-0.0267302390459401,0.0272240904182064,-4.44089209850063e-16,0.163463428510725,0.0602603801423638,0.00686982173174355,-0.00765638621630549,-0.157758003343832,-0.163463428510724,0,0.0177709995910997,0.00458783531357287,-0.0055359341967991,-0.0626730757289233,-0.0602603801423629,-0.0177709995910993,2.22044604925031e-16,0.00143232551043582,-0.00184654965675812,-0.0209225400736396,-0.0176822677442602,-0.00407544105248919,0.000870673585319892,5.55111512312578e-17,-0.00179649648017594,0.0245714283135661,0.0253919608728573,0.0171772377901743,0.00556187981518791,-0.000109827457368261,0
8.88178419700125e-16,0.0957726258537077,0.051477233585679,0.0124193309052911,-0.0354874591053607,-0.0265806343301591,0.0141541364351967,-4.44089209850063e-16,0.164915470353967,0.0607717541628401,0.00673488483077067,-0.00766103867196888,-0.165636452813466,-0.164915470353968,0,0.0179848123789146,0.00452220673304904,-0.00556988654437429,-0.0642371542603262,-0.0607717541628394,-0.0179848123789139,2.22044604925031e-16,0.00141366851429869,-0.00186054237623257,-0.0215178376439326,-0.0179211485010952,-0.00417832279745178,0.000860388145682012,-5.55111512312578e-17,-0.00179649504663298,0.0241165940008364,0.0252045727257278,0.017144867238443,0.00555893216451592,-0.000106874912926325,0
1.77635683940025e-15,0.0955335269702662,0.0510726537290385,0.0121802337116375,-0.0354228394306535,-0.0264250642361299,0.00124480689132922,8.88178419700125e-16,0.166402507250241,0.061281084604849,0.00660320320999652,-0.0076604781771934,-0.173402314939842,-0.166402507250241,0,0.0181971847157207,0.00445873687921683,-0.00560190014158835,-0.0657464627199442,-0.061281084604849,-0.0181971847157205,0,0.00139567506220439,-0.0018740793961538,-0.0220938637601948,-0.0181575508838573,-0.00427977141558389,0.00085044033233872,-5.55111512312578e-17,-0.00179649324736519,0.0236444984407635,0.0250136325103349,0.0171124648445414,0.00555624604765337,-0.000104192899992472,0
-8.88178419700125e-16,0.0952715610094366,0.0506515148413662,0.0119356933375778,-0.0353484037999614,-0.0262642544203517,-0.0115216114698372,-8.88178419700125e-16,0.167898855430447,0.0617854970189198,0.00647476450789108,-0.00765559018215178,-0.181037051103432,-0.167898855430448,0,0.0184084628246901,0.00439719586630538,-0.00563214714903282,-0.0671989152102868,-0.06178549701892,-0.0184084628246897,4.44089209850063e-16,0.0013782757467371,-0.0018872000023451,-0.0226498068973118,-0.0183906074447645,-0.00438001287407719,0.00084079526369496,-1.11022302462516e-16,-0.0017964911778271,0.0231568222386331,0.024820406942957,0.0170799494747891,0.00555377206007407,-0.00010172943769815,0
0,0.0949852689341384,0.0502135179871068,0.0116854089074598,-0.0352636676956743,-0.0260983432992434,-0.0240958967126466,-1.33226762955019e-15,0.169419693721349,0.062289711147284,0.00635031925477048,-0.00764466656095397,-0.188532198056281,-0.169419693721349,0,0.0186205135555051,0.00433832604978424,-0.00565987792381772,-0.0685954664141393,-0.0622897111472855,-0.0186205135555049,0,0.00136172080613428,-0.00189973008285849,-0.0231855306744262,-0.018621313698673,-0.00447928615108456,0.000831596500087017,0,-0.0017964890343099,0.0226531767368679,0.0246234762217063,0.0170472278828234,0.0055515907625685,-9.9568966880681e-05,0
2.66453525910038e-15,0.0946711835271037,0.0497576803581889,0.0114286944699931,-0.0351674536215985,-0.0259271292679504,-0.0363890229730685,-2.22044604925031e-15,0.1710032309278,0.0628019312202923,0.00623083583521833,-0.00762468341976152,-0.195885131707938,-0.171003230927802,-8.88178419700125e-16,0.0188357699782635,0.00428329619861678,-0.00568393298787262,-0.0699380676625143,-0.0628019312202936,-0.0188357699782646,-2.22044604925031e-16,0.00134640082193638,-0.00191140475170037,-0.0237010850240882,-0.0188515582350533,-0.00457779305000006,0.000823068169468144,5.55111512312578e-17,-0.00179648712838909,0.0221320167742781,0.0244198165797441,0.0170142081287969,0.00554984885700177,-9.78660217820781e-05,0
-8.88178419700125e-16,0.0943302484762034,0.0492850823680042,0.0111658179602898,-0.0350601430949515,-0.0257517057586982,-0.0483477842372064,8.88178419700125e-16,0.172641770514578,0.0633236000263278,0.00611745722875057,-0.00759439297995801,-0.203064028556199,-0.172641770514577,0,0.0190560427557962,0.00423293009965953,-0.00570349792499592,-0.071224504338872,-0.0633236000263258,-0.0190560427557958,2.22044604925031e-16,0.00133259558931997,-0.00192202132399055,-0.0241951327808717,-0.0190810812952688,-0.00467571294320457,0.00081537318255942,-1.11022302462516e-16,-0.00179648569709973,0.0215947345393507,0.0242092474060808,0.0169807738260994,0.00554860983861655,-9.66869874735043e-05,0
1.33226762955019e-15,0.0939681386205562,0.0487992729556321,0.0108981601634386,-0.0349438046235657,-0.0255742890700104,-0.0599671389616163,-8.88178419700125e-16,0.174281472903353,0.0638494745508851,0.0060111047947462,-0.00755482522272555,-0.210012887596889,-0.174281472903355,-8.88178419700125e-16,0.0192822990526746,0.00418740622434832,-0.00571836016841409,-0.0724494571776706,-0.0638494745508853,-0.0192822990526749,0,0.00132037708393207,-0.00193151205271369,-0.0246654643029412,-0.0193077421722739,-0.00477327878719613,0.00080855723827411,0,-0.00179648481264294,0.0210458193681672,0.0239946677888841,0.0169467768382163,0.00554783801864683,-9.59935752615215e-05,0
0,0.0935914121010857,0.0483043729415247,0.0106274711906114,-0.0348208440176556,-0.0253970085477784,-0.0712688510009407,8.88178419700125e-16,0.175865825367373,0.0643720738945186,0.00591215591110394,-0.00750809420938303,-0.216685771724056,-0.175865825367372,0,0.019514016720497,0.00414644131083186,-0.00572880657079988,-0.0736077256400902,-0.0643720738945188,-0.0195140167204977,0,0.00130965886840828,-0.00193991987599351,-0.0251101638169212,-0.0195290338896549,-0.00487046017091314,0.000802575750257439,0,-0.00179648442062441,0.0204904795987335,0.0237798059589236,0.0169121766635746,0.00554744664835322,-9.56939044570726e-05,0
0,0.093203152200128,0.0478024641750854,0.01035477002995,-0.0346924729342084,-0.0252205130850562,-0.0822721468982495,0,0.17737910968261,0.0648867521856831,0.0058199836421382,-0.00745594528140892,-0.223077381829483,-0.177379109682609,8.88178419700125e-16,0.0197492813871998,0.00410943220908777,-0.00573548196010076,-0.0746972044349439,-0.0648867521856837,-0.0197492813871996,-2.22044604925031e-16,0.00130023834859316,-0.00194738304514486,-0.0255286927870576,-0.0197438472874704,-0.00496690803271771,0.000797318089770627,0,-0.00179648443704228,0.0199315854003669,0.0235663913272284,0.0168770939010355,0.00554735752774504,-9.57063648066581e-05,0
-1.33226762955019e-15,0.0928020135956045,0.0472927633945499,0.0100799834209675,-0.0345583495159394,-0.0250437366601344,-0.092980248478701,1.77635683940025e-15,0.178851189236602,0.065392823588633,0.0057329864664073,-0.00739922788894098,-0.229221334742605,-0.178851189236601,0,0.0199854183934161,0.00407555812746985,-0.0057392469798021,-0.0757187207931893,-0.0653928235886321,-0.0199854183934158,0,0.00129183283481815,-0.00195411387278943,-0.0259217727300305,-0.0199527776587813,-0.00506210945235663,0.000792628334090217,0,-0.00179648480414846,0.0193688598278665,0.0233534213993086,0.0168417651287866,0.00554752663347108,-9.59870336045832e-05,0
-1.33226762955019e-15,0.092384868056012,0.0467730385749117,0.00980250832427831,-0.0344174729182365,-0.0248651554497785,-0.103392795801856,-8.88178419700125e-16,0.180324820450814,0.0658908808956822,0.00564965858456024,-0.00733813313994425,-0.235162115459747,-0.180324820450816,0,0.0202197888283626,0.00404419933389999,-0.0057408077944574,-0.0766738820645807,-0.065890880895682,-0.020219788828362,0,0.00128422089946612,-0.00196028242882873,-0.0262903603720918,-0.0201567419787939,-0.00515546353497598,0.000788384268573916,-5.55111512312578e-17,-0.00179648548111605,0.018800773022953,0.0231390008491241,0.0168064779235337,0.00554793226346117,-9.65153483353243e-05,0
0,0.0919501810536962,0.0462416458112425,0.00952180150981752,-0.0342693758272521,-0.024683854023527,-0.113527986087617,-8.88178419700125e-16,0.181818133177147,0.0663810188921836,0.00556896597403167,-0.00727302528936402,-0.240926690296435,-0.181818133177148,0,0.0204513121633472,0.00401484524967444,-0.00574066180130206,-0.0775644580645358,-0.0663810188921858,-0.0204513121633481,0,0.00127723046620365,-0.0019660174433318,-0.0266353639380565,-0.0203562972099295,-0.00524684750265719,0.000784490463606791,0,-0.00179648640885366,0.0182263740444644,0.0229221759811893,0.0167713299407178,0.00554854696498158,-9.72638912792312e-05,0
-8.88178419700125e-16,0.0914994242226124,0.0456987618847671,0.00923786837463147,-0.0341146284359244,-0.024500098964551,-0.123427271810015,0,0.183313338298229,0.0668617457491827,0.00549071097458498,-0.00720473970546021,-0.246515367168616,-0.183313338298228,0,0.0206803606758914,0.0039872080154213,-0.00573902313788199,-0.0783917493865807,-0.0668617457491827,-0.0206803606758912,0,0.0012707760642765,-0.00197137366676481,-0.0269573459547407,-0.0205511286498947,-0.0053365320434986,0.000780899053258621,5.55111512312578e-17,-0.00179648750133565,0.0176464697866327,0.0227039023140041,0.0167362325711555,0.00554932676352693,-9.81862422007596e-05,0
-4.44089209850063e-16,0.0910319394618169,0.0451445835832214,0.0089505198975206,-0.0339530590162953,-0.0243142899031974,-0.133041314519533,-1.77635683940025e-15,0.184821216008246,0.0673369717383956,0.0054156242724952,-0.00713161241192495,-0.251918391035119,-0.18482121600825,-1.77635683940025e-15,0.0209088696755249,0.00396204618416007,-0.00573510203187944,-0.079157202249388,-0.0673369717383965,-0.0209088696755262,0,0.00126512112551658,-0.00197616926413668,-0.0272564293090862,-0.0207419374516226,-0.0054247617831939,0.000777760580296993,0,-0.00179648882406691,0.0170611003177807,0.0224828478401083,0.016701064808358,0.00555035726348702,-9.93724154577103e-05,0
4.44089209850063e-16,0.0905463849062067,0.0445796384712365,0.0086597367836565,-0.033784275436235,-0.024126996999998,-0.142268227460982,-8.88178419700125e-16,0.186368237420779,0.0678119162720803,0.00534479744512506,-0.00705090708487877,-0.257120832130347,-0.186368237420781,0,0.0211387131777983,0.00394059360639787,-0.00572771388155502,-0.0798613144291744,-0.0678119162720809,-0.021138713177798,2.22044604925031e-16,0.00126068219432796,-0.00198012043946671,-0.0275321844873898,-0.0209295068978074,-0.00551150196487016,0.000775313218432827,0,-0.00179649046663455,0.0164704825582155,0.0222566761949799,0.0166657947690866,0.00555178558525032,-0.000100977516944545,0
-2.22044604925031e-15,0.0900452559675746,0.0440066235418022,0.00836635763958204,-0.0336092533312495,-0.0239397630290772,-0.151055383476257,0,0.187943982221171,0.0682875038561761,0.00527935006192326,-0.00696160103718224,-0.262093698346194,-0.187943982221173,-8.88178419700125e-16,0.0213714768781061,0.00392369558879579,-0.00571603324734404,-0.0805040780437352,-0.0682875038561754,-0.0213714768781061,0,0.00125775476777323,-0.00198301453875072,-0.0277841525550341,-0.0211133731639636,-0.00559683506935871,0.000773725165497674,0,-0.00179649235226664,0.0158771834084903,0.022025610281618,0.0166303276661228,0.00555367628500991,-0.000103068483624458,0
-8.88178419700125e-16,0.0895348876096871,0.0434304847550813,0.00807218483564798,-0.0334303247701286,-0.0237548293936514,-0.159410671843295,-8.88178419700125e-16,0.189502929415461,0.068760243382175,0.0052200691296278,-0.00686485813536208,-0.26680023214162,-0.189502929415466,-8.88178419700125e-16,0.0216079389989501,0.00391150527084072,-0.00569988380758435,-0.0810855079721151,-0.0687602433821757,-0.0216079389989507,2.22044604925031e-16,0.00125640900091084,-0.00198478659900059,-0.0280121612322973,-0.0212920380319918,-0.00568094403343045,0.000773035069159933,0,-0.00179649425331907,0.0152860524826643,0.0217926291790796,0.0165945376337334,0.00555599239454196,-0.000105604466826559,0
0,0.0890217126670974,0.0428559641978894,0.00777906583847088,-0.0332498494086961,-0.023574064592121,-0.167375041913739,0,0.190999493281718,0.0692254501823859,0.00516720836784135,-0.00676276238853557,-0.271218129219625,-0.190999493281723,-1.77635683940025e-15,0.0218477761614713,0.00390371347601004,-0.00567957204573233,-0.0816066021765032,-0.069225450182385,-0.0218477761614717,-2.22044604925031e-16,0.00125655620699816,-0.00198548120008146,-0.0282166415802376,-0.0214640078211199,-0.00576388719080656,0.000773190381565203,0,-0.00179649590131814,0.0147018104428435,0.0215612489566338,0.0165583750901495,0.00555864415763851,-0.000108488863128919,0
4.44089209850063e-16,0.0885085963633649,0.0422850695480088,0.00748803117922869,-0.0330689034988707,-0.0233978519654994,-0.174985504167037,8.88178419700125e-16,0.19242141022951,0.0696796270094637,0.00512011538565282,-0.00665711844579242,-0.275355728536221,-0.192421410229509,0,0.0220891485154446,0.00389966978445422,-0.00565580760369144,-0.0820689160786554,-0.0696796270094624,-0.0220891485154442,4.44089209850063e-16,0.00125797798742133,-0.00198524616122819,-0.0283984664581999,-0.021628620833404,-0.00584537880214231,0.000774065479967501,0,-0.00179649707341178,0.0141268025453099,0.0213332136644714,0.0165219903753404,0.00556154512896251,-0.000111630060295353,0
-2.22044604925031e-16,0.0879938236195008,0.0417162082406668,0.00719885181580837,-0.0328869122044846,-0.0232249116459238,-0.182260152588121,0,0.193794085216147,0.0701216087317489,0.00507730947277096,-0.00654880902001498,-0.279248808364834,-0.193794085216144,1.77635683940025e-15,0.0223295157211147,0.00389855223457936,-0.00562948190808221,-0.0824741540735974,-0.070121608731746,-0.0223295157211127,2.22044604925031e-16,0.00126038692694941,-0.00198429371046349,-0.0285587199223682,-0.021786307581095,-0.00592496960874977,0.000775496924022456,0,-0.00179649760769174,0.0135601952710719,0.0211076674493448,0.0164856583176122,0.00556464271600288,-0.000114974139734436,0
-6.66133814775094e-16,0.0874736329525958,0.0411459631182005,0.00691057536312978,-0.032702552536571,-0.0230533556460744,-0.189211764028293,0,0.19515410432707,0.0705514095592736,0.00503719864140972,-0.00643810279979284,-0.282939950614625,-0.195154104327074,-1.77635683940025e-15,0.0225666594191551,0.00389961627872282,-0.00560139040167762,-0.0828238242205628,-0.0705514095592774,-0.0225666594191585,-2.22044604925031e-16,0.00126351933016244,-0.00198282477262968,-0.0286984078425583,-0.0219378820059849,-0.00600227494225758,0.000777335414477998,0,-0.00179649737488674,0.0129996064847057,0.0208826664560996,0.0164496456352438,0.00556790995667322,-0.00011849490474658,0
-2.22044604925031e-16,0.0869452663630259,0.0405713650049293,0.00662217417461797,-0.0325148521214449,-0.0228818488037217,-0.195870739768268,-1.77635683940025e-15,0.196520055957658,0.0709692820497141,0.00499877579909391,-0.00632520476278309,-0.28645984227609,-0.196520055957658,0,0.0227997622463434,0.00390237617147626,-0.00557200340750441,-0.0831197526238465,-0.0709692820497152,-0.0227997622463427,2.22044604925031e-16,0.00126721000404895,-0.0019809624664322,-0.0288185182460758,-0.0220839548104768,-0.00607725990149477,0.00077948695145158,1.11022302462516e-16,-0.0017964962632725,0.0124429406877063,0.0206569977945481,0.0164140382298068,0.0055713206870126,-0.000122165849897604,0
4.44089209850063e-16,0.0864083298969863,0.0399910811569135,0.00633288477048288,-0.0323236833395661,-0.022710017502332,-0.202292665290418,0,0.197882574542097,0.071375643974779,0.00496173710844516,-0.00621056692468436,-0.289821317511705,-0.197882574542099,0,0.0230297729442466,0.00390656367067699,-0.00554145386353966,-0.083364593806184,-0.0713756439747795,-0.0230297729442468,2.22044604925031e-16,0.00127138639208058,-0.00197875431339978,-0.0289201870699695,-0.0222248852825484,-0.00615038257366229,0.00078190920156207,-1.11022302462516e-16,-0.00179649418795813,0.0118891379656168,0.0204308555371018,0.0163786555085078,0.00557484128676733,-0.000125951132807944,0
0,0.0858632718152085,0.0394062087345654,0.00604298223889299,-0.0321292723514138,-0.0225385674566347,-0.208432498146601,-8.88178419700125e-16,0.19924822362359,0.071772582648399,0.00492681613010593,-0.00609283287345619,-0.293015856751333,-0.199248223623591,0,0.0232578200051226,0.00391292874476079,-0.0055090156769646,-0.0835599842467989,-0.0717725826484015,-0.023257820005123,-2.22044604925031e-16,0.00127630806916712,-0.0019760245187066,-0.0290036416967109,-0.0223607266835556,-0.00622160607068378,0.000784748054617257,0,-0.00179649097354084,0.011338993845261,0.0202034897399873,0.0163434875833051,0.00557856328991138,-0.00012994692366225,0
3.33066907387547e-16,0.0853113543557036,0.0388194201638519,0.00575332028510744,-0.0319321761061102,-0.0223688538698827,-0.214189826755791,1.77635683940025e-15,0.200631635337051,0.072163020681379,0.00489516618972008,-0.00596973892794939,-0.296024489382619,-0.200631635337049,1.77635683940025e-15,0.0234852836569139,0.00392271570074598,-0.00547352576896998,-0.083707686491546,-0.0721630206813793,-0.0234852836569119,2.22044604925031e-16,0.00128240202272245,-0.00197248324502741,-0.0290689014180445,-0.0224914079652021,-0.00629070291542755,0.000788242931856087,0,-0.00179648626479845,0.0107943921135822,0.0199735186247545,0.0163085776267013,0.00558263429988914,-0.000134308196358374,0
0,0.0847567676301293,0.03823518836407,0.00546538586808587,-0.0317339835615854,-0.0222027653478455,-0.219517312383702,-1.77635683940025e-15,0.20202056213514,0.0725475924178696,0.00486776970486158,-0.005840623765339,-0.298825412596765,-0.202020562135141,0,0.0237133849762596,0.00393666902274603,-0.00543425727882152,-0.0838107958943266,-0.0725475924178698,-0.0237133849762603,0,0.00128993701259827,-0.00196794027522618,-0.0291166574335026,-0.0226164141098343,-0.00635766864646092,0.000792541445986172,0,-0.00179647964513552,0.0102586315524262,0.0197416362436936,0.0162738741304356,0.00558711847072446,-0.000139100836484524,0
0,0.0842060472295389,0.0376592569582006,0.00518122951555194,-0.031537099941885,-0.0220425048370638,-0.224431680561774,1.77635683940025e-15,0.203379169951718,0.0729244955246182,0.0048454579340218,-0.00570658117838541,-0.301400393687774,-0.203379169951718,-8.88178419700125e-16,0.0239425817628867,0.00395500465432619,-0.00539102431481631,-0.0838736661239006,-0.0729244955246169,-0.0239425817628864,0,0.00129900435048502,-0.00196231499181532,-0.029148290350536,-0.0227347840376335,-0.00642254707866807,0.000797688819050624,0,-0.00179647077891065,0.00973614961759273,0.0195107942983264,0.0162393217152234,0.00559198181546688,-0.000144285797928773,0
-1.66533453693773e-16,0.08366496212791,0.0370963010684432,0.00490257830885277,-0.031343623207534,-0.0218895824352904,-0.228981829083788,-8.88178419700125e-16,0.204673493445809,0.0732914528918434,0.00482843833775259,-0.00556950553999691,-0.303744669718019,-0.204673493445812,-1.77635683940025e-15,0.0241726150948303,0.00397739910055606,-0.00534415885598882,-0.083901004834523,-0.073291452891844,-0.0241726150948314,-4.44089209850063e-16,0.0013095100056435,-0.00195565412358101,-0.0291655789761146,-0.022845888794766,-0.00648543647537891,0.000803625443728473,-1.11022302462516e-16,-0.00179645949000884,0.00923047780201949,0.019284087707964,0.0162048789005652,0.00559713139658075,-0.000149762102476858,0
1.33226762955019e-15,0.0831354285324502,0.036547548902982,0.00463007389043452,-0.0311542332637915,-0.0217439399694361,-0.233213155759443,8.88178419700125e-16,0.205895715216401,0.0736467007341286,0.0048160011327294,-0.00543102928082906,-0.305874059368771,-0.205895715216398,0,0.0244021982899856,0.00400312841124695,-0.00529440350281085,-0.0838961342411031,-0.0736467007341277,-0.0244021982899849,0,0.00132121019521669,-0.00194812169278702,-0.0291700414804545,-0.0229497383067099,-0.00654629247114691,0.000810209206271062,0,-0.00179644572158655,0.00874255064022292,0.0190628132211838,0.0161706325054038,0.00560247397573849,-0.000155430671672702,0
4.16333634234434e-16,0.0826149756665185,0.0360104086395574,0.00436315288354744,-0.0309680126243844,-0.0216040522485671,-0.237152732577467,0,0.207066628025509,0.0739890432867183,0.00480681895430823,-0.00529198629686345,-0.307820609726681,-0.207066628025509,0,0.0246292144687921,0.00403138828216854,-0.00524263875701081,-0.0838601182727574,-0.0739890432867181,-0.0246292144687927,2.22044604925031e-16,0.00133381627189433,-0.0019399264108626,-0.0291625051839773,-0.0230467446741996,-0.00660482452674815,0.000817275054351585,0,-0.00179642944879155,0.00827067366839754,0.01884614300261,0.0161368346218783,0.00560794767865372,-0.000161227624795618,0
-8.88178419700125e-16,0.0820988601245766,0.0354801986399214,0.00410044197524262,-0.0307832222926577,-0.0214678108156914,-0.240820849423888,-1.77635683940025e-15,0.208216678988089,0.0743179436484604,0.00479951514010502,-0.00515256179487622,-0.309619651789937,-0.208216678988089,8.88178419700125e-16,0.0248518416619552,0.0040615261708048,-0.00518959038950761,-0.0837926189445541,-0.0743179436484604,-0.0248518416619543,4.44089209850063e-16,0.00134708811186846,-0.00193124712658732,-0.0291432890186386,-0.0231374747918307,-0.00666075894906315,0.00082468657219148,0,-0.0017964106395536,0.00781170252510202,0.0186321976965066,0.0161037344205963,0.00561351809986971,-0.000167118662220272,0
9.99200722162641e-16,0.081582908486926,0.0349524743744067,0.00384032964222381,-0.0305983266453097,-0.0213334116261226,-0.244253390625302,8.88178419700125e-16,0.209363280768999,0.0746337138729327,0.00479301594119175,-0.00501284958277726,-0.311298273284189,-0.209363280768998,0,0.0250696678565188,0.00409300252005096,-0.00513573352530017,-0.08369350347467,-0.0746337138729336,-0.0250696678565179,-4.44089209850063e-16,0.00136084074801568,-0.00192222224466354,-0.0291127148723666,-0.0232226161480316,-0.00671423434042562,0.000832338992288073,0,-0.00179638927359616,0.00736236838742951,0.0184194521490982,0.0160713508965178,0.00561916087893699,-0.000173079841642609,0
-4.44089209850063e-16,0.0810648269848337,0.0344242816392237,0.00358136981442758,-0.0304124813825075,-0.0211999100195828,-0.247506457922828,-8.88178419700125e-16,0.210503632387684,0.0749375423146024,0.00478692926138091,-0.00487297346496973,-0.312871675084773,-0.210503632387686,0,0.0252838352765128,0.00412555923786861,-0.00508115073098203,-0.0835636595861597,-0.0749375423146046,-0.025283835276513,-4.44089209850063e-16,0.00137500676258329,-0.00191289793048366,-0.0290713293409836,-0.0233028061455225,-0.00676576643974935,0.000840192795778516,0,-0.00179636536531402,0.00692016314400559,0.0182074536178979,0.0160394516363687,0.00562485364034138,-0.000179087620813756,0
0,0.080546028336934,0.033897583212901,0.00332422694067269,-0.0302262552842387,-0.0210682857418001,-0.250541764279865,8.88178419700125e-16,0.21164039464941,0.0752305687250834,0.00478205380780761,-0.00473182027365215,-0.314333456242521,-0.21164039464941,0,0.0254950063799368,0.00415997298751591,-0.00502513448076503,-0.0834056102426546,-0.0752305687250816,-0.0254950063799364,0,0.00138985511630052,-0.00190309321393523,-0.0290196403026964,-0.0233777109428642,-0.00681513531140698,0.000848394096790051,0,-0.0017963384027303,0.00648633682264374,0.0179960159971689,0.0160081138467184,0.00563069118130835,-0.00018524136713588,0
1.33226762955019e-15,0.0800304298597276,0.0333774561993256,0.0030707308114557,-0.030041152879095,-0.0209405494227298,-0.25326853618833,-2.66453525910038e-15,0.212778482454776,0.0755141924136336,0.00477952978752594,-0.004587744518461,-0.315666767581402,-0.212778482454779,0,0.0257039468268108,0.00419738579822937,-0.00496665238564731,-0.0832238189372057,-0.0755141924136375,-0.0257039468268121,0,0.00140578132172497,-0.00189254469165956,-0.0289585573844826,-0.0234467328494892,-0.00686193884265773,0.000857156362862432,0,-0.00179630744184278,0.0060640910773524,0.0177848568810178,0.0159774831485505,0.00563681894643878,-0.000191693770988127,0
-4.44089209850063e-16,0.079523801015948,0.0328700825457537,0.002823075892189,-0.0298593220844943,-0.0208189467930184,-0.255644906942007,0,0.213905101587295,0.0757888695856321,0.00478038906541034,-0.00444038573698968,-0.316857791632738,-0.213905101587296,-8.88178419700125e-16,0.025911234443786,0.0042385063119097,-0.00490507128954842,-0.0830243316614538,-0.0757888695856332,-0.025911234443788,0,0.00142303914221786,-0.0018810750302316,-0.0288897267889805,-0.0235092669811936,-0.0069059651387986,0.000866611568017928,0,-0.00179627173643737,0.00565725681409228,0.0175752992261067,0.0159476273198043,0.0056433015692781,-0.00019851114712266,0
4.44089209850063e-16,0.079032464716084,0.0323814440258814,0.002583315182215,-0.0296830813428268,-0.0207055430859087,-0.257686071793509,-3.5527136788005e-15,0.214993813255596,0.0760545202518967,0.00478547655557193,-0.00429060990061902,-0.317899855550086,-0.214993813255601,-1.77635683940025e-15,0.0261172745395397,0.00428357195774254,-0.00484019982230421,-0.0828139201890643,-0.0760545202518998,-0.0261172745395417,-2.22044604925031e-16,0.00144172639781148,-0.0018685978892552,-0.0288153113519291,-0.0235649197649598,-0.00694723014005505,0.000876803638838242,0,-0.00179623101244708,0.00526941494679603,0.0173699415184782,0.0159185148643749,0.00565010684170163,-0.000205656099005511,0
8.88178419700125e-16,0.0785609597432382,0.0319153902303397,0.00235281589298464,-0.0295140577822732,-0.0206013513630043,-0.259437746573981,8.88178419700125e-16,0.216022082354496,0.076310661728586,0.00479489602727678,-0.00413999396458653,-0.3187974371233,-0.216022082354495,0,0.0263218363581466,0.00433218016959458,-0.00477243822851392,-0.082598108322244,-0.0763106617285854,-0.0263218363581466,0,0.00146171520015459,-0.00185518472646096,-0.028737335492009,-0.023613756776421,-0.00698589322282184,0.000887653299027513,0,-0.00179618543503579,0.00490263791817469,0.0171711648389163,0.0158901003243003,0.00565714338939322,-0.000213030209821483,0
0,0.0781100265301247,0.0314721462913823,0.00213183406176887,-0.0293524823922764,-0.0205060112517217,-0.260942938522629,-2.66453525910038e-15,0.216986299075116,0.0765564646333816,0.00480810089643846,-0.00398986968080006,-0.319566395387882,-0.216986299075122,-1.77635683940025e-15,0.026523847426116,0.00438368277784562,-0.00470248247697036,-0.0823794501728712,-0.0765564646333803,-0.0265238474261165,0,0.00148277622455617,-0.00184098382058462,-0.0286569753719076,-0.0236560758255012,-0.0070219697654279,0.000899027861863244,0,-0.00179613538736245,0.00455683353592896,0.016979894777706,0.0158624614294163,0.00566431278677723,-0.000220529243971576,0
-8.88178419700125e-16,0.0776761701608049,0.031047998471099,0.00191932945079598,-0.0291970376705912,-0.0204177671474872,-0.262230695460984,-1.77635683940025e-15,0.217903309213068,0.0767909582986759,0.0048239209396117,-0.00384092686254256,-0.320230603668586,-0.217903309213068,8.88178419700125e-16,0.0267218079821836,0.00443732223234683,-0.0046311475730425,-0.0821569530954951,-0.076790958298675,-0.0267218079821825,4.44089209850063e-16,0.00150462911841731,-0.00182619196922329,-0.0285742940589179,-0.0236923569335865,-0.00705538317792131,0.000910769725460336,0,-0.0017960812327017,0.00422954126348314,0.0167951585809852,0.0158357632788573,0.00567154269437457,-0.00022807877610645,0
8.88178419700125e-16,0.0772537609982995,0.0306372041077896,0.00171345968132819,-0.0290456303158084,-0.0203342631510093,-0.263324510466046,-8.88178419700125e-16,0.2187967856618,0.0770134424833744,0.00484100098391682,-0.00369334721323433,-0.320814336682247,-0.2187967856618,0,0.0269145741547421,0.00449239238798071,-0.00455914550081005,-0.0819275902587,-0.0770134424833744,-0.026914574154741,4.44089209850063e-16,0.00152701165376068,-0.00181100177335924,-0.0284886652254691,-0.0237231714270937,-0.00708613809557301,0.000922733698000999,1.11022302462516e-16,-0.001796023218545,0.00391701927392706,0.0166150061337954,0.0158101299835233,0.00567879106803132,-0.000235637607955502,0
-6.66133814775094e-16,0.0768373173275427,0.0302340346477727,0.00151208042120077,-0.0288962366614107,-0.0202534733105304,-0.264258840980529,-1.77635683940025e-15,0.21968211238705,0.0772241569928509,0.00485842941870285,-0.00354698153767519,-0.32133649222305,-0.219682112387052,0,0.0271021685201323,0.00454849602629714,-0.0044867963654811,-0.0816882708895106,-0.0772241569928518,-0.0271021685201311,0,0.00154978605312017,-0.00179551422846691,-0.0283993559308071,-0.0237490935461389,-0.00711445731119598,0.000934842936824998,1.11022302462516e-16,-0.00179596150590644,0.00361539389873858,0.016437704060116,0.0157855112574504,0.00568603602470306,-0.000243184581638245,0
4.44089209850063e-16,0.0764225905590501,0.0298337425168689,0.00131304725499204,-0.0287472875438142,-0.0201739557444442,-0.265085298371345,-8.88178419700125e-16,0.220561376218146,0.0774244604025229,0.00487575955902475,-0.00340161360569713,-0.321809414102382,-0.220561376218146,0,0.0272858814050014,0.00460543526871504,-0.00441409211471733,-0.0814367254951696,-0.0774244604025252,-0.0272858814050021,-2.22044604925031e-16,0.00157290802048871,-0.00177976000435498,-0.028305834665976,-0.0237707955866986,-0.0071408684725891,0.000947071166247593,0,-0.00179589620632736,0.00332112961707465,0.0162621881114543,0.0157616298292494,0.00569326654569528,-0.0002507088227445,0
1.77635683940025e-15,0.0760121024661848,0.0294393652101612,0.00111749720223475,-0.0285997285488242,-0.020096871131039,-0.265770589434254,1.77635683940025e-15,0.221433757770234,0.0776149979841332,0.00489371634773228,-0.00325648691618952,-0.322228074609529,-0.221433757770233,-8.88178419700125e-16,0.027465949015574,0.00466384042731338,-0.00434047475368882,-0.0811765578487513,-0.077614997984133,-0.0274659490155742,0,0.00159659377274268,-0.00176360116395569,-0.0282089261804714,-0.0237878277830739,-0.00716507497587437,0.000959529162277484,0,-0.00179582640407161,0.00303592501073813,0.0160888206770195,0.0157386269657028,0.00570057700129216,-0.000258310666540418,0
1.33226762955019e-15,0.0756120653707382,0.0290582107096853,0.000928201952933971,-0.0284558720719383,-0.020024813637411,-0.266237146236546,2.66453525910038e-15,0.222296806735357,0.0777964805881979,0.00491362629133096,-0.00311049367971261,-0.32258007778516,-0.222296806735356,0,0.0276424466451406,0.00472481416471737,-0.0042650271061877,-0.0809152978305485,-0.0777964805881957,-0.0276424466451408,2.22044604925031e-16,0.00162121958009109,-0.0017467895365546,-0.0281104486518986,-0.0237992836360376,-0.00718645836454002,0.000972408308682393,1.11022302462516e-16,-0.00179575053010572,0.00276404407787523,0.015918535373524,0.0157167903237545,0.00570810532316327,-0.000266135536974535,0
8.88178419700125e-16,0.0752292517633899,0.0286976377848367,0.000747877918340301,-0.0283182064071701,-0.0199602476977532,-0.266445171585551,1.77635683940025e-15,0.223138815577614,0.0779695902554787,0.0049366398570676,-0.00296342118959902,-0.32285739042452,-0.223138815577612,0,0.0278154113618054,0.00478904407036396,-0.00418720072062939,-0.0806611324601374,-0.0779695902554802,-0.0278154113618057,-2.22044604925031e-16,0.0016470229410952,-0.00172916076008134,-0.0280126310496344,-0.0238045868672319,-0.00720463748971023,0.000985823136651409,0,-0.00179566754138438,0.00250956710684225,0.0157531092385474,0.0156963031100137,0.00571591450875287,-0.0002742491277887,0
-4.44089209850063e-16,0.0748696003353073,0.0283635678770264,0.00057862770260364,-0.0281888862549007,-0.0199050231402285,-0.266399521364853,-1.77635683940025e-15,0.223941990863365,0.0781350643377055,0.00496354471223182,-0.00281594850844336,-0.323058203797816,-0.223941990863368,-1.77635683940025e-15,0.0279848721146054,0.00485668877343226,-0.00410690973966066,-0.0804213620955443,-0.078135064337707,-0.0279848721146072,0,0.00167406235157674,-0.00171065917637447,-0.0279176939266133,-0.0238036685691191,-0.00721954959986004,0.000999792768401675,0,-0.00179557730747126,0.00227553426634276,0.0155947625183428,0.0156772029086719,0.00572397651929893,-0.000282620361228489,0
4.44089209850063e-16,0.0745364697149875,0.0280589584011399,0.000421512233171217,-0.0280690999072339,-0.0198598275073003,-0.266132606983244,1.77635683940025e-15,0.224692589656093,0.0782933434608628,0.00499448460923713,-0.00266924509263866,-0.323187725536254,-0.224692589656092,0,0.028150557511827,0.00492736942953709,-0.00402455249349654,-0.0802005459597943,-0.0782933434608601,-0.0281505575118264,2.22044604925031e-16,0.0017022045025008,-0.00169135841338819,-0.0278272252130637,-0.0237969136437882,-0.00723134714473606,0.00101423724171545,1.11022302462516e-16,-0.00179548048013634,0.00206319255582372,0.0154452145266401,0.0156594573988236,0.00573220311826218,-0.000291155551805269,0
-4.44089209850063e-16,0.0742292517174423,0.0277828046878819,0.000276281926652189,-0.0279585839195442,-0.019823982031737,-0.2656790139893,1.77635683940025e-15,0.225390379240816,0.0784442234086278,0.00502898072666458,-0.00252428751962697,-0.323257035235948,-0.225390379240814,8.88178419700125e-16,0.0283117735047034,0.00500048295200628,-0.00394076326295423,-0.0799991574571022,-0.0784442234086271,-0.0283117735047036,-2.22044604925031e-16,0.00173122591886288,-0.00167139822900331,-0.0277416301204888,-0.0237848386639814,-0.00724017449897707,0.00102903237410412,0,-0.00179537805433649,0.00187166664368585,0.0153048146601403,0.0156430749431755,0.00574049422131731,-0.000299749697254055,0
-8.88178419700125e-16,0.0739435058990874,0.0275304078949596,0.000141380710034777,-0.0278556783981871,-0.0197955944439641,-0.265065948612427,8.88178419700125e-16,0.226048377133036,0.0785870545436227,0.00506599631440796,-0.00238154952161107,-0.323280180621713,-0.226048377133035,0,0.0284678093403326,0.00507534776325613,-0.00385622035558342,-0.0798136717876088,-0.078587054543622,-0.0284678093403326,-2.22044604925031e-16,0.00176087128625046,-0.00165095079917643,-0.0276600871697341,-0.023768010481424,-0.0072462051789437,0.00104404063459118,0,-0.0017952709607586,0.00169805041424335,0.0151723199218666,0.0156280644562387,0.00574877069864703,-0.00030832152605148,0
8.88178419700125e-16,0.0736727905253898,0.0272951326264006,1.45482862055069e-05,-0.0277579992093258,-0.0197721863379763,-0.264317383790824,-8.88178419700125e-16,0.226685115022501,0.0787209674291907,0.00510426815251286,-0.00224113641867074,-0.323271291814478,-0.2266851150225,0,0.0286180843461761,0.00515130547620224,-0.00377154082515041,-0.0796383049133378,-0.0787209674291929,-0.0286180843461774,0,0.00179089242689279,-0.00163019472150538,-0.0275810460050284,-0.0237469439691935,-0.00724962927919093,0.00105913110210631,0,-0.00179515984175938,0.00153839960460781,0.0150457028090486,0.0156144287825908,0.00575698576694593,-0.000316825327336935,0
0,0.0734106106910724,0.0270702082993783,-0.000106835303851582,-0.0276631527685374,-0.0197515259079952,-0.263466217772423,8.88178419700125e-16,0.227313593412068,0.0788460579735055,0.00514286896684002,-0.00210277105840895,-0.32324131401329,-0.227313593412068,0,0.0287630873540694,0.00522799005767904,-0.0036869492710343,-0.0794671468106245,-0.0788460579735062,-0.0287630873540694,0,0.00182116733132731,-0.00160921825445914,-0.0275028507334683,-0.0237221661466441,-0.00725081213234702,0.00107423904723836,1.11022302462516e-16,-0.00179504506583783,0.00138852094655366,0.0149229769397882,0.0156020038002353,0.00576511946773026,-0.000325242528582549,0
-4.44089209850063e-16,0.0731516601966749,0.0268498903743142,-0.000225295223205357,-0.027569179211318,-0.0197319192730472,-0.262555943689282,-8.88178419700125e-16,0.227938009302636,0.0789634461597064,0.00518124942067377,-0.0019660446032761,-0.323197566186318,-0.227938009302637,0,0.0289042242568804,0.00530521968813513,-0.00360237823897425,-0.0792953622991102,-0.0789634461597071,-0.02890422425688,0,0.0018516627604106,-0.00158804643909938,-0.0274241264078113,-0.0236942712199424,-0.0072502992124327,0.00108934525359905,1.11022302462516e-16,-0.00179492675590986,0.0012445852387429,0.0148026585554012,0.0155904645742325,0.00577317130056874,-0.000333574344263728,0
1.33226762955019e-15,0.0728990129872393,0.0266377741784405,-0.000339457342631633,-0.0274771980384632,-0.0197146812551718,-0.261560812431229,0,0.228554912686721,0.0790738377825999,0.00522028862645207,-0.00183034357886314,-0.323136216118456,-0.228554912686723,-1.77635683940025e-15,0.0290415367138674,0.0053836388329529,-0.0035172816921154,-0.0791273071957941,-0.079073837782601,-0.0290415367138686,0,0.0018825976966359,-0.00156653900032921,-0.0273458514938988,-0.0236627549540975,-0.00724772297314957,0.00110455378068086,0,-0.00179480360933892,0.00110854924498167,0.014685597153421,0.0155799938501184,0.00578123029800994,-0.000341916504831237,0
-4.44089209850063e-16,0.0726608802741051,0.0264431918292369,-0.000445598189260821,-0.0273901978507549,-0.0197028489109732,-0.26041413860139,0,0.229156514468944,0.0791778457521097,0.0052615674130907,-0.00169507385476564,-0.32304785694825,-0.229156514468945,-8.88178419700125e-16,0.0291742994377522,0.00546423353429315,-0.00343095011019212,-0.0789732610495828,-0.0791778457521128,-0.0291742994377526,0,0.00191429000703991,-0.00154449135026824,-0.0272705667212024,-0.0236266484528059,-0.00724227690439561,0.00112001268055806,0,-0.00179467354702423,0.000985716858440937,0.0145739465539722,0.0155710343661387,0.00578941904144416,-0.000350400621756123,0
4.44089209850063e-16,0.0724447513921054,0.0262744062043989,-0.000540440241396212,-0.0273108837391516,-0.0196990221953248,-0.259073794271814,8.88178419700125e-16,0.229732516291753,0.0792762160196077,0.00530643215617665,-0.00156015497912332,-0.322926270686168,-0.229732516291751,8.88178419700125e-16,0.0293018065572666,0.00554765118303813,-0.00334297529993854,-0.0788426450353896,-0.0792762160196068,-0.0293018065572661,2.22044604925031e-16,0.00194694059494682,-0.00152176703696716,-0.0272007049263541,-0.0235853611151597,-0.00723337567276194,0.00113580896309984,0,-0.00179453530133611,0.000880675918656329,0.0144699923128391,0.015563924673516,0.00579779538932861,-0.000359089401262579,0
-4.44089209850063e-16,0.0722557897968636,0.0261368020030122,-0.000621939510532243,-0.0272410936126053,-0.0197047182569805,-0.257530154273357,8.88178419700125e-16,0.230272309406361,0.0793698932441993,0.00535554171909336,-0.00142607033003372,-0.322769038984801,-0.230272309406362,-8.88178419700125e-16,0.0294237428418338,0.00563391249121281,-0.00325341767863563,-0.0787418930398562,-0.0793698932442011,-0.0294237428418345,4.44089209850063e-16,0.00198054250811164,-0.00149836280343707,-0.0271380690281756,-0.023539009377718,-0.00722093199641749,0.00115192747143811,-1.11022302462516e-16,-0.00179438888807792,0.00079612660551003,0.0143754476151816,0.0155587466005044,0.00580633619303071,-0.000367959929381505,0
0,0.0720958582723363,0.026032114018494,-0.000689401593981565,-0.0271814632077492,-0.0197202980327553,-0.255796528408699,-1.77635683940025e-15,0.230769901515225,0.0794594304031158,0.00540907687212044,-0.00129350542207263,-0.32257770762719,-0.230769901515224,0,0.0295397870800116,0.00572275426321589,-0.00316259593724233,-0.0786734541516065,-0.0794594304031178,-0.0295397870800123,0,0.00201498791189625,-0.00147433221446258,-0.0270834334619741,-0.0234879770254836,-0.00720504131474053,0.00116830621475394,0,-0.00179423540601187,0.000732866702682449,0.0142912742595367,0.0155554898926181,0.00581496306594691,-0.000376929783141036,0
-3.10862446895044e-15,0.0719630699638913,0.0259581407864271,-0.000743587535265267,-0.0271312664529884,-0.0197447692603583,-0.253895812322298,1.77635683940025e-15,0.231227621720586,0.0795447689754178,0.00546646332307077,-0.00116311057953311,-0.322356724736458,-0.231227621720585,0,0.0296496927876824,0.0058135625490614,-0.00307108881930951,-0.0786352699725164,-0.0795447689754178,-0.0296496927876837,-2.22044604925031e-16,0.00205004660813746,-0.00144981897756846,-0.0270363593763671,-0.0234328994478468,-0.00718601915416206,0.00118482729235658,0,-0.00179407644750196,0.0006895219841851,0.0142171029317402,0.0155540452927195,0.00582358106575862,-0.000385900042567376,0
-8.88178419700125e-16,0.071852507600922,0.0259096597509485,-0.000786342340440171,-0.0270886874046203,-0.0197762371797623,-0.251852913354024,0,0.231655215567344,0.079625252027804,0.00552676903211591,-0.00103522515759025,-0.322112344739565,-0.231655215567344,0,0.0297532410209147,0.00590573587647114,-0.00297944992685562,-0.0786218177139562,-0.0796252520278042,-0.0297532410209147,2.22044604925031e-16,0.0020854914523063,-0.00142496977759365,-0.0269953906147318,-0.0233743157220236,-0.00716417804430747,0.00120137785530627,0,-0.00179391354300651,0.000663207383472548,0.0141515615684902,0.0155543044014786,0.00583211035700159,-0.000394788009734698,0
8.88178419700125e-16,0.0717574079190237,0.0258795989377187,-0.000820320311897049,-0.0270512459160859,-0.019812329764779,-0.249695734606514,0,0.232065426032017,0.0797002606920243,0.00558888869843877,-0.000909806717699801,-0.321851231396899,-0.232065426032018,0,0.0298507004505026,0.00599876515025599,-0.00288806100765981,-0.0786255420033972,-0.0797002606920252,-0.0298507004505038,0,0.00212114161228882,-0.00139990700113835,-0.026958450019967,-0.02331272410872,-0.00713991478571618,0.00121786968305082,0,-0.00179374777961316,0.000649946699016794,0.0140925720061486,0.0155560834318436,0.00584050231090098,-0.000403544423298775,0
-1.77635683940025e-15,0.0716708443610701,0.0258606536145578,-0.000848482030811226,-0.0270164030898821,-0.0198507552829286,-0.247457753623973,1.77635683940025e-15,0.232468579608113,0.0797697966501021,0.00565181566490214,-0.000786515711813429,-0.321579307275838,-0.232468579608112,0,0.0299430545404036,0.00609228964457564,-0.00279705172073186,-0.0786387897100196,-0.0797697966501003,-0.0299430545404031,2.22044604925031e-16,0.00215689157783183,-0.00137470614304624,-0.0269233981568042,-0.0232486348304585,-0.00711374562404143,0.00123425148640899,0,-0.00179357969282989,0.000645422568888381,0.0140379381647441,0.0155590843226714,0.00584873997078721,-0.000412153683109732,0
-8.88178419700125e-16,0.0715870674425441,0.0258465968998616,-0.000873463741381642,-0.0269820471126598,-0.0198897251205024,-0.245178466485477,8.88178419700125e-16,0.232870053489095,0.0798343896477132,0.00571493655864064,-0.000664906986229674,-0.321301950576057,-0.232870053489096,0,0.0300315164068161,0.0061861614321872,-0.0027063339389608,-0.0786553323001056,-0.0798343896477129,-0.0300315164068163,0,0.00219272021796368,-0.00134938560634046,-0.0268884582908837,-0.0231824380589796,-0.00708612555319399,0.00125051160176948,1.11022302462516e-16,-0.00179340932860805,0.000645876760989704,0.0139860621203937,0.0155630126254295,0.00585683073445124,-0.000420625821327575,0
1.77635683940025e-15,0.0715096713550807,0.0258414920067906,-0.000893682497613568,-0.0269494382521627,-0.0199306133834156,-0.242837607064437,-8.88178419700125e-16,0.233264119207274,0.0798950171072184,0.00577919156610385,-0.000544533710310269,-0.321014790087632,-0.233264119207273,8.88178419700125e-16,0.0301160235389561,0.00628089927938369,-0.00261546727162365,-0.078679978278587,-0.0798950171072184,-0.0301160235389564,0,0.00222880133660786,-0.00132383920462709,-0.0268546747069155,-0.0231137525450412,-0.00705672797266721,0.00126672420671192,0,-0.00179323510422291,0.000653518301241685,0.0139381493689317,0.0155680379954394,0.00586485281819506,-0.00042904724764856,0
-1.77635683940025e-15,0.0714479474704035,0.0258557712245882,-0.00090473521935408,-0.0269218759080516,-0.0199766826797454,-0.240376255734013,8.88178419700125e-16,0.23363975231976,0.079952513152441,0.0058465552215079,-0.000425113504978647,-0.320707706153649,-0.23363975231976,0,0.0301951237309632,0.0063774160111647,-0.00252392389985889,-0.0787242377841797,-0.0799525131524419,-0.0301951237309637,0,0.00226540083777271,-0.00129789739494113,-0.0268247578491622,-0.0230416345297739,-0.00702459065268279,0.00128300031297102,0,-0.00179305472573343,0.000674530650893025,0.0138973656217674,0.0155747348950806,0.0058729059755901,-0.000437528026500471,0
0,0.0714093421392574,0.0258978113805606,-0.000903072101356983,-0.026901975427239,-0.0200304200231898,-0.237746335663402,-8.88178419700125e-16,0.233988148881869,0.0800076361994506,0.00591847957509462,-0.000306605763157108,-0.320371284950143,-0.233988148881871,-8.88178419700125e-16,0.0302676270902253,0.00647624236397171,-0.00243145891170826,-0.0787971144032789,-0.0800076361994526,-0.030267627090226,-4.44089209850063e-16,0.00230265689490294,-0.00127147212627188,-0.0268008180536592,-0.0229655517080319,-0.00698906737955496,0.0012993905427886,1.11022302462516e-16,-0.00179286680484014,0.000713858212267096,0.0138661808859275,0.0155835099189266,0.00588104044179868,-0.00044612570396122,0
1.77635683940025e-15,0.0713978094462968,0.0259721078881103,-0.000886722013437868,-0.0268910924193486,-0.0200930260520851,-0.234920391185129,0,0.234304783911629,0.0800607725625619,0.00599565796635471,-0.000189223674125216,-0.319998529966146,-0.234304783911627,0,0.0303327361619274,0.00657746907191203,-0.00233814626509066,-0.0789030233474104,-0.0800607725625615,-0.030332736161927,0,0.00234056359708545,-0.00124456172865717,-0.0267838608353764,-0.0228854249774073,-0.0069499058558109,0.00131588202678579,0,-0.0017926714097023,0.000774252295577208,0.0138459119056995,0.0155945472222421,0.00588924165681597,-0.000454827696954896,0
0,0.0714139668484348,0.0260793976905882,-0.00085526310473405,-0.0268893928799878,-0.020164484066207,-0.231891947475146,-4.44089209850063e-15,0.234588906022102,0.0801119642750328,0.00607805086864222,-7.33749148489338e-05,-0.319585000208326,-0.234588906022106,-8.88178419700125e-16,0.0303900904570105,0.00668077985651916,-0.00224433342956942,-0.0790419770457451,-0.0801119642750365,-0.0303900904570125,0,0.0023789847583664,-0.00121724648361132,-0.0267738501093309,-0.0228015878697255,-0.00690723181178632,0.00133240747617147,0,-0.00179246986750414,0.000856299838033776,0.0138367598468505,0.015607814331228,0.0058974466970515,-0.000463568675158666,0
8.88178419700125e-16,0.0714552190371336,0.0262168754409284,-0.000809682133198208,-0.0268959046356372,-0.0202437042492214,-0.228672898786375,1.77635683940025e-15,0.2348440892692,0.0801608027535634,0.00616507123362808,4.05235233920109e-05,-0.319129497791637,-0.234844089269199,0,0.0304396153767748,0.00678565202460568,-0.00215049245515075,-0.0792099906646575,-0.0801608027535619,-0.0304396153767754,2.22044604925031e-16,0.00241772025458631,-0.00118964799309662,-0.0267697585799239,-0.0227145480191473,-0.00686137867561876,0.00134887593942234,0,-0.00179226418721457,0.000958628660100059,0.0138379589755385,0.0156231551232314,0.00590557312182353,-0.000472261385755599,0
-8.88178419700125e-16,0.0715163828534182,0.0263789511820418,-0.000752145229856005,-0.0269087356510624,-0.020328843070776,-0.225288849329219,0,0.235077276731047,0.0802067289887827,0.00625580643905277,0.000152280563560758,-0.318633764057124,-0.235077276731047,0,0.0304817006970968,0.00689156923793632,-0.00205700635103589,-0.0794001644708078,-0.0802067289887807,-0.0304817006970959,0,0.00245658875792132,-0.00116187592016082,-0.0267697907731806,-0.022624833626627,-0.00681280735506884,0.00136520841245535,0,-0.00179205635672297,0.00107825003708563,0.0138479312047219,0.0156403136904565,0.00591354797470891,-0.000480827982698388,0
8.88178419700125e-16,0.0715909158587742,0.0265585531062422,-0.000685538258335505,-0.0269255159758846,-0.0204176807449654,-0.221773766256143,0,0.235296836068357,0.0802493217396298,0.00634914028594746,0.000261948761711039,-0.318101763620408,-0.235296836068356,0,0.0305172435899186,0.00699804749463517,-0.00196412851107386,-0.0796042749291916,-0.0802493217396281,-0.0305172435899177,-2.22044604925031e-16,0.00249544057076534,-0.00113402593055145,-0.0267718098677258,-0.0225329947768133,-0.00676209215183443,0.0013813416877928,0,-0.00179184786509967,0.00121113810787569,0.0138645637993097,0.0156589440592347,0.00592132352397381,-0.000489217763240613,0
8.88178419700125e-16,0.0716723564157258,0.0267486506983587,-0.000612890920598907,-0.0269439002159668,-0.0205081430549976,-0.218165548035729,0,0.235509746616616,0.0802886766336144,0.00644408446485567,0.000369871116290277,-0.317538524063145,-0.235509746616618,0,0.030547630134202,0.00710478120482261,-0.00187186644770332,-0.0798146459214653,-0.0802886766336151,-0.0305476301342023,-2.22044604925031e-16,0.00253421002365917,-0.00110614282096422,-0.0267737864628236,-0.0224395110487614,-0.00670982836097378,0.00139724865081836,0,-0.00179163932063853,0.00135306670248068,0.0138857276934732,0.0156786541113688,0.00592888762076629,-0.000497418714022844,0
1.77635683940025e-15,0.0717547726697303,0.0269427559853774,-0.000537061272454231,-0.0269617330070293,-0.0205983967276202,-0.214502381412028,0,0.235721959671329,0.0803251089648516,0.0065398248069588,0.000476550948423693,-0.316950233421842,-0.23572195967133,-8.88178419700125e-16,0.030574325680341,0.00721162034563427,-0.00178007308836836,-0.0800246256853767,-0.0803251089648536,-0.0305743256803415,0,0.00257289303426878,-0.0010782355934813,-0.0267739341301618,-0.0223447269649237,-0.00665652818846896,0.00141292703764917,1.11022302462516e-16,-0.00179143054863751,0.00150001808908262,0.0139094976636501,0.0156990888655134,0.00593625584498163,-0.000505449439728221,0
1.77635683940025e-15,0.0718420390669259,0.0271450513088149,-0.000456252674179147,-0.0269803141843301,-0.0206898595943432,-0.210770111163665,-1.77635683940025e-15,0.235925984197327,0.0803595794546927,0.0066375454731844,0.000582272674066964,-0.316330900727247,-0.235925984197328,0,0.0305968677548609,0.00731904471494804,-0.00168840865172193,-0.0802387545018561,-0.0803595794546941,-0.0305968677548616,0,0.00261163708593415,-0.00105021121612392,-0.0267731395942058,-0.022248240067379,-0.00660178700427549,0.00142843360694278,1.11022302462516e-16,-0.0017912200980521,0.00165461838851469,0.0139375967761579,0.0157204711836212,0.00594348492886932,-0.000513374351562099,0
8.88178419700125e-16,0.0719437727778258,0.0273661181309599,-0.000365722430145432,-0.0270029404259793,-0.0207857576719928,-0.206914806976994,8.88178419700125e-16,0.236107911637141,0.080393072572936,0.00673954552460199,0.000687092088155872,-0.315664355899631,-0.236107911637141,-8.88178419700125e-16,0.030613283424004,0.00742778118826593,-0.00159658161676468,-0.0804675817330507,-0.0803930725729349,-0.0306132834240036,2.22044604925031e-16,0.00265061872141015,-0.00102196184925818,-0.0267736440324294,-0.0221492284092523,-0.00654463404255146,0.00144383209856525,0,-0.00179100589076397,0.00182369718462075,0.013973875934199,0.0157434069379527,0.00595064626185751,-0.000521275423391143,0
8.88178419700125e-16,0.0720666910748751,0.0276137087481425,-0.000261841062146217,-0.0270318645481282,-0.0208882927655702,-0.202881382142559,1.77635683940025e-15,0.236260212833733,0.0804258381318617,0.00684741719789717,0.000791039573567964,-0.314933989989409,-0.236260212833733,8.88178419700125e-16,0.0306218225239103,0.00753828767016884,-0.00150448941666603,-0.080717744311702,-0.0804258381318605,-0.0306218225239094,2.22044604925031e-16,0.00268992548054636,-0.000993437747632164,-0.0267766842191443,-0.0220470595868876,-0.00648433347636712,0.00145914863215713,-1.11022302462516e-16,-0.00179078657588128,0.00201254073003713,0.0140209319617985,0.0157683685075496,0.00595778114306211,-0.000529202068873316,0
0,0.07221345618784,0.0278914008878575,-0.000142734507148745,-0.0270679215024492,-0.0209982487611962,-0.198624148408724,-1.77635683940025e-15,0.236382688169924,0.0804572927220324,0.00696172966566433,0.000894050121594603,-0.314125482271787,-0.236382688169926,0,0.0306212567746602,0.00765063969274138,-0.00141226704832764,-0.0809906599055676,-0.0804572927220337,-0.0306212567746604,0,0.00272952758547573,-0.000964662850884368,-0.0267822831638678,-0.021941435316324,-0.00642053431709977,0.00147436420464231,0,-0.00179056205219807,0.00222395580729266,0.0140796538337371,0.0157955986615035,0.00596488806220351,-0.000537155984397533,0
0,0.0723832725784215,0.0281989253663646,-8.17990421975168e-06,-0.0271107601213858,-0.0211152073827527,-0.194118613946862,0,0.236479547112468,0.080486333856209,0.00708224616553554,0.000995909111268567,-0.313229021218761,-0.236479547112467,8.88178419700125e-16,0.0306108597808645,0.00776458348285036,-0.00132024773175132,-0.0812833761741185,-0.0804863338562094,-0.0306108597808652,0,0.00276929670948634,-0.000935721027545577,-0.0267895295007702,-0.0218323882501182,-0.00635322927733684,0.00148942522615991,-1.11022302462516e-16,-0.00179033347293134,0.00245840144211022,0.0141496770726602,0.0158251309019941,0.00597192757257557,-0.000545095568201051,0
0,0.0725726592329652,0.028532773315014,0.000140491580980395,-0.0271591086645806,-0.0212378935289967,-0.189368185907147,0,0.236556132164756,0.0805120469092104,0.00720819641605797,0.0010963946917153,-0.312240195904284,-0.236556132164758,-1.77635683940025e-15,0.0305907885344219,0.00787968146602225,-0.00122877608359495,-0.0815898837407025,-0.0805120469092098,-0.030590788534421,0,0.00280907355575821,-0.000906707984187571,-0.0267969046376051,-0.0217202750809949,-0.00628277067850003,0.00150427138987319,0,-0.00179010287569625,0.00271416005773735,0.0142297098423039,0.0158567524227462,0.00597883775330907,-0.000552952516323688,0
0,0.0727768873918979,0.0288876445750184,0.00030091157875578,-0.0272112694333666,-0.0213646783696593,-0.184400613688838,-8.88178419700125e-16,0.236616016153618,0.0805342804305829,0.00733858270261045,0.00119540368006543,-0.311159028599612,-0.236616016153619,0,0.0305622067626352,0.00799542980875678,-0.001138078486834,-0.081903145842757,-0.0805342804305822,-0.0305622067626343,0,0.00284871678180032,-0.000877704619320463,-0.0268027531435787,-0.0216057275890652,-0.00620982181063701,0.00151885306099708,-1.11022302462516e-16,-0.00178987240743078,0.00298804275461664,0.0143179927173112,0.0158900275981943,0.00598555909347398,-0.000560659925030606,0
8.88178419700125e-16,0.072990691953116,0.0292573803905611,0.00047023273879887,-0.0272653684804842,-0.0214938188421732,-0.179258615699548,0,0.236662090401223,0.0805532633044974,0.00747239303015501,0.00129296987113836,-0.309990001974775,-0.236662090401224,0,0.0305266794336809,0.00811138539013445,-0.00104825692439103,-0.0822161244310988,-0.0805532633044987,-0.0305266794336811,0,0.0028881251164159,-0.00084876680969681,-0.0268054761334806,-0.0214894027146084,-0.00613510784796378,0.00153313771360353,0,-0.00178964383009506,0.00327612688198998,0.0144126600513412,0.0159244682367803,0.00599204812563001,-0.000568168108674015,0
-1.77635683940025e-15,0.0732082294590253,0.029635280102557,0.000645396838809376,-0.0273193275197441,-0.0216234770626054,-0.173988740312449,1.77635683940025e-15,0.236699279848252,0.0805691569044633,0.00760866248509728,0.00138938158217616,-0.308741998919158,-0.236699279848249,1.77635683940025e-15,0.0304857657915898,0.008227305208937,-0.000959236117188844,-0.0825220055344651,-0.0805691569044615,-0.030485765791588,2.22044604925031e-16,0.00292727126202141,-0.000819907679225462,-0.0268034851754039,-0.0213717352290614,-0.00605921926200093,0.00154711944312846,0,-0.00178941785693243,0.00357408800794434,0.0145117366237639,0.0159596608483699,0.00599829392093201,-0.000575464172696605,0
-1.77635683940025e-15,0.0734241094783785,0.0300153213251315,0.000823556364236921,-0.0273712329044793,-0.0217519854256842,-0.168629938874691,1.77635683940025e-15,0.236733186730286,0.0805822881360454,0.0077464323405092,0.00148509973221156,-0.307424691814195,-0.236733186730284,0,0.0304411455637439,0.00834304473530878,-0.000870825699376354,-0.0828152008173058,-0.0805822881360443,-0.0304411455637448,-2.22044604925031e-16,0.0029661714264877,-0.000791121221008773,-0.0267954815835451,-0.0212530794684316,-0.00598270420127456,0.00156080585385254,0,-0.00178919419370527,0.00387777539813663,0.014613192916356,0.015995218763354,0.00600431359825761,-0.00058256756249904,0
8.88178419700125e-16,0.0736422747333068,0.0304014135762962,0.00100656002420418,-0.0274223411283696,-0.0218807007239512,-0.163172662115148,-8.88178419700125e-16,0.236754556457471,0.0805933762205475,0.00788705159682923,0.00158025681828278,-0.306028679792643,-0.236754556457472,0,0.0303920188050384,0.00845896153667169,-0.000782839048985906,-0.0830989348269153,-0.0805933762205469,-0.0303920188050379,0,0.00300491908495326,-0.000762349350212466,-0.0267819675214758,-0.0211330352153067,-0.00590515025366389,0.00157422967915588,0,-0.00178897175988835,0.0041900219811066,0.0147190933031579,0.0160313753904449,0.00601014350442353,-0.000589520660170678,0
1.77635683940025e-15,0.0738716000230308,0.0308029844978206,0.00119899046666294,-0.0274755356335312,-0.0220125471036088,-0.157566746771158,-1.77635683940025e-15,0.236747209841581,0.0806028999920656,0.00803310129334101,0.00167479162442952,-0.304528145500666,-0.236747209841584,-8.88178419700125e-16,0.030335992672736,0.00857563399610051,-0.000695170614132046,-0.0833799409785405,-0.0806028999920683,-0.0303359926727356,2.22044604925031e-16,0.00304362019451521,-0.000733526645426252,-0.0267639787521926,-0.0210107309181409,-0.00582559905968505,0.00158742520866328,0,-0.00178874921568029,0.00451783561217446,0.0148336311146803,0.0160687164469449,0.00601582364736926,-0.000596371034860141,0
0,0.0741172966640304,0.0312263007178295,0.00140419603445174,-0.0275324329279627,-0.0221491838338164,-0.151751980992465,2.66453525910038e-15,0.236705064822397,0.0806099910963196,0.00818616263161154,0.00176869758825582,-0.302897875823936,-0.236705064822395,0,0.030270756023441,0.00869341875576168,-0.000607872654878605,-0.0836602504117958,-0.0806099910963196,-0.0302707560234408,0,0.00308230675095711,-0.000704647053029417,-0.0267413996479301,-0.0208853448009865,-0.00574324759564093,0.00160039874958751,0,-0.00178852533049889,0.0048663374967973,0.0149592912582527,0.0161077423854074,0.00602138841897358,-0.000603160072246922,0
1.77635683940025e-15,0.0743804458387594,0.0316738241034544,0.0016238326531246,-0.0275932650469608,-0.0222908702447633,-0.145669312752095,-1.77635683940025e-15,0.236631603076473,0.0806127698757333,0.00834660879649363,0.00186195516124243,-0.301116651068586,-0.236631603076476,0,0.0301945528156526,0.00881238932824502,-0.000521138817365596,-0.083937117779455,-0.0806127698757368,-0.0301945528156526,0,0.00312093381944312,-0.000675756678079065,-0.0267131054681818,-0.0207563033015105,-0.00565761368511952,0.00161313156222387,1.11022302462516e-16,-0.00178829961273774,0.00523806337581524,0.0150965735230845,0.0161487540416082,0.00602685159244175,-0.000609904806308265,0
1.77635683940025e-15,0.0746585733653333,0.032144168365714,0.00185767566564454,-0.0276571065406754,-0.0224366769587663,-0.139283077900056,0,0.236535514516732,0.0806091690477828,0.0085137971780016,0.00195447825305628,-0.299171825552031,-0.236535514516734,-8.88178419700125e-16,0.0301065830768836,0.00893233162809182,-0.000435249032583407,-0.0842042650319326,-0.0806091690477844,-0.0301065830768841,0,0.00315939415227939,-0.000646937290235794,-0.0266774031313,-0.0206234519605859,-0.00556864310617766,0.00162558795811507,0,-0.00178807261596181,0.00563269288345992,0.0152443818669427,0.0161917770091741,0.00603220078177166,-0.000616590725028149,0
8.88178419700125e-16,0.0749480007071801,0.0326338518346549,0.00210418038225324,-0.0277226618044866,-0.0225853118380188,-0.1325921883527,8.88178419700125e-16,0.236422313253467,0.0805982468352164,0.00868672118013158,0.00204614681028037,-0.297057945903619,-0.236422313253468,0,0.0300074259071748,0.00905284314902222,-0.000350423445066639,-0.0844548273971153,-0.0805982468352162,-0.0300074259071736,0,0.00319756978953012,-0.000618263525545171,-0.0266327445456886,-0.0204871442637365,-0.00547676177562006,0.00163773431623848,0,-0.00178784592778614,0.00604801169924243,0.0154010525833776,0.0162365141700114,0.00603739975874297,-0.000623174292081488,0
-1.77635683940025e-15,0.0752448513875255,0.0331382423783788,0.00236103578974767,-0.0277885847417396,-0.0227354871642289,-0.125628801255887,-2.66453525910038e-15,0.236293052242861,0.0805801183861066,0.00886445862931406,0.00213688036069559,-0.294777105348636,-0.236293052242865,-8.88178419700125e-16,0.0298985302157613,0.00917351129991673,-0.000266756577776306,-0.0846827085896491,-0.0805801183861099,-0.0298985302157622,0,0.0032353741816149,-0.000589776821271482,-0.0265779441298016,-0.0203479744703567,-0.00538263026385744,0.00164955148354795,0,-0.00178762159653201,0.00648073797025872,0.0155650109410233,0.0162825037293239,0.0060424038030915,-0.000629601191064144,0
8.88178419700125e-16,0.0755452986805363,0.0336522116865741,0.00262548785392713,-0.0278535562167335,-0.0228859912639106,-0.118442706976667,-8.88178419700125e-16,0.236146131875962,0.0805557584251577,0.00904613041210744,0.00222672830914217,-0.292336522777144,-0.236146131875962,8.88178419700125e-16,0.0297820810646208,0.00929395706387037,-0.000184197492440141,-0.0848830459062306,-0.0805557584251586,-0.0297820810646203,0,0.00327276294438672,-0.000561486304231362,-0.0265122154511582,-0.0202066795041735,-0.00528707388521443,0.00166103541446216,0,-0.00178740150541445,0.00692693437791908,0.0157346633702658,0.0163291756675359,0.00604717485460049,-0.000635824498206899,0
8.88178419700125e-16,0.0758449471419436,0.0341701853079002,0.00289468331709219,-0.027916075779606,-0.023035458806195,-0.111086315167832,8.88178419700125e-16,0.235983367964332,0.0805258178506838,0.00923083276059877,0.00231589763723061,-0.289749702666144,-0.23598336796433,1.77635683940025e-15,0.0296599588772324,0.0094139524269341,-0.000102613470426505,-0.085051534942284,-0.0805258178506851,-0.0296599588772317,0,0.00330973453962535,-0.000533381693510249,-0.0264348967251395,-0.0200637781063139,-0.00519073479893428,0.00167219350451275,0,-0.00178718652322274,0.00738233030909666,0.0159082995843109,0.0163760856974103,0.00605170051273918,-0.000641827620160962,0
8.88178419700125e-16,0.0761390923797185,0.034686842892472,0.00316590731655531,-0.0279745526477164,-0.0231824180042519,-0.103600115713683,8.88178419700125e-16,0.235810675358342,0.0804907648306232,0.0094174873253321,0.00240478101123198,-0.287032153737456,-0.23581067535834,0,0.0295339136515667,0.00953337012348143,-2.17980343890645e-05,-0.0851846083079808,-0.0804907648306235,-0.0295339136515669,0,0.00334632144813707,-0.000505447139691473,-0.0263454660305401,-0.0199196632957365,-0.00509414459032109,0.00168303926709634,0,-0.00178697608439493,0.00784261161431393,0.0160838861577651,0.0164228759087613,0.00605600163171188,-0.000647633862938118,0
8.88178419700125e-16,0.0764314115880227,0.0352052814306338,0.00344081046095557,-0.028030102269069,-0.0233280768414916,-0.0959807942056647,8.88178419700125e-16,0.235616934559793,0.080450581085314,0.00960755310240113,0.00249334920885058,-0.284171557276507,-0.235616934559796,-1.77635683940025e-15,0.0294027844978224,0.00965243819927153,5.82741855037483e-05,-0.0852831023069334,-0.080450581085314,-0.0294027844978229,0,0.00338256118873748,-0.000477659073239378,-0.0262438717793831,-0.0197738433359704,-0.00499688162233491,0.0016935875839873,0,-0.00178676980032744,0.00831041981246336,0.0162636900577877,0.0164697775496088,0.0060600935390992,-0.00065326043679545,0
-1.77635683940025e-15,0.0767296048486559,0.0357329915565288,0.00372339988884285,-0.0280850692924064,-0.02347492478241,-0.0881846848833996,0,0.235382887810514,0.0804044663359722,0.00980374059812128,0.0025813812774178,-0.281132600374036,-0.235382887810513,8.88178419700125e-16,0.0292638208395815,0.0097715334389008,0.000137504909699437,-0.0853480600760153,-0.0804044663359735,-0.0292638208395812,0,0.00341847997078881,-0.000450000088424662,-0.0261296542382273,-0.0196252754220196,-0.00489803888508933,0.00170384970504767,-1.11022302462516e-16,-0.00178656747380035,0.00879226569211128,0.0164520020365414,0.016517304373077,0.00606398639702815,-0.000658718475658543,0
-1.77635683940025e-15,0.077037159014453,0.0362744287073626,0.0040164459470331,-0.0281404009129016,-0.0236240309390228,-0.0801521510633063,-8.88178419700125e-16,0.235103141785604,0.0803500699095592,0.0100075075937411,0.00266876758078638,-0.277883614374196,-0.235103141785604,0,0.029114230795857,0.00989091150086452,0.000215712254178158,-0.0853758613825621,-0.0803500699095607,-0.0291142307958572,0,0.00345406667317461,-0.000422495634179398,-0.0260012975079593,-0.0194729025332468,-0.00479676530178119,0.00171382317428737,0,-0.00178636824917089,0.00929244753265218,0.0166510630674225,0.0165659329579873,0.00606770507417881,-0.000664035969275195,0
0,0.0773528544260706,0.0368303041595377,0.00432091599704965,-0.0281955556064499,-0.0237748865397691,-0.071823263231271,8.88178419700125e-16,0.2347862185847,0.080284224401268,0.0102187421767788,0.00275545753596518,-0.274403116227708,-0.234786218584702,-1.77635683940025e-15,0.0289518693991804,0.010010613164404,0.000292652115911451,-0.0853590701740352,-0.0802842244012674,-0.0289518693991815,0,0.00348926700728946,-0.000395211661838424,-0.0258566719378377,-0.019315986030746,-0.00469249605885236,0.00172349267754757,0,-0.00178617108745904,0.0098120878639282,0.0168606653561952,0.016615962905091,0.00607127827251486,-0.000669244459756191,0
-8.88178419700125e-16,0.0776727533453601,0.0373985009983224,0.0046361127370167,-0.0282491785417038,-0.0239261017500718,-0.0631605359434499,0,0.234445227877017,0.0802044782430409,0.0104363095018334,0.00284142073323146,-0.270680993912071,-0.234445227877019,0,0.028775998957423,0.0101304592598019,0.000368117345788121,-0.0852893276823745,-0.080204478243042,-0.0287759989574228,-2.22044604925031e-16,0.00352400804455311,-0.000368221659290624,-0.0256938216353977,-0.0191543553314363,-0.00458515452827779,0.00173284056800538,0,-0.00178597550291926,0.0103495697155161,0.0170790348662627,0.0166673896229357,0.00607472216207736,-0.00067435975887592,0
0,0.0779929535665849,0.0379756636522419,0.00496032143734215,-0.0282999801352837,-0.0240763553908367,-0.0541647571312607,0,0.234087072092124,0.0801100963653996,0.0106589949105604,0.00292662151466594,-0.266716033507005,-0.234087072092122,8.88178419700125e-16,0.0285874380672801,0.0102501372745714,0.000442018196345373,-0.0851601765927945,-0.0801100963653993,-0.0285874380672797,0,0.00355822894618618,-0.000341571142477903,-0.0255115636622389,-0.0189883640680009,-0.00447514377685554,0.00174185769119506,1.11022302462516e-16,-0.00178578210655833,0.0109018680666194,0.0173042700624344,0.0167199097127431,0.00607802893333473,-0.000679368746990039,0
-3.5527136788005e-15,0.078310845978673,0.0385582205706392,0.00529133585122388,-0.0283471170956826,-0.0242248347512151,-0.0448699767085553,2.66453525910038e-15,0.233708902333025,0.0800021000397715,0.0108859419721083,0.00301103161189875,-0.262511913351458,-0.233708902333024,0,0.0283883731165542,0.0103692843493475,0.000514412544936782,-0.0849680742615848,-0.0800021000397719,-0.028388373116554,2.22044604925031e-16,0.00359189764396728,-0.000315259807622592,-0.0253096060154755,-0.0188187326068622,-0.00436324992912096,0.00175054821400589,0,-0.00178559279818014,0.0114655286575421,0.0175349619470463,0.016772988855525,0.00608116363201799,-0.000684225839401975,0
-8.88178419700125e-16,0.0786243227001382,0.0391422613545869,0.00562673721866336,-0.0283899212187109,-0.0243709337442635,-0.0353315800177163,1.77635683940025e-15,0.233304675876793,0.0798819988160204,0.0111165757485141,0.00309469814484675,-0.258079938304637,-0.23330467587679,1.77635683940025e-15,0.0281812355645981,0.0104876127688591,0.00058544807439187,-0.0847115026796585,-0.0798819988160189,-0.0281812355645963,2.22044604925031e-16,0.00362501381906211,-0.000289260385239132,-0.0250882087603741,-0.0186461586009037,-0.00425027303782566,0.00175892537623845,-1.11022302462516e-16,-0.00178540944091288,0.0120368527958352,0.0177700699832109,0.016826099085118,0.00608409307209143,-0.000688887949295058,0
0,0.0789306854390501,0.0397236573411837,0.00596406109199954,-0.0284275478538021,-0.0245138465632495,-0.025601747773106,1.77635683940025e-15,0.23287254686569,0.0797511659149395,0.0113501425513514,0.00317781883162915,-0.253436537200194,-0.232872546865689,8.88178419700125e-16,0.027968318249064,0.0106049272271385,0.000655328055654714,-0.0843898083934216,-0.0797511659149392,-0.0279683182490635,-2.22044604925031e-16,0.00365760471896026,-0.000263540957164521,-0.0248478379569165,-0.0184712493329566,-0.00413691180406384,0.00176700581299094,0,-0.001785232702604,0.0126118486143658,0.01800823466054,0.0168787994010998,0.00608680945179577,-0.000693343328673018,0
-8.88178419700125e-16,0.0792260344893956,0.0402980497946217,0.00630095457306723,-0.0284587943825167,-0.0246523470678772,-0.0157231561912232,8.88178419700125e-16,0.232419703902798,0.0796100631589196,0.0115855731267622,0.00326065259098574,-0.248605309446539,-0.232419703902798,8.88178419700125e-16,0.0277510002977834,0.0107211635620263,0.000724228430053486,-0.0840022963185014,-0.0796100631589183,-0.0277510002977832,0,0.00368971036126431,-0.000238076954505173,-0.0245889474926049,-0.0182943790443975,-0.00402354906386204,0.00177480515169948,0,-0.00178506209964946,0.0131863011925852,0.018247634587968,0.0169308514828004,0.00608932824670971,-0.000697609084032824,0
8.88178419700125e-16,0.0795135894723895,0.0408674776246558,0.00663862223976253,-0.0284846218013728,-0.0247874673796842,-0.00569814689704912,-8.88178419700125e-16,0.231932982951547,0.0794575729773603,0.011824257528688,0.00334299357537571,-0.243573032114481,-0.231932982951546,1.77635683940025e-15,0.0275279479763935,0.0108364027676879,0.000792035769099364,-0.0835474141725214,-0.0794575729773606,-0.0275279479763928,2.22044604925031e-16,0.00372131644994766,-0.000212874268436858,-0.0243110689502826,-0.0181149275927044,-0.0039098023588916,0.00178232778001697,0,-0.00178489818947025,0.0137621393149169,0.0184904575135756,0.0169824373724733,0.0060916446894918,-0.000701675856652095,0
0,0.0797997466094991,0.0414370380796383,0.00698014664992908,-0.0285068797060832,-0.0249212372100578,0.00450373398401993,2.66453525910038e-15,0.231389555979921,0.0792907285483366,0.0120688546905781,0.00342438754477836,-0.238301273571215,-0.231389555979919,0,0.027295960667395,0.0109508021377991,0.000858439859795723,-0.0830204361579594,-0.0792907285483357,-0.0272959606673941,2.22044604925031e-16,0.00375237006741025,-0.000187966543038431,-0.0240124737747739,-0.0179315066611536,-0.00379477730115951,0.00178957009015102,0,-0.00178474192387745,0.0143445275623463,0.0187408986550144,0.0170339937475415,0.00609374767913506,-0.000705524690811199,0
0,0.0800861462690481,0.0420090878402366,0.00732730638537582,-0.0285259201482058,-0.0250541027238818,0.0149293789581519,0,0.230784751162763,0.0791057252126928,0.0123204097531833,0.00350454875852435,-0.232760650872624,-0.230784751162763,8.88178419700125e-16,0.0270520565453571,0.0110644554230515,0.000923139716562105,-0.0824132940051385,-0.0791057252126925,-0.0270520565453563,0,0.00378281819453141,-0.000163411200884589,-0.0236908502537666,-0.0177429318957383,-0.00367766236614975,0.00179652501532113,0,-0.00178459283860111,0.0149358637854224,0.0190006477478357,0.0170858940677278,0.00609565499816533,-0.000709171456177604,0
-8.88178419700125e-16,0.0803694480341797,0.0425828464269502,0.0076801827620443,-0.0285406079041266,-0.0251848504761156,0.0256250173840965,1.77635683940025e-15,0.230132877429051,0.0788990095326243,0.0125781194317884,0.00358336783027546,-0.226939631700916,-0.230132877429051,0,0.0267941004555619,0.01117734488286,0.000985885561074262,-0.0817167366702942,-0.0788990095326239,-0.0267941004555607,0,0.00381261359138452,-0.0001392842761061,-0.0233440371539595,-0.0175485758252298,-0.00355791198821953,0.00180318343319896,2.22044604925031e-16,-0.00178444905776876,0.0155350446001967,0.0192686168820919,0.0171383582105021,0.00609741170556227,-0.000712665576395988,0
8.88178419700125e-16,0.0806444141351843,0.0431557026099831,0.00803761545292314,-0.028549299590944,-0.0253116828198561,0.0366139837094817,8.88178419700125e-16,0.229453212108653,0.0786684351450537,0.0128403539682278,0.00366081920102168,-0.220841496752636,-0.229453212108652,0,0.0265213105354194,0.011289352854531,0.00104653971753343,-0.0809233857673306,-0.0786684351450533,-0.0265213105354194,-2.22044604925031e-16,0.00384172584602083,-0.000115643279839706,-0.0229707113519619,-0.0173484080737748,-0.00343537875755828,0.00180954182465587,0,-0.00178430894984982,0.0161387794650554,0.0195424652605384,0.0171913792243554,0.0060990561849617,-0.000716049195093715,0
8.88178419700125e-16,0.0809072021923152,0.0437248514710227,0.0083978518282013,-0.0285508416508371,-0.0254333472937338,0.0478914227367051,0,0.228754033898924,0.0784142752128227,0.0131056994443171,0.00373693376940132,-0.214471820552726,-0.228754033898925,-8.88178419700125e-16,0.0262349995520044,0.0114002442583434,0.00110514537255657,-0.0800298270917166,-0.0784142752128227,-0.0262349995520048,2.22044604925031e-16,0.003870148993532,-9.24992258779511e-05,-0.0225707085026782,-0.0171429830968482,-0.00331051405486182,0.00181560754592636,0,-0.00178417239267759,0.0167433034679512,0.0198201018759736,0.0172446342750505,0.00610059553079284,-0.00071932722628576,0
8.88178419700125e-16,0.0811564128998956,0.0442876196990758,0.00875895246803537,-0.0285448566652935,-0.0255494812452124,0.0594182382857245,-2.66453525910038e-15,0.228029128552003,0.0781382163902649,0.0133735706042604,0.0038117824888948,-0.207839473184761,-0.228029128552005,-8.88178419700125e-16,0.0259376761084589,0.0115097854399737,0.00116189260626598,-0.0790366943498748,-0.0781382163902675,-0.0259376761084595,0,0.00389790548358415,-6.98135540784239e-05,-0.022144880073227,-0.0169329728534344,-0.00318407674655252,0.00182139885881905,-1.11022302462516e-16,-0.00178404071752203,0.0173452439034195,0.0201005458899463,0.0172976532215139,0.00610200756081486,-0.000722469822531102,0
0,0.0813918168455308,0.0448415733074734,0.00911901600517151,-0.0285313386528063,-0.0256601393058462,0.0711467362260836,8.88178419700125e-16,0.22726590403905,0.0778425628350465,0.0136437388483781,0.00388548934505373,-0.2009531384932,-0.227265904039047,8.88178419700125e-16,0.0256324380743633,0.011617759505766,0.00121704641210041,-0.0779467992719767,-0.0778425628350439,-0.0256324380743624,2.22044604925031e-16,0.00392503276976197,-4.75267359045795e-05,-0.021694582578753,-0.0167190813878023,-0.00305696289362539,0.00182693804644485,-1.11022302462516e-16,-0.00178391568375069,0.0179416027741961,0.0203832796559499,0.0173499299328223,0.00610326184867077,-0.000725437591824973,0
0,0.0816122343038597,0.045383863392507,0.00947614957893084,-0.0285100112507317,-0.0257650348042207,0.0830265030809727,8.88178419700125e-16,0.226459368926052,0.0775287664974948,0.0139157848805906,0.00395821208950498,-0.193832661422067,-0.226459368926052,0,0.0253214264223347,0.0117240695295555,0.00127083352180346,-0.0767634622617119,-0.077528766497498,-0.0253214264223354,-2.22044604925031e-16,0.00395157570438287,-2.55876344485984e-05,-0.0212213212494466,-0.0165017851017216,-0.0029297574124087,0.00183224513938662,0,-0.00178379811242313,0.0185291133578525,0.0206675133946008,0.0174011442164889,0.00610434605876031,-0.0007282139417783,0
1.77635683940025e-15,0.0818146471008294,0.0459113922098684,0.00982851711887012,-0.0284800660588767,-0.0258632123343547,0.0950167295170234,4.44089209850063e-16,0.225617817997898,0.0771976611306613,0.0141886880931565,0.00403016559919678,-0.18650778074771,-0.225617817997898,0,0.025005787920044,0.0118287124309742,0.0013234242149065,-0.0754898415912093,-0.0771976611306606,-0.0250057879200443,-2.22044604925031e-16,0.00397758412598259,-3.96807644897912e-06,-0.0207266167441172,-0.0162815065891905,-0.00280273770553513,0.00183733496998734,0,-0.0017836871455828,0.0191039959349881,0.0209516396268579,0.0174511513903931,0.00610527921702969,-0.000730821798193226,0
8.88178419700125e-16,0.082001751077688,0.0464250780862008,0.0101767555736858,-0.0284423767429214,-0.0259555243570597,0.107105628123296,-8.88178419700125e-16,0.224726843649465,0.0768466758339135,0.0144635733176015,0.00410091952655289,-0.178971119127916,-0.224726843649466,0,0.0246839592298884,0.0119316175419417,0.00137456369589906,-0.0741236908785452,-0.0768466758339135,-0.024683959229888,0,0.00400299243538016,1.72924104497874e-05,-0.020210071750115,-0.0160574441410674,-0.00267552634716767,0.00184220488612752,-1.11022302462516e-16,-0.00178358410636581,0.0196671256398116,0.0212375710003655,0.0175000943219782,0.0061060440403623,-0.000733232585694743,0
0,0.0821787371126579,0.0469277384436673,0.0105228136017477,-0.028398462066427,-0.0260436142740845,0.119308115696108,8.88178419700125e-16,0.223760518834339,0.0764702311181682,0.0147427029963967,0.0041697055933323,-0.171189887401424,-0.223760518834339,-8.88178419700125e-16,0.0243524291545407,0.012032704717833,0.0014237541290445,-0.0726570311619754,-0.0764702311181689,-0.0243524291545416,-2.22044604925031e-16,0.00402767727036846,3.81147172712204e-05,-0.0196694611947006,-0.0158278200261682,-0.00254725296645297,0.00184684439164728,0,-0.00178349110177733,0.0202217216898971,0.0215290242009686,0.0175482984204312,0.00610661218228908,-0.00073539980185322,0
0,0.0823458472554668,0.0474199168181242,0.0108673758457076,-0.0283483688754655,-0.0261274730721617,0.131644073284622,0,0.222715871441705,0.0760633981035395,0.0150265287976872,0.0042360137124442,-0.163150793230908,-0.222715871441706,-4.44089209850063e-16,0.0240081260394587,0.0121319028709261,0.00147059471529287,-0.0710818330549272,-0.076063398103541,-0.0240081260394593,0,0.00405155380380084,5.84146001016972e-05,-0.0191029096858895,-0.0155914140588673,-0.00241714402186122,0.00185124516716328,-5.55111512312578e-17,-0.00178340788237608,0.0207679122156197,0.021827013721155,0.0175960225317535,0.00610699818996269,-0.000737332003089897,0
0,0.0824984353206943,0.047900068358552,0.0112097798752862,-0.0282907476880334,-0.0262054761217705,0.144131263230964,0,0.221613734688931,0.0756234765896537,0.0153135630669996,0.00429963850992543,-0.154863603551549,-0.221613734688931,4.44089209850063e-16,0.0236491754103998,0.0122291324817745,0.00151484955363079,-0.0693925195535718,-0.0756234765896544,-0.0236491754104,0,0.00407458781007808,7.81190214049765e-05,-0.0185096072202137,-0.0153479948595162,-0.00228472708611466,0.00185540345767621,-5.55111512312578e-17,-0.0017833321636182,0.0213026091925703,0.0221296866831437,0.0176433813619067,0.00610725145143048,-0.00073908436470721,0
1.77635683940025e-15,0.0826306371812509,0.0483656705504041,0.0115485398767552,-0.0282239576375787,-0.0262756340249544,0.156766557421658,-4.44089209850063e-16,0.220480345247054,0.0751501849559668,0.0156016959610357,0.00436060652556503,-0.146353750364741,-0.220480345247055,4.44089209850063e-16,0.0232752147136246,0.012324309811131,0.00155647274986759,-0.0675880471140267,-0.0751501849559666,-0.0232752147136244,0,0.00409679226317827,9.71898478192568e-05,-0.0178901149871771,-0.0150980387327302,-0.00214991639137979,0.00185932324871341,0,-0.00178326120998928,0.0218212815334522,0.0224341904397323,0.0176903176096093,0.00610742621094179,-0.00074072156982663,0
0,0.0827389855836769,0.048814587316814,0.011882085764209,-0.028147072448661,-0.0263368580704757,0.169531525209425,-1.77635683940025e-15,0.219326008470262,0.074645145134796,0.0158895571288431,0.00441906026930727,-0.137639906764472,-0.219326008470264,0,0.0228877809335697,0.0124173342103635,0.00159562716136286,-0.0656711632588594,-0.074645145134798,-0.0228877809335699,-2.22044604925031e-16,0.0041182128521029,0.000115650638931486,-0.0172458447107509,-0.0148422841702465,-0.00201312451659302,0.00186301988531828,0,-0.00178319417698602,0.022320137335643,0.022738550799445,0.017736567738865,0.00610753933222752,-0.00074226400896793,0
-8.88178419700125e-16,0.0828232590740381,0.0492452173846152,0.012208997430843,-0.028060110072853,-0.0263892174540938,0.182394834989694,1.77635683940025e-15,0.218140084273717,0.0741108352604529,0.0161768877622208,0.0044752157962149,-0.128729703849082,-0.218140084273718,-4.44089209850063e-16,0.0224899056724261,0.0125081018727529,0.00163263397320668,-0.063647454535593,-0.0741108352604527,-0.0224899056724259,2.22044604925031e-16,0.00413891448297821,0.000133573713001489,-0.0165787089513414,-0.0145813756979673,-0.00187515049137754,0.0018665167323676,5.55111512312578e-17,-0.00178313203431935,0.0227967153256876,0.0230422073139995,0.0177817376070573,0.00610757311753102,-0.000743690216295612,0
1.77635683940025e-15,0.0828846010630642,0.0496561523536307,0.0125280184497933,-0.0279634895902605,-0.0264332506439056,0.195321214388492,0,0.216903719759768,0.0735494915126447,0.016463930171466,0.00452929088040577,-0.119627511884545,-0.216903719759768,0,0.0220848543857306,0.0125965342401351,0.00166784099256478,-0.061523532647483,-0.0735494915126444,-0.0220848543857302,0,0.00415896151445461,0.000151042436497661,-0.0158907643128667,-0.0143157590940907,-0.00173684130999335,0.00186983773339733,0,-0.00178307638496628,0.023249286240506,0.0233452599843045,0.0178254551597803,0.00610749835097035,-0.000744964394111369,0
0,0.0829229158578189,0.0500457118756747,0.0128379155654263,-0.0278572850031082,-0.0264690393094797,0.208272944712816,1.77635683940025e-15,0.215608606651116,0.0729626208417642,0.0167505732656004,0.00458150530402612,-0.110350517218746,-0.215608606651117,-4.44089209850063e-16,0.0216747719729864,0.0126826431891365,0.0017015269715861,-0.059306294631108,-0.0729626208417635,-0.0216747719729866,0,0.00417841812811059,0.000168123128959419,-0.0151841964280349,-0.0140457600915292,-0.00159871693175812,0.00187300239719079,-5.55111512312578e-17,-0.00178302779362233,0.0236757920892343,0.0236473428234312,0.0178675080149689,0.00610730456687436,-0.000746074660413265,0
-8.88178419700125e-16,0.0829359122798197,0.050412017855856,0.0131374603879184,-0.0277409887306241,-0.0264958637653026,0.221210769248654,8.88178419700125e-16,0.214264965031899,0.0723513149273698,0.0170359272463187,0.00463202607271018,-0.100934082621551,-0.214264965031897,2.22044604925031e-16,0.0212603123443251,0.0127664955963749,0.00173383750678258,-0.0570028974817234,-0.0723513149273682,-0.0212603123443251,0,0.00419733615580387,0.000184847058644522,-0.014461418163929,-0.0137718036656593,-0.00146089219691037,0.00187602273832771,5.55111512312578e-17,-0.0017829854076245,0.0240734632968045,0.0239471309917758,0.017907850288379,0.00610700716037332,-0.0007470413930869,0
1.77635683940025e-15,0.0829260947645452,0.0507553521324828,0.0134268912245492,-0.0276155320792189,-0.0265145238918691,0.234115131392249,-1.77635683940025e-15,0.212857612148611,0.0717114279003663,0.0173207787095482,0.00468020021457072,-0.0913801067092292,-0.212857612148612,-2.22044604925031e-16,0.0208395627741795,0.0128478996829093,0.00176440213388207,-0.0546126501698797,-0.0717114279003667,-0.0208395627741793,0,0.00421561211951094,0.000201144361320793,-0.0137224660429054,-0.0134928274939082,-0.00132292854835186,0.00187889240267947,0,-0.00178295083156388,0.0244426120582353,0.0242462240706141,0.0179465988773777,0.00610658590129309,-0.000747828797745598,0
8.88178419700125e-16,0.0828979952495521,0.0510767010758251,0.0137069746769614,-0.0274824238237104,-0.0265264794372682,0.246980737166803,-8.88178419700125e-16,0.211357859682247,0.0710354319322333,0.0176066332558102,0.0047249476254585,-0.0816717240973845,-0.211357859682247,0,0.020409285219982,0.0129265207671372,0.00179260022448213,-0.0521297475440337,-0.0710354319322337,-0.020409285219982,1.11022302462516e-16,0.00423306830140469,0.000216896045767467,-0.0129658673572067,-0.0132068470612645,-0.00118409584185902,0.0018815981966912,0,-0.00178292682808695,0.0247846946284859,0.024547493374975,0.0179839234304885,0.00610600473698547,-0.000748374799805773,0
2.66453525910038e-15,0.0828513714891859,0.0513757826512036,0.0139776260362581,-0.0273417968751932,-0.0265315830964905,0.259799627973534,1.77635683940025e-15,0.209765803420352,0.0703181626373564,0.0178932414433,0.00476553107951805,-0.0718184907933896,-0.20976580342035,4.44089209850063e-16,0.0199665290280331,0.0130021227512502,0.0018179528415736,-0.0495513878969096,-0.070318162637355,-0.0199665290280325,2.22044604925031e-16,0.00424959406399272,0.000231994814038461,-0.0121912340298467,-0.0129127906840257,-0.00104368655012504,0.0018841306850807,5.55111512312578e-17,-0.00178291326754199,0.0250985950939867,0.0248512372041931,0.0180199645059527,0.00610527597466842,-0.000748683030352304,0
0,0.0827815195085719,0.0516512582737887,0.0142378882639251,-0.0271925324000186,-0.0265282088738577,0.272553254095743,-1.77635683940025e-15,0.208110013803664,0.0695589346018082,0.0181786442698595,0.00480170215942533,-0.0618588003943787,-0.208110013803665,-4.44089209850063e-16,0.0195096845488272,0.0130745876648803,0.00184024026543428,-0.0468809010039579,-0.0695589346018084,-0.0195096845488275,-1.11022302462516e-16,0.00426516825640055,0.000246372784408866,-0.0114000730182652,-0.0126109995159085,-0.000901285261147078,0.00188648756930959,5.55111512312578e-17,-0.0017829075364475,0.0253808363846145,0.0251551628455211,0.0180547629686382,0.00610445070483073,-0.000748813248380165,0
8.88178419700125e-16,0.0826828851053234,0.0519015919524763,0.014486484983812,-0.0270332531224033,-0.0265145041749131,0.285214640718969,-2.66453525910038e-15,0.206424266779258,0.0687604065506093,0.0184605728523906,0.0048335885899462,-0.0518386409305288,-0.20642426677926,-3.33066907387547e-16,0.0190388388075059,0.013143895714827,0.00185951056180089,-0.0441264379785363,-0.0687604065506101,-0.0190388388075065,-1.11022302462516e-16,0.00427983909003027,0.000260021301011104,-0.0105951473554907,-0.0123026243733323,-0.000756875528938716,0.00188867590798719,0,-0.00178290674767057,0.0256275376991169,0.025456287921049,0.0180882384050757,0.00610358011668571,-0.000748831168133901,0
1.77635683940025e-15,0.0825526991244558,0.0521255452837757,0.0147222607403998,-0.0268633188470595,-0.026489629590376,0.297754828102104,0,0.204721217101986,0.0679264340450789,0.0187378072712976,0.00486154384419457,-0.0417879134753587,-0.204721217101986,0,0.0185560923658311,0.0132100808583864,0.00187606002380847,-0.0412985144493567,-0.0679264340450781,-0.0185560923658309,-2.22044604925031e-16,0.00429369464003271,0.000272996234366385,-0.0097795507427926,-0.0119887872205168,-0.000610941219036654,0.00189071235475424,0,-0.00178290958716093,0.0258361786418529,0.0257527999663136,0.0181201826481622,0.00610268439468686,-0.000748766656841149,0
1.77635683940025e-15,0.0823917390820545,0.052322276284845,0.0149444485583574,-0.0266829887745086,-0.0264539982911716,0.310154672148721,8.88178419700125e-16,0.202984886575506,0.0670596725580275,0.0190105826220943,0.00488595999610464,-0.0317090555822437,-0.202984886575507,-2.22044604925031e-16,0.0180646917492689,0.0132732109051553,0.00189031707281162,-0.0384061823881152,-0.0670596725580282,-0.0180646917492691,0,0.0043068304837135,0.000285395962886681,-0.00895564204102373,-0.0116699208099048,-0.000464251813031252,0.00189261929072901,0,-0.00178291673716077,0.0260060788684663,0.0260446924723233,0.0181503401806071,0.00610174733784591,-0.000748604181756041,0
8.88178419700125e-16,0.0822018675060434,0.0524909750541322,0.0151524735156547,-0.0264927797774943,-0.0264083955495362,0.322400920331585,1.77635683940025e-15,0.201189736330758,0.0661615458646256,0.0192796426656043,0.00490719251319938,-0.0215953226255812,-0.201189736330757,0,0.0175678325943219,0.0133333842534809,0.00190271233812578,-0.035457106377777,-0.0661615458646246,-0.0175678325943219,-1.11022302462516e-16,0.00431933460460776,0.00029732464823784,-0.00812530522479174,-0.0113460270586689,-0.000317555991907748,0.00189441872867505,0,-0.00178292956040313,0.0261372448658699,0.0263326076067982,0.0181785008839396,0.00610074080219852,-0.000748312674448026,0
-8.88178419700125e-16,0.0819835949765402,0.0526307578435921,0.0153457631950378,-0.0262928786537708,-0.0263530966997889,0.33447304289942,2.66453525910038e-15,0.199324025393772,0.0652329736394046,0.0195452157018972,0.00492551187768608,-0.0114563873978798,-0.19932402539377,2.22044604925031e-16,0.0170673458264354,0.0133907221320487,0.00191354428494872,-0.0324593192327499,-0.0652329736394041,-0.0170673458264355,0,0.00433127874917205,0.000308855335233504,-0.00729064460664691,-0.011017135156436,-0.000171248120830109,0.00189612644047166,-2.77555756156289e-17,-0.00178294846892257,0.0262292531199488,0.0266165952016407,0.0182045721334095,0.00609965421568842,-0.000747882563201296,0
0,0.0817350505282928,0.052740821775743,0.0155236622287522,-0.0260829264528915,-0.0262875026496823,0.346335034004857,0,0.197401453053081,0.0642758811228941,0.0198064965712117,0.00494113655739881,-0.00133053501881891,-0.197401453053078,1.11022302462516e-16,0.0165636126598044,0.013445346076475,0.00192295826179478,-0.029423386871164,-0.0642758811228927,-0.016563612659804,0,0.00434272098268629,0.000320020712150648,-0.00645464124417838,-0.0106838160066281,-2.53553708681742e-05,0.00189775074409981,-2.77555756156289e-17,-0.00178297229593941,0.0262808487389086,0.0268954689575618,0.0182285597122914,0.0060985055727521,-0.00074734011370936,0
1.33226762955019e-15,0.0814586501806471,0.0528212848871288,0.0156861924175473,-0.0258639514632542,-0.0262123992177452,0.357966481828594,0,0.19540785924816,0.0632852758146427,0.0200637646847497,0.00495323629922595,0.00877272667228179,-0.19540785924816,3.33066907387547e-16,0.0160546254108588,0.0134969503495537,0.00193050831594255,-0.0263513745197361,-0.0632852758146411,-0.0160546254108585,0,0.00435353197466382,0.000330725021558953,-0.00561781154284158,-0.0103449041582687,0.000120575640588816,0.00189928249146892,-2.77555756156289e-17,-0.00178300254814734,0.0262925819834562,0.02717032381127,0.0182505331423506,0.00609727721756087,-0.000746650650489122,0
-4.44089209850063e-16,0.081159216517674,0.0528724281136097,0.015833461336237,-0.0256377830087291,-0.0261293714224293,0.369349951147809,0,0.193313980949705,0.0622519532912094,0.020317718743847,0.00496043706720073,0.0188528665574386,-0.193313980949705,-2.22044604925031e-16,0.0155371389969883,0.0135450102720741,0.00193547036507424,-0.0232420665908676,-0.0622519532912084,-0.0155371389969886,-5.55111512312578e-17,0.00436349555345122,0.000340812856163941,-0.00477963735060757,-0.00999816873835119,0.000267262518585776,0.00190070596386918,0,-0.00178304197731363,0.0262657199030202,0.0274432177604451,0.0182705665832905,0.00609593504449968,-0.000745750798060218,0
0,0.0808372023429644,0.0528942048350989,0.0159651399213758,-0.0254049882446701,-0.0260385413066273,0.380460362832919,0,0.191122701309727,0.0611717020673339,0.0205675636916531,0.00496187805737947,0.0288827753775596,-0.191122701309725,1.11022302462516e-16,0.0150087018916033,0.0135891677051856,0.00193735120822613,-0.0200998323670504,-0.0611717020673332,-0.0150087018916032,-1.11022302462516e-16,0.00437248709382265,0.000350168452356636,-0.00394126507905526,-0.00964285457916922,0.000415281974419077,0.00190201100086639,0,-0.00178309075206151,0.0261998548342506,0.0277139249271895,0.0182886918855831,0.00609448484188602,-0.000744635708112507,0
8.88178419700125e-16,0.0804889952446906,0.05288654321014,0.0160805974960949,-0.0251649694897096,-0.0259386640021466,0.391258034695795,1.77635683940025e-15,0.188870406495171,0.0600471365281248,0.0208111859148143,0.00495738399090051,0.0388061409489906,-0.188870406495173,0,0.0144682777939114,0.0136292855521338,0.00193597285624914,-0.0169368208962175,-0.0600471365281248,-0.0144682777939113,5.55111512312578e-17,0.00438049421382636,0.000358734333532396,-0.00310605369784647,-0.00928008543579764,0.000564916421024381,0.00190319435152797,-1.38777878078145e-17,-0.00178314642382343,0.0260933614031639,0.0279800663854843,0.0183048917861827,0.00609297146393667,-0.00074336028526939,0
0,0.0801104918404283,0.0528494956871954,0.0161792195549668,-0.0249168979706207,-0.0258283676766586,0.401699727304246,0,0.186597811148504,0.0588848534327315,0.0210465420524333,0.00494732613887017,0.0485640383169159,-0.186597811148503,0,0.0139166603005674,0.0136654277844244,0.00193148703421464,-0.0137694443286265,-0.0588848534327294,-0.0139166603005673,-1.11022302462516e-16,0.00438759218215667,0.000366527051935628,-0.00227839886278625,-0.00891184390609198,0.000716034698353393,0.00190426190839746,1.38777878078145e-17,-0.00178320608895739,0.0259449693884528,0.0282389321156893,0.0183190943960733,0.00609144210527152,-0.00074199021661453,0
4.44089209850063e-16,0.079699996644766,0.0527829771163177,0.0162606510773493,-0.0246603830889942,-0.0257071670538274,0.411762810431361,-1.77635683940025e-15,0.184317765395724,0.0576905105545755,0.0212729504394318,0.00493231154560902,0.0581303306170398,-0.184317765395726,0,0.0133562446854869,0.0136977951090609,0.00192430188248327,-0.0106110810195675,-0.0576905105545771,-0.013356244685487,0,0.00439389743035273,0.000373632523353179,-0.00146164392590509,-0.00853947543941132,0.000868129832344508,0.00190522866125134,1.38777878078145e-17,-0.00178326852662604,0.0257547300173776,0.0284892677930283,0.0183311922157155,0.00608991123214153,-0.00074055296063974,0
-4.44089209850063e-16,0.0792586270569848,0.0526864864064236,0.0163247382280831,-0.0243956302441335,-0.0255755734512704,0.42144805668115,0,0.18200995493517,0.0564663783474675,0.0214910909823871,0.00491290488105278,0.067514170226064,-0.18200995493517,4.44089209850063e-16,0.0127902351822056,0.0137266320277361,0.0019149255570734,-0.00746974043183105,-0.056466378347468,-0.0127902351822053,2.77555756156289e-17,0.00439952303772487,0.00038016814996536,-0.000657517629428041,-0.00816313612202242,0.00102049588402336,0.00190611367943121,-1.38777878078145e-17,-0.00178333438917928,0.0255238251602369,0.0287314740950096,0.0183410821499153,0.00608835985279838,-0.000739032935335948,0
-4.44089209850063e-16,0.0787884694289542,0.0525592344080938,0.0163713725983285,-0.0241230530334247,-0.0254344219991931,0.430763262543305,0,0.179642646874591,0.0552122936265054,0.0217020878562195,0.0048895662139401,0.076734195572417,-0.179642646874593,0,0.0122214590187903,0.0137521974397536,0.00190383666693084,-0.00435067357548696,-0.0552122936265067,-0.0122214590187906,1.38777878078145e-17,0.00440456881138944,0.000386249848313105,0.000133001081063316,-0.00778228171547527,0.00117252184881817,0.00190693520203458,-6.93889390390723e-17,-0.00178340488877311,0.0252537377641123,0.0289665260554405,0.0183487050911804,0.00608675944719378,-0.000737401386710079,0
0,0.0782898388288462,0.0524006743714933,0.0164004567476619,-0.0238426396286164,-0.025283888310097,0.439705296639888,0,0.177203489593127,0.0539286118130047,0.0219063764192455,0.00486266964502491,0.0857900750467837,-0.177203489593126,0,0.0116513172247235,0.0137747224889595,0.00189135448279432,-0.00125995673575542,-0.0539286118130041,-0.0116513172247238,-5.55111512312578e-17,0.00440911886124314,0.000391955383599783,0.000908550103627586,-0.00739670691791701,0.00132394490242522,0.0019077050371721,2.77555756156289e-17,-0.00178347993535283,0.0249453529376998,0.0291946276651609,0.0183540612455146,0.00608510560163422,-0.000735659448088677,0
4.44089209850063e-16,0.077760630661178,0.0522108604662201,0.0164119309376858,-0.0235538467357124,-0.0251232852922727,0.448252890190956,1.77635683940025e-15,0.174709199925049,0.052618204887926,0.0221033853975481,0.00483252290862701,0.0946545235963061,-0.174709199925047,0,0.0110799489957492,0.0137943703971488,0.00187762674398773,0.00179336987711955,-0.0526182048879239,-0.0110799489957491,-2.77555756156289e-17,0.00441323386557596,0.000397321482182918,0.00166681680128996,-0.00700714454112969,0.00147479900987859,0.00190842863989948,0,-0.00178355841059105,0.0245989561681169,0.0294148567280216,0.0183571810335336,0.00608341392901757,-0.000733832185086547,0
4.44089209850063e-16,0.0772039455503912,0.0519903137102755,0.0164058332105443,-0.0232580258812121,-0.0249536232446155,0.456387748618461,0,0.172148620521286,0.0512758940668778,0.0222929262460578,0.00479819096761247,0.103311944945038,-0.172148620521287,0,0.0105052397678644,0.0138107501974369,0.00186215546247537,0.00480516861737178,-0.0512758940668794,-0.010505239767864,2.77555756156289e-17,0.00441677023652563,0.000402230801702791,0.00240713091150638,-0.00661242101847827,0.00162557120095382,0.00190909346075429,0,-0.00178364135568004,0.0242162458319098,0.0296278428324047,0.0183580897557896,0.00608167451631997,-0.000731894406678646,0
-8.88178419700125e-16,0.0766252105268603,0.0517394992356839,0.0163821446443242,-0.0229573373625205,-0.024776702088614,0.464103554270627,1.77635683940025e-15,0.169492904538778,0.0498922740645185,0.0224749181263668,0.0047581515302717,0.111760240255084,-0.169492904538776,4.44089209850063e-16,0.00992443703454526,0.0138232066912214,0.00184418826631338,0.00777466626077367,-0.0498922740645169,-0.00992443703454526,2.77555756156289e-17,0.00441949443459791,0.000406502041604223,0.00312992687923019,-0.00621032148737994,0.00177687058938877,0.00190968019144229,0,-0.00178373096818224,0.0237993987748837,0.0298348410185271,0.0183567820029711,0.00607986196187538,-0.000729793357435449,0
-6.66133814775094e-16,0.0760266754877095,0.0514594575435876,0.0163408501451721,-0.0226530293855016,-0.0245932536182096,0.471378101314244,0,0.166746923917051,0.048464689754157,0.0226483148775358,0.00471153744441821,0.119969524917475,-0.166746923917049,0,0.00933569506437015,0.0138313143261346,0.00182324526061262,0.0106941523770921,-0.0484646897541558,-0.00933569506437021,-2.77555756156289e-17,0.00442127241124465,0.000410012809382021,0.0038337189810644,-0.005800434665116,0.00192913575607254,0.00191017576414111,2.77555756156289e-17,-0.00178382753094339,0.0233501404916454,0.0300354321422805,0.0183532336381807,0.0060779784603916,-0.000727520536383142,0
8.88178419700125e-16,0.0754067503981177,0.0511519667204372,0.0162821428346689,-0.0223451668098869,-0.0244027053403595,0.478174014421032,-1.77635683940025e-15,0.163952438550297,0.0469993187300197,0.0228113247376278,0.00465836040673118,0.127885852798381,-0.163952438550298,0,0.00873867319625088,0.0138349579453751,0.0017992042037438,0.0135489768054053,-0.0469993187300199,-0.00873867319625099,0,0.00442209562342372,0.00041271603894022,0.00451504742351919,-0.00538462825712924,0.00208248559366939,0.00191057450595707,2.77555756156289e-17,-0.00178392898896332,0.0228698495392096,0.0302276630922256,0.018347420358224,0.00607606046339448,-0.000725122531448574,0
-4.44089209850063e-16,0.0747634906861392,0.05081906275585,0.0162064471558983,-0.0220335203514626,-0.0242043938145096,0.484454530403013,0,0.161155352700824,0.0455061459979227,0.0229626072421354,0.00459930691202359,0.135456704207619,-0.161155352700825,-4.44089209850063e-16,0.00813459152335394,0.0138343275820763,0.00177231677489331,0.0163223596790281,-0.0455061459979222,-0.00813459152335444,-5.55111512312578e-17,0.00442205696564507,0.000414657615337266,0.0051699054297589,-0.00496552826852611,0.00223669990331712,0.00191088142124228,0,-0.00178403311316686,0.0223605303031436,0.0304095677840436,0.0183393252322861,0.0060741413387978,-0.000722650769129307,0
-6.66133814775094e-16,0.0740958334607638,0.050461574697235,0.0161141836372722,-0.0217177389739589,-0.0239980141346343,0.490212928625898,0,0.158369965440361,0.0439921941643888,0.0231020661141557,0.0045352156801961,0.142669271125595,-0.15836996544036,8.88178419700125e-16,0.0075258710570667,0.0138297641551377,0.00174305091593219,0.019004508377884,-0.0439921941643877,-0.00752587105706581,0,0.00442128211607851,0.000415939942484012,0.00579609134393902,-0.00454468409798756,0.00239127916345921,0.00191110874520062,-2.77555756156289e-17,-0.0017841390126421,0.0218241972408578,0.0305804700475839,0.0183289510650412,0.00607222807794311,-0.000720125566841145,0
-1.11022302462516e-15,0.073405010309409,0.0500789750691748,0.0160056062056999,-0.0213978731046542,-0.023784070303646,0.495468717174223,-1.77635683940025e-15,0.155572197429212,0.042458806270778,0.0232307717577065,0.00446682269431875,0.149545406456865,-0.155572197429211,0,0.0069154438474297,0.0138216815321921,0.00171197717076055,0.0215924869465798,-0.042458806270776,-0.00691544384742926,0,0.00441989968360801,0.000416696412176232,0.00639320808501087,-0.00412192872758382,0.00254560425818584,0.00191127307226821,0,-0.00178424725837883,0.0212630073634838,0.0307410359784588,0.0183163278399724,0.00607030045559065,-0.000717532493424544,0
-2.22044604925031e-16,0.0726923592781767,0.0496699373727654,0.0158807706086868,-0.0210738915440676,-0.023563108683968,0.500250527824722,-1.77635683940025e-15,0.152725355434471,0.0409037580060474,0.0233500527737203,0.00439466397738286,0.156118298047448,-0.152725355434471,0,0.00630553843438619,0.013810468205345,0.00167959998014222,0.0240874265056399,-0.0409037580060472,-0.00630553843438519,-1.11022302462516e-16,0.00441801920866269,0.000417052114660033,0.00696180895074136,-0.00369616222398009,0.00269922333462011,0.00191139008676111,2.77555756156289e-17,-0.00178435890707881,0.020678571086477,0.0308923034103144,0.0183015015161089,0.00606833014751662,-0.000714845106070672,0
-3.33066907387547e-16,0.071957389717246,0.0492336772244254,0.0157397574898617,-0.0207453795561131,-0.0233350121864015,0.504570466335728,0,0.149815365488342,0.0393265486001262,0.0234604978611639,0.00431914389726096,0.162400673827895,-0.149815365488346,-1.77635683940025e-15,0.00569713798145344,0.0137964029088256,0.00164622638443834,0.0264885071194856,-0.039326548600126,-0.00569713798145399,0,0.00441572100482601,0.000417084266097878,0.00750181111491197,-0.00326695497101745,0.00285196819469216,0.00191146883123372,-2.77555756156289e-17,-0.00178447395499484,0.0200719709653527,0.0310345805592072,0.0182845207875069,0.00606631034828936,-0.000712062122710466,0
-2.22044604925031e-16,0.0711982033218748,0.048770807540141,0.0155828750883911,-0.02041174025375,-0.0230991317960997,0.508415513773484,0,0.146861034962265,0.0377304590539342,0.0235618875832024,0.0042406663558463,0.168374749624491,-0.146861034962266,0,0.00508998353091084,0.0137796723910801,0.00161198977622679,0.0287903815405425,-0.0377304590539348,-0.00508998353091095,0,0.00441306965843624,0.000416830212186747,0.00801192579104842,-0.00283507692307033,0.00300395632779341,0.00191151260896463,5.55111512312578e-17,-0.00178459111557347,0.0194444164900495,0.0311673055585935,0.0182654166656885,0.00606425966671736,-0.000709213460946712,0
5.55111512312578e-16,0.0704175900463392,0.0482823584619925,0.0154103782678002,-0.0200742037639299,-0.0228563688947006,0.51178497271763,-1.77635683940025e-15,0.143856967692537,0.0361116953839566,0.0236536891445311,0.00415836278550863,0.17403416499382,-0.143856967692539,0,0.00448229391441313,0.0137598624715034,0.00157640902641099,0.0309915397137055,-0.0361116953839572,-0.00448229391441335,0,0.00440992752624214,0.000416164803241692,0.00849233844257774,-0.0023996900848729,0.00315560545764776,0.00191150562221562,0,-0.00178471069265607,0.0187981387785217,0.031290686683571,0.0182441794414372,0.00606217985767216,-0.000706290658617714,0
-2.22044604925031e-16,0.0696224937041215,0.0477698954426532,0.0152225764175477,-0.0197355207357627,-0.0226090114957297,0.514692128572221,-1.77635683940025e-15,0.140779443877921,0.0344624309478547,0.02373516971039,0.00407070985941971,0.179380786220597,-0.140779443877921,0,0.00387201973240714,0.0137362610478267,0.00153873996271514,0.0330919662858238,-0.0344624309478531,-0.00387201973240736,-3.33066907387547e-16,0.00440605540428729,0.000414886808481896,0.00894404305061144,-0.00195898117471732,0.00330737747510559,0.00191142279382453,0,-0.00178483405415114,0.0181366010454884,0.0314052780182442,0.0182207771163161,0.00606005822346961,-0.000703258821058761,0
5.55111512312578e-17,0.0688169225150456,0.0472358024114357,0.0150200830794877,-0.0193974573786161,-0.0223583648285283,0.517139063053662,-1.77635683940025e-15,0.137634947554451,0.0327819062928221,0.0238053257403497,0.00397695211694504,0.184400491444419,-0.137634947554452,0,0.00325800583522362,0.0137084453053165,0.0014985435875996,0.0350875946276442,-0.0327819062928216,-0.00325800583522307,1.11022302462516e-16,0.00440131912300845,0.00041287036676052,0.00936681922709107,-0.0015129053205111,0.00345955760485031,0.00191124676244456,0,-0.00178496127623581,0.0174631096685048,0.0315107358830546,0.0181951861293541,0.00605789922895011,-0.000700114239382765,0
7.49400541621981e-16,0.0680018246978215,0.0466836216746717,0.0148040204821693,-0.0190607319175212,-0.0221046956158189,0.519111647467069,-5.32907051820075e-15,0.13446505909466,0.0310784080078186,0.023863131393993,0.00387732657334006,0.18906053544309,-0.134465059094662,0,0.00264040870632165,0.013676372262414,0.00145576865009378,0.036969381499785,-0.0310784080078201,-0.00264040870632165,-1.11022302462516e-16,0.00439571378134174,0.000410085495669787,0.00975896312608987,-0.001063663995306,0.00361214801228515,0.00191097057424694,-5.55111512312578e-17,-0.00178509103184932,0.016781142932248,0.0316059698413697,0.0181674178914062,0.00605572612037425,-0.000696888048142774,0
8.04911692853238e-16,0.0671769950110525,0.0461168264148608,0.0145757272323879,-0.0187254589900102,-0.0218478991729565,0.520597853659497,-1.77635683940025e-15,0.131315253686697,0.0293634930045137,0.0239081776636763,0.00377273824607016,0.193333222675473,-0.131315253686695,0,0.00202062997789554,0.0136403225776807,0.00141071131162995,0.0387284665832397,-0.0293634930045128,-0.00202062997789532,0,0.00438933051155266,0.000406592352944934,0.0101186431845109,-0.000614123172863246,0.00376487396000785,0.0019105982475614,5.55111512312578e-17,-0.00178522192464059,0.0160941661706124,0.0316900537991705,0.0181375271395498,0.00605355804001884,-0.000693613828710971,0
3.60822483003176e-16,0.0663420378559357,0.0455367661626759,0.0143361323657195,-0.0183913106528062,-0.0215878602216862,0.521606702682156,1.77635683940025e-15,0.128199226278907,0.0276444341437898,0.0239410242797362,0.00366422716530224,0.197220998551552,-0.128199226278907,0,0.00140090965712414,0.0136007656643624,0.00136389219161615,0.0403620268186587,-0.0276444341437903,-0.00140090965712369,2.22044604925031e-16,0.00438230169017295,0.000402512765951046,0.0104453449554419,-0.000165829829618769,0.00391727096016009,0.00191014239692083,0,-0.00178535368404709,0.0154046152232393,0.0317629223205683,0.0181056075465872,0.00605139010488914,-0.000690297549426122,0
1.66533453693773e-16,0.0654976613498873,0.0449425598282066,0.0140855735351441,-0.0180580329862518,-0.0213248610283602,0.522169733393993,1.77635683940025e-15,0.125091620605938,0.025921135082358,0.023962903930121,0.00355258385276258,0.200754831480516,-0.125091620605936,0,0.000783512951292309,0.0135582059864578,0.00131587566599833,0.0418736471014236,-0.0259211350823576,-0.000783512951292309,0,0.00437475765785988,0.000397984845081467,0.0107400402228143,0.000281693482243495,0.00406886811929857,0.00190961866539002,0,-0.00178548694435665,0.0147139311248683,0.0318252758702542,0.0180717692989917,0.00604919983110253,-0.000686922328689499,0
0,0.0646436564860468,0.0443319933851689,0.0138239135983687,-0.0177250110907381,-0.0210588887402117,0.522320444111152,-3.5527136788005e-15,0.121955416656689,0.0241899136260635,0.0239750386085298,0.00343834856075631,0.203972129811463,-0.121955416656693,0,0.000170021996225955,0.0135130822656127,0.00126713878699292,0.043269407453062,-0.0241899136260662,-0.000170021996226843,0,0.00436680799622469,0.000393130592011071,0.0110041559225091,0.000729810857720781,0.0042193506279149,0.00190904126017255,1.11022302462516e-16,-0.00178562251154935,0.0140224015545715,0.0318778910121275,0.0180361080528824,0.00604696236827562,-0.00068346644584999,0
1.11022302462516e-16,0.0637785606503869,0.0437037479445928,0.0135511137996699,-0.0173914144177971,-0.0207894784584369,0.52207386761472,0,0.118776337010729,0.0224494154094117,0.0239781173294844,0.00332198011504659,0.206890744570407,-0.118776337010728,0,-0.000439063675560014,0.0134657124337103,0.00121798738547874,0.0445526671267167,-0.0224494154094117,0.000439063675558682,-2.22044604925031e-16,0.00435853925376595,0.00038803364875406,0.0112383939901164,0.00117912562688888,0.00436864812203408,0.00190841948745429,0,-0.00178576037460376,0.0133302227430224,0.0319210535637605,0.0179986797969593,0.00604467051166518,-0.000679928614819525,0
-4.44089209850063e-16,0.0628994433880159,0.0430580353025348,0.0132674266679407,-0.017056180229071,-0.0205156429309421,0.521421955477901,-3.5527136788005e-15,0.115572124023156,0.0207025793806253,0.0239722636150397,0.00320390283221883,0.209504772785722,-0.115572124023157,0,-0.00104429422339436,0.0134162638477893,0.00116853295608266,0.0457230490083977,-0.020702579380625,0.00104429422339347,0,0.00435000917142347,0.000382731984029494,0.011442545518178,0.00162896706046889,0.00451692463383185,0.00190775658328723,0,-0.00178589963730375,0.0126378123581417,0.0319545734920204,0.0179594891938082,0.00604233703911677,-0.000676330430961269,0
6.66133814775094e-16,0.0620097582455474,0.0423967404089521,0.0129734540150375,-0.0167207350773051,-0.0202384871015967,0.520379918590912,-3.5527136788005e-15,0.112342854676012,0.0189475296225865,0.0239568267156969,0.00308333927079119,0.211817235182498,-0.112342854676012,8.88178419700125e-16,-0.00164694208691163,0.0133643233043328,0.00111830969212701,0.0467824839345279,-0.0189475296225887,0.00164694208691163,-2.22044604925031e-16,0.00434108410831113,0.000377091347928848,0.0116177470140355,0.00207971885799491,0.00466447969086947,0.00190703242283091,0,-0.00178603993195664,0.0119475185796922,0.0319785124122477,0.0179185279007911,0.00603997571413173,-0.000672680268205272,0
1.11022302462516e-16,0.0611172642817449,0.0417226308584485,0.0126700421706439,-0.0163880415440306,-0.0199605396651399,0.518987765776128,0,0.109072415503828,0.01717919701046,0.0239308396185081,0.00295896051946443,0.21384398372143,-0.10907241550383,-8.88178419700125e-16,-0.00224824391499823,0.0133092475338064,0.00106663988591027,0.0477355932811445,-0.0171791970104618,0.00224824391499734,-2.22044604925031e-16,0.00433154918397749,0.000370907767621942,0.0117662461138563,0.00253256304584804,0.004811600653712,0.00190621607916519,0,-0.00178618126556679,0.0112628104663514,0.0319930564883353,0.01787579660159,0.00603759702803158,-0.000668976870246973,0
-8.88178419700125e-16,0.0602278666366143,0.0410394018064836,0.0123584480138275,-0.0160603654696693,-0.0196837156892713,0.517276858658857,3.5527136788005e-15,0.105768086347918,0.0153984301742724,0.0238935510771263,0.00283015417588217,0.215591499130857,-0.105768086347917,0,-0.00284871446390422,0.0132506705543118,0.00101313341432441,0.0485848789983947,-0.0153984301742685,0.00284871446390489,2.22044604925031e-16,0.00432127641255509,0.000364055789534579,0.0118895904105513,0.00298723895518405,0.00495842522642914,0.0019052858703531,0,-0.00178632341573115,0.0105872119833866,0.0319981220104038,0.0178313181708087,0.00603521064019091,-0.000665225007964898,0
-4.44089209850063e-16,0.0593446129602424,0.0403517142834549,0.0120404381393462,-0.0157388976276067,-0.0194089692437087,0.515262146742401,-3.5527136788005e-15,0.102466971737954,0.0136139019986103,0.0238447158257813,0.00269728238018629,0.217053374216556,-0.102466971737954,0,-0.00344787776678324,0.0131886165716484,0.00095778082943454,0.0493299559843747,-0.0136139019986075,0.0034478777667839,2.22044604925031e-16,0.0043102594774469,0.000356514988260503,0.0119883190581102,0.00344157016538232,0.00510486947939826,0.00190423384138799,0,-0.00178646562218665,0.009924204973906,0.0319935042980766,0.0177851609286677,0.00603283045664232,-0.000661443935532802,0
2.22044604925031e-16,0.0584681006889798,0.0396634554906157,0.0117177333010825,-0.0154237908326611,-0.0191364606018489,0.512951557451363,0,0.0992100575411996,0.011836783780474,0.0237847735392727,0.00256135513768641,0.218224489382956,-0.099210057541204,-8.88178419700125e-16,-0.00404439667840695,0.0131234320841349,0.000900908866952932,0.0499704459289136,-0.0118367837804729,0.00404439667840695,0,0.00429858282211093,0.000348360188395125,0.0120626345232107,0.00389285641713388,0.00525065527314139,0.00190306580905525,0,-0.00178660754871851,0.00927647548394306,0.0319792288956008,0.0177374367738956,0.00603045672734409,-0.000657642076325793,0
1.11022302462516e-15,0.057598382719406,0.0389760850085905,0.0113913947311852,-0.0151147458946326,-0.0188661956965521,0.510363527130771,3.5527136788005e-15,0.0960089295864286,0.0100732131506902,0.0237147201617915,0.00242343034121006,0.219117516419122,-0.0960089295864233,1.77635683940025e-15,-0.00463654345968045,0.0130556237602786,0.00084301843352641,0.0505094478167067,-0.0100732131506887,0.00463654345968201,-2.22044604925031e-16,0.00428637093114359,0.000339717507618964,0.0121133159919303,0.00433979407457058,0.00539541441805846,0.00190179596973844,0,-0.00178674949180513,0.00864539035915529,0.0319556889911057,0.0176882834622506,0.00602807429045238,-0.000653810965389634,0
-4.44089209850063e-16,0.0567348215611021,0.0382879778235945,0.0110614849706079,-0.0148110288748136,-0.0185979807159193,0.507525634429133,3.5527136788005e-15,0.0928394823742629,0.00832188810277756,0.0236357658153175,0.0022843041844034,0.219762120281081,-0.0928394823742593,-8.88178419700125e-16,-0.00522276438858427,0.0129857272174885,0.000784648698064494,0.0509534592286214,-0.00832188810277534,0.00522276438858404,2.22044604925031e-16,0.00427375514987749,0.00033072962426095,0.0121416887676432,0.00478303366267702,0.00553881874366957,0.00190044223472391,0,-0.00178689222533063,0.00803061750550496,0.0319234338839821,0.0176378301187599,0.00602565729971119,-0.000649928839512481,0
6.66133814775094e-16,0.0558755216848241,0.0375959128591974,0.010727417660503,-0.0145114980811851,-0.0183312199486616,0.504459876946573,3.5527136788005e-15,0.0896663275666256,0.00657792605612784,0.0235488952370453,0.00214447061357248,0.220188403912967,-0.0896663275666194,8.88178419700125e-16,-0.00580218228077101,0.0129141690575088,0.000726229389674593,0.0513092459816489,-0.00657792605612006,0.00580218228077234,-2.22044604925031e-16,0.00426084069250643,0.000321515765215885,0.0121489833567664,0.00522409125781531,0.00568069491373785,0.00189902018373239,0,-0.00178703658706769,0.00743074183798151,0.0318828734061036,0.017586163106686,0.00602317961868098,-0.000645971484741131,0
-2.22044604925031e-16,0.0550175758132774,0.0368975896140571,0.0103887158089031,-0.0142148467965486,-0.0180649628735989,0.501171345500257,0,0.0864743510639912,0.00483876086102342,0.0234547333437511,0.00200432590117572,0.220410824218462,-0.0864743510639965,-1.77635683940025e-15,-0.00637481624521818,0.012841231201616,0.000668021324145229,0.0515809692290066,-0.0048387608610243,0.00637481624521663,-2.22044604925031e-16,0.00424770773802585,0.00031215596468015,0.0121358120231254,0.00566377972053089,0.00582107067642224,0.00189754028211608,0,-0.00178718269027611,0.00684447618595543,0.0318341736268125,0.0175333059151609,0.00602063211251413,-0.000641933987558962,0
4.44089209850063e-16,0.0541568402717925,0.0361921857377592,0.0100451993091759,-0.0139195595326123,-0.0177978335476492,0.497644573340061,0,0.0832768239379469,0.00310591074975974,0.0233535988731326,0.00186421806692394,0.220425380048963,-0.0832768239379478,0,-0.00694151279105704,0.0127670323555007,0.000610102203165042,0.0517696030818331,-0.00310591074976152,0.00694151279105659,0,0.0042344062445745,0.000302685471523345,0.0121020823346192,0.00610176190502293,0.00596015878819628,0.00189600662885958,-1.66533453693773e-16,-0.00178732990688096,0.00627091345407901,0.031777374815484,0.0174792163556055,0.00601802396767084,-0.000637831982540388,0
0,0.0532971377947551,0.0354824091349313,0.00969780979342438,-0.0136271279998867,-0.0175310494534309,0.493905800464699,0,0.0800808159254309,0.00137981877488969,0.0232449606487961,0.00172351688364358,0.22024228952878,-0.0800808159254274,0,-0.00750301256453412,0.0126912209178265,0.000552043607720876,0.0518797932726454,-0.00137981877489102,0.00750301256453523,0,0.00422081962892529,0.000292971296034006,0.0120495812489294,0.00653786542027873,0.00609812971163332,0.00189439599010316,1.11022302462516e-16,-0.00178747715419952,0.00571178931862684,0.0317126111169501,0.0174239211420017,0.00601538379890992,-0.000633694436310561,0
-2.22044604925031e-16,0.0524471632925638,0.0347725792784199,0.00934809395561365,-0.0133407522694804,-0.0172674256830325,0.490015630520194,3.5527136788005e-15,0.0768815179558615,-0.000340535444976808,0.0231279663075163,0.00158115506435408,0.219888429283335,-0.076881517955858,1.77635683940025e-15,-0.00805956456531121,0.0126132916357982,0.000493243883578742,0.0519200052413724,0.000340535444980805,0.00805956456531143,0,0.00420676240568296,0.000282813853667463,0.0119815246367496,0.00697229428333845,0.00623503749990684,0.00189267244907226,-5.55111512312578e-17,-0.00178762329743648,0.00516999803801729,0.0316400848300821,0.0173675227870966,0.00601274541333102,-0.000629552783427273,0
0,0.0516136899772324,0.0340671076552577,0.00899769589666422,-0.0130628560232444,-0.0170091553523029,0.486025667676667,-3.5527136788005e-15,0.0736869146260837,-0.00205306224100354,0.023002199303285,0.00143662792094545,0.219386059914719,-0.0736869146260855,0,-0.00861112849432821,0.0125329686745292,0.000433351395373371,0.0518978596540176,0.00205306224099688,0.00861112849432755,0,0.00419211907199513,0.00027208995594008,0.0119006802725747,0.00740452583216422,0.00637088140230657,0.00189081077844172,0,-0.00178776765963373,0.00464794903217741,0.0315600543012631,0.0173101240914937,0.00601012899277364,-0.000625426402875634,0
-1.33226762955019e-15,0.0508010462621864,0.0333707127979692,0.00864850792410987,-0.0127948716964221,-0.0167576214460841,0.481971894700848,0,0.0705237982844338,-0.00375073413061955,0.0228679853139191,0.00129028408596454,0.218748627658884,-0.0705237982844356,0,-0.0091570568003565,0.0124503343778013,0.000372388370925236,0.0518191326445505,0.00375073413062177,0.00915705680035916,4.44089209850063e-16,0.00417688210671052,0.000260789369982861,0.0118090439947007,0.00783284661297823,0.00650552329093212,0.00188880381930412,1.11022302462516e-16,-0.0017879100460988,0.00414773256175258,0.0314729724629794,0.0172518496399609,0.00600753847403315,-0.000621321381792272,0
0,0.0500106539718717,0.0326868876229369,0.00830211564957528,-0.0125370866918568,-0.0165132573976075,0.477874234571889,0,0.0674216294176055,-0.00542532027892051,0.0227262426676695,0.00114301585607635,0.217984797991956,-0.0674216294176055,0,-0.00969634750465431,0.0123657385283984,0.00031066444707939,0.0516882476266569,0.00542532027892251,0.00969634750465542,0,0.00416112580488948,0.000248991330171977,0.0117078871989147,0.00825528921289609,0.0066387432397168,0.00188665995882031,-1.11022302462516e-16,-0.00178805080826905,0.00367047270767662,0.0313794581714965,0.0171928300040856,0.00600496116058274,-0.000617228065205255,0
0,0.04924205218961,0.0320165219295871,0.00795927638924487,-0.012288996620943,-0.0162758950129942,0.473746917108027,-3.5527136788005e-15,0.0643892592831001,-0.00707255283302288,0.0225781367104503,0.000995821128128682,0.217107274509248,-0.0643892592831019,0,-0.0102278998055638,0.0122796714398543,0.000248658959321801,0.0515097089852323,0.00707255283301866,0.0102278998055625,0,0.00414496728893865,0.000236829854060261,0.0115981359641241,0.0086709338244374,0.00677029954830566,0.00188439818980979,0,-0.00178819094480998,0.00321597960791981,0.0312800906279195,0.017133186254052,0.00600236677752097,-0.000613117388820805,0
4.44089209850063e-16,0.0484932031548957,0.0313574732702624,0.00761967854089685,-0.0120495012098254,-0.0160448628176328,0.469599721449139,0,0.0614084441993548,-0.00869419083654321,0.0224246584675711,0.000849406678167242,0.216133227400128,-0.061408444199353,0,-0.0107509209962906,0.0121926013413702,0.000186829024110935,0.0512880746111746,0.00869419083654388,0.0107509209962902,-4.44089209850063e-16,0.00412852551159726,0.000224438150856709,0.0114804266191022,0.00908038660267141,0.00690001750809732,0.00188203898199535,0,-0.0017883313396565,0.00278266697133289,0.031175187729944,0.0170730100808175,0.00599972714399109,-0.000608962668008389,0
-1.33226762955019e-15,0.0477606104721442,0.0307058936017253,0.00728228687755639,-0.0118170439313432,-0.0158190232072553,0.465432309482924,0,0.0584504519684081,-0.0102953480765819,0.0222664911502406,0.000704216969417359,0.215076532081241,-0.0584504519684117,0,-0.0112652666201871,0.0121048884752799,0.000125540914197586,0.0510266976398035,0.0102953480765797,0.0112652666201869,2.22044604925031e-16,0.00411190164129782,0.000211931018697431,0.0113549329870716,0.00948507117444519,0.00702787417563389,0.00187960100506557,0,-0.00178847280537919,0.00236816680672274,0.0310647751522861,0.0170123231819336,0.0059970160829679,-0.000604738389481232,0
0,0.047039959143742,0.0300584008208626,0.00694606268132514,-0.0115899359332072,-0.0155969677889738,0.461231415353797,0,0.0554989300289215,-0.0118798586455036,0.0221040351743369,0.000560507258658305,0.213940888465922,-0.0554989300289179,1.77635683940025e-15,-0.011771406523911,0.0120167272669622,6.49883169732135e-05,0.0507269150660925,0.0118798586454976,0.0117714065239098,-2.22044604925031e-16,0.00409516159616685,0.000199377635947018,0.0112213955983327,0.0098860229699923,0.00715398605169604,0.00187709587558682,0,-0.00178861560302568,0.0019702821764789,0.0309487989162246,0.0169510900693205,0.00599422204257526,-0.000600434775732253,0
-4.44089209850063e-16,0.04632601116126,0.029412610970764,0.00661013788682618,-0.0113663108423312,-0.015376984123499,0.456968645474756,3.5527136788005e-15,0.0525569899068792,-0.0134488808294542,0.021937552600928,0.000418460431884426,0.212717814545583,-0.0525569899068703,1.77635683940025e-15,-0.0122704162235934,0.0119281671233917,5.22390571866538e-06,0.0503877942542108,0.0134488808294599,0.0122704162235954,-2.22044604925031e-16,0.00407834423507802,0.000186811451332813,0.0110790772404987,0.0102835471144109,0.00727860965510896,0.00187452940115662,0,-0.00178875954412216,0.00158719190431959,0.030827259141845,0.0168892066395869,0.00599134575303915,-0.000596055387903652,0
0,0.0456222620398488,0.0287716178978936,0.00627566050154371,-0.0111474950425343,-0.015160187609129,0.452671193502251,3.5527136788005e-15,0.0496378414478151,-0.0149996822714549,0.0217668076297528,0.000277578263911948,0.211419232952643,-0.0496378414478063,1.77635683940025e-15,-0.0127623994695192,0.0118389647130339,-5.41341348156976e-05,0.0500144307613488,0.014999682271458,0.0127623994695194,2.22044604925031e-16,0.00406135615638781,0.000174107431317294,0.0109297963143193,0.0106769050656342,0.00740175284049704,0.00187187713494497,-1.11022302462516e-16,-0.00178890294846634,0.00121985080637931,0.0307005732864454,0.0168267805436323,0.00598843158264756,-0.000591649945168402,0
-4.44089209850063e-16,0.0449381600931833,0.0281414013492176,0.00594489475657811,-0.0109368573127875,-0.0149496354750829,0.448411623523072,0,0.0467504468597824,-0.0165289586102517,0.0215913748258458,0.00013704204382492,0.210078174904547,-0.0467504468597806,0,-0.0132467239102283,0.0117487907361671,-0.000113619609880544,0.049617454891377,0.0165289586102535,0.0132467239102285,0,0.00404404365318278,0.000161077701769541,0.010777315019771,0.0110652279367139,0.00752324828406714,0.00186910052295042,0,-0.00178904388408185,0.000870448814467406,0.0305693630454923,0.016764061065797,0.00598553442746916,-0.000587277967293895,0
-4.44089209850063e-16,0.0442807512017307,0.0275267377005459,0.00561969326052125,-0.0107368140086566,-0.0147476103669222,0.444249127585401,-3.5527136788005e-15,0.0439042010470487,-0.0180334788885226,0.0214112234623265,-3.55154426756599e-06,0.208723331656264,-0.043904201047047,0,-0.0137228192164081,0.0116575050700956,-0.000173531132221072,0.0492062380719556,0.0180334788885195,0.0137228192164092,2.22044604925031e-16,0.00402631741472859,0.00014761298724042,0.0106247383161495,0.0114477093294316,0.00764295231851608,0.00186617438705206,-1.11022302462516e-16,-0.00178918122425242,0.000540258908795291,0.0304342580887309,0.0167012559949334,0.00598268748155733,-0.000582975973810906,0
-8.88178419700125e-16,0.0436549709853304,0.0269316677216977,0.00530169167103312,-0.0105489145706241,-0.0145557037551765,0.440229079012138,0,0.0411128834156074,-0.0195090000878508,0.0212268733780867,-0.000143998774863263,0.207377533929112,-0.0411128834156074,0,-0.014190014228129,0.0115652196202873,-0.000233845289489665,0.0487886173864149,0.0195090000878466,0.0141900142281275,-2.22044604925031e-16,0.00400816994827946,0.000133708093192686,0.0104744695257442,0.0118233255790797,0.00776070644753146,0.00186309311410282,0,-0.00178931503260271,0.000229975805961506,0.0302959632522839,0.0166385320693229,0.00597989054031811,-0.000578744060344145,0
-4.44089209850063e-16,0.0430622913969763,0.0263583743514602,0.00499187926668432,-0.0103734311378174,-0.0143743756147359,0.436372315378087,3.5527136788005e-15,0.0383901049502384,-0.0209516417800408,0.0210392272983562,-0.000283665552831991,0.206053403487452,-0.0383901049502366,0,-0.0146477763846544,0.0114722310351834,-0.000294293955890979,0.048369510311469,0.0209516417800411,0.014647776384654,0,0.00398966414749879,0.000119441421867483,0.0103277667940518,0.0121911591821051,0.00787638793691481,0.00185986825677531,0,-0.00178944612997645,-6.06313228497662e-05,0.0301551450430822,0.0165759904902332,0.00597712053241067,-0.000574557991986246,0
-4.44089209850063e-16,0.0425017847821105,0.0258069839698702,0.00469053284807597,-0.0102097675187336,-0.0142033033540532,0.432683291359435,0,0.0357402560613984,-0.0223596059145343,0.0208492765974206,-0.000421771200599608,0.204757865795939,-0.035740256061402,0,-0.015095689816631,0.0113789288354926,-0.000354478562874405,0.0479517194933787,0.0223596059145286,0.0150956898166297,0,0.0039709015886229,0.000104937058811094,0.0101850480937425,0.0125508192488415,0.00798990135818844,0.00185652196767461,-1.11022302462516e-16,-0.00178957573936289,-0.000332573573733681,0.0300122820886119,0.0165136878224353,0.00597434139654911,-0.000570379540269325,0
0,0.041970014999464,0.025275120684694,0.00439699111515512,-0.0100564946111112,-0.0140413566061883,0.429148738377688,-3.5527136788005e-15,0.0331543427811063,-0.0237345076921436,0.0206577746393712,-0.000557669424463114,0.203491561015467,-0.0331543427811134,0,-0.0155337346873736,0.0112856624704349,-0.000414007203122679,0.0475355990212247,0.0237345076921374,0.0155337346873718,-4.44089209850063e-16,0.00395198593644253,9.03232559283929e-05,0.01004584883034,0.0129027669143584,0.008101246320114,0.00185307883190711,-1.11022302462516e-16,-0.00178970517333976,-0.000587690041621115,0.029867497365162,0.0164516141670842,0.00597151341680869,-0.000566166045243576,0
4.44089209850063e-16,0.0414625795955885,0.0247589645804349,0.00410997847117311,-0.00991190820526056,-0.0138870968579989,0.425747974922306,-7.105427357601e-15,0.0306131124537856,-0.0250809169504613,0.0204650978674543,-0.000690993642216142,0.202252400871036,-0.0306131124537909,0,-0.0159623860844942,0.0111926660955213,-0.000472595093107486,0.0471202468577159,0.0250809169504567,0.0159623860844935,0,0.00393300220547999,7.5701503509551e-05,0.00990928705964755,0.0132481857369876,0.00821053737624122,0.00184955949968757,1.11022302462516e-16,-0.00178983534137278,-0.000828203908740978,0.0297205502997226,0.0163896948858264,0.00596860732711143,-0.000561886467075653,0
0,0.0409738648172402,0.0242541696210536,0.0038279514961288,-0.0097739929819145,-0.0137386990546577,0.422447777390218,-3.5527136788005e-15,0.0280996260848383,-0.0264035371363605,0.0202713708178237,-0.00082159085917155,0.201031068420363,-0.0280996260848418,0,-0.0163824304410856,0.0111000470803884,-0.000530089867096351,0.046702840265771,0.0264035371363569,0.0163824304410858,0,0.00391400552483945,6.11347402332818e-05,0.00977399217175035,0.0135882687370479,0.00831796087055592,0.00184597761338101,0,-0.00178996669736597,-0.00105634140013515,0.029571103851157,0.0163278219654176,0.00596560663501875,-0.000557523691335519,0
-4.44089209850063e-16,0.0404974177271851,0.0237565503294417,0.00354926485440732,-0.00964054546622828,-0.0135940730166806,0.419204208594611,3.5527136788005e-15,0.025605300856931,-0.0277065251871065,0.0200765129755851,-0.000949506159020785,0.199810871571323,-0.0256053008569275,1.77635683940025e-15,-0.0167952027448077,0.0110077566094535,-0.00058648921412896,0.046278966503327,0.0277065251871118,0.0167952027448099,2.22044604925031e-16,0.00389502049229495,4.66449650962097e-05,0.00963823363039318,0.0139240465943997,0.00842383258951351,0.00184233873972506,-1.11022302462516e-16,-0.00179009916796957,-0.00127415341244852,0.0294187990593968,0.0162658153709261,0.00596251023695622,-0.000553077639131251,0
1.77635683940025e-15,0.0400369265781984,0.0232695779005554,0.00327525712142229,-0.00951290370973945,-0.0134544104164536,0.416045696921461,3.5527136788005e-15,0.0231461648973266,-0.0289857926006682,0.0198806072564146,-0.00107516161101628,0.198604567910508,-0.0231461648973248,1.77635683940025e-15,-0.0172002658157968,0.0109156687659357,-0.000642123406652928,0.0458535957101192,0.0289857926006742,0.017200265815799,2.22044604925031e-16,0.00387597564798225,3.21223008621363e-05,0.00950377542798286,0.0142544394417687,0.00852801979852613,0.00183861976040256,0,-0.00179023090922448,-0.00148100299540365,0.0292643940542862,0.0162038778083744,0.00595937096206908,-0.000548608577896725,0
0,0.0396015412700685,0.0228004374194568,0.00300878008368999,-0.00939425836567809,-0.0133226775590445,0.413043011788183,-3.5527136788005e-15,0.0207459079399079,-0.0302336433093444,0.0196839173113084,-0.00119915162959572,0.197444301203316,-0.0207459079399097,0,-0.0175960717633448,0.0108236809729689,-0.000697450925457588,0.0454374416394585,0.0302336433093404,0.017596071763345,2.22044604925031e-16,0.00385675877991543,1.74017316196817e-05,0.00937437337966829,0.0145774587985064,0.00863011145589132,0.00183478402543547,-1.11022302462516e-16,-0.00179035938994443,-0.00167520604109718,0.0291092852081577,0.0161424561538056,0.00595626526646298,-0.000544203086856127,0
-8.88178419700125e-16,0.0391989950588978,0.0223545384713835,0.0027519732026704,-0.00928720358009549,-0.0132013844329091,0.410260427343026,0,0.0184162545690647,-0.0314456685904183,0.0194867644331538,-0.00132182934434155,0.196361662736525,-0.0184162545690683,0,-0.0179815364701277,0.0107317889608005,-0.000752728941458614,0.0450404325479912,0.0314456685904174,0.0179815364701295,2.22044604925031e-16,0.00383730541350902,2.39006693902866e-06,0.00925327706854417,0.0148919759109978,0.00872982069022354,0.00183080895855692,0,-0.00179048325087294,-0.00185593828044024,0.0289545032932175,0.0160818834661751,0.00595323705319705,-0.00053991066132238,0
4.44089209850063e-16,0.0388338875503598,0.0219346688830448,0.00250598923620071,-0.00919317448687851,-0.0130920199019471,0.407740561266834,0,0.0161582334157018,-0.0326204239683037,0.0192895681265419,-0.00144317200249944,0.195379918541345,-0.0161582334156982,1.77635683940025e-15,-0.0183560203143553,0.0106401185860552,-0.000807949418650367,0.0446695499446699,0.0326204239683021,0.0183560203143558,2.22044604925031e-16,0.00381761274141712,-1.29147764635906e-05,0.00914256463355234,0.0151976356744159,0.00882698257967329,0.00182669144161707,-1.11022302462516e-16,-0.00179060254091379,-0.00202330307213139,0.0288006485410863,0.016022354234986,0.00595028830159428,-0.000535733266333258,0
1.33226762955019e-15,0.0385073080897467,0.0215413993163369,0.00227111673312796,-0.00911236072666544,-0.0129949240382508,0.405498631663637,-3.5527136788005e-15,0.0139696825142508,-0.033758089423948,0.0190928781271253,-0.0015627994584122,0.194509747772432,-0.0139696825142579,0,-0.0187193856783097,0.010548893680232,-0.00086288710201643,0.0443280608864824,0.0337580894239473,0.0187193856783099,0,0.00379773546726869,-2.84376084802584e-05,0.00904298567033646,0.0154944979999959,0.00892156225371488,0.00182244635003848,1.11022302462516e-16,-0.00179071828673005,-0.00217807970406993,0.0286480072367234,0.0159639167795274,0.00594738984351552,-0.000531638070666418,0
-1.33226762955019e-15,0.0382179612572306,0.0211739555059829,0.0020470869391378,-0.00904413818993444,-0.0129096569827132,0.40352997551426,3.5527136788005e-15,0.0118483912403846,-0.0348596975685567,0.0188972690230038,-0.00168015562936219,0.193752054758058,-0.0118483912403811,0,-0.0190719122578038,0.0104583573441541,-0.000917216075402294,0.0440164820294935,0.0348596975685611,0.0190719122578031,0,0.00377775573964234,-4.40655699580628e-05,0.00895437050338133,0.0157828352243176,0.00901363149630108,0.0018180983288395,-1.11022302462516e-16,-0.00179083200308738,-0.00232137690610907,0.0284966655448148,0.0159065086775618,0.00594449558991618,-0.000527573266355531,0
0,0.0379620195193775,0.0208301324827134,0.00183304283530328,-0.00898707026078904,-0.0128349596830875,0.401808312856563,0,0.00979211792513723,-0.0359271155464427,0.0187032001296252,-0.0017947165446941,0.19309696570396,-0.00979211792513901,1.77635683940025e-15,-0.0194142926546466,0.0103686985997822,-0.000970626467323044,0.0437323118275141,0.0359271155464393,0.0194142926546486,2.22044604925031e-16,0.00375775814582324,-5.96854824967963e-05,0.00887560680746335,0.0160631182111446,0.00910336231246389,0.00181367365445773,0,-0.00179094511288358,-0.00245457362843902,0.0283465376692235,0.0158499829921417,0.00594156030008202,-0.000523488197433905,0
-8.88178419700125e-16,0.0377341220158405,0.0205064949623748,0.00162763918166675,-0.00893926535669509,-0.0127690842788395,0.400294416696426,-3.5527136788005e-15,0.00779449100300056,-0.036963509419234,0.0185108645085492,-0.00190614870721717,0.192528397056835,-0.00779449100300589,0,-0.0197474881435156,0.0102800113186792,-0.00102289711197301,0.0434710672145528,0.0369635094192307,0.0197474881435151,-2.22044604925031e-16,0.00373780789372424,-7.52101604462041e-05,0.00880499278918967,0.0163361374083028,0.00919099129747303,0.00180919367924415,0,-0.00179105869930163,-0.00257920638652243,0.0281973209883259,0.0157941506821516,0.00593854798893508,-0.000519342528759077,0
4.44089209850063e-16,0.0375275837676292,0.0201981889257019,0.00142901524901351,-0.00889845349873886,-0.0127098650115252,0.398938471047178,0,0.00584140556313528,-0.0379737260828996,0.0183201102306683,-0.00201438781229513,0.192025613277083,-0.00584140556313528,1.77635683940025e-15,-0.0200726004531777,0.0101922916092914,-0.001073928139812,0.0432265050486551,0.0379737260828932,0.0200726004531779,-2.22044604925031e-16,0.00371794418400384,-9.05899969214641e-05,0.00874030232886425,0.0166030977320918,0.00927678525497844,0.00180467175227939,0,-0.00179117328867928,-0.00269696878654893,0.0280484382538583,0.0157388151015461,0.00593543942736262,-0.000515114820018855,0
4.44089209850063e-16,0.0373356986770377,0.0198998507174104,0.00123504254292461,-0.00886241056207604,-0.0126551392099157,0.397690570700053,0,0.00391359085181264,-0.0389641582784641,0.0181304304275294,-0.00211962547711408,0.191567840553795,-0.00391359085181087,0,-0.0203910569716488,0.0101054106543312,-0.00112374589644304,0.0429920500363619,0.038964158278465,0.0203910569716479,0,0.00369817754901991,-0.000105813270155908,0.00867923313798047,0.0168655891065052,0.00936108880074327,0.00180011235922506,1.11022302462516e-16,-0.00179128894157932,-0.0028095584987918,0.0278990252171217,0.0156837354955412,0.00593223018461463,-0.000510800110780377,0
1.33226762955019e-15,0.0371617418145065,0.0196148043591045,0.0010471049190377,-0.00883229928447271,-0.0126059768770475,0.396574555092876,0,0.00202739424938159,-0.0399299476694424,0.0179421881851844,-0.00222225063081183,0.191165783518379,-0.00202739424937981,0,-0.0207019265211628,0.0100193672830589,-0.00117263346537655,0.0427718923133851,0.0399299476694426,0.0207019265211625,4.44089209850063e-16,0.00367845997631622,-0.000120971675976467,0.00862330928688237,0.0171223239508758,0.00944363657620295,0.00179549595629247,1.11022302462516e-16,-0.0017914037615302,-0.00291642289979198,0.0277501553851817,0.0156292251614996,0.0059289807339304,-0.000506467441138816,0
8.88178419700125e-16,0.0370143865338273,0.0193509748841301,0.00086846990911793,-0.0088110843897935,-0.0125651999022307,0.39565507388799,3.5527136788005e-15,0.000216810671950896,-0.0408604699262618,0.0177563212656366,-0.00232272545704504,0.190848392002293,-0.000216810671950896,-1.77635683940025e-15,-0.0210029519132569,0.00993427346564957,-0.00122097372599228,0.0425763796794618,0.0408604699262649,0.0210029519132562,0,0.003658720100852,-0.000136198414249833,0.00857618702066476,0.0173705439462996,0.00952382084509018,0.00179079241958446,0,-0.00179151510424858,-0.00301598674410083,0.0276040458843745,0.0155759207180329,0.00592577983099773,-0.000502217758965279,0
-4.44089209850063e-16,0.036901551685137,0.019114072452028,0.000701463043522477,-0.00880140383510852,-0.0125353803104873,0.394995158541626,0,-0.00150481530274149,-0.0417504841290359,0.0175734217041281,-0.0024213948754479,0.190646627505661,0.00150481530274327,0,-0.0212926411841128,0.00985024501671994,-0.00126899308312289,0.0424153181305424,0.0417504841290348,0.0212926411841126,-2.22044604925031e-16,0.00363891776168179,-0.000151568881038511,0.00854111129083357,0.0176088733388817,0.00960123651854672,0.00178598407625308,1.11022302462516e-16,-0.00179162151348766,-0.00310746379690646,0.0274620702863627,0.0155242733918402,0.00592268022834756,-0.000498110524390888,0
-1.33226762955019e-15,0.0368274651371201,0.0189057647978985,0.000546859137317224,-0.00880460118654813,-0.0125178829505748,0.394631759560099,3.5527136788005e-15,-0.00314703279789796,-0.0426005154720066,0.0173936965560308,-0.00251835483924268,0.19058156321654,0.00314703279789441,0,-0.0215703085640282,0.00976742843917933,-0.00131669203775786,0.0422944478400262,0.0426005154720046,0.0215703085640286,0,0.00361905988067557,-0.000167079727176223,0.0085197967428986,0.0178374166937004,0.00967569587054029,0.00178107182484988,0,-0.00179172293801644,-0.0031910559074147,0.0273245430082106,0.0154745056439574,0.0059196885332803,-0.000494152616708279,0
0,0.036792982609263,0.0187253208059563,0.000404386958176683,-0.00882086062062015,-0.012512968337564,0.394574909748819,0,-0.00472478696405076,-0.0434138816592942,0.0172171912305679,-0.00261341987607011,0.190661468422373,0.00472478696405787,3.5527136788005e-15,-0.021836197601484,0.0096859521354169,-0.0013638960863851,0.0422155962005728,0.0434138816592973,0.0218361976014849,0,0.00359919200666892,-0.000182664541678257,0.00851259910605606,0.0180569998385615,0.0097472567977489,0.00177607231304622,0,-0.00179182039504766,-0.00326750359239827,0.0271911439906401,0.015426586849503,0.00591677406802929,-0.000490308662078318,0
4.44089209850063e-16,0.0367965053904888,0.0185712933500835,0.000273376327867503,-0.00884954848465647,-0.0125200965812389,0.394812646899695,3.5527136788005e-15,-0.00624492559199297,-0.0441935749463447,0.0170440259958866,-0.00270619861617405,0.19088247343192,0.00624492559199474,0,-0.0220911290044992,0.0096059106840638,-0.00141034531153039,0.0421776281663218,0.0441935749463467,0.0220911290045001,-2.22044604925031e-16,0.00357937765767513,-0.000198226411553648,0.00851895368143252,0.0182683756673797,0.00981613058440767,0.00177101045586947,0,-0.0017919154269842,-0.00333761410927,0.0270614852838922,0.0153803249343135,0.00591388602625377,-0.000486520576155128,0
-1.33226762955019e-15,0.0368336628340185,0.0184417268026298,0.000152886774122063,-0.00888914315598344,-0.0125378363384541,0.395307744941825,0,-0.00770193055129909,-0.0449410808089219,0.0168744442345847,-0.00279624412762658,0.191226351908298,0.00770193055129731,0,-0.0223362693538114,0.00952733791336158,-0.00145578838700544,0.0421760775562652,0.0449410808089219,0.0223362693538121,2.22044604925031e-16,0.00355967765058396,-0.000213669953674334,0.00853733647471444,0.0184719190920147,0.00988261873691465,0.00176591154668115,-1.11022302462516e-16,-0.00179200959069026,-0.00340212057344007,0.0269353910664713,0.0153354404661075,0.00591097075607132,-0.000482727143255535,0
-4.44089209850063e-16,0.0368987215745,0.018333519885688,4.15113811484957e-05,-0.00893770862603871,-0.0125643249631096,0.396012424036517,3.5527136788005e-15,-0.0090944077351125,-0.0456592039283343,0.0167084262163968,-0.00288329651159103,0.191669778778387,0.00909440773511605,0,-0.0225730762723106,0.00945017552080785,-0.00150006285546844,0.0422047871222577,0.0456592039283368,0.0225730762723106,0,0.00354013589796742,-0.000228926128870155,0.00856569517419403,0.0186683328696164,0.00994709224121981,0.00176079497359849,0,-0.00179210400552732,-0.00346190412197438,0.0268124420898782,0.0152916038976675,0.00590798797433884,-0.00047888240130449,0
-1.77635683940025e-15,0.036985652909781,0.0182422412198147,-6.2553100323548e-05,-0.00899324800296286,-0.0125976134146013,0.396878556083564,-3.5527136788005e-15,-0.0104345217447523,-0.0463527804170951,0.0165455783653421,-0.00296734263304543,0.192190748772056,0.0104345217447488,0,-0.0228028414341761,0.00937431974705305,-0.00154310528090029,0.0422571225061112,0.0463527804170896,0.0228028414341757,0,0.00352077304156051,-0.000243960009694622,0.00860180672589361,0.0188588313713027,0.0100098768722907,0.00175567166837254,0,-0.00179219928361252,-0.00351801717010103,0.0266918471076836,0.0152485398320725,0.00590491415406515,-0.000474959341905751,0
2.22044604925031e-15,0.0370867849944045,0.0181613305381814,-0.000161851954293191,-0.00905325866362006,-0.0126352322148784,0.39784698807869,7.105427357601e-15,-0.0117482984002351,-0.0470292629307671,0.0163850559105008,-0.00304862683178442,0.192763315883344,0.0117482984002386,0,-0.023026986325446,0.00929958891125082,-0.00158496161863653,0.0423244200042372,0.0470292629307694,0.0230269863254435,-2.22044604925031e-16,0.00350158875995699,-0.000258770198036995,0.00864276477439085,0.0190452842272806,0.0100713240619292,0.00175054406616593,0,-0.00179229548039339,-0.00357185362622295,0.0265722958288144,0.0152059693366668,0.00590174524254386,-0.000470953002692939,0
0,0.0372051282360557,0.0180941870455218,-0.000254858805298408,-0.00911878948559952,-0.0126781714775297,0.398937322799451,0,-0.0130174087675776,-0.0476828496199744,0.0162274880398527,-0.00312749874841955,0.193395757870279,0.0130174087675776,-1.77635683940025e-15,-0.0232441717826894,0.00922609288179643,-0.00162586968135159,0.0424104816330277,0.0476828496199753,0.0232441717826892,0,0.00348255577744583,-0.000273428575906953,0.00869000036809864,0.0192261460669808,0.0101310578486303,0.00174539778268101,0,-0.00179239083581262,-0.00362264765974134,0.0264551971242365,0.0151643096947413,0.00589854459221731,-0.000466935092509502,0
-8.88178419700125e-16,0.0373493649584029,0.0180495652492443,-0.000337831112620535,-0.00919276452076456,-0.0127292576127482,0.400210313885914,0,-0.0141995403243378,-0.0483006136152433,0.0160744009727836,-0.00320432972873519,0.194114261300129,0.014199540324336,0,-0.023451517686512,0.00915413488372607,-0.00166613374805458,0.0425258822207519,0.0483006136152402,0.0234515176865102,0,0.00346363941529892,-0.000288032534980998,0.00874730269387192,0.0193980333928095,0.0101882969422356,0.00174021240224254,1.11022302462516e-16,-0.00179248293768119,-0.00366848272550477,0.0263435510382639,0.0151243743197752,0.0058954034734357,-0.00046300869475277,0
0,0.0375259145901561,0.0180324258579239,-0.000408605942730844,-0.00927733088561489,-0.0127905738422864,0.401712554176619,-3.5527136788005e-15,-0.0152808781301808,-0.0488770075666665,0.0159265437487761,-0.00327945949245745,0.194941379979657,0.015280878130179,0,-0.0236473284285843,0.00908391870423131,-0.00170594888501441,0.0426785493450221,0.0488770075666638,0.0236473284285843,2.22044604925031e-16,0.00344482443264704,-0.000302636499568854,0.00881738095451179,0.0195594510109669,0.0102425702431914,0.0017349774477794,0,-0.00179257035972769,-0.00370839001975806,0.0262389127673838,0.0150866842084275,0.00589238008501206,-0.000459238952329979,0
1.77635683940025e-15,0.037738824546361,0.0180434621930754,-0.000466670176658468,-0.00937380566306611,-0.0128634143623856,0.403475895165528,-3.5527136788005e-15,-0.0162811116842683,-0.0494140072833176,0.0157838729024604,-0.00335303251327446,0.195896622948089,0.0162811116842665,-1.77635683940025e-15,-0.0238307990098434,0.0090156151396954,-0.00174531580597659,0.0428734948233469,0.0494140072833169,0.0238307990098434,2.22044604925031e-16,0.00342612787359631,-0.000317231023034159,0.00890175057665876,0.019710845415843,0.0102936530698908,0.00172969834031778,1.11022302462516e-16,-0.00179265297049502,-0.00374236089385879,0.026141204788004,0.0150514907796504,0.00588948507833685,-0.000455637047657581,0
-8.88178419700125e-16,0.0379888131465513,0.0180806961393341,-0.000512767258674884,-0.00948238504059784,-0.0129479853424019,0.405506239266277,0,-0.0172281493107249,-0.0499175093215705,0.0156459080123668,-0.00342497709806366,0.196987344076662,0.0172281493107267,0,-0.0240024226099695,0.00894927068756246,-0.00178410243608695,0.0431116862229131,0.0499175093215705,0.0240024226099684,-2.22044604925031e-16,0.00340758752569981,-0.00033176070170704,0.00900051779927524,0.0198536917682928,0.0103416681056998,0.00172439203177965,0,-0.00179273162786264,-0.00377097985032131,0.0260493776847923,0.015018690106339,0.00588669055184464,-0.000452170569425439,0
0,0.0382740419976884,0.0181422381797693,-0.000547829004866607,-0.0096024204418681,-0.0130436679003587,0.407786158786795,-3.5527136788005e-15,-0.0181315176529715,-0.0503916477698958,0.0155123876187275,-0.00349499452618574,0.198206412334475,0.0181315176529679,-1.77635683940025e-15,-0.0241634062184257,0.00888484711863846,-0.00182210155034568,0.0433910304039189,0.0503916477698929,0.0241634062184231,-2.22044604925031e-16,0.00338924732099799,-0.000346147619690873,0.0091128958077128,0.0199890480649932,0.010386935020513,0.00171908092975237,0,-0.00179280778588453,-0.00379471545679869,0.0259626131711554,0.0149879689219265,0.00588394349742313,-0.000448778816777809,0
0,0.0385900495463742,0.0182264935092853,-0.000572844897119396,-0.00973241649822043,-0.0131490090026967,0.410274836703429,3.5527136788005e-15,-0.0189796685471961,-0.0508379547384763,0.0153833242939783,-0.00356273743339486,0.199531522256086,0.0189796685472015,1.77635683940025e-15,-0.0243154460240902,0.00882221274115125,-0.00185912661274656,0.0437063676101903,0.0508379547384807,0.0243154460240911,-2.22044604925031e-16,0.00337114269122751,-0.000360320898969535,0.00923724534778758,0.0201173220489778,0.0104299027915471,0.00171378541267708,0,-0.0017928828951892,-0.00381383402208313,0.0258805936927046,0.0149588902347358,0.00588118856106906,-0.000445398572479855,0
0,0.0389315499635376,0.0183315493684484,-0.00058893238766089,-0.00987062845522413,-0.0132623005444694,0.412925442589202,0,-0.019759147620416,-0.0512577618001053,0.0152586744577157,-0.0036279777610666,0.200936627454407,0.0197591476204142,0,-0.0244602873874236,0.00876118362424805,-0.00189505816124758,0.044051543894583,0.0512577618001033,0.0244602873874236,0,0.00335329278747087,-0.000374232712658795,0.00937164469024565,0.0202388704924967,0.010471031854036,0.00170851956770901,0,-0.00179295807950497,-0.00382860382512522,0.0258030608535743,0.0149310151951221,0.00587838112926864,-0.000441978850229674,0
0,0.0392922964977647,0.0184528926330563,-0.000597981092668398,-0.0100150074592147,-0.0133815298308839,0.415687704343927,7.105427357601e-15,-0.0204807574869825,-0.0516558961989837,0.0151378703018601,-0.00369071959646305,0.202397365405984,0.0204807574869879,0,-0.02459938498931,0.00870157922437009,-0.00192985590877548,0.0444192130327206,0.0516558961989841,0.0245993849893089,-4.44089209850063e-16,0.00333570407615169,-0.000387861161945224,0.00951368042338629,0.020354928787542,0.010510701010093,0.00170329097074418,-1.11022302462516e-16,-0.00179303392346708,-0.00383979345905264,0.0257290339387187,0.0149039948972917,0.00587549657877882,-0.000438491357620904,0
8.88178419700125e-16,0.0396657868574941,0.0185840520331224,-0.000602447000811246,-0.0101634385312099,-0.0135046067362046,0.418512999625996,-3.5527136788005e-15,-0.0211767526952684,-0.0520401430541568,0.0150198603481826,-0.00375119490763609,0.203893635712776,0.0211767526952684,0,-0.0247339022512492,0.00864321170343274,-0.00196357230410626,0.0448016612814928,0.0520401430541517,0.0247339022512483,2.22044604925031e-16,0.00331836488534609,-0.000401214744867096,0.00966072766901716,0.0204674803441606,0.0105492068051425,0.00169809879508021,0,-0.00179311049806008,-0.00384860386835524,0.0256569004615535,0.0148775776384558,0.00587253046160201,-0.000434930521846261,0
-8.88178419700125e-16,0.0400540453883416,0.0187278431265536,-0.000600901669391085,-0.0103166276396145,-0.0136322011497914,0.421411286283071,0,-0.0218294659317344,-0.0524045271574174,0.0149054008148219,-0.00380970394118307,0.205428460283031,0.0218294659317309,0,-0.0248622903907751,0.00858626692179598,-0.00199639309155764,0.04520151046126,0.0524045271574123,0.0248622903907743,-2.22044604925031e-16,0.00330126618028759,-0.00041434319726541,0.00981385685119618,0.0205749165718061,0.0105861156768546,0.0016929350399596,0,-0.00179318634748793,-0.00385405386740238,0.0255881940937418,0.0148522332665091,0.00586954203843695,-0.000431362707462218,0
0,0.0404646688634829,0.018892955239207,-0.000589413358470736,-0.0104771253605103,-0.0137667801476962,0.424429662381606,-3.5527136788005e-15,-0.0223908946757554,-0.052734521605668,0.014796435574052,-0.0038665441118475,0.207019308238513,0.0223908946757501,0,-0.0249812045204507,0.00853120017897524,-0.00202854357594973,0.0456281043495426,0.0527345216056641,0.0249812045204498,0,0.00328440760777782,-0.00042730700648197,0.00997655636199291,0.020673389904447,0.0106205139701627,0.00168779109591632,-1.11022302462516e-16,-0.00179325941116726,-0.00385364384172462,0.0255264788700734,0.0148289030574112,0.00586661922844528,-0.000427886322410378,0
-8.88178419700125e-16,0.0409036536764962,0.0190841300901026,-0.000565779582503367,-0.0106469488390504,-0.0139102747855286,0.427605991690029,3.5527136788005e-15,-0.02284708388148,-0.0530242329322199,0.0146938035684485,-0.00392200231375739,0.208683617008873,0.0228470838814836,0,-0.0250887693015045,0.00847828177100496,-0.0020601732493386,0.046088617597474,0.0530242329322248,0.0250887693015036,-4.44089209850063e-16,0.00326779447771508,-0.00044013872505233,0.0101513614857507,0.0207612821853179,0.0106518771165836,0.0016826643149298,0,-0.00179332846979818,-0.00384591101145784,0.0254733810556362,0.0148081479910375,0.00586381813845163,-0.000424563566689684,0
-8.88178419700125e-16,0.0413737900122104,0.0193008218437081,-0.000529857342644213,-0.0108270274310334,-0.0140635614414775,0.430957384158848,0,-0.0232239745367941,-0.0532764599949367,0.0145972496011737,-0.00397622425735733,0.21043460821187,0.0232239745367924,0,-0.0251841730382427,0.00842767641944953,-0.00209129235274119,0.0465861640897831,0.0532764599949347,0.0251841730382434,-2.22044604925031e-16,0.00325144843763048,-0.000452828108172598,0.0103392146976626,0.0208392399063324,0.0106799743782654,0.00167756260509877,0,-0.00179339329982753,-0.00383062210373866,0.0254284598129582,0.0147902129721461,0.00586115395002886,-0.000421410541823902,0
-8.88178419700125e-16,0.0418757969464778,0.0195403141597161,-0.000482675687965894,-0.0110175838606281,-0.0142268366964995,0.434485760272374,0,-0.0235578493468083,-0.0534985716761192,0.0145059352905648,-0.0040291460293993,0.212279450288632,0.02355784934681,0,-0.0252680754921197,0.00837936970648023,-0.0021217911194551,0.0471212068158244,0.0534985716761209,0.0252680754921188,0,0.0032354013470306,-0.000465329000201242,0.0105400547288089,0.0209091327297799,0.0107049760487242,0.0016725023115014,0,-0.00179345459540314,-0.00380823887544966,0.0253900855681402,0.0147749250487107,0.00585860179434237,-0.00041839843103926,0
-8.88178419700125e-16,0.0424075982285883,0.0198002096146661,-0.000425428928574334,-0.0112179231384735,-0.0143994082607488,0.438169687239085,7.105427357601e-15,-0.0238619151933612,-0.053695756725844,0.0144192721510343,-0.00408054587906648,0.214209252497138,0.0238619151933666,0,-0.0253419715664922,0.00833321256179786,-0.00215151695131688,0.0476909150892988,0.0536957567258467,0.0253419715664926,0,0.00321967709452475,-0.000477587082128972,0.0107528722414391,0.0209723155893734,0.0107272851970147,0.00166750007951588,0,-0.00179351355315382,-0.00377912384958427,0.0253570274809379,0.0147618721186391,0.00585611311959899,-0.000415471922776772,0
-8.88178419700125e-16,0.0429654353112019,0.0200797189442765,-0.00035890857920684,-0.0114268019228998,-0.0145800596649082,0.441973084849469,3.5527136788005e-15,-0.0241186569472092,-0.0538689351470865,0.0143372051588848,-0.00413012592784412,0.216201603792724,0.0241186569472074,-1.77635683940025e-15,-0.0254077480085098,0.00828898249577392,-0.0021803189307068,0.0482905568350931,0.053868935147084,0.0254077480085078,0,0.00320429192417526,-0.000489551847360215,0.0109762124613337,0.0210290631088009,0.0107474135245551,0.00166257063572373,0,-0.00179357144592163,-0.00374320786197865,0.0253289957610966,0.0147505339272712,0.00585363367982845,-0.000412569505611513,0
1.77635683940025e-15,0.04354432426243,0.0203775221497864,-0.000284061492868304,-0.0116425955749797,-0.0147671939900693,0.445852288395116,3.5527136788005e-15,-0.0243084815519126,-0.0540185059274769,0.0142596610594481,-0.00417771909044262,0.218229175366275,0.0243084815519179,0,-0.0254671930788462,0.00824642095759032,-0.00220811822740785,0.0489139737422584,0.0540185059274827,0.0254671930788475,-2.22044604925031e-16,0.00318924127280895,-0.000501198758199317,0.0112082065808089,0.0210795164806042,0.0107658464029337,0.00165772027482758,0,-0.00179362926900406,-0.00370047821366264,0.0253058540852494,0.0147404318444205,0.00585111950971552,-0.000409641273758754,0
8.88178419700125e-16,0.0441384386890444,0.020689628491013,-0.000202654828448168,-0.0118633881587753,-0.0149589442398623,0.44976208992253,-3.5527136788005e-15,-0.0244379749381096,-0.05414867612674,0.0141860403223397,-0.00422331918064245,0.220268586172264,0.0244379749381061,0,-0.0255218565983384,0.00820529530059133,-0.00223489040062574,0.0495540395052141,0.0541486761267427,0.0255218565983402,4.44089209850063e-16,0.0031745183313201,-0.000512518392186134,0.0114465017475827,0.0211247797089205,0.0107829981444664,0.00165295202523463,0,-0.00179368755638776,-0.0036516183327642,0.0252866194297293,0.0147311685449751,0.00584854583195651,-0.000406658984442851,0
-8.88178419700125e-16,0.0447422184903097,0.0210097710362733,-0.000117143811859677,-0.0120873531666774,-0.0151535273950625,0.453663400801208,0,-0.0245430238846289,-0.0542678452570584,0.0141151308913798,-0.00426711605667052,0.22230587209177,0.0245430238846289,0,-0.0255730022980689,0.00816538220438012,-0.00226069107254112,0.0502039730463888,0.0542678452570595,0.0255730022980694,2.22044604925031e-16,0.00316010375287923,-0.000523525647755818,0.0116886830867238,0.0211670315239185,0.0107991992653361,0.00164826203791535,0,-0.00179374638934349,-0.00359802221700586,0.0252693769116442,0.0147224484011987,0.00584590780542285,-0.00040361671256621,0
8.88178419700125e-16,0.0453572461436611,0.021340468626514,-2.60498611703852e-05,-0.0123150431491377,-0.0153514629549578,0.457561058757623,0,-0.0246065503571593,-0.0543694284445166,0.0140478112144429,-0.00430933417233703,0.224340538625064,0.0246065503571593,0,-0.0256187123470575,0.00812694693130211,-0.00228565155435412,0.0508655581142519,0.0543694284445149,0.0256187123470557,0,0.00314600113401942,-0.000534251175938749,0.011935583161752,0.0212044893685396,0.0108139206154291,0.00164364784056981,0,-0.00179380465896994,-0.00353836008052552,0.0252557973301767,0.0147148176441662,0.00584325624620384,-0.000400570800529257,0
0,0.0459896259090717,0.0216896419439578,7.43618147369673e-05,-0.0125485235876859,-0.0155547168578112,0.461485958500496,3.5527136788005e-15,-0.0245785441710744,-0.0544388525739699,0.0139860984872975,-0.00435018814024346,0.226378546342133,0.0245785441710762,0,-0.025655743518664,0.00809048391499623,-0.00230991964586558,0.0515457391256648,0.0544388525739723,0.0256557435186644,0,0.00313223588037737,-0.000544722171788026,0.0121899863927483,0.0212332360066116,0.0108262676818232,0.00163911184416377,0,-0.00179386076872812,-0.00346954772405944,0.0252494658115766,0.0147091765187918,0.00584066754371837,-0.000397605976635018,0
-8.88178419700125e-16,0.0466435367417359,0.0220609976699784,0.000186125001890858,-0.0127892211564875,-0.0157646193095164,0.465457226461318,0,-0.0244449870877013,-0.0544693447703146,0.013930938640307,-0.00438986861371049,0.22842637620796,0.024444987087703,0,-0.0256818274912458,0.00805634211956807,-0.0023335903039694,0.0522488573509334,0.054469344770314,0.0256818274912456,-2.22044604925031e-16,0.00311882896450011,-0.000554951856246655,0.0124535956878451,0.0212513977149957,0.0108356117456883,0.00163465826941545,-1.11022302462516e-16,-0.0017939137455607,-0.00338960805119173,0.0252520964669976,0.0147061541029422,0.00583819161645492,-0.000394777138011296,0
0,0.0473220265504812,0.0224536464937746,0.0003092724505942,-0.0130381486993221,-0.0159821138702227,0.469487852376744,-3.5527136788005e-15,-0.0242377887016048,-0.0544645039250895,0.0138819284570495,-0.0044284417035918,0.230497270630007,0.0242377887016048,0,-0.0256961661865525,0.00802469043633103,-0.00235665273827124,0.052977652679522,0.0544645039250906,0.0256961661865531,0,0.00310581123198861,-0.000564922753167885,0.0127272096153656,0.0212598350929547,0.0108417246686312,0.00163029888807065,0,-0.00179396334882576,-0.00329811168554497,0.0252628722099089,0.0147059637485256,0.00583584473139935,-0.000392101615580884,0
0,0.0480246805194309,0.0228638045700187,0.000442394138092439,-0.0132951595522162,-0.0162070363648663,0.473567953470504,-3.5527136788005e-15,-0.0239989221628747,-0.0544323875643578,0.0138380297695662,-0.00446585729984506,0.232595139838709,0.0239989221628747,0,-0.0256993882549565,0.0079954723020581,-0.00237903649848548,0.0537307738250681,0.054432387564356,0.0256993882549579,-2.22044604925031e-16,0.00309320021679627,-0.000574607075583655,0.0130101599199489,0.0212606350191982,0.0108447731266142,0.00162604477916539,0,-0.00179401005004254,-0.00319566258279296,0.0252798475426492,0.0147084208517146,0.00583360858239998,-0.000389558216414856,0
0,0.048749500647614,0.0232889741404634,0.000584178741535268,-0.0135595755010645,-0.0164387291193773,0.477675616855723,3.5527136788005e-15,-0.0237429252849886,-0.0543786426670394,0.0137985202508197,-0.00450191417505508,0.234711302731196,0.0237429252849939,0,-0.0256931523499091,0.00796848432850794,-0.00240061812939985,0.0545050445569824,0.0543786426670401,0.0256931523499091,0,0.00308100993499916,-0.000583966148139048,0.0133012790448487,0.0212553003629116,0.0108452095681502,0.00162190825549458,1.11022302462516e-16,-0.00179405475445882,-0.00308273055276131,0.0253015752174484,0.0147130522063724,0.00583144227831266,-0.000387100759723376,0
8.88178419700125e-16,0.0494932986112193,0.0237288996022693,0.000733932538288684,-0.0138303669690316,-0.0166761744197599,0.481780197200919,0,-0.0234480368064602,-0.0543038593010188,0.0137632413120912,-0.00453642806507659,0.23682308754152,0.0234480368064567,0,-0.0256795413633348,0.00794340745397371,-0.0024213140054492,0.0552958707653008,0.054303859301013,0.0256795413633351,-4.44089209850063e-16,0.00306922795951214,-0.000592980802993193,0.0135991813883678,0.0212440380072942,0.0108436063759785,0.0016178927001218,-1.11022302462516e-16,-0.00179409846743417,-0.00295918408709153,0.0253277862273656,0.0147192819127055,0.00582929816621914,-0.000384675636024255,0
-8.88178419700125e-16,0.0502518756213011,0.0241829704285097,0.000890835379501631,-0.0141061686400246,-0.0169180400228042,0.485846865566547,0,-0.023089306248341,-0.0542081478738154,0.0137320673431667,-0.00456927580008326,0.238903851814109,0.023089306248341,0,-0.0256606613997867,0.00791990825559452,-0.00244107277428363,0.0560975474625167,0.0542081478738161,0.0256606613997854,-2.22044604925031e-16,0.00305783569071449,-0.000601642540779768,0.0139021204499304,0.0212269211716934,0.0108405405759077,0.00161399810460128,0,-0.00179414200530459,-0.00282502914758068,0.0253583354923734,0.0147265426528283,0.00582713618253403,-0.00038223783932359,0
0,0.0510205709424714,0.0246480606425132,0.00105343865113738,-0.0143854426404886,-0.0171628455608879,0.489842127664385,3.5527136788005e-15,-0.0226702585398044,-0.0540947066374819,0.0137044665610695,-0.00460045645471752,0.240934867001635,0.022670258539808,0,-0.0256378453751758,0.00789775539412929,-0.0024598893416794,0.0569040317112948,0.0540947066374851,0.0256378453751773,2.22044604925031e-16,0.00304681244116356,-0.000609955719727884,0.0142080756218237,0.0212048159267632,0.0108363783901023,0.00161022151009405,0,-0.00179418581820334,-0.0026809699436814,0.0253924078187271,0.014734483089981,0.00582493334829645,-0.000379761459971956,0
-1.77635683940025e-15,0.0517946117842696,0.0251183633935632,0.00121946254267513,-0.014666590055648,-0.0174090716675943,0.49373582814458,-3.5527136788005e-15,-0.0222276058200777,-0.0539714374494551,0.0136792972690962,-0.0046301132030564,0.242908808146939,0.0222276058200723,-1.77635683940025e-15,-0.0256120686990933,0.00787675532671628,-0.00247781891744658,0.057709516557825,0.0539714374494575,0.0256120686990942,4.44089209850063e-16,0.00303613272464043,-0.000617940620167623,0.0145148709662087,0.0211798152222968,0.0108313812901704,0.00160655590418646,0,-0.00179422997851431,-0.00252869129896255,0.0254281668305076,0.0147428708756579,0.00582268525078573,-0.000377241240304131,0
8.88178419700125e-16,0.0525748113227582,0.0255956716918364,0.00139012968536356,-0.0149498968132518,-0.0176569802291278,0.497527107632749,-7.105427357601e-15,-0.0217467728085907,-0.053832260357396,0.0136573775213229,-0.00465836612008275,0.244821153411741,0.0217467728085836,0,-0.0255814901837113,0.00785718528538659,-0.00249493156745295,0.0585141403814635,0.0538322603573924,0.0255814901837124,0,0.00302581279360914,-0.000625607871326928,0.0148227739054654,0.0211502520540686,0.0108250411716705,0.00160300469196628,0,-0.00179427371856433,-0.00236679763827283,0.0254670669679142,0.014752201508258,0.00582043112960452,-0.000374720354212918,0
0,0.053365807710712,0.026086859631401,0.00156891702786854,-0.0152369579701972,-0.0179080425317641,0.501232642486077,7.105427357601e-15,-0.0211779891048138,-0.0536623101321823,0.0136407258419133,-0.00468527351766213,0.246666181121853,0.0211779891048174,0,-0.0255427659945973,0.00783958572968757,-0.00251127775035975,0.0593215679204682,0.0536623101321885,0.0255427659945977,0,0.00301589882694309,-0.000632953045009099,0.0151335693496287,0.0211120808204769,0.010816438546965,0.00159958046392983,-1.11022302462516e-16,-0.00179431594627344,-0.00219162209220247,0.0255125538616804,0.0147633433153087,0.00581822901664603,-0.000372262672383356,0
-8.88178419700125e-16,0.0541706780950371,0.0265947620539455,0.00175756196345134,-0.015528835722078,-0.0181632185579588,0.504859965956019,3.5527136788005e-15,-0.0205088592489524,-0.05345501874314,0.0136302266319355,-0.00471089707989591,0.248442803087002,0.0205088592489542,-1.77635683940025e-15,-0.0254936739219076,0.00782431611726153,-0.00252689009062479,0.0601335180978986,0.0534550187431395,0.0254936739219078,2.22044604925031e-16,0.00300642574895038,-0.000639970262686473,0.0154481119537164,0.021063460587688,0.0108049571199611,0.00159629385320603,0,-0.00179435594561195,-0.00200093599883821,0.0255660906325521,0.0147768651947233,0.00581611930201924,-0.000369912350547497,0
0,0.0549905542734912,0.0271173117658376,0.00195563493162609,-0.0158258918058225,-0.0184228413506426,0.508406072257682,0,-0.0197731983707428,-0.0532142461273892,0.0136254208246775,-0.00473524138360304,0.250158145375964,0.0197731983707428,0,-0.0254334297126011,0.00781152578814215,-0.00254175128116962,0.0609497868856255,0.0532142461273899,0.0254334297126015,0,0.00299742112917789,-0.000646644289204357,0.0157662039259427,0.0210053539002441,0.010790374860163,0.00159315564069984,0,-0.0017943934980047,-0.00179456820688668,0.0256266950841517,0.014792946944127,0.00581411706777385,-0.000367685480980793,0
-2.66453525910038e-15,0.0558252699982855,0.0276506586719378,0.00216158281970991,-0.016128042765958,-0.0186868365592696,0.51185989930047,0,-0.0190168322261819,-0.0529489242862908,0.0136251628227875,-0.00475826762709985,0.251819577851974,0.0190168322261766,-1.77635683940025e-15,-0.0253627789013535,0.00780111606171019,-0.00255582142876776,0.0617689951463209,0.0529489242862873,0.0253627789013529,-2.22044604925031e-16,0.00298889210106101,-0.000652962047472672,0.0160870873959515,0.0209401290552129,0.0107728912983874,0.00159017175444787,0,-0.00179442886428283,-0.00157349333172889,0.0256922160170415,0.0148113669735921,0.00581221170440526,-0.000365569764588148,0
0,0.0566729902836389,0.028192427277534,0.00237404882340808,-0.0164346603019077,-0.0189546171438781,0.515201360153302,0,-0.0182539210105013,-0.0526648196481467,0.0136286734418256,-0.00477985373662193,0.253419969380726,0.0182539210105022,0,-0.0252834618223439,0.00779283268297526,-0.00256903359028904,0.0625878944030478,0.0526648196481503,0.0252834618223441,-2.22044604925031e-16,0.00298083293718787,-0.000658909531145779,0.0164095278271297,0.0208693565991912,0.0107529849243692,0.0015873453262123,0,-0.00179446266247441,-0.0013385142095573,0.0257612003302635,0.0148316408481697,0.00581037238641346,-0.000363530668165707,0
-8.88178419700125e-16,0.0575311869932316,0.0287426616858433,0.00259242143538341,-0.0167449330974394,-0.0192253897084633,0.518407458991982,0,-0.0174616900132136,-0.0523623357930774,0.0136357619540775,-0.00479988313228574,0.25493785171172,0.0174616900132172,0,-0.0251975781937119,0.00778633913341409,-0.00258134163590462,0.0634021788148038,0.0523623357930789,0.0251975781937137,0,0.00297322005732714,-0.000664484460750625,0.016732195969028,0.020793192427753,0.0107312368248376,0.00158467328170264,0,-0.00179449561141398,-0.00108967454544379,0.0258333897684575,0.0148532016451164,0.00580856145687899,-0.000361526232137175,0
-8.88178419700125e-16,0.0583968165201636,0.0293016300489137,0.00281629390585447,-0.0170578888649864,-0.0194982021391237,0.521455225802722,3.5527136788005e-15,-0.0166104403478187,-0.0520399337835009,0.013646447908954,-0.00481827732220097,0.256348340923109,0.0166104403478204,0,-0.0251068467920286,0.007781343975239,-0.00259272227341967,0.0642068955953368,0.0520399337834998,0.0251068467920283,-2.22044604925031e-16,0.00296602568900095,-0.000669691770708303,0.0170536131064795,0.0207112625225803,0.0107081259682387,0.00158215011197971,0,-0.00179452830661297,-0.000826855885967601,0.025908959784673,0.0148755902006844,0.00580674672943775,-0.000359520653240826,0
0,0.0592660165743251,0.0298668232912647,0.00304431273524663,-0.0173722544611721,-0.0197718418491801,0.524321661383379,0,-0.0157004947321084,-0.0517007217291408,0.0136601594534014,-0.00483508983012371,0.257636495553731,0.0157004947321076,0,-0.0250128358429453,0.00777755667367686,-0.00260321053055357,0.0649968634478122,0.0517007217291379,0.0250128358429447,2.22044604925031e-16,0.00295921261618104,-0.000674552906391845,0.0173719867654186,0.0206244251505335,0.0106840837390915,0.001579765074748,0,-0.00179456108570608,-0.000551122807939331,0.0259871155462173,0.0148984150408912,0.00580490937412746,-0.000357492934625614,0
-8.88178419700125e-16,0.0601354393044673,0.0304334423111365,0.00327450406550067,-0.0176868700747495,-0.0200452574350845,0.52698886908132,3.5527136788005e-15,-0.0147677598585201,-0.0513522896094791,0.0136758751649069,-0.00485042793628665,0.258804096184983,0.014767759858521,0,-0.0249163838254942,0.00777480905610872,-0.00261285436123071,0.0657683045885595,0.0513522896094798,0.0249163838254942,0,0.00295275502693593,-0.000679088294614605,0.0176857250174661,0.0205347349641631,0.0106593388971515,0.00157750996567674,-1.11022302462516e-16,-0.00179459401369342,-0.00026447795603661,0.0260661717567749,0.0149214788267233,0.00580304535294419,-0.000355438438043049,0
8.88178419700125e-16,0.0610050748650073,0.0310024080033999,0.00350777996287377,-0.0180017264667365,-0.0203184443114539,0.529453107413579,1.77635683940025e-15,-0.0138016853350145,-0.0509889593817849,0.0136943589606489,-0.00486426841975707,0.259844779430415,0.0138016853350145,1.77635683940025e-15,-0.0248155616707475,0.00777340982546981,-0.00262164928892972,0.0665195050046981,0.0509889593817885,0.0248155616707493,4.44089209850063e-16,0.00294668190613545,-0.000683287689715817,0.0179944295147234,0.0204406256361044,0.0106333650056194,0.0015753942840967,1.11022302462516e-16,-0.00179462664970609,3.42935373147391e-05,0.0261473353741797,0.0149452479724287,0.00580117951673132,-0.000353384335603113,0
0,0.0618775482543592,0.031578834944022,0.00374693934566306,-0.01831776572892,-0.0205922153812068,0.531718733826844,0,-0.0127562322604078,-0.050596653225579,0.0137173924165062,-0.00487651470410455,0.260742186348091,0.012756232260406,0,-0.0247072442341469,0.00777386629892618,-0.00262956798230718,0.0672497426084728,0.0505966532255764,0.0247072442341465,0,0.0029410460935162,-0.00068712741327448,0.0182984395394781,0.0203382219722115,0.0106053061377219,0.00157343540403387,1.11022302462516e-16,-0.00179465834977366,0.000348815565048968,0.026233526259827,0.014970463719576,0.00579934943604293,-0.000351371711279358,0
-8.88178419700125e-16,0.0627544511033014,0.0321645291515908,0.00399328062538107,-0.0186355429421843,-0.0208670530577164,0.533784547469116,-5.32907051820075e-15,-0.0116195035971138,-0.0501689445372548,0.0137457967235957,-0.0048870829964951,0.261488803833545,0.0116195035971085,-8.88178419700125e-16,-0.024589308619146,0.00777653258392697,-0.00263657832296005,0.0679575864466928,0.05016894453725,0.0245893086191458,0,0.00293589198367039,-0.000690585651812681,0.0185975352053467,0.0202257146370527,0.0105745769042244,0.00157164854350655,0,-0.00179468864553078,0.000681121082283152,0.0263259439214364,0.014997610718455,0.00579758378639929,-0.000349431780626575,0
1.77635683940025e-15,0.0636363731161094,0.0327571279158718,0.00424611948292686,-0.0189552133297672,-0.0211431301073253,0.535643475461482,1.77635683940025e-15,-0.0104265788058129,-0.04971027777475,0.0137790813410099,-0.00489592990532728,0.262092985941186,0.0104265788058182,0,-0.0244611071054557,0.0077815269240471,-0.00264265157339061,0.0686418932344917,0.0497102777747533,0.0244611071054557,0,0.00293124333026018,-0.00069364881262679,0.0188911347207338,0.0201042704299011,0.0105409952871648,0.00157004275925965,0,-0.00179471736039516,0.00103088167219733,0.0264234889972812,0.0150268083243544,0.00579589498319266,-0.00034757785179329,0
0,0.0645223636281438,0.0333526023452713,0.0045037027804451,-0.0192763980179418,-0.0214201471509599,0.537282597077271,0,-0.00922257715997254,-0.0492298052559281,0.0138161457212096,-0.00490306468927493,0.262565237957954,0.00922257715997077,-8.88178419700125e-16,-0.0243234437272672,0.00778871954339344,-0.00264778238558883,0.0693009769941217,0.0492298052559286,0.0243234437272661,-2.22044604925031e-16,0.00292709442203076,-0.000696319148815849,0.0191782864835108,0.0199763782665384,0.0105047781000219,0.0015686174670787,0,-0.00179474460205864,0.00139635228418455,0.026524130212345,0.0150578292498222,0.00579427883143289,-0.000345805006931599,0
2.66453525910038e-15,0.0654113507767402,0.0339490405875225,0.00476481150128016,-0.0195987108739244,-0.0216977780745129,0.538688168662897,1.77635683940025e-15,-0.008022142138433,-0.0487332667837723,0.0138562548520138,-0.00490844271964797,0.262903527346994,0.00802214213843477,0,-0.0241779479922801,0.00779786151626816,-0.00265194705211869,0.0699327478957599,0.0487332667837721,0.0241779479922795,2.22044604925031e-16,0.00292342960900038,-0.000698598535254558,0.0194580875325802,0.0198436310931983,0.0104663752019876,0.00156736968317972,0,-0.00179477072797618,0.00177635771182774,0.0266265496594409,0.0150902443516073,0.00579271587711676,-0.000344091638704136,0
1.77635683940025e-15,0.0663012715929705,0.0345466221844477,0.00502889641903259,-0.0199215102384835,-0.0219753865784984,0.539845833930295,0,-0.00680214901928089,-0.048220817329728,0.0138991799717871,-0.00491206557086343,0.263088389479826,0.00680214901928089,0,-0.0240266619441005,0.00780860520519866,-0.00265516481321892,0.0705334144554917,0.0482208173297258,0.0240266619441001,2.22044604925031e-16,0.00292021002894693,-0.000700506516891908,0.019729346045365,0.0197061048402919,0.0104263506822244,0.00156628779124379,0,-0.00179479615933631,0.00217049938216246,0.0267305572588213,0.0151235459150256,0.00579118207984539,-0.000342411186738334,0
8.88178419700125e-16,0.0671901186159918,0.0351460705799251,0.00529568857043472,-0.0202441918780538,-0.0222523522530915,0.540743409300251,0,-0.00553150708613792,-0.0476908286168829,0.0139448658875985,-0.00491394451997706,0.26309674613028,0.00553150708613348,-8.88178419700125e-16,-0.0238714466122927,0.00782062984298992,-0.00265746508506837,0.0710989744716144,0.0476908286168816,0.0238714466122918,-2.22044604925031e-16,0.00291739612227504,-0.000702064942268432,0.0199908731088279,0.0195633772734847,0.0103852199547919,0.00156535943157277,0,-0.0017948212587694,0.00257868062861587,0.0268363018562862,0.0151572837750274,0.005789656142484,-0.000340740171730886,0
0,0.0680755642014299,0.0357459151704411,0.00556427912895696,-0.0205659925224335,-0.0225279562607108,0.541370653065675,3.5527136788005e-15,-0.00420819173232267,-0.0471453349449913,0.0139928977004597,-0.00491414193558448,0.262919502393411,0.00420819173232445,0,-0.0237135296136479,0.00783370383734283,-0.00265889133093822,0.0716261443362221,0.0471453349449968,0.0237135296136495,2.22044604925031e-16,0.0029149519774625,-0.000703297330850061,0.0202414940878216,0.0194160212428384,0.0103433238086772,0.00156457266142163,0,-0.00179484624522597,0.0029998222909827,0.0269432572623712,0.0151911701636197,0.00578812488920495,-0.000339064069784317,0
8.88178419700125e-16,0.0689552577632035,0.0363423750851899,0.00583305226551634,-0.020886078045093,-0.0228014781165005,0.541719757559758,1.77635683940025e-15,-0.00286498705836635,-0.0465910381524299,0.0140424294926742,-0.00491278842839726,0.262566424592063,0.00286498705836902,0,-0.0235534639161035,0.0078476828036127,-0.00265950420521754,0.0721131579542109,0.0465910381524315,0.0235534639161026,-2.22044604925031e-16,0.0029128438451469,-0.00070423016045118,0.0204802734638773,0.0192658950140389,0.0103008159236398,0.00156391541749756,0,-0.00179487119904187,0.00343169865775686,0.0270501015501072,0.0152250842945091,0.00578658329026407,-0.000337377316323939,0
0,0.0698289462574575,0.0369359919419683,0.00610264009684869,-0.0212043469782586,-0.0230728404190206,0.541789054223697,1.77635683940025e-15,-0.00149287153153033,-0.046022982456364,0.0140941053167225,-0.00490974795046739,0.262031621209576,0.0014928715315321,0,-0.0233895847172576,0.00786284340065446,-0.00265924407394547,0.0725574115603735,0.0460229824563614,0.0233895847172565,0,0.00291110535450967,-0.000704840372323323,0.0207064613903678,0.0191116297085054,0.010257246518934,0.00156339994312971,-1.11022302462516e-16,-0.00179489594036486,0.00387515479740395,0.0271577267483212,0.0152593812778433,0.00578504243091997,-0.000335691965782411,0
0,0.0706971251308746,0.037529830360751,0.0063749671095934,-0.0215209926745192,-0.0233421851152036,0.541579374934681,-3.5527136788005e-15,-5.26098828057542e-05,-0.0454284257093001,0.0141494556236594,-0.00490470944795973,0.261294699151127,5.2609882804866e-05,0,-0.0232189994945209,0.00787968432597808,-0.00265798084536151,0.0729544124113333,0.0454284257092981,0.0232189994945216,-2.22044604925031e-16,0.00290980570156019,-0.000705077844037838,0.0209190092207641,0.0189496857516965,0.0102118312404013,0.00156305151401026,0,-0.00179492018260274,0.00433299048067323,0.0272683688863047,0.0152946623333806,0.00578352050418557,-0.000334027805757781,0
0,0.0715603154814977,0.0381246709729552,0.00665077643653689,-0.0218361948194632,-0.0236096655792997,0.541088531110416,1.77635683940025e-15,0.00146385469542487,-0.0448021237260505,0.0142091076135262,-0.00489748804982604,0.260348124045219,-0.00146385469542398,0,-0.0230398815880681,0.00789851051195267,-0.00265563770709942,0.0733009455505329,0.0448021237260516,0.0230398815880681,0,0.00290898844009857,-0.000704913509714133,0.0211170112367424,0.0187785858892947,0.0101640712358183,0.00156288571713259,0,-0.00179494368351218,0.00480648662088184,0.0273827983442098,0.0153312895987057,0.00578203346047601,-0.000332402156814265,0
0,0.0724180112622816,0.0387178471734542,0.00692909340238845,-0.0221497079564212,-0.0238751338280316,0.540311611966859,3.5527136788005e-15,0.00302302612380245,-0.0441487953765964,0.0142725953433587,-0.0048880463062364,0.259204769766411,-0.00302302612380245,-1.77635683940025e-15,-0.0228517281309948,0.0079193980377763,-0.00265218809943057,0.0735957534107563,0.0441487953765938,0.0228517281309928,-2.22044604925031e-16,0.00290866706166781,-0.000704339862287906,0.0212997546382286,0.0185996264778517,0.0101138276697893,0.00156290725593877,0,-0.00179496633314369,0.00529438052641309,0.0274999939289027,0.0153693334327631,0.00578058925026953,-0.000330823599921676,0
8.88178419700125e-16,0.0732698997401755,0.0393061827750998,0.00720837257651663,-0.0224613414685315,-0.024138515160975,0.539241223749004,0,0.00458245431529747,-0.0434775483131418,0.014338958081785,-0.00487645306234974,0.257882416844249,-0.00458245431529303,1.77635683940025e-15,-0.0226553735512018,0.0079422093276742,-0.00264764841230569,0.0738393272195605,0.0434775483131442,0.0226553735512025,0,0.00290882959151451,-0.000703367311028602,0.0214669706563453,0.0184153429034873,0.0100613269987592,0.00156311162773815,0,-0.00179498813955403,0.00579449199506851,0.0276182223390689,0.0154085799619691,0.00577918840300587,-0.000329292629869415,0
-8.88178419700125e-16,0.0741149074434153,0.0398879935631671,0.0074874393326807,-0.0227707121695744,-0.0243994958255449,0.537870923617414,3.5527136788005e-15,0.00612906517304701,-0.0427940612958615,0.0144074813530892,-0.00486281784558784,0.256384333582613,-0.0061290651730399,1.77635683940025e-15,-0.0224524694703669,0.00796666418826675,-0.00264207117891502,0.0740311029045362,0.0427940612958639,0.0224524694703658,-2.22044604925031e-16,0.00290944142953631,-0.000702021437342992,0.021618221776158,0.0182273319267811,0.010007021210019,0.00156348626357905,0,-0.00179500923188736,0.00630503934018589,0.0277363955925627,0.0154486502625754,0.00577782353335635,-0.00032780113024064,0
-1.77635683940025e-15,0.0749519968076715,0.0404638206218007,0.00776595930582413,-0.0230775404923644,-0.0246577604103866,0.536195552345944,1.77635683940025e-15,0.00768466554787217,-0.0420983361683991,0.0144779220262858,-0.00484723544171217,0.254694749715424,-0.00768466554786951,0,-0.0222449131681621,0.00799243772834757,-0.0026355261833988,0.0741689348963908,0.0420983361684,0.0222449131681619,2.22044604925031e-16,0.00291045827352976,-0.000700334295565819,0.021752849346513,0.0180356068100399,0.00995143141770416,0.00156401510021997,0,-0.0017950297885746,0.0068254644353383,0.027854386666657,0.0154891269780142,0.00577648376198484,-0.000326337202878918,0
0,0.0757799154368355,0.0410346366389618,0.00804390108782993,-0.02338150590524,-0.0249129179163363,0.534212382125366,3.5527136788005e-15,0.00928032104255649,-0.0413878397175651,0.0145502507530768,-0.00482978572845028,0.252792816737902,-0.00928032104255472,0,-0.0220341970475335,0.00801925639991463,-0.00262808676730941,0.0742497715678521,0.0413878397175662,0.0220341970475337,2.22044604925031e-16,0.00291183606290901,-0.000698338246396757,0.021869995396295,0.0178394644953437,0.00989496880743301,0.0015646820204408,0,-0.00179504997029767,0.00735562490491679,0.0279724717659595,0.015529691338588,0.00577515903232984,-0.000324889873933282,0
1.77635683940025e-15,0.0765976309902863,0.041599814695191,0.00832070069272728,-0.0236822927946285,-0.0251646564120556,0.531919255649964,1.77635683940025e-15,0.010919810953915,-0.0406641541529957,0.0146241178470667,-0.004810568693836,0.250673285498668,-0.0109198109539124,8.88178419700125e-16,-0.0218214657158775,0.00804690904560079,-0.00261981630758967,0.0742723118308839,0.0406641541529973,0.0218214657158797,2.22044604925031e-16,0.00291353890644408,-0.000696060338063687,0.0219691585569696,0.0176393509406035,0.0098379494602423,0.00156547371411009,0,-0.00179506988646283,0.00789448762111372,0.0280902723605862,0.0155701072691016,0.00577384238926956,-0.000323451568935068,0
8.88178419700125e-16,0.0774039537386848,0.0421567788143742,0.00859516790680726,-0.0239794537314699,-0.0254126291722709,0.529316674806548,-3.5527136788005e-15,0.0125747947233652,-0.0399332259925576,0.0146988554019281,-0.00478974348859396,0.248352316966441,-0.0125747947233688,-8.88178419700125e-16,-0.0216071576243682,0.00807526899008426,-0.00261078055535346,0.0742373436753789,0.0399332259925547,0.0216071576243668,-4.44089209850063e-16,0.00291553321959381,-0.000693527459168841,0.02205027508625,0.0174369456560842,0.00978049475300569,0.00156637742477805,0,-0.00179508959691543,0.00843987239013461,0.0282068157830786,0.0156102921212706,0.00577252998379355,-0.000322018114066819,0
-8.88178419700125e-16,0.0781983024585884,0.0427055488563273,0.0088676066811324,-0.0242727502061078,-0.0256566719131639,0.526408335936848,1.77635683940025e-15,0.0142503046987308,-0.0391911396244478,0.0147749810005209,-0.00476708481815002,0.245828633882255,-0.0142503046987308,0,-0.0213897854127456,0.00810459322429402,-0.0026008716107464,0.0741423676465958,0.0391911396244493,0.0213897854127463,-2.22044604925031e-16,0.00291785638243947,-0.00069070558875528,0.0221125442550636,0.0172311764822163,0.00972220958887204,0.0015674075350014,0,-0.00179510912201397,0.00899198295008813,0.0283226795036458,0.0156505176015196,0.00577122055568521,-0.000320588118639387,0
8.88178419700125e-16,0.0789798548068088,0.0432475665493879,0.00913909867836438,-0.0245618952087003,-0.0258965331184546,0.523201895353042,-1.77635683940025e-15,0.0159768007353591,-0.0384274302584764,0.0148536626955451,-0.00474216310274933,0.243086708797857,-0.0159768007353573,8.88178419700125e-16,-0.0211669198127771,0.00813531194938655,-0.00258990418934957,0.0739818267507337,0.0384274302584764,0.021166919812778,2.22044604925031e-16,0.00292057708828253,-0.000687534554206781,0.0221543841210587,0.0170191251208204,0.00966244417920503,0.00156859017278055,-1.11022302462516e-16,-0.00179512844396501,0.00955232817627491,0.0284393499884683,0.0156912170815226,0.00576991540724289,-0.000319162976056275,0
-8.88178419700125e-16,0.0797478524351778,0.0437826644947483,0.00940982948758862,-0.0248465865075529,-0.0261319915180716,0.519703804702848,-1.77635683940025e-15,0.0177595921153024,-0.0376380217737857,0.0149353882072898,-0.00471471350709862,0.240125206993623,-0.0177595921153024,0,-0.0209370610202777,0.00816768875807483,-0.0025777583726363,0.0737525368445393,0.0376380217737839,0.0209370610202761,-2.22044604925031e-16,0.00292373965360704,-0.000683976928158581,0.0221747425238199,0.0167996566288193,0.00960079674249292,0.00156994167826296,0,-0.0017951475102197,0.0101209923325214,0.028557275112016,0.01573263942597,0.00576861822732161,-0.000317746710051775,0
0,0.0805020178591125,0.0443088846229154,0.00967894167531114,-0.0251266492177313,-0.0263629900105036,0.515916655285823,0,0.0195701966082549,-0.0368275137877809,0.0150197576698563,-0.00468475116783473,0.236962784563634,-0.0195701966082549,0,-0.0206999380238555,0.00820174795489148,-0.00256442342913221,0.0734553632620083,0.0368275137877843,0.0206999380238562,0,0.00292734611382284,-0.000680032938724651,0.0221736113334298,0.0165740768629625,0.00953719367879391,0.0015714618766004,-1.11022302462516e-16,-0.00179516625736986,0.010696332528714,0.0286756566488663,0.0157748064577558,0.00576733352478256,-0.000316344273699143,0
-2.66453525910038e-15,0.0812419974542768,0.0448237413881118,0.00994509705514446,-0.0254018525729496,-0.0265894605084638,0.511842220685375,-3.5527136788005e-15,0.021371454878393,-0.0360044877445826,0.0151059909084346,-0.00465242913866604,0.233624678901273,-0.0213714548783974,-8.88178419700125e-16,-0.0204564136258654,0.00823734375308671,-0.00254994150166787,0.0730935133568782,0.0360044877445804,0.0204564136258645,4.44089209850063e-16,0.00293137760245088,-0.00067572028670515,0.0221516036491132,0.0163448214186439,0.00947186997079452,0.00157314262053021,0,-0.00179518464633899,0.0112757651456144,0.0287931928960592,0.0158175301063268,0.00576606423263654,-0.000314958919370278,0
8.88178419700125e-16,0.0819673863600814,0.0453261126879179,0.0102073781728489,-0.0256720455849484,-0.0268112983079858,0.507482308420785,-3.5527136788005e-15,0.0231502949411055,-0.0351746402870567,0.015193419198587,-0.0046179926269847,0.230121162785782,-0.0231502949411082,0,-0.0202080720974074,0.00827419244172134,-0.00253442435663231,0.0726693266499969,0.035174640287053,0.0202080720974076,0,0.00293578879425227,-0.000671079621091142,0.0221092468136749,0.0161135032264943,0.00940525450543217,0.00157496562577719,1.11022302462516e-16,-0.00179520264935984,0.0118573492096515,0.0289090441976278,0.0158605052589872,0.00576481256103489,-0.000313593126546385,0
-8.88178419700125e-16,0.0826779174130028,0.0458167604481563,0.0104656998732482,-0.0259372418378616,-0.0270284109638848,0.502838095860454,0,0.0249261850942872,-0.0343375705791988,0.015281796707546,-0.00458163584647586,0.226440041164547,-0.0249261850942872,0,-0.0199564522406286,0.00831200828837453,-0.00251799644486184,0.0721823009348095,0.0343375705791984,0.0199564522406288,0,0.00294052987684879,-0.000666155218571607,0.0220464561659394,0.0158799979448896,0.0093377636073072,0.00157691098646617,-1.11022302462516e-16,-0.00179522024958878,0.0124406111364758,0.0290231980991661,0.0159034493668873,0.00576358001303279,-0.000312248601540055,0
0,0.0833732945086316,0.0462968585074073,0.0107202287974397,-0.0261974704569452,-0.0272406877926814,0.497910831384965,0,0.0267275455721592,-0.0334907912769182,0.0153710407373779,-0.00454349007307009,0.222562010733165,-0.0267275455721627,-8.88178419700125e-16,-0.019702913820753,0.00835054633191312,-0.00250076421919943,0.0716307816490867,0.0334907912769165,0.0197029138207514,-2.22044604925031e-16,0.00294555812574959,-0.000660984519324614,0.0219628522343854,0.0156435830171719,0.00926976686497516,0.00157896168775662,-1.11022302462516e-16,-0.0017952374467447,0.0130255325964774,0.0291358780626056,0.0159461207402112,0.00576236696445742,-0.00031092581297032,0
8.88178419700125e-16,0.0840534249919749,0.0467665111848037,0.0109707983201286,-0.0264527783248889,-0.0274480935167292,0.492701541246646,1.77635683940025e-15,0.0285611759150157,-0.0326347496013817,0.0154608847442557,-0.00450371391241156,0.218482194598765,-0.0285611759150184,-8.88178419700125e-16,-0.0194483059791901,0.0083896228342315,-0.00248282427913349,0.0710147232858418,0.0326347496013826,0.0194483059791897,0,0.00295083347691039,-0.000655601940894313,0.0218584462224801,0.0154043752810982,0.00920149446988194,0.00158110192783201,1.11022302462516e-16,-0.00179525425854188,0.0136115092020344,0.0292469498642937,0.0159883782269967,0.00576117251923131,-0.000309623836609485,0
0,0.08471831855893,0.047224461808856,0.0112167811446247,-0.026703138630559,-0.0276506542389576,0.487212826296791,0,0.0304054656432058,-0.0317738882565823,0.0155509017434525,-0.00446245992945826,0.214217319964991,-0.030405465643204,0,-0.0191928236550343,0.008429156482471,-0.00246422958983139,0.0703366521675743,0.0317738882565839,0.0191928236550349,2.22044604925031e-16,0.00295632982490224,-0.000650028095826594,0.0217338700287963,0.0151636507835875,0.00913300059166688,0.00158332156794372,0,-0.00179527073789332,0.0141970415598742,0.0293558576190887,0.0160301946115165,0.0057599932306106,-0.000308338962026977,0
-8.88178419700125e-16,0.0853670194689977,0.047670250836318,0.0114581392990729,-0.0269481436406895,-0.0278481128779813,0.481458098609695,-1.77635683940025e-15,0.03226074376723,-0.0309058325535059,0.0156414555764854,-0.00441947695130906,0.209774817808008,-0.0322607437672318,0,-0.0189353015704326,0.00846936081779681,-0.00244484877691775,0.0695957146971915,0.0309058325535065,0.0189353015704326,0,0.00296208321956182,-0.000644224275929473,0.0215887535863252,0.0149207803343573,0.00906398288495036,0.00158563491499897,0,-0.00179528703463427,0.0147815404849201,0.0294628821321145,0.0160717473548631,0.00575881854683147,-0.000307059738821114,0
1.77635683940025e-15,0.0859979627657834,0.0481041049689317,0.0116952354726738,-0.027187180382624,-0.0280400237302665,0.475458814974139,1.77635683940025e-15,0.0341463919026435,-0.030023249136919,0.0157333668406014,-0.00437428240583415,0.205152179599225,-0.0341463919026417,0,-0.0186738993215094,0.0085105935307741,-0.00242445968037508,0.0687883274636893,0.0300232491369217,0.0186738993215096,0,0.00296816127579147,-0.000638122998696256,0.0214219418757103,0.0146737297403433,0.00899396080058168,0.00158806824325786,-1.11022302462516e-16,-0.00179530330833921,0.0153650915570208,0.0295688220628704,0.0161133073652018,0.00575763689684883,-0.000305773630358663,0
0,0.0866101350374091,0.0485255890594987,0.0119279722730452,-0.0274198181260514,-0.0282261128926491,0.469233322320216,0,0.0360647966402876,-0.0291235934363048,0.0158269687124033,-0.00432661309526416,0.20035733306681,-0.0360647966402894,-1.77635683940025e-15,-0.0184075740332599,0.00855305450596155,-0.002402932259427,0.0679136890239214,0.0291235934363039,0.018407574033259,-2.22044604925031e-16,0.0029746026005335,-0.000631686196728154,0.0212330665839559,0.0144218108392835,0.00892266304911815,0.0015906359068576,0,-0.00179531962510882,0.0159469869934617,0.0296738728592565,0.0161550149638546,0.00575644322202762,-0.000304475217810796,0
0,0.0872030720438488,0.0489332806868106,0.012155613863138,-0.0276457821696319,-0.0284062843537445,0.462796919593057,0,0.0379931370764179,-0.0282111660694024,0.0159219730309985,-0.00427651569967047,0.195415953118057,-0.0379931370764188,0,-0.0181362990470326,0.00859674086615669,-0.00238025663622565,0.0669754951562884,0.0282111660694015,0.0181362990470324,0,0.00298140644192135,-0.000624913865286958,0.0210230301463944,0.014166275533692,0.00885008614401117,0.00159333663132932,1.11022302462516e-16,-0.00179533597599668,0.0165253043329059,0.0297774933671442,0.0161968534420082,0.00575523785728377,-0.000303164963770364,0
-8.88178419700125e-16,0.0877769104675989,0.0493258307310631,0.0123772970312164,-0.0278650260424547,-0.0285806192905271,0.456159331535341,0,0.0399030324514662,-0.02729319718906,0.0160177855774748,-0.00422424726680326,0.190355950555173,-0.0399030324514662,0,-0.017860946293057,0.00864148791328567,-0.00235651765083489,0.0659795990689824,0.0272931971890593,0.0178609462930579,2.22044604925031e-16,0.00298854283015793,-0.000617834804306661,0.0207934212063196,0.0139091995254812,0.00877646487457573,0.00159615757173548,-1.11022302462516e-16,-0.00179535228911198,0.0170978875828092,0.0298788895724215,0.0162386736952264,0.00575402583934331,-0.000301848439896057,0
1.77635683940025e-15,0.0883320168413952,0.0497028984687597,0.0125925502940047,-0.0280776945382275,-0.0287492325747216,0.449326267770161,-1.77635683940025e-15,0.0417840339941566,-0.0263744389436074,0.0161138476449434,-0.00417016005713222,0.185189905654139,-0.0417840339941584,0,-0.0175828309308539,0.00868702911078767,-0.00233187692334402,0.0649304054870874,0.0263744389436056,0.0175828309308546,0,0.00299595833638988,-0.000610501226330662,0.0205455458459575,0.0136519266282473,0.00870214798539032,0.00159907669229042,0,-0.00179536844135808,0.0176633561529066,0.0299775776148719,0.0162802752230091,0.00575281621196366,-0.00030053555429238,0
1.77635683940025e-15,0.0888685740204931,0.0500651977690643,0.0128014117395887,-0.0282839642076942,-0.0289121497675788,0.442302462264513,-1.77635683940025e-15,0.0436505735754604,-0.0254549105167374,0.0162098639509871,-0.00411452527800549,0.17991024820333,-0.0436505735754595,8.88178419700125e-16,-0.0173032833148516,0.00873310427277207,-0.00230649738879007,0.0638291494743011,0.0254549105167357,0.0173032833148516,0,0.00300360145930978,-0.000602964455581168,0.0202798811549408,0.0133944291443421,0.00862748815503528,0.00160207273209356,-1.11022302462516e-16,-0.00179538429990422,0.0182213302968821,0.0300735405066116,0.0163214659645829,0.00575161903990684,-0.00029923730122744,0
-8.88178419700125e-16,0.0893869506315657,0.0504138775031473,0.0130041997835431,-0.0284841163696488,-0.0290694406492964,0.435087966247977,0,0.0455258345872558,-0.0245323557120081,0.0163056975196412,-0.00405752240123292,0.174499226587064,-0.0455258345872567,4.44089209850063e-16,-0.0170233607194543,0.00877950761654667,-0.00228051353508674,0.0626750624353976,0.024532355712011,0.0170233607194554,2.22044604925031e-16,0.00301143065029619,-0.000595266302509945,0.0199963649866652,0.0131360235178018,0.00855276575402003,0.00160512847009958,0,-0.00179539975440191,0.018772089099664,0.0301669518426569,0.0163621024069898,0.00575044298382493,-0.000297963129033907,0
-1.77635683940025e-15,0.0898878315960099,0.0507495032400254,0.0132010729026408,-0.0286784872574763,-0.029221293021596,0.427679913909618,-1.77635683940025e-15,0.0474167836422836,-0.0236064045700974,0.0164011815007417,-0.00399929994060777,0.168950097078269,-0.047416783642285,0,-0.0167435268681584,0.00882611726230298,-0.00225401667399439,0.0614683960238689,0.0236064045700972,0.0167435268681584,2.22044604925031e-16,0.00301941460079114,-0.000587436315644618,0.0196951954802057,0.0128765862206517,0.00847810227537549,0.00160823121717579,5.55111512312578e-17,-0.00179541476824296,0.0193156893418792,0.03025782544573,0.016402132460324,0.00574929130564861,-0.000296716603702951,0
-8.88178419700125e-16,0.0903721172506042,0.0510719602066905,0.0133919442172914,-0.0288674230920289,-0.0293679850928843,0.420074915264561,0,0.0493113987424216,-0.0226793245305306,0.0164960679863579,-0.00394003021670741,0.163271488822689,-0.0493113987424234,0,-0.0164637341036311,0.0088728662744666,-0.00222707401765554,0.0602112922120157,0.0226793245305306,0.0164637341036304,0,0.0030275250177747,-0.000579498329619232,0.0193770792061933,0.0126167717154702,0.0084034805870179,0.00161137006311607,0,-0.00179542937231902,0.0198517378750903,0.0303459951130406,0.0164415797533115,0.00574816214986545,-0.00029549571690296,0
8.88178419700125e-16,0.0908390018868088,0.051380805232137,0.013576665452919,-0.0290505216387116,-0.0295093288893176,0.412293774459064,-3.5527136788005e-15,0.0512073851378982,-0.0217501439472869,0.0165906305811561,-0.00387946159164798,0.157477465930536,-0.0512073851378996,0,-0.0161832453495463,0.00891992766250915,-0.00219954063144367,0.0589052326788855,0.0217501439472862,0.0161832453495458,0,0.00303579907515883,-0.00057140914844922,0.0190423541268225,0.0123563575341235,0.00832871955175468,0.00161455994726756,5.55111512312578e-17,-0.0017954437745959,0.0203793764915823,0.0304315600121424,0.0164805309023007,0.00574703979066321,-0.00029428343749327,0
-8.88178419700125e-16,0.0912866597174755,0.0516756775482179,0.013755156690114,-0.0292269932271871,-0.0296448366695365,0.404374912090374,1.77635683940025e-15,0.0531151720720757,-0.0208146858945213,0.0166854146426338,-0.00381714478263895,0.151580908084792,-0.0531151720720748,0,-0.0159009531493277,0.00896757332200204,-0.00217119229493301,0.0575506116669215,0.0208146858945202,0.0159009531493275,0,0.00304429877266865,-0.000563101131320742,0.018690983453848,0.0120942127921534,0.00825354491437807,0.00161782514888237,0,-0.00179545821755528,0.020897676693742,0.0305148470492749,0.0165191103151075,0.00574590531640001,-0.000293059323379363,0
-1.77635683940025e-15,0.0917140915018742,0.051956102751384,0.0139271972777433,-0.0293963566954627,-0.0297742639956171,0.396350232750644,0,0.0550329598643344,-0.0198720393700533,0.0167806400379096,-0.00375286162441668,0.145601265798445,-0.055032959864334,0,-0.0156161970678577,0.00901595168093294,-0.00214190388884905,0.056150026821099,0.0198720393700527,0.0156161970678579,2.22044604925031e-16,0.00305305615458829,-0.000554537709793967,0.0183236322104903,0.0118301261976183,0.00817779352043663,0.00162117782898236,0,-0.00179547284297887,0.0214055305149831,0.0305959077003126,0.0165573880102479,0.00574474722234553,-0.000291810982137652,0
8.88178419700125e-16,0.0921211251050291,0.052221353890193,0.01409231892106,-0.029558410657839,-0.0298976134818671,0.388244377294062,-1.77635683940025e-15,0.0569423002013956,-0.018926262145774,0.016876116716162,-0.00368669689610002,0.13956851310525,-0.0569423002013951,4.44089209850063e-16,-0.0153291723037627,0.00906503949230508,-0.00211167350803132,0.0547097695628349,0.018926262145772,0.015329172303763,0,0.00306206814679966,-0.000545719112277299,0.0179420855243925,0.0115652957334501,0.00810152411078718,0.00162461613680537,-5.55111512312578e-17,-0.00179548767716126,0.0219013639236167,0.030674432336439,0.0165953266161218,0.00574356286382216,-0.000290535622050114,0
-8.88178419700125e-16,0.0925082768734562,0.0524709801852099,0.0142500989587564,-0.0297132642452045,-0.0300150659177678,0.380072703222828,1.77635683940025e-15,0.058822273194405,-0.017983271492314,0.0169713841196639,-0.00361899496219387,0.133510320496313,-0.0588222731944041,8.88178419700125e-16,-0.015040749807838,0.00911465142661738,-0.0020806291182085,0.0532372747783022,0.0179832714923174,0.0150407498078391,0,0.00307129375855486,-0.000536684785050978,0.0175485539023351,0.0113014226676376,0.00802496626788768,0.00162812345035673,-5.55111512312578e-17,-0.00179550264198158,0.0223837699144642,0.0307500277920398,0.0166328158479401,0.00574235791571975,-0.000289239435073418,0
0,0.0928763125328933,0.0527052520600035,0.0144004835277247,-0.0298612146154271,-0.0301268371159598,0.371842149615149,-8.88178419700125e-16,0.0606669371915887,-0.0170461278554086,0.0170660756916412,-0.00355009762643732,0.127437197360129,-0.0606669371915882,4.44089209850063e-16,-0.0147518319777076,0.00916458483349958,-0.00204893166524389,0.0517371666632759,0.0170461278554077,0.0147518319777077,0,0.00308068704363673,-0.000527483247719229,0.0171445066016229,0.0110393627782039,0.00794835218929618,0.00163168075816122,0,-0.00179551757382246,0.0228522161751399,0.0308225398118515,0.0166697573655081,0.00574114513845686,-0.00028793628260354,0
8.88178419700125e-16,0.0932260362711022,0.0529250566943293,0.0145437337401635,-0.030002689688212,-0.0302331120193475,0.363550965565948,-1.77635683940025e-15,0.0624880701532513,-0.0161148561959168,0.0171598706604774,-0.00348033610388487,0.121339292244006,-0.0624880701532557,-1.33226762955019e-15,-0.0144635486475155,0.00921459418932979,-0.00201677844697201,0.0502107885846683,0.0161148561959151,0.0144635486475148,-1.11022302462516e-16,0.00309019308820746,-0.00051817313709146,0.0167305160642912,0.0107790662846423,0.0078719722659511,0.00163526570065209,0,-0.00179553227961321,0.0233069443797013,0.0308919911484314,0.0167060332782659,0.00573994011431744,-0.000286643050049717,0
-8.88178419700125e-16,0.0935582294554207,0.0531314428144753,0.0146802808132263,-0.0301381409153221,-0.0303340608909615,0.355192571059684,-1.77635683940025e-15,0.0643037816935017,-0.0151872187257371,0.0172526106292707,-0.00340991009583114,0.115198098720338,-0.0643037816935026,4.44089209850063e-16,-0.0141765338557662,0.00926451880588752,-0.00198431606707405,0.0486569589313366,0.015187218725736,0.0141765338557668,1.11022302462516e-16,0.00309977241565951,-0.00050879808229698,0.0163064185444967,0.0105198349629673,0.00779598476599092,0.00163886201278246,5.55111512312578e-17,-0.00179554659994124,0.023748678099846,0.0309585375907432,0.0167415943795362,0.00573875614916358,-0.000285374147673767,0
1.77635683940025e-15,0.0938739328014151,0.0533251728889903,0.0148104777073685,-0.0302680733950966,-0.0304299545940934,0.34675527618802,0,0.0661219027113331,-0.0142619847948042,0.0173441702892729,-0.00333897148776874,0.109001146394795,-0.0661219027113344,-8.88178419700125e-16,-0.0138909218321581,0.00931426746988162,-0.00195164318637886,0.0470746951462885,0.0142619847948048,0.0138909218321577,1.11022302462516e-16,0.00310939516659714,-0.000499388800206169,0.0158720926133251,0.0102612826548291,0.00772041554171143,0.00164245786194633,-5.55111512312578e-17,-0.00179556046662638,0.0241781121313195,0.0310222848227408,0.0167764524773,0.00573759942424523,-0.000284136241956168,0
8.88178419700125e-16,0.0941743412972729,0.0535065853893846,0.0149344989640472,-0.0303929516388646,-0.0305211519205768,0.338226366691515,2.66453525910038e-15,0.0679357394337483,-0.0133400289660157,0.0174344730989295,-0.00326761518970375,0.102748472075656,-0.0679357394337474,0,-0.013606465496387,0.00936382692981219,-0.00191879123334848,0.0454646309403852,0.0133400289660179,0.0136064654963876,0,0.00311904796664408,-0.000489956395486879,0.015427848449981,0.0100036664401614,0.0076451937850473,0.00164604832440374,0,-0.00179557390621576,0.0245956220831617,0.0310832490600897,0.0168106566590522,0.00573646840304504,-0.000282927633658447,0
-8.88178419700125e-16,0.0944590058766464,0.0536754488667635,0.0150522313183883,-0.0305124779935957,-0.0306075828480274,0.329630409431589,8.88178419700125e-16,0.0697405967175877,-0.0124214297195007,0.0175237180032024,-0.00319565369009922,0.0964585789066275,-0.0697405967175877,0,-0.0133227064504937,0.00941332404170359,-0.00188563686805665,0.0438300587365507,0.0124214297195001,0.0133227064504936,-1.11022302462516e-16,0.00312876002880047,-0.000480463601528314,0.0149746149409689,0.00974706375177953,0.00757021326532897,0.00164964545872121,0,-0.00179558712946409,0.0250005180233932,0.0311414736827312,0.0168442495035452,0.00573534599287795,-0.000281729810808373,0
-1.77635683940025e-15,0.094726481259686,0.0538313553924281,0.0151634417820672,-0.0306258972828077,-0.0306889116959566,0.321018099555443,1.77635683940025e-15,0.0715372794436355,-0.0115054180853402,0.0176122591534167,-0.00312273392103446,0.0901590092817828,-0.0715372794436326,1.11022302462516e-15,-0.0130393034451097,0.00946294951997251,-0.00185197697483752,0.0421760368652966,0.011505418085342,0.0130393034451102,-1.11022302462516e-16,0.00313858599674932,-0.000470846763316768,0.014513757837072,0.00949132971739197,0.00749541252346858,0.00165327074546517,1.11022302462516e-16,-0.00179560039783955,0.0253915363386644,0.0311970098502881,0.0168772411712271,0.0057342102498627,-0.000280519066522378,0
8.88178419700125e-16,0.0949760328060627,0.0539741247546317,0.0152679747691868,-0.030732763892142,-0.0307649914703685,0.312430963363608,0,0.0733229090231511,-0.0105923925591256,0.0177002670022048,-0.00304869018843945,0.0838756537216439,-0.07332290902315,6.66133814775094e-16,-0.0127561376057184,0.00951280075608096,-0.00181770180809004,0.0405080051488773,0.0105923925591245,0.0127561376057186,0,0.00314855411730441,-0.000461071146776959,0.0140468326280434,0.00923663186101464,0.00742077843905037,0.00165693508549586,0,-0.00179561386608695,0.0257677067131827,0.0312498639269808,0.0169096300992652,0.00573304767714211,-0.000279280832200024,0
-8.88178419700125e-16,0.0952076658411576,0.0541036806311661,0.0153656677001983,-0.0308329396178069,-0.030835868777924,0.303902186321104,-1.77635683940025e-15,0.0750858851819949,-0.00968544907336266,0.0177876269864559,-0.0029736496615218,0.0776380577826539,-0.075085885181994,-4.44089209850063e-16,-0.0124735810544558,0.00956282683022369,-0.00178283804053825,0.0388332966797968,0.00968544907336144,0.0124735810544548,-2.22044604925031e-16,0.00315865424250383,-0.00045114336174279,0.0135760168780358,0.00898388386171395,0.00734641507308376,0.00166063451924098,0,-0.00179562756242707,0.0261281001472466,0.0312999485293852,0.0169413761336853,0.00573185526947817,-0.000278011849420334,0
8.88178419700125e-16,0.0954222373902214,0.0542203024475478,0.0154565307629166,-0.0309266869522462,-0.0309018051797745,0.295444768441945,0,0.0768140288057353,-0.00878829255147373,0.017874066359103,-0.0028979247485319,0.0714656469886854,-0.0768140288057348,0,-0.0121922573634579,0.00961287883834183,-0.00174751284132446,0.0371580464685434,0.0087882925514744,0.0121922573634582,0,0.00316884913613569,-0.000441100573952413,0.0131032222762016,0.00873414306248749,0.00727248118381724,0.00166435461273223,0,-0.00179564140803334,0.026472388859761,0.0313471911630268,0.0169724290187853,0.00573063922520578,-0.000276718777966811,0
0,0.0956208040058266,0.054324569880027,0.015540749547446,-0.0310144409781428,-0.0309630786291288,0.287060845956104,0,0.0785031354523147,-0.00790324296187439,0.0179592604890182,-0.0028218939576341,0.0653646584520087,-0.0785031354523134,4.44089209850063e-16,-0.0119128951718475,0.00966275615421797,-0.00171191334551013,0.0354860898775394,0.0079032429618735,0.0119128951718475,-1.11022302462516e-16,0.00317908681738688,-0.000430998041905051,0.0126297231802701,0.00848803423023803,0.00719915490234452,0.00166807522789797,0,-0.00179565524753955,0.0268007408295663,0.0313915916051095,0.0170027413961484,0.00572941264789473,-0.000275415718599015,0
8.88178419700125e-16,0.0958043833433839,0.0544173013154996,0.0156186929302544,-0.0310967112923528,-0.0310199241826128,0.27874174860351,1.77635683940025e-15,0.0801607398688642,-0.007029952888022,0.0180429621891003,-0.00274585264278659,0.0593243754573507,-0.0801607398688615,8.88178419700125e-16,-0.0116360611228261,0.00971228440519356,-0.00167621749913005,0.0338175926326911,0.00702995288802177,0.0116360611228262,-2.22044604925031e-16,0.00318932078564249,-0.000420888233038652,0.0121557270683559,0.00824539449987,0.00712656902186593,0.001671778120578,0,-0.00179566889788862,0.027113875352541,0.0314332378531453,0.0170322908974924,0.00572819150375792,-0.000274119875068535,0
-1.77635683940025e-15,0.0959739384615061,0.0544993382243737,0.0156908004240357,-0.0311740272045702,-0.0310725530582605,0.270470879041198,-1.77635683940025e-15,0.0817994355711527,-0.00616641741786239,0.0181250138481008,-0.00266999210015406,0.0533248035457778,-0.0817994355711527,2.22044604925031e-16,-0.0113619976935264,0.0097613445839535,-0.00164056395209422,0.0321501703723983,0.0061664174178625,0.0113619976935267,-1.11022302462516e-16,0.00319951558729392,-0.000410812534080818,0.0116806838592388,0.00800558333992685,0.00705477072260147,0.00167544937766179,0,-0.00179568220531778,0.0274128084249349,0.0314722597916049,0.0170610910723085,0.00572698968068958,-0.000272846207124255,0
0,0.0961304773474825,0.0545713661185894,0.0157574681153325,-0.0312469033732468,-0.0311212127560685,0.262226140418503,8.88178419700125e-16,0.0834280653316899,-0.0053106541549548,0.0182053589058153,-0.00259439885154933,0.0473463768831913,-0.0834280653316881,4.44089209850063e-16,-0.0110905814666127,0.00980989329280213,-0.00160502481742242,0.0304807144258349,0.00531065415495635,0.0110905814666127,-2.22044604925031e-16,0.00320965245551263,-0.000400793156866364,0.0112038116792173,0.00776799153376639,0.00698371466301551,0.00167908176804893,0,-0.00179569509306216,0.0276985858646422,0.0315087837457338,0.0170891872536506,0.00572581461350141,-0.000271602701821583,0
-8.88178419700125e-16,0.0962751521871419,0.0546338848132417,0.0158190101547016,-0.0313158637524649,-0.0311662224008527,0.25398054767881,-1.77635683940025e-15,0.0850477627883697,-0.00446151953112661,0.0182840057914255,-0.00251910620835893,0.0413742491957518,-0.0850477627883713,-2.22044604925031e-16,-0.010821331178148,0.00985794338268553,-0.00156962035958452,0.0288062776121799,0.00446151953112406,0.0108213311781471,0,0.00321972272096716,-0.000390838186824394,0.0107243652384018,0.00753227969510967,0.00691326350341143,0.00168267249834636,5.55111512312578e-17,-0.0017957075721779,0.0279721911177615,0.031542929653295,0.0171166537480911,0.00572466604747496,-0.000270389015181283,0
-8.88178419700125e-16,0.096407790370264,0.0546868773224265,0.0158753753669036,-0.031380667394302,-0.0312076051031136,0.245760936887216,1.77635683940025e-15,0.0866519777076746,-0.00362016133738585,0.0183611361962805,-0.00244396837319005,0.0354297378270721,-0.0866519777076729,2.22044604925031e-16,-0.0105541487137901,0.00990559195342255,-0.00153424095817711,0.0271315290845123,0.0036201613373873,0.0105541487137902,5.55111512312578e-17,0.00322975445491569,-0.000380912247712861,0.0102437067765254,0.00729883428507605,0.00684340910061321,0.00168623305775889,-5.55111512312578e-17,-0.00179571981766519,0.0282331714293915,0.0315747224356681,0.0171434895758264,0.00572352874410043,-0.000269188641060847,0
0,0.0965276294155708,0.0547302375692724,0.0159263955123317,-0.0314407154077054,-0.0312452552064606,0.237624029863439,0,0.088233032085312,-0.00278890520838271,0.0184369924118197,-0.00236877587115458,0.0295511589856881,-0.088233032085313,-4.44089209850063e-16,-0.01028942297466,0.00995294816033532,-0.00149873185004012,0.0254654282239086,0.0027889052083831,0.01028942297466,0,0.00323979019282244,-0.000370962662391283,0.00976441867763,0.00706840713097229,0.00677428816483183,0.00168978033288864,-5.55111512312578e-17,-0.00179573206130568,0.0284804671670389,0.0316041353792076,0.0171696276607248,0.00572238173676987,-0.000267978907315336,0
1.77635683940025e-15,0.0966343603426512,0.0547641380079482,0.0159720535972072,-0.0314956681032124,-0.031279161478488,0.22961676707953,0,0.0897854979547859,-0.00196938012565084,0.0185117144308311,-0.00229344260597131,0.0237693392808312,-0.0897854979547877,-4.44089209850063e-16,-0.010027420087114,0.0100000648042351,-0.0014630159762985,0.0238153609071628,0.0019693801256499,0.0100274200871132,-1.11022302462516e-16,0.00324985043215775,-0.000360962098328199,0.00928867862269586,0.00684151762056376,0.00670599027265342,0.00169332256988231,-5.55111512312578e-17,-0.00179574443805669,0.028713493481573,0.0316311974054556,0.0171950335172087,0.0057212123555993,-0.000266746091324266,0
0,0.0967282525810456,0.0547889730574416,0.0160124498470533,-0.031545495342169,-0.0313094369396771,0.221770505649767,0,0.0913037420878187,-0.00116367574682741,0.0185852600262626,-0.00221808459833461,0.0181069554303243,-0.0913037420878186,2.22044604925031e-16,-0.00976862776990739,0.0100468879604818,-0.00142713012290274,0.0221876517880751,0.00116367574682746,0.00976862776990745,0,0.00325992500115208,-0.000350918161409475,0.00881840522750837,0.00661877693585397,0.00663864878370843,0.00169685638644498,0,-0.00179575696647938,0.0289320631128566,0.0316559483406894,0.0172196700994053,0.00572001840904091,-0.000265487747909243,0
-8.88178419700125e-16,0.0968100557879024,0.0548053169166471,0.0160478080353368,-0.0315904572240564,-0.0313362880520822,0.214098309354521,0,0.0927837133985783,-0.000373398504017963,0.0186574663328027,-0.00214295331946346,0.0125753809861577,-0.0927837133985773,4.44089209850063e-16,-0.00951345427847583,0.0100932987262636,-0.00139119557072176,0.0205862731632713,0.000373398504019129,0.00951345427847633,5.55111512312578e-17,0.00326998059827044,-0.000340865741921048,0.00835486437075184,0.00640061975827938,0.00657236036966766,0.00170036970412521,2.77555756156289e-17,-0.0017957695693252,0.0291364550832627,0.031678467517019,0.0172435276973615,0.00571880667279279,-0.000264211083927823,0
1.33226762955019e-15,0.0968807609462399,0.0548138262114786,0.0160784356133132,-0.0316309947650413,-0.0313599568717327,0.206596859293603,-8.88178419700125e-16,0.0942248887886041,0.000400616259220499,0.0187281077090597,-0.0020683548267364,0.00717380827967579,-0.094224888788604,-2.22044604925031e-16,-0.00926227921372891,0.0101391442333418,-0.00135537803970687,0.0190126785264845,-0.000400616259221276,0.00926227921372896,-5.55111512312578e-17,0.00327997243021216,-0.000330853953087518,0.00789859571966353,0.00618723163104218,0.00650720571979999,0.00170384624424957,0,-0.00179578211806419,0.02932730129839,0.0316988506589895,0.0172666097005244,0.00571758904101349,-0.000262928812601926,0
0,0.096941384278534,0.0548151491423434,0.0161046875564539,-0.0316676263102162,-0.0313806727300534,0.199249793778189,8.88178419700125e-16,0.0956312991491943,0.00115889068931807,0.0187969819302705,-0.0019945486773647,0.0018899853399986,-0.0956312991491942,0,-0.0090152549459106,0.01018429329725,-0.0013198348632486,0.0174654890476864,-0.00115889068931818,0.00901525494591043,-5.55111512312578e-17,0.00328985854879182,-0.000320930483792004,0.007449301122705,0.0059783962001245,0.00644320211972041,0.00170727080427635,-2.77555756156289e-17,-0.00179579447461128,0.0295055009984456,0.0317172084310177,0.0172889450535535,0.00571637873060005,-0.000261655084150103,0
8.88178419700125e-16,0.0969928607197108,0.0548098452644554,0.0161269210608297,-0.0317008781954025,-0.031398637508937,0.192030354841368,8.88178419700125e-16,0.0970104898195081,0.00190321714851471,0.0188639571358991,-0.00192169415742516,-0.00329736961431987,-0.0970104898195069,6.66133814775094e-16,-0.00877224097112417,0.0102286668383973,-0.00128468068029997,0.0159408149331931,-0.00190321714851505,0.00877224097112461,5.55111512312578e-17,0.00329960848850347,-0.000311131191888525,0.00700592924379434,0.00577353522242674,0.00638029081406802,0.00171063249329209,0,-0.00179580652903921,0.0296721092844225,0.0317336534444456,0.0173105873054406,0.00571518667924731,-0.000260401608998539,0
4.44089209850063e-16,0.0970360184120196,0.0547983290133551,0.0161454477071055,-0.0317312271953192,-0.03141403795314,0.1849054467988,8.88178419700125e-16,0.0983703007983512,0.00263593260774808,0.0189290037693999,-0.00184983019382123,-0.00841320823812167,-0.0983703007983508,0,-0.00853284342411964,0.0102722539222704,-0.00124996473700367,0.0144334148195489,-0.00263593260774825,0.00853284342412003,5.55111512312578e-17,0.00330920938458457,-0.000301472717568474,0.00656701319539071,0.00557193469319262,0.00631835212265056,0.0017139269243448,-5.55111512312578e-17,-0.00179581822310579,0.0298281892494847,0.0317482898011089,0.0173316045283757,0.00571401912612324,-0.000259175059312056,0
1.77635683940025e-15,0.0970715728076237,0.0547808687809228,0.0161605103527815,-0.0317590782748929,-0.0314270501230722,0.177840804251041,0,0.0997165473781978,0.0033595333249874,0.0189921872324286,-0.00177889706915657,-0.0134810802511038,-0.0997165473781984,-2.22044604925031e-16,-0.00829637181224618,0.0103151074374495,-0.00121567485847152,0.012937648929589,-0.00335953332498695,0.00829637181224635,1.11022302462516e-16,0.00331866350447435,-0.00029195416938016,0.00613095255610666,0.00537285986311148,0.00625719295029376,0.00171715534366218,0,-0.00179582955481755,0.0299747115812885,0.0317612217874123,0.017352082457515,0.0057128769558944,-0.000257976350376943,0
8.88178419700125e-16,0.0970996494281917,0.0547576608947775,0.0161721576781542,-0.0317842878310741,-0.0314377844031308,0.170857707427164,0,0.101042746341927,0.00407220122163654,0.0190536848463188,-0.00170878976301925,-0.0184830269590797,-0.101042746341927,0,-0.00806309792343285,0.0103572939488992,-0.00118172436462927,0.0114581384589097,-0.00407220122163662,0.00806309792343288,-1.11022302462516e-16,0.00332799631642702,-0.000282544847671318,0.00569912302659387,0.0051768875138411,0.00619690448834032,0.00172032792095783,0,-0.00179584064520924,0.0301115730785114,0.031772491014436,0.0173719874267195,0.00571174885598813,-0.000256793232955244,0
0,0.097120135042116,0.0547290400361171,0.0161804076508845,-0.0318064455331086,-0.0314463335807464,0.164013851354618,8.88178419700125e-16,0.102336873328596,0.00476992395811138,0.0191137096269749,-0.00163941981387339,-0.0233765034784307,-0.102336873328595,4.44089209850063e-16,-0.00783386379944973,0.0103988648679234,-0.00114801228004402,0.0100056499368883,-0.00476992395811057,0.00783386379945003,-8.32667268468867e-17,0.00333723840606664,-0.000273205704853313,0.0052747053806336,0.00498525418133081,0.00613774157707508,0.00172345689579853,2.77555756156289e-17,-0.00179585166109658,0.0302382092273056,0.0317821360833996,0.0173912247792921,0.00571061855203825,-0.000255608084766989,0
8.88178419700125e-16,0.0971331079662954,0.0546954913710813,0.0161853900345021,-0.0318253172430518,-0.0314528034910562,0.157356183506125,0,0.103592172320708,0.00545004520481651,0.019172395750231,-0.00157076340763407,-0.0281300311254961,-0.103592172320708,-2.22044604925031e-16,-0.00760936160949122,0.0104398348938717,-0.00111449396368313,0.00858842851192754,-0.00545004520481679,0.00760936160949127,0,0.00334640499657576,-0.00026391646337498,0.00486016187244256,0.00479877120684674,0.00607990717556497,0.00172654857758378,0,-0.00179586269471016,0.0303544346855333,0.0317902244700757,0.0174097304476577,0.00570947674259115,-0.000254410803646188,0
0,0.097138862503519,0.0546575845210979,0.0161873271343573,-0.0318408992809434,-0.031457301639549,0.150914913948027,8.88178419700125e-16,0.104807303584082,0.00611143152462024,0.0192297412005789,-0.00150290521935847,-0.0327264871070342,-0.104807303584082,-2.22044604925031e-16,-0.00739006019785293,0.010480159916223,-0.00108120816128299,0.0072113445077138,-0.00611143152461935,0.00739006019785302,-2.77555756156289e-17,0.00335548779954287,-0.000254684892432189,0.00445697480480806,0.00461776102772463,0.00602352696437511,0.00172960059026986,0,-0.00179587374484846,0.0304604395343268,0.0317968404339933,0.0174274806933162,0.00570832334029747,-0.000253201203999964,0
4.44089209850063e-16,0.0971379423751104,0.0546158929630383,0.0161864922894828,-0.0318534131270614,-0.0314599579292247,0.144700218714852,4.44089209850063e-16,0.10598376301897,0.00675393594170881,0.0192856272328954,-0.00143602694565681,-0.0371621749863192,-0.10598376301897,0,-0.00717621305048799,0.0105197467405516,-0.00104826173551009,0.00587608086019162,-0.00675393594170869,0.00717621305048798,4.16333634234434e-17,0.00336445855233369,-0.000245541996213086,0.00406569452709826,0.00444222190063501,0.00596865413642261,0.00173260346722279,0,-0.00179588474555423,0.0305567218985231,0.0318020781836488,0.0174444857052658,0.00570716494153867,-0.000251986274364624,0
8.88178419700125e-16,0.0971310994169565,0.0545709349967187,0.0161831674286845,-0.0318632374674452,-0.0314609377570374,0.138704625156817,-8.88178419700125e-16,0.107123177099655,0.00737787201634266,0.0193398899619326,-0.00137035093695825,-0.0414427689182142,-0.107123177099656,-4.44089209850063e-16,-0.0069678481531239,0.0105584879007383,-0.00101578794979273,0.00458192895604011,-0.00737787201634246,0.0069678481531239,-2.77555756156289e-17,0.00337328028094278,-0.000236528797714561,0.0036861681102377,0.00427200283377865,0.00591527356644217,0.00173554485749686,0,-0.00179589560930202,0.0306439795057849,0.0318060441831191,0.0174607816537877,0.00570601063717191,-0.000250775669354053,0
-4.44089209850063e-16,0.0971191651592234,0.054523120428986,0.0161776132945164,-0.0318708327742603,-0.0314604199066855,0.132905699619878,-8.88178419700125e-16,0.108227514024345,0.00798412067013343,0.0193923784461263,-0.00130607552491835,-0.0455820563473754,-0.108227514024346,-2.22044604925031e-16,-0.00676473115127418,0.0105962944838092,-0.000983909492309643,0.00332595225351512,-0.0079841206701335,0.00676473115127409,-4.16333634234434e-17,0.00338191740469523,-0.000227684795822802,0.0033175805971358,0.00410678779704002,0.00586329771412569,0.00173841314260526,-2.77555756156289e-17,-0.00179590625797282,0.0307230314691305,0.0318088500238366,0.0174764269184611,0.0057048688639344,-0.000249578332378486,0
4.44089209850063e-16,0.0971028532970153,0.0544726980616752,0.0161700452298774,-0.0318766382282694,-0.0314585520662649,0.127270584411177,0,0.109300786948793,0.00857440300288292,0.0194430149648035,-0.00124329622891306,-0.0496012632712844,-0.109300786948793,0,-0.00656639798426872,0.0106331318379898,-0.000952698983149425,0.00210316510357198,-0.00857440300288282,0.00656639798426845,-4.85722573273506e-17,0.00339034841551605,-0.000219035113326493,0.00295849994736519,0.00394603154327942,0.00581258238769955,0.00174120157292945,0,-0.00179591663548212,0.0307947252383729,0.031810590476942,0.0174914931042214,0.00570374598290257,-0.000248401018064892,0
-1.33226762955019e-15,0.0970826327635619,0.0544197373579833,0.0161606187508925,-0.0318810126656204,-0.0314554170637837,0.121761048471509,0,0.110350081761918,0.0091513943177306,0.0194917987844132,-0.00118198760112076,-0.0535274646025147,-0.110350081761917,0,-0.00637219994143656,0.0106690245599632,-0.00092217122627547,0.000906938402296453,-0.00915139431772992,0.00637219994143646,0,0.00339856843056877,-0.000210587764544676,0.00260699198867234,0.00378892859472721,0.00576294089852317,0.00174390899857149,0,-0.00179592671000207,0.03085985214655,0.0318113254707941,0.0175060590629151,0.00570264592761616,-0.000247247928366945,0
4.44089209850063e-16,0.0970587396071472,0.054364153960988,0.016149425411685,-0.0318842280173284,-0.0314510377305552,0.116337801184013,4.44089209850063e-16,0.111384330703795,0.00971838015064197,0.0195387802373879,-0.00112203668676392,-0.0573901003158919,-0.111384330703794,2.22044604925031e-16,-0.00618135385233343,0.0107040399486014,-0.000892297026659161,-0.000270171437804911,-0.00971838015064121,0.00618135385233347,3.38271077815477e-17,0.00340658451026772,-0.000202337790173768,0.00226086643967918,0.00363450982245564,0.00571415616528413,0.00174653830926022,2.77555756156289e-17,-0.00179593647490769,0.030919089411787,0.0318110806329016,0.0175202067919894,0.00570157001071303,-0.000246120479979406,0
1.33226762955019e-15,0.0970314625944084,0.0543062547498256,0.0161365759202852,-0.0318862021439483,-0.0314455656974419,0.111017718279494,0,0.112396832991782,0.0102731365749231,0.0195841331171334,-0.00106337765084241,-0.0611736070329563,-0.112396832991782,0,-0.00599434223483941,0.0107382217440966,-0.0008630144672086,-0.001423810451726,-0.0102731365749233,0.0059943422348396,2.08166817117217e-17,0.00341441818222634,-0.000194261013683465,0.00192143563820363,0.00348346560073175,0.00566637374387742,0.00174909775723096,-1.38777878078145e-17,-0.00179594599797973,0.0309725280274671,0.0318099294576797,0.0175338916898563,0.00570051151524642,-0.00024501142193567,0
0,0.0970012372771274,0.0542467257374475,0.016122262816157,-0.0318867003341556,-0.0314392537336947,0.105852824657103,8.88178419700125e-16,0.113372620943397,0.0108104181142941,0.0196280806310072,-0.00100600945761853,-0.0648359296692909,-0.113372620943397,-2.22044604925031e-16,-0.00581238423165509,0.0107715804565411,-0.000834266937372874,-0.00254268622391714,-0.0108104181142933,0.00581238423165541,3.46944695195361e-17,0.00342209204788851,-0.00018632969118515,0.00159208673853369,0.00333738830060253,0.00561994610392204,0.00175159619347388,1.38777878078145e-17,-0.00179595537642949,0.0310200702924657,0.0318080052540141,0.0175470035352282,0.00569946029044466,-0.000243909768030459,0
0,0.0969683848212015,0.0541862301509504,0.0161067199357121,-0.0318855727180685,-0.0314322728137677,0.100885988274645,-4.44089209850063e-16,0.114304908566202,0.0113272096829395,0.0196707665799503,-0.000949937774278986,-0.0683482531078714,-0.114304908566203,-4.44089209850063e-16,-0.0056363886526043,0.0108041134368266,-0.000806032224373032,-0.00361889794285112,-0.0113272096829396,0.00563638865260372,-5.55111512312578e-17,0.0034296187703901,-0.000178529180977403,0.00127519859460576,0.00319718863232736,0.00557513208656286,0.00175403863712928,0,-0.00179596465345518,0.0310618234342191,0.0318054163264356,0.0175594716157885,0.00569841177486619,-0.000242810572814944,0
-4.44089209850063e-16,0.0969330848287933,0.0541253012549863,0.0160901846791917,-0.0318828029925768,-0.0314246827551394,0.0961441331514079,-4.44089209850063e-16,0.115195989653751,0.0118231351991507,0.0197121869080172,-0.000895214187980997,-0.0716994048553725,-0.115195989653752,0,-0.00546682581593183,0.0108357836590725,-0.00077834859370185,-0.00464910884393931,-0.0118231351991509,0.0054668258159314,4.16333634234434e-17,0.00343699244289286,-0.000170867328586302,0.000971779978765228,0.00306295865020592,0.0055320563491571,0.00175642350755283,-2.77555756156289e-17,-0.0017959738058476,0.0310980641565748,0.0318022194941406,0.0175712770659814,0.00569736865332859,-0.000241716688424543,0
4.44089209850063e-16,0.0968955506863551,0.0540643333212238,0.0160728703646553,-0.0318785226966005,-0.0314165072080108,0.0916362681402048,4.44089209850063e-16,0.116051488325549,0.0122992427522357,0.0197522359364326,-0.000841940966524568,-0.0748909130725268,-0.116051488325548,2.22044604925031e-16,-0.00530376100461094,0.0108665295699781,-0.000751297125306749,-0.00563343090380122,-0.012299242752236,0.00530376100461097,-1.38777878078145e-17,0.00344419233321229,-0.000163368638834871,0.000681806630852252,0.00293434382523325,0.0054907219959021,0.00175874428794676,0,-0.00179598277789615,0.0311291957231866,0.0317984518794585,0.0175824431600139,0.0056963373892911,-0.000240635002566769,0
-1.77635683940025e-15,0.0968562023858968,0.054003604318166,0.0160549508808168,-0.0318730087267101,-0.0314078153445312,0.0873528914532602,-4.44089209850063e-16,0.116874671767602,0.0127567622217506,0.0197907824944208,-0.0007902560180022,-0.0779313800450316,-0.116874671767603,-2.22044604925031e-16,-0.00514691202588979,0.010896284746184,-0.000724972266700652,-0.00657411785697387,-0.0127567622217509,0.00514691202588956,-1.94289029309402e-16,0.00345118993746658,-0.000156064434382985,0.000404620987324689,0.00281093030041717,0.0054510321030191,0.00176099229581336,0,-0.00179599152394309,0.0311557290389489,0.0317941763434809,0.0175930223191569,0.00569532358384395,-0.000239571414566542,0
-4.44089209850063e-16,0.0968156158293869,0.053943272684208,0.0160365515072409,-0.0318666189796901,-0.0313987262907345,0.0832691776570098,0,0.117665655492232,0.0131967805343651,0.0198277347319649,-0.000740281478177396,-0.0808339462581373,-0.117665655492232,-2.22044604925031e-16,-0.00499573735227532,0.0109250045164591,-0.000699449080573178,-0.00747486600572768,-0.0131967805343648,0.00499573735227557,2.77555756156289e-17,0.00345795930758555,-0.000148981736309478,0.000139142568221853,0.00269235810668592,0.00541282017526551,0.00176316007884825,1.38777878078145e-17,-0.00179600002498276,0.0311782345020895,0.0317894864947531,0.0176030830776873,0.00569432999967678,-0.00023852873981367,0
0,0.0967742766269235,0.0538833357783539,0.0160177403855379,-0.0318596949202496,-0.0313893368283815,0.0793508839339414,6.66133814775094e-16,0.118425276669996,0.0136207905470871,0.0198630504772084,-0.000692072011189149,-0.0836172063025922,-0.118425276669995,4.44089209850063e-16,-0.00484955163993894,0.0109526803581583,-0.000674766483111711,-0.00834079977716462,-0.0136207905470866,0.00484955163993905,2.77555756156289e-17,0.00346448420418646,-0.000142137105421464,-0.000116137582491252,0.00257816279764497,0.00537588542381652,0.00176524344520226,0,-0.00179600827941952,0.0311972555196074,0.0317844616569891,0.0176126989877318,0.00569335744406818,-0.000237507718055308,0
4.44089209850063e-16,0.0967323368046187,0.0538235766342265,0.0159985175457482,-0.0318524823089472,-0.0313796424854922,0.0755593245218495,2.22044604925031e-16,0.119159330692477,0.0140314526638543,0.0198967270094068,-0.000645573187515902,-0.0863070263005787,-0.119159330692477,2.22044604925031e-16,-0.00470756538565675,0.0109793508501119,-0.000650918289744062,-0.00917879197083951,-0.0140314526638547,0.00470756538565711,1.11022302462516e-16,0.00347076294613113,-0.000135533569504576,-0.000363263154505633,0.00246754991404791,0.00534000530177228,0.0017672426020607,0,-0.00179601628297735,0.0312132283470417,0.0317791143502575,0.0176219461197421,0.00569240695959738,-0.000236509438320431,0
8.88178419700125e-16,0.0966895901777578,0.0537635852603393,0.0159788182097818,-0.0318451052113384,-0.0313695346387282,0.0718555803444525,-2.22044604925031e-16,0.11987843025664,0.014432429732687,0.0199287988057901,-0.000600622306203835,-0.0889342662054327,-0.11987843025664,0,-0.00456895593218953,0.011005099933199,-0.000627852461892342,-0.00999684770332862,-0.0144324297326874,0.00456895593218917,-5.55111512312578e-17,0.00347680896893432,-0.000129159903388243,-0.000604629107796698,0.0023594443362158,0.00530495573138774,0.00176916225677146,0,-0.00179602403033842,0.0312264473360927,0.0317733822000565,0.0176308970138296,0.00569147963951744,-0.00023553514494179,0
1.33226762955019e-15,0.0966463444373895,0.0537036653572223,0.0159587722913246,-0.0318375101559005,-0.0313591577723971,0.0682511599782814,-2.22044604925031e-16,0.120576928227526,0.0148215452013962,0.0199594325342467,-0.000557169005292346,-0.0914873463599624,-0.120576928227526,2.22044604925031e-16,-0.00443430683196522,0.0110299599767707,-0.000605523534725538,-0.0107913865849103,-0.0148215452013959,0.00443430683196572,0,0.00348264188853695,-0.000122996808672865,-0.000839144629615519,0.00225451888256002,0.0052709074544425,0.00177100922467003,6.93889390390723e-18,-0.00179603154200443,0.0312370758531194,0.0317673510904657,0.0176395057385528,0.0056905735511471,-0.000234582822504881,0
0,0.0966033055220985,0.0536446517406297,0.015938672165047,-0.0318295778536686,-0.0313488306833052,0.0647891237516445,2.22044604925031e-16,0.121239696108817,0.0151933055605995,0.0199888661100007,-0.000515249718785249,-0.0939289564287096,-0.121239696108817,0,-0.00430498410992808,0.0110539237893508,-0.000583902561882788,-0.0115519580846343,-0.0151933055605994,0.00430498410992827,1.94289029309402e-16,0.00348828036047147,-0.000117024503401425,-0.00106364282310256,0.00215443518213207,0.00523824864359635,0.0017727901393297,6.93889390390723e-18,-0.00179603885329233,0.0312453109418882,0.031761222604601,0.0176476650978264,0.00568968495122635,-0.000233648476005821,0
0,0.0965608907005242,0.0535872218412419,0.0159187816803885,-0.0318212142275689,-0.0313387410278563,0.0615053172909752,2.22044604925031e-16,0.12186024830796,0.0155446674620434,0.0200172408063723,-0.000474884454721991,-0.0962344797363313,-0.121860248307958,4.44089209850063e-16,-0.00418196138740123,0.0110769805638218,-0.000562981947981545,-0.0122715649360748,-0.0155446674620434,0.00418196138740143,1.66533453693773e-16,0.00349373538494402,-0.000111232931247984,-0.00127600404806513,0.00206010873065812,0.00520725314732909,0.00177450886210812,1.38777878078145e-17,-0.00179604596874371,0.0312513794500833,0.0317551216947466,0.0176553072069191,0.00568881365518792,-0.000232731952067078,0
-1.33226762955019e-15,0.0965191322713435,0.0535317674992719,0.0158992877200448,-0.0318123720329111,-0.0313288975636459,0.0584229081884218,-2.22044604925031e-16,0.122442506874094,0.0158756930697517,0.0200445439579047,-0.000436091753136525,-0.0983965653505579,-0.122442506874094,-2.22044604925031e-16,-0.00406564798533515,0.0110991064732449,-0.000542790104987922,-0.0129479415779419,-0.0158756930697514,0.00406564798533529,1.38777878078145e-16,0.00349900503501391,-0.000105627786272294,-0.0014755521496052,0.00197150298712407,0.00517802960136946,0.00177616481407167,6.93889390390723e-18,-0.00179605285229552,0.0312554747139787,0.0317490579045262,0.0176624172715523,0.00568796438294017,-0.000231838375574722,0
-4.44089209850063e-16,0.0964779450364521,0.0534784505659494,0.0158802996856831,-0.0318030950485915,-0.0313192337289137,0.0555493864927992,-4.44089209850063e-16,0.122994265812131,0.0161881184425741,0.0200706640806985,-0.000398912259406359,-0.100419837925354,-0.122994265812131,-4.44089209850063e-16,-0.0039559603486814,0.0111202660340775,-0.000523381314635252,-0.0135822759254625,-0.0161881184425738,0.00395596034868129,2.77555756156289e-17,0.00350407564783703,-0.000100226679131399,-0.00166265913989781,0.0018880653053346,0.00515054358675753,0.00177775383358675,0,-0.00179605946072894,0.0312577848282858,0.0317429913093822,0.0176690220528893,0.00568714291656447,-0.000230973958726288,0
-2.22044604925031e-16,0.0964374353246771,0.0534273152067661,0.01586186911954,-0.0317935497219257,-0.0313097339419335,0.0528755610851508,0,0.123519777345332,0.0164836881761357,0.0200954871143391,-0.000363413981128824,-0.102313671602275,-0.123519777345332,-4.44089209850063e-16,-0.00385243070070151,0.0111404251671288,-0.00050481245963363,-0.0141774604764323,-0.0164836881761362,0.00385243070070129,2.77555756156289e-17,0.00350892720602891,-9.50507786803834e-05,-0.00183820084417911,0.0018092414886164,0.00512465253664007,0.00177927033017106,0,-0.00179606578115213,0.0312585557052582,0.0317369231355087,0.0176751746225184,0.00568635155949415,-0.000230141071821843,0
-2.22044604925031e-16,0.0963979352158371,0.0533783350759514,0.0158440042500874,-0.0317839903507362,-0.0313004608738952,0.0503784701939107,8.88178419700125e-16,0.124018195694822,0.0167635772870607,0.0201189514239417,-0.000329667506509423,-0.104089051783658,-0.124018195694821,4.44089209850063e-16,-0.00375435421229842,0.0111595652113916,-0.000487123502688647,-0.0147371494380862,-0.0167635772870608,0.00375435421229875,0,0.0035135403214932,-9.01174725593812e-05,-0.00200326744245332,0.00173465995228579,0.00510015054147825,0.00178070945988913,0,-0.00179607183743299,0.031258090927085,0.0317309175548366,0.017680939889644,0.00568558817312903,-0.000229337233495497,0
2.22044604925031e-16,0.0963597260326574,0.0533313425932798,0.0158266601646992,-0.0317746608168636,-0.031291468665285,0.048026240217222,-4.44089209850063e-16,0.124488448025145,0.017029135758641,0.0201410486090163,-0.000297686279588927,-0.105761133577816,-0.124488448025145,0,-0.00366090492590843,0.0111777008054941,-0.000470320673458868,-0.0152660882091415,-0.0170291357586407,0.00366090492590865,1.11022302462516e-16,0.00351790474352598,-8.54342789949336e-05,-0.00215927153222791,0.00166391459061134,0.00507680360658848,0.00178206927434649,3.46944695195361e-18,-0.00179607766575616,0.0312566674013125,0.0317250367205056,0.0176863862929767,0.00568484896646182,-0.000228558215301211,0
4.44089209850063e-16,0.0963227445337622,0.0532859578666569,0.0158097310255034,-0.031765704977049,-0.0312827028487683,0.0457840088023764,2.22044604925031e-16,0.124934795676328,0.0172827195626681,0.0201617843959703,-0.000267393409730809,-0.107352008991433,-0.124934795676328,0,-0.00357127646115973,0.0111948812574814,-0.000454376892177422,-0.015770439083291,-0.0172827195626685,0.00357127646115957,-5.55111512312578e-17,0.0035220228949413,-8.09981201189136e-05,-0.00230806065672055,0.00159631169752567,0.00505438887671703,0.00178335128284805,0,-0.00179608328433644,0.0312544360442613,0.0317192603105921,0.0176915779265882,0.00568413216551678,-0.000227802078440087,0
1.11022302462516e-15,0.0962865403973976,0.0532416028212945,0.0157930540280093,-0.0317571483390653,-0.0312739870137035,0.0436174688430984,-2.22044604925031e-16,0.125367542344427,0.0175277898364996,0.0201811646090724,-0.000238622976329594,-0.108889673518586,-0.125367542344427,-4.44089209850063e-16,-0.0034847018586337,0.0112111877434184,-0.000439234382809239,-0.0162575297460043,-0.0175277898364998,0.00348470185863337,-5.55111512312578e-17,0.00352590923002255,-7.67960387993982e-05,-0.00245184485813265,0.00153083799846075,0.00503269978652993,0.00178456019457996,0,-0.00179608869261336,0.0312513998289378,0.0317134705155458,0.0176965736771333,0.00568343819250461,-0.000227069368167965,0
-2.22044604925031e-16,0.096251333033323,0.0531984844673983,0.0157767330430332,-0.031748940334259,-0.0312654260725509,0.0415326142621688,-2.22044604925031e-16,0.125782719307711,0.017762610382515,0.0201993434901191,-0.000211316896867819,-0.110367076651791,-0.125782719307712,-4.44089209850063e-16,-0.00340171125877653,0.0112266545115887,-0.000424851328597153,-0.0167248880466884,-0.0177626103825157,0.00340171125877586,-5.55111512312578e-17,0.0035295834227046,-7.28107069652983e-05,-0.00258986075832935,0.00146803655091596,0.00501189150945491,0.00178570205666665,3.46944695195361e-18,-0.00179609388264677,0.0312476994023297,0.0317077404358496,0.0177013351645373,0.00568276835737658,-0.000226361639007244,0
4.44089209850063e-16,0.0962178207882334,0.0531573533291083,0.0157610573171754,-0.0317410160627207,-0.0312573153343352,0.0395607645087735,-4.44089209850063e-16,0.126167351940623,0.0179823774708137,0.0202165577135083,-0.000185500176062448,-0.111755172322658,-0.126167351940624,-4.44089209850063e-16,-0.00332354438217175,0.0112412802762596,-0.000411204621225902,-0.0171641084744298,-0.017982377470814,0.00332354438217147,-1.66533453693773e-16,0.00353306416087856,-6.90255265498596e-05,-0.00271954051963825,0.00140936565609049,0.00499231537826362,0.00178678257651723,0,-0.00179609884836038,0.0312436230181451,0.0317022798285819,0.0177057730253911,0.00568212376018196,-0.000225680212640023,0
-2.22044604925031e-16,0.0961863520263759,0.0531187462911966,0.0157462480335306,-0.0317333008855645,-0.0312498077218619,0.0377284126129762,-6.66133814775094e-16,0.126516288393892,0.0181845569561787,0.0202329405170625,-0.000161175554179938,-0.113035498530417,-0.126516288393893,0,-0.00325104525481734,0.0112550634837678,-0.000398284178044328,-0.0175697804804731,-0.0181845569561785,0.00325104525481734,0,0.00353636392008627,-6.54310425428073e-05,-0.00283923629070421,0.00135559259007345,0.00497420918931043,0.00178780540166406,0,-0.00179610357032704,0.0312393783727948,0.0316971954694136,0.0177098314774794,0.00568150724071981,-0.000225028274156935,0
0,0.0961568279040761,0.053082876210518,0.0157324164146635,-0.0317257194536782,-0.0312428705248349,0.0360531278150358,6.66133814775094e-16,0.126833872840642,0.0183694450689127,0.0202484775842899,-0.000138330064386682,-0.11420394757182,-0.126833872840642,4.44089209850063e-16,-0.0031845312619958,0.0112679968271361,-0.000386101934825245,-0.0179405143763718,-0.0183694450689122,0.00318453126199575,-1.11022302462516e-16,0.00353948554401923,-6.20288157021642e-05,-0.00294853882232996,0.00130661888836479,0.00495765885742987,0.00178877106898105,-1.73472347597681e-18,-0.00179610800999563,0.0312350333084656,0.0316924553606952,0.0177134980565228,0.00568092418096666,-0.000224411726298279,0
0,0.0961289834097023,0.0530497234787866,0.0157195806730199,-0.0317182514661301,-0.0312363899867876,0.0345406274362856,6.66133814775094e-16,0.127127961569014,0.0185389178589528,0.0202630645712567,-0.000116961431309459,-0.115266000073496,-0.127127961569014,0,-0.00312383225083979,0.0112800666812185,-0.000374685762363214,-0.0182778445747857,-0.0185389178589528,0.00312383225083995,5.55111512312578e-17,0.00354242205497263,-5.882903038118e-05,-0.00304793318058989,0.00126186161333852,0.00494261073741853,0.00178967738880909,-1.73472347597681e-18,-0.00179611213787251,0.0312305887373407,0.0316879695317666,0.0177167963857721,0.00568037895753848,-0.000223835307512021,0
-2.22044604925031e-16,0.0961027284431324,0.0530191867585967,0.0157077068567226,-0.0317109780401554,-0.0312303041043978,0.0331834980506369,0,0.127402749933813,0.01869478446759,0.0202766045121052,-9.7092012154576e-05,-0.116229893347774,-0.127402749933813,4.44089209850063e-16,-0.00306842169159838,0.0112912608482203,-0.000364063008635895,-0.0185845314922603,-0.0186947844675894,0.00306842169159877,1.11022302462516e-16,0.00354516050574577,-5.58441040236501e-05,-0.00313826561319047,0.00122076054143803,0.00492891158931434,0.00179052100112228,-1.73472347597681e-18,-0.00179611596186052,0.0312260881704575,0.0316836966403049,0.0177197717494708,0.00567987122786207,-0.000223298554250295,0
8.88178419700125e-16,0.0960782142425352,0.0529911420990714,0.0156967328876971,-0.0317040619811102,-0.0312246368831086,0.0319631180313252,4.44089209850063e-16,0.127657089545042,0.0188381821976158,0.0202890609901396,-7.87504845587428e-05,-0.117103887068779,-0.127657089545042,0,-0.00301756777960049,0.0113015801980638,-0.000354245216798166,-0.0188637013597935,-0.018838182197616,0.00301756777960088,5.55111512312578e-17,0.00354768820384632,-5.3082710070318e-05,-0.00322047581460967,0.00118296923347552,0.00491635367000715,0.00179129917117639,-1.73472347597681e-18,-0.00179611952627868,0.0312216447122644,0.0316796722992797,0.0177224785941232,0.0056793958927025,-0.000222795800482234,0
1.33226762955019e-15,0.0960555906687257,0.0529653750194112,0.0156865636158086,-0.0316976664019064,-0.0312194179949623,0.0308538798668021,0,0.127889001563304,0.0189701692598372,0.0203004399737181,-6.19326270241416e-05,-0.117898816325916,-0.127889001563304,-4.44089209850063e-16,-0.00297049206913691,0.0113110462379051,-0.000345222055892158,-0.0191190909714415,-0.0189701692598373,0.00297049206913685,-1.11022302462516e-16,0.00354999849939686,-5.05468721932467e-05,-0.00329568010605151,0.0011481775549963,0.00490472008526161,0.0017920110249257,0,-0.00179612288318294,0.0312173627773542,0.0316759418900334,0.0177249712487645,0.00567894668025226,-0.000222320137310161,0
-4.44089209850063e-16,0.0960347090130724,0.0529414900159728,0.0156770561559201,-0.0316918686974397,-0.031214581212839,0.0298281787867483,-4.44089209850063e-16,0.12810130429393,0.0190926385083339,0.0203107483604699,-4.65633623485395e-05,-0.118631436314233,-0.128101304293931,-4.44089209850063e-16,-0.00292647064760132,0.0113197061429409,-0.000336958978039537,-0.0193555691698178,-0.0190926385083343,0.00292647064760132,1.11022302462516e-16,0.0035520947866528,-4.82306727673798e-05,-0.00336534256814473,0.00111583469128551,0.00489381336058484,0.0017926582767804,0,-0.00179612606561987,0.0312132384683883,0.0316724727194733,0.0177272992232645,0.00567851959813326,-0.000221867217709448,0
2.22044604925031e-16,0.0960150724485267,0.0529189203840756,0.0156680264175328,-0.0316866421628412,-0.0312099464212638,0.0288594542159274,4.44089209850063e-16,0.128302641097592,0.0192084494359417,0.0203199793633808,-3.24966116918013e-05,-0.119323981074163,-0.128302641097591,0,-0.00288487134046678,0.0113276300991498,-0.000329401122620698,-0.0195789795569862,-0.0192084494359413,0.00288487134046678,5.55111512312578e-17,0.00355399048732408,-4.61213077815326e-05,-0.00343123136477646,0.00108510688662649,0.00488346511075238,0.00179324504155152,4.33680868994202e-19,-0.00179612907726096,0.0312091399638897,0.031669136410472,0.0177295060919337,0.00567811435192278,-0.000221436809756614,0
-2.22044604925031e-16,0.0959967341037258,0.0528977112247611,0.0156595160019515,-0.0316819211721038,-0.0312055576825001,0.0279480314358016,-4.44089209850063e-16,0.128491362134138,0.0193167128324028,0.02032827284921,-1.96418444788904e-05,-0.119974594041601,-0.128491362134138,-4.44089209850063e-16,-0.00284600961057846,0.0113348682788903,-0.000322495588778171,-0.0197883494854858,-0.0193167128324029,0.00284600961057818,-1.11022302462516e-16,0.00355570736645616,-4.41997593079724e-05,-0.0034930327813586,0.00105629107994306,0.00487377252733231,0.00179377748598381,-4.33680868994202e-19,-0.00179613190274531,0.0312051318854168,0.0316659683217047,0.01773156852881,0.00567773307775787,-0.000221031399228799,0
-2.22044604925031e-16,0.095980152135603,0.0528783306671374,0.0156517156326756,-0.0316776423899849,-0.0312016168254701,0.0271113481640834,8.88178419700125e-16,0.128658633445697,0.0194142112342641,0.0203358532128135,-7.95994108937492e-06,-0.120565455767931,-0.128658633445697,0,-0.00281070724890808,0.0113414524504205,-0.000316197394158113,-0.0199784264556598,-0.0194142112342637,0.00281070724890808,-1.11022302462516e-16,0.00355726876443402,-4.24458271896522e-05,-0.00354912452462475,0.00103038385775568,0.00486497355862537,0.00179426212083236,-4.33680868994202e-19,-0.00179613452309495,0.0312014331935323,0.0316631228181526,0.0177334279614388,0.00567737839774574,-0.000220654015533284,0
-1.11022302462516e-15,0.0959655179950674,0.0528610805551053,0.0156447547367851,-0.0316737302705401,-0.0311982193931521,0.0263644784270299,4.44089209850063e-16,0.128801019898074,0.0194993003880919,0.0203428548343916,2.59439489225244e-06,-0.121085544670434,-0.128801019898074,0,-0.00277950297842411,0.0113474085954257,-0.000310474312286146,-0.020145923210114,-0.0194993003880914,0.00277950297842428,1.66533453693773e-16,0.00355869183914764,-4.08454800319702e-05,-0.00359849451770911,0.00100789914643461,0.00485722449330435,0.00179470361356935,-6.50521303491303e-19,-0.0017961369168069,0.0311981672061614,0.0316606691468179,0.0177350477750642,0.00567705332697799,-0.000220308076412379,0
2.22044604925031e-16,0.0959526693391701,0.0528460157007806,0.0156386715600492,-0.0316701010360321,-0.0311953173173394,0.0257176156651043,0,0.128922121106056,0.0195723964376482,0.0203492835762531,1.2066602760985e-05,-0.121533580929812,-0.128922121106056,0,-0.00275255887528614,0.0113527509438032,-0.000305315102427706,-0.0202903038146244,-0.019572396437648,0.00275255887528658,5.55111512312578e-17,0.00355998435040539,-3.93941655228436e-05,-0.00364098602083727,0.000988715931511651,0.00485057225896452,0.00179510385542036,-1.0842021724855e-19,-0.00179613905769465,0.0311953169711583,0.0316585607426538,0.0177364203521865,0.00567676157778807,-0.000219997698546637,0
8.88178419700125e-16,0.0959413076359672,0.0528330273435498,0.0156334347906915,-0.0316667064631597,-0.031192798120641,0.0251738710634584,-4.44089209850063e-16,0.129028239569914,0.0196350749542202,0.0203550665232939,2.04851884935131e-05,-0.121914618379741,-0.129028239569914,0,-0.00272969017699509,0.0113574831122687,-0.000300725126818335,-0.0204130035946454,-0.0196350749542203,0.00272969017699481,0,0.0035611451461412,-3.80950962629578e-05,-0.00367705013608478,0.000972354195028492,0.00484496366351506,0.00179546230944087,4.33680868994202e-19,-0.00179614092767842,0.0311927973887184,0.0316567027993409,0.0177375629652622,0.00567650585369173,-0.000219725833858431,0
1.33226762955019e-15,0.0959312731285298,0.0528219714055349,0.0156289809821519,-0.0316635737879478,-0.0311905914517547,0.024728084673565,0,0.12912286811947,0.0196888236471322,0.0203601323375664,2.78525529280316e-05,-0.122234905892373,-0.12912286811947,0,-0.00271045896342903,0.011361604893326,-0.000296712901232787,-0.0205161677061573,-0.0196888236471323,0.0027104589634292,5.55111512312578e-17,0.00356216706774298,-3.6954101863107e-05,-0.00370734700536747,0.000958360120771543,0.00484027423275954,0.00179577721179233,-2.16840434497101e-19,-0.00179614254054487,0.031190559015013,0.0316550413229119,0.0177385075450084,0.0056762846379963,-0.000219490774971631,0
-8.88178419700125e-16,0.095922618068355,0.0528127216334568,0.0156252377333126,-0.0316607971715452,-0.0311887018624235,0.0243678224168774,-4.44089209850063e-16,0.129205108417594,0.0197345102962565,0.0203644554016544,3.41568922412883e-05,-0.1224997407365,-0.129205108417594,0,-0.00269429731578219,0.0113651210207708,-0.000293279204079511,-0.0206019700856382,-0.0197345102962574,0.00269429731578191,1.11022302462516e-16,0.00356304178867739,-3.59752903182353e-05,-0.00373253217700556,0.000946473275227254,0.00483634463976798,0.00179604690058365,4.33680868994202e-19,-0.00179614393838111,0.0311886213416716,0.0316535909074623,0.0177392914503358,0.00567609258951407,-0.000219286620957604,0
0,0.0959154288240689,0.0528051146397117,0.0156221193080048,-0.0316584773186435,-0.0311871500421737,0.0240762678627435,0,0.129272950710304,0.0197728075561057,0.020368043869619,3.94035496471545e-05,-0.122715426432847,-0.129272950710304,0,-0.00268062524890489,0.0113680485799952,-0.000290411196039564,-0.0206728079774775,-0.0197728075561055,0.002680625248905,0,0.0035637647107068,-3.51584891744583e-05,-0.00375332146682335,0.000936500181261737,0.00483301463070861,0.00179627087024634,4.33680868994202e-19,-0.00179614516963282,0.0311870150033451,0.0316523832747303,0.017739950950693,0.00567592342138279,-0.000219106461105012,0
-4.44089209850063e-16,0.0959095928628149,0.0527988704937981,0.0156195134048318,-0.0316566566634486,-0.0311858914919025,0.0238355756354459,4.44089209850063e-16,0.129327698367031,0.019804912670168,0.0203709044000351,4.36435269737245e-05,-0.122892194884341,-0.129327698367031,4.44089209850063e-16,-0.0026689291068509,0.0113704207304623,-0.000288081809165952,-0.0207317745446119,-0.0198049126701687,0.00266892910685107,-1.11022302462516e-16,0.00356433816948315,-3.44986816592785e-05,-0.00377064457377618,0.000928095655269838,0.00483014490259524,0.00179645028613462,0,-0.00179614626374731,0.0311857007670122,0.031651396077447,0.0177405182970959,0.00567577328691726,-0.000218946102424122,0
1.11022302462516e-15,0.0959047416846424,0.0527935885697779,0.0156172822218985,-0.031655301110429,-0.031184797254765,0.0236289981303837,0,0.12937511244852,0.0198327256579862,0.0203730295897588,4.69777725808918e-05,-0.123044341429776,-0.12937511244852,4.44089209850063e-16,-0.00265878580588375,0.0113722857192453,-0.000286250941074595,-0.0207826453085328,-0.0198327256579863,0.00265878580588352,1.11022302462516e-16,0.00356477157518081,-3.39862393439194e-05,-0.0037856445653458,0.000920707580544147,0.00482762365688456,0.00179658796356443,0,-0.00179614722769901,0.0311845507011516,0.0316505339439923,0.0177410205453612,0.0056756412752621,-0.000218804613349777,0
-6.66133814775094e-16,0.0959007064978403,0.0527891155956639,0.0156153791868907,-0.0316543168137144,-0.0311838395376653,0.0234512954544536,0,0.129416556997228,0.0198566676015171,0.0203745527472163,4.95601438221804e-05,-0.123175884661177,-0.129416556997228,4.44089209850063e-16,-0.00265011323211306,0.0113737268388823,-0.000284835942242712,-0.0208264185785633,-0.0198566676015163,0.00265011323211356,1.66533453693773e-16,0.00356509099278751,-3.35955563713353e-05,-0.00379860198725742,0.000914254681525079,0.00482544215035666,0.00179669141479335,0,-0.00179614806782641,0.0311835390009499,0.0316497758484655,0.0177414576978827,0.00567552644192382,-0.000218681139920074,0
8.88178419700125e-16,0.0958975329100178,0.0527855039264875,0.0156138271627531,-0.0316536009858912,-0.0311830813197107,0.0233047099355937,0,0.129449195682937,0.0198759965901592,0.0203756922176783,5.15534253344718e-05,-0.123282775041929,-0.129449195682938,-4.44089209850063e-16,-0.00264301837628045,0.0113748401097822,-0.000283736647965327,-0.0208620582565737,-0.0198759965901592,0.00264301837628012,5.55111512312578e-17,0.00356532938354792,-3.32940650332736e-05,-0.00380916684874247,0.00090901794140904,0.0048236477815937,0.00179677013962569,8.67361737988404e-19,-0.0017961487935387,0.03118273280935,0.0316491714455359,0.0177418148475572,0.00567542737349669,-0.000218574362187196,0
-4.44089209850063e-16,0.0958952089786484,0.0527827730678567,0.0156126357113495,-0.0316530681439489,-0.0311825537423909,0.0231913338348571,0,0.12947176799506,0.0198903824773842,0.020376601727194,5.30848391000482e-05,-0.123362673816952,-0.129471767995061,0,-0.00263754996057752,0.011375698543687,-0.000282877402195236,-0.0208889944445334,-0.0198903824773847,0.0026375499605773,5.55111512312578e-17,0.00356551128036475,-3.3057397246683e-05,-0.00381714154661429,0.000905139690136491,0.00482226736573362,0.00179683122239632,-8.67361737988404e-19,-0.00179614941309535,0.0311821666850537,0.0316487435787639,0.017742082935756,0.00567534285157845,-0.000218483115470125,0
4.44089209850063e-16,0.0958936059406679,0.0527808696766714,0.0156117896203989,-0.0316526522051517,-0.0311822280185139,0.0231123504055617,0,0.129485899327999,0.0199002127953292,0.0203773378997578,5.42354350838714e-05,-0.123416687768624,-0.129485899327999,0,-0.00263367099569489,0.0113763438947703,-0.000282218115391863,-0.0209075380986448,-0.0199002127953296,0.00263367099569495,5.55111512312578e-17,0.00356565004804632,-3.28731805357974e-05,-0.00382261249789693,0.000902525192268179,0.00482129741158137,0.00179687838255381,8.67361737988404e-19,-0.00179614992203758,0.0311818133831436,0.0316484666966829,0.0177422625833832,0.00567527343107488,-0.000218408098819456,0
2.22044604925031e-16,0.0958925443705454,0.0527796915560337,0.0156112536883581,-0.0316523163643119,-0.0311820431125875,0.0230672417309578,0,0.129494705656228,0.0199063137722848,0.0203778835088411,5.5041950669299e-05,-0.123448314232713,-0.129494705656228,0,-0.00263126202806374,0.0113767905652655,-0.000281747584554903,-0.0209186505916661,-0.019906313772285,0.00263126202806346,-5.55111512312578e-17,0.00356574875924504,-3.27387806575707e-05,-0.0038258754414587,0.000900930382475253,0.00482070630449914,0.00179691244551471,-4.33680868994202e-19,-0.00179615031744878,0.0311816116180902,0.0316482890950562,0.0177423619430298,0.0056752195185894,-0.000218349778296267,0
-6.66133814775094e-16,0.0958919117934136,0.0527791427413284,0.015610988913352,-0.0316520652232775,-0.0311819526385491,0.0230531887993504,-4.44089209850063e-16,0.129500330492657,0.019909442331759,0.0203781967783243,5.55059207365538e-05,-0.123461184041478,-0.129500330492657,0,-0.00263013740909557,0.0113770369445487,-0.000281470977573584,-0.0209234403683874,-0.0199094423317594,0.00263013740909529,0,0.00356580403975859,-3.26571844427304e-05,-0.00382727290372701,0.000900123639195668,0.00482044107209719,0.00179693249855428,0,-0.00179615060215288,0.031181513857979,0.0316481741495018,0.0177423942917216,0.00567518078050044,-0.000218307765707748,0
-4.44089209850063e-16,0.0958917110509652,0.0527791604542451,0.0156109614686988,-0.0316519391056702,-0.0311819491480683,0.0230651926150879,0,0.129502773370924,0.0199099956645399,0.0203782481927433,5.56100251638547e-05,-0.12345778518159,-0.129502773370925,0,-0.00263007942101767,0.0113770766565269,-0.00028139652635728,-0.0209228313341137,-0.0199099956645397,0.00263007942101762,5.55111512312578e-17,0.00356581005834045,-3.26324795482114e-05,-0.00382708707627016,0.000899980988973822,0.0048204393236802,0.00179693712688553,0,-0.0017961507915401,0.031181511387837,0.0316481198674361,0.0177423740480865,0.00567515519536554,-0.000218279809055422,0
-4.44089209850063e-16,0.0958919947474768,0.0527796920923442,0.015611139604139,-0.0316519872657728,-0.031182044624805,0.0230969526473481,0,0.129500961122858,0.0199081671257884,0.0203780282027863,5.53401304865808e-05,-0.123440137110811,-0.129500961122858,-4.44089209850063e-16,-0.00263086769295917,0.0113769078581405,-0.000281527166519524,-0.0209176518437301,-0.0199081671257886,0.00263086769295878,-5.55111512312578e-17,0.00356576230422312,-3.26670616203062e-05,-0.00382556672663181,0.000900443458604979,0.00482063888016549,0.00179692535341948,4.33680868994202e-19,-0.00179615090514762,0.0311816148430404,0.0316481419136615,0.0177423150208912,0.00567514016567883,-0.000218263035052013,0
