Cqdot1,Cqdot2,Cqdot3,Cqdot4,Cqdot5,Cqdot6
-0.001393078973283,-0.000485780107280842,-0.000324766637185281,-9.6835687449115e-05,-0.000167866660530288,6.83825933256443e-06
-0.00155274613957013,-0.000147590854910229,-0.000107289887700368,-3.36700431942116e-05,-0.000117284495979642,2.97523726988658e-07
-0.00114756333590971,0.000795976009121846,7.13652051560487e-05,7.43558149021717e-05,5.00882381583995e-05,9.07158972807132e-05
-0.00030312560402046,0.00113082019122324,5.26694536340244e-06,8.47162340253949e-05,0.000125768269334024,0.000157244196259287
-3.98133327308425e-05,0.000729907061964963,0.000150332041388257,6.88368766947889e-05,7.64930986431401e-05,6.62817994415699e-05
4.54344311919819e-05,2.2128987670289e-05,-6.36835212985964e-05,-3.07235431173947e-06,1.16311182797489e-05,1.83800096170694e-05
0.000132588192493621,-0.000306488566567009,-0.000318350870794681,-5.60478798368735e-05,-1.20091314724702e-05,3.39922310993446e-05
2.05185271833219e-05,-0.00010690085599474,-0.000103711496934888,-2.13714855344382e-05,-1.16256565942004e-05,8.61965874920934e-06
-1.63062980806927e-06,1.91778228710859e-05,-8.06661632690719e-05,-1.6081645024979e-05,-1.08345913459402e-05,1.85726028140154e-05
4.33666374883845e-05,-5.85825595733613e-05,-0.000227685512683706,-3.75893992673459e-05,-8.3353854771818e-06,4.24932214289075e-05
-2.40210203408253e-05,-4.33757748908858e-05,-7.76693273394358e-05,-1.25690186688066e-05,-2.57650931441596e-06,1.12765976739704e-05
6.0739985058067e-05,2.39890558121347e-05,-3.2684952605333e-05,-7.47881804691319e-06,-1.62139017563078e-06,1.66290645278178e-05
0.000229683118052604,0.000105637275904846,-0.000128564261567377,-2.51610336531316e-05,-2.72362056376102e-06,5.86686182202367e-05
0.00017030149702979,0.000145394613826233,-7.21642620193919e-05,-1.71950787687392e-05,-2.99301260159768e-06,5.49135694224434e-05
4.419879229145e-05,-9.94372493339224e-05,-0.000208387109030372,-4.21453024469498e-05,-1.07611698528143e-05,5.56609386560547e-05
2.78604412078387e-05,-0.0003670002062508,-0.000469522185226889,-8.83565667624264e-05,-1.93204860507491e-05,8.72501539918025e-05
0.0001299986064347,-0.00014980890276628,-0.000404274708752705,-7.89734661363339e-05,-1.10340484832335e-05,0.000117510303212387
0.000452933999729899,0.000415293109676917,-0.000240979312560619,-5.04970339266775e-05,1.15036124644127e-05,0.000181152027669329
0.00078565473394554,0.000807634064705742,-0.000235102897572226,-4.82511652270534e-05,2.90693713264059e-05,0.000255707044241382
0.000747735842709707,0.00072437300224526,-0.000296034249674282,-6.14301009709273e-05,2.73727134201965e-05,0.000266182432654194
0.000450247435956674,0.000242696616298277,-0.000504594589981977,-0.000101981166421294,8.61466139864342e-06,0.000245523574574857
0.000243674375302705,-0.000140231563691251,-0.000737417664242734,-0.000144953006094906,-6.88818170562757e-06,0.000245539920052829
0.000296129098709796,-3.84573622040918e-05,-0.000741908126535407,-0.000148508717214113,-3.40730385542214e-06,0.000272667493446233
0.000620895506151298,0.000411479515936231,-0.000630230125118647,-0.000132384142712827,1.49371713754447e-05,0.000335514544875792
0.000982968877074386,0.000789002575137254,-0.000632164788223033,-0.00013629373295726,3.10800056806341e-05,0.000420628403066226
0.00104128631276335,0.000799947418985703,-0.000782558704691017,-0.000167713827902594,3.13708491838233e-05,0.000483202964505991
0.000807424688622715,0.000461330694283335,-0.00109146821562511,-0.000227375633835181,1.64986911870089e-05,0.00052632121510765
0.000618925988471686,0.000149177431432723,-0.00143692188820221,-0.000292173688816288,3.64021225354901e-06,0.000582702573542537
0.000759170134109199,0.000282645465301434,-0.00157480641288021,-0.000319729781653899,1.16451380061042e-05,0.000661167060107326
0.00123521427174644,0.000821669531831604,-0.00152936451612451,-0.000313799231677625,3.95798781231711e-05,0.000760491352529868
0.00170843030804413,0.00130672668732557,-0.00152181055388523,-0.000313213399058265,6.64671897393325e-05,0.000858043448218382
0.0017648455144188,0.00135491792093079,-0.00165683307333175,-0.000338697605704208,7.2344748254705e-05,0.000914254767471312
0.00128580982106374,0.000862502429383349,-0.00204014514730977,-0.000410409092744035,4.96644176842982e-05,0.00094575999822577
0.000724752053817834,0.000247817604172029,-0.00257646598077965,-0.000509013050039087,1.95568151940273e-05,0.00100234200656679
0.000615610116820209,0.000127731391018848,-0.00293298701304145,-0.00057589684502668,1.33876430711416e-05,0.00110379845238884
0.00111252819464447,0.000674068379068471,-0.0029902765273806,-0.000589922445524804,4.08977383844246e-05,0.00124709995211736
0.00184112536625514,0.0014156886476917,-0.00300517332129813,-0.000594112425076676,8.00923422611642e-05,0.00141406325464999
0.00215775712489497,0.00173956976577005,-0.00321422050501674,-0.000630952686373421,9.94378632152883e-05,0.0015560285409858
0.0018099548345285,0.00145169836264869,-0.00366194295285505,-0.000709691358107889,8.76065158819696e-05,0.00164888740204305
0.00121236119264356,0.000937447720594786,-0.00420286844405959,-0.000803524571674874,6.39426825101014e-05,0.00172210724112354
0.00097274864212471,0.000808397114272941,-0.00453939739896825,-0.000860080314642186,5.9687464925573e-05,0.00180568840323125
0.00130985025918839,0.00126893152924801,-0.00455301815237652,-0.000859144251765809,8.58529450012795e-05,0.00190531581474418
0.00150284025804748,0.00158499030010839,-0.0046602203252144,-0.000874565952619893,0.000102862835589433,0.00200689722356839
0.00105277615794463,0.00132731946787712,-0.00506515119836726,-0.000942838116910122,8.67386239190027e-05,0.00208858458340355
0.000185747490845323,0.00069778341198945,-0.00569134542174066,-0.00104883295526678,4.92001107404993e-05,0.00216437235052835
-0.000455023308691072,0.000285332147665907,-0.00624446499213716,-0.00114013071614416,2.3247720607758e-05,0.00226000406748572
-0.000451009366258859,0.00049826664734165,-0.00647616414856134,-0.00117431904270274,3.14672861775472e-05,0.00238174305891137
2.71472105057846e-05,0.00114856334836766,-0.00648004339020636,-0.0011670944507223,6.46684468162961e-05,0.00252025082596075
0.000368658104933139,0.00166253837754948,-0.00654518476250043,-0.00116838350831722,9.20173946154998e-05,0.00264898045119544
9.88728067090605e-05,0.00164807778113052,-0.00683901921677599,-0.00120867968255936,9.10037735984623e-05,0.00274143339344513
-0.000648718497493039,0.00123155535422836,-0.00729848958569046,-0.00127727730440214,6.75931242844693e-05,0.00280291044628667
-0.00130228368023921,0.000910914207175484,-0.00767952515347514,-0.00133159427531943,4.86792905606687e-05,0.00285768371413475
-0.00211592484117906,0.000480213955654563,-0.00811624958833268,-0.00139436472157028,2.03938320769217e-05,0.0029029445630705
-0.0029711630748297,4.24027131740168e-05,-0.00856652442822337,-0.00145800068139193,-1.14946136766658e-05,0.00294620030605963
-0.00358410528423425,-0.00015431434521207,-0.00888759242785597,-0.0014986234616014,-3.19990800461412e-05,0.00299572667043124
-0.003869968855712,-4.51125204479208e-05,-0.00903329228598171,-0.00150901946997797,-3.60427542818939e-05,0.00305293093191294
-0.00401112222242039,0.00018788815119275,-0.00910400774437226,-0.00150623836312377,-3.22350145873507e-05,0.00311341375803875
-0.00427680115172535,0.00029604908974723,-0.0092373344010952,-0.00151349594653832,-3.34824277265638e-05,0.00316990843977538
-0.00476601075022742,0.000193163406775998,-0.00947795520533323,-0.00153839118422724,-4.45308333399397e-05,0.00321858462421376
-0.00532776801338031,1.50334793560525e-05,-0.00974705141956678,-0.00156775486369307,-5.84996705351032e-05,0.0032621016697808
-0.00572787461457835,-2.82929561639111e-05,-0.0099202287977509,-0.00158097337894038,-6.45887582844118e-05,0.00330421581225282
-0.00587950066621712,0.000140146099425476,-0.00994898938130206,-0.00157013032746124,-5.90562582813009e-05,0.00334531053406328
-0.00687817960844672,-0.000394838736012648,-0.0103513572953584,-0.00161923554805662,-9.53092669580408e-05,0.00334654647359001
-0.00860443671968492,-0.00155638126852242,-0.0111242766863942,-0.001725745263397,-0.000168628741712723,0.00331974020642456
-0.0100820030493645,-0.00249028326891843,-0.0117692523308908,-0.00180908908522937,-0.000231433560603345,0.00329105558743725
-0.0106161053004339,-0.00252073012856391,-0.0118125961340747,-0.00179755102125766,-0.000247469057224003,0.00326200060942017
-0.0103596130418682,-0.00182164343287239,-0.0113612270049499,-0.00170977680421774,-0.000224380727619156,0.00323537320350775
-0.0101105069202521,-0.00118965488385747,-0.0109605047628758,-0.00163115260258294,-0.000202079553065129,0.00321691170460914
-0.0105524100513477,-0.001237025525616,-0.0110065089106066,-0.00162414797339666,-0.000212546917031167,0.00320274995040981
-0.0116020963036445,-0.00187774348511249,-0.0114550148729016,-0.00168072795432007,-0.00025177638975224,0.00319462237114188
-0.0125606671279561,-0.00247567069548715,-0.0118976116553728,-0.00173596409116869,-0.00028726847256183,0.0031954350502259
-0.0128439671371154,-0.00246769836642402,-0.0119338490129797,-0.00172854402119049,-0.000290915393717062,0.00319814736550683
-0.0135726074183067,-0.00281938220747513,-0.0121729501353056,-0.00174898671795381,-0.00031668662805788,0.00317098948765415
-0.014960442671732,-0.00374749966685339,-0.0127893541108617,-0.00182272441384896,-0.000375279113378729,0.00312015788645281
-0.0163552037547516,-0.00467194813317162,-0.013408837373206,-0.00189404191921711,-0.000435219169975104,0.00305898893174061
-0.0171035402774042,-0.00494417083502441,-0.0135359533388435,-0.00189294954790537,-0.000463130413566964,0.00298146775297048
-0.0171290704169582,-0.00450169214442298,-0.0131020166757367,-0.00181263570721858,-0.000454918384608885,0.00288819811094088
-0.0169341370250624,-0.00389949737455453,-0.0125478500113099,-0.00171815612553968,-0.000436495717395,0.00280179851432072
-0.0171121834014984,-0.00373270712229568,-0.0123477699425154,-0.00167814484880546,-0.000436799283538028,0.00274293513099799
-0.0177931306100318,-0.0041117541148723,-0.0126017774690681,-0.00170585480561306,-0.000461749912403706,0.00271621952402845
-0.0185683332040472,-0.00463744859034643,-0.0130076946238138,-0.00175619071041678,-0.000492205955352404,0.00270943307724103
-0.0189413542666639,-0.00481018086896379,-0.0131511883412898,-0.00176958712395902,-0.000504284559672219,0.00269972140222519
-0.0198190263335203,-0.00543460855071665,-0.013648542278021,-0.00182730612532348,-0.000541162672105092,0.0026822070168353
-0.0211509554739062,-0.00648157589717702,-0.0145130972113918,-0.00192956170418208,-0.000601288058929117,0.00266422643627418
-0.0222322198947129,-0.00725014775106914,-0.0151687133563367,-0.00199832682635975,-0.000649698210993699,0.00262893472458037
-0.0225832728401376,-0.00720818866544981,-0.0151027388986675,-0.00196789939671208,-0.000660404063535167,0.00254692569584869
-0.0223383579346006,-0.00653238786135901,-0.014444072450863,-0.00185975027651823,-0.000640439460605519,0.00242916732002807
-0.0220716776330234,-0.00589642420507319,-0.0138208023148256,-0.00176092656253804,-0.000620422901109599,0.00232568671622502
-0.0222630664709644,-0.00580555425616502,-0.0137211649433608,-0.00173779404853411,-0.000624499220359828,0.00227507997759269
-0.022867731117878,-0.00620427087864073,-0.0141149890492194,-0.00178510552674418,-0.000650624722333112,0.00227606463349406
-0.0234241316393069,-0.00662085984288519,-0.0145467259940952,-0.00184053664013512,-0.000676445444325033,0.00228999540523334
-0.0235398127551281,-0.00663927463829594,-0.0145754383327601,-0.00184482276315569,-0.000681962751875029,0.00227450675699281
-0.0240789990270835,-0.00707364620167139,-0.0150657981673219,-0.00190257969495247,-0.000709495091068782,0.00228933658303609
-0.0250726864921913,-0.00796991610865483,-0.0161313772121869,-0.00202726966240066,-0.000761968046557565,0.00235415050377519
-0.0258802395415696,-0.00864994322452439,-0.0170868501419466,-0.00213120373577246,-0.000806242958344028,0.00241986620341283
-0.0260066487857973,-0.0085083902327221,-0.0172041683902513,-0.00212355951237221,-0.000812550922761751,0.00241484710769513
-0.0255241398772341,-0.0076433223891641,-0.0165029471056579,-0.00201122339817122,-0.000783872868671667,0.002334079809164
-0.0249545083806115,-0.00671942278269233,-0.0157075409831127,-0.00189150307602209,-0.000751036602124167,0.00224937047836338
-0.0248038194566149,-0.0063105407704942,-0.0154932232012626,-0.00185399516782915,-0.00074268582611374,0.00223125935750146
-0.0251154890769065,-0.00645839903016343,-0.0159319620789284,-0.00190827313951256,-0.000761927755538461,0.0022871824919628
-0.0254985983184941,-0.00676462606163719,-0.0165274970604434,-0.00198941821847409,-0.000788514598703535,0.002359192986225
-0.0255544311556886,-0.00680863004393073,-0.0166989286131241,-0.00202124235380879,-0.000799691056780655,0.0023760415889732
-0.0257807449954726,-0.00702847008406104,-0.0172646375427699,-0.00209532719298954,-0.000822816695866965,0.00245307398117045
-0.0261951617231304,-0.00742404099335703,-0.0183422116730085,-0.00222584287455586,-0.000860394940648032,0.00261739364140923
-0.0264048898501947,-0.00753171084162085,-0.0193090636722992,-0.00233520884485112,-0.00088797648209861,0.00279924627459449
-0.0261273531942594,-0.00696926476366411,-0.0195251911815841,-0.00234360063328559,-0.000883315408183247,0.00291211017630211
-0.0254480595107811,-0.00584794112226472,-0.0189884921567876,-0.00225438844644588,-0.000849337638273398,0.0029400548196129
-0.024733596766338,-0.00466684368189085,-0.0183163712054744,-0.0021523041176878,-0.000811659046875787,0.00294846945609906
-0.0243215242393058,-0.00384748555710024,-0.0181068380646803,-0.00211915484093406,-0.000794485062963021,0.00300777047439416
-0.024253304372067,-0.00345916785916422,-0.0184541011882302,-0.00216932311241651,-0.00080240258970625,0.00312661827912386
-0.024291668766347,-0.00328593952234923,-0.0189538532232298,-0.00224965820436969,-0.000820836531422967,0.00324659672998395
-0.0241889114461795,-0.00309345557012453,-0.0191271318348689,-0.00229511976001642,-0.000832160832249518,0.00329892960049838
-0.0241258909880733,-0.00290298097122532,-0.0197318862995488,-0.00239061588167776,-0.000852437351363783,0.00345304019124959
-0.0240664029492601,-0.00260394732245217,-0.0208188892118339,-0.00254260349948136,-0.000881054747565391,0.00373559655407407
-0.0237734200118478,-0.00188491102884036,-0.0217641976822969,-0.00267012895763326,-0.000896442091024685,0.00405321002436987
-0.0231163850969649,-0.000549522407270686,-0.0219756095727399,-0.00269452683006613,-0.000879816959435786,0.00430272177273372
-0.0222152860753511,0.00122656311621183,-0.021477143470372,-0.00262169069245716,-0.000836061512617337,0.00446047209192446
-0.0213506892916397,0.00303268536676882,-0.0208414957083423,-0.00253499153678541,-0.000790272195861738,0.00458617509804815
-0.0207575641980178,0.0045418761301339,-0.0206166184631216,-0.0025154398227728,-0.000766030062052017,0.00474623433999621
-0.0204611890284134,0.00567240925687518,-0.0208857278844372,-0.00257773587789595,-0.000768220366991257,0.00494591844950498
-0.0203045549336318,0.00651472589264657,-0.0212836527376401,-0.00267027249883992,-0.000783609357119491,0.00512554096357154
-0.0201278431647696,0.00717074066310053,-0.0213951241218153,-0.00273107419150079,-0.0007960632493582,0.00522015979544321
-0.0198336190727133,0.00810240005966767,-0.0217573760090655,-0.0028236930017167,-0.000809067993408866,0.00542230325958382
-0.0193963988808949,0.00948193495244265,-0.0224467029416371,-0.00296030715034348,-0.000822952007080019,0.00577045361867068
-0.0187671262895268,0.0113878325764847,-0.023069402621346,-0.00308659942185763,-0.000825489149299724,0.00618659662657117
-0.0179457461572481,0.0137950037682204,-0.0232193667011966,-0.00314361587731371,-0.000804902009468103,0.00657596169239882
-0.0170340283563748,0.0165106512880246,-0.0228452912467443,-0.00312458976038538,-0.000763756722695637,0.00689318967675767
-0.0161965183608794,0.0192392543109428,-0.0222716886394885,-0.00308134018369244,-0.000719505927600474,0.00715654562881851
-0.0155688347029663,0.0217363036540843,-0.0218791414705213,-0.00307577567713152,-0.000691137175583258,0.00740537032776001
-0.0151893808159258,0.0238681465671537,-0.0218050541878734,-0.00313165074598387,-0.000686559167597214,0.00765053647749525
-0.014998129661608,0.0255906396201655,-0.0218913489503132,-0.00322360190593679,-0.000699559850269336,0.00786252063192328
-0.0149109239550675,0.0268978800566106,-0.0218881908174446,-0.00330873429712925,-0.000718663730079433,0.00800132038172208
-0.0146321764624657,0.0286908148893583,-0.0218986465037467,-0.00339730717041647,-0.000729490815757518,0.00823149417819846
-0.0141224166403031,0.0312230899006702,-0.0219412959505676,-0.00349507881713546,-0.00072999796912339,0.00858973043982736
-0.0134498694112652,0.0344163976828895,-0.0219160319285003,-0.00358893446318032,-0.000719601491784214,0.00903309794791773
-0.0127058099775121,0.038078058280258,-0.021707421618419,-0.0036609104635702,-0.000698353516481825,0.00949935571507965
-0.0119943387441985,0.0419502792453454,-0.0212983874150541,-0.00370786761140823,-0.000670579529504049,0.00993965916447725
-0.0114051613354169,0.0457631180703668,-0.0207600063375346,-0.00374094821701498,-0.000643757827574771,0.0103264900207198
-0.0109986504310529,0.0492924158482677,-0.0202105402745634,-0.00377951960106448,-0.000626229802993934,0.01065314290071
-0.0107967890336598,0.0523843991245978,-0.019735714334038,-0.00383721756043692,-0.000623210000821016,0.010920913271353
-0.0107863319708681,0.0549495009795131,-0.0193504725626155,-0.0039147645305776,-0.000635362377581085,0.0111291870289602
-0.0109386107308111,0.056960635509455,-0.0190366513270943,-0.00400664478565271,-0.000660697496040689,0.0112786255399111
-0.0108780436047491,0.0595201619114909,-0.01846356179527,-0.00405801529847982,-0.000666250995693188,0.0114808947635441
-0.0105706068864428,0.0629178801930466,-0.017662943776191,-0.00408060633064733,-0.000651329075664071,0.0117777892826434
-0.0101575773484956,0.0670405623446797,-0.0168627070836047,-0.00412155203760778,-0.000632171560946693,0.0121754400072046
-0.00978959601824858,0.0716650525283948,-0.0162246376297541,-0.00421349367620594,-0.00062276799793895,0.0126530727032881
-0.00954354458003603,0.0765053507972282,-0.0156912457129712,-0.00434230221276688,-0.000624056187115779,0.0131528328687376
-0.00943387397923257,0.0812418592492872,-0.0150827845595263,-0.00446528530926593,-0.000628322538318155,0.0136036881172962
-0.00945086485188629,0.0855786560894534,-0.0142804755647163,-0.00454989791387383,-0.000629589629559155,0.0139563042031822
-0.00960862245789951,0.0893192690073814,-0.0133539478139508,-0.00460362541934467,-0.000631727167498708,0.0142067252012076
-0.00993406572204414,0.0924299153005497,-0.0124863828021002,-0.00466200746181133,-0.00064500069448184,0.0143856494534522
-0.0104541888328988,0.0949476136551368,-0.0118458362321241,-0.00476052548983918,-0.000679113444717105,0.0145276045524438
-0.0107339660600081,0.0978101246716103,-0.0106843230879421,-0.00475839118504906,-0.000678845088177213,0.0146601953067088
-0.0107456711568918,0.101311292532421,-0.00906715210967857,-0.00467775509570834,-0.000646503842711504,0.0148283175647369
-0.0107255117588929,0.105495090156336,-0.00753698606640718,-0.00464264755896393,-0.000620226392273854,0.0150977930659839
-0.0109004886189137,0.110327476616842,-0.00645446940530103,-0.0047372525107684,-0.00062824135608433,0.0154952703155329
-0.0113292455166114,0.115546366347936,-0.00576165018349872,-0.00494426138928172,-0.000669226890504415,0.0159697915705901
-0.0119094978699801,0.120677284373351,-0.00510805043312024,-0.00516918420349632,-0.000718629820841504,0.0164185742092137
-0.0125100198622539,0.12527178879839,-0.004159582996206,-0.00531691926309896,-0.000750642925124501,0.0167537762176623
-0.0131038971612405,0.129085894214779,-0.00291543944911643,-0.0053744743031906,-0.000763424521920769,0.0169581210616853
-0.0137795008638371,0.132178436032399,-0.00165850102081011,-0.00540709233581504,-0.000777205844337353,0.0170804412289502
-0.0146629132203442,0.134753602886059,-0.000695844332783135,-0.00549408415686881,-0.000815867660559466,0.0171835696788015
-0.015205470656686,0.137183242823518,0.000898219630122377,-0.00542679339078855,-0.000807462047168972,0.0172099617924396
-0.0154095298288226,0.139742129108571,0.00296590985275413,-0.00525255507409539,-0.000762549117394901,0.0172107877999479
-0.0156831074834365,0.14286822438691,0.00481976030745024,-0.00515869527888202,-0.000738561204848165,0.0173037737994012
-0.0163971016066791,0.146892900211625,0.00607831993117536,-0.0052584718357187,-0.000772370554598945,0.0175541047417186
-0.0175790506857894,0.151627199034882,0.00683361492924472,-0.00552553711037973,-0.000857455169966076,0.0179221024385123
-0.0189308316048029,0.156410835424868,0.0074985557985201,-0.00582747279363627,-0.000953292102600783,0.0182932223077777
-0.0201240039648187,0.160553241581624,0.00847644666597436,-0.00602674085209021,-0.00101818782129875,0.0185585680106235
-0.0210698385322621,0.163782460791935,0.00981358551456601,-0.00609352889995085,-0.00104435285708535,0.0186927806583101
-0.021956893920529,0.166276908255536,0.0112017905350177,-0.00611232847749354,-0.0010605598350171,0.0187499690324953
-0.0230765801043429,0.168469040477259,0.0123055423549188,-0.0061915871119258,-0.0011025882733548,0.0188069402484772
-0.0236270309425359,0.169776700729304,0.0139158693068211,-0.00609151529915875,-0.00109193339131841,0.0187259713299538
-0.0236560490612003,0.170413917625658,0.0157942471384178,-0.00588157555393365,-0.00104774706792896,0.0185556145823114
-0.0238748196963616,0.17136649678831,0.0173319251547293,-0.00577832380421328,-0.00103977269500743,0.0184491330115606
-0.0248942245180777,0.173553469629606,0.0183395990485655,-0.00589137917352911,-0.001104734245857,0.0185053735259034
-0.0267129853709491,0.176940524232083,0.0189705627084784,-0.00618394262443234,-0.00122934309736283,0.0187041223017784
-0.0287524701627788,0.180647021316964,0.0195423804004529,-0.00651872550769372,-0.00136418720842957,0.0189377839738235
-0.0304078932089249,0.183746229370301,0.0203674460265661,-0.0067509536450745,-0.00145868231605967,0.0190985110545818
-0.0314989215410124,0.185880888324065,0.021492140120869,-0.00684132906785639,-0.00150093172103771,0.0191531923623919
-0.0323507359504411,0.187338523736755,0.0226673063290335,-0.00687439768360054,-0.00152403801038342,0.0191486696239654
-0.0334829541963364,0.188767885115474,0.023649289495479,-0.00696109738787642,-0.00157033762556125,0.0191585966806073
-0.0336566499358044,0.188374157668947,0.0247415561515112,-0.0068861656733441,-0.00156838675583554,0.0189790397475406
-0.0329980774411336,0.186338008612122,0.0256471017365278,-0.00673661274171988,-0.00154522932237922,0.0186532415822648
-0.032648108192709,0.184381433749381,0.0261232714189337,-0.00670440042504783,-0.00156915656814161,0.0183559069472054
-0.0335641279224719,0.184096142739591,0.0263929359933268,-0.00685198328851611,-0.0016665993483676,0.0182083408415419
-0.0357175304190971,0.185681144015632,0.0266921682214543,-0.00713540403388624,-0.00181779991582565,0.018216451456855
-0.0382103967129366,0.188025675541188,0.0270793988665092,-0.00745558242925726,-0.00197519313240518,0.0182949377798715
-0.0400867998740191,0.189850793043407,0.0275989077959578,-0.00769821135624094,-0.0020892016222897,0.0183422717009382
-0.0410369398754566,0.190662132830631,0.0282399614147506,-0.00782460730385393,-0.00214589705922386,0.0183196597655104
-0.0415284274979468,0.19089234831253,0.0288825923779514,-0.00790294956044235,-0.00217759605987528,0.0182630633586797
-0.0423677323185849,0.191384560281926,0.0294844639195153,-0.00801660669314486,-0.00222633056956867,0.0182316604154343
-0.0417800563590225,0.189128845685217,0.0295472119451983,-0.00804328090047557,-0.00224492837366885,0.0179803320944382
-0.0399857542335935,0.184268318397094,0.0287833822716586,-0.00806756870193071,-0.00226345770587832,0.0175394693861174
-0.0386010153231444,0.179233243595053,0.0275697996182238,-0.00819252502422407,-0.00233203354890926,0.0170852149570878
-0.0389504089325756,0.176353040677532,0.0267208383976705,-0.00839678746848915,-0.00245606268990028,0.0167558656345939
-0.0410184601613102,0.176060635349979,0.0265558994013482,-0.00863463538054621,-0.00261198695344556,0.0165831590741842
-0.0435985256588793,0.177011915386031,0.0267435678828507,-0.00888282150430508,-0.00276560538080883,0.016508952202536
-0.0453751766300554,0.177595395152333,0.0269120801412388,-0.00909991496411666,-0.00287977043532156,0.0164487945121248
-0.0459160023636311,0.177152593185896,0.0269053349259449,-0.00926804037240614,-0.00294462274691354,0.0163602972167269
-0.0458302712923366,0.176196288331227,0.0267797562285121,-0.00941964919697136,-0.00298620106796377,0.0162630474978049
-0.0461748303624701,0.175794165204014,0.0268007408026394,-0.00958259144512508,-0.00303711538470464,0.0162003498069298
-0.044589688907906,0.171761494449654,0.0254929260457626,-0.00976697805189319,-0.00308369163078631,0.015899026972355
-0.0413911572802093,0.164263761624253,0.0226462812328476,-0.0100395013377119,-0.00315406639085347,0.0153779738998162
-0.038703730052239,0.156526380202695,0.0194312537898229,-0.0103788118213262,-0.00327018453815453,0.0148154252390757
-0.0382006365368674,0.15155209322495,0.0173361348646006,-0.0106588343299916,-0.00341086124232004,0.0143610174395427
-0.039857198554671,0.149895774651021,0.016728852682836,-0.0108360804654877,-0.00355086507295771,0.0140624343018654
-0.0422022844433227,0.149906681871597,0.0168136145959918,-0.0109787070907932,-0.00367592835065667,0.0138795720681286
-0.0436440083300038,0.149594927330239,0.0166914816974826,-0.0111440219529826,-0.0037717267622005,0.0137400049323721
-0.0436318758155041,0.148142538091896,0.0160205752680485,-0.0113457121523455,-0.00383535767025012,0.013601746394242
-0.042894690000467,0.146170530846453,0.015064629059923,-0.011572398626448,-0.00388329457844416,0.0134724964671704
-0.0426858451410181,0.145019515769367,0.0144644787183577,-0.011781822199481,-0.00393198903468772,0.0133859818990914
-0.0401716917390891,0.13957975756352,0.0117433101605116,-0.0121389980269297,-0.00400801395972644,0.0130578124433277
-0.0357618687323464,0.130079812447406,0.00683146372762344,-0.0126788627220358,-0.00413359318920226,0.0124972055085667
-0.0319018557289095,0.120338682477892,0.00169856643813837,-0.0132393098187962,-0.00429437284218709,0.0118775111873812
-0.0305221915260443,0.113916418063133,-0.00152647521315696,-0.0135924039031108,-0.00444193935412412,0.0113563060081271
-0.0316201039015791,0.111498748604592,-0.00243938134594934,-0.0137032453619472,-0.00455202324699672,0.0109944733470202
-0.0335578940242636,0.111081445137652,-0.0023232080763087,-0.0137311561032931,-0.00463443333033126,0.0107570173516002
-0.0345745489287363,0.110287655270766,-0.00260977754603431,-0.0138315848754746,-0.00470127551367666,0.0105755593535749
-0.0340670912132035,0.108127221572922,-0.00383877818148992,-0.014050232454085,-0.00475854342292914,0.0104056796664677
-0.0328231399054886,0.105374721432032,-0.00553873230471424,-0.0143366491064334,-0.00481197584238857,0.0102522585757015
-0.0321854652382312,0.10360589592135,-0.0067040108337828,-0.0145772906238475,-0.00485853004464182,0.010143605435121
-0.0291391903990732,0.0972584447889369,-0.0105830743598432,-0.0150760436091353,-0.00496370125423512,0.00980710613262842
-0.0241101647346422,0.0866276406956927,-0.0170927358256971,-0.0158344438900673,-0.00514032928155689,0.00924754448016143
-0.019641814458307,0.0759066893071372,-0.0236122753377135,-0.0165695806936432,-0.00533885457168126,0.00863063546254991
-0.0177061769737872,0.0688940404935372,-0.0275884178262213,-0.0169794696297414,-0.00548853873111604,0.00811075694181909
-0.0183170361311706,0.0662804056111747,-0.02862293907409,-0.0170352272453413,-0.00556730329321048,0.00774886420515761
-0.0198439122611873,0.0658319609259318,-0.0283690952746776,-0.0169652254943427,-0.00560744045782025,0.0075086160847242
-0.0205385708520884,0.0648932892729268,-0.0286771750983661,-0.0170007338515656,-0.00564599429674656,0.00732017456413839
-0.0198138135707016,0.0623919423760323,-0.0302374358911388,-0.017216218007277,-0.00569828308759257,0.00714042806251625
-0.018420515605551,0.0591930376173112,-0.0324094598192834,-0.0175264001170936,-0.00575773020846887,0.00697445542784386
-0.0176433462365457,0.0570522817973228,-0.0339200400202788,-0.0177683616564228,-0.00580340852001554,0.00685264294111398
-0.0146004921382445,0.0503590805395095,-0.0384723150876516,-0.0183469048686036,-0.00593402656409436,0.00652781444160036
-0.00971958217693114,0.0395075013119253,-0.0458275632379763,-0.0192344774956763,-0.00615332140413782,0.00600543955205932
-0.00539572677891531,0.0288107660402424,-0.0529743285735815,-0.0200696420112205,-0.00638331018769811,0.00544192300729399
-0.00343968430695618,0.0220278813734465,-0.0571879207409243,-0.0205117256343748,-0.0065372585653225,0.00498043242920669
-0.00382692158208631,0.0196887558202896,-0.0581604143407741,-0.020539340106537,-0.00659624536770481,0.00466964544442677
-0.00507279088405266,0.0194484778464394,-0.0577417849371349,-0.0204136995659918,-0.00660859174569811,0.00446650068005214
-0.00561277800064808,0.0185657900329996,-0.057992857089352,-0.0204061451264543,-0.00663003927216244,0.00429919433607723
-0.00494022530394034,0.0159801388207181,-0.0596596649382102,-0.0206053083155442,-0.0066822444389133,0.00412816110187986
-0.00373493546845616,0.0126598110758194,-0.0619807675283175,-0.0209064266318044,-0.00674913132161126,0.00396441647002073
-0.0031170071744997,0.0104350651501619,-0.0635448584001743,-0.021120560069813,-0.00679565619656364,0.00384261085725301
-0.000657530717426802,0.00413493893723871,-0.0680612985139533,-0.021694429430632,-0.00694141534259418,0.0035557898918757
0.00328482282611375,-0.00581509415800441,-0.0752154401359428,-0.0225870078110686,-0.00718359646151506,0.00311175525709614
0.00674622188242324,-0.0154348737491068,-0.0820414809381678,-0.0234217696517522,-0.00742940462257458,0.00264674291386338
0.00828868095481017,-0.0214003513844974,-0.0860051978519456,-0.0238675422482562,-0.00758770239793294,0.00228011563070132
0.00793884644805765,-0.0233129842453985,-0.0868621848486475,-0.023902973811083,-0.00764196148233881,0.00204589365731829
0.00688420828283487,-0.023365996561882,-0.0863877552682508,-0.0237783475557352,-0.00764650701106634,0.00189803464040489
0.00635404077743207,-0.0240836492204721,-0.086540862685986,-0.0237557875833421,-0.00766362312183577,0.0017691526931175
0.00675513553228058,-0.0264591156929246,-0.0880461992459542,-0.0239247145383172,-0.00771749071521038,0.00162440942635621
0.00754013985803947,-0.0295290972686768,-0.0901435852372385,-0.0241824448619976,-0.00778774812009397,0.00147969630348483
0.00782444143740779,-0.0315217283926916,-0.091445213971177,-0.0243420383062372,-0.00783217735641256,0.00137293261821923
0.00932799737523382,-0.0366046539162626,-0.095140848983803,-0.0248215676648904,-0.0079722540420098,0.00115254287410812
0.0118403762888262,-0.0444957920883984,-0.101001338333948,-0.0255904073094364,-0.00820443692158784,0.000824465453699075
0.0140380235591167,-0.05207153057012,-0.106593569536397,-0.0263239084023585,-0.00843961604589505,0.000490412523984581
0.0149805659571909,-0.0568106132934587,-0.109920883341317,-0.026748001916501,-0.00859673234959724,0.000235377671217375
0.0146824479465684,-0.0584117563496225,-0.11075890181666,-0.0268319329224413,-0.00865932457924307,7.96278609552399e-05
0.013890177578439,-0.0585112303296462,-0.110436384293838,-0.0267612898461724,-0.00867242065196866,-1.46367475653275e-05
0.013411797112953,-0.0590980579891123,-0.110514098122174,-0.0267471406063626,-0.0086917435169524,-0.000101185092066584
0.0134848234109928,-0.0608875071380561,-0.111553479494916,-0.0268666540143596,-0.00874018831040602,-0.000203219504793715
0.013777133572205,-0.0631630167337724,-0.11298308168007,-0.0270419104283202,-0.00879961081134689,-0.000307523010040951
0.0137502818431532,-0.0645780544618288,-0.113754422418042,-0.0271320130499657,-0.00883386413277781,-0.0003830681727254
0.0143498584310784,-0.0678376583773894,-0.116047568304797,-0.0274470437426799,-0.00894022485853951,-0.000518944647620921
0.0154885235416522,-0.0728115652156909,-0.11976219704837,-0.0279762690494327,-0.00911793831222618,-0.000711236738975711
0.0165268768518292,-0.0776629979327281,-0.123414490070355,-0.0285099167689211,-0.009303574363145,-0.000902920908949776
0.0169914121305368,-0.0808545701019705,-0.125748307992059,-0.0288652154778037,-0.00943913996961676,-0.00104599592471437
0.0168697482046731,-0.0821499315051812,-0.126549336773253,-0.0290043099232711,-0.00950897747577595,-0.00113043824111232
0.0165011394527124,-0.0824571939482786,-0.126526260484518,-0.0290211697899574,-0.00953777005911538,-0.0011795469845578
0.0162397304454096,-0.0828713825659504,-0.126545349038168,-0.029035546212447,-0.0095601705832572,-0.00122317876177273
0.0162111814415926,-0.0838608857324226,-0.12697699154975,-0.0290997923018963,-0.00959256510018036,-0.001275488154754
0.0162698850164187,-0.0850281741560144,-0.127534106702555,-0.029179531052403,-0.00962633329088058,-0.00132768412190926
0.0162017713450684,-0.0856867834495421,-0.127695245272314,-0.0292056539289611,-0.00964217894288166,-0.00136346167305123
0.0162747204264644,-0.0866788258802993,-0.128218084785491,-0.0293051134771607,-0.00968430380070906,-0.00140688438876858
0.0165259930884378,-0.0881207244728888,-0.129212716894728,-0.0294979565306661,-0.00975909164262223,-0.00145959740599443
0.0168920723886963,-0.0897717176584036,-0.130441845940094,-0.0297413275942535,-0.00985054825234116,-0.00151357656109099
0.0173069839385001,-0.0913816313551097,-0.131634941013283,-0.029982204463884,-0.0099397031841314,-0.00156229244240797
0.0177008334805553,-0.0926926840118023,-0.132540412380934,-0.0301746759742834,-0.010010904618961,-0.0016000730633927
0.018018436885697,-0.0934890028303359,-0.132982208997681,-0.0302910974986506,-0.0100552185580502,-0.0016227094779326
0.0182716732417152,-0.0938146192558671,-0.13299134156272,-0.0303338769797399,-0.0100736284767646,-0.00163274169811914
0.0185201408076789,-0.0939335947407587,-0.132765299458693,-0.0303288891191327,-0.0100747044508098,-0.00163788232320716
0.0187753234445438,-0.0939083169416337,-0.132404891542866,-0.0303001575262456,-0.0100662199986207,-0.00163867132621509
0.019039869335419,-0.0937659519050031,-0.131974179186762,-0.0302648273195913,-0.0100539246071142,-0.00163504632159934
0.0191694388096817,-0.0923823211735231,-0.130637519258899,-0.0301144365717401,-0.0100051580865868,-0.00159341536982567
0.0193021046062292,-0.0902193470768813,-0.128785875730165,-0.0299092161255754,-0.00993813676208438,-0.00152417460257383
0.0197122427334424,-0.0887344517161033,-0.127530064309884,-0.0298024332260967,-0.00990034660275907,-0.00146546330718517
0.0205260513772245,-0.0888817459812339,-0.127553038004409,-0.0298814406968577,-0.00991961661335,-0.00144415940478015
0.0216351927355358,-0.0904275996237827,-0.128602869097978,-0.0300982342491094,-0.00998151819743021,-0.00145799321605018
0.0227898396718285,-0.0921282546395865,-0.129693736214259,-0.030307259972387,-0.0100397072447961,-0.00147841261033184
0.023795937792741,-0.0927799960440119,-0.129902760866899,-0.0303756517794513,-0.0100507783080185,-0.00147626115545595
0.0246341019728966,-0.0921008212082528,-0.129049726961217,-0.030282206917426,-0.010007359051911,-0.00144403830095174
0.0254271651915428,-0.0907919667396344,-0.127728771302722,-0.0301216903673827,-0.00994017321790647,-0.00139720398019776
0.0263161658483977,-0.0899128715468382,-0.12678890892669,-0.0300243720609428,-0.00989246937758465,-0.0013599286656117
0.0270334208741723,-0.0864976391239951,-0.123886963446552,-0.0296390041981234,-0.00974772574827271,-0.00125303038872809
0.0277459683444707,-0.0813778554211222,-0.119683358675959,-0.0290620758430447,-0.00953685534571186,-0.00109620632336259
0.0287675204857578,-0.0775111513119624,-0.116442541310436,-0.0286216694333594,-0.00936921203727931,-0.000964849274210956
0.0302006441747906,-0.0768487789906089,-0.115592937274769,-0.0285164216964766,-0.00931297652803709,-0.000911343039814723
0.0318993752817249,-0.0789040735990909,-0.116749194266004,-0.0286915817382716,-0.00935093255956876,-0.000926692673557675
0.0336242096627206,-0.0814361946219231,-0.118238374003307,-0.0289112556701354,-0.00940317871697793,-0.000957077967580822
0.0352216678855672,-0.0823667461536983,-0.118505753982746,-0.0289513469867408,-0.00939317071734119,-0.000952269527682903
0.0367124279754734,-0.0811680840257463,-0.11721026864661,-0.028769980073011,-0.00930544235159853,-0.000898008527905031
0.0382197232637509,-0.0791143870880724,-0.115369908698312,-0.0285251255540397,-0.00919361451631467,-0.00082295156297181
0.0398303186920046,-0.0779967689231809,-0.114349060952914,-0.0284208263557937,-0.00912835915389415,-0.000768443166497462
0.04135433327661,-0.073403213699808,-0.110550787360578,-0.0278744203340915,-0.0089125503277529,-0.000625594210882416
0.0428946623208049,-0.0663776009534427,-0.104779466425875,-0.0270024510794655,-0.00858573896468029,-0.00041920539218393
0.0445636998664565,-0.0610444386985272,-0.100164518482093,-0.0262707329005154,-0.00830908272516295,-0.000252045036711501
0.0463018749097994,-0.0600495861129504,-0.0986488922072599,-0.0259610357798592,-0.00818181507576671,-0.000193519258324545
0.0479992744849298,-0.0628028305964889,-0.0998333975204302,-0.0260283629495976,-0.0081876801126638,-0.000231371865432553
0.0496411992689829,-0.0663646158695901,-0.101649982916264,-0.0261964877970164,-0.00822738486292629,-0.000292593503296107
0.0513097679470782,-0.0678677634991161,-0.1020582124183,-0.0261820134326904,-0.0081980605414273,-0.000304780894871223
0.0531157443472452,-0.066638504453703,-0.100614546334293,-0.0259275004801238,-0.00807832741533954,-0.000249366831146944
0.0550860169299519,-0.0643753782629632,-0.0986129518564223,-0.0256294321845465,-0.00793791258486148,-0.00016522821758666
0.0571396172097218,-0.0633439201372923,-0.0977142674857205,-0.0255321779751589,-0.00786561131327296,-0.000106421949469845
0.0592236464228701,-0.0584718958020467,-0.0937045538513832,-0.0249159508909138,-0.00761769053496508,4.68050898899397e-05
0.0613007563695556,-0.0509674366415904,-0.087471447211569,-0.0239056953245249,-0.007239235718495,0.000265073654704837
0.0631267782269989,-0.0454788980028678,-0.0824693906704113,-0.0230180636636241,-0.00691366996192294,0.000430899646790966
0.0643889100310862,-0.0448489507805956,-0.0807258913220359,-0.0225430546837828,-0.00674539668357377,0.000466240403322854
0.0650993143520591,-0.0483625172503999,-0.0818529971143622,-0.0224561976487372,-0.0067208745409218,0.000388007209954369
0.065663910619759,-0.0527173493462527,-0.0837151048710822,-0.0225031940087432,-0.00673913057916314,0.000285556593950381
0.0665705467387694,-0.0548346555350303,-0.0842400357836031,-0.0224141144693646,-0.00669627210330243,0.000242503814255932
0.068049221692017,-0.054035913155829,-0.0829808471557616,-0.022130393745144,-0.00656958803571511,0.000279933203328073
0.0699798966968821,-0.0521429511138702,-0.0812689468881675,-0.0218495418104974,-0.00643255312646596,0.000354920504442621
0.0719982000592259,-0.0515580405909564,-0.0807580091578082,-0.0217991505283914,-0.0063733055345882,0.000405567674934562
0.0740957651949419,-0.0473928842135578,-0.0773165812590442,-0.0212436775633966,-0.00614728481843235,0.000545189541962018
0.0760323096938258,-0.0409002074414087,-0.0718173241773012,-0.020299938420814,-0.00579969923524187,0.0007408480384654
0.0771657590863803,-0.0365384165033866,-0.067465912343625,-0.019436027859957,-0.00550072435436361,0.00087180547128371
0.0769499590763241,-0.0368357412655858,-0.0659841997683088,-0.0188849548056191,-0.00533671899254023,0.000859981331858037
0.0756098638665081,-0.040877547288682,-0.0669466284995721,-0.0186359185042169,-0.00529284718615153,0.000730236751336849
0.0740940430722272,-0.0455873420046053,-0.0685977560290141,-0.0185307368978431,-0.0052913732642032,0.000578762019093571
0.0733768448649608,-0.0481867384290275,-0.0692096720355568,-0.0183737950080904,-0.00524725459473752,0.000493309965327524
0.073858748122249,-0.0481379844208618,-0.0684495459363959,-0.0181274483356324,-0.0051436697209446,0.000496152657119872
0.0751976704715176,-0.0471052466690747,-0.0674358290856194,-0.017940945459789,-0.00504182369115574,0.000544005189151958
0.0767073390927617,-0.047140348946046,-0.0674514640941837,-0.017965065846804,-0.00500952307534591,0.000576048397768314
0.0782341166835465,-0.0444955904733639,-0.0652569180205003,-0.0176011813710946,-0.00485567735565273,0.000679361775357268
0.0793212691929241,-0.0403766435037749,-0.0616602384040625,-0.0169527961686733,-0.004623888760377,0.000817723772045531
0.0789704070968362,-0.0382908406252209,-0.0590314600905941,-0.0163358990992319,-0.00443528784790903,0.000880090959294894
0.0764827298086592,-0.0398223360265106,-0.0583218037635298,-0.0158484563335637,-0.00433026952225946,0.00080165349203011
0.0723615164318421,-0.0439407273343821,-0.0591081216634723,-0.0154958217037364,-0.00429338467518509,0.000614774330035914
0.0681204230907095,-0.0483442349383125,-0.0603661200347503,-0.0152653070820099,-0.00428675109045573,0.000412529528858979
0.0652497946624795,-0.0511370986955697,-0.0611101289748657,-0.0150968393454556,-0.00426411096918694,0.000276588459104679
0.0642893293341391,-0.052042130772767,-0.0611692516046087,-0.0149743258408139,-0.00421509322383212,0.000227611546625622
0.0647167792782204,-0.0521866573977761,-0.0611904162060295,-0.0149600498643936,-0.00417550585077003,0.00023101814127334
0.0655046725815858,-0.0528640282190587,-0.0618032536238964,-0.0150834212220934,-0.00417904646157441,0.000235252497911634
0.0662028594133437,-0.0522752047515453,-0.061403725627649,-0.0150364819028812,-0.00413801879684167,0.000281822386947614
0.0661108518717235,-0.0514827758468286,-0.0606842821847771,-0.0149021240999723,-0.00409137922516067,0.000330674567246531
0.0639634096439519,-0.0523924636728026,-0.0607110654037513,-0.0147658029433091,-0.00408610487607575,0.000295120018038497
0.058990299955294,-0.055234448539947,-0.0613594220873299,-0.0145387135164547,-0.00410120037419992,0.000134969682530434
0.0519639056893153,-0.0589246494109599,-0.062180077859141,-0.0142251784062848,-0.00411636795622056,-0.000110312830583617
0.0449640230681618,-0.0623129057073406,-0.0630649696377485,-0.0139737251040501,-0.00413779266808373,-0.000358080913530415
0.0399605270159729,-0.0648163281403669,-0.0640077614649908,-0.0138841164468986,-0.00416394693938715,-0.000543886756053935
0.0376537505190475,-0.0665465383366914,-0.0650808246941175,-0.0139724513904183,-0.00419349281390491,-0.000651153906541524
0.0373198834898982,-0.0679257408118019,-0.0663441764537076,-0.0141953001588138,-0.00423231250716538,-0.000702291390253518
0.037583044990793,-0.0691620396836807,-0.0675750905172343,-0.0144354192209124,-0.00427322421682669,-0.000731700429553617
0.0375849024138946,-0.0708448652817371,-0.0693019184112877,-0.0147898986263293,-0.00436396224334945,-0.000759203005528841
0.036431438359906,-0.0737720790632856,-0.0720769176258536,-0.015327487593864,-0.0045398962782851,-0.000825918795133135
0.0327329310393925,-0.0778703415346964,-0.075422972841352,-0.0158714811621938,-0.00476573449999707,-0.000979325433623779
0.0257458564851047,-0.0817936231261491,-0.0779791669593344,-0.0161243347058651,-0.0049552931512612,-0.00122284506847206
0.0165112731916359,-0.0844569999210769,-0.0792148362071945,-0.0160647862009398,-0.00507664628782578,-0.00150952804474869
0.00749094787358917,-0.0861204101531143,-0.0799484071530792,-0.0159680780406017,-0.0051691197398101,-0.00178020653897264
0.00100511784283608,-0.0877522516233906,-0.0812128884392429,-0.0160798096434942,-0.00527143243665951,-0.00199810328031488
-0.00212171670728178,-0.0899450117611362,-0.0833626833864134,-0.0164473802952851,-0.00539048826256477,-0.00215495861860515
-0.00272170726201715,-0.0923486884371787,-0.0858658281284477,-0.0169297660411134,-0.00550444848343579,-0.00225719061429018
-0.00243147894902407,-0.0939835185958025,-0.0876545176206704,-0.0172826116371165,-0.00557237969576607,-0.00231622977389344
-0.00249529993441122,-0.0977336350260938,-0.0915608883061587,-0.0180754071466702,-0.0057875115684588,-0.00241524008485836
-0.00400026278301802,-0.104011254849254,-0.0979741822087199,-0.0193698439002896,-0.00618334809114773,-0.00259267687620232
-0.00843175475375624,-0.110700722761383,-0.104828722598704,-0.0207255659737235,-0.00664802240300161,-0.0028487039222071
-0.0163979663436411,-0.115002735315157,-0.109590773946163,-0.0216486141878862,-0.00703749276881682,-0.00314522779433739
-0.0265922104271299,-0.116007607254305,-0.111668899908217,-0.0220772437902592,-0.00730513353578743,-0.00343119744210665
-0.0362847316282977,-0.1153941796028,-0.112650443347025,-0.0223536312543162,-0.00750486416785295,-0.00367708566039106
-0.042970319148476,-0.115629769165515,-0.114443904315101,-0.0228131404865635,-0.00769804652903922,-0.00388078545425127
-0.0458156903727733,-0.117782569080431,-0.117648654628409,-0.0235185393822721,-0.00789619023805249,-0.00404738714399019
-0.0458728256325474,-0.120727605183424,-0.121161975323139,-0.0242401154496621,-0.00805639774120664,-0.00417047825712391
-0.0449156720561854,-0.122413031333036,-0.123217132876452,-0.0246463801106898,-0.00811740721680915,-0.00423771229155843
-0.0443825290932427,-0.12740074810586,-0.128801652674255,-0.0258042555523179,-0.00840723086652639,-0.0043751887949855
-0.0453596605604334,-0.135692308924691,-0.13823535329335,-0.0278069085521824,-0.00896488819607993,-0.00460901499709578
-0.0492132266601084,-0.143626621735431,-0.148253613878857,-0.0300260751131733,-0.00962677133409867,-0.00489421449945991
-0.0564826616753766,-0.147375324606505,-0.155372414548301,-0.0317963160326391,-0.0102057024043044,-0.00516120216984843
-0.0658312676519301,-0.146175292356453,-0.158730176299578,-0.0329464963025103,-0.0106269950629686,-0.00536221413973793
-0.0745087593327929,-0.142844333093468,-0.160319067824117,-0.0337925176032825,-0.0109355854636025,-0.00550044882116113
-0.0800406002776786,-0.141044109980013,-0.162620410293167,-0.0346900345430037,-0.0111971157651669,-0.00561018459179737
-0.0816197945735824,-0.142308707284576,-0.166464897901061,-0.0357110274565788,-0.0114261613814015,-0.00571372999432303
-0.080257677719707,-0.145160022814185,-0.170535539804593,-0.0366049147403764,-0.0115768904322237,-0.00579770057683367
-0.0777880199911367,-0.146785924481049,-0.172667792768838,-0.0370177721770539,-0.0115876401626658,-0.00583216048102507
-0.0758315944258658,-0.151906434765387,-0.179153876794782,-0.0384247366449768,-0.0118760940979749,-0.00593562089528833
-0.0753936710752865,-0.160057788497612,-0.190275299937591,-0.0409718419860912,-0.0124883218756487,-0.00611315009867265
-0.0775464748712418,-0.166929806276235,-0.202188786766843,-0.0439403244477465,-0.0132397792339452,-0.00629218361094794
-0.082589952157428,-0.168590948796295,-0.211074361193361,-0.0465808326286081,-0.0139284109561537,-0.00639336650382649
-0.0892117972314721,-0.164738044917952,-0.21592464733701,-0.048609712166384,-0.0144561733983385,-0.00638677820346745
-0.0949939958226738,-0.158780518507831,-0.218614329263625,-0.0502073877149958,-0.0148376447249936,-0.00630847039484735
-0.0978455854518359,-0.154833599305181,-0.221587565740357,-0.0516380194524757,-0.0151188563243418,-0.00622303855444763
-0.0971727748497302,-0.154543575948304,-0.225632487024182,-0.0529371024986542,-0.0153099307516318,-0.00616763202220791
-0.0938834923802871,-0.156450587145994,-0.229514144712226,-0.0538835523790451,-0.0153765375814344,-0.00613218891538719
-0.0896458950128438,-0.157560847739173,-0.231167933410717,-0.0541924852586835,-0.015277759030301,-0.0060794628881339
-0.0859627730439816,-0.16124577741904,-0.237289624156027,-0.0556543372693532,-0.0154688385626661,-0.006051092859557
-0.0835716590306621,-0.166702906884558,-0.248256387527986,-0.0585009804961305,-0.0160046321580155,-0.00602356860323239
-0.0831315732921252,-0.170075178699602,-0.260412395804453,-0.0620310480343218,-0.0167100543264214,-0.00592623163615735
-0.0846559923441976,-0.168306240951923,-0.270221904798586,-0.0654817239614871,-0.0173916233551493,-0.00570211071942095
-0.0870592810748811,-0.161639373240036,-0.276520396514773,-0.0684360016480594,-0.0179330639848017,-0.00535403812875084
-0.0885870676774481,-0.153388123555013,-0.280524213385009,-0.0708477760963901,-0.018306821719816,-0.00494801589404729
-0.0878355936030975,-0.147296267678633,-0.28404977193099,-0.0728049922590219,-0.0185273638725649,-0.0045683214717268
-0.0844623236514974,-0.145002508778624,-0.287781889671649,-0.0743037637219959,-0.0186031990383127,-0.00426681610317039
-0.0792611038091242,-0.145266413908259,-0.290792539516955,-0.0752008846849146,-0.018523013082154,-0.00404074805502556
-0.0734566031188719,-0.145596118286656,-0.291601927057318,-0.07534675855534,-0.0182763373221204,-0.0038567292836414
-0.0682703293989322,-0.146335265865638,-0.296047939215301,-0.0766709764134874,-0.0182896111025967,-0.00360709917926491
-0.0640456626489816,-0.146519585017075,-0.304716218970661,-0.0795079190171739,-0.0186234465612695,-0.0032358152598194
-0.0608531360232298,-0.14409715883915,-0.31510020456081,-0.083300980572897,-0.0191420967368521,-0.00271049123131426
-0.0584210342658236,-0.137883653063415,-0.324652321420858,-0.0873591971174208,-0.0196842063792141,-0.00203106147255187
-0.0560934626691316,-0.128640914092867,-0.332075073611918,-0.0911379194396962,-0.0201265039523172,-0.00124528077044315
-0.0530140737046172,-0.118932518113736,-0.337533269604899,-0.0943269347447457,-0.0204047801521992,-0.000443570272475928
-0.0486450916366756,-0.111291137208051,-0.341679109049858,-0.0967829991994926,-0.0205012416948201,0.000283263247086954
-0.0430104859888538,-0.10683472363222,-0.344767194554098,-0.0984275142389439,-0.0204177082576452,0.00087793090633749
-0.0366058290538001,-0.105013425632213,-0.346456900209944,-0.0992198629424315,-0.0201653527954594,0.00132861486022764
-0.0300849908399576,-0.104394725716907,-0.346256115706282,-0.0991978942145764,-0.0197680262769777,0.00165839761077293
-0.0242859752346687,-0.100840575627372,-0.347806661393168,-0.100206147240748,-0.0195614723239775,0.00217687433467015
-0.0190538047602327,-0.0936291801140863,-0.352119321283666,-0.102697457878289,-0.0196101840172658,0.00296738116271553
-0.0138180149618676,-0.0839340014541872,-0.358833162081448,-0.106379692317029,-0.0198407412842207,0.00398713044210122
-0.00818397390956593,-0.0729960789136639,-0.366932742335212,-0.110726162769918,-0.0201444782156521,0.00516143393337141
-0.00200767807668445,-0.0621004140439512,-0.375112596276027,-0.115102508196783,-0.020407218466322,0.00638996863949404
0.00455900383348862,-0.0521010914129327,-0.382030901880114,-0.118923318736951,-0.0205366253248875,0.00757469695244367
0.0112422437259501,-0.0436319726465877,-0.386765696503846,-0.12177898003966,-0.0204814246981018,0.00863045014115744
0.0177656695409689,-0.0370927726477763,-0.389029033507746,-0.123510762332673,-0.0202364629292491,0.00950141131964485
0.0239415017110389,-0.0327598562837839,-0.38916211594583,-0.124193774221717,-0.0198340318657496,0.0101644419411702
0.0297071001715332,-0.0308985603060039,-0.388005007711014,-0.124075418811569,-0.0193292281924797,0.0106242543926466
0.0348194092205731,-0.0223519071366387,-0.385992107134491,-0.124658519489678,-0.018918437777307,0.0113931842208805
0.0398328561548578,-0.00683311173523427,-0.384559306190145,-0.12648413292469,-0.0186648342658133,0.0125731470732039
0.0455764536077774,0.0107737941675534,-0.385984536452632,-0.129615454124669,-0.0185721292025658,0.0140379032289149
0.0524079219845675,0.0259338034489995,-0.391458259632001,-0.133788199492908,-0.0186013199437912,0.0156186116029856
0.0599461072224492,0.0370653123230311,-0.39982317872726,-0.138364307626198,-0.0186644994771604,0.0171724457924801
0.0673527841557373,0.0456624439689295,-0.408082483117159,-0.142526362190936,-0.0186502749285251,0.0186133151741788
0.0738781624691178,0.053880436614808,-0.413374850599272,-0.145605535330674,-0.0184757742171948,0.0198877367831542
0.0791858862100587,0.0624170367118313,-0.41463252596217,-0.147338230084681,-0.0181213418330581,0.0209551205231226
0.0833702683739603,0.0696538673707938,-0.413123763776289,-0.147925431250486,-0.0176373743502445,0.0217746783192256
0.0866888911253911,0.0732521787705664,-0.411167745945827,-0.14782436590479,-0.017107499678975,0.0223289169669674
0.0897452265524448,0.0872204909449413,-0.405309204788574,-0.147923828110271,-0.0165613456253682,0.0232825824313667
0.093282957152228,0.11083326813158,-0.39752252401582,-0.148804737672779,-0.0160597096652094,0.024728081658455
0.0977777230905241,0.135281069810822,-0.392963932529912,-0.150945657097904,-0.0156915097717131,0.0264564117220517
0.103037360317077,0.153134221638425,-0.394991751626545,-0.154403878974496,-0.0154955244450844,0.0282262198240906
0.108312176207132,0.163077538771272,-0.402589228291316,-0.158621824650447,-0.0154159056341592,0.0298830691151301
0.11279909887036,0.169110260474799,-0.41138357062545,-0.162662044102236,-0.015331216168128,0.0313740200684664
0.11603665462752,0.176340861938939,-0.416732695117036,-0.165661367400696,-0.0151257089921275,0.0326967208576152
0.117945525100474,0.186390777179576,-0.416937566384777,-0.167271215152982,-0.0147632583823698,0.0338283434267073
0.118624513091706,0.196534770141372,-0.413955483663912,-0.167777609234152,-0.0143032940428819,0.0347199560696493
0.118105602341654,0.202356930280634,-0.41127523547839,-0.167755391219645,-0.0138486990090827,0.0353215112911388
0.118217809866646,0.2213794359782,-0.401688791796238,-0.167286531887465,-0.013265137358503,0.0363509640916052
0.119537556935518,0.251804645152185,-0.387589638620971,-0.166943191159059,-0.012611845104751,0.0378750174708152
0.121345641924316,0.28092346996351,-0.3769208910438,-0.167630620073242,-0.0120737713795298,0.0396054407445071
0.122405804268119,0.299149530775794,-0.374892389787332,-0.169755581504302,-0.0117687199423555,0.041257525391862
0.121903107860469,0.305803077871365,-0.380730020922593,-0.172933332822725,-0.0116727247122889,0.0426978235170128
0.119929155845384,0.307639499551193,-0.388933822016948,-0.176207066070486,-0.0116449414254126,0.0439447033305235
0.117182979466415,0.312770763926711,-0.393355543132737,-0.178592288829176,-0.0115265259240322,0.0450726635629521
0.114138720971955,0.323803597186521,-0.391825426137834,-0.179708653285855,-0.0112619070932395,0.0460937667073069
0.110563998700668,0.336780443711808,-0.386952268950004,-0.179913335178049,-0.0109248126329484,0.046944203687234
0.105652557554932,0.344994263883939,-0.383397495631045,-0.179892292955039,-0.0106470199389646,0.0475339944068153
0.102816349874244,0.367724751057069,-0.370685778954878,-0.178768345671636,-0.0101369938991762,0.0485158511738663
0.102125847034498,0.401943560054658,-0.351497258275996,-0.177049661694817,-0.00946194703065145,0.0499050987088823
0.10093632872354,0.432374441458568,-0.335565509495115,-0.175963030623401,-0.00889239078239731,0.0513610330036415
0.096627972133253,0.448202377212387,-0.329320571098445,-0.176214684503642,-0.00861937707035521,0.0525810033950732
0.0886427000878245,0.449798195327937,-0.332236676102794,-0.17765351678689,-0.00864189297268633,0.0534887719379701
0.0787183960816003,0.446511428555508,-0.338272035888121,-0.179455083908834,-0.00879352763596605,0.0542132085052405
0.0692573468254112,0.448514108234321,-0.340691407393173,-0.180667259707008,-0.00887514953146479,0.0549129412348464
0.061355969408355,0.459090428952556,-0.337143212016182,-0.180923483180853,-0.00880970570507439,0.0556435965105682
0.0540828870691898,0.473260843904133,-0.330600438253045,-0.180593514403381,-0.00868260213293823,0.0563245402583448
0.0454201184656853,0.482923309560253,-0.32601247711974,-0.180319148756324,-0.0086480283713159,0.056815011251562
0.040724012344469,0.507011515617886,-0.311014672811609,-0.178393544936674,-0.00828902570656485,0.0576200228352732
0.0393798239013701,0.541239510101821,-0.288375740980064,-0.175199904584752,-0.0076797046998653,0.0586819701183963
0.0365195578143109,0.568959333860338,-0.268666493679854,-0.172169424655744,-0.00717056994303751,0.0596239234482598
0.0280678245022323,0.579168735093249,-0.258851926508354,-0.170244616554408,-0.00702114323463281,0.0601523143277908
0.0139619027465283,0.573734925584816,-0.258409251877413,-0.169478392314319,-0.0072384863785775,0.0602727319317008
-0.00221624049865587,0.563983174361738,-0.261313767120503,-0.169258939103105,-0.0076221750348905,0.0602373909402298
-0.0163409345165362,0.561472551481576,-0.260966250431836,-0.168798862779325,-0.00793282412859228,0.0603117106313454
-0.0268926152628262,0.569707458860222,-0.255211545369147,-0.167808517821902,-0.00808056176942093,0.060592724435709
-0.0357010717096986,0.582919140677975,-0.247131103628581,-0.166626491557299,-0.00816646113217717,0.0609717957673043
-0.0460909790514319,0.592046028135387,-0.241655200602902,-0.165819862268085,-0.00837430849372033,0.0612585905888215
-0.0506851695796136,0.613645442631725,-0.22613403737172,-0.16311733702819,-0.00818818589726231,0.061767395625184
-0.0505540487427676,0.64285489906592,-0.202989390701653,-0.15872901718433,-0.00767951649326921,0.0623695717468086
-0.0523581538696698,0.663513550710482,-0.182227204280197,-0.154072734475032,-0.00725233087334669,0.0626729701864448
-0.0612867568845985,0.665667059552401,-0.170326929898664,-0.150136881764522,-0.00720661171410913,0.0624030475995487
-0.0770592167691828,0.652330624567254,-0.166932369325942,-0.147177971622667,-0.00755957094101196,0.0616477963441527
-0.094708696330672,0.635786237498907,-0.16667257716791,-0.144870222064471,-0.00808791212678242,0.0607829299503631
-0.109041337757949,0.62772850625805,-0.163834511306157,-0.142683413946733,-0.00853155643423039,0.0601648992289339
-0.11853164507423,0.631355874255581,-0.156763836315188,-0.140444622336951,-0.00880039521947776,0.0599251829789905
-0.125858744090643,0.640673511538699,-0.148385154063986,-0.138449117945393,-0.0090161474415139,0.0599362690215479
-0.135151988957523,0.646906861874463,-0.142827603723292,-0.137074608335707,-0.00937319991391748,0.0599654012722075
-0.137358476343576,0.662364088165496,-0.128886457306301,-0.133879709139313,-0.00929377385622655,0.0601251065632252
-0.133549344322645,0.682370738902556,-0.108445457641104,-0.128938263103964,-0.00883348780017123,0.0602520568259718
-0.131345379134401,0.692760007814474,-0.0898578336519832,-0.123448064726908,-0.00841423944504002,0.0599482774389744
-0.136445675215845,0.685596104706388,-0.078280193354386,-0.118250447534849,-0.00834678321675032,0.0589566626173563
-0.148422088397065,0.66482935718969,-0.073369760353553,-0.113712062673495,-0.008653016058501,0.0574335056342091
-0.16193624179002,0.642217894705126,-0.0710195455635858,-0.109825804780627,-0.00911582158514855,0.0558437307032873
-0.171762364544868,0.628361740994213,-0.0670373547733749,-0.106405287974405,-0.00949254001201055,0.0546242282015779
-0.176741285905499,0.625737095768297,-0.0603747405243824,-0.103391010163988,-0.00971256702482481,0.0539181567434311
-0.180046512086355,0.628824015526121,-0.0533620490635489,-0.100959671132205,-0.00990766506955641,0.0535796637510651
-0.185897270199073,0.630144013390279,-0.0488594915240497,-0.0992373315283325,-0.0102575465755148,0.0533447536322195
-0.184207548184932,0.637022079050437,-0.0384936904080639,-0.0960829188496334,-0.0101651248400212,0.0531859531494003
-0.175757957677773,0.645311907407077,-0.023616908418757,-0.0914709778550276,-0.00966470887509017,0.052921756692401
-0.167956778509148,0.644378757170198,-0.010063917749882,-0.0862124695880671,-0.00914486322870593,0.0521712934568935
-0.166436824595785,0.628872747940079,-0.00124728519245298,-0.0808844548724428,-0.00889988335377145,0.0506983377119707
-0.170946853233195,0.603072401211039,0.00317330209039834,-0.0758784866063186,-0.00895806369603021,0.0487006830578987
-0.176804048035553,0.576853119044207,0.00575025837422904,-0.0714692706447312,-0.00914498673746938,0.0466866849427429
-0.179557978089166,0.558535134850171,0.00898932012560749,-0.0677612877806713,-0.00926833496299534,0.0451139240452125
-0.178612301370761,0.549791134361131,0.0133871523021933,-0.0647894789792902,-0.00928972719181023,0.0441279980049227
-0.177053604428563,0.546302409405087,0.0175716008458942,-0.0625494689485829,-0.00932914030237605,0.0435639863258435
-0.178592225368997,0.542600089171341,0.0200995584412862,-0.0609186201940198,-0.00952975578895665,0.0431480831513721
-0.173127162330585,0.540863523348293,0.0257142943954216,-0.0584061339164829,-0.00933570372458203,0.0427740270930707
-0.160893108079819,0.537958529962903,0.0335544178105436,-0.0549484697314577,-0.00875476186599841,0.0422778419704933
-0.148309947211466,0.527275905309027,0.0404438253577482,-0.050915590734777,-0.00810279959741317,0.0413129613329386
-0.140356109521074,0.506373805593132,0.0448657075337957,-0.0465590040149989,-0.0076212603691509,0.0396776739295032
-0.137093116449465,0.47919347980187,0.0471482225836497,-0.0422217711271513,-0.00734781464591042,0.0375738999024925
-0.135145010636604,0.452859740313029,0.0483475187253108,-0.0383727566641472,-0.00717887713334905,0.035497509961442
-0.131327497310761,0.432782789046243,0.0493972127056854,-0.0353279452535913,-0.00699849007895062,0.0338780201381392
-0.125466793457868,0.41986270974024,0.0504606113071016,-0.0331501634988753,-0.00679592136183213,0.0328397741177445
-0.12019921927476,0.411337161683168,0.0511785434734415,-0.0316517978439019,-0.00665950251486888,0.0322091668757961
-0.118473649517065,0.404007826842214,0.0513833159141415,-0.0305128177366322,-0.00668135879448878,0.0317203447930283
-0.111077578075198,0.395936590079179,0.0523374937301249,-0.029028172591,-0.00640809769765985,0.0312522069177644
-0.0976072837845212,0.385116080317934,0.053498060295964,-0.0271591932549914,-0.00582323709172697,0.0306882732639801
-0.0827930228724432,0.368907455024598,0.053969957972658,-0.0249147316200673,-0.00513610855211172,0.029761169539644
-0.0707708647222987,0.347112503580648,0.0537570639756186,-0.0222489181195598,-0.0045198110538664,0.0282965286741376
-0.0622374411385405,0.322755367792952,0.0531760807950183,-0.0193929748297534,-0.00402695858814933,0.0264569714405914
-0.0551138006455476,0.299904182469772,0.0521852069763247,-0.0168590718578343,-0.00362228194095104,0.0246604599417045
-0.0474909088683768,0.281184974367555,0.0505823992779177,-0.0150590610648013,-0.00326796071111868,0.0232637164851203
-0.039456519557227,0.266928778780011,0.0483791541773995,-0.0140452413953385,-0.00297176200221361,0.0223595663796119
-0.0329749355933711,0.25605168302352,0.0460637941551374,-0.0135055669490334,-0.0027783666218032,0.0217869407194198
-0.0299480526320792,0.24749364545861,0.0443994658099953,-0.0130150753228076,-0.00271442860541365,0.0213232346835343
-0.0226816514639632,0.236901458051383,0.0420455865430789,-0.0125625782203691,-0.00246816606867206,0.0208750983774527
-0.0105243882176547,0.222981645963952,0.0384995572497928,-0.0121805301645027,-0.00202224064189904,0.0203755999919056
0.00314077312767225,0.205844865296122,0.0343059537242665,-0.0116562831156664,-0.00149361558693245,0.0196380811514211
0.0153629749885615,0.18685603913474,0.0304234018919463,-0.0107650213529276,-0.000973956950478139,0.0185427795410888
0.0253172897932243,0.168113579840842,0.0271904898069879,-0.00962302997806369,-0.00050784767227352,0.0172127580995926
0.0338320213368366,0.151145946526894,0.0240292435608547,-0.00865463142091832,-0.000117074878926315,0.0159422067616037
0.0417493271555456,0.136405124292764,0.0202261410394851,-0.00821829600315171,0.000179920180351123,0.0149706369362517
0.0488239075353336,0.123829032212873,0.0158045327512468,-0.00831605925318379,0.000368504940420622,0.0143415911317586
0.0538241582830352,0.113574193369775,0.0117349044299164,-0.00858968949136685,0.00044987385907741,0.0139186952895275
0.0557902210219536,0.105954244651437,0.00912055215417862,-0.00863746847898411,0.000448113663269412,0.0135398637760056
0.0603875283950757,0.0964103313867994,0.00534966884015198,-0.00889918371929921,0.000526598758866847,0.0131768902189273
0.0682990981024139,0.0841834506704568,-0.000159428709674891,-0.00949958490383623,0.000690680792725329,0.0128262586739456
0.07760763787957,0.0705001545222022,-0.00648959989535847,-0.0102174466708084,0.00089742168641771,0.0124062221740719
0.0864182397807198,0.0570364011539102,-0.0124896497837614,-0.010795031575298,0.00111517922180937,0.0118506322211184
0.0937682563175661,0.0450115848489698,-0.0176642556186017,-0.011190384679104,0.00131499157619036,0.0112042968582942
0.0995791125326955,0.034580857294884,-0.0223972013313718,-0.0115964870954361,0.00145884728079754,0.0106011737909325
0.103984409157797,0.0252098980513331,-0.0272696143370528,-0.0122079153173609,0.00151047544110289,0.010150909503208
0.10681244291118,0.0166402837400828,-0.0322420759401387,-0.0129986938766027,0.00145898301970415,0.00986029986783876
0.107660572993391,0.00932723310577366,-0.0365431296398819,-0.0137230774956388,0.00132851719453481,0.00964872965098701
0.106276144921149,0.00399067742835335,-0.0392716222028113,-0.0141043876656147,0.00116083041363363,0.00942162257674373
0.106011772274811,-0.00198868445003519,-0.0428105290657843,-0.014692235249648,0.00101969224125575,0.00922884841193183
0.107341528901432,-0.00902582100679261,-0.0478042570385373,-0.0156725642758283,0.000896400626785199,0.00911904015888698
0.109403154905843,-0.0163910777033287,-0.0538311915492606,-0.0169716081206993,0.000769118981371331,0.00909877238993195
0.111192353450183,-0.0231794860397532,-0.0601843849048862,-0.0184285500766277,0.000627351799077414,0.00914837735275342
0.111899418741349,-0.0287482907857228,-0.0662158169351645,-0.0198806361275639,0.000467105481994246,0.00924277190560535
0.111097477236758,-0.0330923280423878,-0.0716597894170832,-0.0212470214899639,0.000278965652788121,0.00936951547249598
0.108637022725718,-0.0366481831593823,-0.0765017149707194,-0.0224957358749549,5.04498169687229e-05,0.00951450211170884
0.10451281024219,-0.0397914977222094,-0.080663556274839,-0.0235715703046425,-0.000221027240649985,0.00964596113765609
0.0988445298401546,-0.0425874428078412,-0.08392215797452,-0.0243888102105783,-0.000523674447156119,0.00972310784505637
0.0918618700479055,-0.0448277352889033,-0.0859805822297286,-0.0248547059226949,-0.000834216898779716,0.00970809493783592
0.0848444338970369,-0.0456550532312807,-0.0879617213825155,-0.0253951729037369,-0.00110513854038541,0.00976896131505672
0.0779647234416272,-0.0452476352833102,-0.0905793209818029,-0.026247821213388,-0.00135939170482591,0.0100066023138676
0.0709594342885174,-0.0446225923273609,-0.0944940082465715,-0.0275801707453794,-0.00165729969698714,0.0104790066569184
0.0634058304051344,-0.0445228460662968,-0.0998721635340303,-0.0294022567984759,-0.00203633221141375,0.0111798219074044
0.054854908127119,-0.0446495710892059,-0.105956341911452,-0.0314727159085828,-0.00247587177422504,0.0120222679533954
0.0450299696177545,-0.043937852376013,-0.111429210013049,-0.0334084742310554,-0.00291188510560714,0.0128786957925119
0.0339427031370576,-0.0416832901314486,-0.11530299418289,-0.0349129979199758,-0.0032906374958388,0.0136396437982834
0.0218565008261784,-0.0384505924408867,-0.117582777684065,-0.0359396906206975,-0.00361253948680623,0.0142500591631978
0.00910178662782712,-0.0357065600102509,-0.118995246481847,-0.0366254134806316,-0.00392242543105675,0.0146966690645374
-0.00397710990653533,-0.0345539961230781,-0.120143435163635,-0.037093580444901,-0.00425638528033834,0.0149769138708633
-0.0174616785546107,-0.029698645043581,-0.120142541802716,-0.0374658797744801,-0.00448422848748198,0.0154008008953393
-0.0314162219076906,-0.0208548830940902,-0.119545410010158,-0.0379653267238627,-0.0046266728281778,0.0161020735433174
-0.0460657622628915,-0.0115358029452324,-0.120402936376625,-0.039036200403965,-0.00483686070336703,0.0171399383272336
-0.0617647256985503,-0.00479181224600111,-0.124060685598042,-0.0409062241347429,-0.00523005048440967,0.0184808705172239
-0.0785704205528681,-0.000504503191438133,-0.129683606240164,-0.0432866132071183,-0.00576729420584826,0.019986690490373
-0.0960290290880241,0.00410525042406285,-0.134863975058418,-0.0455492146447968,-0.00628728744211909,0.0214820115759904
-0.113433732151877,0.0114861965335766,-0.137565434018546,-0.0471677559313592,-0.00664426870806251,0.0228215597351862
-0.130320107770389,0.0210127021319977,-0.137830246397993,-0.0480966237158173,-0.00683785656790387,0.0239353162536688
-0.146678055250696,0.0294055589088984,-0.137432071566744,-0.048684708272174,-0.00699767260167883,0.0248084582771905
-0.162624260585542,0.0338249936053874,-0.137937238770838,-0.0492486446419553,-0.0072430938465759,0.0254362057143928
-0.178068917634434,0.0442046206654716,-0.136160397025824,-0.0495316971699559,-0.00728372415526074,0.02628190841247
-0.193043307277376,0.0611978629530867,-0.132551457203498,-0.0497550757287233,-0.00713845286127429,0.0275088020751318
-0.208505697668562,0.0785688012904409,-0.130520894371911,-0.0505955983608852,-0.00708292272367883,0.0291112691061418
-0.225539940700404,0.0907196990605659,-0.132625492812747,-0.0524788787177656,-0.00733822653622673,0.0309779619524305
-0.243931823802807,0.0976358610255055,-0.138044061341365,-0.0551099597456486,-0.00785791415892251,0.032941031507152
-0.262005544091302,0.104178796011297,-0.143351518275524,-0.0576880941015985,-0.00837608681279406,0.0348555601742339
-0.277931486523469,0.114856112202908,-0.145538202892289,-0.0595226708529058,-0.00864939283639404,0.0366146806429877
-0.291133849691848,0.129223504675133,-0.144584303160729,-0.0605529738687171,-0.00867025809577457,0.0381473844925695
-0.302601439357465,0.142103854201521,-0.143232724743918,-0.0612929554802868,-0.00866006123807683,0.0394032883779399
-0.313578674264896,0.148733494472827,-0.143952134707479,-0.0622034916579746,-0.00882514654510683,0.0403332729255494
-0.321852192106411,0.162956985507085,-0.141516582254194,-0.0626978873915683,-0.00870288077769046,0.0415454460795963
-0.327108989533373,0.185876136649542,-0.136146985893061,-0.0629581614534183,-0.00830154322559123,0.0432085583228999
-0.331926159138142,0.208643433731051,-0.132478985622507,-0.0638403598312519,-0.00802026590406263,0.0452079814341851
-0.339001307756646,0.223314315290233,-0.134088540973415,-0.0659039593998745,-0.00817904971047137,0.047318908582969
-0.348146811062737,0.229777640488045,-0.140269628877513,-0.0688884751295656,-0.00873291207457452,0.0493752010642389
-0.356168973668805,0.234993064174398,-0.146781770851824,-0.0719069810648136,-0.00932828122209664,0.0513319551129151
-0.359763092729942,0.245673311197759,-0.149739600338556,-0.0741655263081071,-0.00963225956428904,0.0531823101330727
-0.35841372065139,0.261605003536294,-0.149105546999241,-0.0756091474428534,-0.00963462129842871,0.0548770832011003
-0.354658015907898,0.275972151711196,-0.14836244094297,-0.076846137827424,-0.00962713870099673,0.0563049539708379
-0.351413319246843,0.282155946094306,-0.150757495537272,-0.0784324520394659,-0.00988744521311881,0.0573472670114445
-0.342738174817432,0.296953156842626,-0.149269267001839,-0.079470494167249,-0.00980411268856191,0.0586938906714932
-0.327847097041817,0.321786068026202,-0.143878852285603,-0.0800894104910113,-0.00937574638292504,0.0604980706190826
-0.311680278926968,0.345606680743506,-0.140176190909488,-0.0812482702933181,-0.00909150010028717,0.0625158323592627
-0.299241957406172,0.358457783009474,-0.14259301990843,-0.0835974972411981,-0.00934210157957427,0.0644112657187776
-0.290619139361402,0.360265342159253,-0.150548853442281,-0.0869261596787327,-0.0100851316486381,0.066045752628922
-0.280992637499182,0.359912346576767,-0.159276167789255,-0.0903612047072175,-0.0109166589470208,0.0675247946445758
-0.265430307544336,0.366158933703144,-0.164258732329461,-0.0930938315440673,-0.0114494074535724,0.0689863592709953
-0.243490627767531,0.379238643031033,-0.165402476553361,-0.0950850775741904,-0.0116684963469139,0.0704245056069746
-0.219370215395236,0.391215267750312,-0.166637408051433,-0.0969710966724313,-0.0118988973282046,0.0716666155219372
-0.197716409327352,0.394086954454738,-0.171681636228085,-0.0993242109379774,-0.0124482165586004,0.0725146301321784
-0.168788008603213,0.405913073916382,-0.172214993965222,-0.100968046801328,-0.0126201761517282,0.073636963695441
-0.131679464871429,0.427987028167258,-0.168113668219384,-0.101985619507909,-0.0124136693417606,0.0751470902828342
-0.0937827540575107,0.447847566943823,-0.165489822927104,-0.10334370140595,-0.0123456350045456,0.0766851335096014
-0.0622674073103209,0.454479751011414,-0.169207821009829,-0.105707392387241,-0.012819143552839,0.0778385172931478
-0.0374075768643811,0.448100854573164,-0.178831176131793,-0.108943529263144,-0.0137971502369627,0.0785292113752633
-0.012843188044009,0.439019890214878,-0.189468447733547,-0.112305340940212,-0.0148809238942884,0.0790272653862786
0.017857051962423,0.437388480332661,-0.196435938834991,-0.115090038158373,-0.0156898746259335,0.0796220177987366
0.0552937727677563,0.444024616522941,-0.199540947769967,-0.117280762472893,-0.0162050996801671,0.0803601347346694
0.094160265104045,0.45072940769441,-0.202724458849787,-0.119462331294762,-0.0167349881683114,0.0810284230567695
0.128539491707766,0.44880871798214,-0.209846161199267,-0.122160474938494,-0.0175754734099517,0.0813676614735553
0.169889348030302,0.455251362816063,-0.212056673714492,-0.123970633324618,-0.0180233703876667,0.0819044775006862
0.218713551280521,0.470884125201047,-0.209143067399842,-0.12490072008246,-0.018072112866231,0.082688659371763
0.266008296744173,0.483012508624393,-0.207234172527389,-0.12584805752485,-0.0182016958363087,0.0832995026343057
0.303619484644491,0.4808917913467,-0.211135717258739,-0.1274380088278,-0.0187730826284597,0.0833181732814881
0.331607286364857,0.465350500239702,-0.220535207117401,-0.129641451626816,-0.0197601601659464,0.082747013462635
0.357503609106925,0.447156047411111,-0.230989846823542,-0.131958904030766,-0.0208374863283438,0.0819905360711504
0.388878628467565,0.436868052683001,-0.23816651599066,-0.133899832936426,-0.0216897656307497,0.0814580607327819
0.426833805143014,0.435918341162992,-0.241781238431016,-0.135487347623263,-0.0222991901240981,0.081251824582844
0.465939591251492,0.436811374877077,-0.245347794802086,-0.137194959139887,-0.022919629976176,0.081152718553332
0.499982135507795,0.431227375097273,-0.2523674600937,-0.139424356401237,-0.0237921241378096,0.0808759190854154
0.538599937892783,0.432486423581307,-0.254392085940831,-0.140597498996298,-0.0242700382398873,0.0806917702850518
0.58127717794791,0.440411819455243,-0.251299605572165,-0.140652076987933,-0.0243448360009541,0.0805695921298545
0.619009926259952,0.443482000615913,-0.248668662861272,-0.140354265771494,-0.0244097280249868,0.0801010558719621
0.644427025044735,0.432696682879894,-0.250728285639245,-0.140254183510376,-0.0247496209948322,0.0789342399877147
0.65862988327275,0.409784285499967,-0.257278568756423,-0.1404590053589,-0.0253602116014313,0.0771659580792395
0.669927086334705,0.385092102124737,-0.264715235652618,-0.140775927748682,-0.0260267352443451,0.075280375087052
0.686383378575686,0.368409940598261,-0.269554493440011,-0.140993640839065,-0.026541556230211,0.0737405109342474
0.709655524357148,0.361430087411728,-0.271551384361129,-0.141193328104432,-0.0269017780897579,0.0726835184983939
0.735069104474953,0.358135071406624,-0.273436543474497,-0.14169929147879,-0.0272860540702263,0.0719193837358945
0.75688878764961,0.351441822584818,-0.277974974029037,-0.142743096011869,-0.0278595350336008,0.0711726844183172
0.779767299686338,0.34900597504238,-0.278040956192453,-0.142660481839302,-0.0280691378066701,0.0704001431335925
0.802110543916202,0.349637985437623,-0.273619532235575,-0.141314699019259,-0.0278976453728635,0.0694980751836067
0.816622973951719,0.344390387100528,-0.269202377480862,-0.139307034584002,-0.0276296983834043,0.0681391758999671
0.818206412768397,0.32715597981602,-0.268045013077802,-0.137109055276903,-0.0274697607194256,0.0660970479390583
0.809289921300599,0.300531377516617,-0.27006334851181,-0.134972044586145,-0.0274442140958926,0.0635499533596594
0.798223543113713,0.273410330152546,-0.272809494962583,-0.133010294691754,-0.0274596931187916,0.0609869442232189
0.792857982028197,0.253856883760479,-0.273920869316333,-0.131280031121166,-0.0274188054473408,0.0588563791608167
0.795309252112052,0.243590624804727,-0.273198027054977,-0.129901975668484,-0.0273303413327559,0.0573070730245325
0.802082034282552,0.238478861595653,-0.272386349060143,-0.129036193215385,-0.0272960207103813,0.0561985827825672
0.808373554239802,0.233308013524166,-0.27326067907685,-0.12873641733407,-0.0274028833281319,0.0552994853559482
0.812377128102393,0.229106410823436,-0.270880135960319,-0.127395163031216,-0.0272268784686781,0.0542470198752484
0.811593964685948,0.223826754507778,-0.265383816885793,-0.124824828073373,-0.0267454420692871,0.0528818867496722
0.801463011141233,0.212047615380351,-0.25979222026753,-0.121456147167395,-0.0261363437489187,0.0510087891659143
0.7798463198803,0.191169442350576,-0.256112744641459,-0.11768429184423,-0.0255303052459398,0.0485598970007332
0.750382561115961,0.164534280377596,-0.254255829398126,-0.113857582451487,-0.0249724774763714,0.0457725611275726
0.720835666677996,0.139030404735699,-0.252880378200317,-0.110303262314851,-0.0244581988434707,0.0430832453176176
0.698102391165068,0.120296061541744,-0.250782441096785,-0.107258247409591,-0.0239722880029981,0.0408619449157801
0.684352646825528,0.109651799382275,-0.247862541477807,-0.104848691802594,-0.0235274445793104,0.0392383529726618
0.677098798535633,0.104670801214198,-0.244933567490052,-0.103085107875835,-0.0231605832578535,0.0381175674529836
0.672490567523043,0.102127265981842,-0.242758553413134,-0.101867688463942,-0.0228926676085269,0.0373277696377232
0.663222271788026,0.0975127464890555,-0.238952317314609,-0.0998370652455189,-0.0224608170542188,0.0362737024833313
0.646430411068291,0.0885122137185803,-0.233785564068719,-0.096805822482338,-0.0218504801088424,0.0347761929878897
0.620328009385111,0.0732644469800157,-0.228762526348375,-0.0930618215795376,-0.0211530655077748,0.0327859704646643
0.585398869632356,0.0523237470633813,-0.224632034351449,-0.0889199451575058,-0.0204354654165783,0.0303813998407834
0.545977360277437,0.0293088309381666,-0.221199354116193,-0.0847440347013195,-0.0197390052412076,0.027823261112238
0.508668472208599,0.00881430889986934,-0.217950120451,-0.0809158968731327,-0.0190926200241548,0.0254523527970136
0.478951597986101,-0.0060359310676672,-0.214541134208474,-0.077705144592102,-0.0185102910504157,0.023526583018892
0.458612305245809,-0.0146241400910636,-0.21094604855739,-0.0751883231623756,-0.0179932713803052,0.02213141177025
0.445913685549641,-0.0181034437734322,-0.207259942854732,-0.0732671521594084,-0.0175320034010541,0.0212092384985108
0.437859566754834,-0.0180274658013371,-0.20347868792593,-0.0717582400810866,-0.0171078038714398,0.0206472486142046
0.423996596622535,-0.0217544185464771,-0.199648145568947,-0.0697692406781987,-0.0166560109765076,0.0197630001271271
0.401637251535388,-0.0312213666076016,-0.196168201157909,-0.0671892696423426,-0.0161887278309411,0.0184005588196305
0.371180316533843,-0.0455693679042994,-0.193293251658676,-0.0641980189608082,-0.0157330379039688,0.0166328358512624
0.334798920034,-0.0623476271724446,-0.190783199688392,-0.0610078284062561,-0.015298218171184,0.014629928566985
0.296769901567232,-0.0783577520299943,-0.188232140229384,-0.0578799002312635,-0.0148892737615057,0.0126326813197089
0.262284170005213,-0.0911364414666078,-0.185499906006372,-0.0550861964716243,-0.0145141828422526,0.0108710465398864
0.23527727673641,-0.09970963269578,-0.18266290880684,-0.0527895193281551,-0.0141703161391409,0.00948395006038985
0.216978101724867,-0.104241169737936,-0.17971470387703,-0.0509771121941145,-0.0138372324424756,0.00850030468926767
0.206034738154424,-0.105248384666084,-0.176362884394023,-0.0494885736798469,-0.0134810740718857,0.00787522960179617
0.200079651685342,-0.10322439384937,-0.172226015579684,-0.0481333439099945,-0.0130731102449901,0.00753808557251133
0.188260913160817,-0.104691951435242,-0.169134856375342,-0.0466902526311495,-0.0127636493866242,0.00691596658012852
0.168531157968822,-0.110678320820229,-0.167627833105946,-0.0452011267600279,-0.0126048640632938,0.00591392500897797
0.14271439106048,-0.119138548223531,-0.167271384783534,-0.04377124891916,-0.0125802508636514,0.00467118122689542
0.113808436248074,-0.127355117741955,-0.167289652776357,-0.0424832893161415,-0.0126457803758995,0.00337993427968729
0.0854818684976566,-0.133281050062592,-0.167058408463552,-0.0413969225287154,-0.0127501075815949,0.00221532839727639
0.0612103619591244,-0.136307272678047,-0.166362694768063,-0.040533156774424,-0.0128451537712476,0.00128358889242253
0.0432368078154655,-0.136985677335244,-0.165215663586083,-0.0398396100407556,-0.0128850622247155,0.000608751290175229
0.032052276436195,-0.13610997293016,-0.163514391595746,-0.0391860807238011,-0.0128255776519403,0.00016035672676747
0.0266389274033063,-0.134057167267827,-0.160924608071076,-0.0384102831916509,-0.0126317677443513,-0.000109864185997916
0.0253078062338954,-0.130838766677994,-0.157122683756661,-0.0373973865413206,-0.0122919739077797,-0.000245399270917619
0.0190745268353183,-0.128580531645071,-0.154664568835305,-0.0366955752406573,-0.0121359738576092,-0.000510716757282707
0.00686153532208511,-0.12716057522984,-0.154257125245207,-0.0365497068424283,-0.0122546004218347,-0.00090826003246201
-0.0088701391597823,-0.125193032496284,-0.155503648358168,-0.0370112000363116,-0.0126086403893507,-0.00131092548156315
-0.0251694468302226,-0.12145337112485,-0.157691215047277,-0.0380108127345142,-0.0131160075892393,-0.00159411989518183
-0.0395110644891643,-0.115582033061574,-0.160034923903407,-0.0393470662970736,-0.0136713039334199,-0.0016936418954625
-0.0501873891102145,-0.10823251522078,-0.161881265987301,-0.0407303145459199,-0.0141659807531527,-0.00162189254938085
-0.0564668701763624,-0.100624679016791,-0.162774400844446,-0.0418581389749861,-0.0145083840345461,-0.00144619519180152
-0.058527773585908,-0.0938701294616671,-0.162427555949284,-0.042491372430991,-0.0146393121068014,-0.00124850704537188
-0.0571905729024333,-0.0885248094081232,-0.160693580813634,-0.0425038867995677,-0.0145391137648578,-0.00109166342754874
-0.0534689270048663,-0.0846886176080002,-0.157659276975425,-0.0419050236441583,-0.0142281542848814,-0.00100697392131734
-0.0529927794265745,-0.0775786367394344,-0.155329303280165,-0.0419284991487985,-0.0141127584227638,-0.000798653739718592
-0.0557639201191016,-0.066011751118336,-0.15458551151044,-0.0430165397568913,-0.0143041216555185,-0.000364645872533119
-0.0593231129811942,-0.0509408681365882,-0.155844098618677,-0.0452038680818749,-0.0147710481870803,0.000333546195998416
-0.0614075205902216,-0.033993310245922,-0.159099872210269,-0.0483006611204306,-0.0154296899437391,0.00128036999467367
-0.0608510485463274,-0.0167476715841524,-0.163606092018414,-0.0518707541618373,-0.0161505801546399,0.00240129084063535
-0.0576080200398863,-0.00031286829733812,-0.168020260812385,-0.0553307907518823,-0.0167839604018427,0.00358262244601511
-0.052294627455554,0.0145930718342093,-0.170987347811188,-0.0581358148758697,-0.0172016789375079,0.0047010033058596
-0.0456184993649043,0.0270881174941024,-0.171859804291704,-0.0599521423696165,-0.0173363426446707,0.00564247618082786
-0.0381215298568547,0.0359841294607737,-0.17093637068281,-0.0607221135823022,-0.0171943394771801,0.00631991774259014
-0.0302671295040211,0.0405166323172317,-0.168984138420075,-0.0606000689561736,-0.0168349649286473,0.00669955506787064
-0.0235913305681237,0.0531160613590642,-0.16634327509866,-0.0612298162784284,-0.0165945322524781,0.00749559724128633
-0.0171476375456541,0.0755341470898871,-0.164094523284345,-0.0631895190503533,-0.0165789079756896,0.00889853195764856
-0.00921611093222818,0.103398934958805,-0.164045699648405,-0.0665475409113068,-0.0168047018726486,0.0108032354072836
0.00115216462623913,0.131777514250816,-0.167296598886867,-0.0710675947143695,-0.0172345644916923,0.0130199437735416
0.0137056381304888,0.157559914266108,-0.173249125125448,-0.0761697249818336,-0.0177573054174279,0.0153407985228708
0.0273494767843943,0.180294470627017,-0.179729382096504,-0.0810726604235106,-0.0182099331934098,0.0175940634284688
0.0408807738339751,0.200566947971252,-0.184413055112862,-0.0850678552430209,-0.0184427578622105,0.0196412076148261
0.0534574581864709,0.218001340010913,-0.186313496522608,-0.0877737671833443,-0.0183888636321338,0.0213579859383315
0.06463772136145,0.230629022117173,-0.186204291238838,-0.0892020732448369,-0.01808268264771,0.0226339150966959
0.0741798947460417,0.236468542826097,-0.185615338636149,-0.0896209080067378,-0.0176173349162883,0.0234141628835876
0.0845097973783622,0.254594859808112,-0.182420515753307,-0.0906396870461919,-0.0171130306560748,0.0248606171859316
0.0970326239239121,0.286730558510675,-0.177856143579791,-0.0928721860317154,-0.0166518627497909,0.0272137093535516
0.111974784718892,0.324643719075818,-0.175475371498118,-0.0965046175212971,-0.0163463943830848,0.0302028380652344
0.128564741234355,0.360120686203377,-0.17777083484954,-0.101378927589323,-0.0162580834818884,0.0334658149599248
0.145474850211489,0.389495175806044,-0.184314401097162,-0.106912404377867,-0.0163290149279481,0.0367098233044469
0.16150145798412,0.414105772033128,-0.192073675480744,-0.11225049173323,-0.0163954908382259,0.0397702302676476
0.175876577073999,0.436806504775549,-0.197684086296841,-0.116605565645515,-0.0162854432175273,0.0425526594422967
0.188078230516007,0.457892224250708,-0.199863848279834,-0.119581146948227,-0.0159282022963456,0.0449462977009969
0.197555518347653,0.474292483894131,-0.19996331056914,-0.121269838312691,-0.0153910213877716,0.0468145359828012
0.203711705586645,0.482268161751476,-0.200303487402633,-0.122017824157674,-0.0148029302501285,0.0480590616346548
0.212139193562589,0.505044461756771,-0.196145185951846,-0.122952606689755,-0.0139888571533895,0.0500992550025226
0.224060227863507,0.543794907234606,-0.188728418479835,-0.124603190975617,-0.0129989383562028,0.0531717494024483
0.237490378641046,0.586791373303557,-0.183271817817013,-0.12734444447915,-0.0120781012313812,0.0568539829369742
0.249705487436734,0.623328209959866,-0.183594645142436,-0.131218812086071,-0.0114199305486047,0.0606562200123497
0.259027594118935,0.650249204390068,-0.189396246915396,-0.135764549613962,-0.0110266249727631,0.0642734122588527
0.265493241246955,0.671636795452026,-0.196888186456897,-0.140177609994604,-0.010724299462466,0.0676278179047184
0.269952042108865,0.693074202824591,-0.20180237800346,-0.143656941251994,-0.010296987465213,0.0707223755698117
0.2726155040216,0.715610276352404,-0.202733035450486,-0.145853825751261,-0.00966957154259851,0.0734886204021247
0.272418448394244,0.734765201252663,-0.201617187926606,-0.146930689825237,-0.00894451814139235,0.0757560944118227
0.267782794311683,0.744824182834479,-0.201493926073998,-0.147293316082508,-0.00829526336362441,0.0773663439782553
0.266286650189373,0.769739354134513,-0.195576525842422,-0.147290896440218,-0.0072699608017468,0.0797349750627995
0.268492316249916,0.809736985288005,-0.185012221177873,-0.147298340578521,-0.00589972502649211,0.0830401832449564
0.270002058206103,0.850958444569554,-0.176014855570805,-0.14787614962298,-0.00455692395796886,0.0867560054728052
0.266385585327423,0.881725365086261,-0.173200622016868,-0.149312057375972,-0.00355698298116502,0.0903407079663364
0.256465624147554,0.900299323831469,-0.176321764560671,-0.151339170537678,-0.00294011646702286,0.0935529067592539
0.242546769584396,0.913646223688338,-0.181173067652447,-0.153286471694326,-0.0024963593062397,0.0964645134021986
0.22773305917653,0.929634424046043,-0.183212809667717,-0.154459621090365,-0.00196545130177006,0.0992155764002322
0.212966371284395,0.949710796303134,-0.181151796625438,-0.154588715431962,-0.00126474036444529,0.101790120592716
0.196321019593278,0.968160201767794,-0.177382452071732,-0.153909192673063,-0.00053626442177318,0.103988402028755
0.174977237410067,0.977827614146117,-0.175236523460938,-0.152833655814008,9.07687181855854e-06,0.105591481487149
0.157529129002855,1.00028666218101,-0.166839978778389,-0.150894881596678,0.00100501722684676,0.107770986780656
0.14389052943756,1.03472774107002,-0.153157244151698,-0.148301885144333,0.00242277346690573,0.110606848668521
0.127721080187892,1.06666633950082,-0.140714223719087,-0.145781970274161,0.00379155213521071,0.113530347358451
0.103594399067379,1.08501437948758,-0.134234747223174,-0.143823970171341,0.00472358765753872,0.116020364576585
0.0713301433277254,1.08994316199416,-0.133471502580215,-0.142364648199262,0.00517427778785862,0.117958200312599
0.0355707315805063,1.09076255745014,-0.134191007432662,-0.140886969445908,0.00541026905717604,0.119594585137092
0.00135211894642762,1.09685418656666,-0.132024092989948,-0.138829058441079,0.00574360093111623,0.121224591411205
-0.0301500671528965,1.10954013033557,-0.126102812512663,-0.136042091635198,0.00625111660229455,0.122889380731194
-0.0618895574848324,1.12218197121522,-0.119091037068383,-0.132825860121121,0.00674874709258858,0.124362911852276
-0.0977687988770177,1.12682022963945,-0.114314341634585,-0.129588071873362,0.00699003911034332,0.125367632179597
-0.128680773160535,1.14024624502364,-0.104076439653841,-0.125305215017294,0.00765345627646494,0.126674256672326
-0.154742610343567,1.16124351999259,-0.088957134279779,-0.120043884456061,0.0087200700604288,0.128273358139035
-0.182997065354751,1.17685853702505,-0.0748122487199078,-0.114590784241638,0.00969343843951082,0.129626528490335
-0.219077650568871,1.17788706464356,-0.0658538591887465,-0.109539377874843,0.0101749680142762,0.130286782038648
-0.262304909256868,1.16633400083651,-0.0617386837433231,-0.104948381887653,0.0101522714087463,0.130278813183417
-0.3069410431406,1.15241888091505,-0.0587730338451364,-0.100457573014195,0.00993329932328976,0.130028694944589
-0.347588834736699,1.14521654002489,-0.0534410442584687,-0.095662292134476,0.00984047504079755,0.12995076485917
-0.383467547800766,1.14557072080703,-0.0453336071753394,-0.0905083822320788,0.00993550726294474,0.130131601898493
-0.418384100477915,1.14670033690572,-0.0370666292220632,-0.0853306177184628,0.0100022376985771,0.130332304193027
-0.456510711380455,1.14139820417539,-0.031397117252479,-0.0804878430096907,0.00979254689206828,0.130262217211113
-0.48805667595564,1.14068524114489,-0.0217617027379386,-0.0747776483048113,0.00992707070299659,0.130238031743952
-0.512689832040508,1.14344111197753,-0.0084150004510799,-0.0682095513940371,0.0103981024255802,0.130192748094155
-0.536970492231785,1.13981004436649,0.0041796208981757,-0.0614890837869066,0.0107635750832831,0.129669499822356
-0.566285503494604,1.12317706796281,0.0127704170535168,-0.0551831463075348,0.010666720278155,0.128316260351691
-0.60005675994817,1.09641400913436,0.0176466131003621,-0.0493938398427078,0.0101221440808326,0.126272529917277
-0.633321455737497,1.06879836411841,0.0215156645502281,-0.0438726936433364,0.00943321742894614,0.124082636382031
-0.661566146548838,1.04809840595878,0.0268956430020024,-0.0383175683085583,0.00890523696550516,0.122248566351605
-0.684789822548686,1.03472220342394,0.0338483989230802,-0.0327221169443673,0.00857837362100439,0.120898626322015
-0.706931387748171,1.02285724977724,0.040306336080655,-0.0273717498364435,0.00823855840336762,0.119796120387818
-0.731711835610168,1.00680699965716,0.0443568541508581,-0.0225295565872184,0.00766590755936525,0.11864391742582
-0.749245742654414,0.991515679847341,0.0504586894154819,-0.0172806555700961,0.00732138554943465,0.117336156701499
-0.75837961900756,0.976473951277953,0.0587162901562319,-0.0116091486322499,0.00722797826450078,0.115783620929233
-0.76436528650151,0.956016226320651,0.0664295270343747,-0.00602451957992578,0.00706282982363773,0.113674018450784
-0.771835594704691,0.926702334518016,0.0716487798378491,-0.000933070097623445,0.00656156569792921,0.110783534050671
-0.781137015476176,0.891331117017717,0.0745464627165751,0.00360145653816635,0.00574595364836078,0.107320506653468
-0.789348983467968,0.856613004771209,0.0766853152620994,0.00778224872055611,0.0048624886901823,0.10384459213207
-0.793931897350639,0.827705534005142,0.0793995983468418,0.0118379397323831,0.00414485682286042,0.100861002620172
-0.795633649859026,0.804567462405993,0.0825492499112244,0.0157807204017217,0.00360719486273914,0.0985072679125452
-0.797661544698032,0.783308295951077,0.0849309085153918,0.0194341800967279,0.00307756844300805,0.0965763585339616
-0.802714864876303,0.760408970354499,0.0855655072208368,0.0226419098390873,0.00238968332105272,0.094809310267926
-0.800841335897404,0.736567054459522,0.0870068229435415,0.0258372764032071,0.00185568140466646,0.0927806344664278
-0.790564300000694,0.711654503949873,0.089432345124548,0.0290039668723958,0.00151192962333446,0.0903986842516036
-0.775780809039313,0.683503976450361,0.0916100882306861,0.0318641736841823,0.00115924355986263,0.0875009193961093
-0.760404840854387,0.65109722584932,0.0926570498381896,0.0342099636397195,0.00062113078847148,0.0839844686116631
-0.745807319659879,0.616522788098575,0.0926301451078233,0.0360599924073728,-9.35396755296081e-05,0.0800759958251234
-0.731074870772858,0.583618141069383,0.0921604271983902,0.0376168202622948,-0.000816098748395611,0.0762782313831
-0.715437721767507,0.554958514407172,0.0916848309813814,0.0390805577521021,-0.00139690122103464,0.073034601256747
-0.699879951939375,0.530295987271693,0.0910466479436556,0.0405020689287354,-0.00183555957505627,0.0704725064202342
-0.686592489553731,0.507539115886239,0.0897593180828213,0.0417992365331836,-0.00225385163441638,0.0684250712403504
-0.677199735230865,0.484926937160893,0.0875100997221248,0.0428894539786326,-0.00276581970968759,0.066678216408991
-0.662255624308832,0.461283736763082,0.0855593594561039,0.043724547399647,-0.00317289214760719,0.0646020096587577
-0.640174013820284,0.436809675934519,0.0840889046188895,0.0442607259875001,-0.00342901213682223,0.0621206031257552
-0.613695272889474,0.411440071601671,0.0827321354427966,0.0444219253284901,-0.00363282202860471,0.0592273068937003
-0.585881067486837,0.385438019874446,0.0812303046942722,0.0441771161679747,-0.00388588305194215,0.0559413944888323
-0.558662014711239,0.359891924172164,0.0795363142023646,0.0436155475621025,-0.00420087834744154,0.0524654164202034
-0.532698250158531,0.336149166073305,0.0776700216045789,0.0429215229791673,-0.00450537551015262,0.049161654902696
-0.508345820261904,0.314896682253007,0.0755778232227158,0.0422688545132892,-0.00472905643387544,0.0463518906181786
-0.48643523607046,0.295841166604252,0.0731344727251706,0.0417323104831373,-0.00487621057821064,0.0441464315789502
-0.468117014344264,0.278183956993619,0.0702553210943897,0.041290018755193,-0.00501562108940257,0.0424509934305408
-0.454127930108981,0.261273300984524,0.0669450457614058,0.0408962397884503,-0.00521461511626675,0.0411206235693509
-0.436094462641484,0.244325728066201,0.0640114564218983,0.0402030154625161,-0.00533207994016893,0.0394395348597405
-0.412516519687492,0.227669977050247,0.0616052170626364,0.0391577325605774,-0.00531901048450523,0.0373457075694524
-0.385258108527394,0.211704186931495,0.0595950389613957,0.0378183032696535,-0.00521098354020155,0.0349595550011869
-0.356599411417966,0.196725724423366,0.057843071472206,0.0362641871507499,-0.00506110076726429,0.0324036860214708
-0.328539015546513,0.182949187973161,0.0562108474457776,0.0346059194939461,-0.00490477331307804,0.0298376953355967
-0.302443849340487,0.170425586802256,0.0545367148915208,0.0329752720749559,-0.00474697580827532,0.0274572314197206
-0.279198513322565,0.158980068928397,0.0526512424100307,0.0314871298722239,-0.00458389104214341,0.0254330640878929
-0.259390514655963,0.148300353057586,0.0504397472247398,0.0302065064104271,-0.00442305018863454,0.0238501212486535
-0.243488691925825,0.138091252569271,0.0478893847639483,0.0291362766722336,-0.00429454386012551,0.0226853188966237
-0.231672953903263,0.128146179005629,0.0450481273702383,0.0282463510818955,-0.00422958073860458,0.0218653909895215
-0.216877279598219,0.119211802300015,0.0428295684211371,0.0271391381984563,-0.00408550896963622,0.0207245665008664
-0.19786589645994,0.111676951702076,0.0413847117307036,0.0257812043084755,-0.00381553425534242,0.0192115162109058
-0.175871607841091,0.105433525523416,0.0404635601239285,0.0242989814528598,-0.00342227772635706,0.0175258291095187
-0.152588984782706,0.100176082557386,0.0397864051899006,0.0228161380360057,-0.00293608888164143,0.0158497587182697
-0.129779811265168,0.0955816670033833,0.0391489377583873,0.0214120815434324,-0.00241032932205543,0.0142944249874786
-0.10890458644585,0.0913748700411539,0.0384228715041637,0.0201272768107437,-0.0019005365464837,0.0129179246122422
-0.0909799792119457,0.0873113246798489,0.0375177813398313,0.0189806291650367,-0.0014507194916874,0.0117543111574525
-0.0765125490372554,0.0831505457374639,0.0363515761679363,0.0179867730262733,-0.00108412733015872,0.0108345065109233
-0.065600888031681,0.0786781170167039,0.0348601463781595,0.0171554429039034,-0.000807789682374604,0.0101794551207821
-0.0580699921636256,0.0737703079755718,0.0330291976676858,0.0164797285920124,-0.000621609187054784,0.00978108484948773
-0.0483363271571746,0.0702715239034823,0.0318997912803169,0.0157268198117753,-0.000346004905613428,0.00915249219490083
-0.0354310760598744,0.0685143893085325,0.0316104738016332,0.0149110384225137,7.02035469145601e-05,0.00827169739027954
-0.0201859897973629,0.0678421342649038,0.031793804841886,0.0141744015225875,0.000633451218140291,0.00734656769132974
-0.00385385066234889,0.067513983324023,0.0320804703231286,0.0136246862218075,0.00131580188789171,0.00654865514160627
0.0121244622151648,0.0670822026825775,0.032267478477463,0.0132697989858797,0.00204790198776994,0.00592920840077539
0.0264414890117131,0.0663895308097757,0.0322911467228248,0.0130396071846461,0.00274361033019399,0.00545102822427687
0.0381753674413843,0.0653738256947207,0.0321215583121326,0.0128471771020076,0.00333089822628507,0.00506223757338828
0.0469885763945341,0.0639015953090727,0.0316930249106857,0.0126574563926038,0.00378005755542632,0.0047597254858404
0.0529702856640872,0.0618378955869332,0.0309468995494289,0.0124771463888043,0.00409251688738566,0.00456686147376001
0.0563514859239178,0.0591531552374107,0.0298779620983982,0.0123057573063159,0.00427532899435767,0.00448660353536481
0.0611370186861424,0.0575355414456098,0.0293461887137347,0.0121856896575414,0.00455485861694749,0.00429208484430882
0.068031533153837,0.0570954638799535,0.0294216677458952,0.0122003323892599,0.00499418027880572,0.00401347996975675
0.0764736058852069,0.0570927757743611,0.0297789189617497,0.0124756516730922,0.00559649904880144,0.00381833426032882
0.0856425328492394,0.0569019028411475,0.0301459045453569,0.0130757413225326,0.00633032525426902,0.00382060829629458
0.0944714472143779,0.0562920332065318,0.0304025218249908,0.0139270647074905,0.00711619010268072,0.00400707167114613
0.101907180719797,0.0552841154973223,0.030507223073533,0.0148544079458399,0.00785278795568123,0.00428019916325313
0.107234701646605,0.0539106886084895,0.0304087351308269,0.0156804289659151,0.00845593755082796,0.00454522193370523
0.110283098673732,0.0521715932398088,0.0300666658067463,0.0163250198707865,0.00889014359339246,0.00476813920849864
0.111276773197486,0.0501097593501854,0.0294973007119843,0.016795356427366,0.00915784162468369,0.00495755790609954
0.110548798075979,0.0478441565724097,0.0287625652669838,0.0171047615939091,0.00927060889644182,0.0051137829823049
0.110411333585138,0.045787921136295,0.0281915406701891,0.0175640690194923,0.00948749777371349,0.00529345186087007
0.11123733602309,0.043789983930008,0.027761551715189,0.0183073943420635,0.00987734799260342,0.00557102853354113
0.112721771145,0.0415840714737854,0.0273807867301734,0.0194226553846444,0.0104343951185043,0.00603424464932012
0.114360662188753,0.0391428481457901,0.0270406462296648,0.0209052861739256,0.0111119995372895,0.00670063429015551
0.115500512426403,0.0366001634256925,0.0267579250210641,0.0226268290221128,0.0118312651305166,0.00750308839576511
0.115479813381101,0.0339913284909414,0.0264551443115302,0.024367436527194,0.0125007951259283,0.0083343362837936
0.113900740979836,0.0312487492103166,0.025994197495498,0.0259118968934471,0.0130441734311935,0.00910082245788622
0.110769083225057,0.0284452657327137,0.025345407192134,0.0271507242943898,0.0134222702907987,0.0097492451008918
0.106380828716468,0.0258775683193271,0.0246383636570915,0.0280717969645539,0.0136263817150117,0.0102507842118877
0.101097098629024,0.0238347691920069,0.024025023980256,0.0286859769143908,0.0136606510140819,0.0105836578332518
0.0956943593204658,0.0210894918048119,0.0231490624243662,0.0294901038194977,0.0137995425414871,0.0110618273899281
0.0902447402024285,0.0172874154862512,0.02189140590378,0.0306437119447147,0.0141128374983386,0.0117959668806671
0.0846215493926339,0.0128677939465334,0.0204573081305259,0.0321772150906474,0.0145779135273152,0.0127765501336567
0.0786202185128939,0.00856058469387833,0.0191701120082541,0.0340346720250857,0.0151363581877292,0.013921437850014
0.0719464128688152,0.00480139322673523,0.0181782140640241,0.036056392542652,0.0157131465108538,0.015119284387679
0.0644028424195424,0.00151925442326473,0.0173670456413966,0.0380476644216143,0.0162468569932446,0.0162876590317987
0.0559812549434247,-0.00154213473830822,0.0165197892452795,0.0398241029604247,0.0166881997291828,0.0173683480545935
0.0468792987536686,-0.0042987131782688,0.0156106426839866,0.0412764566545125,0.0170020275680569,0.0183044790547268
0.0373833574479292,-0.00631433787904712,0.0148301757910332,0.0423608355656828,0.0171623399851667,0.0190294584811886
0.0277640721317693,-0.00725008897754975,0.0143620152790938,0.0430561401413192,0.0171532805918034,0.0194894779548056
0.0176735136106325,-0.0094669454034495,0.0133082226875754,0.0439162589866382,0.0172401280766284,0.0201725015131028
0.00700970257378675,-0.0133684692404827,0.0114925015721337,0.0450992339715739,0.017490103503621,0.0212100023960374
-0.00426001703035883,-0.0179571743051063,0.00934996607983329,0.0465797689632095,0.017861494868519,0.0225046483209105
-0.0162160572069876,-0.0220382558966534,0.00741818520502058,0.0482510994264331,0.0182789394399082,0.0238871480169365
-0.0288261755889856,-0.025017802210062,0.00596479333921174,0.0499890003722063,0.0186872754072925,0.0252327036967452
-0.0418412736367406,-0.0270857668119433,0.00487068898507914,0.0516799527697283,0.0190672646264262,0.0265073515105164
-0.0548988225142333,-0.0286255003469904,0.00389543016361404,0.0532142880987523,0.0194062638470744,0.0277047539453494
-0.0676891395385804,-0.0296170675009719,0.00299166598494693,0.0544978997562746,0.0196761735820655,0.0287779567862014
-0.0800566521142825,-0.029645622232227,0.00234131777050006,0.0554505035185657,0.0198304364110604,0.0296269555460641
-0.0919271910322665,-0.0284923763183329,0.00208471789676157,0.0560098496012686,0.0198298982471771,0.0301689127989037
-0.104083513148444,-0.0287143989314416,0.00111334870147495,0.0566478401032868,0.019904643858231,0.0309465925789346
-0.116633506358854,-0.0306040238733196,-0.000746961471587149,0.0574961863015742,0.0201147125589796,0.0320912741080582
-0.129648240841873,-0.0330306993395126,-0.00299869918682472,0.0584941364571083,0.0204033603940291,0.0334509507256466
-0.143263037142389,-0.0347913663588439,-0.00505756499941601,0.0595207957318791,0.0206851356237224,0.0348077975494397
-0.157303078322437,-0.0353644832996611,-0.00663053867131058,0.0605013334366489,0.0209231443172769,0.0360452704847679
-0.171192853787008,-0.0349064804847874,-0.00776844955592182,0.0614390887806586,0.0211449412017363,0.0371890297165456
-0.184282226656846,-0.033723785118605,-0.00864736946990874,0.062324991942748,0.0213791849372559,0.0382899126706905
-0.196256059865333,-0.0318499711039912,-0.00932871291109016,0.0631000161725825,0.0216102414971985,0.0393221420998659
-0.207216989833508,-0.0291614813403278,-0.0097581922707759,0.0636471855349949,0.0217738716531602,0.0401726526006203
-0.21737954992051,-0.0257464283711482,-0.00992377310611747,0.0638560990650956,0.0218076308056502,0.0407385218144993
-0.227177585470194,-0.0234317450206305,-0.0107326211015177,0.0640372507672304,0.0218904220821515,0.0414940682300108
-0.236586852292149,-0.0222816358996063,-0.012287269587925,0.0642763765487779,0.0220677202074844,0.0425431557258266
-0.245893567766137,-0.0214534979257142,-0.0141900649495126,0.0644985906691578,0.0222714255572669,0.0437131007980357
-0.255484125783143,-0.0201975526264047,-0.0160080145869275,0.0645926259362466,0.0224128862406093,0.0447847961070667
-0.265239370412038,-0.0181715617109468,-0.0174864037542655,0.0645574123258168,0.0224783872742653,0.0456792566955068
-0.274402510685766,-0.0153391846036222,-0.0185797207042411,0.0644963516302404,0.0225338370831982,0.0464778833398769
-0.28219196892536,-0.0117272669587294,-0.0193412130671975,0.0644946915234224,0.0226444317021877,0.0472834759416988
-0.28837698137724,-0.00739681452805385,-0.0198491199541646,0.0645244817140067,0.0228066784861857,0.0480962137666165
-0.293379682242631,-0.00257739548882618,-0.0201986685788444,0.0644505256588133,0.0229459276247563,0.0488033471826043
-0.297716115957874,0.00228201827506602,-0.0205274207303221,0.0641322608300192,0.022985168747557,0.0492956663269472
-0.300990048009608,0.00644300312021073,-0.0212702807414402,0.0636884672260913,0.023038230714744,0.0498761709732776
-0.303003551170274,0.0100532346119628,-0.0224222421209586,0.0631694827635008,0.023137916398529,0.0506111811894799
-0.304330382068301,0.0134218810252431,-0.023798119756373,0.0625112265847141,0.0232165914618745,0.0513513923581085
-0.305712701269299,0.0166959835946088,-0.0252147242895964,0.0616402287348052,0.0231947474319114,0.0519216987758024
-0.307219744289634,0.0200334178966202,-0.026509352142071,0.0606030356865199,0.0230732295457635,0.0522860603357127
-0.308124356845299,0.0237691092378025,-0.0275419535694477,0.0595681678362057,0.0229409492816817,0.0525664423507429
-0.307606840290219,0.0282479512476321,-0.0282437346424018,0.058682101482703,0.0228888322619455,0.0529060692398526
-0.305526174480795,0.033460604124409,-0.0286902797975124,0.0579484236302501,0.0229277983069763,0.0533343485055489
-0.302520046673867,0.0388630938622345,-0.029118231957785,0.0572300952769609,0.0229849239046537,0.0537585857908553
-0.299325633146797,0.0437257508284432,-0.0297854434812423,0.0563760422993396,0.0229789627846292,0.0540755081567281
-0.294801451454879,0.0481551268360487,-0.0305729116443487,0.0553369962780506,0.0229458447368961,0.054347221263453
-0.288679762580617,0.0524089859424439,-0.0313667056785887,0.0541410450135278,0.0229046269072076,0.0545950183723979
-0.281735631469139,0.0563561108591255,-0.0321871543991188,0.0527605493669696,0.0228046785031931,0.0547284738075415
-0.27491446748965,0.0597022364465509,-0.033087529359638,0.0511653968212693,0.022588139924851,0.054647001200209
-0.268459215611847,0.0625087199207943,-0.0340231533873023,0.0494342206927973,0.0222708879941355,0.0543689603044704
-0.261784405984151,0.0653321729354239,-0.034835758781337,0.0477430710142459,0.0219443716135282,0.0540357222989293
-0.254160576875401,0.0687978410812597,-0.0353884746550417,0.0462441418464532,0.0217017446769358,0.0537991776684827
-0.245494123166596,0.072977894491201,-0.0357549158932979,0.0449589308141127,0.021565303398771,0.0537148591237722
-0.236435129215015,0.0772395396903409,-0.0362274920170456,0.04377743486221,0.0214799912478983,0.0537285701766411
-0.227667978930291,0.0808407803426601,-0.037089079924665,0.042576436105852,0.0213820091735252,0.053767486214874
-0.217873825205182,0.0840811333311073,-0.0377913420306091,0.0412051542334744,0.021228598988149,0.0536483666722324
-0.206859705002775,0.0871572982431008,-0.0381575877298177,0.0396713616097151,0.0210207780611086,0.0533425910676676
-0.195462222978609,0.0897111868757374,-0.0383580669016532,0.037973319805169,0.0207272958572885,0.0528210959876263
-0.184585620901367,0.0913269358777491,-0.038598814582302,0.0361180257913718,0.0203192098016341,0.0520658463247337
-0.174447784648478,0.0921248027319397,-0.038925091910746,0.0341949200423587,0.0198280561714093,0.0511497759575404
-0.16453825291409,0.0928043041279718,-0.0392152192388635,0.0323568743469694,0.0193410735342721,0.0502283918597021
-0.154259350593852,0.0940842456963864,-0.03935184287071,0.0307271994379524,0.0189398657991869,0.0494467700476299
-0.143530017531305,0.0960869540744662,-0.0394133665209471,0.0293209971694141,0.018647683122274,0.048867719956706
-0.132850549402717,0.0982779242982712,-0.0396689314869207,0.0280556077322732,0.0184280881833073,0.0484668100989495
-0.122748032493476,0.100033869060482,-0.040365972166498,0.0268368069509285,0.0182348248036257,0.0481956036237278
-0.112383579063748,0.101235064153639,-0.0407523843996991,0.0254923705723601,0.0179617479065484,0.0476836215622415
-0.101671883579028,0.101979584535088,-0.0406156922421217,0.0240321544740197,0.0176011477367666,0.0468738046675637
-0.0911387286254453,0.102098128521638,-0.0401378030747828,0.0224881933368124,0.0171552845984347,0.0458073381992408
-0.0813619521316813,0.101361644875325,-0.039572609530611,0.0208872831948476,0.016625835218011,0.044538737667198
-0.0724967159808774,0.0999154021633979,-0.039068866391788,0.0192910563299949,0.0160459827392185,0.0431700454611809
-0.0642003071092647,0.0983301776045682,-0.0386185932664389,0.0177904885245603,0.0154789023016215,0.0418376110826584
-0.0560002605448444,0.0972240322665234,-0.0381744655098002,0.0164596834500236,0.014985951462506,0.0406662739775451
-0.0477173182350725,0.0968237122878532,-0.0377870640687004,0.0153125407503871,0.0145935059427892,0.0397238758629435
-0.0395331393813931,0.0969043164186063,-0.0376163692291516,0.0143058980675391,0.0142900711213381,0.039017009976165
-0.0317121515558259,0.0971019793744938,-0.0378211267624099,0.0133809425053908,0.0140505108203587,0.0385220906844697
-0.0243578201051453,0.0965110297330414,-0.0376949640463579,0.0123844929547219,0.0137202830720812,0.0377579879562492
-0.0175639631390672,0.095032598923301,-0.0370637923196907,0.0113224613729012,0.0132816444647115,0.0366496292879213
-0.0114229414332101,0.092832192006175,-0.0360516913478257,0.0102423854920572,0.0127647157305433,0.0352878738201438
-0.00601438625994311,0.0900779141601094,-0.034851718378002,0.00918314331180431,0.0122007879542163,0.0337811650434734
-0.00128747454505662,0.0870220364308345,-0.0336343453309201,0.00817936524531548,0.0116253939163643,0.0322439625720614
0.00295838482490707,0.0840121662695683,-0.0325041461166445,0.00726298072456905,0.0110769795985182,0.0307847079114068
0.00698208874344974,0.0813907128350726,-0.031517021727741,0.0064556007790022,0.0105894058534594,0.0294919057680267
0.0109792095009436,0.0793731466856467,-0.0307176627118015,0.00576063938161797,0.0101835038002053,0.028422329633767
0.015020311101535,0.0779953872310197,-0.0301586273806879,0.0051626442221227,0.00986389481249864,0.0275976504486757
0.0191010760756436,0.0771829032377571,-0.0298831133236449,0.00463708008676336,0.00962443890279896,0.0270132880158377
0.0223691818731839,0.0755030594844919,-0.0293476800113723,0.004083042438111,0.0093010926805116,0.026189096395282
0.0246520735235403,0.0727610166104165,-0.0284234388133784,0.00350648011681562,0.00887438657700407,0.0250524529786875
0.0261826289319815,0.0693688650324842,-0.0271679356304544,0.00295034478542597,0.00838668186783573,0.0237096130109302
0.0272248472397489,0.065752906524212,-0.0256998490097078,0.00244644788536941,0.00788136547062021,0.0222826775999383
0.0279511408995581,0.0621874175569657,-0.0241836735694956,0.0020045497790435,0.00738974241779486,0.0208760468622482
0.0284618582828466,0.0588196107251604,-0.0227784323992919,0.00161944289813892,0.00693162232698463,0.0195674063060365
0.0288762789503396,0.055785549965659,-0.0215845921314308,0.00128452360287239,0.00652240457150807,0.0184132125050176
0.0293704641559236,0.0532617161938322,-0.0206294548899982,0.000998157042506151,0.00617642455514743,0.0174532646866298
0.0301251516304681,0.0514144035806354,-0.0198946204669532,0.000760376135328845,0.00590426729937112,0.0167095504194051
0.0312404996854854,0.0503111450862281,-0.0193578928196891,0.000566015623440258,0.00570797501324605,0.0161834057727679
0.0315465011233589,0.0484084564271456,-0.0186845361518841,0.000359678624058883,0.00544372210176798,0.0154777636474925
0.030880414346607,0.0455143864234802,-0.0177915013775951,0.000147265322363706,0.00509591507936318,0.01453715367609
0.0296551743934392,0.0421673188976257,-0.0166703348518733,-3.67208805876068e-05,0.00470908533385946,0.0134607445548813
0.0282778997523963,0.0388809634127094,-0.0153666473328267,-0.000169797541148681,0.00432599791570069,0.0123552645234619
0.0269328061590435,0.0358712251011042,-0.0140125621499538,-0.000256962876605607,0.00396941885836391,0.0112985510263088
0.0256237323064732,0.0331234254517434,-0.0127702648969352,-0.000319794085196209,0.0036453040589302,0.010336169957443
0.0243538197438822,0.0306214245518037,-0.011743246415755,-0.000375276334683525,0.00335632599637319,0.00949560806323102
0.0232409052593074,0.0284802811378888,-0.0109403206850887,-0.000425285284495563,0.00311038645533002,0.008798476250377
0.0224718190366047,0.0268912803295278,-0.0103091577418959,-0.000462023997642363,0.00291807712376231,0.00826066166827544
0.0221643968312213,0.0259695175846502,-0.00979860633198859,-0.000480535103970947,0.00278408402545269,0.00788443639080538
0.0213137288860583,0.0244996727172953,-0.00924413870017049,-0.000506004033237584,0.00260678043289392,0.00740261959211097
0.0198049043852859,0.0223389552616906,-0.00860407161302534,-0.000535180676065505,0.00237596554996468,0.00678051504776278
0.0180063098593468,0.0199346771424902,-0.0078492664784493,-0.000546800525658891,0.00212556159481877,0.0060893194536038
0.0162626966684098,0.0176987818634702,-0.0069849251248244,-0.000527586384354489,0.00188705040251997,0.00540204974831382
0.0147079268503505,0.0157681758491324,-0.00609344275574264,-0.000485030479067977,0.00167437229488057,0.00476607686234798
0.013305595604185,0.0140717690974852,-0.00529026244962827,-0.000438494658511868,0.00148714476967978,0.00420253421514005
0.0120098831765549,0.0125411836401774,-0.00464592011301557,-0.000401720091362856,0.00132277001584659,0.00371978498482861
0.0108718360373756,0.0112280989747826,-0.00415780870072702,-0.000375231374393548,0.00118397828188702,0.00332508918681895
0.010006426795387,0.010257969944375,-0.00377881969112748,-0.000351330569644037,0.0010768747991713,0.00302498905330151
0.00948441332220318,0.00971050378187033,-0.00346507170947818,-0.000323738282065444,0.00100435494046598,0.00281904932285115
0.00872124848647848,0.00889994267504046,-0.00315519667825281,-0.000302037341859518,0.000912296374232419,0.00256997254823288
0.0076651647325332,0.00775530411993119,-0.00283247666278585,-0.00028491400533498,0.000796152818476368,0.00226181246261303
0.00653189861669334,0.0065358636536319,-0.00247338958992405,-0.0002620248974331,0.000674783549406217,0.00193267114451445
0.00550516915146071,0.00546377830061784,-0.00207254111852384,-0.000227220603202183,0.000564485855284928,0.00161886150504298
0.00464157264975573,0.00459291598647638,-0.00166954219983984,-0.000185409820533833,0.000471049258361703,0.00134091837949102
0.00390528642557331,0.00386232365638839,-0.00132145226114622,-0.00014697057593499,0.000392442155267137,0.00110486403113719
0.00325801481694343,0.00322066053612413,-0.00105769645548603,-0.000118067394728305,0.000325837309359353,0.000910264322773191
0.00271058026008619,0.00268233002640039,-0.000869956475570088,-9.77959737019085e-05,0.000271327188505726,0.000756755879984361
0.00230201536596919,0.00229576333568482,-0.00073173436312457,-8.17104369865707e-05,0.000230644057805696,0.000644415880271088
0.00204841241716558,0.00208674761469563,-0.000620681588278771,-6.63030246602636e-05,0.000204093060419325,0.000570726908911467
0.00174899511657278,0.00181348996364328,-0.000522545366405058,-5.45486447954269e-05,0.000173578876105622,0.000490119766930808
0.00139169333677192,0.00145325791909912,-0.000433126034170783,-4.61778498105359e-05,0.000137982664330207,0.000397831781956626
0.00104500715210287,0.00109412585740387,-0.000342827353228436,-3.7810982185027e-05,0.000103474828988212,0.000306110999746978
0.000757387185857494,0.000804803893636463,-0.000247570593396862,-2.73840261993952e-05,7.4733429768982e-05,0.000225375609321121
0.000535877718111699,0.00059298639536387,-0.000158507619326009,-1.64640502495206e-05,5.26897346324517e-05,0.000160124497804559
0.000365346732964511,0.000431204172702149,-9.12821780345574e-05,-8.04795070363795e-06,3.59825296355504e-05,0.000110197294076242
0.000233749723344667,0.000300075820799273,-5.03655292392047e-05,-3.2736718465487e-06,2.33045125790604e-05,7.35604960000469e-05
0.000139219679275104,0.000199915260988393,-2.9273810177699e-05,-1.20010274429205e-06,1.41550710937442e-05,4.83141864284775e-05
7.99418460617485e-05,0.000135876063547369,-1.94967822721992e-05,-4.42118277488301e-07,8.19061829992161e-06,3.27808202090774e-05
4.5847170663027e-05,0.000105648816883241,-1.52922155374213e-05,-1.31636835931648e-07,4.66854583190028e-06,2.48298732935526e-05
1.94112352585041e-05,7.90080268976423e-05,-1.517057089373e-05,-5.74481712922736e-07,1.82428488955345e-06,1.89456089967344e-05
1.21580231327023e-06,5.15467382139478e-05,-1.83339261194959e-05,-1.67330543915378e-06,-4.33910462312084e-07,1.41401889709458e-05
-7.36531009248864e-06,2.94104122833261e-05,-2.32924916105937e-05,-3.0227390352966e-06,-1.83112958182042e-06,1.09252840101437e-05
-9.96416202303507e-06,1.63452808077391e-05,-2.89375533273351e-05,-4.34381081754198e-06,-2.38530744949353e-06,9.5350421223106e-06
-1.09910592722695e-05,1.06962416959178e-05,-3.53773287806725e-05,-5.67171518445209e-06,-2.37040803951127e-06,9.70628537122487e-06
-1.06652420941433e-05,8.8381623812861e-06,-4.30051560234013e-05,-7.13478569386305e-06,-2.02924763660541e-06,1.09623266383307e-05
-5.99483530638878e-06,9.09094676559974e-06,-5.10376411075875e-05,-8.64041131704019e-06,-1.43720723669218e-06,1.28247629936906e-05
4.00484799456535e-06,1.13052961843163e-05,-5.808839431376e-05,-9.96517362977789e-06,-6.52628926121977e-07,1.48869804629248e-05
